airp_id,run_id,stratum,set,coastal,photo_year,film_roll,frame_number,scale_n,focal_length,flying_height,base,footprint_terrain,height_source,height_agl,dem_coverage,dem_elev_sd,n_cells,n_sea,n_band,n_sea_band,n_outside_high,n_outside_na,mean_all,mean_land,sea_median,rays_bad,area_t,area_w,area_l,area_s,land_t,incl_w,excl_w,incl_l,excl_l,incl_s,excl_s,outside_not_sea,no_land,admitted
81508,c001,coarse/relief_q1,coastal,TRUE,1996,bcb96068,245,40000,153,7145,3537.193847,dem_agl,reported,7118.761397,1,51.68221227,124689,87557,84035,83746,1762,0,26.19807834,87.68492049,0.01593056694,0,112465645.5,113130176.3,111184338.7,113131483.2,32596471.74,1133661.492,32464.53018,540713.1266,322724.7247,1097534.358,31124.56803,FALSE,FALSE,TRUE
81509,c001,coarse/relief_q1,coastal,TRUE,1996,bcb96068,246,40000,153,7156,3537.193847,dem_agl,reported,7117.5724,1,58.71658726,124657,70713,68244,67991,1358,0,38.42710105,88.61604866,0.02692420222,0,113021650.7,113092388.8,111503089.6,113092269.2,48261939.17,744600.4969,68320.01347,279881.6987,394436.9144,609481.9598,174344.4969,FALSE,FALSE,TRUE
81510,c001,coarse/relief_q1,coastal,TRUE,1996,bcb96068,247,40000,153,7167,3595.332136,dem_agl,reported,7120.380992,1,59.35975934,124746,53857,51881,51443,1627,0,46.58281974,81.77033219,0.05602528155,0,113800834.1,113181658.8,112065780.2,113181848.9,63933668.26,426158.7735,54467.6947,222669.7604,208647.8826,269136.9265,133679.616,FALSE,FALSE,TRUE
81511,c001,coarse/relief_q1,coastal,TRUE,1996,bcb96068,248,40000,153,7177,3543.201352,dem_agl,reported,7134.836373,1,55.7578756,125294,52158,50012,49539,1695,0,42.1636275,72.02160574,0.06429036334,0,113605532.8,113641674.9,112692526,113641737.9,65569269.63,826845.6136,54153.2925,538480.5918,184890.4687,586097.0374,119457.1805,FALSE,FALSE,TRUE
81512,c001,coarse/relief_q1,coastal,TRUE,1996,bcb96068,249,40000,153,7178,3543.201352,dem_agl,reported,7161.97174,1,31.58192762,126206,87102,85248,84849,1450,0,16.01166613,51.27992343,0.05793539248,0,114034645,114507727.7,113382745.7,114508219.5,34708598.72,776223.7771,4944.314988,427353.9047,109019.9317,664338.9805,21736.92545,FALSE,FALSE,TRUE
81513,c001,coarse/relief_q1,coastal,TRUE,1996,bcb96068,250,40000,153,7171,3568.008041,dem_agl,reported,7164.847152,1,15.89558198,126312,106549,105309,105144,870,0,6.148457307,38.66105416,0.05276709422,0,114306747.9,114599692,113561992.3,114599800.3,17512214.91,420655.615,533.8276752,152437.6524,59320.49616,414972.0235,757.4112773,FALSE,FALSE,TRUE
81514,c001,coarse/relief_q1,coastal,TRUE,1996,bcb96068,251,40000,153,7155,3557.677723,dem_agl,reported,7142.458343,1,25.29250456,125523,94865,94184,94101,239,0,12.54213992,51.07449053,0.045662269,0,113904122,113884605.8,112659144.1,113884601,27522291.6,291450.364,6019.530446,114089.8244,83705.91563,227180.9638,27251.99452,FALSE,FALSE,TRUE
81515,c001,coarse/relief_q1,coastal,TRUE,1996,bcb96068,252,40000,153,7144,3557.677723,dem_agl,reported,7121.028151,1,37.46142571,124769,71782,71269,70335,526,0,22.96938349,53.81199185,0.06208390743,0,113256077.1,113202233.5,112223753.7,113201988.7,47666171.94,454285.6926,51914.84512,276081.0241,231457.9993,419198.9035,59499.3975,FALSE,FALSE,TRUE
81516,c001,coarse/relief_q1,coastal,TRUE,1996,bcb96068,253,40000,153,7146,3557.634014,dem_agl,reported,7110.4993,1,42.7320287,124404,47525,46972,46037,513,0,35.47803002,57.19314831,0.3887072504,0,112342948.9,112867728.9,112179396.5,112868388.6,68842318.75,977245.8716,73829.96793,656405.2647,206226.5087,983092.4134,54852.85104,FALSE,FALSE,TRUE
81517,c001,coarse/relief_q1,coastal,TRUE,1996,bcb96068,254,40000,153,7143,3557.634014,dem_agl,reported,7083.435858,1,61.84607298,123453,36385,36169,35311,451,0,59.55327689,84.27182948,0.4237278998,0,111663228.1,112010186.9,111229803.2,112010535.6,78107523.15,1193308.451,300495.0346,885869.1272,545306.3805,1095722.662,403617.5723,FALSE,FALSE,TRUE
1499262,c002,coarse/relief_q1,coastal,TRUE,1964,bc5097,77,31680,153,5486,3303.316569,dem_agl,reported,5453.860503,1,34.89421611,73311,31263,28401,28401,65,0,32.13569634,56.09207515,0.1032725424,0,66297498.44,66401462,65819399.12,66401622.17,37620315.25,487431.5389,23489.15892,212423.9225,62880.42584,270476.0226,12305.88552,FALSE,FALSE,TRUE
1499263,c002,coarse/relief_q1,coastal,TRUE,1964,bc5097,78,31680,153,5486,3303.316569,dem_agl,reported,5445.680891,1,36.04529649,73109,27062,24990,24990,55,0,40.31270488,64.0187324,0.1291660517,0,66413747.6,66202435.66,65627308.01,66202648.74,41482461.03,270136.5232,45409.94989,69227.51728,164718.2773,76369.55346,73881.33909,FALSE,FALSE,TRUE
1499264,c002,coarse/relief_q1,coastal,TRUE,1964,bc5097,79,31680,153,5486,3304.774828,dem_agl,reported,5447.078111,1,33.50061319,73157,25472,23704,23704,42,0,38.92095548,59.70400093,0.1552996412,0,66244739.22,66236411.68,65731932.7,66236267.3,42780120.62,417960.3127,17779.29534,198193.5377,85076.17217,252948.1738,29750.10674,FALSE,FALSE,TRUE
1499265,c002,coarse/relief_q1,coastal,TRUE,1964,bc5097,80,31680,153,5486,3305.367335,dem_agl,reported,5453.06597,1,28.08048851,73330,24555,22389,22389,42,0,32.93345918,49.53015979,0.161907807,0,66457668.79,66382116.31,65978656.11,66381992.23,43903092.67,287164.4132,31962.4107,126576.8627,107979.2788,201161.3632,85452.08842,FALSE,FALSE,TRUE
1499266,c002,coarse/relief_q1,coastal,TRUE,1964,bc5097,81,31680,153,5486,3305.959553,dem_agl,reported,5451.29324,1,29.51433353,73294,21360,19144,19143,79,0,34.69674114,49.00399494,0.1008463353,0,66591501.38,66338963.18,65991198.78,66339077.42,46944954.82,168105.6851,99408.04171,75235.04687,222097.3522,111414.234,187324.3371,FALSE,FALSE,TRUE
1499267,c002,coarse/relief_q1,coastal,TRUE,1964,bc5097,82,31680,153,5486,3306.551933,dem_agl,reported,5452.234371,1,27.33279826,73334,16772,13894,13892,104,0,33.749592,43.83698139,0.09520706534,0,66734867.84,66361871.16,66116541,66362272.94,51227633.72,131314.6364,177691.9864,82515.84007,277852.2619,108281.3041,314867.2716,FALSE,FALSE,TRUE
1499268,c002,coarse/relief_q1,coastal,TRUE,1964,bc5097,83,31680,153,5486,3634.302024,dem_agl,reported,5464.192837,1,25.65609518,73670,28524,23700,23689,116,0,21.79908361,35.80359953,0.09497999772,0,66944031.75,66653295.34,66312073.51,66653498.51,40773797,118261.7776,52332.85919,78808.16026,125282.8642,72802.60191,134697.2381,FALSE,FALSE,TRUE
1499269,c002,coarse/relief_q1,coastal,TRUE,1964,bc5097,84,31680,153,5486,3635.705537,dem_agl,reported,5480.132051,1,13.71221162,74113,55884,52317,52296,65,0,5.868446583,24.1392804,0.09915751591,0,67009675.28,67042721.82,66596424.37,67042640.42,16344705.18,144564.9429,264.8782068,74737.59941,27686.79114,88124.78716,13037.78964,FALSE,FALSE,TRUE
1499270,c002,coarse/relief_q1,coastal,TRUE,1964,bc5097,85,31680,153,5486,3635.705537,dem_agl,reported,5485.917277,1,2.440907168,74301,73723,72795,72757,47,0,0.08272213264,7.673662456,0.1073645279,0,67175051.5,67184346.86,66998547.66,67184346.92,520467.1948,6654.520956,0,4903.721541,0,6678.590385,0,FALSE,FALSE,TRUE
1499271,c002,coarse/relief_q1,coastal,TRUE,1964,bc5097,86,31680,153,5486,2854.907482,dem_agl,reported,5472.701323,1,36.99957115,73978,57168,53486,53462,151,0,13.29833584,59.10343274,0.1570813954,0,66551991.27,66861033.3,65746497.92,66860786.44,14664092.81,523654.8154,950.6880503,271483.003,121017.1194,459050.2833,14948.65682,FALSE,FALSE,TRUE
333241,c003,coarse/relief_q1,coastal,TRUE,1986,bc86079,83,60000,153,9858,5165.803555,dem_agl,reported,9856.277772,1,8.025630732,237681,216590,211021,209913,3185,0,1.722220754,18.83367822,-0.02497415524,0,216842619.5,216867992.5,216115638.2,216867992.2,19167143.19,94062.44283,715.8686587,53044.94127,12911.09441,94380.57384,579.5706455,FALSE,FALSE,TRUE
333242,c003,coarse/relief_q1,coastal,TRUE,1986,bc86079,84,60000,153,9868,5171.304536,dem_agl,reported,9863.635603,1,17.30933865,238034,211546,207394,206499,2240,0,4.362367609,39.02808113,-0.03190264106,0,216842531.6,217191902.5,215667944.8,217191970.8,23697848.25,489405.3349,3259.155483,202756.2179,78855.68512,465337.1751,2992.16404,FALSE,FALSE,TRUE
333243,c003,coarse/relief_q1,coastal,TRUE,1986,bc86079,85,60000,153,9864,5368.037613,dem_agl,reported,9855.743125,1,23.33991992,237649,198060,194627,193979,1434,0,8.256183078,49.49458146,-0.01539990446,0,216563094.1,216844465.4,215033620.7,216844341.3,35601842.91,537138.2676,2256.76293,137019.1048,133183.6187,373114.1947,10123.94842,FALSE,FALSE,TRUE
333244,c003,coarse/relief_q1,coastal,TRUE,1986,bc86079,86,60000,153,9859,5422.995159,dem_agl,reported,9840.71536,1,33.7811409,236926,161895,158181,157467,1547,0,18.27882692,57.62210815,0.004577692132,0,215597251.9,216183692.6,214458538.9,216183748.2,67430915.55,1067762.516,8368.861492,448108.569,68421.1179,807960.7846,15019.41096,FALSE,FALSE,TRUE
333245,c003,coarse/relief_q1,coastal,TRUE,1986,bc86079,87,60000,153,9863,3765.281745,dem_agl,reported,9831.493368,1,44.613245,236386,122503,118560,117541,2125,0,31.50300812,65.3138442,0.007303292863,0,215271264.8,215778699.7,214297111.3,215778675.3,102755006.3,1281993.871,64631.11647,786053.546,273729.6265,913497.9537,168865.1217,FALSE,FALSE,TRUE
333246,c003,coarse/relief_q1,coastal,TRUE,1986,bc86079,88,60000,153,9880,3765.281745,dem_agl,reported,9860.697915,1,37.15865825,237791,157944,152892,151702,2628,0,19.29998741,57.30728761,0.02184716426,0,216744068.1,217062549.2,215392472.3,217062544.7,72069682.89,853516.2929,8503.382668,363198.1791,148581.2387,602880.1889,31208.61602,FALSE,FALSE,TRUE
333247,c003,coarse/relief_q1,coastal,TRUE,1986,bc86079,89,60000,153,9869,4986.86694,dem_agl,reported,9862.536202,1,24.10844563,237875,202932,198180,197093,2557,0,6.46017244,43.44073777,0.05222673155,0,216742161.4,217143488.8,215518139.3,217143593,31317322.56,610587.7584,5362.732621,310036.5781,142020.1466,560628.9306,7319.729586,FALSE,FALSE,TRUE
333248,c003,coarse/relief_q1,coastal,TRUE,1986,bc86079,90,60000,153,9874,5499.45098,dem_agl,reported,9869.733244,1,19.92372992,238223,220335,217797,217243,1434,0,4.262539523,55.72811621,0.06344480067,0,216897400.5,217460519,215198542.7,217460713.3,15629768.18,708243.1783,2351.224627,337016.3258,66806.49845,701957.8101,2918.603763,FALSE,FALSE,TRUE
333249,c003,coarse/relief_q1,coastal,TRUE,1986,bc86079,91,60000,153,9857,5429.381155,dem_agl,reported,9845.409179,1,32.91411231,237054,202602,201356,201151,914,0,11.58502305,79.16752881,0.06430372596,0,215889655.1,216389972.2,213429407.8,216390226.4,30537598.87,900256.3001,5791.952378,384777.7382,127254.4546,753355.4715,14256.2682,FALSE,FALSE,TRUE
333250,c003,coarse/relief_q1,coastal,TRUE,1986,bc86079,92,60000,153,9865,5429.381155,dem_agl,reported,9848.622311,1,38.45675915,237202,184149,182136,181861,1323,0,16.37100901,72.80629039,0.07075585425,0,215920026,216531236.6,214056781,216531312.7,47306205.53,1122302.66,2292.947929,550782.4474,126256.1603,838892.2186,40999.60463,FALSE,FALSE,TRUE
822425,c004,coarse/relief_q1,coastal,TRUE,1982,bc82010,208,60000,153,10363,5014.862709,dem_agl,reported,9902.95826,1,381.7918998,242098,55884,48026,47962,589,0,460.0291843,597.9957383,0.1879046857,0,220120488.1,218927081.5,212869454.8,218912776.9,166558757.9,5818049.698,3988624.821,3694192.185,7027995.61,7039972.659,5995538.012,FALSE,FALSE,TRUE
822426,c004,coarse/relief_q1,coastal,TRUE,1982,bc82010,209,60000,153,10363,5014.410915,dem_agl,reported,9963.667968,1,357.1957827,245061,30444,24025,23926,480,0,397.9131919,454.3240828,0.04361881688,0,230867063,221619557.6,219117192.7,221642609.7,198619100.3,1687755.797,6219563.238,1319961.247,7759463.86,1074974.184,6161038.877,FALSE,FALSE,TRUE
822427,c004,coarse/relief_q1,coastal,TRUE,1982,bc82010,210,60000,153,10363,5014.410915,dem_agl,reported,10061.51777,1,352.2908842,249898,51169,34038,33814,878,0,301.4624038,379.1670966,0.0219710432,0,225892498.6,225993832.6,222516629.4,225981317.5,175390593.7,6957414.549,2612328.033,5768754.831,3855747.145,3839927.257,1741673.252,FALSE,FALSE,TRUE
822428,c004,coarse/relief_q1,coastal,TRUE,1982,bc82010,211,60000,153,10363,5666.311091,dem_agl,reported,10301.7366,1,88.1068966,261969,121296,98364,98113,1063,0,61.20509401,114.0665561,0.1106701605,0,235462151.6,236913862.4,234488740.8,236916348.1,124612124.6,2746834.771,119492.9226,1682531.573,457093.2995,2096388.02,250602.8525,FALSE,FALSE,TRUE
822429,c004,coarse/relief_q1,coastal,TRUE,1982,bc82010,212,60000,153,10363,5666.235566,dem_agl,reported,10317.38662,1,114.2293108,262770,184968,162435,162246,931,0,45.42125973,153.3307713,0.2151646465,0,235230770.7,237634230.8,232689394.5,237642766.9,66845512.55,3673302.028,120116.1979,2363571.171,1033098.264,3619563.515,121867.4659,FALSE,FALSE,TRUE
822430,c004,coarse/relief_q1,coastal,TRUE,1982,bc82010,213,60000,153,10363,5666.171738,dem_agl,reported,10254.42893,1,199.0874047,259566,171221,161609,161538,358,0,108.5456418,318.6705611,0.2233095765,0,233394988.9,234742945.6,225221210.8,234744443.4,76001456.02,4222993.95,342637.8877,1624041.7,2344374.314,3727363.42,351905.4516,FALSE,FALSE,TRUE
822431,c004,coarse/relief_q1,coastal,TRUE,1982,bc82010,214,60000,153,10363,5666.115896,dem_agl,reported,10176.37223,1,218.4774221,255651,121717,116099,116035,268,0,186.2866058,355.4816217,0.185783565,0,235318931.4,231182820.8,223559315.7,231195994.9,120229248.8,1625786.72,744560.6224,497393.4812,2726782.234,1024329.782,1102165.8,FALSE,FALSE,TRUE
822432,c004,coarse/relief_q1,coastal,TRUE,1982,bc82010,215,60000,153,10363,5666.075287,dem_agl,reported,10186.80205,1,196.0043018,256140,103789,98813,98752,346,0,175.9512641,295.8276507,0.03790915385,0,235386406.8,231656944.9,226236833.7,231667995.4,136207134.9,2099807.72,512333.2336,1157791.016,1431179.138,1297631.301,607301.2139,FALSE,FALSE,TRUE
822433,c004,coarse/relief_q1,coastal,TRUE,1982,bc82010,216,60000,153,10363,5666.052135,dem_agl,reported,10272.91441,1,141.6121638,260519,157189,153660,153624,358,0,90.0545481,227.0030185,0.05882507935,0,234289465.4,235590042,229350597.1,235590164.8,89839534.34,3663719.957,46330.74933,1751103.815,906460.3185,2245530.959,393837.3496,FALSE,FALSE,TRUE
822434,c004,coarse/relief_q1,coastal,TRUE,1982,bc82010,217,60000,153,10363,5666.036834,dem_agl,reported,10346.54036,1,55.28988502,264265,228946,227147,227130,266,0,16.41747903,122.2584278,0.09831102192,0,237250561.9,238979090.1,234114777.9,238980954.9,29690497.65,2252036.054,0,997335.8985,204927.6465,2028907.022,2611.514253,FALSE,FALSE,TRUE
149445,c005,coarse/relief_q1,coastal,TRUE,1994,bcb94029,60,50000,153,7985,4310.247737,dem_agl,reported,7902.741303,1,115.8176251,150057,46278,44963,44779,920,0,82.25286779,118.8798431,0.02303896192,0,139493342.6,139420013.8,138130663.8,139418542.3,95277501.47,1501448.814,343857.1766,1221750.377,799928.9995,1136336.106,612237.971,FALSE,FALSE,TRUE
149446,c005,coarse/relief_q1,coastal,TRUE,1994,bcb94029,61,50000,153,7982,4441.858273,dem_agl,reported,7949.205054,1,54.63485376,151863,77043,75708,75511,916,0,32.78949663,66.46038965,0.04344212636,0,140524794.1,141064258.6,139871761.9,141064371.2,68421765.73,1105232.588,30036.88522,623912.8739,193216.1389,749519.683,66027.7703,FALSE,FALSE,TRUE
149447,c005,coarse/relief_q1,coastal,TRUE,1994,bcb94029,62,50000,153,7977,4626.226236,dem_agl,reported,7961.159722,1,29.74693341,152322,104261,103098,102991,882,0,15.83768649,49.96135261,0.0517232269,0,141138378.3,141488865.6,140278546.6,141488773.2,43961721.94,692278.245,4294.091346,292930.3892,83076.50062,452254.2882,23383.16655,FALSE,FALSE,TRUE
149448,c005,coarse/relief_q1,coastal,TRUE,1994,bcb94029,63,50000,153,7971,4626.51982,dem_agl,reported,7959.556168,1,18.46769744,152257,93737,91986,91845,1045,0,11.44102485,29.57622407,0.05575330928,0,141103773.1,141431873.4,140788125.6,141431936.9,53886136.74,513361.204,23638.137,261463.897,151467.7349,444817.1539,38621.32876,FALSE,FALSE,TRUE
149449,c005,coarse/relief_q1,coastal,TRUE,1994,bcb94029,64,50000,153,7969,4626.51982,dem_agl,reported,7949.207527,1,19.90469324,151863,56084,54159,53998,807,0,19.79195131,31.29064594,0.05846247636,0,140843655.4,141064346.3,140656536.4,141064353.3,88544202.93,460815.4348,27739.12179,238992.9336,86179.51684,335999.2084,22321.28336,FALSE,FALSE,TRUE
149450,c005,coarse/relief_q1,coastal,TRUE,1994,bcb94029,65,50000,153,7964,4659.128277,dem_agl,reported,7928.076638,1,18.43064675,151054,9060,8040,7952,166,0,35.92341982,38.19960143,-0.03269563988,0,140389127.8,140315377.8,140234819.2,140315345.6,131803501.1,274082.4273,172159.0157,237963.0213,205134.7155,212863.6982,180611.2005,FALSE,FALSE,TRUE
149451,c005,coarse/relief_q1,coastal,TRUE,1994,bcb94029,66,50000,153,7971,4665.596296,dem_agl,reported,7931.568753,1,15.03542093,151191,0,94,0,0,0,39.43110918,39.43110918,,0,140532462.7,140439015.7,140439015.7,140438999.5,140532462.7,183818.0946,277265.174,183818.0946,277265.174,150528.6239,243991.8354,FALSE,FALSE,TRUE
149452,c005,coarse/relief_q1,coastal,TRUE,1994,bcb94029,67,50000,153,7914,4659.450767,dem_agl,reported,7884.754005,1,18.24399795,149410,8251,8172,7791,267,0,29.24619575,30.93706406,0.1624681503,0,138841835.9,138786072.9,138726554.6,138786055.1,130893418.2,287730.0749,56863.95244,257793.1131,69785.87709,209932.5295,110647.0054,FALSE,FALSE,TRUE
149453,c005,coarse/relief_q1,coastal,TRUE,1994,bcb94029,68,50000,153,7914,4645.967557,dem_agl,reported,7900.507397,1,16.26176606,150010,67639,67545,67179,267,0,13.49262405,24.45063627,0.1328478307,0,139220705.8,139341203.9,138954939.2,139341208.3,76165889.53,353875.9822,8654.55659,188960.7831,45414.89277,261660.033,17966.58872,FALSE,FALSE,TRUE
149454,c005,coarse/relief_q1,coastal,TRUE,1994,bcb94029,69,50000,153,7914,4645.967557,dem_agl,reported,7910.154348,1,11.38174735,150377,126926,126650,126465,268,0,3.845389424,23.89904384,0.1347722337,0,139486745.9,139681698.1,138974359.7,139681708.6,21498678.63,280906.388,0,112183.8696,61384.85073,220562.6203,2344.645691,FALSE,FALSE,TRUE
149571,c006,coarse/relief_q1,coastal,FALSE,1994,bcb94029,186,50000,153,7940,4721.672385,dem_agl,reported,7939.839931,1,0.02531239443,151147,151147,151147,151147,0,0,0.1600687388,,0.1570794433,0,,,,,,,,,,,,FALSE,TRUE,FALSE
149572,c006,coarse/relief_q1,coastal,TRUE,1994,bcb94029,187,50000,153,7936,4650.122468,dem_agl,reported,7935.828047,1,1.192016963,150994,150801,150746,150736,42,0,0.171953209,27.13396382,0.1380763948,0,140563232.9,140589889.1,139636202.4,140589889.2,150425.5418,26050.08649,0,9461.661464,256.9983459,26021.38201,0,FALSE,FALSE,TRUE
149573,c006,coarse/relief_q1,coastal,TRUE,1994,bcb94029,188,50000,153,7936,4617.438608,dem_agl,reported,7925.230285,1,30.01079429,150592,127636,125943,125798,1031,0,10.76419859,69.78449997,0.112693496,0,139688244.7,140214643.3,138134023.3,140214854.9,20611166.56,770014.4892,1659.08206,228535.13,193240.1621,708064.9728,14706.15082,FALSE,FALSE,TRUE
149574,c006,coarse/relief_q1,coastal,TRUE,1994,bcb94029,189,50000,153,7928,4611.047627,dem_agl,reported,7903.405333,1,37.94631571,149762,88840,85757,85496,1588,0,24.59335305,60.25905724,0.07571285963,0,139060579.3,139443444.4,138187751,139443348.9,55894189.48,836091.7461,2092.52406,349099.5674,109256.3783,699257.895,34996.34694,FALSE,FALSE,TRUE
149575,c006,coarse/relief_q1,coastal,TRUE,1994,bcb94029,190,50000,153,7928,4611.047545,dem_agl,reported,7894.199662,1,43.59615758,149423,74745,71993,71732,1211,0,33.79978398,67.57276777,0.002351945266,0,138850401.5,139118793.8,137930983.3,139118467.3,68717208.91,832195.5998,24240.8622,383827.948,215168.6988,633860.1181,88861.69078,FALSE,FALSE,TRUE
149576,c006,coarse/relief_q1,coastal,TRUE,1994,bcb94029,191,50000,153,7927,4611.047545,dem_agl,reported,7904.806298,1,39.22018818,149823,102352,101258,100969,387,0,22.18845411,70.03829696,0.0003724729613,0,138910874.4,139492884.5,137809222.6,139492945.1,43238241.78,967673.5083,11822.56106,340095.9709,260943.3579,644018.5619,25396.78355,FALSE,FALSE,TRUE
149577,c006,coarse/relief_q1,coastal,TRUE,1994,bcb94029,192,50000,153,7913,4630.463857,dem_agl,reported,7902.829951,1,28.95244211,149744,125033,124556,124292,234,0,10.16305843,61.61690972,-0.001550961751,0,138721629.5,139423141.7,137613535.8,139423383.2,22086113.43,928437.1805,1254.063892,360487.3028,99547.66903,790332.6631,8806.069395,FALSE,FALSE,TRUE
149578,c006,coarse/relief_q1,coastal,TRUE,1994,bcb94029,193,50000,153,7913,4650.122487,dem_agl,reported,7905.436539,1,19.67129199,149846,124106,123209,123034,463,0,7.559226622,43.94418912,-0.001789837028,0,138950922.7,139515128.6,138233840.5,139515281.4,23237695.01,730295.6384,74.32390787,315549.6333,61997.00079,608666.3931,3623.025708,FALSE,FALSE,TRUE
149579,c006,coarse/relief_q1,coastal,TRUE,1994,bcb94029,194,50000,153,7905,4631.436889,dem_agl,reported,7894.804403,1,23.78272278,149439,120572,119374,119314,572,0,10.19379787,52.56420292,0.04433429986,0,138741949,139140109.2,137650622.6,139139993.9,26230205.35,652130.877,611.2221778,259844.8249,40150.48512,405263.6712,468.5697567,FALSE,FALSE,TRUE
149580,c006,coarse/relief_q1,coastal,TRUE,1994,bcb94029,195,50000,153,7905,4631.436889,dem_agl,reported,7897.823722,1,20.72907929,149550,129758,129010,128947,424,0,7.175227254,53.69313229,0.06691675633,0,138917761.7,139246556.1,137611072.1,139246586.3,17914517.02,519355.1734,948.6363348,192434.0819,66030.45467,433307.2025,7109.304439,FALSE,FALSE,TRUE
822563,c007,coarse/relief_q1,coastal,TRUE,1982,bc82011,97,60000,153,10363,5452.342661,dem_agl,reported,9995.351941,1,270.8161975,246335,20859,17914,17649,1227,0,367.6526938,401.6629182,-0.07472156733,0,222671315.9,223031277.2,221516085.1,223021514.2,201595226.8,5267303.144,2722982.179,4563271.655,3362877.226,4750317.264,2499883.025,FALSE,FALSE,TRUE
822564,c007,coarse/relief_q1,coastal,TRUE,1982,bc82011,98,60000,153,10363,5452.439563,dem_agl,reported,10088.1095,1,212.8997108,250928,26056,22307,21970,1595,0,274.8682666,306.7129963,-0.07197392359,0,228596077.5,227189975.9,225757916.8,227187230,202459165.1,3790631.743,2656552.449,3239787.885,3257452.004,3698863.051,2601710.104,FALSE,FALSE,TRUE
822565,c007,coarse/relief_q1,coastal,TRUE,1982,bc82011,99,60000,153,10363,5452.529667,dem_agl,reported,10094.1876,1,212.7703314,251231,29858,26440,26119,1647,0,268.7838793,305.0126417,-0.003013156937,0,229144470.5,227463822.8,225833985,227461509.5,199313877.2,3452040.083,2344604.832,2821995.284,2995803.648,3244851.904,2397545.942,FALSE,FALSE,TRUE
822566,c007,coarse/relief_q1,coastal,TRUE,1982,bc82011,100,60000,153,10363,5452.640041,dem_agl,reported,10200.03218,1,207.0941028,256528,89703,84205,83344,2851,0,162.9676654,250.5266378,0.01500025578,0,232152420.8,232259065.7,228288670.4,232255219.4,147481572,4253566.21,660909.0364,2905674.62,1415634.317,3447002.963,1028759.816,FALSE,FALSE,TRUE
822567,c007,coarse/relief_q1,coastal,TRUE,1982,bc82011,101,60000,153,10363,7154.402548,dem_agl,reported,10321.81675,1,123.3804757,262692,196221,191685,190729,2525,0,41.09090279,162.1336646,0.03855087981,0,235792266.9,237838347.9,232292849.3,237842137,56979157.56,3311445.11,92862.56534,1985801.104,831170.8687,2836523.362,153262.6418,FALSE,FALSE,TRUE
822568,c007,coarse/relief_q1,coastal,TRUE,1982,bc82011,102,60000,153,10363,7154.928553,dem_agl,reported,10353.45102,1,68.94198,264308,251906,250911,250534,593,0,9.506828212,202.0802967,0.02291907743,0,237743390.4,239298434.4,230479353,239300264.5,9302995.48,1931462.511,3621.49502,1096199.764,415338.485,1875421.467,17369.22186,FALSE,FALSE,TRUE
822569,c007,coarse/relief_q1,coastal,TRUE,1982,bc82011,103,60000,153,10363,4752.493943,dem_agl,reported,10283.95967,1,181.7723152,260589,180281,179768,179002,295,0,78.94752283,256.1000568,0.009347716346,0,234398921.4,236096919.2,228032919.2,236100805.7,68601265.4,4304450.188,126978.5683,2483815.354,887930.6383,3409411.669,385644.7211,FALSE,FALSE,TRUE
822570,c007,coarse/relief_q1,coastal,TRUE,1982,bc82011,104,60000,153,10363,4752.31257,dem_agl,reported,10219.57391,1,223.4918294,257337,125551,123695,122735,1191,0,143.3589442,279.8648317,0.01185005996,0,235034580.9,233149864.8,226962958.6,233150588.9,117072883.8,2903375.561,575282.822,1807569.084,1711938.94,1576771.711,1771946.645,FALSE,FALSE,TRUE
822571,c007,coarse/relief_q1,coastal,TRUE,1982,bc82011,105,60000,153,10363,4752.178901,dem_agl,reported,10180.82818,1,231.0274868,255394,92380,88892,88026,1960,0,182.1527661,285.3262901,0.002149167354,0,230710085.5,231385322.5,226719322.1,231383693.4,143728199.2,5324926.231,1351135.839,3598588.849,2506897.982,3757841.709,1554985.757,FALSE,FALSE,TRUE
822572,c007,coarse/relief_q1,coastal,TRUE,1982,bc82011,106,60000,153,10363,4752.050688,dem_agl,reported,10205.49951,1,211.5776869,256628,95821,90409,89455,2825,0,157.2637337,250.9024529,0.0002555404499,0,229524205,232508119.1,228261020.5,232515061.5,140288001.4,6148081.674,728054.9629,4417279.46,1820474.933,5743000.534,977381.67,FALSE,FALSE,TRUE
160188,c008,coarse/relief_q1,coastal,TRUE,1997,bcb97035,49,40000,153,6579,3279.859702,dem_agl,reported,6564.812475,1,42.63618192,103644,84101,82053,81819,1390,0,14.15968584,73.00894573,0.3603974879,0,95505559.71,96208676.5,94491511.77,96209489.13,17210079.9,963322.128,6487.394232,535907.5326,187091.9425,878425.8442,23184.46709,FALSE,FALSE,TRUE
160189,c008,coarse/relief_q1,coastal,FALSE,1997,bcb97035,50,40000,153,6581,3308.719277,dem_agl,reported,6580.49055,1,0.1401954014,104107,104107,104107,104107,0,0,0.5094498725,,0.4885347188,0,,,,,,,,,,,,FALSE,TRUE,FALSE
160190,c008,coarse/relief_q1,coastal,FALSE,1997,bcb97035,51,40000,153,6584,3308.719277,dem_agl,reported,6583.525192,1,0.1441286775,104205,104205,104205,104205,0,0,0.4748084465,,0.4616935551,0,,,,,,,,,,,,FALSE,TRUE,FALSE
160191,c008,coarse/relief_q1,coastal,TRUE,1997,bcb97035,52,40000,153,6580,3249.39143,dem_agl,reported,6579.566505,1,0.2588153509,104079,103975,103881,103872,65,0,0.4334952975,6.260078994,0.4083057344,0,96639566.68,96641609.12,96470521.53,96641609.26,92025.44538,947.1549042,0,57.46378788,588.0309933,944.117319,0,FALSE,FALSE,TRUE
160192,c008,coarse/relief_q1,coastal,TRUE,1997,bcb97035,53,40000,153,6580,3249.39143,dem_agl,reported,6576.27412,1,15.17078626,103975,96582,95388,95208,744,0,3.72547781,46.91172186,0.3698410988,0,96426795.98,96544915.3,95281062.25,96544908.99,6667931.129,198666.8021,528.651899,70920.66626,49218.60167,175498.9359,2234.686391,FALSE,FALSE,TRUE
160193,c008,coarse/relief_q1,coastal,TRUE,1997,bcb97035,54,40000,153,6582,3302.193974,dem_agl,reported,6565.821999,1,39.95077016,103644,75252,72422,71948,1747,0,16.16752419,57.75495969,0.3618820161,0,95517185.44,96238268.33,95022997,96238525,25376250.12,1012954.582,4068.990087,632696.2652,75704.9134,868339.0773,21526.82567,FALSE,FALSE,TRUE
160194,c008,coarse/relief_q1,coastal,TRUE,1997,bcb97035,55,40000,153,6580,3295.519558,dem_agl,reported,6499.81563,1,128.7586321,101570,39608,36857,36397,1687,0,80.1465733,131.047922,0.3381996006,0,93564162.11,94313023.18,92841639.1,94313370.98,55794750.41,1979698.886,209271.9016,1461764.468,518965.3025,1596039.662,445363.9925,FALSE,FALSE,TRUE
160195,c008,coarse/relief_q1,coastal,TRUE,1997,bcb97035,56,40000,153,6576,3255.988738,dem_agl,reported,6441.811308,1,139.5537248,99764,12619,11009,10728,986,0,134.1740858,153.5067253,0.3210664093,0,92148991.1,92637236.14,92082039.84,92632042.13,79679471.41,1975644.134,708534.936,1734179.881,910109.9608,1557056.519,616783.979,FALSE,FALSE,TRUE
160196,c008,coarse/relief_q1,coastal,TRUE,1997,bcb97035,57,40000,153,6584,3255.988738,dem_agl,reported,6381.619802,1,148.7247854,97909,11,4,4,6,0,202.2777862,202.300195,2.656188488,0,89672237.81,90914141.87,90913503.38,90914595.33,89628508.35,2524143.646,1249171.022,2523777.745,1249440.574,2459494.655,1186888.287,TRUE,FALSE,FALSE
160197,c008,coarse/relief_q1,coastal,FALSE,1997,bcb97035,58,40000,153,6578,3282.386113,dem_agl,reported,6319.124847,1,163.1651511,95996,0,0,0,0,0,258.8729092,258.8729092,,0,88852746.91,89142223.38,89142223.38,89141833.8,88852746.91,1907055.493,1617579.025,1907055.493,1617579.025,1798811.776,1509724.892,FALSE,FALSE,TRUE
310246,c009,coarse/relief_q1,coastal,TRUE,1986,bc86114,5,60000,153,9486,4985.914762,dem_agl,reported,9425.388012,1,37.56469205,213818,22788,22631,22475,95,0,60.61212993,67.82376325,0.1234938242,0,198166506.4,198320708.8,198017343.2,198320767,176426038.5,978872.6048,223487.5423,838732.7535,315191.697,730028.7394,202087.4392,FALSE,FALSE,TRUE
310247,c009,coarse/relief_q1,coastal,TRUE,1986,bc86114,6,60000,153,9472,5013.925932,dem_agl,reported,9409.834807,1,32.39855434,213078,5391,5306,5255,46,0,62.16586826,63.77586547,0.08874179423,0,197742121.8,197666735.1,197599100.4,197666746,192466747.4,699785.0055,501860.5198,678311.9616,541020.0986,640137.2815,491110.4092,FALSE,FALSE,TRUE
310248,c009,coarse/relief_q1,coastal,FALSE,1986,bc86114,7,60000,153,9478,5131.303512,dem_agl,reported,9415.025935,1,34.55551043,213267,0,6,0,0,0,62.9728621,62.9728621,,0,197338953.6,197884889.1,197884889.1,197884963.9,197338953.6,1174825.143,628889.6974,1174825.143,628889.6974,1112547.86,566537.5533,FALSE,FALSE,TRUE
310249,c009,coarse/relief_q1,coastal,TRUE,1986,bc86114,8,60000,153,9449,5190.221236,dem_agl,reported,9395.83234,1,34.47665623,212356,0,171,0,0,0,53.16756355,53.16756355,,0,197110406.1,197078890.1,197078890.1,197078767.5,197110406.1,648273.8105,679789.8667,648273.8105,679789.8667,478226.5784,509865.2171,FALSE,FALSE,TRUE
310250,c009,coarse/relief_q1,coastal,TRUE,1986,bc86114,9,60000,153,9458,5204.612793,dem_agl,reported,9420.086074,1,36.601458,213411,24198,23838,22945,366,0,37.91149306,42.75670338,0.02916920744,0,197473655.1,198097654.1,197893923.9,198097867.4,174664625.2,1120110.876,167480.3063,1027880.558,236689.9917,912162.1151,136861.1746,FALSE,FALSE,TRUE
310251,c009,coarse/relief_q1,coastal,TRUE,1986,bc86114,10,60000,153,9421,5183.215342,dem_agl,reported,9403.341863,1,21.20493037,212611,84428,82901,81794,991,0,17.65725893,29.24272722,0.03169716522,0,197015557.7,197394042.5,196907940.1,197394120.6,118328505.1,682287.0756,11474.04889,464365.684,82491.47134,589171.656,26611.54587,FALSE,FALSE,TRUE
310252,c009,coarse/relief_q1,coastal,TRUE,1986,bc86114,11,60000,153,9449,5183.215342,dem_agl,reported,9441.13188,1,17.38965512,214278,156211,153690,152907,1434,0,7.867572594,28.85293592,0.03695713356,0,198557726.4,198983799.3,198100196.3,198983836.7,53318486.95,588506.7889,5998.248902,259860.6881,129515.1556,526337.7244,11612.71817,FALSE,FALSE,TRUE
310253,c009,coarse/relief_q1,coastal,TRUE,1986,bc86114,12,60000,153,9450,5211.887714,dem_agl,reported,9416.35605,1,74.68803206,213113,129614,127328,126916,1421,0,33.63813226,85.72208979,0.0427771043,0,197006738.3,197940805.7,195757152.5,197940958.4,76095584.59,1529946.157,68493.86223,760846.8719,637771.4758,1340640.795,97188.7808,FALSE,FALSE,TRUE
310254,c009,coarse/relief_q1,coastal,TRUE,1986,bc86114,13,60000,153,9439,5081.483664,dem_agl,reported,9379.722326,1,74.43035391,211411,60238,58855,58648,977,0,59.261955,82.83341953,0.04591295496,0,195589445.7,196403649.9,195417756.2,196402912.3,138751187.4,1831318.391,132900.6881,1363115.827,298616.3365,1557941.263,291215.5346,FALSE,FALSE,TRUE
310255,c009,coarse/relief_q1,coastal,TRUE,1986,bc86114,14,60000,153,9456,5081.483664,dem_agl,reported,9310.032561,1,123.8512394,208242,163,101,82,67,0,145.9658194,146.0776088,0.9905723929,0,193386503.3,193495999.4,193491352.6,193495782.1,193011940.2,2060593.068,1726358.066,2058509.959,1728803.675,1394853.294,1151826.539,TRUE,FALSE,FALSE
81675,c010,coarse/relief_q1,coastal,TRUE,1996,bcb96094,147,40000,153,7120,3524.043579,dem_agl,reported,7113.403679,1,25.60369441,123886,110385,109809,109620,310,0,6.593770844,60.32379464,0.09412783384,0,112800853.3,112959952.4,111259945.2,112959959.1,11983420.73,331806.7445,219.0486996,119818.4026,61559.82454,264414.8529,10318.19684,FALSE,FALSE,TRUE
81676,c010,coarse/relief_q1,coastal,TRUE,1996,bcb96094,148,40000,153,7125,3523.89475,dem_agl,reported,7124.740039,1,3.331346397,124279,123178,122926,122858,82,0,0.2599845129,25.65146406,0.08073785901,0,113242210.5,113320279.3,112514006.4,113320277.3,914736.6595,83364.03298,0,39989.9094,8823.126209,82889.12243,0,FALSE,FALSE,TRUE
81677,c010,coarse/relief_q1,coastal,TRUE,1996,bcb96094,149,40000,153,7116,3523.89475,dem_agl,reported,7108.8739,1,29.9330298,123732,113840,113436,113244,349,0,7.124608812,88.67733684,0.04647535272,0,112845826.5,112816133.6,110242536.2,112816147.8,8840167.212,183962.7012,1998.741187,73251.92677,55213.07909,161584.5321,6349.219867,FALSE,FALSE,TRUE
81678,c010,coarse/relief_q1,coastal,TRUE,1996,bcb96094,150,40000,153,7106,3523.894695,dem_agl,reported,7097.349482,1,31.92131167,123329,110184,109600,109216,532,0,8.647302932,81.00605867,0.003156839055,0,112528301.8,112450650.6,110169429.6,112450605.7,11796882.07,178545.3071,0,63340.98123,26312.95261,172367.0145,759.2931694,FALSE,FALSE,TRUE
81679,c010,coarse/relief_q1,coastal,TRUE,1996,bcb96094,151,40000,153,7098,3523.894695,dem_agl,reported,7085.475762,1,37.41997467,122912,104763,104074,103637,612,0,12.52356265,85.00925342,-0.05272068456,0,112223174.8,112074710,109793350.5,112074637.2,16335927.45,202732.5083,1883.736188,17290.97159,82884.56556,145940.0598,4312.656519,FALSE,FALSE,TRUE
81680,c010,coarse/relief_q1,coastal,TRUE,1996,bcb96094,152,40000,153,7087,3523.894754,dem_agl,reported,7081.464502,1,24.25985057,122775,113990,113648,113347,339,0,5.533999623,78.07386037,-0.03988608532,0,111804398.9,111947849.5,109666093,111947836.4,7703318.98,293379.5933,1476.317666,52084.71486,108259.0001,261878.5482,1032.674295,FALSE,FALSE,TRUE
81681,c010,coarse/relief_q1,coastal,TRUE,1996,bcb96094,153,40000,153,7077,3523.894738,dem_agl,reported,7073.036368,1,21.35621348,122484,117001,116813,116694,179,0,3.959543371,89.9861639,-0.03672850132,0,111514247.3,111681534.6,108981376.4,111681651.8,4721417.982,279284.5977,0,39852.76539,53703.67513,263479.1298,0,FALSE,FALSE,TRUE
81682,c010,coarse/relief_q1,coastal,TRUE,1996,bcb96094,154,40000,153,7064,3523.894738,dem_agl,reported,7064.049204,1,0.9015915754,122171,122027,121976,121937,58,0,-0.0492023456,15.95233679,-0.02451479621,0,111399558,111397904.6,110893797.4,111397904.1,134190.9217,0,0,0,0,0,0,FALSE,FALSE,TRUE
81683,c010,coarse/relief_q1,coastal,TRUE,1996,bcb96094,155,40000,153,7062,3520.111854,dem_agl,reported,7061.888371,1,0.8774672263,122056,121912,121861,121822,58,0,0.1116279704,15.95233679,0.07130726427,0,111331666.8,111329763.7,110830870.3,111329763.6,134190.9217,0,0,0,0,0,0,FALSE,FALSE,TRUE
81684,c010,coarse/relief_q1,coastal,TRUE,1996,bcb96094,156,40000,153,7066,3520.111763,dem_agl,reported,7060.933466,1,22.4728898,122026,114415,113904,113784,410,0,5.066822148,79.54040231,0.05814309046,0,111283302.2,111299657.8,108964224,111299509,6786480.151,162103.241,0,46366.03081,33219.48754,132298.9766,140.7724577,FALSE,FALSE,TRUE
80243,c011,coarse/relief_q1,coastal,TRUE,1996,bcb96016,162,40000,153,7081,3639.897185,dem_agl,reported,7037.216051,1,59.90454515,122294,54759,54061,53570,52,0,43.74104561,79.18379746,0.2155695856,0,109864704.9,110553210.6,109442418.3,110553861.1,59768365.95,1314490.112,35356.7708,868234.6586,222100.6365,1023885.384,63297.74703,FALSE,FALSE,TRUE
80244,c011,coarse/relief_q1,coastal,TRUE,1996,bcb96016,163,40000,153,7078,3597.020062,dem_agl,reported,7062.062998,1,27.4771154,123163,83262,82362,81913,50,0,15.93575789,49.23488159,0.216457434,0,111427350.5,111335269.7,110287806.2,111335269.7,35781788.95,293943.7398,4742.481331,113893.7356,67195.19775,198480.5292,21248.56933,FALSE,FALSE,TRUE
80245,c011,coarse/relief_q1,coastal,TRUE,1996,bcb96016,164,40000,153,7067,3597.020062,dem_agl,reported,7051.457895,1,29.63662261,122791,89333,86339,86269,102,0,15.53118474,57.02526877,0.1969780177,0,110747671.3,111001136.3,109698614.5,111001508.8,29690625.96,559945.1716,3231.286528,202484.1518,131530.4818,469453.5939,17677.8034,FALSE,FALSE,TRUE
80246,c011,coarse/relief_q1,coastal,TRUE,1996,bcb96016,165,40000,153,7055,3560.455598,dem_agl,reported,7049.378701,1,18.9597222,122725,105406,101512,101494,152,0,5.613998172,39.69081006,0.1871666759,0,110617872.6,110935686.3,109865748.8,110935913.4,15205862.48,439013.048,343.4391669,183531.0113,58602.45656,389588.3353,6075.77529,FALSE,FALSE,TRUE
80247,c011,coarse/relief_q1,coastal,TRUE,1996,bcb96016,166,40000,153,7047,3560.455598,dem_agl,reported,7042.172607,1,18.16002275,122470,108366,104274,104271,168,0,4.825298989,41.10935268,0.1906191632,0,110548506.6,110708998.4,109571104.5,110709053.6,12468561.08,283261.4859,972.046633,145195.5946,52393.3856,222822.728,11832.40897,FALSE,FALSE,TRUE
80248,c011,coarse/relief_q1,coastal,TRUE,1996,bcb96016,167,40000,153,7045,3560.422334,dem_agl,reported,7043.351101,1,7.419468588,122514,115619,114152,114149,71,0,1.647611365,26.9085026,0.172644034,0,110601304.8,110746055.4,109953101.2,110746101.6,6052381.013,182859.1024,37.05118948,75449.47606,28029.9095,174247.1683,376.6142523,FALSE,FALSE,TRUE
80249,c011,coarse/relief_q1,coastal,TRUE,1996,bcb96016,168,40000,153,7045,3560.422334,dem_agl,reported,7044.808501,1,1.264387444,122567,121992,121650,121647,18,0,0.1914224965,15.37370351,0.102930028,0,110761607.2,110791891,110314869.9,110791893.6,488402.0161,32564.00757,0.8292401766,12652.36465,7243.4606,32377.91536,1.797423716,FALSE,FALSE,TRUE
80250,c011,coarse/relief_q1,coastal,FALSE,1996,bcb96016,169,40000,153,7043,3619.396943,dem_agl,reported,7042.902385,1,1.375037599,122498,122349,122137,122137,6,0,0.09761367878,34.44529536,0.05653861538,0,110703621.1,110731945.1,109654516.8,110731944.9,108521.8558,27596.86478,0,7750.533533,3173.19331,27582.94913,0,FALSE,FALSE,TRUE
80251,c011,coarse/relief_q1,coastal,TRUE,1996,bcb96016,170,40000,153,7041,3632.817533,dem_agl,reported,7035.786642,1,28.32133378,122248,116063,114059,114030,78,0,5.180729828,102.1622914,0.03540216014,0,109953842.3,110508303.8,107482798.6,110509310.1,4902185.864,689487.0958,0,270281.1632,79915.01425,662204.8475,21.39204415,FALSE,FALSE,TRUE
80252,c011,coarse/relief_q1,coastal,TRUE,1996,bcb96016,171,40000,153,7042,3618.210099,dem_agl,reported,7001.907364,1,108.6865587,121073,99512,97396,97353,128,0,39.8542191,223.7596931,0.03310144879,0,107944032.9,109446609.4,103772869.3,109453798.9,17122419.38,2375094.031,5771.128113,1057170.747,452096.7436,2003314.138,38550.03342,FALSE,FALSE,TRUE
81706,c012,coarse/relief_q1,coastal,TRUE,1996,bcb96094,178,40000,153,7059,3516.03063,dem_agl,reported,7033.690006,1,47.38993138,121040,83013,80890,80809,453,0,25.29190555,80.30209971,0.1323633194,0,109949591.5,110442451.5,108721675.5,110442915,33718178.61,979149.0746,6475.706817,476091.9523,180802.7772,718598.6469,67392.29129,FALSE,FALSE,TRUE
81707,c012,coarse/relief_q1,coastal,TRUE,1996,bcb96094,179,40000,153,7064,3516.179754,dem_agl,reported,7053.061278,1,29.65890222,121708,98389,96893,96826,419,0,10.91150104,56.44644613,0.1412772536,0,110493896.7,111051621.6,109622339.8,111052500.8,20494165.02,779957.1979,289.0174886,360316.033,73695.35668,666625.7429,2856.214987,FALSE,FALSE,TRUE
81708,c012,coarse/relief_q1,coastal,TRUE,1996,bcb96094,180,40000,153,7070,3516.179847,dem_agl,reported,7066.932168,1,11.84223757,122191,113120,111935,111928,255,0,3.065578576,39.61998187,0.1529385373,0,111273636.5,111488850.1,110338458.9,111488935.9,7992484.115,284127.8556,79.98339041,97089.83238,54015.0481,251258.1307,1038.340693,FALSE,FALSE,TRUE
81709,c012,coarse/relief_q1,coastal,TRUE,1996,bcb96094,181,40000,153,7080,3527.953139,dem_agl,reported,7080.082098,1,0.1236246623,122769,122728,122682,122659,3,0,-0.08209825313,1.792484755,-0.07684762031,0,111899284.1,111904146.1,111844896.6,111904146.2,33540.53352,2513.902742,0,1866.334075,17.74941389,2506.425035,0,FALSE,FALSE,TRUE
81710,c012,coarse/relief_q1,coastal,TRUE,1996,bcb96094,182,40000,153,7083,3527.826497,dem_agl,reported,7077.889474,1,24.06875012,122697,113670,113410,113229,205,0,5.105911459,70.41738552,-0.06302847713,0,111553812.4,111834845.9,109780448.4,111834933.7,7824140.338,404590.2631,618.9069004,139846.4437,131168.2449,363407.2797,1097.095726,FALSE,FALSE,TRUE
81711,c012,coarse/relief_q1,coastal,TRUE,1996,bcb96094,183,40000,153,7079,3527.826497,dem_agl,reported,7050.5288,1,54.49870336,121741,78355,77450,77222,522,0,28.47132023,80.03304903,-0.06263447553,0,110947909.1,110971887.4,109354709.4,110971637.9,39045762.83,584991.877,71297.91639,269831.9674,485991.7002,423007.0719,252764.5556,FALSE,FALSE,TRUE
81712,c012,coarse/relief_q1,coastal,TRUE,1996,bcb96094,184,40000,153,7082,3527.826463,dem_agl,reported,7017.686302,1,72.22736274,120614,37199,36345,36139,522,0,64.31261454,93.03350802,-0.06653758138,0,109781373,109940445.4,109042392.6,109940346.5,75095937.14,1210812.166,261639.0362,932985.1973,531148.3476,913119.1697,352865.8376,FALSE,FALSE,TRUE
81713,c012,coarse/relief_q1,coastal,TRUE,1996,bcb96094,185,40000,153,7079,3527.826463,dem_agl,reported,6973.204221,1,80.66568867,119093,5589,5067,4931,294,0,105.7927242,111.0035593,-0.4775032401,0,108570068.5,108551132.6,108388960.2,108550828.8,102936842.2,1404301.205,875634.9114,1343221.138,951164.6279,1327872.096,862520.6237,FALSE,FALSE,TRUE
81714,c012,coarse/relief_q1,coastal,TRUE,1996,bcb96094,186,40000,153,7084,3527.965156,dem_agl,reported,6939.028799,1,91.9120015,117926,6,85,0,6,0,144.9599876,144.9671705,3.537513733,0,107974605.3,107489729.6,107489507.1,107489963.1,107925146.3,1170504.086,1611811.654,1170412.062,1611940.581,1045157.671,1490953.817,TRUE,FALSE,FALSE
81715,c012,coarse/relief_q1,coastal,FALSE,1996,bcb96094,187,40000,153,7085,3527.965156,dem_agl,reported,6933.302784,1,91.64119373,117734,0,84,0,0,0,151.6281959,151.6281959,,0,108317580,107312404,107312404,107314050.7,108317580,731326.4357,1736502.445,731326.4357,1736502.445,598806.5435,1602335.861,FALSE,FALSE,TRUE
1444858,c013,coarse/relief_q1,coastal,TRUE,1966,bc5205,231,32000,153,4877,2395.454265,dem_agl,reported,4859.327684,1,33.72111033,58565,44880,43063,43060,14,0,17.67231557,75.89396188,-0.04118101858,0,52659177.76,52713513.38,51457915.14,52713385.07,11984964.81,338647.1125,1145.608385,55037.78001,47237.08806,228791.6003,8599.305993,FALSE,FALSE,TRUE
1444859,c013,coarse/relief_q1,coastal,TRUE,1966,bc5205,232,32000,153,4877,2395.454265,dem_agl,reported,4869.991722,1,21.61339072,58823,52544,50814,50811,14,0,7.008157918,66.20459893,-0.03225705028,0,52825275.41,52945132.14,51665821.97,52945106.75,5411399.562,245077.5814,252.7866112,47312.23573,29356.78743,216697.6671,500.9773161,FALSE,FALSE,TRUE
1444860,c013,coarse/relief_q1,coastal,TRUE,1966,bc5205,233,32000,153,4877,2395.524494,dem_agl,reported,4877.034896,1,0.1836167755,59004,59004,58202,58202,1,0,-0.0348962687,,-0.02273930702,0,,,,,,,,,,,,FALSE,TRUE,FALSE
1444861,c013,coarse/relief_q1,coastal,TRUE,1966,bc5205,234,32000,153,4877,2395.524494,dem_agl,reported,4877.02523,1,0.2816885038,58990,58990,58632,58632,0,0,-0.02523027314,,-0.01640393957,0,,,,,,,,,,,,FALSE,TRUE,FALSE
1444862,c013,coarse/relief_q1,coastal,TRUE,1966,bc5205,235,32000,153,4877,2402.847028,dem_agl,reported,4873.997513,1,13.5409079,58917,56805,53043,52998,3220,0,3.002435414,1.822022392,-0.008917733096,0,52923337.34,53032267.54,53057957.98,53032275.47,1906803.532,0,3969.277397,42.60658195,775.317932,921.3551019,12981.44623,FALSE,FALSE,TRUE
1444863,c013,coarse/relief_q1,coastal,TRUE,1966,bc5205,236,32000,153,4877,2395.594814,dem_agl,reported,4867.915129,1,19.32481419,58774,43998,35247,34316,9172,0,9.084493352,8.625489494,0.01712695416,0,52870899.38,52899989.54,52909966.06,52899998.7,13261054.35,64017.95915,26725.10973,65073.39833,25020.53832,51717.80948,18712.73735,TRUE,FALSE,FALSE
1444864,c013,coarse/relief_q1,coastal,TRUE,1966,bc5205,237,32000,153,4877,2395.594814,dem_agl,reported,4864.550323,1,21.28309783,58696,36310,25804,24676,10617,0,12.44949199,12.69469145,0.04156095721,0,53009714.32,52826883.61,52821558.23,52826836.93,20195278.98,0,42167.77541,0,43136.36832,234.3303791,6931.085591,TRUE,FALSE,FALSE
1444865,c013,coarse/relief_q1,coastal,TRUE,1966,bc5205,238,32000,153,4877,2724.951022,dem_agl,reported,4868.683964,1,16.89216703,58790,38520,24493,23446,7206,0,8.316035557,13.87839041,0.03135546669,0,52984327.13,52916700.83,52795857.77,52916693.74,18288858.82,0,41587.54947,0,76984.53436,639.4217361,66986.17615,TRUE,FALSE,FALSE
1444866,c013,coarse/relief_q1,coastal,TRUE,1966,bc5205,239,32000,153,4877,2717.588703,dem_agl,reported,4875.770158,1,7.510640409,58967,52013,42402,42261,1170,0,1.229842392,11.75381954,0.01716773584,0,52978911.25,53070849.61,52841998.11,53070850.08,6151503.17,105222.7589,104.3580289,78033.48047,27621.80601,97677.0819,3159.781223,FALSE,FALSE,TRUE
1444867,c013,coarse/relief_q1,coastal,TRUE,1966,bc5205,240,32000,153,4877,2717.588703,dem_agl,reported,4876.9356,1,1.098621047,58986,56955,50264,50201,1110,0,0.0643998239,3.801669519,0.02271512151,0,53098959.12,53096223.42,53014877.71,53096223.39,1818745.726,946.2327675,37.33017074,45.96708928,704.7278532,933.6707365,37.54017631,FALSE,FALSE,TRUE
822797,c014,coarse/relief_q1,coastal,TRUE,1982,bc82012,115,60000,153,9449,5561.558572,dem_agl,reported,9433.069058,1,28.78620861,220376,87900,82250,78056,247,0,15.93074351,26.56004814,0.01331024989,0,198572044.8,198644076.1,198196658.9,198643943.8,119075380.2,512084.0056,167022.1593,391586.3426,312107.546,340693.6377,201531.0686,FALSE,FALSE,TRUE
822798,c014,coarse/relief_q1,coastal,TRUE,1982,bc82012,116,60000,153,9449,5561.558572,dem_agl,reported,9443.400512,1,18.93483384,220860,175152,166624,165298,247,0,5.59832955,27.23043323,0.01018487476,0,198809616.7,199079439.4,198168417,199079446.1,40800072.67,444728.7991,35505.63898,286468.8835,238221.4148,397161.0302,44072.9904,FALSE,FALSE,TRUE
822799,c014,coarse/relief_q1,coastal,TRUE,1982,bc82012,117,60000,153,9449,5561.947746,dem_agl,reported,9448.920316,1,2.647227585,221119,220502,217592,217439,9,0,0.07968480643,35.01529572,0.02356759552,0,199232334.5,199312237,197841122.4,199312236.9,469364.5615,81891.0304,22.68600779,34860.84809,5563.482738,81811.96277,32.20333301,FALSE,FALSE,TRUE
822800,c014,coarse/relief_q1,coastal,FALSE,1982,bc82012,118,60000,153,9449,6659.775742,dem_agl,reported,9448.932575,1,0.02184778133,221287,221287,221287,221287,0,0,0.06742499463,,0.06244309992,0,,,,,,,,,,,,FALSE,TRUE,FALSE
822801,c014,coarse/relief_q1,coastal,TRUE,1982,bc82012,119,60000,153,9449,6659.775742,dem_agl,reported,9448.768096,1,0.6050316026,221274,184337,186523,178316,174,0,0.2319057039,0.9498548225,0.05672876909,0,199299879.7,199305815.3,199275528.6,199305814.5,33271364.67,11316.36043,828.2831257,3855.181096,1773.858026,8865.788637,1105.029562,FALSE,FALSE,TRUE
822802,c014,coarse/relief_q1,coastal,TRUE,1982,bc82012,120,60000,153,9449,6153.267384,dem_agl,reported,9448.24593,1,1.035855326,221246,82496,107926,76375,181,0,0.7540701482,1.126840009,0.06343108416,0,199276317.4,199283787.5,199268062.8,199283785.8,124969337.8,22708.9551,2327.519579,15951.0961,3569.688458,17043.74491,3069.31439,FALSE,FALSE,TRUE
822803,c014,coarse/relief_q1,coastal,TRUE,1982,bc82012,121,60000,153,9449,6152.631667,dem_agl,reported,9447.487096,1,2.175287327,221206,17213,59665,15030,42,0,1.512904119,1.627391103,0.06549224257,0,199255960.4,199251777.9,199246948.8,199251775.3,183734770.5,20879.85553,8965.11379,19329.73116,10911.0707,18931.27652,10284.51948,FALSE,FALSE,TRUE
822804,c014,coarse/relief_q1,coastal,TRUE,1982,bc82012,122,60000,153,9449,6144.756007,dem_agl,reported,9440.510542,1,21.99140025,220876,34614,70293,30865,21,0,8.488947983,10.0540509,0.03860168532,0,198654580.3,198957609.2,198891646,198957571.3,167385585,552886.6271,151218.0525,540132.9078,186381.7863,460873.196,87648.00136,FALSE,FALSE,TRUE
822805,c014,coarse/relief_q1,coastal,TRUE,1982,bc82012,123,60000,153,9449,6144.756007,dem_agl,reported,9422.418487,1,34.33620092,220032,35514,70541,31917,23,0,26.58151332,31.68969831,0.02893767972,0,198153391.4,198195764.2,197980926.3,198195634.5,165982453.7,678061.5787,436819.1983,604636.0813,539982.1248,553838.957,464730.366,FALSE,FALSE,TRUE
822806,c014,coarse/relief_q1,coastal,TRUE,1982,bc82012,124,60000,153,9449,6151.501886,dem_agl,reported,9416.8146,1,34.58637212,219763,15491,66365,13186,23,0,32.18416329,34.62595091,0.0002541784779,0,197444798.1,197960084.5,197857435.4,197960017.3,183369687.1,946476.7382,294857.7262,884170.8206,324825.547,895148.4341,212944.0377,FALSE,FALSE,TRUE
160831,c015,coarse/relief_q1,coastal,TRUE,1997,bcb97036,42,40000,153,6579,3217.08915,dem_agl,reported,6570.622196,1,24.12552377,103512,88846,87447,87349,810,0,8.372072395,58.25158916,0.0991018936,0,96033631.57,96379037.16,94921308.29,96379143.74,13133608.24,521164.7002,1225.610431,227845.8619,109596.5064,469497.5985,10514.62473,FALSE,FALSE,TRUE
160832,c015,coarse/relief_q1,coastal,TRUE,1997,bcb97036,43,40000,153,6585,3223.590674,dem_agl,reported,6565.686615,1,31.4916058,103357,64894,62512,62318,1216,0,19.31195431,51.6587116,0.0775789246,0,96074863.03,96234299.62,95288412.4,96234499.25,35317309.38,517965.8665,22298.11941,264601.8265,149528.8801,397541.4054,23398.6199,FALSE,FALSE,TRUE
160833,c015,coarse/relief_q1,coastal,TRUE,1997,bcb97036,44,40000,153,6587,3243.338962,dem_agl,reported,6559.223534,1,36.37792739,103154,52380,49705,49488,1242,0,27.77545779,56.3230148,0.02241423633,0,95877478.15,96044932.06,95210723.1,96044661.47,46662460.32,646129.9745,29987.55192,379560.0123,129986.3456,408889.8828,13158.03699,FALSE,FALSE,TRUE
160834,c015,coarse/relief_q1,coastal,TRUE,1997,bcb97036,45,40000,153,6586,3236.583237,dem_agl,reported,6560.857606,1,36.67029476,103199,58906,57226,57040,614,0,25.13775335,58.54450067,0.001004398044,0,95777123.36,96092792.58,95116708.33,96092561.9,40558810.34,714494.8602,30022.60315,364414.255,163082.1913,445343.6202,17833.50878,FALSE,FALSE,TRUE
160835,c015,coarse/relief_q1,coastal,TRUE,1997,bcb97036,46,40000,153,6583,3236.583237,dem_agl,reported,6568.465498,1,32.57960897,103446,80930,80235,80019,219,0,14.52919764,66.77244595,0.0004483207886,0,95991969.75,96315777.91,94789747.72,96315902.88,20381971.82,597337.4165,12283.50669,203338.4107,207936.6452,438109.094,49401.46125,FALSE,FALSE,TRUE
160836,c015,coarse/relief_q1,coastal,TRUE,1997,bcb97036,47,40000,153,6583,3243.153049,dem_agl,reported,6577.494647,1,21.77538852,103728,94505,94237,94046,97,0,5.497443303,61.96105815,-0.001199608087,0,96251383.3,96580755.22,94929703.47,96581026.57,8147368.459,444481.2168,711.9362804,162111.7823,178252.3215,392511.8643,12104.13969,FALSE,FALSE,TRUE
160837,c015,coarse/relief_q1,coastal,TRUE,1997,bcb97036,48,40000,153,6584,3256.151599,dem_agl,reported,6583.080529,1,5.701174408,103905,99267,98826,98676,187,0,0.9188716476,20.81860395,-0.007037210278,0,96548234.89,96744865.66,96160857.27,96744885.09,4106063.711,215357.4833,180.6916755,100633.2974,40589.9067,206057.1272,427.7356891,FALSE,FALSE,TRUE
160838,c015,coarse/relief_q1,coastal,TRUE,1997,bcb97036,49,40000,153,6584,3256.203752,dem_agl,reported,6581.343233,1,10.45742538,103849,95157,94300,94268,369,0,2.65451063,31.60924249,-0.0009898553835,0,96463800.64,96693809.85,95844869.3,96693876.31,7814597.533,285875.4271,207.7820274,113822.6617,57627.53382,251286.5944,1011.218828,FALSE,FALSE,TRUE
160839,c015,coarse/relief_q1,coastal,TRUE,1997,bcb97036,50,40000,153,6580,3236.809758,dem_agl,reported,6575.158638,1,14.59543172,103650,89894,88867,88813,482,0,4.838487931,36.1741865,0.03800418228,0,96263135.73,96512165.77,95594448.1,96512212.71,12460111.92,353022.9769,2.548819088,148729.072,33015.61298,254933.095,6104.287436,FALSE,FALSE,TRUE
160840,c015,coarse/relief_q1,coastal,TRUE,1997,bcb97036,51,40000,153,6591,3236.809758,dem_agl,reported,6586.613574,1,14.11853111,104016,92482,91717,91673,385,0,4.384069214,38.98628987,0.05747717991,0,96639745.18,96848736.69,95833836.17,96848780.57,10430455.84,309850.499,165.4138311,114671.6028,17973.0567,251185.5789,326.1726548,FALSE,FALSE,TRUE
1135620,c016,coarse/relief_q2,coastal,TRUE,1979,bc79159,235,40000,153,6401,3443.160413,dem_agl,reported,6169.515923,1,234.8081943,91953,20370,19790,18453,965,0,231.4756494,297.2730179,-0.002136307536,0,84152553.77,84971203.48,83168446.66,84970613.23,64354528.84,2987128.229,1202461.137,2130174.537,1881477.339,3243426.239,1550258.773,FALSE,FALSE,TRUE
1135621,c016,coarse/relief_q2,coastal,TRUE,1979,bc79159,236,40000,153,6401,3443.160413,dem_agl,reported,6147.802023,1,222.7560005,91316,11283,12263,10611,324,0,253.173893,288.8400544,-0.008495940827,0,85788815.21,84374135.79,83397991.02,84374371.22,73617364.53,1577071.276,1253013.664,1254797.421,1662701.403,1455692.188,1222969.652,FALSE,FALSE,TRUE
1135622,c016,coarse/relief_q2,coastal,TRUE,1979,bc79159,237,40000,153,6401,3449.744914,dem_agl,reported,6126.785101,1,188.559544,90689,490,1939,347,83,0,274.2163362,275.700505,0.1151103042,0,82966952.87,83798237.73,83757643.63,83798052.92,82239078.97,3090602.434,1981506.201,3072252.333,2002485.281,2996404.985,1890643.734,TRUE,FALSE,FALSE
1135623,c016,coarse/relief_q2,coastal,TRUE,1979,bc79159,238,40000,153,6401,3442.930309,dem_agl,reported,6197.83563,1,170.7106363,92806,15401,14589,14533,381,0,203.1703501,243.5676692,0.02882564068,0,86236278.63,85753074.38,84638845.23,85749873.07,71452484.82,1516261.827,1452038.866,1146356.721,2088726.367,1646827.816,1509583.792,FALSE,FALSE,TRUE
1135624,c016,coarse/relief_q2,coastal,TRUE,1979,bc79159,239,40000,153,6401,3442.930309,dem_agl,reported,6228.461662,1,172.8891911,93732,24348,22619,22519,933,0,172.5502824,233.0164432,0.04851742275,0,86742412.22,86602650.05,84929327.87,86601491.49,63079839.69,1686039.134,664513.8579,1050706.436,1276608.663,1550439.044,697834.5783,FALSE,FALSE,TRUE
1135625,c016,coarse/relief_q2,coastal,TRUE,1979,bc79159,240,40000,153,6401,3314.945708,dem_agl,reported,6211.129243,1,210.2685837,93202,30427,28687,28593,959,0,189.86828,281.7895151,0.05344546959,0,86759487.38,86121328.98,83591096.67,86119524.05,55919506.96,2503675.461,416171.9568,1726188.212,894304.2144,2289252.906,420443.6455,FALSE,FALSE,TRUE
1135626,c016,coarse/relief_q2,coastal,TRUE,1979,bc79159,241,40000,153,6401,3314.945708,dem_agl,reported,6187.897536,1,221.2954924,92504,26086,24190,24098,968,0,213.0944611,296.6762903,0.05584407412,0,84591317.65,85478288.51,83184720.9,85474815.67,59399962.17,2746681.379,773765.6653,1814183.004,1722110.417,2292128.712,853059.6938,FALSE,FALSE,TRUE
1135627,c016,coarse/relief_q2,coastal,TRUE,1979,bc79159,242,40000,153,6401,3314.9976,dem_agl,reported,6106.12538,1,251.7839675,90077,18267,17005,16937,508,0,294.8789355,369.8405399,0.06089072302,0,83754340.56,83234049.76,81202955.11,83224856.92,64718962.21,2689367.647,1058724.668,1929089.71,1802426.535,2422856.393,1351489.748,FALSE,FALSE,TRUE
1135628,c016,coarse/relief_q2,coastal,TRUE,1979,bc79159,243,40000,153,6401,3315.052596,dem_agl,reported,6052.668113,1,252.5289713,88508,9169,8305,8252,227,0,348.3581665,388.6131857,0.06123761833,0,84052152.58,81783051.73,80698825.58,81776360.22,72921264.76,2147914.025,1749753.423,1773730.045,2171984.776,1839753.668,1996110.917,FALSE,FALSE,TRUE
1135629,c016,coarse/relief_q2,coastal,TRUE,1979,bc79159,244,40000,153,6401,3315.11059,dem_agl,reported,6016.713913,1,278.3263386,87460,11252,10265,10211,365,0,384.341833,441.0611842,0.106377285,0,83533470.3,80814318.35,79297832.63,80810454.27,69427703.61,2382733.431,1392560.023,1922211.605,1909204.588,2024372.319,1801771.781,FALSE,FALSE,TRUE
1264092,c017,coarse/relief_q2,coastal,TRUE,2004,bcc04001,133,40000,153,6450,3314.035062,dem_agl,reported,6188.330147,1,189.3996911,92151,7541,6414,6330,749,0,261.6706913,284.9205657,0.1327328384,0,85920996.64,85490240.92,84849065.2,85486573.19,78106406.06,1868804.342,1474804.443,1605310.751,1790280.43,1629239.563,1494071.167,FALSE,FALSE,TRUE
1264093,c017,coarse/relief_q2,coastal,TRUE,2004,bcc04001,134,40000,153,6461,3294.146892,dem_agl,reported,6183.863688,1,203.7642197,92012,8045,6920,6778,728,0,277.1094795,303.5919663,0.1279540807,0,84311572.62,85366879.42,84637275.22,85367596.91,76199214.63,2857299.771,1145695.259,2495445.775,1455587.588,2863923.977,1199452.909,FALSE,FALSE,TRUE
1264094,c017,coarse/relief_q2,coastal,TRUE,2004,bcc04001,135,40000,153,6454,3294.146892,dem_agl,reported,6119.184762,1,178.7395869,90099,657,575,517,50,0,334.8176947,337.2744865,0.0345520936,0,86093664.92,83590461.57,83523353.56,83588776.77,85373332.45,719493.4831,3111671.773,703629.0028,3162168.669,759275.171,3167032.608,FALSE,FALSE,TRUE
1264095,c017,coarse/relief_q2,coastal,TRUE,2004,bcc04001,136,40000,153,6456,3300.664001,dem_agl,reported,6120.811446,1,164.1914191,90146,278,241,220,11,0,335.1885537,336.225455,0.01986669935,0,84897652.84,83634909.77,83606575.68,83634939.05,84194588.79,1521706.962,2337097.418,1509397.502,2351700.853,1497112.588,2249215.753,FALSE,FALSE,TRUE
1264096,c017,coarse/relief_q2,coastal,TRUE,2004,bcc04001,137,40000,153,6453,3287.485273,dem_agl,reported,6176.38939,1,158.4533211,91789,89,87,75,0,0,276.6044788,276.8734095,-0.01010559779,0,84367462.81,85160642.05,85153226.13,85157936.82,84113167.42,2440238.396,1477066.669,2435844.218,1479967.985,2372071.038,1439184.052,FALSE,FALSE,TRUE
1264097,c017,coarse/relief_q2,coastal,TRUE,2004,bcc04001,138,40000,153,6431,3287.485273,dem_agl,reported,6133.645199,1,156.5813957,90526,174,146,132,0,0,297.351252,297.9253206,-0.01504709153,0,82865605.73,83985998.86,83970278.52,83985305.87,82580652.29,2452628.014,1211128.775,2443194.703,1217184.826,2286211.548,1092753.724,FALSE,FALSE,TRUE
1264098,c017,coarse/relief_q2,coastal,TRUE,2004,bcc04001,139,40000,153,6479,3300.65463,dem_agl,reported,6177.620544,1,155.1407657,91826,188,159,145,0,0,301.3852171,302.0050251,-0.01392645296,0,85544658.86,85194595.95,85177501.46,85193858.46,85245145.08,1787022.983,2013361.222,1779191.136,2022376.34,1716782.986,1955644.704,FALSE,FALSE,TRUE
1264099,c017,coarse/relief_q2,coastal,FALSE,2004,bcc04001,140,40000,153,6416,3300.65463,dem_agl,reported,6119.372711,1,152.4579572,90119,0,0,0,0,0,296.6304634,296.6304634,,0,84847700.43,83595596.56,83595596.56,83595309.81,84847700.43,1443264.188,2695368.062,1443264.188,2695368.062,1288939.809,2541330.431,FALSE,FALSE,TRUE
1264100,c017,coarse/relief_q2,coastal,FALSE,2004,bcc04001,141,40000,153,6465,3313.892088,dem_agl,reported,6221.716071,1,159.5672336,93141,0,0,0,0,0,243.2708652,243.2708652,,0,86186167.24,86415165.63,86415165.63,86410360.85,86186167.24,2035357.879,1806359.481,2035357.879,1806359.481,2015785.128,1791591.518,FALSE,FALSE,TRUE
1264101,c017,coarse/relief_q2,coastal,FALSE,2004,bcc04001,142,40000,153,6496,3280.776106,dem_agl,reported,6294.161816,1,140.231631,95324,0,0,0,0,0,201.8159159,201.8159159,,0,89425770.41,88439320.76,88439320.76,88438031.93,89425770.41,1163055.135,2149504.789,1163055.135,2149504.789,1137313.488,2125051.975,FALSE,FALSE,TRUE
80478,c018,coarse/relief_q2,coastal,TRUE,1996,bcb96017,163,40000,153,6884,3544.101466,dem_agl,reported,6701.711229,1,178.0897665,110152,22496,19311,19263,150,0,182.260134,229.1317533,-0.4688924849,0,100937237.4,100263073,98865502.07,100263455.7,78611398.96,1925064.974,758432.4627,1362213.202,1101217.735,1359221.834,930095.9197,FALSE,FALSE,TRUE
80479,c018,coarse/relief_q2,coastal,TRUE,1996,bcb96017,164,40000,153,6883,3543.711215,dem_agl,reported,6679.936801,1,181.9747831,109437,14643,11357,11281,231,0,203.0659197,234.4695072,-0.08874230832,0,100180181.4,99612605.02,98678212.93,99612187.27,84842625.6,2092433.216,648208.5509,1704042.058,895068.0167,1483048.572,1243952.247,FALSE,FALSE,TRUE
80480,c018,coarse/relief_q2,coastal,TRUE,1996,bcb96017,165,40000,153,6895,3543.711215,dem_agl,reported,6669.832856,1,181.8169135,109108,12392,8770,8692,266,0,225.0542589,253.9169775,-0.07990419492,0,100714262.8,99311488.68,98453836.73,99309720.76,87802816.14,1735975.25,1508878.073,1434326.576,1870244.529,1067387.732,1376851.837,FALSE,FALSE,TRUE
80481,c018,coarse/relief_q2,coastal,TRUE,1996,bcb96017,166,40000,153,6913,3501.028538,dem_agl,reported,6721.116099,1,164.4687184,110796,9630,8611,8513,294,0,191.895115,210.1864396,-0.5895861685,0,101079181.5,100844539.1,100296394.9,100842744,90905582.48,2499044.88,1325230.013,2288282.399,1546512.683,1950517.529,1066712.018,FALSE,FALSE,TRUE
80482,c018,coarse/relief_q2,coastal,TRUE,1996,bcb96017,167,40000,153,6928,3501.028538,dem_agl,reported,6801.525608,1,125.0318501,113479,13294,10603,10478,235,0,126.3632097,143.2045285,-0.7126341164,0,102028590.6,103271923.4,102761131.5,103275321.2,89432195.41,2519395.354,793570.351,2297970.895,1023747.996,2375916.399,627844.9469,FALSE,FALSE,TRUE
80483,c018,coarse/relief_q2,coastal,TRUE,1996,bcb96017,168,40000,153,6946,3479.767238,dem_agl,reported,6851.504198,1,92.08503245,115133,14135,10946,10795,320,0,94.37635911,107.6568472,-0.7181651592,0,103544233,104795213.5,104389351.5,104798401.6,90218897.05,2057665.871,352564.0651,1849199.668,487211.4268,1975402.058,332431.8011,FALSE,FALSE,TRUE
80484,c018,coarse/relief_q2,coastal,TRUE,1996,bcb96017,169,40000,153,6935,3479.767238,dem_agl,reported,6832.981067,1,99.01188301,114513,18020,14850,14753,336,0,101.9876785,121.0789721,-0.06607655063,0,104907921.3,104229349,103647730.7,104230180.1,87391551.23,997614.7903,566791.2816,856155.6123,802878.8774,811202.9262,623037.6821,FALSE,FALSE,TRUE
80485,c018,coarse/relief_q2,coastal,TRUE,1996,bcb96017,170,40000,153,6946,3466.154806,dem_agl,reported,6861.227058,1,105.0838625,115460,37572,36200,36148,564,0,84.70974638,125.5668499,0.03920635395,0,106012239.8,105092851,103844967.7,105094395.6,70644823.42,682972.2609,433574.4632,464205.5061,909502.9991,401957.1194,845141.8587,FALSE,FALSE,TRUE
80486,c018,coarse/relief_q2,coastal,TRUE,1996,bcb96017,171,40000,153,6952,3466.154806,dem_agl,reported,6907.699613,1,85.18579272,117028,74263,73463,73449,447,0,44.27548768,121.0490921,0.0518868044,0,105945947.3,106521304.8,104166663.3,106521961.9,37532414.19,1435679.101,43954.7642,784038.9475,336564.9258,1010432.501,166053.9633,FALSE,FALSE,TRUE
80487,c018,coarse/relief_q2,coastal,TRUE,1996,bcb96017,172,40000,153,6941,3522.841283,dem_agl,reported,6931.282325,1,38.19490324,117826,102144,101628,101625,302,0,9.704840076,72.41334786,0.05397101119,0,106792151.3,107249868.5,105318030.9,107250226.8,13589659.3,684323.4044,20.91146371,335297.5071,107789.0979,611266.0683,2269.751545,FALSE,FALSE,TRUE
1499223,c019,coarse/relief_q2,coastal,TRUE,1964,bc5097,38,31680,153,5486,3338.617106,dem_agl,reported,5389.791927,1,58.20322205,71866,4390,3267,3267,10,0,96.17519217,102.4528945,0.1527202576,0,64462606.72,64850538.94,64699558.98,64851403.58,60036260.19,1061735.576,206260.2664,987889.4875,253816.3288,829540.4481,122428.4264,FALSE,FALSE,TRUE
1499224,c019,coarse/relief_q2,coastal,TRUE,1964,bc5097,39,31680,153,5486,3135.335375,dem_agl,reported,5417.788661,1,48.12821567,72601,15317,13040,13033,46,0,68.20420785,86.45996608,0.173531726,0,65633925.03,65526007.98,65085159.64,65526212.62,51277423.44,613002.0113,185193.4955,450683.9649,322134.0474,338392.3868,180010.7915,FALSE,FALSE,TRUE
1499225,c019,coarse/relief_q2,coastal,TRUE,1964,bc5097,40,31680,153,5486,3130.133402,dem_agl,reported,5435.665573,1,50.19064645,73071,26491,24514,24507,61,0,50.32267554,78.88650255,0.2346947193,0,65714178.93,65959149.75,65267754.92,65959517.37,41336446.13,752741.0683,36652.13338,390436.2607,98682.41842,439700.5361,50320.50726,FALSE,FALSE,TRUE
1499226,c019,coarse/relief_q2,coastal,TRUE,1964,bc5097,41,31680,153,5486,3129.592263,dem_agl,reported,5443.720246,1,49.48661986,73274,31405,30267,30260,67,0,42.25665274,73.8312776,0.2324571759,0,65765604.19,66154773.63,65389578.4,66155285.18,36949152.97,890842.2772,33293.81275,539257.5644,97900.54853,613887.0302,46302.75156,FALSE,FALSE,TRUE
1499227,c019,coarse/relief_q2,coastal,TRUE,1964,bc5097,42,31680,153,5486,3128.197453,dem_agl,reported,5440.911743,1,51.79145843,73189,34457,34166,34164,58,0,45.08385574,85.04586844,0.1694801003,0,65924739.87,66086530.61,65119320.57,66086399.24,34258587.32,749095.1012,27895.80082,392879.2779,144552.54,423174.2145,45643.02732,FALSE,FALSE,TRUE
1499228,c019,coarse/relief_q2,coastal,TRUE,1964,bc5097,43,31680,153,5486,3128.197453,dem_agl,reported,5453.829718,1,45.11749294,73527,39816,39080,39046,171,0,32.16870341,70.17958534,0.1606173292,0,66322891.97,66400712.36,65478368.12,66400621.55,29977160.11,544218.5851,74546.32111,292720.8116,277935.3374,365857.4336,145760.9716,FALSE,FALSE,TRUE
1499229,c019,coarse/relief_q2,coastal,TRUE,1964,bc5097,44,31680,153,5486,3128.510209,dem_agl,reported,5469.349298,1,29.02641003,73927,45225,44039,43987,254,0,16.63872282,42.94597445,0.1546247154,0,66504837.44,66779153.74,66138291.03,66779442.82,25447670.81,501706.5965,27517.90271,302722.6103,149047.6984,484369.5973,27605.22477,FALSE,FALSE,TRUE
1499230,c019,coarse/relief_q2,coastal,TRUE,1964,bc5097,45,31680,153,5486,3127.427806,dem_agl,reported,5473.37812,1,22.45430546,74027,44176,42645,42578,329,0,12.62154661,31.41159887,0.1690220386,0,66771963.24,66877571.44,66419179.55,66877458.85,26722272.72,270887.7305,21273.56096,163804.6182,148956.467,279562.5838,20807.23231,FALSE,FALSE,TRUE
1499231,c019,coarse/relief_q2,coastal,TRUE,1964,bc5097,46,31680,153,5486,3127.427806,dem_agl,reported,5463.618574,1,29.34717367,73754,35571,34801,34571,194,0,22.38094399,43.38828888,0.1888021976,0,66713022.47,66639286.12,66127821.74,66638993.46,34302991.49,224811.2554,29947.25462,91981.47542,153887.9853,208119.4398,27731.58614,FALSE,FALSE,TRUE
1499232,c019,coarse/relief_q2,coastal,TRUE,1964,bc5097,47,31680,153,5486,3259.259402,dem_agl,reported,5454.721452,1,32.23207399,73499,27571,27228,26804,86,0,31.27048003,50.20652555,0.1926293671,0,66600667.36,66422427.97,65962058.02,66422499.75,41328193.41,242690.0712,59724.28897,117944.4376,175392.5411,307648.939,66915.91349,FALSE,FALSE,TRUE
80470,c020,coarse/relief_q2,coastal,TRUE,1996,bcb96017,155,40000,153,6902,3522.289858,dem_agl,reported,6741.958545,1,102.9228679,111478,0,0,0,0,0,160.0074418,160.0074418,,0,101024088.9,101470954.6,101470954.6,101472133.7,101024088.9,1855961.076,1409095.386,1855961.076,1409095.386,1437370.794,989326.0504,FALSE,FALSE,TRUE
80471,c020,coarse/relief_q2,coastal,TRUE,1996,bcb96017,156,40000,153,6907,3487.004448,dem_agl,reported,6744.106758,1,144.9863265,111550,705,555,543,6,0,162.7629418,163.7986405,-0.2290155441,0,100393472.3,101535629,101504445.5,101539585.3,99614954.31,2772070.254,1492490.87,2760776.896,1511645.979,2434402.948,1157682.064,FALSE,FALSE,TRUE
80472,c020,coarse/relief_q2,coastal,TRUE,1996,bcb96017,157,40000,153,6911,3487.004448,dem_agl,reported,6744.131161,1,183.4293674,111552,11006,5089,5039,132,0,166.7961268,185.1340375,-1.005526781,0,102804391.9,101536363.8,100984941.1,101534528.8,91553520.28,1526050.495,1558834.008,1420627.684,1869656.42,943330.7765,1052355.127,FALSE,FALSE,TRUE
80473,c020,coarse/relief_q2,coastal,TRUE,1996,bcb96017,158,40000,153,6910,3543.699114,dem_agl,reported,6784.301138,1,190.9024372,112884,29491,17435,17301,267,0,125.6923833,170.4104304,-0.9240577817,0,103070117.4,102749525.4,101399462.9,102744998.3,75216324.45,1780816.133,1075388.248,1505146.897,1783911.814,1513797.475,1183593.729,FALSE,FALSE,TRUE
80474,c020,coarse/relief_q2,coastal,TRUE,1996,bcb96017,159,40000,153,6906,3543.551117,dem_agl,reported,6820.749179,1,149.8343764,114100,44200,28067,27883,379,0,84.9566019,139.1562126,-0.8747380376,0,102017623.7,103856516,102212527,103862511,61073174.87,2945165.948,376447.2377,2259269.745,870806.94,2947674.243,413666.0424,FALSE,FALSE,TRUE
80475,c020,coarse/relief_q2,coastal,TRUE,1996,bcb96017,160,40000,153,6900,3543.551117,dem_agl,reported,6806.256006,1,142.7656847,113619,45498,33258,33094,281,0,93.71934149,156.7775094,-0.8143619299,0,102802926.3,103415622.6,101508262.4,103414703.7,60774867.97,1765939.486,524739.438,1070582.108,1337532.338,1562326.778,443067.194,FALSE,FALSE,TRUE
80476,c020,coarse/relief_q2,coastal,TRUE,1996,bcb96017,161,40000,153,6890,3529.503607,dem_agl,reported,6734.130889,1,174.2954127,111222,38575,31378,31289,164,0,155.8650729,238.956606,-0.6360161901,0,101040149.5,101235468.5,98752619.79,101233725.9,65068758.9,2119302.512,1065555.6,1194201.603,2142409.453,1577481.975,873050.902,FALSE,FALSE,TRUE
80477,c020,coarse/relief_q2,coastal,TRUE,1996,bcb96017,162,40000,153,6892,3529.503607,dem_agl,reported,6720.315261,1,166.881327,110763,27896,24767,24722,55,0,171.6121706,229.5578577,-0.5151771307,0,101863952.1,100820508.7,99089361.69,100821973.6,75283962.14,1581338.194,1453786.802,1091139.706,2289857.513,1059986.892,1471459.909,FALSE,FALSE,TRUE
1135178,c021,coarse/relief_q2,coastal,TRUE,1979,bc79107,131,40000,153,6858,3613.980364,dem_agl,reported,6534.645226,1,210.2122553,103115,0,0,0,0,0,323.344853,323.344853,,0,94502338.23,95326493.65,95326493.65,95325266.67,94502338.23,3278622.254,2454466.829,3278622.254,2454466.829,3314628.131,2491699.683,FALSE,FALSE,TRUE
1135179,c021,coarse/relief_q2,coastal,TRUE,1979,bc79107,132,40000,153,6858,3607.651703,dem_agl,reported,6492.128141,1,243.4213851,101778,304,209,186,59,0,365.8345045,366.9284961,0.1419476047,0,94517623.47,94090062.51,94058354.86,94090719.65,93965703.68,2804819.011,2962471.387,2791797.23,2980293.581,2583226.947,2674770.759,TRUE,FALSE,FALSE
1135180,c021,coarse/relief_q2,coastal,TRUE,1979,bc79107,133,40000,153,6858,3607.651703,dem_agl,reported,6540.14635,1,260.0975582,103300,13558,12536,12452,584,0,317.8186866,365.7809466,0.09359402582,0,96380503.31,95487060.46,94091684.26,95483469,82675045.65,2734597.181,2450190.232,2277921.415,3204421.496,2284915.001,2364698.904,FALSE,FALSE,TRUE
1135181,c021,coarse/relief_q2,coastal,TRUE,1979,bc79107,134,40000,153,6858,3614.538274,dem_agl,reported,6614.189516,1,242.5243115,105653,23562,21944,21748,967,0,243.7066593,313.5526316,0.1254647449,0,96417524.13,97661380.65,95609659.03,97658949.03,74114275.34,3391647.901,1615786.863,2502418.381,2625338.363,3134539.746,1468703.377,FALSE,FALSE,TRUE
1135182,c021,coarse/relief_q2,coastal,TRUE,1979,bc79107,135,40000,153,6858,3614.75904,dem_agl,reported,6658.501632,1,184.4521377,107076,21049,19940,19736,687,0,199.4751267,248.2051293,0.1295119822,0,99063998.24,98974339.36,97530960.19,98974340.13,78746753.53,1817645.705,1030493.3,1301282.458,1721267.833,1748532.885,1258636.164,FALSE,FALSE,TRUE
1135183,c021,coarse/relief_q2,coastal,TRUE,1979,bc79107,136,40000,153,6858,4169.757504,dem_agl,reported,6633.487384,1,183.7624986,106270,13698,12835,12761,414,0,224.0944946,257.2143964,0.1410581172,0,100737826.8,98232094.8,97253630.47,98242007.95,85706584.69,1161608.126,1292895.602,965467.807,1744737.687,1024031.385,1450349.393,FALSE,FALSE,TRUE
1135184,c021,coarse/relief_q2,coastal,TRUE,1979,bc79107,137,40000,153,6858,4169.704138,dem_agl,reported,6652.818241,1,188.3330506,106893,23843,21944,21819,988,0,204.9358858,263.6674626,0.1706618667,0,96932355.72,98805451.56,97068628.13,98809645.24,74181308.81,3747791.809,1170555.927,2907180.169,1869720.844,3581712.442,1129682.5,FALSE,FALSE,TRUE
1135185,c021,coarse/relief_q2,coastal,TRUE,1979,bc79107,138,40000,153,6858,4169.649928,dem_agl,reported,6583.094762,1,252.7342305,104660,25236,23207,23096,1197,0,274.9120285,362.1198039,0.174378857,0,96700712.99,96745284,94199047.54,96740565.04,71564369.39,3214112.247,1367218.71,2245148.206,2375379.747,2705474.239,1597372.376,FALSE,FALSE,TRUE
1135186,c021,coarse/relief_q2,coastal,TRUE,1979,bc79107,139,40000,153,6858,4169.615093,dem_agl,reported,6471.625136,1,251.1809928,101161,4478,3866,3849,404,0,386.3401329,404.1976508,0.1572842225,0,94170256,93496703.07,92981433.58,93497105.26,88942533.08,3166311.62,2753813.477,2942266.736,2989893.155,3211037.519,2793805.906,FALSE,FALSE,TRUE
1135187,c021,coarse/relief_q2,coastal,FALSE,1979,bc79107,140,40000,153,6858,3766.931794,dem_agl,reported,6418.214383,1,274.7134792,99501,5,4,4,1,0,439.2449574,439.2669757,0.4050928652,0,88664384.2,91959802.38,91959171.42,91973495.27,88418664.86,4969502.159,1433624.155,4969060.817,1433810.723,4807501.912,1255650.157,TRUE,FALSE,FALSE
1136781,c022,coarse/relief_q2,coastal,TRUE,1979,bc79163,64,40000,153,6553,3450.763967,dem_agl,reported,6491.74809,1,51.71873229,103088,24782,21732,21437,1622,0,61.24699175,80.49131745,0.01614835672,0,93878312.16,94079046.71,93522092.17,94079153.58,70816647.7,825827.2239,178637.9134,568705.8108,336258.0548,806727.3021,157717.5156,FALSE,FALSE,TRUE
1136782,c022,coarse/relief_q2,coastal,TRUE,1979,bc79163,65,40000,153,6553,3457.783536,dem_agl,reported,6472.113641,1,69.73212868,102463,22885,19817,19595,1656,0,80.88797219,104.0011671,0.01674380153,0,93586835.41,93510818.63,92844120.05,93509433.51,72309757.03,676369.4228,357340.3843,455256.7084,684823.5681,703974.4988,443131.22,FALSE,FALSE,TRUE
1136783,c022,coarse/relief_q2,coastal,TRUE,1979,bc79163,66,40000,153,6553,3970.959648,dem_agl,reported,6465.275185,1,75.55931553,102247,18889,16614,16310,1218,0,87.71386614,107.5002306,0.01796616986,0,92806210.44,93313315.36,92743036.15,93312034.68,75386973.17,957463.232,272134.99,672216.1952,514929.7836,990856.6693,373502.8144,FALSE,FALSE,TRUE
1136784,c022,coarse/relief_q2,coastal,TRUE,1979,bc79163,67,40000,153,6553,3971.015284,dem_agl,reported,6467.600283,1,84.64626454,102321,19327,16337,16005,1445,0,85.39653717,105.1808483,0.01818235219,0,93663025.24,93380443.72,92810018.22,93378999.9,75253646.14,784019.9015,280259.2298,573731.9551,457157.4483,756454.7193,434319.009,FALSE,FALSE,TRUE
1136785,c022,coarse/relief_q2,coastal,TRUE,1979,bc79163,68,40000,153,6553,3964.102269,dem_agl,reported,6482.795829,1,82.51737243,102803,33340,28433,28177,2449,0,70.2046813,103.6007471,0.0423501078,0,93848751.94,93819751.56,92855618.08,93819337.22,62947122.69,673970.8565,207945.2571,344654.3893,610751.9127,651185.6488,281741.266,FALSE,FALSE,TRUE
1136786,c022,coarse/relief_q2,coastal,TRUE,1979,bc79163,69,40000,153,6553,3964.102269,dem_agl,reported,6498.71801,1,69.85747226,103311,41996,35820,35495,3369,0,54.16415201,90.71970137,0.0332466308,0,92721366.72,94281172.69,93223485.09,94284511.33,54060272.57,1970486.308,59754.73434,1329183.881,219153.1607,1990782.579,62755.00256,FALSE,FALSE,TRUE
1136787,c022,coarse/relief_q2,coastal,TRUE,1979,bc79163,70,40000,153,6553,3704.955567,dem_agl,reported,6457.564392,1,127.0580993,102005,32933,27705,27489,2885,0,95.42874165,140.4912354,0.009279104881,0,92758164.58,93090868.36,91796178.94,93091032.96,61875002.39,1473318.789,315219.5535,1036786.762,780994.1903,1387515.601,290136.8928,FALSE,FALSE,TRUE
1136788,c022,coarse/relief_q2,coastal,TRUE,1979,bc79163,71,40000,153,6553,3697.783601,dem_agl,reported,6375.337881,1,217.1488505,99430,30575,26033,25899,2290,0,177.6021535,256.1561674,0.003287032247,0,91850375.39,90735242.34,88513021.02,90728590.16,62634987.86,1515147.858,1331157.817,977175.8102,2448550.983,1081194.725,1137244.987,FALSE,FALSE,TRUE
1136789,c022,coarse/relief_q2,coastal,TRUE,1979,bc79163,72,40000,153,6553,3697.668335,dem_agl,reported,6337.451115,1,226.2971681,98241,28288,24736,24634,1618,0,215.3613893,302.2823751,-0.01098230155,0,92242023.43,89660020.79,87217432.21,89656875.53,64124201.13,963679.2005,1246940.321,509183.0068,2276129.069,774949.9018,1160702.258,FALSE,FALSE,TRUE
1136790,c022,coarse/relief_q2,coastal,TRUE,1979,bc79163,73,40000,153,6553,3697.668335,dem_agl,reported,6351.033008,1,219.8696566,98668,30898,28096,27993,1195,0,201.9000028,293.8543662,-0.01833146904,0,91438246.48,90044736.22,87456160.56,90029465.57,60936446.18,2033841.89,1110867.398,1450250.857,2043723.836,1468631.276,1292790.164,FALSE,FALSE,TRUE
1144342,c023,coarse/relief_q2,coastal,TRUE,1979,bc79205,193,50000,153,7620,2147.065064,dem_agl,reported,7490.962018,1,108.5288936,139867,17400,14269,13894,263,0,129.0380977,147.4533448,-0.7637723386,0,125278538.1,125269337.5,124654188.1,125265788,108753356.7,1673557.827,716417.484,1441027.981,961322.0106,1068568.151,563674.5805,FALSE,FALSE,TRUE
1144343,c023,coarse/relief_q2,coastal,TRUE,1979,bc79205,194,50000,153,7620,2148.181086,dem_agl,reported,7441.915941,1,136.4272293,138020,14400,12129,11804,165,0,178.0808299,198.8993352,-0.7674636245,0,123523613.9,123634338.9,122943580.8,123631994.6,110290417.6,1912416.69,1453052.204,1655753.813,1846859.813,1130570.572,821626.6916,FALSE,FALSE,TRUE
1144344,c023,coarse/relief_q2,coastal,TRUE,1979,bc79205,195,50000,153,7620,2148.251539,dem_agl,reported,7377.680654,1,151.8682343,135626,8960,8212,7937,56,0,242.3674895,259.5554836,-0.7600144148,0,122775842.5,121509237.6,120943730,121506490.6,113893962.7,1859765.744,2260127.198,1647705.268,2553653.756,868100.686,1747552.848,FALSE,FALSE,TRUE
1144345,c023,coarse/relief_q2,coastal,TRUE,1979,bc79205,196,50000,153,7620,2148.385804,dem_agl,reported,7311.777412,1,133.447178,133194,17,45,15,1,0,308.4281737,308.467549,-0.6346296072,0,122386614.7,119348101.3,119346815.9,119340383.4,122304786.6,1022172.405,3992990.674,1021757.374,3993854.72,463141.502,3458801.569,FALSE,FALSE,TRUE
1144346,c023,coarse/relief_q2,coastal,TRUE,1979,bc79205,197,50000,153,7620,2148.392013,dem_agl,reported,7262.226269,1,116.1694939,131377,0,0,0,0,0,357.9939076,357.9939076,,0,120553186.6,117735963.6,117735963.6,117728116.9,120553186.6,740538.9576,3557761.886,740538.9576,3557761.886,464531.1447,3289600.783,FALSE,FALSE,TRUE
1144347,c023,coarse/relief_q2,coastal,TRUE,1979,bc79205,198,50000,153,7620,2148.525822,dem_agl,reported,7230.786671,1,108.5780618,130222,0,0,0,0,0,389.3722287,389.3722287,,0,119012329.4,116718766.2,116718766.2,116712404.7,119012329.4,774266.2114,3067829.48,774266.2114,3067829.48,583752.2711,2883677.043,FALSE,FALSE,TRUE
1144348,c023,coarse/relief_q2,coastal,TRUE,1979,bc79205,199,50000,153,7620,2148.531792,dem_agl,reported,7210.694321,1,111.9702445,129475,0,0,0,0,0,409.4175914,409.4175914,,0,117932989.7,116071009.3,116071009.3,116064511,117932989.7,778184.8455,2640165.233,778184.8455,2640165.233,734595.3479,2603073.982,FALSE,FALSE,TRUE
1144349,c023,coarse/relief_q2,coastal,TRUE,1979,bc79205,200,50000,153,7620,2148.665233,dem_agl,reported,7227.031879,1,119.7219209,130044,0,0,0,0,0,393.1026376,393.1026376,,0,118910088.3,116597578.6,116597578.6,116592218.6,118910088.3,426090.7075,2738600.423,426090.7075,2738600.423,517546.3293,2835416.05,FALSE,FALSE,TRUE
1144350,c023,coarse/relief_q2,coastal,TRUE,1979,bc79205,201,50000,153,7620,2148.670868,dem_agl,reported,7254.333671,1,131.0530759,131008,0,0,0,0,0,365.6925464,365.6925464,,0,118542000.9,117480191.4,117480191.4,117479616.5,118542000.9,846400.2429,1908209.69,846400.2429,1908209.69,759046.6979,1821431.049,FALSE,FALSE,TRUE
1144351,c023,coarse/relief_q2,coastal,TRUE,1979,bc79205,202,50000,153,7620,2147.699457,dem_agl,reported,7263.773097,1,134.1506463,131327,0,0,0,0,0,356.2266687,356.2266687,,0,117469979.6,117786123.6,117786123.6,117785613.6,117469979.6,1696413.509,1380269.464,1696413.509,1380269.464,1622601.301,1306967.326,FALSE,FALSE,TRUE
1499361,c024,coarse/relief_q2,coastal,FALSE,1964,bc5101,196,31680,153,5486,2820.181269,dem_agl,reported,5082.219673,1,209.2161725,63955,0,0,0,0,0,403.7613959,403.7613959,,0,57492612.41,57660241.42,57660241.42,57657793.5,57492612.41,2512612.276,2344983.266,2512612.276,2344983.266,1665591.297,1500410.211,FALSE,FALSE,TRUE
1499362,c024,coarse/relief_q2,coastal,TRUE,1964,bc5101,197,31680,153,5486,3179.056248,dem_agl,reported,5207.203378,1,210.0204006,67159,1065,264,264,39,0,278.2645447,282.7615462,-1.177892566,0,58951411.58,60531114.62,60426609.01,60542314.11,57378187.17,3380866.517,1188230.478,3329962.881,1232505.261,2851632.397,816795.3599,FALSE,FALSE,TRUE
1499363,c024,coarse/relief_q2,coastal,TRUE,1964,bc5101,198,31680,153,5486,3177.659993,dem_agl,reported,5320.768102,1,127.0725644,70100,7139,3716,3687,83,0,165.1383196,183.9618658,-0.8103609085,0,62452911.47,63200170.93,62753789.15,63199310.96,55536951.79,2024180.528,804728.0465,1817241.995,988628.6627,1758419.262,669254.7824,FALSE,FALSE,TRUE
1499364,c024,coarse/relief_q2,coastal,TRUE,1964,bc5101,199,31680,153,5486,3177.659993,dem_agl,reported,5395.097857,1,83.55342307,72063,9079,5322,4604,87,0,90.56961878,103.7464216,-0.8698919415,0,63572005.42,64978284.8,64661270.92,64986403.57,55263680.06,1782569.31,261438.4823,1596593.509,375440.1469,1629558.291,99111.04045,FALSE,FALSE,TRUE
1499365,c024,coarse/relief_q2,coastal,TRUE,1964,bc5101,200,31680,153,5486,3176.607609,dem_agl,reported,5424.734603,1,62.70243797,72847,5540,3173,2390,29,0,61.08972225,66.19407167,-1.16636467,0,64657850.92,65694132.51,65570562.21,65696794.34,59582680.91,1221207.972,111322.3509,1139289.968,146740.9343,1211853.243,139695.7866,FALSE,FALSE,TRUE
1499366,c024,coarse/relief_q2,coastal,TRUE,1964,bc5101,201,31680,153,5486,3176.607609,dem_agl,reported,5421.724833,1,50.48906831,72751,52,338,38,0,0,64.17153283,64.21764969,-0.4143496603,0,64851725.29,65621255.44,65620139.11,65623315.09,64778194.88,1058700.124,264396.695,1058071.15,264868.0681,977973.0424,189247.9329,FALSE,FALSE,TRUE
1499367,c024,coarse/relief_q2,coastal,FALSE,1964,bc5101,202,31680,153,5486,3176.952229,dem_agl,reported,5387.224736,1,121.4434305,71814,0,0,0,0,0,98.28566359,98.28566359,,0,63611131.54,64788776.24,64788776.24,64798963.26,63611131.54,1766846.797,589202.0962,1766846.797,589202.0962,1506127.633,318295.9082,FALSE,FALSE,TRUE
1499368,c024,coarse/relief_q2,coastal,FALSE,1964,bc5101,203,31680,153,5486,3175.899988,dem_agl,reported,5339.643977,1,184.0014835,70544,0,0,0,0,0,145.112749,145.112749,,0,61962598.07,63649382.26,63649382.26,63671805.87,61962598.07,2883633.142,1196848.951,2883633.142,1196848.951,2073651.861,364444.0605,FALSE,FALSE,TRUE
1499369,c024,coarse/relief_q2,coastal,FALSE,1964,bc5101,204,31680,153,5486,2938.739391,dem_agl,reported,5308.903738,1,210.9638189,69734,0,0,0,0,0,174.9660222,174.9660222,,0,60543006.38,62918634.95,62918634.95,62959640.84,60543006.38,3615939.21,1240310.638,3615939.21,1240310.638,2628048.807,211414.3414,FALSE,FALSE,TRUE
1499370,c024,coarse/relief_q2,coastal,FALSE,1964,bc5101,205,31680,153,5486,2938.739391,dem_agl,reported,5310.364593,1,172.9341486,69747,0,0,0,0,0,173.5297255,173.5297255,,0,60490102.39,62953266.46,62953266.46,62999031.8,60490102.39,3258459.116,795295.0439,3258459.116,795295.0439,2671257.306,162327.8978,FALSE,FALSE,TRUE
1264238,c025,coarse/relief_q2,coastal,TRUE,2004,bcc04002,93,40000,153,6436,3325.472911,dem_agl,reported,6433.29572,1,14.8927663,99812,93384,93487,93268,26,0,2.702850667,40.07030866,0.132508181,0,92158966.59,92392479.17,91322282.66,92392529.88,5651212.918,298604.8408,3.77877081,182871.0569,12789.45391,289102.3445,28.70673203,FALSE,FALSE,TRUE
1264239,c025,coarse/relief_q2,coastal,TRUE,2004,bcc04002,94,40000,153,6470,3325.472911,dem_agl,reported,6449.436767,1,56.25170491,100316,77617,77686,77306,111,0,20.5340046,90.44095906,0.08349512517,0,92113392.11,92856683.61,90854602.6,92857423.55,19872441.82,1151352.038,12325.39447,670339.2082,187473.3059,997761.8108,29351.0035,FALSE,FALSE,TRUE
1264240,c025,coarse/relief_q2,coastal,TRUE,2004,bcc04002,95,40000,153,6431,3352.177397,dem_agl,reported,6386.478369,1,66.17468786,98365,48412,48044,47617,354,0,44.5143984,87.61126638,0.02696488053,0,90607521.68,91052627.26,89827901.31,91052633.31,45081587.38,1168899.251,19012.63904,747382.2775,144939.8888,730879.5521,94060.30623,FALSE,FALSE,TRUE
1264241,c025,coarse/relief_q2,coastal,TRUE,2004,bcc04002,96,40000,153,6468,3338.790118,dem_agl,reported,6389.90889,1,79.18693258,98470,23480,22953,22677,342,0,78.08767826,102.5291891,-0.02312166803,0,90691819.41,91150472.06,90454501.43,91150604.89,68106376.82,1414519.097,112081.0659,1111739.48,241697.6896,1043606.38,221339.1181,FALSE,FALSE,TRUE
1264242,c025,coarse/relief_q2,coastal,TRUE,2004,bcc04002,97,40000,153,6436,3312.300158,dem_agl,reported,6320.964286,1,84.36151393,96362,7050,6571,6459,252,0,115.0373067,124.1114126,0.03010962438,0,89160037.84,89194127.9,88938225.16,89193836.87,82087052.58,1125660.977,547233.169,1007121.982,641690.7289,952395.2395,555112.902,FALSE,FALSE,TRUE
1264243,c025,coarse/relief_q2,coastal,TRUE,2004,bcc04002,98,40000,153,6459,3312.300158,dem_agl,reported,6312.328406,1,89.87881445,96111,1177,1138,1071,13,0,146.6216779,148.4394014,0.01592853293,0,88722796.15,88950575.32,88899353.56,88951336.11,87387387.86,1282797.134,802684.5388,1257227.807,825257.752,1162038.351,694956.406,FALSE,FALSE,TRUE
1264244,c025,coarse/relief_q2,coastal,FALSE,2004,bcc04002,99,40000,153,6454,3318.754765,dem_agl,reported,6257.223647,1,133.801163,94426,0,0,0,0,0,196.7624479,196.7624479,,0,86626378.63,87404329.65,87404329.65,87404541.52,86626378.63,1965739.181,1187788.155,1965739.181,1187788.155,1938954.268,1160791.38,FALSE,FALSE,TRUE
1264245,c025,coarse/relief_q2,coastal,FALSE,2004,bcc04002,100,40000,153,6462,3318.754765,dem_agl,reported,6217.697859,1,172.1288145,93237,0,0,0,0,0,244.3041321,244.3041321,,0,86460421,86303581.52,86303581.52,86302369.6,86460421,1574081.326,1730920.804,1574081.326,1730920.804,1290924.731,1448976.128,FALSE,FALSE,TRUE
1264246,c025,coarse/relief_q2,coastal,TRUE,2004,bcc04002,101,40000,153,6475,3352.10276,dem_agl,reported,6221.265415,1,176.4072886,93345,597,498,479,43,0,253.7132553,255.3443393,0.03873752058,0,87591427.88,86402647.51,86357347.56,86401647.15,86512467.61,1305729.604,1965980.474,1289044.734,1991875.4,1081091.335,1662630.396,FALSE,FALSE,TRUE
1264247,c025,coarse/relief_q2,coastal,TRUE,2004,bcc04002,102,40000,153,6461,3332.112973,dem_agl,reported,6226.326262,1,169.5276609,93497,7330,7036,6958,128,0,234.6785406,254.6323455,0.07122123986,0,87054656.99,86543277.58,85989467.67,86542214.25,79269110.2,1927374.624,1428674.897,1694286.556,1653819.714,1888880.599,1417651.063,FALSE,FALSE,TRUE
161071,c026,coarse/relief_q2,coastal,TRUE,1997,bcb97037,67,40000,153,6605,3305.922178,dem_agl,reported,6303.046124,1,147.3898087,95685,304,235,234,53,0,301.9123774,302.8713877,0.1226563677,0,89838419.81,88689163.93,88662177.82,88688472.47,89175349.29,1714326.316,2481110.447,1704264.481,2496991.183,1226857.432,1934306.226,TRUE,FALSE,FALSE
161072,c026,coarse/relief_q2,coastal,TRUE,1997,bcb97037,68,40000,153,6607,3279.357842,dem_agl,reported,6322.903294,1,166.6677704,96249,7642,7212,7176,292,0,283.980978,308.442586,0.1802430451,0,90552758.5,89248858.37,88559634.63,89250840.42,82548411.11,1434426.62,1801384.632,1194366.987,2173215.519,1299937.378,1817770.299,FALSE,FALSE,TRUE
161073,c026,coarse/relief_q2,coastal,TRUE,1997,bcb97037,69,40000,153,6601,3279.357842,dem_agl,reported,6407.500031,1,183.3770162,98862,21191,20210,20074,609,0,193.5245334,246.2471051,0.1444586664,0,91199917.63,91653029.45,90150944.96,91652266.77,70655364.61,2485469.786,1133373.426,1721559.012,1617575.028,1495786.558,725218.6306,FALSE,FALSE,TRUE
161074,c026,coarse/relief_q2,coastal,TRUE,1997,bcb97037,70,40000,153,6604,3345.748307,dem_agl,reported,6499.241614,1,151.4099899,101726,40502,38988,38751,964,0,104.6771276,173.7503724,0.1620675027,0,92722740.29,94296365.84,92302673.43,94296055.95,54337769.84,2884976.576,456828.809,2047023.652,1040105.905,2636849.441,296967.7714,FALSE,FALSE,TRUE
161075,c026,coarse/relief_q2,coastal,TRUE,1997,bcb97037,71,40000,153,6603,3279.359457,dem_agl,reported,6518.378303,1,143.3089094,102324,54127,52843,52567,853,0,84.62007852,179.3959898,0.1626994908,0,94794048.52,94852485.16,92114265.36,94852083.62,43585973.88,1406674.715,311752.039,689256.2932,1165004.491,1570063.425,447347.5329,FALSE,FALSE,TRUE
161076,c026,coarse/relief_q2,coastal,TRUE,1997,bcb97037,72,40000,153,6603,3279.359457,dem_agl,reported,6486.295903,1,191.5920384,101317,60170,59466,59261,500,0,116.6924075,287.0397903,0.1648404822,0,94353007.82,93921085.84,89052630.72,93919994.55,36851575.66,1854478.981,566105.7148,948737.5312,2030670.38,1684175.199,814259.8785,FALSE,FALSE,TRUE
161077,c026,coarse/relief_q2,coastal,TRUE,1997,bcb97037,73,40000,153,6601,3272.714826,dem_agl,reported,6469.427833,1,203.1140648,100797,58702,58441,58224,223,0,131.5762666,314.7911967,0.1685529351,0,93110219.97,93433224.19,88216081.31,93427550.09,36361673.13,2870967.423,210305.7736,1522222.299,1039389.742,1954234.999,601112.1918,FALSE,FALSE,TRUE
161078,c026,coarse/relief_q2,coastal,TRUE,1997,bcb97037,74,40000,153,6607,3272.714826,dem_agl,reported,6506.121764,1,192.736559,101969,70429,70000,69832,324,0,100.8129571,325.3538033,0.2091233283,0,93541549.53,94496117.32,88086125.49,94491784.73,26298792.37,2996385.054,53341.76788,1413761.806,530901.9575,1931197.223,195693.8435,FALSE,FALSE,TRUE
161079,c026,coarse/relief_q2,coastal,TRUE,1997,bcb97037,75,40000,153,6604,3332.480206,dem_agl,reported,6556.627659,1,133.2241739,103529,86087,85679,85564,315,0,47.34485737,279.480692,0.2954867184,0,94987407.72,95968925.72,89293708.75,95969746.55,14138069.71,2042723.072,7986.564417,799717.3118,326773.779,1733965.887,32609.37151,FALSE,FALSE,TRUE
161080,c026,coarse/relief_q2,coastal,TRUE,1997,bcb97037,76,40000,153,6600,3332.480206,dem_agl,reported,6596.927435,1,26.29499097,104805,102915,102701,102674,153,0,3.055396282,151.560716,0.316084832,0,96673905.86,97152281.6,92827468.72,97152787.56,1215320.799,545538.437,101.882635,182798.9295,119770.2461,534500.0154,382.1081956,FALSE,FALSE,TRUE
1448370,c027,coarse/relief_q2,coastal,TRUE,1966,bc4361,194,32000,153,5791,1420.342942,dem_agl,reported,5629.409075,1,147.0658762,76353,25601,25073,25024,325,0,161.5174911,242.9459361,0.01994618028,0,71646860.67,70744911.61,68713087.42,70746298.37,45940139.59,1425880.524,334503.0315,692540.687,690087.1784,415130.3209,479350.0022,FALSE,FALSE,TRUE
1448371,c027,coarse/relief_q2,coastal,TRUE,1966,bc4361,195,32000,153,5791,1420.342942,dem_agl,reported,5659.685218,1,148.8675458,77186,35040,34358,34318,421,0,131.3015505,240.3948279,0.01875691675,0,71920430.11,71507919.86,68777786.07,71507847.47,37422260.46,1701188.42,73443.17685,833652.6906,280896.1023,744770.1596,265623.601,FALSE,FALSE,TRUE
1448372,c027,coarse/relief_q2,coastal,TRUE,1966,bc4361,196,32000,153,5791,1663.287718,dem_agl,reported,5697.876873,1,138.8600736,78236,46389,45749,45702,378,0,93.12147224,228.679467,0.0163856037,0,72334874.87,72476249.43,69068711.75,72476235.23,27974225,1689074.539,154754.5562,720539.6688,557111.2352,1104391.297,140413.6978,FALSE,FALSE,TRUE
1448373,c027,coarse/relief_q2,coastal,TRUE,1966,bc4361,197,32000,153,5791,1663.287718,dem_agl,reported,5723.148358,1,119.9752877,78939,50099,49264,49138,501,0,67.51182125,184.6711187,0.01549962442,0,71802610.73,73120575.11,70157496.36,73128898.96,24647568.65,2192124.628,123695.9094,1103796.924,695142.2656,2061448.789,106674.7929,FALSE,FALSE,TRUE
1448374,c027,coarse/relief_q2,coastal,TRUE,1966,bc4361,198,32000,153,5791,1663.262763,dem_agl,reported,5735.219622,1,104.0701357,79279,50210,49028,48854,710,0,55.33133755,150.7324384,0.01990425307,0,71905641.98,73429352.22,71006784.99,73440749.47,24827379.72,2173290.914,71148.01769,1069790.112,389310.8371,2183947.363,76649.7533,FALSE,FALSE,TRUE
1448375,c027,coarse/relief_q2,coastal,TRUE,1966,bc4361,199,32000,153,5791,1663.262763,dem_agl,reported,5701.532771,1,125.0318455,78364,37981,36854,36673,654,0,89.18681775,172.9581862,0.02718682028,0,71478274.34,72569284.34,70452461.34,72574983.96,35483060.94,2077041.159,165208.6089,1155777.637,602504.7638,1543740.319,100785.2772,FALSE,FALSE,TRUE
1448376,c027,coarse/relief_q2,coastal,TRUE,1966,bc4361,200,32000,153,5791,1339.943811,dem_agl,reported,5642.354436,1,180.0507738,76754,28807,27400,27181,833,0,148.5265906,237.6290517,0.0424856022,0,70455967.6,71070654.99,68843723.22,71073236.36,42284018.35,2633208.695,518737.4429,1865522.733,1110679.952,1838953.68,679703.0356,FALSE,FALSE,TRUE
1448377,c027,coarse/relief_q2,coastal,TRUE,1966,bc4361,201,32000,153,5791,1338.836787,dem_agl,reported,5695.770349,1,140.817918,78210,40387,38889,38664,895,0,95.09822003,196.4533027,0.03822631761,0,71721382.93,72422669.9,69868109.33,72426024.52,33097058.52,2117061.731,187617.3067,1319758.736,639286.966,1742464.241,283887.8273,FALSE,FALSE,TRUE
1448378,c027,coarse/relief_q2,coastal,TRUE,1966,bc4361,202,32000,153,5791,1338.836787,dem_agl,reported,5732.152287,1,103.2661068,79205,49809,48363,48141,892,0,58.80565519,158.1937954,0.03539421782,0,72853817.76,73350829.62,70829263.26,73351561.16,25893298.06,1410154.858,84781.87203,714327.3186,485769.9834,1276160.747,105244.7137,FALSE,FALSE,TRUE
1448379,c027,coarse/relief_q2,coastal,TRUE,1966,bc4361,203,32000,153,5791,1338.845416,dem_agl,reported,5747.148394,1,80.78282551,79615,50886,49084,48846,1123,0,43.72917849,120.8796133,0.03481211513,0,72916782.24,73735123.56,71768752.22,73738281.36,25273692,1371273.292,39480.3642,678053.5025,393890.232,1425961.59,54546.6048,FALSE,FALSE,TRUE
709302,c028,coarse/relief_q2,coastal,FALSE,1980,bc80048,41,40000,153,7163,3792.585568,dem_agl,reported,6868.36972,1,204.2663645,115906,0,0,0,0,0,294.5051429,294.5051429,,0,104305145.4,105311772,105311772,105314386.7,104305145.4,3342579.498,2335952.953,3342579.498,2335952.953,3055260.423,2046019.158,FALSE,FALSE,TRUE
709303,c028,coarse/relief_q2,coastal,TRUE,1980,bc80048,42,40000,153,7163,3792.585568,dem_agl,reported,6816.765387,1,239.2254768,114185,139,124,119,0,0,346.0317002,346.4528347,0.5668205619,0,105752435.9,103735232.5,103722415.5,103740713.4,104861205.8,2451253.152,3704738.912,2448344.781,3714151.299,1743240,3041709.75,FALSE,FALSE,TRUE
709304,c028,coarse/relief_q2,coastal,TRUE,1980,bc80048,43,40000,153,7163,3799.508409,dem_agl,reported,6902.417186,1,272.3018322,117071,24035,23628,23573,149,0,260.474529,327.7408581,0.01777720638,0,107508148,106358450.1,104295554.9,106348530,83465507.55,2702859.501,1637501.429,2282040.519,2704493.365,1711900.032,1900535.745,FALSE,FALSE,TRUE
709305,c028,coarse/relief_q2,coastal,TRUE,1980,bc80048,44,40000,153,7163,3799.369004,dem_agl,reported,7024.024361,1,183.7971092,121199,42746,40849,40757,520,0,138.1166053,213.2893497,0.01082743285,0,107400254.9,110139121.7,107794267.7,110163921,67610684.6,4021726.619,352834.4446,2739515.178,904318.7145,3628320.878,337657.5002,FALSE,FALSE,TRUE
709306,c028,coarse/relief_q2,coastal,TRUE,1980,bc80048,45,40000,153,7163,3799.369004,dem_agl,reported,7076.165656,1,106.1842126,123030,47151,44628,44508,792,0,86.70653442,140.4740707,0.001741250395,0,110540942.7,111780377.8,110088127.5,111784605,66963796.54,2221196.919,251468.9409,1436384.557,697019.0246,2237357.428,435181.6063,FALSE,FALSE,TRUE
709307,c028,coarse/relief_q2,coastal,TRUE,1980,bc80048,46,40000,153,7163,3839.894274,dem_agl,reported,6994.797538,1,162.5547649,120274,32855,31241,31206,424,0,168.0868812,231.2014041,-0.06487315893,0,108286837,109224455.3,107262268.8,109211522.6,77259039.33,2878215.173,754879.0467,2099301.15,1504098.565,2347662.826,905119.2488,FALSE,FALSE,TRUE
709308,c028,coarse/relief_q2,coastal,TRUE,1980,bc80048,47,40000,153,7163,3832.691479,dem_agl,reported,6855.846154,1,285.569317,115529,26416,25446,25422,231,0,307.1644713,398.1875661,-0.07467249408,0,105584313.7,104928077.9,102160373.9,104923037.3,79275932.21,3610110.664,1958343.11,2833329.165,3309073.416,2407428.897,1735055.689,FALSE,FALSE,TRUE
709309,c028,coarse/relief_q2,coastal,TRUE,1980,bc80048,48,40000,153,7163,3832.649715,dem_agl,reported,6676.02143,1,284.3188872,109556,139,115,115,2,0,484.2221654,484.8362906,0.6791751385,0,107288003.9,99495865.6,99477561.25,99572791.59,106228002.6,230794.2106,7086576.634,229412.5098,7103027.832,55518.5978,6997715.085,FALSE,FALSE,TRUE
709310,c028,coarse/relief_q2,coastal,FALSE,1980,bc80048,49,40000,153,7163,3832.603526,dem_agl,reported,6714.408384,1,290.9918741,110820,0,0,0,0,0,448.2194126,448.2194126,,0,103131333.8,100643352.6,100643352.6,100648439.7,103131333.8,1567667.324,4055648.551,1567667.324,4055648.551,476336.6515,2959230.754,FALSE,FALSE,TRUE
709311,c028,coarse/relief_q2,coastal,FALSE,1980,bc80048,50,40000,153,7163,3832.603526,dem_agl,reported,6877.331159,1,159.0221461,116264,0,0,0,0,0,284.7724312,284.7724312,,0,102722094.4,105586760.3,105586760.3,105612275.2,102722094.4,3775023.839,910357.9787,3775023.839,910357.9787,3632621.874,742441.0676,FALSE,FALSE,TRUE
80194,c029,coarse/relief_q2,coastal,TRUE,1996,bcb96016,113,40000,153,7066,3588.695174,dem_agl,reported,6839.777832,1,153.4610418,115455,15681,13613,13590,141,0,225.6565641,261.14556,0.107261017,0,107575618.3,104436805.9,103355852.1,104454064.9,90395153.27,1099429.493,1233227.169,878875.7185,1657364.248,960814.1163,1095337.729,FALSE,FALSE,TRUE
80195,c029,coarse/relief_q2,coastal,TRUE,1996,bcb96016,114,40000,153,7058,3574.369328,dem_agl,reported,6868.575131,1,174.2349911,116422,41333,39188,39160,43,0,189.2305947,293.3775699,0.1358840317,0,107091806.4,105318071.2,102148446.8,105322952.1,67024944.52,1494469.29,592589.4896,695368.3443,1536567.796,394837.1908,1491304.061,FALSE,FALSE,TRUE
80196,c029,coarse/relief_q2,coastal,TRUE,1996,bcb96016,115,40000,153,7059,3574.369328,dem_agl,reported,6961.421878,1,166.0769423,119604,82965,81159,81132,33,0,97.44710194,317.812477,0.1597103924,0,107106345.5,108184613.6,101443803.8,108187743.3,30205356.71,2993080.032,53453.99405,831948.7089,532302.1715,1923530.92,255117.5395,FALSE,FALSE,TRUE
80197,c029,coarse/relief_q2,coastal,TRUE,1996,bcb96016,116,40000,153,7064,3567.01211,dem_agl,reported,7047.32756,1,61.05020392,122562,106128,100229,100087,267,0,16.55963335,122.7142437,0.1866977662,0,109785298.4,110871138.3,107556168.2,110874680.1,13416956.62,1457145.262,6094.125889,821713.4629,344121.8058,1413970.675,2737.796576,FALSE,FALSE,TRUE
80198,c029,coarse/relief_q2,coastal,TRUE,1996,bcb96016,117,40000,153,7070,3567.01211,dem_agl,reported,7043.760531,1,55.1175311,122425,88862,80295,80157,409,0,26.22408197,95.42593902,0.2258464321,0,110435140.8,110758931.1,108593306,110759223.4,29435032.59,960598.6022,18332.59878,580036.29,178796.8629,750958.3281,63976.02446,FALSE,FALSE,TRUE
80199,c029,coarse/relief_q2,coastal,TRUE,1996,bcb96016,118,40000,153,7080,3588.695211,dem_agl,reported,7022.461361,1,88.20503199,121686,59853,44596,44390,631,0,57.41446792,113.1427767,0.20735614,0,111345033.5,110090110.4,108349754.1,110093723.2,55769102.2,268056.6633,91332.059,150648.9484,360591.371,138518.6231,355572.1628,FALSE,FALSE,TRUE
80200,c029,coarse/relief_q2,coastal,TRUE,1996,bcb96016,119,40000,153,7090,3588.695211,dem_agl,reported,7008.698057,1,98.39122464,121221,40017,23139,23039,757,0,81.27410573,121.5144832,-0.244039759,0,110347736,109659002.6,108403405.1,109659501.1,73086851.73,828687.4239,453458.4478,578492.8295,933221.0648,653596.3594,724479.0426,FALSE,FALSE,TRUE
80201,c029,coarse/relief_q2,coastal,TRUE,1996,bcb96016,120,40000,153,7091,3588.841135,dem_agl,reported,7003.01683,1,103.5232649,121017,24877,10662,10535,681,0,87.98788671,110.9049528,-1.112165689,0,109730470.5,109481296.2,108765923.1,109480997.7,86352893.38,1359736.063,740400.2696,1195022.546,1066095.597,1266388.233,828454.9172,FALSE,FALSE,TRUE
80202,c029,coarse/relief_q2,coastal,TRUE,1996,bcb96016,121,40000,153,7088,3588.717114,dem_agl,reported,6885.256792,1,264.8750508,116987,8234,3785,3728,338,0,201.837113,217.1489618,-0.9517979026,0,103254444.5,105830262.9,105360082.9,105842267.6,93741874.82,5856568.462,1220464.482,5675717.634,1372754.815,4080150.568,515185.579,FALSE,FALSE,TRUE
80203,c029,coarse/relief_q2,coastal,TRUE,1996,bcb96016,122,40000,153,7086,3588.717114,dem_agl,reported,6658.471588,1,403.5501641,109409,2119,1850,1807,40,0,427.0172932,435.4530828,-0.1638470888,0,102089329.8,98973446.19,98722821.03,98987892.94,98300871.78,3350356.769,4592166.176,3275572.953,4739876.185,2942954.671,3479654.756,FALSE,FALSE,TRUE
822435,c030,coarse/relief_q2,coastal,TRUE,1982,bc82010,218,60000,153,10363,5666.035699,dem_agl,reported,10361.65922,1,10.08680959,265018,260514,260349,260347,67,0,1.337805119,71.33947011,0.1160233766,0,239333150.3,239678015.5,236450504.3,239678143,3680626.529,390189.9579,0,92749.87984,21020.84419,384335.1463,0,FALSE,FALSE,TRUE
822436,c030,coarse/relief_q2,coastal,TRUE,1982,bc82010,219,60000,153,10363,5666.035699,dem_agl,reported,10362.15014,1,7.24426453,265054,262327,261992,261976,1,0,0.8493929965,68.17493611,0.1579333246,0,239538537.7,239700727.5,236596052.2,239700754.2,2291215.82,189478.8574,0,18235.21025,28813.17445,187315.0441,0,FALSE,FALSE,TRUE
822437,c030,coarse/relief_q2,coastal,TRUE,1982,bc82010,220,60000,153,10363,5666.048381,dem_agl,reported,10360.5483,1,11.68317965,264967,249665,247372,247138,59,0,2.450910909,40.77272166,0.1487082094,0,239484378.8,239626624.4,237857230.9,239626680,13616801.79,233156.658,0.1205579544,59048.07224,107577.4517,214141.5165,276.9599101,FALSE,FALSE,TRUE
822438,c030,coarse/relief_q2,coastal,TRUE,1982,bc82010,221,60000,153,10363,5666.069403,dem_agl,reported,10343.84489,1,39.56810266,264127,182903,179703,179394,160,0,19.12861877,62.08093655,0.1336340755,0,237662329.6,238854589.2,236875043.3,238855911.9,71814835.29,1652803.293,24134.68108,914853.8646,279336.6819,1442149.191,29667.70964,FALSE,FALSE,TRUE
160957,c031,coarse/relief_q3,coastal,TRUE,1997,bcb97036,168,40000,153,6892,3358.571201,dem_agl,reported,6576.887334,1,242.4246365,104478,5071,4167,3967,551,0,315.107799,331.1457235,0.3271205723,0,96119984.7,96562921.07,96092552.49,96562778.27,90488553.58,3078293.105,1697061.239,2848515.915,1892438.823,3037950.026,1659846.285,TRUE,FALSE,FALSE
160958,c031,coarse/relief_q3,coastal,TRUE,1997,bcb97036,169,40000,153,6891,3324.983775,dem_agl,reported,6598.682876,1,226.931998,105176,4524,4097,3904,297,0,292.2206392,305.3342512,0.2322704345,0,96109518.73,97203992.87,96818028.32,97206613.3,91495259.93,3195733.39,1676039.594,3003171.308,1850135.11,3047112.411,1716961.305,FALSE,FALSE,TRUE
160959,c031,coarse/relief_q3,coastal,TRUE,1997,bcb97036,170,40000,153,6888,3324.983726,dem_agl,reported,6587.380546,1,215.5717976,104812,4948,4449,4222,354,0,300.4982314,315.3621809,0.2282128483,0,95626865.64,96871292.93,96434619.97,96873323.5,90473022.92,3275710.933,1460482.574,3040372.852,1633431.544,3037395.26,1369344.834,FALSE,FALSE,TRUE
160960,c031,coarse/relief_q3,coastal,TRUE,1997,bcb97036,171,40000,153,6893,3324.983726,dem_agl,reported,6600.399856,1,213.1960592,105232,7781,7067,6888,486,0,292.5593743,315.8768002,0.2320239246,0,96511104.08,97254584.51,96568650.03,97237096.59,88067000.86,3249642.945,1259471.315,2869688.455,1469642.577,2915699.17,1197831.725,FALSE,FALSE,TRUE
160961,c031,coarse/relief_q3,coastal,TRUE,1997,bcb97036,172,40000,153,6894,3322.209185,dem_agl,reported,6704.845237,1,172.0422384,108614,22812,21623,21491,603,0,189.136029,239.3181691,0.2555699199,0,101069383.5,100356869.6,98860257.52,100356926.4,78394976.11,1843690.905,957679.6789,1323232.252,1508909.166,1281883.996,1323254.445,FALSE,FALSE,TRUE
160962,c031,coarse/relief_q3,coastal,TRUE,1997,bcb97036,173,40000,153,6895,3322.209185,dem_agl,reported,6721.950656,1,158.1648266,109167,24810,23571,23336,623,0,173.0493438,223.8369907,0.25861305,0,101021203.4,100869584.2,99351103.67,100862297.5,76868159.88,2030174.173,952110.9511,1483898.071,1562450.215,1774422.833,1385805.728,FALSE,FALSE,TRUE
160963,c031,coarse/relief_q3,coastal,TRUE,1997,bcb97036,174,40000,153,6890,3342.366045,dem_agl,reported,6718.547511,1,156.1727195,109057,18877,17871,17619,554,0,171.4049,207.1985199,0.2831507921,0,99861007.84,100767474.9,99696640.8,100768823.4,81322597.48,2659673.65,653769.857,2143484.339,987715.2194,2741991.233,792571.3898,FALSE,FALSE,TRUE
160964,c031,coarse/relief_q3,coastal,TRUE,1997,bcb97036,175,40000,153,6891,3335.688173,dem_agl,reported,6673.690374,1,183.9318314,107601,11886,10578,10364,834,0,217.2664427,244.157444,0.4279871136,0,100397527.4,99426396.09,98626751.96,99423527.56,87299568.2,2127518.119,977450.545,1857511.398,1257682.424,2221591.287,1032339.747,FALSE,FALSE,TRUE
160965,c031,coarse/relief_q3,coastal,TRUE,1997,bcb97036,176,40000,153,6891,3335.688173,dem_agl,reported,6713.051859,1,196.0714203,108881,32431,30066,29921,1630,0,177.7368049,252.8076578,0.4634039998,0,102191349.6,100602690.3,98365227.62,100608933.6,69861556.74,1340189.234,559596.5924,779141.5167,1247996.498,1178392.955,800108.281,FALSE,FALSE,TRUE
160966,c031,coarse/relief_q3,coastal,TRUE,1997,bcb97036,177,40000,153,6890,3342.353181,dem_agl,reported,6786.51193,1,181.0056035,111273,69282,67121,67027,1490,0,103.3844694,272.9360689,0.4925252497,0,103792751.7,102816502,97743222.34,102812711,37822190.88,1128731.111,141901.2318,214210.2852,1127114.763,545865.5324,915776.1217,FALSE,FALSE,TRUE
1488012,c032,coarse/relief_q3,coastal,FALSE,1963,bc5086,81,32000,153,6096,3112.364188,dem_agl,reported,5560.146357,1,239.4158604,76596,0,0,0,0,0,535.8291043,535.8291043,,0,68670792.88,69014768.78,69014768.78,69009917.18,68670792.88,2605702.65,2261726.747,2605702.65,2261726.747,2619089.506,2279965.21,FALSE,FALSE,TRUE
1488013,c032,coarse/relief_q3,coastal,FALSE,1963,bc5086,82,32000,153,6096,3112.890601,dem_agl,reported,5577.377442,1,253.7334323,77086,0,0,0,0,0,518.507412,518.507412,,0,69648697.24,69443189.91,69443189.91,69443725.65,69648697.24,2576368.988,2781876.315,2576368.988,2781876.315,2352115.708,2557087.301,FALSE,FALSE,TRUE
1488014,c032,coarse/relief_q3,coastal,TRUE,1963,bc5086,83,32000,153,6096,3113.943706,dem_agl,reported,5629.898579,1,268.2589533,78554,224,243,223,0,0,466.0821067,467.4158922,-0.4075641632,0,71293676.35,70757215.35,70723692.98,70752918.41,70614788.4,2853712.625,2912809.12,2835042.719,2926581.236,2635477.976,2688083.896,FALSE,FALSE,TRUE
1488015,c032,coarse/relief_q3,coastal,TRUE,1963,bc5086,84,32000,153,6096,3113.943706,dem_agl,reported,5742.956721,1,291.0522536,81755,10391,9838,9721,110,0,352.2393508,403.5712092,-0.402318567,0,71777789.23,73627605.61,72317287.16,73647458.85,61408810.64,4256562.977,1400347.457,3497840.157,1802405.226,3869526.551,1365762.856,FALSE,FALSE,TRUE
1488016,c032,coarse/relief_q3,coastal,TRUE,1963,bc5086,85,32000,153,6096,2775.219665,dem_agl,reported,5833.376666,1,252.9561878,84369,17441,16740,16617,212,0,259.6248978,327.350732,-0.400154233,0,72450832.7,75964315.82,74210655.27,76040595.67,56122819.21,4992145.751,855010.1536,3891528.822,1349262.382,4827022.633,660225.6682,FALSE,FALSE,TRUE
1488017,c032,coarse/relief_q3,coastal,TRUE,1963,bc5086,86,32000,153,6096,2771.84407,dem_agl,reported,5856.507401,1,216.6697531,85052,17002,16246,16174,218,0,238.5624762,298.2315708,-0.4025186002,0,74354649.34,76567943.61,75015665.02,76587771.05,58522399.16,3761885.077,1029297.625,2888912.691,1573788.811,3480225.844,771300.5911,FALSE,FALSE,TRUE
1488018,c032,coarse/relief_q3,coastal,TRUE,1963,bc5086,87,32000,153,6096,2771.395903,dem_agl,reported,5779.215959,1,216.9946857,82830,6939,6789,6775,107,0,316.3474147,345.291269,-0.4002773464,0,72998739.18,74560264.09,73815298.91,74569378.08,65933438.1,3339696.427,958658.416,2878756.513,1164451.479,2834800.467,804476.7269,FALSE,FALSE,TRUE
1488019,c032,coarse/relief_q3,coastal,FALSE,1963,bc5086,88,32000,153,6096,2771.395903,dem_agl,reported,5650.790976,1,246.5122604,79200,358,345,337,12,0,445.1263346,447.1480744,-0.4393660724,0,71207430.84,71283345.89,71232347.51,71285180.64,70251660.7,2824064.773,2116326.824,2799179.567,2140203.617,2585334.851,1996249.326,FALSE,FALSE,TRUE
1488020,c032,coarse/relief_q3,coastal,FALSE,1963,bc5086,89,32000,153,6096,2771.806585,dem_agl,reported,5556.863863,1,239.6426354,76600,0,0,0,0,0,539.1441398,539.1441398,,0,69035450,68933305.58,68933305.58,68915602.59,69035450,2430555.479,2532699.906,2430555.479,2532699.906,2030380.086,2150227.498,FALSE,FALSE,TRUE
1488021,c032,coarse/relief_q3,coastal,FALSE,1963,bc5086,90,32000,153,6096,3287.901404,dem_agl,reported,5523.494956,1,226.1359959,75696,0,0,0,0,0,572.2957402,572.2957402,,0,67250367.77,68107903.81,68107903.81,68106162.63,67250367.77,2998258.946,2140722.913,2998258.946,2140722.913,2747184.548,1891389.689,FALSE,FALSE,TRUE
1136894,c033,coarse/relief_q3,coastal,TRUE,1979,bc79205,32,40000,153,6553,3104.985694,dem_agl,reported,6040.29678,1,440.8890263,89360,19591,18150,18115,882,0,512.8409965,656.7642155,-0.0521954298,0,84200148.08,81449072.94,77613911.46,81443589.28,61797357.08,4102091.314,2317626.408,2804448.091,3536493.681,2531090.01,3671925.178,FALSE,FALSE,TRUE
1136895,c033,coarse/relief_q3,coastal,TRUE,1979,bc79205,33,40000,153,6553,3105.107939,dem_agl,reported,6176.894764,1,395.3946114,93447,29408,27183,27138,1295,0,376.106026,548.6889472,-0.06147748046,0,84446581.42,85174578.91,80481501.52,85173753.98,54213887.24,4940356.143,794877.533,2780076.957,1800046.224,4795648.05,955727.4864,FALSE,FALSE,TRUE
1136896,c033,coarse/relief_q3,coastal,TRUE,1979,bc79205,34,40000,153,6553,3105.107939,dem_agl,reported,6188.076431,1,314.4605546,93784,22062,19916,19874,1244,0,364.8977994,477.0188964,-0.06540128961,0,84617367.35,85483231.01,82413571.57,85481602.19,62059077.56,4457422.143,1149528.188,3098798.033,2191417.641,4244357.142,1132827.66,FALSE,FALSE,TRUE
1136897,c033,coarse/relief_q3,coastal,TRUE,1979,bc79205,35,40000,153,6553,3056.331967,dem_agl,reported,6144.403251,1,284.9687514,92467,13008,12100,12087,481,0,408.592415,475.4456792,-0.05291114189,0,83983946.24,84280870.19,82456836.63,84278065.64,70823912.07,3711557.335,2106737.106,2964163.727,2999337.871,2962531.886,1753647.902,FALSE,FALSE,TRUE
1136898,c033,coarse/relief_q3,coastal,TRUE,1979,bc79205,36,40000,153,6553,3056.230469,dem_agl,reported,6167.880742,1,216.6447835,93174,2881,2646,2644,165,0,385.1233838,397.3959141,-0.02465534583,0,85188145.28,84926167.56,84588540.4,84925823.61,81503960.29,3251996.11,2452905.14,3105355.928,2612131.487,3008923.328,2180511.112,FALSE,FALSE,TRUE
1136899,c033,coarse/relief_q3,coastal,FALSE,1979,bc79205,37,40000,153,6553,3049.104251,dem_agl,reported,6195.178236,1,194.2462692,94005,0,0,0,0,0,357.8214637,357.8214637,,0,84905297.49,85679554.9,85679554.9,85670850.5,84905297.49,2668198.528,1893941.119,2668198.528,1893941.119,2673551.843,1907998.833,FALSE,FALSE,TRUE
1136900,c033,coarse/relief_q3,coastal,TRUE,1979,bc79205,38,40000,153,6553,3049.104251,dem_agl,reported,6264.312366,1,180.0978904,96109,113,69,66,14,0,288.6615013,289.0012151,0.06225124002,0,88631986.77,87602480.05,87592978.94,87600119.77,88275213.41,1522689.797,2297827.971,1518937.613,2303405.613,1402871.301,2178666.798,TRUE,FALSE,FALSE
1136901,c033,coarse/relief_q3,coastal,TRUE,1979,bc79205,39,40000,153,6553,3055.992283,dem_agl,reported,6307.22778,1,182.8067373,97429,3576,2913,2874,398,0,245.7503524,255.0859702,0.05605980568,0,89904550.93,88806881.8,88544182.06,88802016.82,85521155.1,1671521.285,1648626.447,1572221.465,1772035.046,1580310.667,1884453.517,TRUE,FALSE,FALSE
1136902,c033,coarse/relief_q3,coastal,TRUE,1979,bc79205,40,40000,153,6553,3055.992283,dem_agl,reported,6387.368543,1,141.5460208,99921,8611,6982,6916,979,0,165.6328313,181.1853912,0.02557334863,0,91190262.02,91078011.63,90635021.15,91076444.18,82351677.14,1873922.045,1000657.707,1714266.791,1192554.518,1503038.712,1003095.965,TRUE,FALSE,FALSE
1136903,c033,coarse/relief_q3,coastal,TRUE,1979,bc79205,41,40000,153,6553,3217.461709,dem_agl,reported,6441.298236,1,111.7924689,101617,22613,18905,18696,2129,0,111.6273151,143.418237,0.01180784404,0,94149640.49,92622480.16,91710462.89,92623930.4,72329668.91,470441.569,790475.9815,314712.3567,1206640.174,286574.8103,991986.1096,FALSE,FALSE,TRUE
332692,c034,coarse/relief_q3,coastal,TRUE,1986,bc86079,209,60000,153,9914,5365.472782,dem_agl,reported,9715.115419,1,197.4322276,229882,44278,42969,42914,916,0,198.6137082,245.9392479,0.07159657776,0,215555598.3,210700477.4,208652693.9,210707408.2,172135433.9,949869.6774,2961304.008,656458.268,4046338.7,537417.4671,3425389.812,FALSE,FALSE,TRUE
332693,c034,coarse/relief_q3,coastal,TRUE,1986,bc86079,210,60000,153,9912,5392.559156,dem_agl,reported,9792.1278,1,179.8092848,233543,118845,115910,115683,1915,0,119.8624542,243.8786482,0.06574063003,0,213311975.9,214054191.5,208666581.3,214053814.7,102848818.4,3610175.294,1321053.126,2255621.091,3735652.78,2975723.768,1314951.344,FALSE,FALSE,TRUE
332694,c034,coarse/relief_q3,coastal,TRUE,1986,bc86079,211,60000,153,9911,5392.559156,dem_agl,reported,9879.870611,1,56.89309033,237750,145443,138809,138054,4370,0,31.05588482,79.55933152,0.06259439886,0,215748571.9,217907463.1,215773160,217910281.9,81950636.06,2717909.361,53713.62875,1754384.633,391397.4759,2614893.972,95898.03843,FALSE,FALSE,TRUE
332695,c034,coarse/relief_q3,coastal,TRUE,1986,bc86079,212,60000,153,9876,5389.709368,dem_agl,reported,9791.251548,1,143.4606634,233506,91448,81769,80759,6310,0,84.74112497,138.9054288,0.0414134711,0,214578545.2,214015883.8,211654600.7,214013853.9,128810129,1955734.916,531111.2618,1565500.609,1254126.805,1396616.717,966283.4507,FALSE,FALSE,TRUE
332696,c034,coarse/relief_q3,coastal,TRUE,1986,bc86079,213,60000,153,9929,5389.709368,dem_agl,reported,9816.617926,1,161.8369125,234686,71279,60189,59359,7049,0,112.3205919,160.9335299,0.09923281521,0,217484763.7,215126230.1,213000849.7,215123037.7,149431671.8,1278949.6,915500.6723,1040319.385,1615440.449,649522.0237,1276658.097,FALSE,FALSE,TRUE
332697,c034,coarse/relief_q3,coastal,TRUE,1986,bc86079,214,60000,153,9916,5369.012954,dem_agl,reported,9741.254946,1,226.9658784,231123,72080,63887,63355,5208,0,174.5295647,253.314767,0.1145670041,0,208138533.9,211835825.7,208423116,211840280.2,140327305.8,6692395.631,1256700.935,5172043.579,2343899.019,6191473.111,1190613.952,FALSE,FALSE,TRUE
332698,c034,coarse/relief_q3,coastal,TRUE,1986,bc86079,215,60000,153,9903,5369.012954,dem_agl,reported,9600.665728,1,324.6625896,224500,59232,55084,54821,2466,0,302.1682309,410.3248563,0.1160262041,0,202223489.8,205765371.3,201155371.9,205771726.3,145759585.7,8096903.168,2397483.25,5839530.482,3983933.444,6749631.249,1586878.768,FALSE,FALSE,TRUE
332699,c034,coarse/relief_q3,coastal,TRUE,1986,bc86079,216,60000,153,9909,4425.507408,dem_agl,reported,9651.841386,1,300.9804891,226770,72960,68535,68376,2668,0,256.9511538,378.6398002,0.09103250876,0,203321923.8,207964852.8,202753944.9,207964831.6,133891815.8,8501250.512,1322992.207,6011649.309,2877983.345,8054377.65,987090.1775,FALSE,FALSE,TRUE
332700,c034,coarse/relief_q3,coastal,TRUE,1986,bc86079,217,60000,153,9923,4425.507408,dem_agl,reported,9686.837137,1,230.0196722,228497,58680,54752,54592,2345,0,236.1694341,317.6323428,0.09556857124,0,209240943.5,209475669.3,205967249.8,209472849.7,153053716.9,4117453.253,1512389.94,2771636.053,2839050.225,4287270.008,2085389.859,FALSE,FALSE,TRUE
332701,c034,coarse/relief_q3,coastal,TRUE,1986,bc86079,218,60000,153,9905,5157.319472,dem_agl,reported,9682.578827,1,223.3842712,228248,43748,39659,39359,2502,0,222.3936326,275.0067205,0.1096390039,0,212399560.9,209291539.8,207023227.3,209277278.6,170002677.2,1935355.636,2772226.18,1448700.278,3956029.94,1488823.452,2455053.655,FALSE,FALSE,TRUE
822423,c035,coarse/relief_q3,coastal,TRUE,1982,bc82010,206,60000,153,10363,5008.515279,dem_agl,reported,9751.438816,1,456.6699647,234749,47982,43104,43060,643,0,611.5407657,768.5813185,0.07393729314,0,212196527.1,212278979.4,205496805.3,212240676.3,163993574.1,10437694.18,5537655.102,7086345.867,7587566.128,7847642.976,4193552.398,FALSE,FALSE,TRUE
822424,c035,coarse/relief_q3,coastal,TRUE,1982,bc82010,207,60000,153,10363,5008.515279,dem_agl,reported,9908.295209,1,424.6679789,242361,65831,57635,57572,770,0,453.2861001,622.212112,0.1441131532,0,210053754.1,219163115.5,211753817.7,219224048.2,147874725.7,13657520.22,1904571.955,9095451.831,3758121.648,14120672.7,2016761.549,FALSE,FALSE,TRUE
81231,c036,coarse/relief_q3,coastal,FALSE,1996,bcb96038,92,40000,153,7012,3548.161663,dem_agl,reported,6539.565663,1,230.8857892,105342,0,0,0,0,0,472.3746807,472.3746807,,0,96774777.61,95470104.98,95470104.98,95468608,96774777.61,2458691.93,3763364.557,2458691.93,3763364.557,2632048.599,3938218.208,FALSE,FALSE,TRUE
81232,c036,coarse/relief_q3,coastal,FALSE,1996,bcb96038,93,40000,153,7015,3548.161663,dem_agl,reported,6649.600479,1,241.5553427,108916,0,0,0,0,0,365.3407496,365.3407496,,0,98405574.43,98709896.42,98709896.42,98703969.12,98405574.43,3604320.918,3299998.924,3604320.918,3299998.924,2495640.3,2197245.612,FALSE,FALSE,TRUE
81233,c036,coarse/relief_q3,coastal,FALSE,1996,bcb96038,94,40000,153,7012,3547.738697,dem_agl,reported,6727.842827,1,243.6681682,111491,0,0,0,0,0,284.1514676,284.1514676,,0,100298878.9,101046497.6,101046497.6,101042271.7,100293079.8,3058868.532,2305450.815,3058868.532,2305450.815,2821808.028,2072616.162,FALSE,FALSE,TRUE
81234,c036,coarse/relief_q3,coastal,TRUE,1996,bcb96038,95,40000,153,6990,3547.738697,dem_agl,reported,6801.612582,1,158.0562954,113948,4744,3723,3721,65,0,188.0922216,196.2776578,0.009974032175,0,101725265.6,103274564.6,103026141.5,103283134.2,96549437.95,3377692.748,950793.8013,3258111.047,1044584.954,3176276.096,910701.1997,FALSE,FALSE,TRUE
81235,c036,coarse/relief_q3,coastal,TRUE,1996,bcb96038,96,40000,153,6978,3569.293973,dem_agl,reported,6811.752751,1,164.0352277,114300,21304,17691,17683,147,0,166.2361194,204.3858972,0.00326130644,0,104442007.1,103582727.4,102425729.4,103576707.4,83656249.12,2113277.81,1486172.964,1874578.352,2070068.128,1125507.807,1388413.178,FALSE,FALSE,TRUE
81236,c036,coarse/relief_q3,coastal,TRUE,1996,bcb96038,97,40000,153,6956,3547.750478,dem_agl,reported,6837.030164,1,154.3060124,115138,48814,44253,44214,176,0,118.9262146,206.5828172,0.003091569641,0,103739116.7,104352914.3,101694279.2,104353539.5,57837585.32,2499010.517,225002.4627,1667597.401,849159.4781,1634379.43,639555.7172,FALSE,FALSE,TRUE
81237,c036,coarse/relief_q3,coastal,TRUE,1996,bcb96038,98,40000,153,6933,3547.750478,dem_agl,reported,6882.17994,1,97.7372964,116663,79251,75975,75923,155,0,50.7154739,158.3174082,0.006562192924,0,104758046.6,105735698.2,102455219,105738824.8,32011502.18,1944739.59,46879.45969,1018989.276,456087.2427,1481617.897,128213.5903,FALSE,FALSE,TRUE
81238,c036,coarse/relief_q3,coastal,TRUE,1996,bcb96038,99,40000,153,6911,3569.157105,dem_agl,reported,6894.147372,1,48.5947911,117075,99019,98303,98204,126,0,16.84511501,109.346077,0.003216845682,0,105805570.6,106103745.8,103275591.8,106103941.3,15670488.49,699455.2459,1361.635407,207423.3272,156603.6817,599059.5679,4979.458506,FALSE,FALSE,TRUE
81239,c036,coarse/relief_q3,coastal,TRUE,1996,bcb96038,100,40000,153,6896,3547.738703,dem_agl,reported,6893.954947,1,10.32311568,117068,109578,109334,109255,182,0,2.042746484,32.02171152,-0.0001844050494,0,105952242.4,106097822.9,105177077.9,106097886,6586699.255,200799.2934,0,123914.291,1116.962868,196968.2704,0,FALSE,FALSE,TRUE
81240,c036,coarse/relief_q3,coastal,TRUE,1996,bcb96038,101,40000,153,6902,3547.738703,dem_agl,reported,6900.831929,1,5.787177093,117298,111263,110954,110906,172,0,1.168121115,22.9180847,-0.002976799617,0,106288830.6,106309601.7,105640526.9,106309596.3,5413821.068,53445.27714,0,18196.70329,4587.679244,51468.93581,2.493284601,FALSE,FALSE,TRUE
149391,c037,coarse/relief_q3,coastal,TRUE,1994,bcb94028,245,50000,153,7945,4286.038083,dem_agl,reported,7816.855027,1,163.5238169,147705,64892,55083,54891,1987,0,128.075459,228.1390411,0.1092732251,0,134172890,136406072.8,132936156.1,136408363.3,73307660.9,3539243.938,403765.8054,1934261.1,1510962.816,3507072.121,399420.6452,FALSE,FALSE,TRUE
149392,c037,coarse/relief_q3,coastal,TRUE,1994,bcb94028,246,50000,153,7954,4137.883196,dem_agl,reported,7747.472584,1,207.0211166,145097,40146,36744,36598,1718,0,206.4965195,285.355128,0.1149931177,0,133160481.3,133995337.4,131281443.7,133993216.6,94952698.24,3105015.72,1155873.454,1993375.598,2328831.104,2817575.409,1568880.337,FALSE,FALSE,TRUE
149393,c037,coarse/relief_q3,coastal,TRUE,1994,bcb94028,247,50000,153,7955,4137.883196,dem_agl,reported,7690.134088,1,218.6433515,142905,20127,16589,16475,1920,0,264.8659115,308.1783071,0.182698071,0,132076150.9,132019296.8,130536365.8,132011830.1,111894760.9,3392172.994,1865975.081,2748169.157,2445821.478,2699741.775,1517357.834,FALSE,FALSE,TRUE
149394,c037,coarse/relief_q3,coastal,TRUE,1994,bcb94028,248,50000,153,7957,4171.419485,dem_agl,reported,7691.45702,1,240.6765184,143005,25165,21261,21153,2277,0,265.5294607,322.0827803,0.233489573,0,130824528.7,132064723.2,130129786.6,132065471.7,105787351.1,4317604.715,1271340.45,3349228.451,1867721.853,3613964.307,1092421.144,FALSE,FALSE,TRUE
149395,c037,coarse/relief_q3,coastal,TRUE,1994,bcb94028,249,50000,153,7959,4063.729373,dem_agl,reported,7726.952425,1,259.1547338,144326,48720,44632,44452,2475,0,232.0286973,349.9320636,0.3503026515,0,135214618,133286470.3,129249942.6,133287097.2,86493076.36,3016473.2,1205493.063,1926721.163,2167249.656,2387482.885,949831.1202,FALSE,FALSE,TRUE
149396,c037,coarse/relief_q3,coastal,TRUE,1994,bcb94028,250,50000,153,7967,4063.729373,dem_agl,reported,7788.340434,1,243.798924,146630,70149,67130,66968,1907,0,178.5968408,341.785716,0.4333936274,0,138240915,135412714.4,129797566.7,135411382.5,69563177.89,1741250.081,694620.4597,823656.1966,1845734.698,1348530.672,549425.9974,FALSE,FALSE,TRUE
149397,c037,coarse/relief_q3,coastal,TRUE,1994,bcb94028,251,50000,153,7978,4171.446899,dem_agl,reported,7899.285097,1,170.0242417,150837,109949,107934,107794,1365,0,78.70927835,288.6964415,0.4961098135,0,138793727.1,139298091.9,131990589.3,139297582,35427565.29,2476169.085,151545.033,1079242.011,1157703.153,1740943.131,350840.1385,FALSE,FALSE,TRUE
149398,c037,coarse/relief_q3,coastal,TRUE,1994,bcb94028,252,50000,153,7989,4272.531974,dem_agl,reported,7959.539745,1,99.28554172,153145,135307,134471,134435,600,0,29.45845476,248.679169,0.5068018436,0,141148287.5,141431289.8,133748005.1,141431071.9,15375553.64,1088929.161,1370.216409,70746.06458,641958.582,874155.9318,12155.77264,FALSE,FALSE,TRUE
149399,c037,coarse/relief_q3,coastal,TRUE,1994,bcb94028,253,50000,153,8001,4548.831297,dem_agl,reported,8000.18187,1,7.616480011,154714,154197,154067,154067,89,0,0.8181566908,103.8568157,0.4858216345,0,142788832.1,142879298.9,139222560.9,142879297.4,378560.8131,97416.25212,0,31397.35154,11610.94219,97118.05391,0,FALSE,FALSE,TRUE
149400,c037,coarse/relief_q3,coastal,FALSE,1994,bcb94028,254,50000,153,8006,4582.617772,dem_agl,reported,8005.57581,1,0.0732985009,154924,154924,154924,154924,0,0,0.4241900015,,0.4333925396,0,,,,,,,,,,,,FALSE,TRUE,FALSE
391501,c038,coarse/relief_q3,coastal,TRUE,1999,bcb99012,59,35000,153,5944,3198.979782,dem_agl,reported,5802.111057,1,86.22529525,81189,475,442,393,7,0,141.8606616,142.6960059,0.01839666069,0,74521426.01,75152194.19,75130556.05,75152210.68,73870133.61,1529595.113,686438.5326,1518785.447,696075.4495,1460001.05,605114.3611,FALSE,FALSE,TRUE
391502,c038,coarse/relief_q3,coastal,FALSE,1999,bcb99012,60,35000,153,5944,3198.979782,dem_agl,reported,5758.736432,1,123.4690465,79981,0,0,0,0,0,185.1980869,185.1980869,,0,73226184.27,74032769.21,74032769.21,74034132.55,73226184.27,1795806.765,989221.8294,1795806.765,989221.8294,1747017.771,939069.4939,FALSE,FALSE,TRUE
391503,c038,coarse/relief_q3,coastal,FALSE,1999,bcb99012,61,35000,153,5944,3338.774342,dem_agl,reported,5704.416004,1,174.7619142,78479,0,0,0,0,0,239.5817428,239.5817428,,0,72658706.17,72642698.67,72642698.67,72641788.62,72658706.17,1655479.902,1671487.4,1655479.902,1671487.4,1265529.405,1282446.957,FALSE,FALSE,TRUE
391504,c038,coarse/relief_q3,coastal,FALSE,1999,bcb99012,62,35000,153,5944,3192.104569,dem_agl,reported,5682.843061,1,180.095819,77887,24,17,16,0,0,261.1355739,261.2162561,-0.1011357233,0,72822920.34,72094297.73,72092250.62,72092871.84,72661486.98,1422438.745,2013002.355,1421580.015,2014163.913,1169048.276,1741137.341,FALSE,FALSE,TRUE
391505,c038,coarse/relief_q3,coastal,TRUE,1999,bcb99012,63,35000,153,5944,3192.104569,dem_agl,reported,5704.004651,1,168.3654277,78468,4175,4063,4020,36,0,240.0001368,253.4847982,0.06574665755,0,72542533.53,72632222.32,72289213.05,72631902.2,67759740.23,2213703.533,1198828.678,2044855.105,1323772.891,2247489.463,1156345.631,FALSE,FALSE,TRUE
391506,c038,coarse/relief_q3,coastal,TRUE,1999,bcb99012,64,35000,153,5944,3227.369969,dem_agl,reported,5487.246344,1,217.9737881,72704,46,37,27,7,0,456.5838555,456.8725537,0.5040795505,0,70202241.39,67216904.17,67209831.44,67220823.26,69880162.15,989525.4732,3693530.62,987271.5194,3698219.236,1088043.672,3807575.887,TRUE,FALSE,FALSE
391507,c038,coarse/relief_q3,coastal,TRUE,1999,bcb99012,65,35000,153,5944,3227.369969,dem_agl,reported,5523.81237,1,234.374914,73679,1439,1220,1131,173,0,420.082358,428.434909,0.2430963963,0,70159110.86,68115731.84,67909892.12,68117313.43,67462942.16,1678839.735,2355271.288,1598936.961,2458766.652,1675338.85,2456478.769,TRUE,FALSE,FALSE
391508,c038,coarse/relief_q3,coastal,TRUE,1999,bcb99012,66,35000,153,5944,3401.674015,dem_agl,reported,5676.084315,1,230.7772875,77793,13072,11981,11820,658,0,267.9128555,321.9261123,0.2731945813,0,71871804.76,71922912.63,70560597.75,71922024.32,58190610.76,2553713.263,930154.6992,1944112.397,1353864.886,1839091.958,807333.3489,FALSE,FALSE,TRUE
391509,c038,coarse/relief_q3,coastal,TRUE,1999,bcb99012,67,35000,153,5944,3254.058506,dem_agl,reported,5679.703796,1,271.1698915,77895,22301,20790,20660,905,0,264.2117313,370.0108382,0.3098176122,0,70628696.59,72014668.36,69356739.25,72009513.57,48833607.62,3695366.21,1148178.86,2514574.381,2134762.199,3032025.567,1280991.768,FALSE,FALSE,TRUE
391510,c038,coarse/relief_q3,coastal,TRUE,1999,bcb99012,68,35000,153,5944,3254.058506,dem_agl,reported,5642.354918,1,259.2529915,76872,16196,15265,15198,563,0,301.6187753,382.0084662,0.3168193549,0,71958837.88,71070667.15,69059929.27,71070640.84,55502409.54,2392329.527,1809308.38,1638682.214,2711919.902,1644898.198,1698864.28,FALSE,FALSE,TRUE
1343066,c039,coarse/relief_q3,coastal,TRUE,1974,bc5626,227,80000,153,13716,3431.896443,dem_agl,reported,13227.92893,1,199.896254,435782,5949,5931,5890,12,0,488.053432,494.8117555,-0.1954340488,0,392955587.9,390618939.3,390219896.5,390617564.9,385340550.7,5535380.259,5583555.529,5338266.889,5756465.277,3911862.502,4344768.165,FALSE,FALSE,TRUE
1343067,c039,coarse/relief_q3,coastal,TRUE,1974,bc5626,228,80000,153,13716,3433.410017,dem_agl,reported,13303.73067,1,221.0887447,440875,17361,17323,17260,23,0,412.201993,429.1082618,-0.2045451999,0,398283015.9,395108596.6,394105033.3,395109198.7,379027121.7,4758186.111,4238886.28,4266752.485,4605924.365,3219696.728,3828132.075,FALSE,FALSE,TRUE
1343068,c039,coarse/relief_q3,coastal,TRUE,1974,bc5626,229,80000,153,13716,3431.255602,dem_agl,reported,13388.21285,1,223.3553321,446526,44185,42495,42196,52,0,327.7782078,363.7982823,-0.1461328417,0,400506237.8,400142616.3,397992399.8,400136065.6,355788664.4,6864483.381,2077450.766,5811134.673,2619411.759,3798779.464,1469467.242,FALSE,FALSE,TRUE
1343069,c039,coarse/relief_q3,coastal,TRUE,1974,bc5626,230,80000,153,13716,3426.795455,dem_agl,reported,13476.75151,1,205.6971797,452634,86748,82110,81654,219,0,239.2043039,295.9772438,-0.1390871406,0,404345547.1,405452546.3,402043676.1,405448004.6,322431395.4,6773389.033,1387551.344,5242888.201,2271301.466,3391823.104,887198.6564,FALSE,FALSE,TRUE
1343070,c039,coarse/relief_q3,coastal,TRUE,1974,bc5626,231,80000,153,13716,3426.795455,dem_agl,reported,13546.94325,1,170.582154,457385,121307,116547,116055,316,0,169.0261985,230.1150405,-0.1311014742,0,408180573,409687028.2,406000458.2,409685715,296311607.9,5632701.759,858413.2708,4040546.472,1781778.08,3355134.191,1122525.305,FALSE,FALSE,TRUE
1343071,c039,coarse/relief_q3,coastal,TRUE,1974,bc5626,232,80000,153,13716,3430.607919,dem_agl,reported,13597.78152,1,145.1518502,460915,168120,162246,161599,435,0,118.2351278,186.2335563,-0.1241782345,0,412042625,412767702.9,408649769.9,412764271.5,258248533.4,4608321.955,583870.3837,3109532.578,1324008.392,2660475.143,1044292.246,FALSE,FALSE,TRUE
1343072,c039,coarse/relief_q3,coastal,TRUE,1974,bc5626,233,80000,153,13716,3430.607919,dem_agl,reported,13636.722,1,123.353539,463622,228596,220836,219995,471,0,79.24602461,156.4794079,-0.1094801985,0,413634662.2,415135204.6,410446174.3,415135309.3,206153843.1,4438735.767,87769.77809,2865819.578,440906.5067,3110417.868,395007.8074,FALSE,FALSE,TRUE
1343073,c039,coarse/relief_q3,coastal,TRUE,1974,bc5626,234,80000,153,13716,3431.321281,dem_agl,reported,13666.83312,1,95.44995301,465762,294870,285948,285141,462,0,49.15918158,134.1945361,-0.08395709097,0,415979961.6,416970541.3,411797882.9,416970188.5,150063641.3,3056000.231,66093.92517,1837562.785,560011.0545,2343796.02,283579.3786,FALSE,FALSE,TRUE
1343074,c039,coarse/relief_q3,coastal,TRUE,1974,bc5626,235,80000,153,13716,3432.829781,dem_agl,reported,13687.19948,1,64.57836776,467235,345450,339277,338694,430,0,28.79535864,110.7037569,-0.06049281545,0,417447668,418214208.8,413223741.8,418213863,106931543.8,2159111.74,32287.66534,1313810.465,326273.1594,1824216.451,104008.7486,FALSE,FALSE,TRUE
1343075,c039,coarse/relief_q3,coastal,TRUE,1974,bc5626,236,80000,153,13716,3595.331911,dem_agl,reported,13656.73236,1,84.48550015,464839,213953,210260,209430,561,0,59.25583763,109.783421,0.07740884274,0,415206159.8,416354427.6,413279246.1,416353400.5,222096915.4,3133426.731,475953.8199,2232841.064,1367289.685,2067822.037,454684.1686,FALSE,FALSE,TRUE
1487963,c040,coarse/relief_q3,coastal,FALSE,1963,bc5086,32,32000,153,6096,1995.126588,dem_agl,reported,5471.422527,1,263.9255466,74240,0,0,0,0,0,624.5463425,624.5463425,,0,66313544.51,66829790.38,66829790.38,66825989,66313544.51,3036199.265,2519953.396,3036199.265,2519953.396,2393838.8,1881394.312,FALSE,FALSE,TRUE
1487964,c040,coarse/relief_q3,coastal,FALSE,1963,bc5086,33,32000,153,6096,1994.704165,dem_agl,reported,5557.454895,1,224.7919428,76581,0,0,0,0,0,537.9569699,537.9569699,,0,67459377.37,68947969.95,68947969.95,68957293.56,67459377.37,3452835.023,1964242.445,3452835.023,1964242.445,2854057.429,1356141.245,FALSE,FALSE,TRUE
1487965,c040,coarse/relief_q3,coastal,FALSE,1963,bc5086,34,32000,153,6096,1994.704165,dem_agl,reported,5636.4771,1,208.4742834,78776,0,0,0,0,0,459.1429223,459.1429223,,0,70281352.5,70922671.18,70922671.18,70930122.08,70114150.26,3437391.471,2628870.547,3437391.471,2628870.547,2867289.645,2051317.828,FALSE,FALSE,TRUE
1487966,c040,coarse/relief_q3,coastal,TRUE,1963,bc5086,35,32000,153,6096,1994.281617,dem_agl,reported,5747.686606,1,196.6994944,81900,4160,4032,4031,96,0,348.2970782,366.9480746,-0.4010884911,0,73653082.68,73748934.59,73271086.89,73746570.24,68911035.89,2917887.639,1826654.419,2698730.425,2011361.883,2282452.769,1484073.979,FALSE,FALSE,TRUE
1487967,c040,coarse/relief_q3,coastal,TRUE,1963,bc5086,36,32000,153,6096,1994.070505,dem_agl,reported,5817.313546,1,201.5592046,83887,8402,8135,8107,156,0,278.6105644,309.6454806,-0.3686517179,0,75407364.14,75546532.45,74742612.84,75548686.3,66992678.9,2346471.012,1362544.943,1999220.645,1716759.588,2153259.225,1485711.792,FALSE,FALSE,TRUE
1487968,c040,coarse/relief_q3,coastal,TRUE,1963,bc5086,37,32000,153,6096,1994.070505,dem_agl,reported,5864.657949,1,194.279899,85247,12722,12383,12344,195,0,229.6181677,269.9364459,-0.3554391116,0,74179759.34,76781212.36,75729132.18,76822068.92,61953780.79,3891632.764,532815.5493,3220467.486,779726.4573,3752604.19,518596.0487,FALSE,FALSE,TRUE
1487969,c040,coarse/relief_q3,coastal,TRUE,1963,bc5086,38,32000,153,6096,3436.069529,dem_agl,reported,5804.447262,1,264.0239709,83495,12748,12428,12381,175,0,291.5135012,344.0837419,-0.3550751507,0,74815202.37,75212726.05,73856508.76,75210846.59,61809798.19,3166239.354,1254661.022,2578536.737,1771755.889,2746650.975,1346764.769,FALSE,FALSE,TRUE
1487970,c040,coarse/relief_q3,coastal,TRUE,1963,bc5086,39,32000,153,6096,3429.093125,dem_agl,reported,5644.395264,1,226.0082837,78951,3449,3433,3417,13,0,450.391967,470.9799958,-0.3511832058,0,74468325.9,71122076.51,70604184.75,71151158.92,69151518.7,1493072.716,2632815.498,1316363.727,2901969.668,696657.7024,2360965.564,FALSE,FALSE,TRUE
1487971,c040,coarse/relief_q3,coastal,TRUE,1963,bc5086,40,32000,153,6096,3429.093125,dem_agl,reported,5630.694774,1,188.3193476,78538,58,56,52,2,0,465.3052258,465.649159,-0.4301846176,0,71047290.76,70777230.12,70768583.97,70775373.07,70405782.11,2293100.174,1974403.799,2288729.206,1978447.821,1926013.278,1704286.55,FALSE,FALSE,TRUE
1487972,c040,coarse/relief_q3,coastal,FALSE,1963,bc5086,41,32000,153,6096,3432.541496,dem_agl,reported,5570.815476,1,204.6658462,76869,0,0,0,0,0,525.0955756,525.0955756,,0,69322046.99,69279881.69,69279881.69,69277585.96,69322046.99,2426881.034,2469046.336,2426881.034,2469046.336,2065963.273,2110424.302,FALSE,FALSE,TRUE
160198,c041,coarse/relief_q3,coastal,TRUE,1997,bcb97035,59,40000,153,6578,3256.063595,dem_agl,reported,6283.852478,1,159.5860342,94933,203,185,145,2,0,294.0570351,294.6887462,0.1494509131,0,90213794.76,88149844.84,88132122.45,88152505.36,89716674.86,905308.5439,2658475.798,900096.0276,2670384.683,890901.8835,2655913.027,FALSE,FALSE,TRUE
160199,c041,coarse/relief_q3,coastal,TRUE,1997,bcb97035,60,40000,153,6585,3256.063595,dem_agl,reported,6301.231139,1,173.7172044,95458,4068,3547,3426,131,0,283.7472827,296.3861576,0.08961649612,0,87601730.59,88638094.56,88282874.37,88638454.52,83655941.15,2661978.902,1452934.721,2465519.535,1605205.923,2486886.434,1321915.019,FALSE,FALSE,TRUE
160200,c041,coarse/relief_q3,coastal,TRUE,1997,bcb97035,61,40000,153,6582,3282.341775,dem_agl,reported,6369.996952,1,172.5383493,97554,11601,10254,9923,491,0,212.005803,240.618614,0.07912500948,0,90274357.77,90583279.41,89771341.43,90581665.32,78969759.64,2187753.62,1340242.082,1808368.819,1692016.824,2076234.423,1452922.175,FALSE,FALSE,TRUE
81327,c042,coarse/relief_q3,coastal,TRUE,1996,bcb96038,188,40000,153,7037,3496.85095,dem_agl,reported,6805.926657,1,252.5780465,113930,30388,28871,28450,731,0,230.8250604,314.7649263,0.002321092994,0,105306950.9,103405614.5,100870668.7,103411250.9,75756292.74,2280358.271,2203576.667,1709525.625,3516476.035,1635009.175,2475289.274,FALSE,FALSE,TRUE
81328,c042,coarse/relief_q3,coastal,TRUE,1996,bcb96038,189,40000,153,7029,3554.084855,dem_agl,reported,6765.070822,1,255.0131612,112568,21565,20846,20000,616,0,263.7311933,326.221076,-0.05677968264,0,100729565,102167857.3,100289097.9,102166102.7,80124563.69,4350552.321,1880416.034,3495313.536,2678022.902,4243471.926,2102249.917,FALSE,FALSE,TRUE
81329,c042,coarse/relief_q3,coastal,TRUE,1996,bcb96038,190,40000,153,7030,3553.516848,dem_agl,reported,6710.012135,1,283.5168331,110743,16068,15781,14980,386,0,319.140218,373.3088838,-0.08573243394,0,97450582.11,100511603.5,98895331.36,100532643.8,82010795.01,5484339.578,1564906.782,4472677.523,2031906.15,5446339.461,1541519.573,FALSE,FALSE,TRUE
81330,c042,coarse/relief_q3,coastal,TRUE,1996,bcb96038,191,40000,153,7031,3553.516848,dem_agl,reported,6629.744631,1,286.3576794,108112,7731,7583,7147,195,0,401.1910607,432.094499,-0.1043069512,0,97694467.62,98121276.86,97208657.21,98067889.84,90167642.79,3768398.578,2835268.703,3269394.715,3215917.847,2996111.118,2478416.622,FALSE,FALSE,TRUE
81331,c042,coarse/relief_q3,coastal,TRUE,1996,bcb96038,192,40000,153,7015,3510.799368,dem_agl,reported,6534.386107,1,267.5495808,105023,0,3,0,0,0,480.4707186,480.4707186,,0,96756593.72,95318933.82,95318933.82,95318773.71,96756593.72,2783203.32,4220863.216,2783203.32,4220863.216,2809378.932,4247198.941,FALSE,FALSE,TRUE
81332,c042,coarse/relief_q3,coastal,FALSE,1996,bcb96038,193,40000,153,7003,3510.799368,dem_agl,reported,6503.232077,1,261.8873517,104024,0,0,0,0,0,499.7723208,499.7723208,,0,94645523.71,94412195.25,94412195.25,94410579.38,94645523.71,3508136.539,3741465.001,3508136.539,3741465.001,3289440.696,3524385.027,FALSE,FALSE,TRUE
81333,c042,coarse/relief_q3,coastal,FALSE,1996,bcb96038,194,40000,153,6989,3532.279754,dem_agl,reported,6384.87438,1,293.6218854,100269,0,0,0,0,0,604.0532033,604.0532033,,0,92034624.79,91006896.56,91006896.56,91006225.99,92034624.79,2968553.966,3996282.191,2968553.966,3996282.191,3122218.97,4150617.763,FALSE,FALSE,TRUE
81334,c042,coarse/relief_q3,coastal,FALSE,1996,bcb96038,195,40000,153,6961,3532.279754,dem_agl,reported,6279.380325,1,256.4292472,96984,0,0,0,0,0,681.619231,681.619231,,0,87300620.78,88024418.82,88024418.82,88003235.57,87300620.78,3742124.905,3018326.871,3742124.905,3018326.871,3621808.578,2919193.789,FALSE,FALSE,TRUE
81335,c042,coarse/relief_q3,coastal,FALSE,1996,bcb96038,196,40000,153,6941,3639.549382,dem_agl,reported,6215.884328,1,242.4983414,95030,0,0,0,0,0,725.0723724,725.0723724,,0,85632318.29,86253244.12,86253244.12,86249838.6,85632318.29,3130780.895,2509855.063,3130780.895,2509855.063,3073517.372,2455997.06,FALSE,FALSE,TRUE
81336,c042,coarse/relief_q3,coastal,FALSE,1996,bcb96038,197,40000,153,7950,3622.113685,dem_agl,reported,7389.054405,1,286.3448133,134887,0,0,0,0,0,560.604131,560.604131,,0,119966336.5,121884174.1,121884174.1,121892082.3,119966336.5,5101548.59,3183710.902,5101548.59,3183710.902,5050986.389,3125240.545,FALSE,FALSE,TRUE
1184943,c043,coarse/relief_q3,coastal,TRUE,1978,bc78128,167,50000,305,8230,4183.332151,nominal_scale,implausible,,1,441.6350812,,,,,,,,,,,,,,,,,,,,,,FALSE,FALSE,FALSE
1184944,c043,coarse/relief_q3,coastal,TRUE,1978,bc78128,168,50000,305,8230,4183.507295,nominal_scale,implausible,,1,408.2479013,,,,,,,,,,,,,,,,,,,,,,FALSE,FALSE,FALSE
1184945,c043,coarse/relief_q3,coastal,TRUE,1978,bc78128,169,50000,305,8230,4183.507295,nominal_scale,implausible,,1,398.9127556,,,,,,,,,,,,,,,,,,,,,,FALSE,FALSE,FALSE
1184946,c043,coarse/relief_q3,coastal,TRUE,1978,bc78128,170,50000,305,8230,4179.411483,nominal_scale,implausible,,1,336.0246942,,,,,,,,,,,,,,,,,,,,,,FALSE,FALSE,FALSE
1184947,c043,coarse/relief_q3,coastal,TRUE,1978,bc78128,171,50000,305,8230,4179.067054,nominal_scale,implausible,,1,299.9013569,,,,,,,,,,,,,,,,,,,,,,FALSE,FALSE,FALSE
1184948,c043,coarse/relief_q3,coastal,TRUE,1978,bc78128,172,50000,305,8230,4178.81344,nominal_scale,implausible,,1,302.7813041,,,,,,,,,,,,,,,,,,,,,,FALSE,FALSE,FALSE
1184949,c043,coarse/relief_q3,coastal,TRUE,1978,bc78128,173,50000,305,8230,4178.565518,nominal_scale,implausible,,1,285.4881459,,,,,,,,,,,,,,,,,,,,,,FALSE,FALSE,FALSE
1184950,c043,coarse/relief_q3,coastal,TRUE,1978,bc78128,174,50000,305,8230,4178.565518,nominal_scale,implausible,,1,262.3129542,,,,,,,,,,,,,,,,,,,,,,FALSE,FALSE,FALSE
1184951,c043,coarse/relief_q3,coastal,TRUE,1978,bc78128,175,50000,305,8230,4014.469716,nominal_scale,implausible,,1,251.543888,,,,,,,,,,,,,,,,,,,,,,FALSE,FALSE,FALSE
1184952,c043,coarse/relief_q3,coastal,TRUE,1978,bc78128,176,50000,305,8230,4014.469716,nominal_scale,implausible,,1,203.6892219,,,,,,,,,,,,,,,,,,,,,,FALSE,FALSE,FALSE
160910,c044,coarse/relief_q3,coastal,TRUE,1997,bcb97036,121,40000,153,6874,3328.296866,dem_agl,reported,6637.428106,1,247.2803896,106220,33882,31252,31137,1738,0,236.5680714,347.0664981,0.2798350155,0,98254849.61,98348841.96,95101519.91,98344196.13,64727853.99,3156321.935,875720.5958,1906644.751,1880588.629,2647928.191,1156731.613,FALSE,FALSE,TRUE
160911,c044,coarse/relief_q3,coastal,TRUE,1997,bcb97036,122,40000,153,6871,3328.296866,dem_agl,reported,6543.082704,1,273.6079134,103227,21866,19692,19620,1432,0,327.875472,415.7976357,0.2527846545,0,96182208.79,95572822.08,93021574.43,95573870.44,72950771.72,3664236.73,1280587.758,2697547.994,2015789.956,2590979.141,1324487.305,FALSE,FALSE,TRUE
160912,c044,coarse/relief_q3,coastal,TRUE,1997,bcb97036,123,40000,153,6877,3321.626481,dem_agl,reported,6523.274199,1,260.9356257,102616,11785,10154,10041,947,0,353.3584327,399.1238131,0.2263360769,0,98714320.29,94995024.36,93666785.52,95003726.69,85050792.41,2287739.103,3270781.43,1918387.775,3910513.426,1140091.168,2836219.286,FALSE,FALSE,TRUE
160913,c044,coarse/relief_q3,coastal,TRUE,1997,bcb97036,124,40000,153,6875,3321.626481,dem_agl,reported,6596.249985,1,241.6589357,104911,14388,12432,12264,1063,0,278.68752,322.9046617,0.173004806,0,98077782.33,97132329.15,95834464.83,97133940.53,83262867.69,2615653.01,2073431.386,2202832.202,2703071.043,2166910.956,1943484.478,FALSE,FALSE,TRUE
160914,c044,coarse/relief_q3,coastal,TRUE,1997,bcb97036,125,40000,153,6871,3328.308068,dem_agl,reported,6677.127255,1,188.049135,107493,21174,18384,18051,1504,0,193.7316948,241.14127,0.1704245955,0,98175556.1,99528829.58,98120479.08,99532493.45,77580981.55,3347081.22,1014867.035,2662836.268,1492249.261,3337943.627,919467.7617,FALSE,FALSE,TRUE
160915,c044,coarse/relief_q3,coastal,TRUE,1997,bcb97036,126,40000,153,6875,3321.744807,dem_agl,reported,6713.448822,1,165.4557515,108666,27856,24916,24528,1613,0,161.5550194,217.1035043,0.1661230251,0,100538400.7,100614588.6,98956464.44,100612045.3,73437935.91,2000683.392,618118.264,1311362.003,1140995.366,1779840.582,750515.6623,FALSE,FALSE,TRUE
160916,c044,coarse/relief_q3,coastal,TRUE,1997,bcb97036,127,40000,153,6870,3321.744807,dem_agl,reported,6738.176501,1,159.4018898,109475,36981,33867,33446,1783,0,131.8257989,198.8845126,0.1473229378,0,101197585.4,101357142,99349756.74,101355157.8,65431356.76,2294901.341,603786.7825,1626248.639,1166053.226,2017666.64,649165.0378,FALSE,FALSE,TRUE
160917,c044,coarse/relief_q3,coastal,TRUE,1997,bcb97036,128,40000,153,6872,3315.078966,dem_agl,reported,6778.217631,1,126.3090241,110775,45023,41737,41335,1914,0,93.75133103,157.7109379,0.1175449267,0,101951734.4,102565336.2,100638845.1,102565624.4,59020703.45,2126884.98,272249.03,1419716.504,663560.4756,1886201.178,344520.5534,FALSE,FALSE,TRUE
160918,c044,coarse/relief_q3,coastal,TRUE,1997,bcb97036,129,40000,153,6878,3315.078966,dem_agl,reported,6792.398245,1,114.7543881,111236,46855,43927,43620,1758,0,85.4924144,147.4781181,0.07849127054,0,101937938.5,102994936.1,101123702.1,102998151.3,57577993.7,2300160.296,267304.4265,1552114.86,701299.7576,2202448.027,251548.7944,FALSE,FALSE,TRUE
160919,c044,coarse/relief_q3,coastal,TRUE,1997,bcb97036,130,40000,153,6874,3328.375978,dem_agl,reported,6727.335856,1,175.4161501,109117,38534,36245,35948,1355,0,146.6621102,226.5767295,0.05389473587,0,101101196.5,101031269.6,98645207.53,101031391.2,63676613.37,2186929.357,505287.4645,1295492.576,1117296.715,1184029.862,613394.4127,FALSE,FALSE,TRUE
81447,c045,coarse/relief_q3,coastal,TRUE,1996,bcb96068,184,40000,153,7085,3571.18473,dem_agl,reported,6878.837679,1,346.7019224,116337,60247,57710,57538,1928,0,206.1447138,427.3929578,-0.09483094513,0,105815986.7,105633024.2,98947222.75,105587123.2,48401658.09,3467317.715,928870.1707,1973655.188,3179174.27,3081564.706,1293450.056,FALSE,FALSE,TRUE
81448,c045,coarse/relief_q3,coastal,TRUE,1996,bcb96068,185,40000,153,7077,3571.605691,dem_agl,reported,6877.740159,1,325.2046809,116308,48335,45761,45460,2114,0,199.265524,340.7484505,-0.05254940689,0,105067575.2,105599319.3,101299410.1,105588112.2,59028525.55,4133312.933,1454693.433,3216716.139,3299418.177,3839996.818,1368183.26,FALSE,FALSE,TRUE
81449,c045,coarse/relief_q3,coastal,TRUE,1996,bcb96068,186,40000,153,7076,3571.227961,dem_agl,reported,6976.548904,1,128.771009,119675,43164,42378,40582,1941,0,99.45710525,155.3788623,-0.05053219385,0,108585255.4,108655290.2,106920380.2,108654722.4,67800332.4,1864195.489,200741.4759,1297858.471,478190.8629,1802248.738,173940.8451,FALSE,FALSE,TRUE
81450,c045,coarse/relief_q3,coastal,TRUE,1996,bcb96068,187,40000,153,7081,3571.196868,dem_agl,reported,6941.40633,1,179.7191678,118471,34401,33330,31476,2245,0,139.5680335,196.4505655,-0.02558188513,0,107201046.1,107563401,105807731.1,107563820.6,74286835.28,2659476.4,624584.212,2087881.545,1114440.78,2433437.497,524728.8455,FALSE,FALSE,TRUE
81451,c045,coarse/relief_q3,coastal,TRUE,1996,bcb96068,188,40000,153,7090,3571.196774,dem_agl,reported,6961.936001,1,172.3706827,119170,34243,31870,30394,2911,0,127.8744512,179.1464394,-0.01140578464,0,107127456.3,108200593.7,106612750.5,108201989.6,75424886.79,2591984.251,882270.7754,2057486.461,1675803.66,2062117.319,531084.9918,FALSE,FALSE,TRUE
81452,c045,coarse/relief_q3,coastal,TRUE,1996,bcb96068,189,40000,153,7114,3571.196774,dem_agl,reported,7010.656953,1,166.9067644,120845,48845,44164,43870,3849,0,103.3758506,173.0713109,-0.005018867087,0,108720631.7,109720309.4,107549615.1,109718433.9,62899624.21,2800126.867,348436.167,2226126.385,938175.0344,2464796.995,190617.9238,FALSE,FALSE,TRUE
81453,c045,coarse/relief_q3,coastal,TRUE,1996,bcb96068,190,40000,153,7129,3571.228028,dem_agl,reported,7072.492674,1,83.23517074,122984,58862,54438,54135,3577,0,56.45862075,107.8186604,0.02661510557,0,111121352.4,111664365.6,110048453.8,111665771.8,57013985.98,1354308.502,139974.6541,866342.3459,664722.1009,1236846.195,187781.6586,FALSE,FALSE,TRUE
81454,c045,coarse/relief_q3,coastal,TRUE,1996,bcb96068,191,40000,153,7137,3535.349221,dem_agl,reported,7098.745989,1,61.89944488,123904,69179,65215,64894,3178,0,38.20131536,86.00941204,0.04959543422,0,111805227.7,112494907.5,110984765.6,112496487.5,48681798.07,1088189.785,61828.20254,441052.6789,477930.3466,1088540.005,96985.37172,FALSE,FALSE,TRUE
81455,c045,coarse/relief_q3,coastal,TRUE,1996,bcb96068,192,40000,153,7138,3535.349221,dem_agl,reported,7098.172202,1,61.45575764,123881,65564,62530,62159,2160,0,39.82226891,84.25769959,0.07546457276,0,112706622.9,112476722.5,111072894.1,112476792.7,52546767.77,504152.296,66734.84876,198696.1077,399450.0981,440026.5322,118462.6637,FALSE,FALSE,TRUE
81456,c045,coarse/relief_q3,coastal,TRUE,1996,bcb96068,193,40000,153,7128,3549.771239,dem_agl,reported,7085.145423,1,49.91709389,123427,42366,39902,39570,1624,0,42.85121246,65.06770599,0.08448426798,0,112334062.7,112064260,111362574.6,112064295.7,73229498.81,476049.4189,70794.68178,247604.3416,185714.6848,366227.4223,149702.0106,FALSE,FALSE,TRUE
127013,c046,coarse/relief_q4,coastal,FALSE,1996,bcb96097,15,40000,153,8536,3555.36416,dem_agl,reported,7250.719909,1,450.7017803,129076,0,0,0,0,0,1284.791785,1284.791785,,0,115214834.9,117363174.6,117363174.6,117343630.8,115214834.9,6151659.289,4003319.648,6151659.289,4003319.648,5862240.962,3733445.066,FALSE,FALSE,TRUE
127014,c046,coarse/relief_q4,coastal,FALSE,1996,bcb96097,16,40000,153,8544,3555.342108,dem_agl,reported,7355.284795,1,433.6750778,132825,0,0,0,0,0,1188.315768,1188.315768,,0,118749698.9,120772644.8,120772644.8,120781722.2,118749698.9,6614728.236,4591782.357,6614728.236,4591782.357,5900569.458,3868546.113,FALSE,FALSE,TRUE
127015,c046,coarse/relief_q4,coastal,FALSE,1996,bcb96097,17,40000,153,8553,3555.342094,dem_agl,reported,7458.191459,1,459.9027699,136581,0,0,0,0,0,1094.090571,1094.090571,,0,125152858.9,124175708.4,124175708.4,124166968.1,125152858.9,6136846.283,7113996.747,6136846.283,7113996.747,6358495.441,7344386.209,FALSE,FALSE,TRUE
127016,c046,coarse/relief_q4,coastal,FALSE,1996,bcb96097,18,40000,153,8562,3555.342056,dem_agl,reported,7530.207865,1,431.4702444,139237,165,116,110,42,0,1031.765217,1032.984716,0.04819510505,0,127564711.3,126585371.3,126544374.3,126585735.2,125596633,6573695.373,5730811.361,6551158.329,5748528.544,6515762.867,5607551.773,TRUE,FALSE,FALSE
127017,c046,coarse/relief_q4,coastal,TRUE,1996,bcb96097,19,40000,153,8575,3555.342056,dem_agl,reported,7603.596862,1,482.3251056,141961,5509,5254,5219,219,0,968.6724012,1007.76175,0.08867186308,0,136290248.8,129064783.1,127741175.3,129156653.6,124865428.1,4911007.558,5689804.359,4352594.451,6234726.794,4820963.36,5633685.539,FALSE,FALSE,TRUE
127018,c046,coarse/relief_q4,coastal,TRUE,1996,bcb96097,20,40000,153,8576,3555.342088,dem_agl,reported,7642.003066,1,536.5510466,143423,15800,15244,15193,437,0,927.1757471,1041.919385,0.069112923,0,139189541.1,130371903.3,126486262.3,130593290.3,119176968.9,3945393.131,7113626.508,2749186.237,9186222.606,3713784.425,8460417.951,FALSE,FALSE,TRUE
127019,c046,coarse/relief_q4,coastal,TRUE,1996,bcb96097,21,40000,153,8582,3555.342076,dem_agl,reported,7708.358792,1,579.7283719,145898,25337,24492,24426,617,0,870.6712437,1053.595551,0.03031350486,0,137274556.7,132645778.4,126424937.9,132734802.1,109181002.3,4677656.483,4246982.36,2631005.997,7418063.775,4276148.054,6123930.636,FALSE,FALSE,TRUE
127020,c046,coarse/relief_q4,coastal,TRUE,1996,bcb96097,22,40000,153,8586,3555.342076,dem_agl,reported,7882.392096,1,575.9385651,152555,38391,37338,37244,769,0,700.337672,935.7825144,-0.005137198139,0,143627347.1,138702937.6,130540652.6,138820791.9,102767438.1,5612651.564,4583299.997,3269737.777,8314485.885,4930006.915,5375210.367,FALSE,FALSE,TRUE
127021,c046,coarse/relief_q4,coastal,TRUE,1996,bcb96097,23,40000,153,8589,3555.342055,dem_agl,reported,8041.205789,1,525.0068975,158748,47783,46356,46231,1042,0,546.6483182,781.9887608,-0.04525670409,0,141100905.5,144348389.8,136022797.1,144389811.2,93410101.57,9596547.207,2108182.794,5402477.666,4746319.419,10102291.37,3114501.244,FALSE,FALSE,TRUE
127022,c046,coarse/relief_q4,coastal,TRUE,1996,bcb96097,24,40000,153,8586,3555.342053,dem_agl,reported,8060.155697,1,510.9069511,159525,49207,47692,47572,1121,0,521.9470942,754.7133185,-0.115570806,0,140615096.4,145029534.4,136773978,145110917.7,91899316.95,10535324.9,2158851.905,6258570.547,4588714.604,9244379.895,1571220.333,FALSE,FALSE,TRUE
127162,c047,coarse/relief_q4,coastal,FALSE,1996,bcb96097,164,40000,153,8457,3539.62033,dem_agl,reported,7576.540018,1,397.4522945,140739,0,0,0,0,0,880.1352918,880.1352918,,0,129239791.2,128147882.2,128147882.2,128157554.5,128099841.9,6173189.723,6125149.423,6173189.723,6125149.423,5690053.523,5652453.757,FALSE,FALSE,TRUE
127163,c047,coarse/relief_q4,coastal,TRUE,1996,bcb96097,165,40000,153,8468,3539.620289,dem_agl,reported,7676.311224,1,455.9028235,144466,10941,10513,10476,319,0,790.2771206,855.0065243,0.1112211049,0,136543039.6,131545119.2,129336001.6,131591246.1,120022408.3,4964920.11,3398867.535,4041937.936,4219072.511,4208767.464,3362368.942,FALSE,FALSE,TRUE
127164,c047,coarse/relief_q4,coastal,TRUE,1996,bcb96097,166,40000,153,8477,3539.620289,dem_agl,reported,7906.133734,1,484.1335256,153252,35978,34985,34921,668,0,570.3710306,745.2933807,0.0520611275,0,141692795.1,139539737.9,133433441,139543541.7,103955350.5,5104611.348,2268660.333,2692095.61,4509709.967,3296759.61,3025325.008,FALSE,FALSE,TRUE
127165,c047,coarse/relief_q4,coastal,TRUE,1996,bcb96097,167,40000,153,8488,3539.620316,dem_agl,reported,7999.691106,1,528.0731543,156893,62544,60705,60630,1332,0,484.5091732,805.5472176,0.02495456021,0,138103011.7,142861769.8,131625393.3,142991940.1,77954210.01,10028277.7,2065542.844,4605797.029,5365081.206,9208475.151,2055354.348,FALSE,FALSE,TRUE
127166,c047,coarse/relief_q4,coastal,TRUE,1996,bcb96097,168,40000,153,8504,3539.768552,dem_agl,reported,8055.767542,1,498.774552,159083,58816,57733,57186,1121,0,441.6793295,700.6489436,0.01995739713,0,138521278.5,144871661.8,135706968.1,145097829.1,81532224.19,11527013.07,1748921.727,6575258.85,3961907.375,11351924.72,1960396.599,FALSE,FALSE,TRUE
127167,c047,coarse/relief_q4,coastal,TRUE,1996,bcb96097,169,40000,153,8517,3539.620285,dem_agl,reported,7867.732318,1,564.2692181,151761,32550,31890,31370,884,0,647.1382132,823.7645067,-0.001012473425,0,134237287.2,138187494.2,132052670.1,138262105.2,101150495.7,10700758.22,3311841.894,7560198.281,5506522.104,8157314.8,2961226.572,FALSE,FALSE,TRUE
127168,c047,coarse/relief_q4,coastal,TRUE,1996,bcb96097,170,40000,153,8525,3539.620285,dem_agl,reported,7615.480036,1,547.6088002,142191,6511,6528,6011,331,0,909.5067287,953.1310398,-0.01874472201,0,130212093.9,129468512.5,127989473,129464719.7,118439224.2,9016730.4,3911787.54,8208515.882,4338331.94,7234401.951,4254576.063,FALSE,FALSE,TRUE
127169,c047,coarse/relief_q4,coastal,FALSE,1996,bcb96097,171,40000,153,8537,3539.768549,dem_agl,reported,7383.238787,1,508.1271306,133646,0,181,0,0,0,1153.76938,1153.76938,,0,124205484.7,121692389.7,121692389.7,121687079.1,124205484.7,7237039.032,9750134.056,7237039.032,9750134.056,6888645.425,9407050.991,FALSE,FALSE,TRUE
127170,c047,coarse/relief_q4,coastal,FALSE,1996,bcb96097,172,40000,153,8541,3539.768546,dem_agl,reported,7346.210987,1,463.2335012,132311,0,0,0,0,0,1194.611569,1194.611569,,0,120382592,120474847.5,120474847.5,120409847.7,120382592,7278124.134,7185868.681,7278124.134,7185868.681,6836458.687,6809202.985,FALSE,FALSE,TRUE
127171,c047,coarse/relief_q4,coastal,FALSE,1996,bcb96097,173,40000,153,8548,3539.768466,dem_agl,reported,7256.906949,1,453.2111658,129113,0,0,0,0,0,1290.254544,1290.254544,,0,116631202.6,117563552,117563552,117581806.8,116631202.6,7818555.256,6886205.819,7818555.256,6886205.819,6710114.898,5759510.712,FALSE,FALSE,TRUE
1135321,c048,coarse/relief_q4,coastal,TRUE,1979,bc79158,197,40000,153,7468,3356.782564,dem_agl,reported,6636.260976,1,552.677051,106356,239,262,112,82,0,831.5447032,833.4116728,1.038504362,0,97505805.94,98314257.53,98258948.1,98319861.9,96161367.94,7352581.332,5420514.482,7324775.412,5446117.788,5566596.139,4167031.574,TRUE,FALSE,FALSE
1135322,c048,coarse/relief_q4,coastal,TRUE,1979,bc79158,198,40000,153,7468,3356.786429,dem_agl,reported,6789.897337,1,531.1813622,111340,6360,6046,5768,303,0,674.7017404,715.5462352,0.1589821205,0,97096202.2,102919106.2,101684614.7,102992040.6,90230117.39,10308808.45,3493833.574,9514674.82,3876896.043,10128781.14,3385243.84,FALSE,FALSE,TRUE
1135323,c048,coarse/relief_q4,coastal,TRUE,1979,bc79158,199,40000,153,7468,3356.786429,dem_agl,reported,6701.264688,1,560.8608831,108446,6281,5959,5680,299,0,766.5786312,813.6760672,0.1590417773,0,98486655.9,100249712.3,98845525.75,100253201.9,91616846.92,7805343.12,4972884.179,7080034.536,5587128.277,6326779.624,4091307.481,FALSE,FALSE,TRUE
1135324,c048,coarse/relief_q4,coastal,TRUE,1979,bc79158,200,40000,153,7468,3162.44469,dem_agl,reported,6331.251772,1,537.1337952,96802,4778,4449,4423,141,0,1136.45712,1195.446206,0.1575726196,0,93999159.44,89484694.33,87824981.6,89488529.59,87064938.67,5444774.664,7434714.42,4636663.834,8113722.21,3160037.918,5993290.058,FALSE,FALSE,TRUE
1135325,c048,coarse/relief_q4,coastal,TRUE,1979,bc79158,201,40000,153,7468,3162.380428,dem_agl,reported,6019.209121,1,403.9738957,87495,0,0,0,0,0,1449.215439,1449.215439,,0,88745432.3,80881361.71,80881361.71,80867976.24,87523174.48,3113208.077,9755020.843,3113208.077,9755020.843,3060325.987,9715524.221,FALSE,FALSE,TRUE
1135326,c048,coarse/relief_q4,coastal,FALSE,1979,bc79158,202,40000,153,7468,3162.334433,dem_agl,reported,6025.737409,1,400.2849452,87687,0,0,0,0,0,1442.303964,1442.303964,,0,83139116.31,81056900.78,81056900.78,81035078.21,83139116.31,3543447.912,5625663.445,3543447.912,5625663.445,3007252.172,5111290.273,FALSE,FALSE,TRUE
1135327,c048,coarse/relief_q4,coastal,FALSE,1979,bc79158,203,40000,153,7468,3155.547616,dem_agl,reported,6163.695294,1,447.0554027,91747,0,0,0,0,0,1304.207444,1304.207444,,0,82887754.55,84810946.98,84810946.98,84808317.64,82887754.55,5821077.791,3897885.363,5821077.791,3897885.363,5046319.163,3125756.081,FALSE,FALSE,TRUE
1135328,c048,coarse/relief_q4,coastal,FALSE,1979,bc79158,204,40000,153,7468,3155.547616,dem_agl,reported,6504.446569,1,463.2600983,102172,0,0,0,0,0,962.8316454,962.8316454,,0,91933650.78,94447461.9,94447461.9,94424429.71,91933650.78,7340925.793,4827114.676,7340925.793,4827114.676,6773418.588,4282639.656,FALSE,FALSE,TRUE
1135329,c048,coarse/relief_q4,coastal,FALSE,1979,bc79158,205,40000,153,7468,3168.974805,dem_agl,reported,6574.609092,1,456.6164325,104391,0,0,0,0,0,893.2773917,893.2773917,,0,95306995.57,96496033.62,96496033.62,96468313.85,95306995.57,5955984.077,4766946.024,5955984.077,4766946.024,5480692.487,4319374.201,FALSE,FALSE,TRUE
1135330,c048,coarse/relief_q4,coastal,FALSE,1979,bc79158,206,40000,153,7468,3540.02537,dem_agl,reported,6533.537576,1,441.8565725,103091,0,0,0,0,0,934.4525274,934.4525274,,0,94663628.04,95294179.89,95294179.89,95294133.72,94663628.04,5786758.61,5156206.763,5786758.61,5156206.763,5260509.734,4630004.051,FALSE,FALSE,TRUE
1135188,c049,coarse/relief_q4,coastal,FALSE,1979,bc79107,141,40000,153,6858,3766.859506,dem_agl,reported,6307.813466,1,284.3762724,96091,0,0,0,0,0,550.1690516,550.1690516,,0,90185989.67,88823375.71,88823375.71,88818548.57,90185989.67,3100536.404,4463150.369,3100536.404,4463150.369,2258408.863,3625849.968,FALSE,FALSE,TRUE
1135189,c049,coarse/relief_q4,coastal,TRUE,1979,bc79107,142,40000,153,6858,3766.792957,dem_agl,reported,6289.951112,1,278.2270292,95547,793,623,606,15,0,567.6274085,572.3846179,0.1168579757,0,93155781.27,88321031.05,88187483.83,88323483.22,90137739.15,1858230.611,4406021.9,1812032.328,4477902.781,1620363.509,4436208.744,FALSE,FALSE,TRUE
1135190,c049,coarse/relief_q4,coastal,TRUE,1979,bc79107,143,40000,153,6858,3766.731945,dem_agl,reported,6463.743003,1,317.1451542,100900,16124,14652,14588,793,0,393.8393464,468.6442863,0.3176963478,0,90581690.5,93269092.64,91122776.95,93277185.82,74464453.23,5193941.873,1295453.455,3904965.117,1922167.546,5080048.919,1362096.131,FALSE,FALSE,TRUE
1135191,c049,coarse/relief_q4,coastal,TRUE,1979,bc79107,144,40000,153,6858,3759.971973,dem_agl,reported,6477.053933,1,337.9135299,101314,21391,19256,19175,1149,0,380.0030663,481.5363854,0.3147741556,0,88984423.56,93653630.41,90740443.8,93680740.74,68221897.58,6984599.095,1332575.209,5128489.89,2111331.873,6997471.154,1362360.203,FALSE,FALSE,TRUE
1135192,c049,coarse/relief_q4,coastal,TRUE,1979,bc79107,145,40000,153,6858,3759.971973,dem_agl,reported,6398.513918,1,347.085002,98871,12282,10664,10494,1039,0,459.4897739,524.5206611,0.3442532718,0,91461260,91396134.56,89547777.82,91351451.22,78400614.56,4583506.028,2945863.991,3676653.219,3648075.925,3115387.888,2645674.224,FALSE,FALSE,TRUE
1135193,c049,coarse/relief_q4,coastal,TRUE,1979,bc79107,146,40000,153,6858,3766.63416,dem_agl,reported,6292.492081,1,357.9853488,95624,3761,4506,2994,410,0,565.0607774,588.1446799,0.2730637193,0,84574267.29,88392404.06,87745061.5,88401395.44,80538591.42,6385763.314,2015594.922,5980215.382,2236871.147,6311149.72,1983588.724,TRUE,FALSE,FALSE
1135194,c049,coarse/relief_q4,coastal,TRUE,1979,bc79107,147,40000,153,6858,3022.002335,dem_agl,reported,6101.045544,1,394.3701572,89899,0,1433,0,0,0,756.956525,756.956525,,0,87149849.3,83095618.45,83095618.45,83095133.54,87149849.3,2469777.74,6524008.585,2469777.74,6524008.585,1847102.284,5901818.045,FALSE,FALSE,TRUE
1135195,c049,coarse/relief_q4,coastal,FALSE,1979,bc79107,148,40000,153,6858,3022.002335,dem_agl,reported,5954.205482,1,386.421847,85614,0,0,0,0,0,904.3879875,904.3879875,,0,84027177.06,79143859.84,79143859.84,79099229.67,84027177.06,2074729.599,6958046.822,2074729.599,6958046.822,1988449.486,6916396.876,FALSE,FALSE,TRUE
1135196,c049,coarse/relief_q4,coastal,FALSE,1979,bc79107,149,40000,153,6858,3022.300461,dem_agl,reported,5962.57259,1,351.5705242,85857,0,0,0,0,0,895.4047436,895.4047436,,0,79610182.4,79366448.89,79366448.89,79366540.6,79610182.4,4602715.981,4846449.483,4602715.981,4846449.483,4824139.854,5067781.649,FALSE,FALSE,TRUE
332733,c050,coarse/relief_q4,coastal,FALSE,1986,bc86079,253,60000,153,9918,3548.159785,dem_agl,reported,9306.619023,1,287.6058307,210504,0,0,0,0,0,611.3795373,611.3795373,,0,194418855.1,193354134.2,193354134.2,193352801.9,194418855.1,4038130.162,5102851.022,4038130.162,5102851.022,4235300.738,5301353.918,FALSE,FALSE,TRUE
332734,c050,coarse/relief_q4,coastal,FALSE,1986,bc86079,254,60000,153,9912,4414.83165,dem_agl,reported,9395.264142,1,297.8953316,214535,0,30,0,0,0,516.7350085,516.7350085,,0,197164920,197055054.7,197055054.7,197055081.1,197164920,4373329.384,4483194.673,4373329.384,4483194.673,4145297.788,4255136.733,FALSE,FALSE,TRUE
332735,c050,coarse/relief_q4,coastal,TRUE,1986,bc86079,255,60000,153,9918,4455.960563,dem_agl,reported,9445.192247,1,281.8611724,216824,0,32,0,0,0,472.79394,472.79394,,0,200578534.8,199154990.9,199154990.9,199127255.5,200578534.8,4380232.914,5803776.831,4380232.914,5803776.831,3555435.394,5006714.723,FALSE,FALSE,TRUE
332736,c050,coarse/relief_q4,coastal,TRUE,1986,bc86079,256,60000,153,9910,4537.842723,dem_agl,reported,9547.956729,1,247.866749,221567,1894,1723,1662,203,0,361.9789433,365.0882506,0.0614086967,0,206455910.4,203512212,203379685.5,203514466.1,203360761.7,2896586.657,4482466.572,2848005.721,4557525.056,2535438.186,4246417.037,TRUE,FALSE,FALSE
332737,c050,coarse/relief_q4,coastal,TRUE,1986,bc86079,257,60000,153,9894,4537.842723,dem_agl,reported,9617.52082,1,258.9971898,224809,37505,34542,34273,2047,0,276.3977292,331.6413355,0.04793881997,0,209240385.5,206488495.9,204123144.6,206492325.2,170486054.7,3189823.312,1633806.933,2452009.955,2417291.773,1297436.274,2744768.316,FALSE,FALSE,TRUE
332738,c050,coarse/relief_q4,coastal,TRUE,1986,bc86079,258,60000,153,9913,4771.623419,dem_agl,reported,9783.232149,1,205.6886355,232621,115408,112254,111930,2176,0,129.7410707,257.3274095,-0.003982837545,0,212193216.9,213665453.4,208128830.3,213666182.6,103500748.9,4583063.173,417148.8126,2728368.569,1413553.665,3214749.637,643350.3772,FALSE,FALSE,TRUE
332739,c050,coarse/relief_q4,coastal,TRUE,1986,bc86079,259,60000,153,9904,4820.03059,dem_agl,reported,9863.009733,1,95.38374297,236427,154768,149214,148617,3665,0,40.92259151,118.187761,-0.01292368537,0,215168371.6,217164340.7,213775209.6,217166224.7,72299736.71,2829042.899,114464.0806,1550211.593,806816.1243,2676000.39,228833.6739,FALSE,FALSE,TRUE
332740,c050,coarse/relief_q4,coastal,TRUE,1986,bc86079,260,60000,153,9915,5439.131371,dem_agl,reported,9880.173485,1,50.80112327,237253,123378,117376,116555,3976,0,34.81879858,72.34107874,-0.02433674224,0,218623920.1,217920823.4,216268755.4,217920856.9,104283236.1,414347.7144,88708.65099,203868.0206,407508.6536,307118.007,215182.5176,FALSE,FALSE,TRUE
332741,c050,coarse/relief_q4,coastal,TRUE,1986,bc86079,261,60000,153,9915,5617.073777,dem_agl,reported,9874.422443,1,48.88578636,236972,75261,63933,62265,7922,0,40.56486697,59.13166292,-0.03364106268,0,218502344.6,217667203,216849416.8,217667707.1,148368202.9,450559.1423,279827.7789,327026.1262,502791.7414,402499.2088,204620.039,TRUE,FALSE,FALSE
332742,c050,coarse/relief_q4,coastal,TRUE,1986,bc86079,262,60000,153,9842,4937.210146,dem_agl,reported,9825.030126,1,23.99585633,234611,114426,101200,98696,9648,0,16.96918088,32.60098165,0.03780282848,0,215230639.9,215495086.3,214809918.6,215495079.2,109727601.5,711537.4976,42930.63034,514300.8847,134149.0455,564229.4078,44224.53308,FALSE,FALSE,TRUE
127023,c051,coarse/relief_q4,coastal,TRUE,1996,bcb96097,25,40000,153,8586,3555.342053,dem_agl,reported,7988.230898,1,511.5323879,156670,38056,36700,36605,1015,0,597.0173365,788.5258693,-0.1465699896,0,144689578.4,142452740.8,135704337.7,142476714.6,105041656,6500743.155,3695653.991,3989188.246,6593400.116,4272485.073,4103536.393,FALSE,FALSE,TRUE
127024,c051,coarse/relief_q4,coastal,TRUE,1996,bcb96097,26,40000,153,8581,3555.342073,dem_agl,reported,7781.690752,1,461.8504166,148674,15026,14413,14408,442,0,797.1786365,886.7942006,-0.1557561979,0,141758521.4,135181582.4,132085952.4,135252957.4,121903336.7,5575625.599,5971779.525,4282273.266,7215018.217,4576218.154,5517271.936,FALSE,FALSE,TRUE
127025,c051,coarse/relief_q4,coastal,TRUE,1996,bcb96097,27,40000,153,8580,3555.342073,dem_agl,reported,7744.556349,1,419.4020764,147254,3429,3109,3093,146,0,834.699553,854.5969838,-0.1722407788,0,141521736.1,133894481.7,133207358.1,133919451,132311376.9,4548508.134,6086045.675,4269816.483,6378880.064,4317422.499,5632323.013,FALSE,FALSE,TRUE
127026,c051,coarse/relief_q4,coastal,TRUE,1996,bcb96097,28,40000,153,8576,3555.342086,dem_agl,reported,7971.806069,1,476.3226373,156026,28384,27479,27326,583,0,602.5541564,736.5534864,-0.2210377306,0,145770437.3,141867540.8,137138278,141868190.8,113824569.1,5621486.277,3373086.885,3833616.302,4884483.165,4665685.516,3147618.29,FALSE,FALSE,TRUE
127027,c051,coarse/relief_q4,coastal,TRUE,1996,bcb96097,29,40000,153,8564,3555.342053,dem_agl,reported,8046.075369,1,467.4843609,158950,40140,38647,38486,1033,0,518.0597484,693.0685054,-0.1892580464,0,145268071.8,144523271.3,138304644.9,144480841.3,103465182.3,7323342.727,2740815.798,4596446.061,4398925.532,5841581.861,2882842.37,FALSE,FALSE,TRUE
127028,c051,coarse/relief_q4,coastal,TRUE,1996,bcb96097,30,40000,153,8560,3555.342053,dem_agl,reported,8222.99931,1,377.6870146,166013,60488,58405,58177,1448,0,336.7684915,529.7730014,-0.1285532117,0,153710871.9,150948950.6,143946171.5,150956941.1,92339679.06,5175888.468,1546098.216,3189426.599,3087728.727,4081319.448,1463653.394,FALSE,FALSE,TRUE
127029,c051,coarse/relief_q4,coastal,TRUE,1996,bcb96097,31,40000,153,8554,3555.342094,dem_agl,reported,8316.059672,1,335.3107767,169797,80056,77214,77089,2057,0,234.7891498,444.1130289,-0.04051046073,0,160020024.5,154384887.1,146710645.8,154501371,82161076.36,1124252.872,1673772.954,472064.7236,4096313.688,1199228.441,850488.6582,FALSE,FALSE,TRUE
1501400,c052,coarse/relief_q4,coastal,TRUE,1964,bc5106,11,31680,153,6096,2754.282353,dem_agl,reported,5592.862565,1,411.9178137,76680,663,947,449,10,0,496.956488,501.3018647,0.05570634827,0,65262143.7,69829331.65,69720865.95,69907493.92,64189861.95,6922830.733,1882199.233,6844074.996,1908800.029,6006108.209,1181942.494,FALSE,FALSE,TRUE
1501401,c052,coarse/relief_q4,coastal,TRUE,1964,bc5106,12,31680,153,6096,2755.324558,dem_agl,reported,5510.2486,1,466.1093517,74438,602,884,392,10,0,585.7641491,590.5513834,0.04899980687,0,68529616.63,67781624.97,67663900.49,67765535.75,67454184.14,4034360.181,4249111.139,3981235.21,4310429.918,3027546.943,3298567.632,FALSE,FALSE,TRUE
1501402,c052,coarse/relief_q4,coastal,FALSE,1964,bc5106,13,31680,153,6096,2755.862496,dem_agl,reported,5188.918896,1,384.8309614,66014,0,179,0,0,0,902.3341254,902.3341254,,0,69875978.91,60106765.17,60106765.17,60216457.91,69037079.56,1094549.284,10024863.67,1094549.284,10024863.67,736178.5309,9562571.612,FALSE,FALSE,TRUE
1501403,c052,coarse/relief_q4,coastal,FALSE,1964,bc5106,14,31680,153,6096,2756.400611,dem_agl,reported,5113.366648,1,353.8016968,64114,0,0,0,0,0,980.643735,980.643735,,0,65033292.03,58369162.16,58369162.16,58389354.07,64444789.94,875330.7248,6950958.507,875330.7248,6950958.507,665882.8095,6721318.683,FALSE,FALSE,TRUE
1501404,c052,coarse/relief_q4,coastal,TRUE,1964,bc5106,15,31680,153,6096,2756.93859,dem_agl,reported,5246.879271,1,433.760825,67508,2905,53,13,2876,0,848.9978358,886.7415706,9.943692207,0,62520430.03,61457053.29,60576043.67,61428092.56,58449086.85,3710958.621,3350969.237,3252836.876,3710831.135,2732264.043,2797274.133,TRUE,FALSE,FALSE
1501405,c052,coarse/relief_q4,coastal,TRUE,1964,bc5106,16,31680,153,6096,2730.57915,dem_agl,reported,5401.83096,1,460.1453885,71562,6369,111,26,6311,0,694.1773944,761.0391808,9.949857712,0,65271079.94,65140572.31,63537982.28,65136740.07,58921089.26,4037407.781,3620091.76,3190258.581,4309316.396,4030286.9,4015102.211,TRUE,FALSE,FALSE
1501406,c052,coarse/relief_q4,coastal,TRUE,1964,bc5106,17,31680,153,6096,2730.57915,dem_agl,reported,5479.294638,1,440.7454011,73634,6817,454,360,6383,0,616.6417727,678.6116979,9.948875427,0,68812910.1,67022233.92,65514785.91,67022271.05,61097049.92,3343784.099,3629371.091,2701573.352,4397645.744,4067021.164,4556621.184,TRUE,FALSE,FALSE
1501407,c052,coarse/relief_q4,coastal,TRUE,1964,bc5106,18,31680,153,6096,2732.058624,dem_agl,reported,5666.024821,1,413.736472,78745,18739,15185,15111,3439,0,429.9456304,563.6423836,0.01560584456,0,72073904.06,71668206.42,68325912.8,71651517.69,51818364.89,4136960.059,1339179.962,2790967.475,2406905.006,3717985.873,2457161.836,TRUE,FALSE,FALSE
1501408,c052,coarse/relief_q4,coastal,TRUE,1964,bc5106,19,31680,153,6096,2732.058624,dem_agl,reported,5857.11503,1,335.1329721,84149,38095,37236,37153,554,0,238.6657523,435.9951882,0.007354566827,0,75488631.7,76583832.7,71510456.3,76586145.75,38795461.03,3900213.29,766292.5399,2185114.209,2424496.169,3257722.882,1133755.642,FALSE,FALSE,TRUE
1501409,c052,coarse/relief_q4,coastal,TRUE,1964,bc5106,20,31680,153,6096,2732.100215,dem_agl,reported,5933.373914,1,263.0230767,86361,46074,45116,45022,562,0,159.4403372,341.6988253,0.000571512559,0,75437173.92,78591038.28,73836951.65,78666753.51,32254113.04,4716099.299,294796.4196,2632606.558,1489937.822,4755297.161,586389.7061,FALSE,FALSE,TRUE
1136871,c053,coarse/relief_q4,coastal,TRUE,1979,bc79205,9,40000,153,6553,3333.841619,dem_agl,reported,6159.410522,1,444.6145717,92884,34808,32848,32819,1059,0,393.6021909,629.375506,0.02748912945,0,83652887.36,84693073.12,78333313.05,84684390.27,49299911.58,5528787.346,1877550.05,3070583.875,4233895.76,5340889.275,1503569.414,FALSE,FALSE,TRUE
1136872,c053,coarse/relief_q4,coastal,TRUE,1979,bc79205,10,40000,153,6553,3340.735138,dem_agl,reported,6077.575983,1,448.8999874,90430,25648,24192,24157,613,0,475.4310285,663.6363743,-0.028088619,0,82678507.96,82457542.03,77429662.08,82430782.21,56573985.57,4860952.67,2375357.248,2864620.464,4381070.36,3707974.033,2299639.101,FALSE,FALSE,TRUE
1136873,c053,coarse/relief_q4,coastal,TRUE,1979,bc79205,11,40000,153,6553,3333.62666,dem_agl,reported,6084.652796,1,413.4288125,90640,20439,19124,18896,787,0,468.4349083,604.7637205,-0.02991275676,0,79151490.72,82649683.22,78987582.21,82617408.02,59025792.02,7029107.633,2044393.545,4824741.1,3102228.734,6374690.121,1619673.578,FALSE,FALSE,TRUE
1136874,c053,coarse/relief_q4,coastal,TRUE,1979,bc79205,12,40000,153,6553,2730.662868,dem_agl,reported,6060.734236,1,346.336713,89925,10746,9979,9712,594,0,492.3172093,559.0874214,-0.02212164178,0,79464093.01,82001174.27,80204337.23,81997484.48,68831586.73,5323874.248,1950119.109,4267217.315,2578783.162,5125634.983,2093320.182,FALSE,FALSE,TRUE
1136875,c053,coarse/relief_q4,coastal,TRUE,1979,bc79205,13,40000,153,6553,2730.662868,dem_agl,reported,5927.510753,1,353.46254,86020,5222,4824,4574,400,0,625.5343377,665.9262656,-0.0106396107,0,78770718.44,78435792.96,77370462.65,78434869.1,73252880.77,4343994.379,3917391.757,3793683.766,4385681.791,3454507.687,3265661.579,FALSE,FALSE,TRUE
1136876,c053,coarse/relief_q4,coastal,TRUE,1979,bc79205,14,40000,153,6553,3329.464143,dem_agl,reported,5716.416756,1,313.7357632,79998,0,7,0,0,0,836.7814465,836.7814465,,0,75663112.45,72948666.53,72948666.53,72923553.48,75663112.45,2921342.855,5635788.776,2921342.855,5635788.776,2586783.68,5326342.657,FALSE,FALSE,TRUE
1136877,c053,coarse/relief_q4,coastal,FALSE,1979,bc79205,15,40000,153,6553,3329.06513,dem_agl,reported,5649.775274,1,330.6563333,78145,0,0,0,0,0,903.4436152,903.4436152,,0,73045681.21,71257722.52,71257722.52,71231746.72,73045681.21,2522599.699,4310558.383,2522599.699,4310558.383,2201726.445,4015660.938,FALSE,FALSE,TRUE
1136878,c053,coarse/relief_q4,coastal,FALSE,1979,bc79205,16,40000,153,6553,3329.06513,dem_agl,reported,5662.72007,1,328.6448113,78503,0,0,0,0,0,890.3006421,890.3006421,,0,72222299.08,71584628.78,71584628.78,71571800.01,72222299.08,3022749.752,3660420.053,3022749.752,3660420.053,2939876.689,3590375.755,FALSE,FALSE,TRUE
1136879,c053,coarse/relief_q4,coastal,TRUE,1979,bc79205,17,40000,153,6553,2991.697242,dem_agl,reported,6072.423949,1,388.1056725,90312,8948,8252,8047,469,0,480.6918234,533.5129113,0.07347590476,0,78910868.12,82317800.81,80891943.61,82306590.92,69946296.01,6212919.679,2002962.312,5340130.571,2482812.378,5866425.518,1912408.953,FALSE,FALSE,TRUE
1136880,c053,coarse/relief_q4,coastal,TRUE,1979,bc79205,18,40000,153,6553,2991.667412,dem_agl,reported,6005.242685,1,372.7244946,88326,6207,5683,5661,300,0,547.8853713,589.2671542,0.07724005729,0,78298917.88,80506457.36,79400749.46,80491216.19,70908601.51,6443090.714,2506354.783,5786838.723,2829872.768,5718488.757,2272351.16,FALSE,FALSE,TRUE
332702,c054,coarse/relief_q4,coastal,TRUE,1986,bc86079,219,60000,153,9920,5222.875262,dem_agl,reported,9744.823157,1,194.3487916,231163,30383,24450,23755,4002,0,175.0969758,201.4223088,0.07434804738,0,210196515.1,211991044.6,210847217.4,211994567.3,180964646.8,4888607.841,1756136.193,4436666.742,2241110.001,4141485.772,1543426.067,TRUE,FALSE,FALSE
332703,c054,coarse/relief_q4,coastal,TRUE,1986,bc86079,220,60000,153,9911,5248.654607,dem_agl,reported,9853.847117,1,77.39388443,236374,81665,73089,72063,5542,0,57.1252144,86.98353326,0.06839580834,0,215505185.9,216761042.1,215449409.3,216762254.8,139755102.5,2425814.276,315838.8124,1875452.127,638314.162,2063856.312,348296.4055,FALSE,FALSE,TRUE
332704,c054,coarse/relief_q4,coastal,TRUE,1986,bc86079,221,60000,153,9911,5250.282265,dem_agl,reported,9865.402523,1,87.96661682,236929,127945,120994,120211,4503,0,45.54855787,98.6709449,0.0423778221,0,215687417.7,217269722.7,214936151.2,217271697.9,97686370.29,2548259.136,296791.8578,1792374.784,1078633.279,2434736.612,176835.6703,FALSE,FALSE,TRUE
709396,c055,coarse/relief_q4,coastal,TRUE,1980,bc80136,12,40000,153,6706,2796.784463,dem_agl,reported,6323.210879,1,405.725589,98650,25828,22691,22642,260,0,382.1168282,517.5438361,0.1279796958,0,85159976.53,89257541.8,85475148.24,89249738.82,60574145.73,7434630.486,2118230.75,5313589.933,3359676.898,6994860.446,1769936.43,FALSE,FALSE,TRUE
709397,c055,coarse/relief_q4,coastal,TRUE,1980,bc80136,13,40000,153,6706,2457.700304,dem_agl,reported,6369.434693,1,340.6123387,100099,704,646,645,35,0,336.4056474,338.7818771,0.639359653,0,93104676.86,90567289.13,90499726.29,90569561.93,91675864.53,2620149.504,4364804.698,2606929.512,4415078.855,2225370.199,4356490.193,FALSE,FALSE,TRUE
709398,c055,coarse/relief_q4,coastal,TRUE,1980,bc80136,14,40000,153,6706,2455.579326,dem_agl,reported,6281.683731,1,395.7050312,97376,841,359,327,41,0,424.2402733,427.9407353,-1.036426783,0,89774556.89,88089009,87985255.29,88089603.73,88900072.08,3309377.8,4879603.741,3276589.078,4949588.75,2871944.099,4524438.735,FALSE,FALSE,TRUE
709399,c055,coarse/relief_q4,coastal,TRUE,1980,bc80136,15,40000,153,6706,2455.579326,dem_agl,reported,6197.467887,1,403.5072129,94798,819,357,325,41,0,508.4871288,512.9228777,-1.011422038,0,88060081.24,85742898.53,85620203.95,85743536.79,87184918.94,3381256.642,5562865.357,3331460.97,5634680.063,2357946.513,4650173.268,FALSE,FALSE,TRUE
709400,c055,coarse/relief_q4,coastal,TRUE,1980,bc80136,16,40000,153,6706,2455.611556,dem_agl,reported,6139.161668,1,379.4819325,93036,803,356,324,40,0,566.8384907,571.7778248,-0.9817511439,0,85246781.29,84137137.21,84001804.64,84136118.37,84369282.26,3908954.91,4867063.547,3841302.697,4933474.387,2535633.407,3598412.984,FALSE,FALSE,TRUE
709401,c055,coarse/relief_q4,coastal,TRUE,1980,bc80136,17,40000,153,6706,2459.923634,dem_agl,reported,6120.390625,1,326.4731069,92482,681,341,311,39,0,585.6093755,589.9562851,-0.7977437973,0,86192184.7,83623409.93,83504667.73,83621941.17,85405738.13,2732105.742,5128296.525,2683305.992,5195854.476,1565600.818,4080919.906,FALSE,FALSE,TRUE
709402,c055,coarse/relief_q4,coastal,TRUE,1980,bc80136,18,40000,153,6706,2612.286861,dem_agl,reported,6156.413753,1,252.8912467,93593,0,0,0,0,0,549.5540188,549.5540188,,0,88293443.77,84610680.87,84610680.87,84611052.7,88200249.59,2310806.819,5900375.538,2310806.819,5900375.538,1052669.853,4646725.708,FALSE,FALSE,TRUE
709403,c055,coarse/relief_q4,coastal,TRUE,1980,bc80136,19,40000,153,6706,2612.286861,dem_agl,reported,6266.250474,1,257.4647178,96972,438,355,344,62,0,439.6949062,441.6872637,-0.5014467984,0,89703566.23,87656694.89,87600962.77,87657727.84,88739881.61,2834475.381,4304330.936,2815436.82,4339306.652,1593127.474,3301534.986,TRUE,FALSE,FALSE
709404,c055,coarse/relief_q4,coastal,TRUE,1980,bc80136,20,40000,153,6706,2612.855717,dem_agl,reported,6389.220229,1,217.4576062,100839,6917,6644,6595,208,0,316.759819,340.0845389,0.0523122251,0,91627952.44,91130825.97,90466669.47,91129325.64,83773273.52,2729895.309,1617749.422,2461214.49,1902826.502,1711030.327,1402560.392,FALSE,FALSE,TRUE
709405,c055,coarse/relief_q4,coastal,TRUE,1980,bc80136,21,40000,153,6706,2612.843663,dem_agl,reported,6499.688604,1,166.5611635,104375,16774,16427,16367,263,0,206.311147,245.8080376,0.05490527116,0,94075328.96,94309336.89,93166633.58,94307846.1,77343653.65,2716643.031,897501.2991,2197618.016,1230026.744,1412908.793,676688.8419,FALSE,FALSE,TRUE
1184972,c056,coarse/relief_q4,coastal,FALSE,1978,bc78089,134,40000,153,7620,3648.294348,dem_agl,reported,6308.231736,1,341.3277903,96107,0,0,0,0,0,1311.68554,1311.68554,,0,92908299.77,88835155.81,88835155.81,88835950.32,92908299.77,3779720.491,7852864.453,3779720.491,7852864.453,3262629.386,7334978.842,FALSE,FALSE,TRUE
1184973,c056,coarse/relief_q4,coastal,FALSE,1978,bc78089,135,40000,153,7620,3648.294348,dem_agl,reported,6184.515516,1,334.1570265,92360,0,0,0,0,0,1435.380308,1435.380308,,0,91153302.68,85384877.03,85384877.03,85387528.71,91153302.68,2532978.782,8301404.428,2532978.782,8301404.428,2782084.945,8547858.909,FALSE,FALSE,TRUE
1184974,c056,coarse/relief_q4,coastal,TRUE,1978,bc78089,136,40000,153,7620,3600.348764,dem_agl,reported,7098.724853,1,518.0425428,121790,35360,33751,33593,1100,0,519.817582,732.394217,-0.04061865807,0,109060648.9,112494237.6,105857668.1,112503595.9,74004435.46,8159225.29,2313523.961,4626635.522,4440926.027,7963305.446,2834167.03,FALSE,FALSE,TRUE
1184975,c056,coarse/relief_q4,coastal,TRUE,1978,bc78089,137,40000,153,7620,3592.825424,dem_agl,reported,7040.465133,1,530.3492112,119790,31136,29555,29412,1129,0,579.0721596,782.3476568,-0.03586663492,0,109869258.7,110655319,104357782.4,110634061,78016789.91,7176896.38,3280626.074,4290057.148,5664176.417,5572709.723,3102981.168,FALSE,FALSE,TRUE
1184976,c056,coarse/relief_q4,coastal,TRUE,1978,bc78089,138,40000,153,7620,3592.825424,dem_agl,reported,6679.490058,1,537.6523061,107819,10535,9820,9737,547,0,934.1861966,1035.303419,0.04675358161,0,112900486.9,99599281.64,96606546.75,99787667.3,96069629.42,1854377.21,8051718.165,1216414.973,9725639.972,1180503.34,9521490.051,FALSE,FALSE,TRUE
1184977,c056,coarse/relief_q4,coastal,TRUE,1978,bc78089,139,40000,153,7620,3595.648186,dem_agl,reported,6416.375494,1,383.0970267,99483,25,4,4,20,0,1200.693602,1200.992909,10.06341934,0,105119303.9,91907114.94,91898540.69,91986296.75,103023448.6,1631028.318,12770317.41,1628995.054,12776750.69,1438124.145,12483377.88,TRUE,FALSE,FALSE
1184978,c056,coarse/relief_q4,coastal,FALSE,1978,bc78089,140,40000,153,7620,3594.086143,dem_agl,reported,6406.972416,1,386.207043,99182,0,0,0,0,0,1213.029752,1213.029752,,0,92363047.61,91637936.04,91637936.04,91634447.64,92363047.61,5080089.447,5805201.025,5080089.447,5805201.025,4747978.061,5476578.036,FALSE,FALSE,TRUE
1184979,c056,coarse/relief_q4,coastal,FALSE,1978,bc78089,141,40000,153,7620,3594.086143,dem_agl,reported,6345.483737,1,385.2225664,97283,0,0,0,0,0,1274.434753,1274.434753,,0,92610438.16,89887450.21,89887450.21,89885167.68,92610438.16,3295430.698,6018418.648,3295430.698,6018418.648,3632440.338,6357710.82,FALSE,FALSE,TRUE
1184980,c056,coarse/relief_q4,coastal,FALSE,1978,bc78089,142,40000,153,7620,3597.301362,dem_agl,reported,6379.326971,1,365.6879753,98319,0,0,0,0,0,1240.677529,1240.677529,,0,90848287.12,90848825.11,90848825.11,90831637.46,90848287.12,4665618.683,4665080.684,4665618.683,4665080.684,4338134.677,4354784.336,FALSE,FALSE,TRUE
1184981,c056,coarse/relief_q4,coastal,FALSE,1978,bc78089,143,40000,153,7620,3595.372479,dem_agl,reported,6392.168961,1,386.4250906,98707,0,0,0,0,0,1225.9538,1225.9538,,0,85190730.1,91214962.16,91214962.16,91268696.4,85190730.1,8136310.262,2112078.202,8136310.262,2112078.202,8122365.031,2044398.732,FALSE,FALSE,TRUE
1249487,c057,coarse/relief_q4,coastal,FALSE,1967,bc5237,138,32000,153,5639,2725.441735,dem_agl,reported,4941.054935,1,372.5781028,60321,0,10,0,0,0,697.9358862,697.9358862,,0,53140037.63,54501562.77,54501562.77,54486598.29,53140037.63,3901869.158,2540344.013,3901869.158,2540344.013,3030779.237,1684218.577,FALSE,FALSE,TRUE
1249488,c057,coarse/relief_q4,coastal,TRUE,1967,bc5237,139,32000,153,5639,2725.353854,dem_agl,reported,4984.808111,1,379.8295253,61400,1147,1021,974,89,0,654.207308,666.6513223,-0.1527374685,0,55505174.09,55471061.96,55194453.08,55470597.22,53838899.05,2879488.477,2282113.094,2726018.93,2395285.712,2683574.822,2140802.502,FALSE,FALSE,TRUE
1249489,c057,coarse/relief_q4,coastal,TRUE,1967,bc5237,140,32000,153,5639,2725.255822,dem_agl,reported,5008.971185,1,395.1637164,62014,4746,4045,3966,434,0,629.3087913,681.4056774,-0.1495278925,0,52059316.9,56010139.87,54851107.65,56021048.1,47271117.43,6040488.134,1584378.591,5183875.363,1856911.041,5639378.601,1294180.798,FALSE,FALSE,TRUE
1249490,c057,coarse/relief_q4,coastal,TRUE,1967,bc5237,141,32000,153,5639,2725.147785,dem_agl,reported,5082.616815,1,396.2026232,63857,9343,8220,8110,670,0,554.5754353,649.534239,-0.1419654638,0,52899516.29,57669253.31,55534507.6,57652224.37,43714187.97,6510998.105,993762.6676,4898809.016,1380593.166,5968132.542,765719.5073,FALSE,FALSE,TRUE
1249491,c057,coarse/relief_q4,coastal,TRUE,1967,bc5237,142,32000,153,5639,2725.058867,dem_agl,reported,5127.675659,1,387.1167754,65010,11127,9818,9732,789,0,510.3693763,615.6220265,-0.1371412873,0,56275031.53,58696294.4,56311379.45,58662083.41,45220493.31,4955645.561,1526169.164,3385421.666,2139453.013,4866520.434,1796553.646,FALSE,FALSE,TRUE
1249492,c057,coarse/relief_q4,coastal,TRUE,1967,bc5237,143,32000,153,5639,2724.959837,dem_agl,reported,5162.663446,1,381.087571,65916,11493,10392,10334,691,0,476.2394955,576.641847,-0.1304682195,0,58780723.58,59500034.73,57208251.24,59485214.31,47315051.36,3960690.223,2155258.366,2778688.592,3058823.274,4576655.031,2982170.046,FALSE,FALSE,TRUE
1249493,c057,coarse/relief_q4,coastal,TRUE,1967,bc5237,144,32000,153,5639,2724.860398,dem_agl,reported,5206.48578,1,364.1200692,67049,11552,10433,10340,788,0,432.4981762,522.2899476,0.02042609267,0,61627811.17,60514432.33,58445150.61,60510026.57,49694758.99,2647200.586,2260845.001,1798512.83,3192533.003,3408275.442,3364056.884,FALSE,FALSE,TRUE
1249494,c057,coarse/relief_q4,coastal,TRUE,1967,bc5237,145,32000,153,5639,2724.75091,dem_agl,reported,5270.3732,1,331.9364297,68715,9855,9044,8966,603,0,368.5684838,430.1100479,0.05405863747,0,62938730.69,62008657.47,60568975.89,62005502.21,52962032.36,2401899.037,2255214.951,1954520.46,3052296.951,2228569.012,2566997.448,FALSE,FALSE,TRUE
1249495,c057,coarse/relief_q4,coastal,TRUE,1967,bc5237,146,32000,153,5639,2724.660446,dem_agl,reported,5385.741075,1,266.3316829,71767,11305,10906,10740,358,0,253.2207413,300.4812288,0.05457177013,0,65292009.33,64753095.03,63621649.71,64751320.78,53871337.56,2414913.36,1738856.911,2074103.4,2281822.567,1678042.922,1508852.707,FALSE,FALSE,TRUE
1249496,c057,coarse/relief_q4,coastal,TRUE,1967,bc5237,147,32000,153,5639,2724.660446,dem_agl,reported,5476.50475,1,167.9703349,74225,7318,7227,7087,99,0,162.3087648,180.0437697,0.03010184411,0,66139495.65,66953999.99,66521057.12,66958216.48,59137360.69,2187452.583,971048.8326,2039626.862,1210383.27,2186787.842,937492.3318,FALSE,FALSE,TRUE
1135319,c058,coarse/relief_q4,coastal,FALSE,1979,bc79158,195,40000,153,7468,3363.499202,dem_agl,reported,6182.379173,1,349.910734,92305,0,0,0,0,0,1285.608037,1285.608037,,0,88448588.63,85325897.53,85325897.53,85325898.58,88448588.63,3858602.481,6981293.577,3858602.481,6981293.577,3844335.134,6967025.18,FALSE,FALSE,TRUE
1135320,c058,coarse/relief_q4,coastal,FALSE,1979,bc79158,196,40000,153,7468,3356.782564,dem_agl,reported,6321.438931,1,443.1570104,96509,0,0,0,0,0,1146.324183,1146.324183,,0,94859430.14,89207523.7,89207523.7,89212155.36,94859430.14,4669727.711,10321634.16,4669727.711,10321634.16,3029478.056,8676752.843,FALSE,FALSE,TRUE
1144304,c059,coarse/relief_q4,coastal,TRUE,1979,bc79205,155,50000,153,7620,2297.856856,dem_agl,reported,7516.962099,1,198.0277005,140221,63352,62577,61991,125,0,103.0558551,187.8422276,0.2305510789,0,123746545.9,126140431.3,123310917.6,126138260.5,65719087.03,4236318.827,803064.0309,3430682.794,1960696.56,3294336.615,862294.4077,FALSE,FALSE,TRUE
1144305,c059,coarse/relief_q4,coastal,TRUE,1979,bc79205,156,50000,153,7620,2297.78169,dem_agl,reported,7480.650068,1,222.5341528,138870,44165,43884,43330,83,0,139.373337,204.2816398,0.2240430266,0,122800689.9,124924687,122766192.5,124914374.1,81313938.13,4768534.363,883401.0525,3971871.011,1419698.745,2873175.001,547320.8289,FALSE,FALSE,TRUE
1144306,c059,coarse/relief_q4,coastal,TRUE,1979,bc79205,157,50000,153,7620,2297.78169,dem_agl,reported,7429.495772,1,239.2804496,136995,23995,24163,23765,64,0,190.8187872,231.2969857,0.2088594884,0,120800627.8,123222004.8,121882959.1,123211650.4,97394332.05,5177859.932,945847.2762,4607321.332,1332945.006,3683429.271,821913.6449,FALSE,FALSE,TRUE
1144307,c059,coarse/relief_q4,coastal,TRUE,1979,bc79205,158,50000,153,7620,2297.630583,dem_agl,reported,7384.868852,1,245.0969361,135396,10023,10220,9837,58,0,235.1449967,253.9311109,0.192967549,0,121025389.5,121746129.9,121127506.1,121745964.7,110443025.4,4167931.716,1874350.05,3943555.632,2147314.738,3242574.073,1965719.191,FALSE,FALSE,TRUE
1144308,c059,coarse/relief_q4,coastal,TRUE,1979,bc79205,159,50000,153,7620,2297.630583,dem_agl,reported,7367.695043,1,242.2482168,134800,2286,2574,2235,11,0,252.2731383,256.6249643,-0.00173029775,0,122016563.4,121180537.3,121037425.8,121180461.6,119241899.5,2933827.453,3060746.327,2893141.524,3151517.455,2556970.865,3015144.955,FALSE,FALSE,TRUE
1144309,c059,coarse/relief_q4,coastal,TRUE,1979,bc79205,160,50000,153,7620,2092.007423,dem_agl,reported,7399.645054,1,204.6433055,135975,14,18,12,0,0,220.3764208,220.3990402,0.6158372164,0,124180335,122233815,122233067.7,122232717,124073453.2,1546934.311,3399012.052,1546780.88,3399599.738,1417345.301,3292977.676,FALSE,FALSE,TRUE
1144310,c059,coarse/relief_q4,coastal,FALSE,1979,bc79205,161,50000,153,7620,2091.905408,dem_agl,reported,7423.25584,1,191.9223488,136872,0,0,0,0,0,196.7786559,196.7786559,,0,124744413.1,123015106.7,123015106.7,123013024.4,124744413.1,1203854.973,2933161.368,1203854.973,2933161.368,978401.2917,2709790.042,FALSE,FALSE,TRUE
1144311,c059,coarse/relief_q4,coastal,FALSE,1979,bc79205,162,50000,153,7620,2091.88085,dem_agl,reported,7470.031594,1,164.069015,138615,0,0,0,0,0,149.9692822,149.9692822,,0,124739643.9,124570287.8,124570287.8,124568215,124739643.9,1680103.07,1849459.192,1680103.07,1849459.192,1182520.472,1353949.332,FALSE,FALSE,TRUE
1144312,c059,coarse/relief_q4,coastal,FALSE,1979,bc79205,163,50000,153,7620,2091.817228,dem_agl,reported,7509.173517,1,125.6717368,140103,0,0,0,0,0,110.8395475,110.8395475,,0,124771163,125879169.9,125879169.9,125876060.4,124771163,2233019.59,1125012.706,2233019.59,1125012.706,1852282.597,747385.185,FALSE,FALSE,TRUE
1144313,c059,coarse/relief_q4,coastal,TRUE,1979,bc79205,164,50000,153,7620,2090.60439,dem_agl,reported,7517.394775,1,102.6499901,140427,0,0,0,0,0,102.68016,102.68016,,0,123847121.9,126154953,126154953,126151090.3,123847121.9,3229299.517,921468.4965,3229299.517,921468.4965,2814415.92,510447.5862,FALSE,FALSE,TRUE
126951,c060,coarse/relief_q4,coastal,FALSE,1996,bcb96096,158,40000,153,8547,3527.826425,dem_agl,reported,7662.128538,1,444.5224888,143785,0,111,0,0,0,884.7775536,884.7775536,,0,127789524.9,131059485,131059485,131056745.9,127789524.9,8242963.888,4973003.786,8242963.888,4973003.786,8088197.693,4820976.702,FALSE,FALSE,TRUE
126952,c060,coarse/relief_q4,coastal,TRUE,1996,bcb96096,159,40000,153,8547,3527.826425,dem_agl,reported,7677.769116,1,451.1746975,144373,715,961,516,94,0,868.0738863,872.3911387,0.03749483079,0,129237566.7,131595090.3,131447138.6,131633727.9,127739412.9,8850770.089,5644887.067,8757700.616,5696009.889,7764671.841,4752656.446,TRUE,FALSE,FALSE
126953,c060,coarse/relief_q4,coastal,TRUE,1996,bcb96096,160,40000,153,8546,3527.82645,dem_agl,reported,7895.087374,1,481.2349338,152661,11767,11232,10750,527,0,649.9993381,704.2564736,0.07986530662,0,135326006.4,139150083.7,137244102.8,139109395.7,123636479.6,9621672.588,4835531.343,8550347.271,5577425.451,8564866.715,4027758.806,FALSE,FALSE,TRUE
126954,c060,coarse/relief_q4,coastal,TRUE,1996,bcb96096,161,40000,153,8549,3527.82645,dem_agl,reported,7950.134947,1,467.1417802,154798,14571,13852,13356,593,0,594.9090988,656.6962538,0.07585757226,0,135333628.9,141097263.7,138912616.2,141234313.2,120574383.6,10332062.22,3094085.42,9029772.614,3783971.674,9615436.427,2935934.2,FALSE,FALSE,TRUE
126955,c060,coarse/relief_q4,coastal,TRUE,1996,bcb96096,162,40000,153,8551,3527.826502,dem_agl,reported,7956.442004,1,426.2229019,155046,14523,13439,13356,563,0,591.4693389,652.5688903,0.0758003071,0,136365123,141321225,139159075.3,141430517.6,121629492,9189834.854,2741668.766,7851384.219,3368669,8783982.533,2681492.854,FALSE,FALSE,TRUE
126956,c060,coarse/relief_q4,coastal,TRUE,1996,bcb96096,163,40000,153,8552,3527.826485,dem_agl,reported,7848.420799,1,412.4405677,150865,8798,8301,8188,286,0,702.8370809,746.3501816,0.03441624343,0,141329837.4,137509958.3,135989423.7,137516176.1,126153985.4,7080502.805,3745240.947,6425579.854,4212949.699,5843662.609,3136181.867,FALSE,FALSE,TRUE
126957,c060,coarse/relief_q4,coastal,TRUE,1996,bcb96096,164,40000,153,8556,3527.826485,dem_agl,reported,7848.029348,1,419.138654,150846,16515,15931,15832,425,0,706.2013263,792.9950222,-0.04966983199,0,143053758.8,137496241.7,134471834.7,137558133.8,121129626.9,5850525.052,4539115.32,4774231.831,5789214.224,5473840.408,4622817.029,FALSE,FALSE,TRUE
126958,c060,coarse/relief_q4,coastal,TRUE,1996,bcb96096,165,40000,153,8557,3527.826408,dem_agl,reported,8023.228268,1,462.8517011,157659,41144,39728,39597,916,0,532.913542,721.0398597,-0.04826370627,0,139420654.2,143703679.2,137043642.8,143729292.3,99060903.52,9421696.905,2283717.928,5748249.368,4206794.018,7929640.833,2186399.196,FALSE,FALSE,TRUE
126959,c060,coarse/relief_q4,coastal,TRUE,1996,bcb96096,166,40000,153,8554,3527.826408,dem_agl,reported,8135.777979,1,432.1280684,162110,53424,51407,51269,1323,0,414.3919524,617.9907601,-0.04220666364,0,141598669.5,147763703.4,140460633,147876892.1,90717132.97,10191941.43,1842832.153,6263010.98,3920796.844,10128653.23,1502582.042,FALSE,FALSE,TRUE
126960,c060,coarse/relief_q4,coastal,TRUE,1996,bcb96096,167,40000,153,8549,3527.826471,dem_agl,reported,8161.389632,1,409.525043,163135,53027,50644,50580,1519,0,387.5220155,574.0400764,-0.03555750102,0,145780056,148695496.2,141976670.1,148694907,95843259.31,6889804.125,2361215.082,4023273.075,5366459.302,7349157.342,2998375.338,FALSE,FALSE,TRUE
359981,c061,fine/relief_q1,coastal,TRUE,1992,bcb92026,137,15000,305,5182,1475.230503,dem_agl,reported,5171.302487,1,9.329499282,16240,3155,2666,2183,427,0,10.69358542,13.16605577,0.04232501984,0,15044161.24,15022861.28,15008499.45,15022883.97,12102041.45,11351.76768,13241.97607,7966.715528,19334.71971,11766.8371,13350.87043,TRUE,FALSE,FALSE
359982,c061,fine/relief_q1,coastal,TRUE,1992,bcb92026,138,15000,305,5182,1486.035025,dem_agl,reported,5173.597732,1,8.984150232,16253,6130,5708,5381,422,0,8.401674194,13.3081738,0.01657484658,0,15052325.72,15036199.82,15007693.49,15036207.54,9343306.422,15880.72469,5777.061361,9273.267228,12173.21528,9597.322721,9800.627183,FALSE,FALSE,TRUE
359983,c061,fine/relief_q1,coastal,TRUE,1992,bcb92026,139,15000,305,5182,1472.326786,dem_agl,reported,5178.665733,1,6.781280619,16285,11984,11592,11427,324,0,3.334266862,12.24570658,0.01696626935,0,15063343.4,15065672.85,15013867.49,15065721.62,3958275.427,15998.28414,788.9758119,3356.472555,5765.292442,9920.331507,1785.920573,FALSE,FALSE,TRUE
359984,c061,fine/relief_q1,coastal,TRUE,1992,bcb92026,140,15000,305,5182,1472.326786,dem_agl,reported,5181.490838,1,2.678843236,16301,15527,15370,15325,118,0,0.509233734,9.731575365,0.01428846177,0,15073238.73,15082114.81,15028474.41,15082114.78,707438.6186,11263.39214,266.1321875,4870.021877,1731.465347,10357.12761,380.5152509,FALSE,FALSE,TRUE
359985,c061,fine/relief_q1,coastal,TRUE,1992,bcb92026,141,15000,305,5182,1519.153585,dem_agl,reported,5181.99277,1,0.04635187686,16310,16302,16301,16295,2,0,0.007230253625,0.5091213882,0.006345869508,0,15085014.22,15085036.97,15082115.05,15085036.96,6039.407322,0,0,0,0,0,0,FALSE,FALSE,TRUE
359986,c061,fine/relief_q1,coastal,TRUE,1992,bcb92026,142,15000,305,5182,1398.691962,dem_agl,reported,5181.041213,1,6.420295287,16301,15717,15621,15591,40,0,0.9508798974,26.18513643,0.002243906027,0,15053106.64,15079497.42,14932965.78,15079541.98,514195.9037,30609.78935,6.598967991,14152.65836,5775.0674,29720.21902,58.45910268,FALSE,FALSE,TRUE
359987,c061,fine/relief_q1,coastal,TRUE,1992,bcb92026,143,15000,305,5182,1398.691962,dem_agl,reported,5157.927415,1,61.8303543,16157,10274,10075,10022,112,0,24.0431457,65.93640216,0.002569845412,0,14795808.56,14945251.43,14703463.38,14945406.53,5215880.618,228407.1406,3756.998466,161626.5843,48526.78332,190459.4512,8005.019977,FALSE,FALSE,TRUE
359988,c061,fine/relief_q1,coastal,TRUE,1992,bcb92026,144,15000,305,5182,1412.076718,dem_agl,reported,5122.068176,1,78.75075376,15923,4081,3911,3863,110,0,59.63648105,80.1332961,0.00655991165,0,14522555.14,14738167.33,14620448.84,14739838.68,10630400.04,372988.6738,38371.52948,323931.8973,66677.82812,288062.9821,40912.02103,FALSE,FALSE,TRUE
359989,c061,fine/relief_q1,coastal,TRUE,1992,bcb92026,145,15000,305,5182,1412.076605,dem_agl,reported,5034.522476,1,119.8500117,15396,0,18,0,0,0,147.477524,147.477524,,0,14211981.1,14238667.27,14238667.27,14238308.37,14205781.99,317405.7227,284520.4376,317405.7227,284520.4376,278894.3459,248606.8101,FALSE,FALSE,TRUE
359990,c061,fine/relief_q1,coastal,FALSE,1992,bcb92026,146,15000,305,5182,1338.821346,dem_agl,reported,4979.681931,1,123.2496842,15074,0,0,0,0,0,202.2138745,202.2138745,,0,14052437.46,13930156.04,13930156.04,13930710.03,14052437.46,255140.9325,377422.3604,255140.9325,377422.3604,201273.9327,323001.369,FALSE,FALSE,TRUE
1222024,c062,fine/relief_q1,coastal,FALSE,1976,bc5716,84,12000,153,1890,1156.714708,dem_agl,reported,1890.164209,1,0.8390525972,8859,8859,8363,8363,0,0,-0.1642085637,,0.02904657833,0,,,,,,,,,,,,FALSE,TRUE,FALSE
1222025,c062,fine/relief_q1,coastal,FALSE,1976,bc5716,85,12000,153,1890,1156.714708,dem_agl,reported,1890.121773,1,0.7947472133,8859,8859,8495,8495,0,0,-0.1217729891,,0.03366098553,0,,,,,,,,,,,,FALSE,TRUE,FALSE
1222026,c062,fine/relief_q1,coastal,TRUE,1976,bc5716,86,12000,153,1890,1164.02627,dem_agl,reported,1889.951686,1,0.2450595987,8859,8849,8693,8693,0,0,0.04830975901,1.661896896,0.03805355355,0,7974282.357,7973903.851,7960293.878,7973903.774,9878.036554,213.7803331,0,0.1487537016,9.982737342,207.8514644,0,FALSE,FALSE,TRUE
1222027,c062,fine/relief_q1,coastal,TRUE,1976,bc5716,87,12000,153,1890,1156.735027,dem_agl,reported,1889.733661,1,0.5261330102,8854,8218,7902,7902,1,0,0.2663389244,1.817446294,0.03891960531,0,7969537.013,7972064.221,7958982.533,7972064.584,570470.9328,2746.077314,0,173.9821937,357.3394388,2305.824501,0,FALSE,FALSE,TRUE
1222028,c062,fine/relief_q1,coastal,TRUE,1976,bc5716,88,12000,153,1890,1156.735027,dem_agl,reported,1889.061853,1,0.900178482,8849,4964,4642,4630,1,0,0.9381474758,1.799907989,0.04132231511,0,7964544.025,7966397.021,7959130.387,7966397.086,3492328.329,4688.025555,1.076982224,1790.784529,1064.594849,2901.902412,399.2721546,FALSE,FALSE,TRUE
1222029,c062,fine/relief_q1,coastal,TRUE,1976,bc5716,89,12000,153,1890,1164.04573,dem_agl,reported,1886.690492,1,5.600360075,8826,1525,1585,1411,1,0,3.30950803,3.910885348,0.4116365016,0,7942365.756,7946408.959,7941343.975,7946404.059,6562386.094,18657.01763,7708.2801,17829.01516,10568.11864,15699.25078,7099.431665,FALSE,FALSE,TRUE
1222030,c062,fine/relief_q1,coastal,TRUE,1976,bc5716,90,12000,153,1890,1200.624369,dem_agl,reported,1885.159818,1,7.709643864,8812,0,579,0,0,0,4.840967515,4.840967515,,0,7907062.555,7933520.329,7933520.329,7933496.31,7907062.555,46112.88305,19655.10977,46112.88305,19655.10977,32995.79083,6562.035764,FALSE,FALSE,TRUE
1222031,c062,fine/relief_q1,coastal,TRUE,1976,bc5716,91,12000,153,1890,1200.622174,dem_agl,reported,1886.599344,1,6.923371543,8827,2077,2487,1931,1,0,3.400729798,4.407344302,0.1361545324,0,7911715.658,7945641.181,7937164.486,7945628.876,6032582.499,51434.77134,7957.252061,49438.2163,11887.65576,46733.36851,6189.887467,FALSE,FALSE,TRUE
1222032,c062,fine/relief_q1,coastal,TRUE,1976,bc5716,92,12000,153,1890,1200.611177,dem_agl,reported,1888.787565,1,4.70139394,8847,5578,4806,4748,5,0,1.21240248,3.561484631,0.06901475042,0,7941547.506,7964083.784,7944286.266,7964085.221,2913935.231,29688.8812,98.21020655,23871.10612,4926.039896,27470.00974,508.0946708,FALSE,FALSE,TRUE
1222033,c062,fine/relief_q1,coastal,TRUE,1976,bc5716,93,12000,153,1890,1193.288696,dem_agl,reported,1890.017447,1,1.141766504,8857,8082,6450,6398,139,0,-0.01744727094,2.318488462,0.05105090514,0,7971374.191,7974458.771,7954759.152,7974457.712,694611.6159,2838.171537,0,203.108888,1007.963948,2307.672198,0,FALSE,FALSE,TRUE
1201998,c063,fine/relief_q1,coastal,TRUE,1977,bc77038,11,10000,153,1554,864.0096023,dem_agl,reported,1525.864451,1,22.22590963,5757,1560,746,746,5,0,28.13554933,38.92009216,-0.9857228398,0,5210967.458,5197583.805,5124372.221,5197546.215,3729499.738,73989.38252,9897.380211,40295.95156,20960.19638,31444.5384,12665.17926,FALSE,FALSE,TRUE
1201999,c063,fine/relief_q1,coastal,TRUE,1977,bc77038,12,10000,153,1554,864.0096023,dem_agl,reported,1524.094502,1,18.91842857,5751,746,299,299,4,0,29.90549847,34.50656541,-1.285081267,0,5194310.803,5185532.769,5154270.968,5185507.547,4468469.136,71541.13455,23958.8726,55927.32612,31416.13746,36299.3608,16441.64735,FALSE,FALSE,TRUE
1202000,c063,fine/relief_q1,coastal,TRUE,1977,bc77038,13,10000,153,1554,864.1165727,dem_agl,reported,1525.980801,1,16.06210354,5721,216,129,129,4,0,28.01919938,29.13393612,-0.4200166315,0,5194627.007,5198376.485,5190784.378,5198127.488,4970188.99,67771.313,35246.04131,63835.26261,37830.27665,45309.16088,23087.1763,FALSE,FALSE,TRUE
1202001,c063,fine/relief_q1,coastal,TRUE,1977,bc77038,14,10000,153,1554,864.1165727,dem_agl,reported,1522.867524,1,14.6083694,5731,0,0,0,0,0,31.13247567,31.13247567,,0,5174689.3,5177186.87,5177186.87,5177209.04,5173916.753,57976.96021,54706.84296,57976.96021,54706.84296,38561.61489,35307.62256,FALSE,FALSE,TRUE
1202002,c063,fine/relief_q1,coastal,TRUE,1977,bc77038,15,10000,153,1554,864.2236867,dem_agl,reported,1517.837211,1,12.25042255,5713,0,0,0,0,0,36.16278942,36.16278942,,0,5188513.204,5143040.942,5143040.942,5143396.916,5188513.204,34329.11755,79801.37933,34329.11755,79801.37933,10634.09273,55750.38113,FALSE,FALSE,TRUE
1202003,c063,fine/relief_q1,coastal,TRUE,1977,bc77038,16,10000,153,1554,864.2236867,dem_agl,reported,1512.624948,1,8.217297938,5645,0,0,0,0,0,41.37505204,41.37505204,,0,5126656.939,5107779.121,5107779.121,5107708.921,5126656.939,27487.56783,46365.38649,27487.56783,46365.38649,14504.30864,33452.32671,FALSE,FALSE,TRUE
1202004,c063,fine/relief_q1,coastal,TRUE,1977,bc77038,17,10000,153,1554,864.2771613,dem_agl,reported,1512.704177,1,9.305724179,5661,12,10,10,0,0,41.29582262,41.38293576,0.009126683697,0,5137879.95,5108314.213,5107725.878,5108291.376,5114283.938,27050.86155,44564.53636,26744.27379,44825.11599,12406.36054,31623.25922,FALSE,FALSE,TRUE
1202005,c063,fine/relief_q1,coastal,TRUE,1977,bc77038,18,10000,153,1554,870.2146334,dem_agl,reported,1515.517832,1,14.53240887,5688,175,153,153,7,0,38.48216785,39.69017059,0.3866212964,0,5128748.943,5127334.984,5119164.356,5127387.559,4941588.863,60612.20784,31473.48067,55973.11617,34073.25861,37417.12152,20901.64421,FALSE,FALSE,TRUE
1202006,c063,fine/relief_q1,coastal,TRUE,1977,bc77038,19,10000,153,1554,870.2146334,dem_agl,reported,1515.641362,1,19.62252254,5683,189,166,166,7,0,38.35863789,39.66519955,0.3135282993,0,5109772.096,5128170.877,5119333.188,5128168.615,4905006.482,93975.49673,43427.79229,89354.97684,46580.38488,60590.63533,28283.81767,FALSE,FALSE,TRUE
1202007,c063,fine/relief_q1,coastal,TRUE,1977,bc77038,20,10000,153,1554,879.2337523,dem_agl,reported,1509.5451,1,24.14504105,5637,71,55,55,6,0,44.45490046,45.01174206,0.6257053018,0,5083284.674,5087000.447,5083248.149,5087016.286,4995591.398,100698.4372,75006.19267,99000.56936,76797.33909,53610.74391,36676.9195,FALSE,FALSE,TRUE
16065,c064,fine/relief_q1,coastal,TRUE,1996,bcc96129,27,15000,305,6096,1528.938043,dem_agl,reported,6066.072785,1,39.22762097,22912,7851,5884,5861,358,0,29.86251058,45.46891404,7.150328656e-06,0,20555300.02,20671310.35,20565083.53,20671719.89,13409119.38,214634.6183,24555.26148,165716.6722,43690.92926,146441.866,8550.804131,FALSE,FALSE,TRUE
16066,c064,fine/relief_q1,coastal,TRUE,1996,bcc96129,28,15000,305,6096,1528.938043,dem_agl,reported,6078.270224,1,25.21193604,23004,7733,6192,5995,124,0,17.68977069,26.75108456,0.01093351375,0,20657376.45,20754524.17,20692689.77,20754777.64,13657913.7,152809.1689,13683.15001,122998.0256,24433.99022,119328.0036,4495.373942,FALSE,FALSE,TRUE
16067,c064,fine/relief_q1,coastal,TRUE,1996,bcc96129,29,15000,305,6096,1790.750554,dem_agl,reported,6082.049826,1,21.91290304,23036,9950,7946,7753,107,0,13.93658975,24.75071591,-0.01523298025,0,20734829.87,20780343.43,20706512.57,20780372.08,11728261.24,104830.5733,11886.3624,80451.62634,25237.43254,79942.50152,8173.578432,FALSE,FALSE,TRUE
16068,c064,fine/relief_q1,coastal,TRUE,1996,bcc96129,30,15000,305,6096,1659.278088,dem_agl,reported,6087.057802,1,19.87700748,23077,15924,14744,14562,43,0,8.921812909,29.16845479,-0.08098617941,0,20769895.83,20814578.7,20676342.97,20814689.68,6379023.925,81886.11778,5902.469168,46706.28336,39282.88231,66769.13544,10963.73608,FALSE,FALSE,TRUE
16069,c064,fine/relief_q1,coastal,TRUE,1996,bcc96129,31,15000,305,6096,1659.278088,dem_agl,reported,6094.465178,1,7.511461326,23129,21632,20668,20668,7,0,1.535573778,25.65973543,-0.07496059686,0,20832604.44,20865268.29,20700410.22,20865261.06,1305079.779,42028.59446,0,15788.94839,6476.750661,39031.49076,2.09424324,FALSE,FALSE,TRUE
16070,c064,fine/relief_q1,coastal,FALSE,1996,bcc96129,32,15000,305,6096,1804.830371,dem_agl,reported,6096.020557,1,0.6962651416,23136,23066,23059,23059,1,0,-0.02055706357,10.54879434,-0.06556495279,0,20871722.29,20875919.77,20803592.7,20875919.79,59338.93891,4227.023187,0,1305.638449,1096.040561,4198.305582,0,FALSE,FALSE,TRUE
16071,c064,fine/relief_q1,coastal,TRUE,1996,bcc96129,33,15000,305,6096,1833.882059,dem_agl,reported,6095.261906,1,6.21917773,23133,22587,22585,22573,6,0,0.7354486892,32.97197553,-0.0544796735,0,20838449.4,20870724.07,20650546.33,20870742.11,458912.5802,36706.63133,0,15065.99301,3886.311881,35750.26182,3.866536851,FALSE,FALSE,TRUE
16072,c064,fine/relief_q1,coastal,FALSE,1996,bcc96129,34,15000,305,6096,1326.613602,dem_agl,reported,4711.272843,1,247.3914271,13771,0,0,0,0,0,1384.706596,1384.706596,,0,12586964.64,12468932.84,12468932.84,12468007.72,12586964.64,722927.0438,840958.8413,722927.0438,840958.8413,554738.8369,673695.748,FALSE,FALSE,TRUE
16073,c064,fine/relief_q1,coastal,FALSE,1996,bcc96129,35,15000,305,6096,1326.613602,dem_agl,reported,4548.374507,1,208.8663117,12842,0,0,0,0,0,1547.694943,1547.694943,,0,11357054.26,11621580.82,11621580.82,11617995.34,11357054.26,658184.3644,393657.8009,658184.3644,393657.8009,573820.3883,312879.3071,FALSE,FALSE,TRUE
16074,c064,fine/relief_q1,coastal,FALSE,1996,bcc96129,36,15000,305,6096,1369.701902,dem_agl,reported,4408.048819,1,156.7439574,12060,0,0,0,0,0,1687.956099,1687.956099,,0,10972954.21,10915548.53,10915548.53,10913921.77,10972954.21,353422.0071,410827.692,353422.0071,410827.692,321832.3259,380864.771,FALSE,FALSE,TRUE
772447,c065,fine/relief_q1,coastal,TRUE,1969,bc5323,98,12000,153,1981,1034.397394,dem_agl,reported,1961.954073,1,21.84426029,9526,3089,185,174,5,0,19.03682162,28.96399572,-1.730917573,0,8537524.458,8593048.52,8506309.614,8593065.249,5682750,133452.6396,8542.404859,91511.61607,20390.54947,104408.669,19701.2579,FALSE,FALSE,TRUE
772448,c065,fine/relief_q1,coastal,TRUE,1969,bc5323,99,12000,153,1981,1034.396647,dem_agl,reported,1952.485086,1,31.88873218,9437,2737,166,148,11,0,28.52131184,40.83822292,-1.720102549,0,8460535.759,8510303.353,8403270.496,8510246.529,5890781.628,172023.892,17685.8973,129966.3428,40418.98841,102018.2486,17967.22422,FALSE,FALSE,TRUE
772449,c065,fine/relief_q1,coastal,TRUE,1969,bc5323,100,12000,153,1981,1034.396647,dem_agl,reported,1934.84519,1,38.15317832,9266,2024,507,475,22,0,46.15262155,59.4397574,-1.704949856,0,8394128.031,8357223.85,8242835.076,8357113.815,6420699.809,149490.3738,38691.50296,95901.91401,59132.47696,46518.34191,35134.21786,FALSE,FALSE,TRUE
772450,c065,fine/relief_q1,coastal,TRUE,1969,bc5323,101,12000,153,1981,1027.113212,dem_agl,reported,1919.517593,1,36.34714335,9122,1269,513,480,22,0,61.47486368,71.57610578,-1.216026068,0,8336975.902,8225338.586,8138996.558,8225304.987,7018295.552,108819.3372,45578.71736,62857.98236,58764.53021,34664.02827,57547.85922,FALSE,FALSE,TRUE
772451,c065,fine/relief_q1,coastal,TRUE,1969,bc5323,102,12000,153,1981,1027.113212,dem_agl,reported,1911.373353,1,32.3891335,9043,897,396,342,1,0,69.60184134,77.39493395,-1.223296642,0,8332977.078,8155688.779,8089319.257,8155719.798,7302458.007,71177.97775,29726.26194,36345.81369,38134.81138,25051.1018,55268.27996,FALSE,FALSE,TRUE
772452,c065,fine/relief_q1,coastal,TRUE,1969,bc5323,103,12000,153,1981,1034.395635,dem_agl,reported,1928.86078,1,40.71223208,9210,2698,801,684,9,0,52.08892666,74.22118996,-1.810771048,0,8509402.494,8305606.582,8116098.596,8306088.73,5792955.111,91905.96691,12620.82957,30605.76654,26519.72262,25404.01228,31112.21202,FALSE,FALSE,TRUE
772453,c065,fine/relief_q1,coastal,TRUE,1969,bc5323,104,12000,153,1981,1034.395,dem_agl,reported,1955.25181,1,38.45437592,9464,5933,3204,3098,9,0,25.74609053,70.49180468,-0.6466504335,0,8557722.61,8534439.097,8148289.41,8534035.176,3046140.301,138962.3278,3883.985865,35945.44328,23177.56663,46342.85431,19776.28037,FALSE,FALSE,TRUE
772454,c065,fine/relief_q1,coastal,TRUE,1969,bc5323,105,12000,153,1981,1034.395,dem_agl,reported,1975.455238,1,20.26797998,9652,8639,6319,6261,9,0,5.554032301,57.30925821,-0.02347211912,0,8656860.141,8711721.379,8261221.866,8711627.447,814972.54,97622.42083,1022.619476,27456.34828,19490.49907,84838.38013,3860.225767,FALSE,FALSE,TRUE
772455,c065,fine/relief_q1,coastal,TRUE,1969,bc5323,106,12000,153,1981,1150.514352,dem_agl,reported,1976.370785,1,16.8716341,9665,8718,7643,7603,0,0,4.627522043,49.68634923,-0.03675108403,0,8659570.131,8719798.339,8326729.36,8719836.835,757672.3344,95035.24317,85.921008,30329.1237,10229.71152,85562.62936,368.7582148,FALSE,FALSE,TRUE
772456,c065,fine/relief_q1,coastal,TRUE,1969,bc5323,107,12000,153,1981,1150.514352,dem_agl,reported,1972.373173,1,21.41685453,9627,7785,6555,6500,0,0,8.613788185,46.4192314,-0.0506294854,0,8612170.352,8684558.89,8354827.141,8684548.433,1532144.47,129633.3379,502.7668793,47957.3398,8482.861061,87340.44098,1631.17074,FALSE,FALSE,TRUE
779963,c066,fine/relief_q1,coastal,TRUE,1969,bc5368,72,10000,153,1890,1101.277993,dem_agl,reported,1870.028119,1,6.057924381,8671,354,202,202,80,0,19.95989716,20.76628312,0.7891388535,0,7838108.527,7806670.773,7799939.503,7806771.826,7497065.906,8908.564863,17939.78556,6235.856158,21085.59359,6985.006209,16838.86314,TRUE,FALSE,FALSE
779964,c066,fine/relief_q1,coastal,TRUE,1969,bc5368,73,10000,153,1890,1102.035595,dem_agl,reported,1874.84371,1,9.201122059,8712,1727,1355,1355,188,0,15.14792284,18.81680329,-0.2053453475,0,7877231.669,7846929.14,7816247.889,7846989.193,6278026.622,20521.38852,8502.39738,8369.579909,16628.34092,9193.459623,11320.85928,TRUE,FALSE,FALSE
779965,c066,fine/relief_q1,coastal,TRUE,1969,bc5368,74,10000,153,1890,1102.207993,dem_agl,reported,1881.118731,1,9.077059459,8773,3735,3012,3012,356,0,8.879641261,15.25198677,-0.09732613713,0,7901269.003,7899543.708,7846114.481,7899511.726,4510748.408,32946.36013,2295.4276,11648.77202,10585.16649,16099.17216,5311.232508,FALSE,FALSE,TRUE
779966,c066,fine/relief_q1,coastal,TRUE,1969,bc5368,75,10000,153,1890,1101.62283,dem_agl,reported,1882.682222,1,9.544622414,8788,4632,3947,3947,354,0,7.319308463,15.29039804,-0.09896638617,0,7897650.539,7912680.571,7845819.405,7912668.955,3697504.159,48005.61158,682.3977399,22559.53426,5604.722898,39481.08231,1747.113523,FALSE,FALSE,TRUE
779967,c066,fine/relief_q1,coastal,TRUE,1969,bc5368,76,10000,153,1890,1101.62283,dem_agl,reported,1877.857606,1,14.03248544,8743,4327,3846,3846,284,0,12.14091894,23.9797801,-0.2967307568,0,7879588.644,7872178.002,7773231.37,7872194.896,3933977.696,49018.2232,5386.690182,17906.83059,23184.27742,27424.07901,8059.80027,FALSE,FALSE,TRUE
779968,c066,fine/relief_q1,coastal,TRUE,1969,bc5368,77,10000,153,1890,1101.708983,dem_agl,reported,1872.382316,1,17.41802347,8693,3840,3419,3419,243,0,17.61736879,31.61835337,-0.5284851789,0,7841564.07,7826338.935,7709731.591,7826337.08,4318301.084,56888.098,3433.296496,11141.61725,20579.76035,29146.04249,11354.07949,FALSE,FALSE,TRUE
779969,c066,fine/relief_q1,coastal,TRUE,1969,bc5368,78,10000,153,1890,1101.881432,dem_agl,reported,1870.093742,1,18.2156964,8672,3501,3045,3044,247,0,19.90243324,33.49282645,-0.6380090117,0,7833757.86,7807218.686,7694157.366,7807228.305,4603045.01,53973.182,1601.231986,2328.082726,10164.17098,23716.24562,10166.26277,FALSE,FALSE,TRUE
779970,c066,fine/relief_q1,coastal,TRUE,1969,bc5368,79,10000,153,1890,1101.881432,dem_agl,reported,1870.33208,1,17.43085011,8677,3277,2784,2783,289,0,19.6705039,31.66995628,-0.6570383906,0,7814382.241,7809208.821,7709327.484,7809137.06,4797566.765,71500.5073,7465.640989,23290.04102,18506.32296,35968.21606,8706.318127,FALSE,FALSE,TRUE
779971,c066,fine/relief_q1,coastal,TRUE,1969,bc5368,80,10000,153,1890,1102.638658,dem_agl,reported,1870.006018,1,16.27943451,8670,2784,2277,2277,309,0,19.99160428,29.43205975,-0.6437247694,0,7817928.784,7806486.247,7727865.365,7806521.272,5245963.681,64101.17499,8132.402506,28052.95303,19880.83237,30616.68579,12470.37058,TRUE,FALSE,FALSE
779972,c066,fine/relief_q1,coastal,TRUE,1969,bc5368,81,10000,153,1890,1083.759209,dem_agl,reported,1868.685886,1,14.13423214,8658,1579,1283,1283,200,0,21.3130865,26.0360145,-0.6142773032,0,7804326.706,7795468.147,7756113.316,7795475.351,6328448.925,54014.57051,7713.816922,34781.31548,15923.73812,28001.33023,7018.424776,TRUE,FALSE,FALSE
1569799,c067,fine/relief_q1,coastal,FALSE,2006,bcc06164,76,15000,305,4572,1357.968373,dem_agl,reported,4510.087721,1,15.03074173,12279,0,0,0,0,0,61.91227888,61.91227888,,0,11440062.57,11426750.67,11426750.67,11426747.02,11440062.57,38254.26163,51566.16197,38254.26163,51566.16197,25062.38011,38377.9298,FALSE,FALSE,TRUE
1569800,c067,fine/relief_q1,coastal,TRUE,2006,bcc06164,77,15000,305,4572,1357.970002,dem_agl,reported,4513.032134,1,19.75260708,12295,14,29,2,4,0,58.96786559,59.03339141,1.515203416,0,11466856.44,11441675.47,11441343.22,11441629.35,11446462.61,39082.2078,56944.68747,38921.7712,57108.89494,17631.79618,36886.88357,TRUE,FALSE,FALSE
1569801,c067,fine/relief_q1,coastal,TRUE,2006,bcc06164,78,15000,305,4572,1351.465835,dem_agl,reported,4524.173965,1,25.52043017,12357,194,269,143,17,0,47.82603521,48.58163648,0.06921710446,0,11511370.53,11498239.91,11494399.49,11498237.79,11311621.84,65894.76777,60050.98978,63823.58224,61527.31506,34862.19261,36900.14303,FALSE,FALSE,TRUE
1569802,c067,fine/relief_q1,coastal,TRUE,2006,bcc06164,79,15000,305,4572,1345.037499,dem_agl,reported,4541.029843,1,26.52911866,12448,1880,1815,1630,71,0,30.97015659,36.42385263,0.005603246391,0,11558196.5,11584078.33,11556270.5,11584069.05,9760648.806,89260.27627,17922.84312,75152.85044,23652.40076,55236.20687,13880.82775,FALSE,FALSE,TRUE
1569803,c067,fine/relief_q1,coastal,TRUE,2006,bcc06164,80,15000,305,4572,1338.461168,dem_agl,reported,4553.581049,1,23.67486971,12518,5135,5015,4881,66,0,18.41895087,31.14281815,0.04196585342,0,11616143.19,11648202.59,11583197.44,11648210.89,6798448.823,78463.85233,8021.481017,49583.29536,17611.60808,49871.32044,12721.50159,FALSE,FALSE,TRUE
1569804,c067,fine/relief_q1,coastal,TRUE,2006,bcc06164,81,15000,305,4572,1338.396196,dem_agl,reported,4560.479451,1,20.07433697,12554,8163,8018,7964,64,0,11.52054906,32.75822103,0.04280758649,0,11650305.96,11683521.98,11574957.49,11683519.44,4025390.941,65174.95084,853.6177458,25850.44081,12114.26232,42374.99118,1113.513389,FALSE,FALSE,TRUE
1569805,c067,fine/relief_q1,coastal,TRUE,2006,bcc06164,82,15000,305,4572,1338.396196,dem_agl,reported,4566.471215,1,13.57926583,12588,9888,9785,9731,99,0,5.528785027,25.40941701,0.04292466864,0,11695527.97,11714242.82,11612466.38,11714214.64,2480394.441,37092.53843,145.352338,10312.70325,8282.245246,23065.71696,806.9899488,FALSE,FALSE,TRUE
1569806,c067,fine/relief_q1,coastal,TRUE,2006,bcc06164,83,15000,305,4572,1193.513721,dem_agl,reported,4571.934526,1,0.05789442232,12615,12610,12606,12605,0,0,0.06547356661,1.93941344,0.06598348543,0,11742190.06,11742289.35,11732665.49,11742289.36,4166.377979,157.4966934,0,43.62436014,20.78082534,157.8475044,0,FALSE,FALSE,TRUE
1569807,c067,fine/relief_q1,coastal,TRUE,2006,bcc06164,84,15000,305,4572,1193.513721,dem_agl,reported,4568.777385,1,8.625580677,12592,10320,10163,10083,67,0,3.222614692,17.39819106,0.0644694604,0,11695325.58,11726077.72,11653425.44,11726044.68,2067954.762,42034.84941,61.73978068,22464.49176,2205.485351,34708.23081,27.84468648,FALSE,FALSE,TRUE
1569808,c067,fine/relief_q1,coastal,TRUE,2006,bcc06164,85,15000,305,4572,1330.460597,dem_agl,reported,4543.022889,1,34.15523392,12451,5222,4995,4913,109,0,28.97614069,49.77101465,0.06312064454,0,11568862.2,11594249,11488350.72,11594046.61,6622412.513,109229.3473,6545.994901,68782.56215,16809.59883,56088.4896,10535.59184,FALSE,FALSE,TRUE
881359,c068,fine/relief_q1,coastal,TRUE,1986,bc86002,5,9000,153,1402,361.2810655,dem_agl,reported,1364.992677,1,41.12994361,4586,1910,1223,1219,3,0,37.00732281,65.12396708,-0.04132512212,0,4159805.611,4159395.652,3989806.793,4159326.664,2321599.934,109834.9005,6876.041925,34519.78495,24895.33038,52138.42268,15181.62709,FALSE,FALSE,TRUE
881360,c068,fine/relief_q1,coastal,TRUE,1986,bc86002,6,9000,153,1402,364.6664354,dem_agl,reported,1363.6058,1,40.3017053,4577,1773,1127,1123,6,0,38.39419992,64.27042356,-0.04086115584,0,4150327.973,4150947.782,3994903.093,4151007.862,2437719.302,110077.3094,5038.870647,39338.49892,21611.29025,54465.98002,16865.16596,FALSE,FALSE,TRUE
881361,c068,fine/relief_q1,coastal,TRUE,1986,bc86002,7,9000,153,1402,362.3327528,dem_agl,reported,1363.135311,1,38.48399005,4573,1627,1031,1027,7,0,38.86468856,61.80506613,0.05464703962,0,4156445.462,4148083.851,4009641.408,4148087.345,2577058.476,101554.9705,6572.170774,40095.34254,24057.57349,54897.16408,23108.35243,FALSE,FALSE,TRUE
881362,c068,fine/relief_q1,coastal,TRUE,1986,bc86002,8,9000,153,1402,362.3327528,dem_agl,reported,1364.274959,1,35.72536701,4582,1523,1078,1074,9,0,37.72504072,57.82227534,0.1824799925,0,4176781.898,4155022.753,4033508.521,4154925.5,2700838.271,87728.69568,12317.87253,39970.7622,35770.80971,51279.14048,32094.49042,FALSE,FALSE,TRUE
881363,c068,fine/relief_q1,coastal,TRUE,1986,bc86002,9,9000,153,1402,364.6622747,dem_agl,reported,1366.734769,1,32.22920696,4599,1446,1191,1184,9,0,35.26523079,52.57209101,0.2100099772,0,4202049.654,4170019.407,4065078.78,4170000.158,2802123.192,72263.91831,11964.68267,34171.33671,34592.39735,43451.33844,31123.99529,FALSE,FALSE,TRUE
881364,c068,fine/relief_q1,coastal,TRUE,1986,bc86002,10,9000,153,1402,362.3293662,dem_agl,reported,1370.887382,1,28.95238638,4626,1386,1232,1223,8,0,31.11928084,45.46542701,0.2226153091,0,4249040.722,4195397.825,4108048.765,4195338.913,2916075.514,50581.14587,25087.07745,26135.90106,52162.91098,24523.433,37323.71209,FALSE,FALSE,TRUE
881365,c068,fine/relief_q1,coastal,TRUE,1986,bc86002,11,9000,153,1402,362.3293662,dem_agl,reported,1375.968696,1,25.31678646,4660,1401,1372,1364,8,0,26.03130398,37.09876799,0.258266449,0,4271494.527,4226556.682,4158838.369,4226491.119,2939218.937,49825.4027,28123.36453,30370.35152,48391.88586,20678.8275,33104.56984,FALSE,FALSE,TRUE
881366,c068,fine/relief_q1,coastal,TRUE,1986,bc86002,12,9000,153,1402,364.6580272,dem_agl,reported,1382.436747,1,22.83975151,4705,1502,1403,1395,61,0,19.56366143,28.52881717,0.3073998541,0,4282517.8,4266385.841,4211229.913,4266385.482,2873139.607,55934.53364,20889.45935,39334.09473,35706.37077,25897.46775,19527.70907,FALSE,FALSE,TRUE
881367,c068,fine/relief_q1,coastal,TRUE,1986,bc86002,13,9000,153,1402,362.3261427,dem_agl,reported,1388.641189,1,18.6098271,4745,1617,1422,1414,146,0,13.35881132,19.93518307,0.3215036392,0,4302190.534,4304767.26,4264090.497,4304768.83,2805196.374,52266.37844,15953.66424,40333.04246,27811.15167,30804.95145,11454.96599,FALSE,FALSE,TRUE
881368,c068,fine/relief_q1,coastal,TRUE,1986,bc86002,14,9000,153,1402,362.3261427,dem_agl,reported,1393.773105,1,13.54914439,4779,1662,1445,1421,169,0,8.226895256,12.23670134,0.3284900039,0,4323734.175,4336643.782,4311727.12,4336610.36,2798930.689,43242.11808,10954.71106,36859.82317,19652.39417,30511.90355,5857.685956,TRUE,FALSE,FALSE
229060,c069,fine/relief_q1,coastal,TRUE,1993,bcb93085,42,10000,153,1676,413.6464195,dem_agl,reported,1670.108235,1,8.558657087,6874,3323,2326,2326,22,0,5.888304252,11.93347991,0.08296600729,0,6192939.755,6226712.664,6181717.439,6226753.839,3159341.74,56799.74942,1133.885719,37131.60607,5179.912441,40964.42511,819.97282,FALSE,FALSE,TRUE
229061,c069,fine/relief_q1,coastal,TRUE,1993,bcb93085,43,10000,153,1676,413.6464195,dem_agl,reported,1671.393987,1,7.374359731,6883,3618,2619,2619,22,0,4.601416647,10.28600868,0.08379183337,0,6204905.241,6236303.768,6193955.217,6236369.714,2905270.169,50412.53078,235.1447683,31660.15615,2811.552519,37155.44708,30.08663822,FALSE,FALSE,TRUE
229062,c069,fine/relief_q1,coastal,TRUE,1993,bcb93085,44,10000,153,1676,428.5891915,dem_agl,reported,1672.099276,1,6.597733211,6889,3834,2860,2860,21,0,3.892585964,9.370987677,0.08497428894,0,6214125.317,6241568.026,6200735.76,6241618.137,2721514.301,42992.01398,91.81508599,26193.41637,3845.450109,32220.69076,0.7012730543,FALSE,FALSE,TRUE
229063,c069,fine/relief_q1,coastal,TRUE,1993,bcb93085,45,10000,153,1676,468.5312745,dem_agl,reported,1672.484099,1,6.147305814,6895,3856,2868,2859,19,0,3.510278867,8.56156064,0.0865800716,0,6215531.412,6244441.272,6206778.971,6244492.939,2705600.723,42015.19775,107.2304619,26114.88789,3948.53993,33063.19141,316.8244056,FALSE,FALSE,TRUE
229064,c069,fine/relief_q1,coastal,TRUE,1993,bcb93085,46,10000,153,1676,405.0036744,dem_agl,reported,1672.710648,1,5.430795745,6896,3686,2747,2738,24,0,3.285485281,7.596282811,0.08774241433,0,6222127.491,6246133.083,6213980.339,6246158.159,2870197.629,35670.42236,467.4299584,22920.98421,5329.256884,26507.11368,505.2255012,FALSE,FALSE,TRUE
229065,c069,fine/relief_q1,coastal,TRUE,1993,bcb93085,47,10000,153,1676,405.0036744,dem_agl,reported,1672.6874,1,4.839586862,6898,3318,2419,2410,20,0,3.31023161,6.840890581,0.08787694946,0,6227285.83,6245959.468,6219619.724,6245978.826,3209049.319,31280.17669,448.1510369,20434.30146,3466.363945,21894.01969,755.1941066,FALSE,FALSE,TRUE
229066,c069,fine/relief_q1,coastal,TRUE,1993,bcb93085,48,10000,153,1676,319.864303,dem_agl,reported,1672.028982,1,5.218855511,6886,2804,2011,1993,17,0,3.973517756,7.063217844,0.08805093169,0,6224642.314,6241043.25,6217999.229,6241028.397,3665903.134,32007.29837,646.8509489,22951.21977,3638.086175,23105.25373,1238.590258,FALSE,FALSE,TRUE
229067,c069,fine/relief_q1,coastal,TRUE,1993,bcb93085,49,10000,153,1676,319.864303,dem_agl,reported,1671.685728,1,5.412084871,6883,2495,1830,1812,19,0,4.312798535,7.031411233,0.08839847893,0,6226683.408,6238481.045,6218206.632,6238501.355,3949246.561,28687.62747,692.1788325,20930.04451,3677.131531,19825.64323,1487.909603,FALSE,FALSE,TRUE
229068,c069,fine/relief_q1,coastal,TRUE,1993,bcb93085,50,10000,153,1676,413.2624402,dem_agl,reported,1671.392273,1,5.522434588,6885,2159,1620,1602,21,0,4.608382796,6.913914182,0.08925000578,0,6230375.152,6236290.978,6219098.068,6236258.208,4262667.827,24511.24198,1307.359671,18601.67246,4337.264155,13964.28679,1153.833567,FALSE,FALSE,TRUE
229069,c069,fine/relief_q1,coastal,TRUE,1993,bcb93085,51,10000,153,1676,413.2624402,dem_agl,reported,1671.36066,1,5.490293016,6885,2101,1611,1602,17,0,4.640000858,6.854539063,0.09187278897,0,6228965.803,6236055.068,6219540.579,6236035.908,4313775.472,24164.35848,706.3394778,17825.20391,3236.040086,13794.63465,396.956427,FALSE,FALSE,TRUE
25150,c070,fine/relief_q1,coastal,TRUE,1996,bcc96170,168,15000,305,4876,1219.54593,dem_agl,reported,4856.890769,1,28.90305212,14533,8277,7435,7347,379,0,19.10627765,44.22940628,0.000650582544,0,13292445.19,13251634.41,13114896.13,13251639.79,5660706.137,37771.3234,4401.781569,17517.34274,20875.01663,23251.44475,10036.18256,FALSE,FALSE,TRUE
25151,c070,fine/relief_q1,coastal,TRUE,1996,bcc96170,169,15000,305,4876,1219.54593,dem_agl,reported,4862.037718,1,24.93473316,14564,9486,8293,8196,570,0,13.96323978,39.62766552,0.007585854502,0,13259111.33,13279735.37,13139910.34,13279710.43,4551646.219,75155.42657,4716.301476,42193.42875,16713.90278,62154.71806,4652.496976,FALSE,FALSE,TRUE
25152,c070,fine/relief_q1,coastal,TRUE,1996,bcc96170,170,15000,305,4876,1205.441677,dem_agl,reported,4859.267335,1,36.54594597,14546,9685,8394,8283,575,0,16.73370452,49.73364558,0.01215789095,0,13233001.88,13264606.13,13085054.42,13264540.63,4344422.602,92262.42847,2192.837916,46851.86753,20394.669,81831.94225,3136.814342,FALSE,FALSE,TRUE
25153,c070,fine/relief_q1,coastal,TRUE,1996,bcc96170,171,15000,305,4876,1198.304771,dem_agl,reported,4852.274044,1,41.71632472,14506,8839,7828,7749,437,0,23.72595619,60.50319586,0.01566921733,0,13218662.95,13226453.66,13026716.79,13226434.61,5083659.249,87123.53726,2430.061951,28433.70227,23392.17579,67930.1879,6116.707375,FALSE,FALSE,TRUE
25154,c070,fine/relief_q1,coastal,TRUE,1996,bcc96170,172,15000,305,4876,1198.304771,dem_agl,reported,4846.788307,1,44.50378786,14474,8055,7362,7323,297,0,29.19429963,65.67722363,0.0170633588,0,13145254.31,13196564.25,12998644.62,13196669.52,5736586.454,127835.678,13102.65379,52686.44719,58999.41228,130379.8984,21979.01872,FALSE,FALSE,TRUE
25155,c070,fine/relief_q1,coastal,TRUE,1996,bcc96170,173,15000,305,4876,1162.955874,dem_agl,reported,4848.118172,1,41.42695698,14481,8402,7820,7796,242,0,27.87128212,66.26369545,0.01714839134,0,13079287.55,13203807,12995512.23,13203844.27,5371450.517,175463.0554,6997.674744,74624.72801,53138.5843,167175.3286,9883.093162,FALSE,FALSE,TRUE
25156,c070,fine/relief_q1,coastal,TRUE,1996,bcc96170,174,15000,305,4876,1162.955874,dem_agl,reported,4852.410863,1,39.91993007,14506,9232,8678,8650,243,0,23.58284958,64.70853523,0.01633965131,0,13189723.36,13227199.57,13003940.46,13227066.78,4707120.132,107199.4931,5786.907664,43701.43344,51226.44732,80395.38844,21040.99774,FALSE,FALSE,TRUE
25157,c070,fine/relief_q1,coastal,TRUE,1996,bcc96170,175,15000,305,4876,1205.240638,dem_agl,reported,4855.963942,1,37.40412088,14528,9895,9194,9166,287,0,20.01399879,62.64321252,0.01152551919,0,13144858.09,13246577.35,13015021.87,13246701.56,4081374.038,153722.5008,5324.311277,67812.60961,46380.89149,142976.2056,7185.15376,FALSE,FALSE,TRUE
25158,c070,fine/relief_q1,coastal,TRUE,1996,bcc96170,176,15000,305,4876,1205.240638,dem_agl,reported,4858.424247,1,34.93593505,14540,10139,9246,9204,410,0,17.57151829,57.78843879,0.00845571328,0,13220381.18,13260003.68,13041385.74,13260008.89,3923861.9,97348.60586,5758.552599,37014.47689,40867.51067,85567.85981,8609.882092,FALSE,FALSE,TRUE
25159,c070,fine/relief_q1,coastal,TRUE,1996,bcc96170,177,15000,305,4876,1212.326815,dem_agl,reported,4856.135368,1,38.50939788,14529,9753,8664,8597,476,0,19.86432547,60.12908284,0.003124520881,0,13282693.43,13247512.64,13028739.29,13247481.64,4304883.841,45221.78018,4770.482119,15573.46506,38144.97091,28151.57144,11545.55119,FALSE,FALSE,TRUE
475953,c071,fine/relief_q1,coastal,TRUE,1992,bcb92032,94,15000,305,4726,1315.597077,dem_agl,reported,4707.547872,1,31.32961692,13587,7785,7131,6963,393,0,18.44218251,42.77153959,0.04802795872,0,12403906.59,12449223.49,12320876.87,12449312.13,5233946.305,90510.99718,6973.350262,45242.6127,39221.39212,66601.57457,4670.493748,FALSE,FALSE,TRUE
475954,c071,fine/relief_q1,coastal,TRUE,1992,bcb92032,95,15000,305,4726,1315.597077,dem_agl,reported,4704.429891,1,27.85398973,13563,6244,5571,5398,412,0,21.55922154,39.59940023,0.05887464061,0,12403477.5,12432737.81,12337568.46,12432779.77,6638017.828,83220.40391,10726.42906,42876.20121,29155.54471,67167.09305,13918.71069,FALSE,FALSE,TRUE
475955,c071,fine/relief_q1,coastal,TRUE,1992,bcb92032,96,15000,305,4726,1403.361492,dem_agl,reported,4707.497915,1,25.00026717,13584,6830,6052,5913,517,0,18.49764532,36.6592988,0.06447175145,0,12483929.47,12448959.27,12353087.73,12448937.84,6159729.507,38128.53251,6715.077357,18793.85047,18215.00081,16138.81909,7029.930535,FALSE,FALSE,TRUE
475956,c071,fine/relief_q1,coastal,TRUE,1992,bcb92032,97,15000,305,4726,1347.40343,dem_agl,reported,4716.094517,1,20.85429165,13633,10250,9970,9923,204,0,9.901509285,39.28008146,0.06763474643,0,12469635.94,12494468.15,12339286.22,12494472.04,3037784.686,64310.04201,745.3767401,28807.74435,3637.121843,49603.89216,2198.976823,FALSE,FALSE,TRUE
475957,c071,fine/relief_q1,coastal,TRUE,1992,bcb92032,98,15000,305,4726,1347.40343,dem_agl,reported,4725.773866,1,1.90544056,13688,13617,13529,13528,67,0,0.2261445273,22.54441078,0.07263700664,0,12538457.93,12545808.27,12427588.68,12545807.96,58578.85076,7003.246397,0.2729867027,1546.123884,2286.666362,6845.733656,0.8835535248,FALSE,FALSE,TRUE
475958,c071,fine/relief_q1,coastal,FALSE,1992,bcb92032,99,15000,305,4726,1392.108277,dem_agl,reported,4725.920288,1,0.005268056534,13686,13686,13686,13686,0,0,0.07971154288,,0.0809915401,0,,,,,,,,,,,,FALSE,TRUE,FALSE
475959,c071,fine/relief_q1,coastal,TRUE,1992,bcb92032,100,15000,305,4726,1460.910765,dem_agl,reported,4718.081821,1,19.02964459,13642,11120,10892,10856,117,0,7.91701478,42.34129051,0.07185725868,0,12472415.36,12505000.39,12323187.03,12505004.43,2250192.622,60100.38204,227.2553784,10689.38843,9489.214491,49437.20973,512.4096852,FALSE,FALSE,TRUE
475960,c071,fine/relief_q1,coastal,TRUE,1992,bcb92032,101,15000,305,4726,1423.971379,dem_agl,reported,4703.046398,1,29.72685728,13555,7053,6487,6439,341,0,22.95360187,47.39175449,0.07098346204,0,12420639.34,12425426.37,12296630.9,12425415.91,5892915.342,69707.20652,4723.453773,28011.80982,25601.88998,45234.81827,16346.61015,FALSE,FALSE,TRUE
475961,c071,fine/relief_q1,coastal,TRUE,1992,bcb92032,102,15000,305,4726,1423.971379,dem_agl,reported,4678.865784,1,37.47639976,13421,2923,2311,2255,337,0,47.12053783,59.96519511,0.06850200891,0,12383249.53,12297984.69,12230555.28,12298099.8,9621230.566,40316.10846,44789.44047,21980.44631,71268.51746,36034.10694,49358.20027,TRUE,FALSE,FALSE
475962,c071,fine/relief_q1,coastal,TRUE,1992,bcb92032,103,15000,305,4726,1131.963713,dem_agl,reported,4668.926559,1,35.89396251,13362,1473,1019,973,222,0,57.07573363,64.00879767,0.06241378188,0,12270486.61,12245791.44,12209449.97,12245771.72,10887890.07,67108.98244,60045.85407,49713.36214,75071.77624,60606.62401,61972.34019,TRUE,FALSE,FALSE
1042493,c072,fine/relief_q1,coastal,TRUE,1989,bc89016,29,15000,305,4724,1345.796972,dem_agl,reported,4710.800003,1,21.59054868,13798,7668,6159,6104,118,0,13.20175973,29.93961345,0.03798800521,0,12408091.98,12466430.11,12377999.02,12466427.58,5441498.373,93920.2743,364.7071361,54925.03763,4979.735433,73897.3215,1094.737029,FALSE,FALSE,TRUE
1042494,c072,fine/relief_q1,coastal,TRUE,1989,bc89016,30,15000,305,4724,1299.596601,dem_agl,reported,4717.767281,1,13.99750806,13842,10413,8700,8639,117,0,6.233166242,25.64552211,0.03617139533,0,12486059.56,12503333.11,12400649.03,12503322.15,3060768.212,41532.18177,156.7268127,22238.56597,8219.013367,29332.84755,398.5549096,FALSE,FALSE,TRUE
1042495,c072,fine/relief_q1,coastal,TRUE,1989,bc89016,31,15000,305,4724,1299.007299,dem_agl,reported,4721.138964,1,9.591829374,13860,12144,11293,11253,75,0,2.861645494,23.44252217,0.03447258286,0,12496954.57,12521211.2,12412281.63,12521208.14,1518679.322,36036.27834,0.4518332283,16179.28973,2192.01826,32951.40637,29.08156723,FALSE,FALSE,TRUE
1042496,c072,fine/relief_q1,coastal,TRUE,1989,bc89016,32,15000,305,4724,1299.007299,dem_agl,reported,4723.812605,1,1.692156212,13872,13547,13035,13003,38,0,0.187395352,8.530422466,0.03344808519,0,12536425.21,12535397.06,12491157.03,12535396.77,295069.7935,0,0,0,0,0,0,FALSE,FALSE,TRUE
1042497,c072,fine/relief_q1,coastal,TRUE,1989,bc89016,33,15000,305,4724,1112.75913,dem_agl,reported,4723.219018,1,3.246292284,13861,12889,12312,12271,33,0,0.7810405116,10.92082274,0.06918746233,0,12519433.89,12532246.9,12478496.33,12532247.07,859037.047,15860.08931,0,7113.389176,340.4212577,14273.03026,0,FALSE,FALSE,TRUE
1042498,c072,fine/relief_q1,coastal,TRUE,1989,bc89016,34,15000,305,4724,1112.75913,dem_agl,reported,4721.040483,1,12.67268119,13862,12377,11555,11513,29,0,2.956114734,27.69314279,0.07368106395,0,12471227.29,12520688.83,12389822.26,12520710.22,1277838.337,59875.82492,1.530061165,30754.05759,10183.96912,52952.02691,121.5241037,FALSE,FALSE,TRUE
1042499,c072,fine/relief_q1,coastal,TRUE,1989,bc89016,35,15000,305,4724,1112.847686,dem_agl,reported,4717.817775,1,18.48741817,13837,11700,10656,10611,31,0,6.182428329,40.2846746,0.07955413684,0,12441543.68,12503600.75,12323492.16,12503596.27,1844461.535,82703.58321,484.8586561,38436.66838,21720.23902,69161.96946,2347.99444,FALSE,FALSE,TRUE
1042500,c072,fine/relief_q1,coastal,TRUE,1989,bc89016,36,15000,305,4724,1230.26556,dem_agl,reported,4711.127407,1,25.85511756,13799,9916,9249,9211,42,0,12.86759409,45.73105596,0.09127391875,0,12405058.29,12468163.02,12294821.14,12468163.63,3400945.294,107041.9737,447.5111752,51371.97432,7260.76525,76819.47177,871.923707,FALSE,FALSE,TRUE
1042501,c072,fine/relief_q1,coastal,TRUE,1989,bc89016,37,15000,305,4724,1230.484077,dem_agl,reported,4704.43311,1,33.47650736,13759,8603,8289,8217,53,0,19.5609069,52.19893987,0.09824273735,0,12366507.82,12432754.82,12260843.33,12432753.98,4536754.777,128265.0027,3893.174114,67636.98063,17722.38401,84515.89471,2851.962467,FALSE,FALSE,TRUE
1042502,c072,fine/relief_q1,coastal,TRUE,1989,bc89016,38,15000,305,4724,1230.484077,dem_agl,reported,4695.582789,1,38.3489089,13710,6674,6411,6335,137,0,28.41681202,55.33681378,0.1003175005,0,12309933.15,12386020.02,12244407.83,12385977.01,6237655.034,133728.5801,9855.119277,67954.84205,39074.13202,95883.33692,6825.397904,FALSE,FALSE,TRUE
771902,c073,fine/relief_q1,coastal,FALSE,1969,bc5321,80,12000,153,1890,1057.852011,dem_agl,reported,1885.015141,1,7.829014525,8798,0,369,0,0,0,4.983033204,4.983033204,,0,7905630.158,7932302.657,7932302.657,7932306.666,7905630.158,45904.45889,19231.95982,45904.45889,19231.95982,34064.95852,7388.450918,FALSE,FALSE,TRUE
771903,c073,fine/relief_q1,coastal,FALSE,1969,bc5321,81,12000,153,1890,1057.852011,dem_agl,reported,1885.212924,1,7.699837691,8805,0,362,0,0,0,4.784523485,4.784523485,,0,7907230.929,7933967.32,7933967.32,7933964.353,7907230.929,46660.28056,19923.88993,46660.28056,19923.88993,35623.36638,8889.942763,FALSE,FALSE,TRUE
771904,c073,fine/relief_q1,coastal,FALSE,1969,bc5321,82,12000,153,1890,1101.62264,dem_agl,reported,1886.910314,1,5.146264783,8822,0,264,0,0,0,3.089686385,3.089686385,,0,7929718.249,7948260.767,7948260.767,7948263.224,7929718.249,30271.87531,11729.35738,30271.87531,11729.35738,28391.93876,9846.964595,FALSE,FALSE,TRUE
771905,c073,fine/relief_q1,coastal,FALSE,1969,bc5321,83,12000,153,1890,1094.326196,dem_agl,reported,1888.137693,1,0.8384642732,8831,0,145,0,0,0,1.862307493,1.862307493,,0,7960144.02,7958604.344,7958604.344,7958604.452,7960144.02,2478.193673,4017.870004,2478.193673,4017.870004,2446.68425,3986.251861,FALSE,FALSE,TRUE
771906,c073,fine/relief_q1,coastal,TRUE,1969,bc5321,84,12000,153,1890,1094.326196,dem_agl,reported,1888.095784,1,0.6943118631,8826,235,224,94,19,0,1.904223418,1.928941056,1.207680106,0,7964273.33,7958251.052,7958042.686,7958250.655,7749304.535,642.9227591,4225.487086,590.2140856,4345.900195,608.6831505,4126.181854,FALSE,FALSE,TRUE
771907,c073,fine/relief_q1,coastal,TRUE,1969,bc5321,85,12000,153,1890,1101.61983,dem_agl,reported,1888.713575,1,1.170328209,8836,3323,2644,2564,79,0,1.2864255,1.975476882,0.08603713661,0,7971496.704,7963459.833,7957650.342,7963462.325,4968597.21,2119.949818,2295.123524,750.5252683,3712.553162,1026.765537,2852.14211,FALSE,FALSE,TRUE
771908,c073,fine/relief_q1,coastal,TRUE,1969,bc5321,86,12000,153,1890,1094.323325,dem_agl,reported,1889.524782,1,1.092179842,8844,6776,5892,5861,79,0,0.4752183016,2.050715545,-0.01709030755,0,7972298.325,7970301.953,7957016.122,7970305.636,1859879.71,3324.740598,419.8471898,387.6495527,1387.795076,817.4752312,549.8445197,FALSE,FALSE,TRUE
771909,c073,fine/relief_q1,coastal,TRUE,1969,bc5321,87,12000,153,1890,1094.323325,dem_agl,reported,1890.100437,1,0.3522788154,8844,8771,8505,8447,0,0,-0.1004368898,0.4512248791,-0.01767995767,0,7975356.462,7975159.095,7970504.371,7975159.257,63698.72047,71.88614493,0,18.12813118,36.76295431,83.83447633,0,FALSE,FALSE,TRUE
771910,c073,fine/relief_q1,coastal,TRUE,1969,bc5321,88,12000,153,1890,1101.614045,dem_agl,reported,1890.007773,1,0.1037782925,8849,8742,8826,8719,0,0,-0.007773147557,0.2282193217,-0.009301801212,0,7974940.018,7974377.137,7972385.848,7974377.199,94408.35245,20.12296463,0,0.06831835521,5.970565589,21.08867941,0,FALSE,FALSE,TRUE
771911,c073,fine/relief_q1,coastal,TRUE,1969,bc5321,89,12000,153,1890,1101.616135,dem_agl,reported,1890.001276,1,0.05334600451,8849,8767,8849,8767,0,0,-0.001276120391,0.2543418691,-0.006952310912,0,7974398.532,7974322.312,7972165.443,7974322.299,71140.1701,3.831261134,0,0,3.571049529,3.925496859,0,FALSE,FALSE,TRUE
24809,c074,fine/relief_q1,coastal,TRUE,1996,bcc96169,64,15000,305,5181,1221.73803,dem_agl,reported,5180.941903,1,0.004589744943,16517,16517,16517,16517,0,0,0.05809690438,,0.05711138621,0,,,,,,,,,,,,FALSE,TRUE,FALSE
24810,c074,fine/relief_q1,coastal,TRUE,1996,bcc96169,65,15000,305,5181,1200.582016,dem_agl,reported,5180.931658,1,0.1760018248,16518,16483,16469,16460,12,0,0.06834235032,2.415779469,0.05845055729,0,15078907.62,15078859.7,15065198.58,15078859.69,32636.37997,0.7858624099,0,0,48.32556151,0.1854708287,0.02150874686,FALSE,FALSE,TRUE
24811,c074,fine/relief_q1,coastal,TRUE,1996,bcc96169,66,15000,305,5181,1200.582016,dem_agl,reported,5180.922466,1,0.2221480885,16514,16450,16436,16410,19,0,0.07753388538,2.066858076,0.06095388718,0,15078890.56,15078806.2,15067228.77,15078806.16,56748.07972,0,0,0,0,0,0,FALSE,FALSE,TRUE
24812,c074,fine/relief_q1,coastal,TRUE,1996,bcc96169,67,15000,305,5181,1228.634854,dem_agl,reported,5180.916759,1,0.2218220381,16517,16453,16439,16413,19,0,0.08324098968,2.066858076,0.06683827192,0,15078858.26,15078772.98,15067228.77,15078772.98,56748.07972,0,0,0,0,0,0,FALSE,FALSE,TRUE
24813,c074,fine/relief_q1,coastal,TRUE,1996,bcc96169,68,15000,305,5181,1228.634854,dem_agl,reported,5180.91938,1,0.1358778459,16517,16487,16488,16470,7,0,0.08061957059,1.594122024,0.07458926737,0,15078841.16,15078788.24,15069979.59,15078788.23,25460.82505,0,0,0,0,0,0,FALSE,FALSE,TRUE
24814,c074,fine/relief_q1,coastal,TRUE,1996,bcc96169,69,15000,305,5181,1214.80024,dem_agl,reported,5180.922452,1,0.008397964531,16517,16517,16517,16517,0,0,0.07754756042,,0.0778876096,0,,,,,,,,,,,,FALSE,TRUE,FALSE
24815,c074,fine/relief_q1,coastal,FALSE,1996,bcc96169,70,15000,305,5181,1207.78055,dem_agl,reported,5180.924979,1,0.009688831733,16510,16510,16510,16510,0,0,0.07502118011,,0.07542870939,0,,,,,,,,,,,,FALSE,TRUE,FALSE
24816,c074,fine/relief_q1,coastal,FALSE,1996,bcc96169,71,15000,305,5181,1207.78055,dem_agl,reported,5180.929728,1,0.008918889988,16520,16520,16520,16520,0,0,0.07027236379,,0.07094224542,0,,,,,,,,,,,,FALSE,TRUE,FALSE
24817,c074,fine/relief_q1,coastal,TRUE,1996,bcc96169,72,15000,305,5181,1214.652766,dem_agl,reported,5180.933014,1,0.007847494883,16518,16518,16518,16518,0,0,0.06698635902,,0.06841607764,0,,,,,,,,,,,,FALSE,TRUE,FALSE
24818,c074,fine/relief_q1,coastal,TRUE,1996,bcc96169,73,15000,305,5181,1214.652766,dem_agl,reported,5180.934567,1,0.007554294713,16517,16517,16517,16517,0,0,0.06543259495,,0.06712657958,0,,,,,,,,,,,,FALSE,TRUE,FALSE
800096,c075,fine/relief_q1,coastal,TRUE,1981,bc81077,19,10000,305,3109,932.9163227,dem_agl,reported,3103.481768,1,9.774994967,5939,4232,3533,3531,40,0,5.51823165,19.67069418,0.01989043038,0,5392871.472,5410671.538,5361436.688,5410668.296,1528213.376,28195.39281,28.01975305,7527.606396,2326.25292,20967.10869,130.4741514,FALSE,FALSE,TRUE
800097,c075,fine/relief_q1,coastal,TRUE,1981,bc81077,20,10000,305,3109,925.89081,dem_agl,reported,3096.65741,1,14.64033943,5915,2890,2356,2354,49,0,12.34258974,24.31670024,0.01001192164,0,5385530.715,5386902.258,5345322.81,5386914.389,2728664.378,26991.8691,510.8266507,11905.44199,2853.119319,14143.98167,1939.464317,FALSE,FALSE,TRUE
800098,c075,fine/relief_q1,coastal,TRUE,1981,bc81077,21,10000,305,3109,925.89081,dem_agl,reported,3092.91365,1,18.3015651,5899,2769,2498,2496,27,0,16.08634998,30.39685186,0.007140307222,0,5374486.044,5373884.945,5324271.481,5373899.931,2819248.142,31621.5169,224.433069,15046.07455,4953.178617,15927.98468,3237.870777,FALSE,FALSE,TRUE
800099,c075,fine/relief_q1,coastal,TRUE,1981,bc81077,22,10000,305,3109,932.8560207,dem_agl,reported,3097.747558,1,19.2116716,5918,4173,3804,3803,14,0,11.2524418,38.41896677,0.009066136554,0,5375400.253,5390695.738,5296560.037,5390682.214,1548887.293,40960.24506,708.5112133,11372.53583,5726.786589,25880.38412,1301.852266,FALSE,FALSE,TRUE
800100,c075,fine/relief_q1,coastal,TRUE,1981,bc81077,23,10000,305,3109,932.8560207,dem_agl,reported,3106.472747,1,10.26447353,5950,5473,5103,5103,14,0,2.528099562,32.38956107,0.01184469741,0,5397105.421,5421105.627,5317384.081,5421102.036,404140.7025,30659.24702,0.09607560341,8380.369204,3396.459917,24408.8448,116.2051435,FALSE,FALSE,TRUE
800101,c075,fine/relief_q1,coastal,TRUE,1981,bc81077,24,10000,305,3109,913.3992287,dem_agl,reported,3107.169663,1,6.228728975,5958,5356,5259,5256,11,0,1.830647589,18.31220323,0.001457437989,0,5413086.987,5423538.274,5366154.042,5423544.979,529198.1976,15408.77143,0,4788.625087,2330.61058,13553.46075,21.21059743,FALSE,FALSE,TRUE
800102,c075,fine/relief_q1,coastal,TRUE,1981,bc81077,25,10000,305,3109,913.3895734,dem_agl,reported,3105.070241,1,8.207463634,5945,4481,4305,4303,21,0,3.9297594,16.07688867,0.01219256315,0,5404916.833,5416211.703,5373917.823,5416192.593,1309772.586,20651.52299,42.70116394,9025.98985,2824.012209,16375.61482,747.1442146,FALSE,FALSE,TRUE
800103,c075,fine/relief_q1,coastal,TRUE,1981,bc81077,26,10000,305,3109,913.3895734,dem_agl,reported,3085.783012,1,28.71548222,5875,2693,2434,2434,22,0,23.2209369,42.9624308,0.01885173097,0,5334539.273,5349134.782,5280910.853,5349102.91,2839506.727,58186.2921,5713.051651,33909.57896,18062.941,29818.85271,5126.890679,FALSE,FALSE,TRUE
800104,c075,fine/relief_q1,coastal,TRUE,1981,bc81077,27,10000,305,3109,913.3059677,dem_agl,reported,3059.00344,1,30.10522279,5776,939,730,730,10,0,49.9965604,59.75550253,0.0183803197,0,5299737.539,5256694.087,5223207.401,5256649.199,4389361.865,30465.27439,20661.44945,19547.61159,33175.64715,13743.47622,23028.80173,FALSE,FALSE,TRUE
800105,c075,fine/relief_q1,coastal,TRUE,1981,bc81077,28,10000,305,3109,913.2964933,dem_agl,reported,3042.722793,1,14.68231718,5704,3,1,1,0,0,66.27720719,66.31158338,1.472699165,0,5225572.615,5200888.569,5200771.052,5200901.778,5218020.032,18227.08997,38254.58303,18182.07545,38325.261,8571.901738,28736.27956,FALSE,FALSE,TRUE
801332,c076,fine/relief_q2,coastal,TRUE,1981,bc81084,18,10000,305,3353,849.3751048,dem_agl,reported,3303.140504,1,80.29582264,6747,3839,3661,3650,83,0,49.81007742,115.366364,-0.01272481959,0,6044115.549,6129243.403,5888367.703,6129006.848,2470736.612,181225.6955,13643.31218,93031.14859,59751.85681,149580.6051,34825.24253,FALSE,FALSE,TRUE
801333,c076,fine/relief_q2,coastal,TRUE,1981,bc81084,19,10000,305,3353,842.2667269,dem_agl,reported,3327.100635,1,58.45590598,6847,4922,4759,4746,59,0,25.76958494,91.41079392,-0.02243705839,0,6086486.3,6218485.813,5975534.163,6219028.181,1567342.539,182512.8483,1095.656164,89445.45913,23964.39048,179088.6596,2054.213259,FALSE,FALSE,TRUE
801334,c076,fine/relief_q2,coastal,TRUE,1981,bc81084,20,10000,305,3353,842.2667269,dem_agl,reported,3304.391042,1,77.05911171,6751,3907,3653,3645,52,0,48.41180874,114.7235005,-0.02828632295,0,6011686.039,6133885.231,5890168.891,6134283.766,2374650.127,218211.5207,7432.454494,119910.3314,32717.88472,142568.6295,16055.80649,FALSE,FALSE,TRUE
801335,c076,fine/relief_q2,coastal,TRUE,1981,bc81084,21,10000,305,3353,891.2248113,dem_agl,reported,3248.124036,1,100.5246543,6527,2010,1844,1836,35,0,104.8759641,151.4542903,-0.02086403128,0,5947316.405,5926768.772,5758006.98,5926978.541,3963579.916,165705.3435,27545.20544,91690.05551,53936.54482,70744.36379,51285.91246,FALSE,FALSE,TRUE
801336,c076,fine/relief_q2,coastal,TRUE,1981,bc81084,22,10000,305,3353,891.2239984,dem_agl,reported,3216.688414,1,91.01249185,6399,611,468,468,29,0,136.2181484,150.5292059,0.4625733495,0,5939712.782,5812604.357,5760998.817,5812853.266,5197351.475,106931.2331,41885.17619,85587.53996,53445.65832,50321.63275,56606.60087,FALSE,FALSE,TRUE
801337,c076,fine/relief_q2,coastal,TRUE,1981,bc81084,23,10000,305,3353,891.2239162,dem_agl,reported,3192.118385,1,84.33988442,6302,324,275,275,15,0,160.883477,169.5636834,0.5403176546,0,5787050.635,5724146.659,5693058.076,5723536.921,5351907.442,132946.7572,55602.87385,116761.1694,63463.95986,79153.82858,85591.02186,FALSE,FALSE,TRUE
801338,c076,fine/relief_q2,coastal,TRUE,1981,bc81084,24,10000,305,3353,891.2239162,dem_agl,reported,3197.29985,1,81.28511658,6320,290,249,249,13,0,155.6705906,163.1227919,0.5547004044,0,5850134.937,5742744.677,5716005.73,5742856.045,5487102.724,95165.63766,102574.427,86090.48999,115552.3492,68083.04635,100420.1458,FALSE,FALSE,TRUE
801339,c076,fine/relief_q2,coastal,TRUE,1981,bc81084,25,10000,305,3353,891.2239619,dem_agl,reported,3209.561534,1,86.0243064,6367,470,403,401,23,0,143.4750724,154.8465055,0.6263884008,0,5839634.452,5786876.131,5745943.124,5786537.787,5344272.967,123824.464,107092.0953,106395.4712,125184.2364,93718.75504,91084.36131,FALSE,FALSE,TRUE
801340,c076,fine/relief_q2,coastal,TRUE,1981,bc81084,26,10000,305,3353,891.2248256,dem_agl,reported,3229.349147,1,92.28204135,6448,906,833,826,33,0,123.6482917,143.746907,0.574989289,0,5863428.43,5858450.673,5785754.703,5858195.397,5014011.226,117684.9289,95464.99146,85474.41717,131290.9527,95069.03136,81505.1134,FALSE,FALSE,TRUE
801341,c076,fine/relief_q2,coastal,TRUE,1981,bc81084,27,10000,305,3353,891.2241496,dem_agl,reported,3252.320642,1,92.1950918,6542,1187,1074,1067,45,0,100.6494689,122.8009377,0.563352108,0,5980299.034,5942093.545,5861426.315,5942132.384,4869204.769,91997.01469,98047.27877,55859.11663,135267.6403,91495.31968,105992.3738,FALSE,FALSE,TRUE
1040051,c077,fine/relief_q2,coastal,FALSE,1989,bc89011,26,15000,305,4724,1443.435643,dem_agl,reported,4456.998775,1,52.3227097,12041,0,0,0,0,0,267.0012247,267.0012247,,0,11162867.5,11159321.84,11159321.84,11159296.19,11162867.5,143339.7864,146885.4484,143339.7864,146885.4484,94580.76827,98152.07702,FALSE,FALSE,TRUE
1040052,c077,fine/relief_q2,coastal,TRUE,1989,bc89011,27,15000,305,4724,1443.435643,dem_agl,reported,4549.35089,1,100.2149017,12546,901,795,773,76,0,174.6407164,188.1188864,0.02461122535,0,11718300.23,11626570.88,11557781.83,11626381.52,10684150.75,259506.0327,151713.0028,223881.4531,170069.8081,148954.9708,132518.6359,FALSE,FALSE,TRUE
1040053,c077,fine/relief_q2,coastal,TRUE,1989,bc89011,28,15000,305,4724,1450.074382,dem_agl,reported,4658.317045,1,84.56596888,13155,6308,6155,6120,98,0,65.69468178,126.1151972,0.02808990702,0,12092531.05,12190200.81,11876026.58,12189844.67,6081244.859,284770.0045,19237.18706,163295.172,59556.6372,163824.4566,15382.47226,FALSE,FALSE,TRUE
1040054,c077,fine/relief_q2,coastal,TRUE,1989,bc89011,29,15000,305,4724,1450.074382,dem_agl,reported,4719.751516,1,16.1470606,13505,11991,11820,11793,105,0,4.239812046,37.19022872,0.03259121254,0,12446015.67,12513852.82,12339734.62,12513888.4,1322665.572,83137.1686,44.16569928,42192.92092,13005.75507,72024.75923,677.1001626,FALSE,FALSE,TRUE
1040055,c077,fine/relief_q2,coastal,TRUE,1989,bc89011,30,15000,305,4724,1415.433219,dem_agl,reported,4723.527075,1,2.389956052,13558,13050,12993,12968,34,0,0.4729528417,10.34393877,0.062644355,0,12521668.69,12533881.71,12481551.11,12533882,449222.7107,13692.14165,0,5381.630471,115.4662997,13079.0559,0,FALSE,FALSE,TRUE
1040056,c077,fine/relief_q2,coastal,TRUE,1989,bc89011,31,15000,305,4724,1408.785088,dem_agl,reported,4707.263952,1,29.00014816,13441,8343,8201,8155,85,0,16.73604823,43.94406091,0.05055071414,0,12356907.52,12447721.87,12304241.92,12447603.55,4583680.962,142186.5557,1316.925429,89864.87152,11083.61954,102891.4167,148.5576988,FALSE,FALSE,TRUE
1040057,c077,fine/relief_q2,coastal,TRUE,1989,bc89011,32,15000,305,4724,1408.781705,dem_agl,reported,4644.546058,1,71.42147825,13073,2845,2705,2659,85,0,79.45394178,101.4938565,0.04124468565,0,12082301.11,12118233.64,12003496.43,12118056.09,9296759.318,224187.3546,35150.0795,171581.4716,55487.2813,114003.1987,31391.1132,FALSE,FALSE,TRUE
1040058,c077,fine/relief_q2,coastal,TRUE,1989,bc89011,33,15000,305,4724,1408.770175,dem_agl,reported,4549.874201,1,70.58605162,12543,0,0,0,0,0,174.1213236,174.1213236,,0,11728362.76,11629245.84,11629245.84,11629863.87,11728362.76,180427.5333,279544.4539,180427.5333,279544.4539,87370.61826,185869.5115,FALSE,FALSE,TRUE
1040059,c077,fine/relief_q2,coastal,FALSE,1989,bc89011,34,15000,305,4724,1408.767108,dem_agl,reported,4477.214296,1,41.1996342,12146,0,0,0,0,0,246.7959709,246.7959709,,0,11350412.12,11260781.64,11260781.64,11260659.12,11350412.12,96795.70022,186426.1858,96795.70022,186426.1858,52303.45554,142056.4605,FALSE,FALSE,TRUE
1040060,c077,fine/relief_q2,coastal,FALSE,1989,bc89011,35,15000,305,4724,1116.479457,dem_agl,reported,4452.77386,1,22.42381571,12016,0,0,0,0,0,271.2261401,271.2261401,,0,11137172.32,11138175.39,11138175.39,11138154.04,11137172.32,63492.71017,62489.64093,63492.71017,62489.64093,47256.61528,46274.8929,FALSE,FALSE,TRUE
1565734,c078,fine/relief_q2,coastal,TRUE,2006,bcc06038,7,15000,153,2574,1487.06224,dem_agl,reported,2537.427957,1,45.10058538,15785,6284,2857,2836,624,0,36.57036102,59.96824064,1.442858934,0,14323213.61,14373317.91,14109464.42,14373137.99,8484050.259,240604.8957,70605.5077,176496.0742,185170.2803,245689.386,102080.0963,FALSE,FALSE,TRUE
1565735,c078,fine/relief_q2,coastal,TRUE,2006,bcc06038,8,15000,153,2574,1487.06224,dem_agl,reported,2508.394669,1,60.54321573,15427,2857,1267,1261,389,0,65.58122429,80.19036927,1.46656549,0,14160997.43,14046280.24,13883142.77,14045586.69,11382391.75,240861.0286,176355.3717,193907.3263,252391.2759,202322.3673,155926.4983,TRUE,FALSE,FALSE
1565736,c078,fine/relief_q2,coastal,TRUE,2006,bcc06038,9,15000,153,2577,1536.966308,dem_agl,reported,2564.273716,1,23.74995739,16122,10253,8826,8811,380,0,12.70839107,34.28926346,0.02826458402,0,14500807.38,14679063.6,14433025.94,14679270.34,5099215.564,256013.128,2914.298392,155010.5659,21450.4206,234633.8097,6694.567247,FALSE,FALSE,TRUE
1565737,c078,fine/relief_q2,coastal,TRUE,2006,bcc06038,10,15000,153,2576,1536.966308,dem_agl,reported,2563.673702,1,26.61087061,16114,11593,10609,10590,422,0,12.32257764,43.20547788,0.0004846889351,0,14652930.77,14672194.91,14320831.38,14672016.08,4001437.535,119443.647,2890.432835,50614.84632,38711.60437,86701.57547,4154.178242,FALSE,FALSE,TRUE
1565738,c078,fine/relief_q2,coastal,TRUE,2006,bcc06038,11,15000,153,2570,1508.41226,dem_agl,reported,2542.871196,1,38.62629611,15852,9161,8515,8503,393,0,27.10923658,63.87846678,-0.08102907985,0,14582283.2,14435050.76,14020615.03,14435033.52,5999299.468,101683.6601,9244.134698,55789.48843,55475.31544,63379.73942,25214.31628,FALSE,FALSE,TRUE
1565739,c078,fine/relief_q2,coastal,TRUE,2006,bcc06038,12,15000,153,2578,1508.41226,dem_agl,reported,2534.039366,1,43.16939906,15745,5703,5228,5210,243,0,43.88167979,68.72306043,-0.1219611242,0,14605620.3,14334954.05,14055278.35,14335235.99,9100155.278,83033.18957,36925.26604,37939.4189,96888.08419,49738.90736,54572.62637,FALSE,FALSE,TRUE
1565740,c078,fine/relief_q2,coastal,TRUE,2006,bcc06038,13,15000,153,2568,1543.998751,dem_agl,reported,2530.250565,1,41.81306901,15697,6586,6272,6240,113,0,37.68763123,64.99730025,-0.1337627769,0,14524156.63,14292119.92,13985267.56,14292613.42,8286645.579,53843.66903,40322.27764,13234.89743,132360.1342,14874.03558,83374.86216,FALSE,FALSE,TRUE
1565741,c078,fine/relief_q2,coastal,TRUE,2006,bcc06038,14,15000,153,2567,1550.901621,dem_agl,reported,2548.573117,1,32.46507972,15925,10494,10216,10152,88,0,18.43159731,54.24123581,-0.1244650595,0,14525237.35,14499859.23,14095250.96,14499788.23,4821330.324,124744.7001,2060.469994,45611.47562,42477.49246,68279.11889,11370.81235,FALSE,FALSE,TRUE
1565742,c078,fine/relief_q2,coastal,TRUE,2006,bcc06038,15,15000,153,2571,1550.901621,dem_agl,reported,2567.39907,1,15.88133247,16161,14538,14275,14200,68,0,3.577602741,36.45652612,-0.08754713461,0,14581279.44,14714867.29,14340394.08,14715111.74,1314961.102,164320.8981,1204.44664,78271.68203,23573.76849,152656.2118,1364.515459,FALSE,FALSE,TRUE
1565743,c078,fine/relief_q2,coastal,TRUE,2006,bcc06038,16,15000,153,2606,1432.013798,dem_agl,reported,2541.807456,1,82.42968465,15840,6159,4852,4784,51,0,63.82726534,104.5882918,-0.008826837875,0,14026509.6,14422976.28,13964104.77,14424548.17,8243209.828,667569.6306,90195.94835,457472.7092,226527.3244,508872.3474,25401.65589,FALSE,FALSE,TRUE
1214564,c079,fine/relief_q2,coastal,FALSE,1976,bc5745,191,10000,153,1646,873.281263,dem_agl,reported,1598.446993,1,16.0708173,6332,0,0,0,0,0,47.55561865,47.55561865,,0,5673350.116,5703823.373,5703823.373,5703802.932,5673350.116,74064.93938,43591.68213,74064.93938,43591.68213,62408.65395,31955.83766,FALSE,FALSE,TRUE
1214565,c079,fine/relief_q2,coastal,FALSE,1976,bc5745,192,10000,153,1646,873.281263,dem_agl,reported,1608.253703,1,8.96545905,6423,0,0,0,0,0,37.74709928,37.74709928,,0,5745501.776,5774025.672,5774025.672,5774030.73,5745501.776,58197.62102,29673.72589,58197.62102,29673.72589,46291.86931,17762.91613,FALSE,FALSE,TRUE
1214566,c079,fine/relief_q2,coastal,FALSE,1976,bc5745,193,10000,153,1646,877.9983496,dem_agl,reported,1612.255747,1,9.589942387,6440,0,0,0,0,0,33.74425294,33.74425294,,0,5798233.795,5802798.069,5802798.069,5802797.49,5798233.795,36212.86999,31648.596,36212.86999,31648.596,29404.90679,24841.21257,FALSE,FALSE,TRUE
1214567,c079,fine/relief_q2,coastal,FALSE,1976,bc5745,194,10000,153,1646,873.4334696,dem_agl,reported,1615.29852,1,13.75447807,6472,0,0,0,0,0,30.70044852,30.70044852,,0,5792867.622,5824721.712,5824721.712,5824706.874,5792867.622,61766.52862,29912.43843,61766.52862,29912.43843,58305.12774,26465.87612,FALSE,FALSE,TRUE
1214568,c079,fine/relief_q2,coastal,TRUE,1976,bc5745,195,10000,153,1646,873.4334696,dem_agl,reported,1609.245898,1,42.60148083,6425,378,363,353,0,0,36.7165436,39.01216463,-0.1735288128,0,5676011.301,5781152.321,5764670.229,5781322.54,5309694.925,172039.5446,36987.84669,165541.4384,45143.50451,167759.1432,31321.49778,FALSE,FALSE,TRUE
1214569,c079,fine/relief_q2,coastal,TRUE,1976,bc5745,196,10000,153,1646,873.5347564,dem_agl,reported,1592.340409,1,66.72171396,6288,1107,1036,1018,10,0,53.64917594,65.13255658,-0.4170000255,0,5630822.214,5660325.72,5578979.674,5660182.051,4583986.99,196336.1532,111863.9662,170392.0545,155082.3709,131061.2156,56137.29107,FALSE,FALSE,TRUE
1214570,c079,fine/relief_q2,coastal,TRUE,1976,bc5745,197,10000,153,1646,873.5347564,dem_agl,reported,1579.125677,1,74.79150865,6179,1750,1660,1642,18,0,66.83511119,93.31156591,-0.4278229624,0,5627271.116,5566766.196,5381660.424,5566392.812,3988759.645,169955.3317,164836.648,102178.732,254423.2697,85114.48187,113987.2948,FALSE,FALSE,TRUE
1214571,c079,fine/relief_q2,coastal,TRUE,1976,bc5745,198,10000,153,1646,814.1400733,dem_agl,reported,1586.62995,1,65.57152179,6243,1885,1787,1779,34,0,59.38594187,85.16677258,-0.4268960059,0,5653123.545,5619800.344,5438654.093,5619677.281,3865207.026,162302.0421,104004.542,105236.3833,188602.1671,135531.4674,94764.57791,FALSE,FALSE,TRUE
1214572,c079,fine/relief_q2,coastal,TRUE,1976,bc5745,199,10000,153,1646,813.423295,dem_agl,reported,1600.916892,1,51.55593415,6356,2003,1937,1928,45,0,45.07934023,65.94084862,-0.4105656743,0,5729506.924,5721463.935,5573322.966,5721460.721,3878711.97,117292.7998,78089.81329,80072.45961,166863.4726,124141.8634,86482.74709,FALSE,FALSE,TRUE
1214573,c079,fine/relief_q2,coastal,TRUE,1976,bc5745,200,10000,153,1646,812.7073259,dem_agl,reported,1613.819544,1,37.55502079,6459,2281,2186,2171,60,0,32.17963532,49.86181762,-0.3958112597,0,5805742.221,5814060.298,5687352.117,5814056.95,3715508.558,81304.1628,33073.49205,38059.7555,94497.71664,93351.93476,50239.32093,FALSE,FALSE,TRUE
798298,c080,fine/relief_q2,coastal,TRUE,1981,bc81108,20,10000,305,3810,652.1868161,dem_agl,reported,3721.586927,1,72.40322183,8544,1233,930,922,190,0,88.40195608,103.1332505,-0.002307857852,0,7873901.324,7780528.689,7719054.692,7779220.11,6615604.154,112725.4542,70299.15783,93633.11566,90836.04592,57714.96729,68295.65109,TRUE,FALSE,FALSE
798299,c080,fine/relief_q2,coastal,TRUE,1981,bc81108,21,10000,305,3810,1038.516335,dem_agl,reported,3731.965825,1,107.3566618,8589,4247,3575,3564,203,0,78.04942911,153.8359249,0.03549867868,0,7826545.312,7823986.451,7509443.455,7821941.549,3761027.802,210742.8356,17525.53448,126991.8567,61479.37409,145966.1046,50945.54508,FALSE,FALSE,TRUE
798300,c080,fine/relief_q2,coastal,TRUE,1981,bc81108,22,10000,305,3810,1038.42021,dem_agl,reported,3728.969741,1,107.1799662,8579,3857,3357,3346,349,0,79.61892283,143.9624238,0.03706156835,0,8127527.555,7811429.041,7544181.834,7817339.06,4308061.537,1328.411904,18837.11923,0,50837.13179,1088.941611,17476.49584,FALSE,FALSE,TRUE
798301,c080,fine/relief_q2,coastal,TRUE,1981,bc81108,23,10000,305,3810,1038.42021,dem_agl,reported,3728.408925,1,110.3083666,8574,4027,3511,3506,365,0,81.59454426,153.106146,0.05009670183,0,7840155.778,7809079.626,7512393.124,7808578.609,4001407.058,163468.0859,28870.72115,75741.08894,96389.2019,153468.1345,45840.92536,FALSE,FALSE,TRUE
798302,c080,fine/relief_q2,coastal,TRUE,1981,bc81108,24,10000,305,3810,1038.704458,dem_agl,reported,3749.69178,1,98.03072797,8670,5076,4505,4497,371,0,59.87449156,143.5882931,0.05071936175,0,7742299.778,7898487.13,7549748.37,7900255.612,3036183.147,255386.4881,12659.84057,108201.4142,95361.50182,258381.1358,15092.22261,FALSE,FALSE,TRUE
798303,c080,fine/relief_q2,coastal,TRUE,1981,bc81108,25,10000,305,3810,891.1661949,dem_agl,reported,3715.020479,1,115.7513654,8513,3837,3353,3343,253,0,94.63937402,171.9432713,0.05108765513,0,7588882.028,7753096.647,7433793.5,7753867.213,3995812.842,302029.8622,31882.26188,143079.6223,106097.34,257614.7118,45456.88919,FALSE,FALSE,TRUE
798304,c080,fine/relief_q2,coastal,TRUE,1981,bc81108,26,10000,305,3810,891.1661949,dem_agl,reported,3682.748658,1,121.6612205,8367,2695,2205,2196,238,0,127.2013955,187.4216351,0.04230108857,0,7601012.022,7618981.751,7371848.066,7618773.11,5001675.473,227342.3341,58621.68567,116030.0318,120379.2184,193600.4014,65174.20691,FALSE,FALSE,TRUE
798305,c080,fine/relief_q2,coastal,TRUE,1981,bc81108,27,10000,305,3810,891.1674425,dem_agl,reported,3663.713371,1,110.3671738,8279,1309,895,873,232,0,146.2990752,173.6187794,0.01785318367,0,7496243.952,7540423.746,7428387.642,7540207.886,6240523.778,224777.4054,116212.0301,169311.9094,161771.2807,211597.8394,120006.3059,TRUE,FALSE,FALSE
798306,c080,fine/relief_q2,coastal,TRUE,1981,bc81108,28,10000,305,3810,891.1674425,dem_agl,reported,3662.725935,1,96.42595456,8275,743,498,479,154,0,147.2740651,161.7060232,0.006295781583,0,7481772.893,7536359.736,7477086.86,7536313.57,6777414.301,174970.9214,95737.31088,143616.3865,121270.7872,143113.2677,61810.72495,TRUE,FALSE,FALSE
798307,c080,fine/relief_q2,coastal,TRUE,1981,bc81108,29,10000,305,3810,891.1730326,dem_agl,reported,3662.689935,1,82.62278767,8275,159,62,43,75,0,147.1860992,150.040652,1.8082515,0,7643632.603,7536211.593,7524469.332,7536604.477,7465760.303,119009.9509,196514.847,114944.8914,203625.4691,103296.0068,178587.3289,TRUE,FALSE,FALSE
1084310,c081,fine/relief_q2,coastal,TRUE,1990,bcb90013,48,15000,305,4877,1337.394786,dem_agl,reported,4751.880106,1,128.7209165,14028,99,81,56,25,0,125.0345262,125.9156222,0.2121208012,0,12478906.45,12684802.87,12680099.26,12685246.23,12343834,476765.7213,226728.1986,474824.878,229213.9198,351626.2932,133470.1596,TRUE,FALSE,FALSE
1084311,c081,fine/relief_q2,coastal,TRUE,1990,bcb90013,49,15000,305,4877,1330.174307,dem_agl,reported,4789.69104,1,119.9920211,14252,399,351,321,32,0,87.26120486,89.77509064,-0.3345098197,0,12773424.33,12887473.15,12873948.64,12887088.89,12335520.65,334293.1024,143606.205,329877.143,150600.0585,210472.3264,74026.73321,FALSE,FALSE,TRUE
1084312,c081,fine/relief_q2,coastal,TRUE,1990,bcb90013,50,15000,305,4877,1322.875787,dem_agl,reported,4829.277075,1,77.17424917,14487,1557,1469,1460,36,0,47.63893139,53.40882348,-0.3621051013,0,12936283.83,13101379.3,13070091.64,13101828.1,11464066.31,282688.8693,56308.20309,272511.0547,70111.36759,237179.5298,52537.8878,FALSE,FALSE,TRUE
1084313,c081,fine/relief_q2,coastal,TRUE,1990,bcb90013,51,15000,305,4877,1315.655001,dem_agl,reported,4856.268775,1,18.30016609,14650,3455,3277,3266,61,0,20.73083251,27.22866732,-0.3618020117,0,13223637.49,13248240.51,13212811.14,13248240.23,10055179.27,74935.66972,7437.799693,61527.64678,16286.47665,55802.98152,15037.00801,FALSE,FALSE,TRUE
1084314,c081,fine/relief_q2,coastal,TRUE,1990,bcb90013,52,15000,305,4877,1315.655001,dem_agl,reported,4866.959775,1,12.55046397,14715,7778,7519,7498,56,0,10.04022548,21.54810887,-0.2030359656,0,13301984.71,13306636.31,13243783.85,13306640,6234505.517,40086.98654,160.9593453,19619.03776,2647.715754,23615.13772,1430.405778,FALSE,FALSE,TRUE
1084315,c081,fine/relief_q2,coastal,TRUE,1990,bcb90013,53,15000,305,4877,1315.646797,dem_agl,reported,4873.654651,1,7.504869043,14756,11736,11525,11504,26,0,3.344725385,16.73658798,-0.07017154247,0,13334673.87,13343270.09,13270041.37,13343268.29,2709819.966,22650.91372,12.02164863,6262.924721,1360.736239,16660.90587,35.37691593,FALSE,FALSE,TRUE
1084316,c081,fine/relief_q2,coastal,TRUE,1990,bcb90013,54,15000,305,4877,1315.645329,dem_agl,reported,4877.023895,1,0.5378129687,14777,14754,14667,14666,1,0,-0.02389513032,4.221696133,-0.02110239398,0,13360592.41,13361725.34,13338471.92,13361725.37,19585.06019,1368.154174,66.6420086,849.1871967,234.8238899,1379.365293,63.92505491,FALSE,FALSE,TRUE
1084317,c081,fine/relief_q2,coastal,FALSE,1990,bcb90013,55,15000,305,4877,1315.645329,dem_agl,reported,4877.029697,1,0.1410665899,14776,14776,14776,14776,0,0,-0.02969735459,,-0.04322726093,0,,,,,,,,,,,,FALSE,TRUE,FALSE
1084318,c081,fine/relief_q2,coastal,TRUE,1990,bcb90013,56,15000,305,5029,1315.231921,dem_agl,reported,5028.68948,1,1.342425458,15705,15603,15574,15572,18,0,0.3105114703,15.01072005,0.2139982134,0,14201249.12,14205692.56,14122759.85,14205692.3,89431.95681,5119.352329,0,1342.346717,565.1115064,5038.85152,0.2088536485,FALSE,FALSE,TRUE
1084319,c081,fine/relief_q2,coastal,TRUE,1990,bcb90013,57,15000,305,5029,1315.231921,dem_agl,reported,5028.03664,1,4.106063658,15706,15124,15027,15013,34,0,0.963419613,19.32261091,0.2715024054,0,14181686.77,14202004.34,14098480.32,14202004.19,503308.9815,23882.031,11.9408827,4648.931406,3747.611115,22816.15549,30.8591723,FALSE,FALSE,TRUE
1214642,c082,fine/relief_q2,coastal,FALSE,1976,bc5745,269,10000,153,1646,842.1501402,dem_agl,reported,1582.572753,1,22.72191061,6210,0,0,0,0,0,63.42724689,63.42724689,,0,5597541.781,5591096.126,5591096.126,5590988.522,5597541.781,93881.0368,100326.6919,93881.0368,100326.6919,49566.18665,56119.44647,FALSE,FALSE,TRUE
1214643,c082,fine/relief_q2,coastal,FALSE,1976,bc5745,270,10000,153,1646,842.1501402,dem_agl,reported,1584.012091,1,29.15298793,6224,0,0,0,0,0,61.98790937,61.98790937,,0,5596213.855,5601270.867,5601270.867,5601204.023,5596213.855,122413.3976,117356.3849,122413.3976,117356.3849,75473.99935,70483.83135,FALSE,FALSE,TRUE
1214644,c082,fine/relief_q2,coastal,TRUE,1976,bc5745,271,10000,153,1646,845.5105561,dem_agl,reported,1592.110581,1,34.77378111,6286,192,182,175,0,0,53.87886962,55.57071691,0.1326136589,0,5649716.794,5658691.894,5646671.93,5658715.861,5447833.939,136985.532,99729.31953,130733.3905,104478.6322,73811.37791,43445.19176,FALSE,FALSE,TRUE
1214645,c082,fine/relief_q2,coastal,TRUE,1976,bc5745,272,10000,153,1646,844.1257125,dem_agl,reported,1603.845222,1,36.8529256,6379,967,915,904,7,0,42.15285787,49.70296127,-0.3957267702,0,5728306.611,5742413.999,5688476.412,5742364.568,4845461.984,130370.2654,98575.4105,106842.8085,125115.2952,77258.7958,55196.95126,FALSE,FALSE,TRUE
1214646,c082,fine/relief_q2,coastal,TRUE,1976,bc5745,273,10000,153,1646,844.1257125,dem_agl,reported,1616.725643,1,30.99305208,6481,1623,1511,1493,17,0,29.2421664,39.04939227,-0.4266654849,0,5741565.865,5835018.59,5764441.645,5835214.358,4270062.126,148013.82,39720.74164,112072.0862,68997.9878,123954.1245,22341.76203,FALSE,FALSE,TRUE
1214647,c082,fine/relief_q2,coastal,TRUE,1976,bc5745,274,10000,153,1646,843.4825063,dem_agl,reported,1619.414412,1,26.60590853,6506,1988,1873,1865,31,0,26.55575086,38.32697612,-0.4237583429,0,5765022.596,5854443.113,5769642.698,5854642.832,3950120.061,141532.843,23684.5349,98767.72957,53100.88851,127897.0052,9903.318039,FALSE,FALSE,TRUE
1214648,c082,fine/relief_q2,coastal,TRUE,1976,bc5745,275,10000,153,1646,843.4825063,dem_agl,reported,1616.073327,1,28.41119344,6478,1905,1815,1811,35,0,29.8967403,42.45120579,-0.4147103131,0,5768001.743,5830310.919,5740077.237,5830528.052,4012610.322,140500.1252,42409.8434,100282.3948,75929.31735,107876.2565,17256.62676,FALSE,FALSE,TRUE
1214649,c082,fine/relief_q2,coastal,TRUE,1976,bc5745,276,10000,153,1646,876.8375613,dem_agl,reported,1607.543944,1,35.38241376,6410,1886,1823,1811,44,0,38.43566861,54.55315879,-0.3890452087,0,5737778.027,5768930.376,5653829.872,5769165.292,3963885.617,145075.3721,38795.17251,92832.24585,70458.35171,86708.78484,10147.99046,FALSE,FALSE,TRUE
1214650,c082,fine/relief_q2,coastal,TRUE,1976,bc5745,277,10000,153,1646,876.8375613,dem_agl,reported,1605.955806,1,37.28722957,6398,1951,1909,1886,33,0,40.03165649,57.65855776,-0.3661631346,0,5776773.894,5757537.433,5631842.091,5757650.171,3904984.523,122239.085,26958.82968,73380.2746,57973.79198,46210.31096,9847.130356,FALSE,FALSE,TRUE
1214651,c082,fine/relief_q2,coastal,TRUE,1976,bc5745,278,10000,153,1646,882.1678654,dem_agl,reported,1613.347012,1,35.8785305,6455,2596,2557,2536,24,0,32.63635926,54.59586809,-0.002527803546,0,5770248.843,5810656.048,5653553.123,5810743.065,3332966.177,162413.1397,15787.27676,98799.60192,39521.78297,94786.07536,14895.08039,FALSE,FALSE,TRUE
862688,c083,fine/relief_q2,coastal,TRUE,1985,bcc384,76,10000,305,3505,893.0496895,dem_agl,reported,3357.542518,1,128.2359553,6812,530,407,395,88,0,147.3041028,159.6248188,0.1699836031,0,6228614.396,6332800.627,6286408.672,6332968.072,5655235.021,279402.5709,97414.99887,254461.7908,112858.8903,236407.3501,102693.153,TRUE,FALSE,FALSE
862689,c083,fine/relief_q2,coastal,TRUE,1985,bcc384,77,10000,305,3505,891.931556,dem_agl,reported,3413.645804,1,112.1450641,7039,1880,1660,1641,170,0,90.80905158,123.6057304,0.1660312191,0,6366969.507,6546206.303,6421024.898,6548239.745,4525006.005,302869.1946,33889.23453,241042.0329,65737.83267,278933.6818,40615.43456,FALSE,FALSE,TRUE
862690,c083,fine/relief_q2,coastal,TRUE,1985,bcc384,78,10000,305,3505,891.931556,dem_agl,reported,3432.310072,1,116.2347717,7118,3370,3072,3053,237,0,72.52766939,137.1235408,0.1637303531,0,6517388.479,6617985.373,6371229.216,6617256.145,3284260.483,239217.7191,42477.32464,167058.0548,132879.5253,145395.9321,22751.06904,FALSE,FALSE,TRUE
862691,c083,fine/relief_q2,coastal,TRUE,1985,bcc384,79,10000,305,3505,893.0425734,dem_agl,reported,3436.453035,1,113.7684352,7136,4156,3930,3928,187,0,68.36420904,162.9575644,0.161497511,0,6512735.181,6633971.468,6273778.686,6634356.905,2507543.173,274902.5076,12516.45346,151537.2382,55145.54725,176838.0054,11865.45176,FALSE,FALSE,TRUE
862692,c083,fine/relief_q2,coastal,TRUE,1985,bcc384,80,10000,305,3505,893.0425734,dem_agl,reported,3469.486902,1,68.77874771,7274,4909,4658,4654,215,0,35.42060167,107.893989,0.1530619264,0,6670657.886,6762126.299,6482571.607,6762329.724,2017482.379,181562.2684,536.5733732,102783.5372,19681.26925,126639.3055,10858.67587,FALSE,FALSE,TRUE
862693,c083,fine/relief_q2,coastal,TRUE,1985,bcc384,81,10000,305,3505,1187.613365,dem_agl,reported,3495.298288,1,28.5741339,7383,6356,6201,6197,133,0,9.686241203,67.76461447,0.1373304576,0,6809472.317,6863114.776,6636932.674,6863176.941,873100.7533,81679.53487,0,33825.28497,4558.020041,72720.02865,4.462998975,FALSE,FALSE,TRUE
862694,c083,fine/relief_q2,coastal,TRUE,1985,bcc384,82,10000,305,3505,1187.613365,dem_agl,reported,3504.680331,1,2.732482665,7424,7390,7361,7361,23,0,0.3196692774,37.04981476,0.1250179112,0,6892624.382,6900008.025,6756137.418,6900008.395,23164.46104,7473.743599,0,1602.201287,623.7169048,7436.928384,0,FALSE,FALSE,TRUE
862695,c083,fine/relief_q2,coastal,TRUE,1985,bcc384,83,10000,305,3505,984.4175778,dem_agl,reported,3504.50663,1,4.046601068,7422,7341,7303,7302,18,0,0.4881278588,32.5895985,0.1227500364,0,6895330.987,6899324.078,6773506.612,6899345.008,70571.58408,5111.345688,0,1685.572028,414.3984877,4979.364673,0,FALSE,FALSE,TRUE
862696,c083,fine/relief_q2,coastal,TRUE,1985,bcc384,84,10000,305,3505,983.4141053,dem_agl,reported,3497.627881,1,20.39988223,7393,6349,6152,6149,153,0,7.360509985,50.24855301,0.1286116391,0,6848395.38,6872266.265,6704763.594,6872292.844,921303.1776,46335.25718,0,19366.24899,6086.314957,35742.08639,248.866087,FALSE,FALSE,TRUE
862697,c083,fine/relief_q2,coastal,TRUE,1985,bcc384,85,10000,305,3505,983.4141053,dem_agl,reported,3448.819973,1,93.51980526,7188,3918,3616,3610,246,0,56.08991402,122.571383,0.1344338357,0,6621944.388,6681805.402,6426683.501,6682158.27,2842389.741,200976.2678,4991.592482,128846.3729,29465.66721,135213.3484,28949.15837,FALSE,FALSE,TRUE
516488,c084,fine/relief_q2,coastal,TRUE,1987,bc87045,229,15000,305,5029,1390.812103,dem_agl,reported,4988.931614,1,63.88992795,15399,6749,6334,6163,305,0,39.92457582,70.76166028,0.06297275424,0,13761713.12,13981954.2,13809640.68,13982544.6,7570526.504,310255.4315,22866.14495,225686.4047,57922.35546,264398.8583,14829.05534,FALSE,FALSE,TRUE
516489,c084,fine/relief_q2,coastal,TRUE,1987,bc87045,230,15000,305,5029,1397.94403,dem_agl,reported,4992.63724,1,48.63019186,15421,5411,5050,4875,223,0,36.35024739,55.85595888,0.06068995222,0,13874927.1,14002732.65,13893531.96,14002798.67,8925027.317,194597.6994,26135.10433,153805.8493,72454.56663,179616.2158,19684.64702,FALSE,FALSE,TRUE
516490,c084,fine/relief_q2,coastal,TRUE,1987,bc87045,231,15000,305,5029,1405.075876,dem_agl,reported,4968.499412,1,65.61451918,15277,2911,2703,2613,117,0,60.41711362,74.60156679,0.05897758156,0,13676708.55,13867662.35,13788594.45,13868009.53,10963759.12,284663.071,22884.81371,242699.1957,43172.1476,251050.5536,28107.0088,FALSE,FALSE,TRUE
516491,c084,fine/relief_q2,coastal,TRUE,1987,bc87045,232,15000,305,5029,1419.967779,dem_agl,reported,4973.032065,1,44.71859923,15298,1828,1450,1400,296,0,55.86082361,63.28614714,0.05614839122,0,13689867.47,13892976.22,13851519.49,13893584.86,12021721.46,258297.2503,32373.52967,233123.0326,45742.12583,243261.4818,26911.86952,TRUE,FALSE,FALSE
516492,c084,fine/relief_q2,coastal,TRUE,1987,bc87045,233,15000,305,5029,1419.941153,dem_agl,reported,4973.281161,1,60.8437416,15298,3135,2806,2730,265,0,55.69157063,69.8878068,0.05533350259,0,13998008.09,13894368.04,13815158.28,13894526.9,11042926.61,69069.52033,50062.31973,51455.80739,80547.09128,80868.7833,52771.851,FALSE,FALSE,TRUE
516493,c084,fine/relief_q2,coastal,TRUE,1987,bc87045,234,15000,305,5029,1419.939665,dem_agl,reported,4984.618668,1,62.75039394,15369,6372,5946,5834,284,0,44.35977343,75.51567289,0.06620370224,0,14029203.57,13957789.77,13783851.31,13957897.62,8177503.908,55405.22932,45348.07132,24586.32835,129762.9314,74759.60726,96994.26791,FALSE,FALSE,TRUE
516494,c084,fine/relief_q2,coastal,TRUE,1987,bc87045,235,15000,305,5029,1419.93809,dem_agl,reported,4977.220468,1,67.95678478,15322,7251,6731,6632,312,0,51.72049585,97.82764067,0.06851495802,0,13767523.06,13916388.05,13659749.66,13916524.95,7089211.229,265639.1169,21170.45966,143078.2871,70093.71054,225072.9063,19112.5522,FALSE,FALSE,TRUE
516495,c084,fine/relief_q2,coastal,TRUE,1987,bc87045,236,15000,305,5029,1419.932723,dem_agl,reported,4953.858881,1,64.95656426,15178,4119,3701,3642,219,0,75.12827719,102.9220912,0.09269701689,0,13917248.41,13786055.89,13631795.47,13786123.29,10005601.27,104415.3781,61863.60484,60854.1702,108484.874,45664.46093,91895.93622,FALSE,FALSE,TRUE
516496,c084,fine/relief_q2,coastal,TRUE,1987,bc87045,237,15000,305,5029,1419.931459,dem_agl,reported,4934.690441,1,67.60727738,15060,693,595,590,33,0,94.29452467,98.81747505,0.3185384572,0,13739740.16,13679574.89,13654510.03,13679625.1,12990610.59,183960.3385,132243.5349,174300.8617,142274.8274,180181.8521,112262.4022,FALSE,FALSE,TRUE
516497,c084,fine/relief_q2,coastal,TRUE,1987,bc87045,238,15000,305,5029,1419.927351,dem_agl,reported,4941.672253,1,77.60954082,15103,87,33,33,26,0,87.2706946,87.7671304,1.394323707,0,13572892.09,13718311.18,13715555.06,13718401.82,13467018.32,277458.8404,108594.7598,276108.9337,109871.4957,239353.1402,53716.9344,TRUE,FALSE,FALSE
1089012,c085,fine/relief_q2,coastal,TRUE,1990,bcb90144,70,10000,153,1676,866.346315,dem_agl,reported,1645.890071,1,42.10218838,6753,2963,2938,2912,30,0,30.03696418,54.02764345,-0.7831277251,0,5940463.132,6047435.446,5872424.101,6047936.106,3189733.01,207776.6499,5290.517822,138950.1339,38435.15454,144385.9031,22501.62231,FALSE,FALSE,TRUE
1089013,c085,fine/relief_q2,coastal,TRUE,1990,bcb90144,71,10000,153,1676,866.346315,dem_agl,reported,1667.414829,1,15.78312645,6934,4595,4542,4524,47,0,8.55138204,26.63919729,-0.766951263,0,6127556.846,6206645.055,6072718.292,6206932.965,1983738.334,111979.2567,135.7712155,48014.31225,5392.589623,90685.39258,419.3764201,FALSE,FALSE,TRUE
1089014,c085,fine/relief_q2,coastal,TRUE,1990,bcb90144,72,10000,153,1676,872.2077998,dem_agl,reported,1660.678061,1,24.41136228,6876,3993,3910,3898,55,0,15.29140077,37.32919228,-0.7552906871,0,6062111.566,6156593.609,5994277.404,6156890.052,2443782.906,140696.5067,3318.072162,70095.43142,36459.96203,106256.4523,6576.996724,FALSE,FALSE,TRUE
1089015,c085,fine/relief_q2,coastal,TRUE,1990,bcb90144,73,10000,153,1676,872.1555756,dem_agl,reported,1629.776286,1,50.6152293,6624,2288,2218,2216,41,0,46.19180498,70.87139906,-0.7514024377,0,5854170.393,5929602.481,5751379.036,5929311.197,3686276.818,226151.4729,29991.2276,151973.2308,71792.37083,134137.931,22959.60604,FALSE,FALSE,TRUE
1089016,c085,fine/relief_q2,coastal,TRUE,1990,bcb90144,74,10000,153,1676,872.1034663,dem_agl,reported,1567.322397,1,70.02898309,6124,437,405,403,15,0,108.5981586,116.9666631,-0.647742331,0,5646139.888,5483858.878,5425454.58,5484273.985,5099614.13,139863.8252,148686.4712,120304.42,177044.8713,63848.32494,135471.7867,FALSE,FALSE,TRUE
1089017,c085,fine/relief_q2,coastal,FALSE,1990,bcb90144,75,10000,153,1676,755.5255992,dem_agl,reported,1515.630043,1,54.61748282,5721,0,0,0,0,0,160.4358612,160.4358612,,0,5480858.7,5128094.28,5128094.28,5127624.877,5480858.7,32658.03062,385422.4501,32658.03062,385422.4501,15837.09188,369070.9147,FALSE,FALSE,TRUE
1089018,c085,fine/relief_q2,coastal,FALSE,1990,bcb90144,76,10000,153,1676,755.486941,dem_agl,reported,1507.831677,1,51.25853005,5667,0,0,0,0,0,168.1714178,168.1714178,,0,5164410.413,5075458.913,5075458.913,5075418.421,5164410.413,91994.05923,180945.5585,91994.05923,180945.5585,88470.06308,177462.0549,FALSE,FALSE,TRUE
1089019,c085,fine/relief_q2,coastal,FALSE,1990,bcb90144,77,10000,153,1676,754.9305785,dem_agl,reported,1519.790543,1,50.54708162,5760,0,0,0,0,0,156.2185436,156.2185436,,0,5094480.881,5156286.806,5156286.806,5155607.581,5094480.881,156047.749,94241.82445,156047.749,94241.82445,156003.3249,94876.6256,FALSE,FALSE,TRUE
1089020,c085,fine/relief_q2,coastal,FALSE,1990,bcb90144,78,10000,153,1676,754.9305785,dem_agl,reported,1523.621328,1,44.4980344,5787,0,0,0,0,0,152.4139308,152.4139308,,0,5054717.309,5182313.449,5182313.449,5182053.556,5054717.309,218630.5054,91034.36592,218630.5054,91034.36592,217349.5878,90013.34101,FALSE,FALSE,TRUE
1089021,c085,fine/relief_q2,coastal,FALSE,1990,bcb90144,79,10000,153,1676,755.4094944,dem_agl,reported,1505.581586,1,58.44573532,5650,0,0,0,0,0,170.4328653,170.4328653,,0,5107402.61,5060322.307,5060322.307,5060173.356,5107402.61,180790.9847,227871.2869,180790.9847,227871.2869,164449.1429,211678.3969,FALSE,FALSE,TRUE
1039295,c086,fine/relief_q2,coastal,TRUE,1989,bc89006,157,15000,305,4724,1323.48591,dem_agl,reported,4718.284566,1,10.35122678,13465,9967,9687,9683,220,0,5.715434414,21.3882295,0.06365024298,0,12492420.54,12506075.14,12423129.9,12506070.65,3221839.516,33096.93055,23.22853657,7860.436711,3121.525005,18501.43658,528.5105235,FALSE,FALSE,TRUE
1039296,c086,fine/relief_q2,coastal,TRUE,1989,bc89006,158,15000,305,4724,1316.941306,dem_agl,reported,4717.526004,1,11.05444824,13459,9771,9487,9484,238,0,6.473433721,22.97192449,0.06083412841,0,12482837.35,12502054.25,12414760.89,12502042.09,3394208.837,39924.07302,0,9131.212485,2284.356757,25241.07437,249.1633291,FALSE,FALSE,TRUE
1039297,c086,fine/relief_q2,coastal,TRUE,1989,bc89006,159,15000,305,4724,1316.941306,dem_agl,reported,4716.966852,1,11.86499496,13454,9695,9395,9395,245,0,7.033611365,24.49069359,0.05807273835,0,12472044.06,12499090.77,12406745.88,12499097.78,3450704.436,47474.96636,0.6789445105,10977.36114,4018.485869,35201.81844,136.2759553,FALSE,FALSE,TRUE
1039298,c086,fine/relief_q2,coastal,TRUE,1989,bc89006,160,15000,305,4724,1323.509427,dem_agl,reported,4711.011517,1,20.94027184,13416,8645,8314,8312,268,0,12.98848297,35.9898962,0.05459927768,0,12441124.83,12467549.62,12346101.74,12467560.52,4375274.654,61854.97185,1968.986197,26351.61901,27746.17272,42288.39128,12272.25826,FALSE,FALSE,TRUE
1039299,c086,fine/relief_q2,coastal,TRUE,1989,bc89006,161,15000,305,4724,1323.509427,dem_agl,reported,4698.942489,1,25.64387157,13349,4516,4307,4271,189,0,25.057493,37.68898089,0.05118664727,0,12373120.95,12403750.81,12337154.02,12403808.95,8128861.665,81193.11274,3935.780451,50020.21191,15706.48006,56239.27707,13549.48073,FALSE,FALSE,TRUE
1039300,c086,fine/relief_q2,coastal,TRUE,1989,bc89006,162,15000,305,4724,1330.011305,dem_agl,reported,4677.7503,1,37.57364963,13237,1312,1221,1183,98,0,46.24726081,51.27840936,0.0213486487,0,12237393.11,12292121.49,12265694.16,12291909.2,10984176.39,130159.4342,24944.55638,119237.1359,34979.61978,122613.3679,28211.53406,FALSE,FALSE,TRUE
1039301,c086,fine/relief_q2,coastal,TRUE,1989,bc89006,163,15000,305,4724,1369.312349,dem_agl,reported,4723.936766,1,0.02794996788,13497,13497,13495,13495,0,0,0.06323354413,,0.06581462175,0,,,,,,,,,,,,FALSE,TRUE,FALSE
1039302,c086,fine/relief_q2,coastal,TRUE,1989,bc89006,164,15000,305,4724,1369.309113,dem_agl,reported,4719.331475,1,9.502688745,13470,10273,10120,10095,100,0,4.666742765,19.26465723,0.06614010036,0,12497824.84,12511625.54,12434342.92,12511633.85,2937042.418,31797.53661,30.32769754,12939.36825,1729.010907,23839.23103,400.809131,FALSE,FALSE,TRUE
1039303,c086,fine/relief_q2,coastal,TRUE,1989,bc89006,165,15000,305,4724,1369.29727,dem_agl,reported,4715.704681,1,11.68375623,13449,7054,6704,6671,116,0,8.295319476,17.24152536,0.06459892914,0,12498184.95,12492402.62,12445048.68,12492417.31,5923940.397,21246.94574,3304.209488,9790.335654,13457.53157,14174.35402,6412.924827,FALSE,FALSE,TRUE
1039304,c086,fine/relief_q2,coastal,TRUE,1989,bc89006,166,15000,305,4724,1369.29727,dem_agl,reported,4710.060808,1,12.25460592,13416,2463,2246,2233,19,0,13.94024475,17.03216259,-0.04488327354,0,12446527.29,12462518.08,12446161.42,12462500.61,10141418.61,42610.72037,12204.78431,34940.82638,17683.27474,38032.43731,10989.52232,FALSE,FALSE,TRUE
392166,c087,fine/relief_q2,coastal,FALSE,1999,bcc99014,40,15000,305,6553,1815.88985,dem_agl,reported,6484.333786,1,36.74962151,25864,0,6,0,0,0,68.66634249,68.66634249,,0,23628916.48,23620196.06,23620196.06,23620194.56,23628916.48,98357.55668,107077.9751,98357.55668,107077.9751,92518.44918,101240.3679,FALSE,FALSE,TRUE
392167,c087,fine/relief_q2,coastal,FALSE,1999,bcc99014,41,15000,305,6553,1815.88985,dem_agl,reported,6481.881377,1,32.54873754,25842,0,0,0,0,0,71.11198715,71.11198715,,0,23634176.79,23602332.88,23602332.88,23602369.67,23634176.79,80882.12629,112726.0405,80882.12629,112726.0405,82704.29511,114511.4197,FALSE,FALSE,TRUE
392168,c087,fine/relief_q2,coastal,FALSE,1999,bcc99014,42,15000,305,6553,1682.581102,dem_agl,reported,6482.962346,1,34.59944526,25850,0,1,0,0,0,70.03148073,70.03148073,,0,23610223.07,23610205.75,23610205.75,23610243.16,23610223.07,106048.7116,106066.0329,106048.7116,106066.0329,106889.5219,106869.4384,FALSE,FALSE,TRUE
392169,c087,fine/relief_q2,coastal,FALSE,1999,bcc99014,43,15000,305,6553,1682.581102,dem_agl,reported,6476.313366,1,50.92046745,25800,563,320,296,143,0,76.61654455,78.30186127,0.04087335244,0,23743370.32,23561800.94,23549539.66,23562297.55,23199484.33,63652.40369,213704.0557,60727.34197,222329.918,61573.38863,210190.9051,TRUE,FALSE,FALSE
392170,c087,fine/relief_q2,coastal,TRUE,1999,bcc99014,44,15000,305,6553,1942.057202,dem_agl,reported,6463.166189,1,87.12346246,25688,2860,1220,1091,1236,0,89.83955848,100.8577014,0.6379019618,0,23536885.98,23466235.23,23386294.86,23466168.64,20846917.06,201486.634,204398.2521,177248.7386,251612.1238,205654.1614,213065.1073,TRUE,FALSE,FALSE
392171,c087,fine/relief_q2,coastal,FALSE,1999,bcc99014,45,15000,305,6096,1370.430456,dem_agl,reported,5178.319011,1,398.6792896,16506,0,0,0,0,0,914.9900987,914.9900987,,0,14327072.54,15063655.56,15063655.56,15067166.71,14327072.54,1301359.457,564776.4313,1301359.457,564776.4313,1127368.522,387274.347,FALSE,FALSE,TRUE
392172,c087,fine/relief_q2,coastal,FALSE,1999,bcc99014,46,15000,305,6096,1314.341625,dem_agl,reported,5231.814759,1,396.0318043,16848,0,0,0,0,0,859.234477,859.234477,,0,14543293.71,15376499.93,15376499.93,15396753.61,14543293.71,1542628.813,709422.5883,1542628.813,709422.5883,1568557.296,715097.3948,FALSE,FALSE,TRUE
392173,c087,fine/relief_q2,coastal,FALSE,1999,bcc99014,47,15000,305,6096,1314.341625,dem_agl,reported,5202.018275,1,418.8767508,16658,0,0,0,0,0,892.209076,892.209076,,0,14568774.29,15201852.72,15201852.72,15211786.94,14568774.29,1356240.805,723162.3766,1356240.805,723162.3766,1194371.632,551358.9786,FALSE,FALSE,TRUE
392174,c087,fine/relief_q2,coastal,FALSE,1999,bcc99014,48,15000,305,6096,1335.286208,dem_agl,reported,5094.981589,1,435.1274024,15981,0,0,0,0,0,1000.855996,1000.855996,,0,14845253.28,14582702.35,14582702.35,14583706.33,14845253.28,848532.3663,1111083.292,848532.3663,1111083.292,551272.2443,812819.1899,FALSE,FALSE,TRUE
392175,c087,fine/relief_q2,coastal,FALSE,1999,bcc99014,49,15000,305,6096,1335.286212,dem_agl,reported,5049.87583,1,376.0571545,15700,0,0,0,0,0,1044.438472,1044.438472,,0,15576420.59,14325644.59,14325644.59,14334234.98,15576036.44,556883.9132,1807275.763,556883.9132,1807275.763,405544.6233,1647346.08,FALSE,FALSE,TRUE
1565112,c088,fine/relief_q2,coastal,TRUE,2006,bcc06035,41,15000,153,2452,1284.125897,dem_agl,reported,2374.195742,1,108.2625473,13853,7478,7353,7347,43,0,77.8027966,169.0027638,-0.06643874943,0,12667205.62,12583534.2,11635359.49,12580866.64,5517304.153,348706.0822,74966.88822,106048.9287,354372.1407,171058.0045,138789.5038,FALSE,FALSE,TRUE
1565113,c088,fine/relief_q2,coastal,TRUE,2006,bcc06035,42,15000,153,2450,1255.589698,dem_agl,reported,2293.203314,1,118.1604642,12923,2376,2264,2260,39,0,156.7966863,192.0694637,-0.02392663714,0,12255206.18,11739638.17,11381270.48,11739577.51,9504142.403,430356.4465,353412.4961,334389.3566,489067.3801,332061.2293,452307.1445,FALSE,FALSE,TRUE
1565114,c088,fine/relief_q2,coastal,TRUE,2006,bcc06035,43,15000,153,2445,1227.057953,dem_agl,reported,2236.368796,1,105.0772143,12292,134,120,120,4,0,208.7725688,211.0668166,0.4295079857,0,11644883.21,11164941.16,11142045.11,11163708.83,11375013.15,394046.0054,725782.4373,386161.6188,738997.6066,225826.8939,605196.5671,FALSE,FALSE,TRUE
1565115,c088,fine/relief_q2,coastal,TRUE,2006,bcc06035,44,15000,153,2442,1227.057953,dem_agl,reported,2263.630106,1,110.2004881,12594,269,235,233,13,0,178.3596943,182.2381249,0.4396540225,0,11634732.45,11438801.22,11399637.06,11438663.65,11332003.28,422870.6042,559605.2415,407900.5657,581786.1273,209758.3857,381199.4071,FALSE,FALSE,TRUE
1565116,c088,fine/relief_q2,coastal,TRUE,2006,bcc06035,45,15000,153,2443,1326.930906,dem_agl,reported,2317.457702,1,80.39953589,13201,297,257,254,17,0,125.5191937,128.3922653,0.4517326355,0,11740485.44,11989283.32,11959574.28,11989246.5,11440902.14,533675.9618,251481.0204,516575.1226,263024.9711,494873.8608,227295.258,FALSE,FALSE,TRUE
1565117,c088,fine/relief_q2,coastal,TRUE,2006,bcc06035,46,15000,153,2446,1355.46736,dem_agl,reported,2340.472103,1,58.58107678,13460,0,0,0,0,0,105.5255205,105.5255205,,0,12074606.57,12228594.06,12228594.06,12228452.64,12074606.57,378142.8601,224155.3672,378142.8601,224155.3672,335813.767,181967.7,FALSE,FALSE,TRUE
1565118,c088,fine/relief_q2,coastal,FALSE,2006,bcc06035,47,15000,153,2448,1391.137762,dem_agl,reported,2347.603985,1,59.62286683,13542,0,0,0,0,0,100.3910033,100.3910033,,0,12265901.95,12303233.5,12303233.5,12302833.52,12265901.95,345534.6802,308203.1253,345534.6802,308203.1253,234731.7645,197800.189,FALSE,FALSE,TRUE
1565119,c088,fine/relief_q2,coastal,FALSE,2006,bcc06035,48,15000,153,2442,1391.137762,dem_agl,reported,2333.326072,1,79.90411184,13390,0,0,0,0,0,108.6815747,108.6815747,,0,11885433.41,12154034.31,12154034.31,12152872.29,11885433.41,555277.0448,286676.1428,555277.0448,286676.1428,447667.0002,180228.1271,FALSE,FALSE,TRUE
1565120,c088,fine/relief_q2,coastal,TRUE,2006,bcc06035,49,15000,153,2444,1283.550689,dem_agl,reported,2285.461199,1,106.9729841,12838,1439,1282,1279,34,0,158.5535846,178.5381188,-0.01216874272,0,12124200.31,11660503.28,11457471.26,11659942.06,10327069.82,331555.713,304021.7958,261051.2293,383323.5353,258318.706,334233.5619,FALSE,FALSE,TRUE
1565121,c088,fine/relief_q2,coastal,TRUE,2006,bcc06035,50,15000,153,2445,1283.550689,dem_agl,reported,2276.520804,1,75.33029115,12734,58,31,31,10,0,168.5337082,169.2993891,0.9491865635,0,12168314.95,11569453.3,11561672.11,11566286.1,11871752.77,174877.4396,527662.1831,172493.855,532252.8947,108132.3963,510651.4348,TRUE,FALSE,FALSE
1180002,c089,fine/relief_q2,coastal,FALSE,1978,bcc172,76,15000,305,4648,1121.165301,dem_agl,reported,4551.530346,1,120.2508528,12965,0,4236,0,0,0,96.47276479,96.47276479,,0,11560773.98,11637713.43,11637713.43,11637510.38,11560773.98,298939.8182,222000.3743,298939.8182,222000.3743,207256.8771,130520.4808,FALSE,FALSE,TRUE
1180003,c089,fine/relief_q2,coastal,TRUE,1978,bcc172,77,15000,305,4648,1121.165301,dem_agl,reported,4591.239685,1,88.18801917,13190,0,3248,0,0,0,56.76031453,56.76031453,,0,11716011.32,11841663.2,11841663.2,11841709.69,11716011.32,238926.4208,113274.5374,238926.4208,113274.5374,211867.5758,86169.20658,FALSE,FALSE,TRUE
1180004,c089,fine/relief_q2,coastal,TRUE,1978,bcc172,78,15000,305,4648,1122.170881,dem_agl,reported,4623.341355,1,27.77549296,13376,2228,2828,1235,156,0,24.64570528,29.62975446,-0.5679363012,0,11969558.56,12007834.49,11981959.1,12007876.62,9922664.851,100518.9449,21182.8314,90696.59777,29034.59303,91523.49563,28288.39064,FALSE,FALSE,TRUE
1180005,c089,fine/relief_q2,coastal,TRUE,1978,bcc172,79,15000,305,4648,1122.170881,dem_agl,reported,4634.065099,1,17.71587589,13437,6589,5915,5541,156,0,13.93490096,27.56618187,-0.1926464885,0,12057359.32,12063602.94,11992736.21,12063607.93,6101429.95,44362.47144,2839.879521,18081.67215,13497.36897,32373.93691,9496.948608,FALSE,FALSE,TRUE
1180006,c089,fine/relief_q2,coastal,TRUE,1978,bcc172,80,15000,305,4648,1126.71097,dem_agl,reported,4643.161132,1,11.88972801,13495,10936,9939,9878,147,0,4.838867984,26.45132595,-0.1872588918,0,12091352.67,12111007.8,11998524.32,12111001.95,2253210.415,36691.01014,142.6014441,6219.164715,9731.342265,25021.15291,2041.366485,FALSE,FALSE,TRUE
1180007,c089,fine/relief_q2,coastal,TRUE,1978,bcc172,81,15000,305,4648,1162.088998,dem_agl,reported,4638.523284,1,20.90650198,13447,10529,9347,9304,188,0,9.472057256,44.46322725,-0.1867846549,0,12039811.47,12086825.59,11905157.02,12086959.75,2537506.649,78515.75971,117.5052279,25434.24948,14912.3102,54420.95083,1147.646605,FALSE,FALSE,TRUE
1180008,c089,fine/relief_q2,coastal,TRUE,1978,bcc172,82,15000,305,4648,1162.025446,dem_agl,reported,4620.852016,1,31.61615817,13355,6007,4851,4784,188,0,27.14370256,49.54454213,-0.1931142062,0,12015191.55,11994907.25,11878891.97,11994853.29,6561237.313,56122.88379,11102.61196,29048.08065,46934.55026,37973.70881,34829.42475,FALSE,FALSE,TRUE
1180009,c089,fine/relief_q2,coastal,TRUE,1978,bcc172,83,15000,305,4648,1161.071143,dem_agl,reported,4605.949679,1,29.38796506,13267,1583,1368,912,171,0,42.05032099,47.75352222,-0.2674356997,0,11952169.28,11917664.39,11888169.17,11917718.15,10462523.83,69739.93643,43699.69226,59690.06819,54994.59899,47729.79473,41683.08749,TRUE,FALSE,FALSE
1180010,c089,fine/relief_q2,coastal,TRUE,1978,bcc172,84,15000,305,4648,1161.071143,dem_agl,reported,4571.458857,1,71.02320034,13094,0,441,0,0,0,76.57108999,76.57108999,,0,11691148.29,11739846.12,11739846.12,11739855.57,11691148.29,183912.3728,135214.5474,183912.3728,135214.5474,165626.2056,116918.9248,FALSE,FALSE,TRUE
1180011,c089,fine/relief_q2,coastal,FALSE,1978,bcc172,85,15000,305,4648,955.2121036,dem_agl,reported,4527.450233,1,105.1778552,12811,0,381,0,0,0,120.5481477,120.5481477,,0,11650001.68,11514899.28,11514899.28,11513726.87,11650001.68,162500.2444,297602.6385,162500.2444,297602.6385,102223.0187,238497.8254,FALSE,FALSE,TRUE
359541,c090,fine/relief_q2,coastal,TRUE,1992,bcb92024,223,15000,305,5224,1317.848221,dem_agl,reported,5209.826073,1,25.76170034,16466,10985,10774,10696,140,0,14.15278414,42.23377998,0.06413476914,0,15180740.61,15247520.41,15083594.91,15247638.19,4969299.496,112027.0575,1886.365962,50155.29447,18259.94926,77841.55657,6656.315067,FALSE,FALSE,TRUE
359542,c090,fine/relief_q2,coastal,TRUE,1992,bcb92024,224,15000,305,5227,1317.848221,dem_agl,reported,5223.696985,1,10.52955117,16570,14403,14274,14224,96,0,3.303602159,24.52013238,0.06676133722,0,15302258.54,15328820.07,15204554.09,15328815.1,1962345.281,41097.67409,61.92732973,14475.12819,2966.339822,36475.47231,265.9230874,FALSE,FALSE,TRUE
359543,c090,fine/relief_q2,coastal,TRUE,1992,bcb92024,225,15000,305,5227,1356.449774,dem_agl,reported,5226.618637,1,2.673889465,16569,16267,16235,16228,23,0,0.3814008211,17.0538754,0.06496315449,0,15336457.88,15345971.91,15248223.34,15345972.35,270724.7159,11144.66937,45.11600689,3397.405359,3548.823749,11069.84357,57.2890317,FALSE,FALSE,TRUE
359544,c090,fine/relief_q2,coastal,TRUE,1992,bcb92024,226,15000,305,5231,1356.449774,dem_agl,reported,5228.005132,1,12.86720259,16588,15515,15321,15316,145,0,2.994867816,44.68664111,0.05327039585,0,15306293.83,15354114.82,15110202.35,15354100.14,940584.9794,59880.35286,0,19782.16734,10748.24667,56293.44292,1.240187997,FALSE,FALSE,TRUE
359545,c090,fine/relief_q2,coastal,TRUE,1992,bcb92024,227,15000,305,5229,1396.542012,dem_agl,reported,5198.857946,1,56.51017144,16395,10543,10178,10163,286,0,30.05677363,83.83543221,0.04334857315,0,15054046.82,15183387.48,14870888.49,15183777.43,5197878.064,227295.8311,3094.383296,118396.719,36918.97185,158817.402,17180.07431,FALSE,FALSE,TRUE
359546,c090,fine/relief_q2,coastal,TRUE,1992,bcb92024,228,15000,305,5229,1396.54188,dem_agl,reported,5146.308914,1,89.53261603,16064,4492,4172,4158,257,0,82.67966209,114.6265176,0.03949179687,0,14970782.07,14877997.35,14693853.74,14878031.97,10629794.43,128526.2137,39116.33994,90415.63639,116528.4795,88395.9135,141166.2075,FALSE,FALSE,TRUE
359547,c090,fine/relief_q2,coastal,TRUE,1992,bcb92024,229,15000,305,5232,1396.54188,dem_agl,reported,5129.790144,1,78.84528506,15973,439,333,323,90,0,102.1563131,105.011541,0.05151595175,0,14932504.22,14782638.99,14766187.61,14782976.1,14449036.25,100650.1702,171756.5089,97859.7778,183216.0114,81618.92458,153941.0043,TRUE,FALSE,FALSE
359548,c090,fine/relief_q2,coastal,TRUE,1992,bcb92024,230,15000,305,5229,1449.998114,dem_agl,reported,5160.282126,1,64.70337258,16164,750,463,408,235,0,68.55136151,71.8003525,0.6138771474,0,14801134.27,14958900.24,14940069.48,14959841.76,14075375.34,289621.104,103279.9426,281957.1673,113081.303,250611.9886,70055.14066,TRUE,FALSE,FALSE
359549,c090,fine/relief_q2,coastal,TRUE,1992,bcb92024,231,15000,305,5226,1449.998114,dem_agl,reported,5197.265515,1,25.5073685,16396,3247,2557,2343,538,0,28.71536385,35.59721235,0.01056137122,0,15120960.86,15174087.43,15133929.15,15174191.67,12074110.79,116293.8252,15784.21702,95107.43245,23301.25254,81192.08586,9919.883614,TRUE,FALSE,FALSE
359550,c090,fine/relief_q2,coastal,TRUE,1992,bcb92024,232,15000,305,5222,1483.741962,dem_agl,reported,5210.531907,1,15.80967176,16480,7115,6106,5714,811,0,11.4703156,19.73983301,-0.02453360148,0,15217624.67,15251652.19,15203279.5,15251639.77,8614382.768,62890.53733,4451.706531,42716.26469,14595.69282,58623.8225,9152.325697,TRUE,FALSE,FALSE
363583,c091,fine/relief_q3,coastal,TRUE,1992,bcb92043,211,15000,305,5068,1332.840255,dem_agl,reported,5062.234628,1,14.66208206,15409,12991,12606,12603,285,0,5.761888579,35.76898983,-0.009066168219,0,14349100.88,14395850.04,14225689.05,14395857.39,2192091.794,68537.54086,0,24553.72633,10327.82031,54997.94769,1.5672978,FALSE,FALSE,TRUE
363584,c091,fine/relief_q3,coastal,TRUE,1992,bcb92043,212,15000,305,5062,1332.840255,dem_agl,reported,5061.718906,1,2.919195172,15403,15247,15191,15191,42,0,0.2811141221,27.1154129,-0.009002519771,0,14384622.83,14392916.99,14240715.71,14392916.81,136379.1911,9467.41858,0,1717.456587,1112.834196,9364.29488,0,FALSE,FALSE,TRUE
363585,c091,fine/relief_q3,coastal,FALSE,1992,bcb92043,213,15000,305,5058,1320.024504,dem_agl,reported,5058.013034,1,0.008356137916,15381,15381,15381,15381,0,0,-0.01303438094,,-0.01171110012,0,,,,,,,,,,,,FALSE,TRUE,FALSE
363586,c091,fine/relief_q3,coastal,TRUE,1992,bcb92043,214,15000,305,5052,1320.024504,dem_agl,reported,5047.782539,1,19.46646116,15320,14429,14334,14322,46,0,4.213495001,72.54867665,-0.01662688702,0,14276733.04,14313770.43,13928843.67,14313782.36,773710.1376,58214.18264,19.76492135,23041.12388,6323.289475,53891.7362,11.6130373,FALSE,FALSE,TRUE
363587,c091,fine/relief_q3,coastal,TRUE,1992,bcb92043,215,15000,305,5045,1313.607915,dem_agl,reported,5010.307673,1,82.77984484,15093,11789,11549,11534,121,0,34.62831771,158.088214,-0.02925140224,0,13915324.62,14102027.75,13415609.11,14102328.37,2766746.949,317132.0311,1850.466678,136584.5504,48880.09961,291129.7688,6131.804154,FALSE,FALSE,TRUE
363588,c091,fine/relief_q3,coastal,TRUE,1992,bcb92043,216,15000,305,5040,1313.607915,dem_agl,reported,4972.791795,1,115.3116984,14869,9227,8843,8826,220,0,66.88571114,176.0704511,-0.0433161743,0,13670032.3,13891633.78,13288309.44,13893055.68,4835037.209,441232.0945,7762.079486,240981.6456,69396.6144,399387.7562,13408.1479,FALSE,FALSE,TRUE
363589,c091,fine/relief_q3,coastal,TRUE,1992,bcb92043,217,15000,305,5037,1160.870564,dem_agl,reported,4884.93646,1,216.3035978,14349,6714,6475,6462,130,0,151.8989651,285.4186583,-0.0481218081,0,13218323.45,13405117.09,12682329.29,13405950.8,6453621.656,708467.5069,27906.1191,467578.9757,90079.44013,467872.2597,88739.26228,FALSE,FALSE,TRUE
363590,c091,fine/relief_q3,coastal,TRUE,1992,bcb92043,218,15000,305,5033,1160.870564,dem_agl,reported,4990.174258,1,108.2654628,14973,11421,11234,11221,89,0,42.64302015,179.7698138,-0.04207906872,0,13774843.93,13988920.32,13230670.42,13989708.58,2944582.078,376333.2042,1825.6835,186973.3374,65695.69075,286604.2644,18999.82705,FALSE,FALSE,TRUE
363591,c091,fine/relief_q3,coastal,TRUE,1992,bcb92043,219,15000,305,5032,1224.567162,dem_agl,reported,5030.438195,1,10.59226413,15217,14713,14540,14531,94,0,1.554945474,46.812334,-0.03388157114,0,14170485.41,14215574.26,13960938.11,14215609.5,418606.7191,51079.21332,822.5490959,20031.81092,15505.53214,49789.4758,791.348167,FALSE,FALSE,TRUE
363592,c091,fine/relief_q3,coastal,TRUE,1992,bcb92043,220,15000,305,5032,1263.035276,dem_agl,reported,5030.708009,1,9.476187699,15217,14871,14757,14755,83,0,1.285107143,55.54432129,-0.02250343189,0,14192664.36,14217099.24,13912073.16,14217136.7,293384.8337,30486.6442,0,10436.14224,861.3651012,28973.58795,0,FALSE,FALSE,TRUE
630943,c092,fine/relief_q3,coastal,TRUE,1991,bcb91037,84,15000,305,5639,1438.170191,dem_agl,reported,5477.322444,1,146.5973405,18522,719,641,528,105,0,161.7651731,168.2675103,0.06240357459,0,16720132.79,16853472.23,16813481.19,16851366.95,16010745.75,467750.84,280656.2591,452555.3591,303245.0514,376980.6264,205536.0213,TRUE,FALSE,FALSE
630944,c092,fine/relief_q3,coastal,TRUE,1991,bcb91037,85,15000,305,5639,1558.511123,dem_agl,reported,5462.494938,1,179.7434018,18408,2797,2524,2434,180,0,174.7896226,206.0467799,0.01861474477,0,16120919.54,16762348.61,16571064.47,16771367.47,13490676.43,934721.6196,225230.8215,831342.4818,300874.5854,836651.8527,151567.8937,FALSE,FALSE,TRUE
630945,c092,fine/relief_q3,coastal,TRUE,1991,bcb91037,86,15000,305,5641,1558.511123,dem_agl,reported,5461.835154,1,197.449235,18408,4103,3717,3663,201,0,176.0145068,226.4374451,0.0135580916,0,15952324.5,16758299.59,16450307.06,16774797.96,12142314.91,1064412.551,193471.669,879445.3644,297965.5239,993719.1231,131977.9987,FALSE,FALSE,TRUE
630946,c092,fine/relief_q3,coastal,TRUE,1991,bcb91037,87,15000,305,5641,1551.192523,dem_agl,reported,5402.068407,1,238.9928035,18007,3430,3073,3047,166,0,237.4706194,293.298801,0.002699689125,0,15779879.52,16393547.08,16056456.68,16401676.64,12436580.95,1009068.248,180405.5163,791139.1266,249655.8428,801896.0764,85588.34968,FALSE,FALSE,TRUE
630947,c092,fine/relief_q3,coastal,TRUE,1991,bcb91037,88,15000,305,5639,1438.196681,dem_agl,reported,5310.163281,1,232.525618,17401,1493,1239,1222,112,0,328.6122388,359.4234497,-0.0223654937,0,16091178.19,15840486.81,15657197.29,15841857.39,14380600.43,505648.3011,406266.1084,411350.6076,464456.9435,167791.1856,275247.6468,FALSE,FALSE,TRUE
630948,c092,fine/relief_q3,coastal,TRUE,1991,bcb91037,89,15000,305,5641,1438.196681,dem_agl,reported,5261.225159,1,177.122477,17081,199,97,96,49,0,378.8730404,383.324802,0.7759358883,0,16202734.19,15549862.38,15523558.62,15555146.45,15685500.31,367791.8283,687492.4033,357440.3966,700315.1523,239668.202,601472.8166,TRUE,FALSE,FALSE
630949,c092,fine/relief_q3,coastal,FALSE,1991,bcb91037,90,15000,305,5641,1551.458721,dem_agl,reported,5321.959025,1,151.6660371,17479,2,0,0,1,0,318.9401804,318.9764423,2.065507591,0,15961496.48,15910939.57,15910722.75,15911950.4,15891672.43,532531.8189,514136.4382,532426.5891,514246.9376,408062.2313,390326.0498,TRUE,FALSE,FALSE
630950,c092,fine/relief_q3,coastal,FALSE,1991,bcb91037,91,15000,305,5638,1551.458721,dem_agl,reported,5344.953895,1,140.0081898,17628,0,0,0,0,0,292.6218617,292.6218617,,0,15750576.84,16048731.09,16048731.09,16051173.29,15750576.84,575075.896,276921.6484,575075.896,276921.6484,557550.68,256954.2357,FALSE,FALSE,TRUE
630951,c092,fine/relief_q3,coastal,FALSE,1991,bcb91037,92,15000,305,5636,1423.698275,dem_agl,reported,5264.241252,1,174.5727441,17098,0,0,0,0,0,371.7542061,371.7542061,,0,15646025.39,15567695.98,15567695.98,15567394.55,15646025.39,474457.3294,552786.7355,474457.3294,552786.7355,251736.3137,330367.1449,FALSE,FALSE,TRUE
630952,c092,fine/relief_q3,coastal,FALSE,1991,bcb91037,93,15000,305,5641,1310.38412,dem_agl,reported,5157.567767,1,167.4967258,16418,0,0,0,0,0,483.3405002,483.3405002,,0,15183117.07,14943167.33,14943167.33,14943695.53,15183117.07,365119.4998,605069.2443,365119.4998,605069.2443,218615.9126,458037.4563,FALSE,FALSE,TRUE
1040048,c093,fine/relief_q3,coastal,FALSE,1989,bc89011,23,15000,305,4724,1150.210483,dem_agl,reported,4384.412485,1,71.40757443,11653,0,0,0,0,0,339.5865909,339.5865909,,0,10814009.19,10798802.17,10798802.17,10798722.09,10814009.19,139423.2712,154630.2954,139423.2712,154630.2954,111025.6557,126312.7571,FALSE,FALSE,TRUE
1040049,c093,fine/relief_q3,coastal,FALSE,1989,bc89011,24,15000,305,4724,1150.18821,dem_agl,reported,4400.608935,1,56.12799893,11751,0,0,0,0,0,323.3992012,323.3992012,,0,10904306.84,10878733.2,10878733.2,10878676.32,10904306.84,105898.4521,131472.0965,105898.4521,131472.0965,88872.09666,114502.6227,FALSE,FALSE,TRUE
1040050,c093,fine/relief_q3,coastal,FALSE,1989,bc89011,25,15000,305,4724,1150.18821,dem_agl,reported,4416.755943,1,46.42839982,11823,0,0,0,0,0,307.2461583,307.2461583,,0,10974429.63,10958713.61,10958713.61,10958437.14,10974429.63,82835.58611,98551.60048,82835.58611,98551.60048,75669.41126,91661.89694,FALSE,FALSE,TRUE
1333981,c094,fine/relief_q3,coastal,FALSE,1974,bc5632,249,15000,153,2468,1375.968813,dem_agl,reported,2209.472647,1,55.0463674,11757,0,0,0,0,0,258.5206025,258.5206025,,0,10890459.7,10898001.15,10898001.15,10898249.57,10890459.7,257688.2118,250146.7635,257688.2118,250146.7635,185216.6183,177426.7429,FALSE,FALSE,TRUE
1333982,c094,fine/relief_q3,coastal,FALSE,1974,bc5632,250,15000,153,2468,1375.981059,dem_agl,reported,2179.390179,1,53.20659454,11443,0,0,0,0,0,288.6132118,288.6132118,,0,10615194.88,10603263.88,10603263.88,10603144.42,10615194.88,232436.4037,244367.4079,232436.4037,244367.4079,199033.8507,211084.3102,FALSE,FALSE,TRUE
1333983,c094,fine/relief_q3,coastal,FALSE,1974,bc5632,251,15000,153,2468,1375.993266,dem_agl,reported,2156.595577,1,48.30129468,11203,0,0,0,0,0,311.5890837,311.5890837,,0,10875196.4,10382621.23,10382621.23,10380750.14,10875196.4,75233.35483,567808.5284,75233.35483,567808.5284,47427.60004,541873.8621,FALSE,FALSE,TRUE
1333984,c094,fine/relief_q3,coastal,TRUE,1974,bc5632,252,15000,153,2468,1376.01759,dem_agl,reported,2158.507106,1,69.93559042,11226,0,0,0,0,0,309.5648077,309.5648077,,0,10768379.39,10401034.96,10401034.96,10399779.2,10768379.39,277820.0422,645164.4745,277820.0422,645164.4745,146787.6626,515387.8494,FALSE,FALSE,TRUE
1333985,c094,fine/relief_q3,coastal,TRUE,1974,bc5632,253,15000,153,2468,1376.01759,dem_agl,reported,2216.844461,1,101.3881046,11845,0,0,0,0,0,251.2214573,251.2214573,,0,11444631.09,10970843.93,10970843.93,10969547.77,11444631.09,435548.3004,909335.4642,435548.3004,909335.4642,134384.0798,609467.4032,FALSE,FALSE,TRUE
1333986,c094,fine/relief_q3,coastal,TRUE,1974,bc5632,254,15000,153,2468,1376.029709,dem_agl,reported,2328.577156,1,132.6963376,13066,3679,3483,3472,134,0,139.4155104,193.9624042,0.04111675918,0,12206656.99,12104611.51,11544152.9,12103932.94,8212501.321,653526.2098,170349.6424,447697.5897,305951.6691,310269.5189,165468.1746,FALSE,FALSE,TRUE
1333987,c094,fine/relief_q3,coastal,TRUE,1974,bc5632,255,15000,153,2468,1374.554002,dem_agl,reported,2427.957163,1,70.94875695,14210,9524,9317,9306,141,0,39.95381347,120.9288646,0.03508109227,0,12939426.79,13159870.96,12296716.19,13159781.81,3867402.975,482175.503,8823.400538,220955.6843,104957.6737,320078.5577,33964.82894,FALSE,FALSE,TRUE
1333988,c094,fine/relief_q3,coastal,TRUE,1974,bc5632,256,15000,153,2468,1374.554002,dem_agl,reported,2463.533088,1,16.98087559,14630,13090,12908,12872,86,0,4.452113094,41.84316217,0.03566017933,0,13449120.53,13548349.45,13140201.85,13548463.22,1285294.511,136069.18,8.385038403,60696.51538,15431.24799,116504.0778,683.7182338,FALSE,FALSE,TRUE
1333989,c094,fine/relief_q3,coastal,TRUE,1974,bc5632,257,15000,153,2468,1377.152202,dem_agl,reported,2425.891542,1,73.22947956,14187,9100,8844,8815,124,0,42.10638752,117.2433618,0.03973292187,0,13227769.4,13137488.57,12336278.57,13136276.16,4443172.945,272669.4808,8561.94489,135412.6813,60940.77238,147473.9477,35380.8283,FALSE,FALSE,TRUE
1333990,c094,fine/relief_q3,coastal,TRUE,1974,bc5632,258,15000,153,2468,1241.540652,dem_agl,reported,2394.909942,1,31.03384152,13812,0,0,0,0,0,73.09917288,73.09917288,,0,12775972.2,12804067.77,12804067.77,12803969.61,12775972.2,205204.1241,177108.5481,205204.1241,177108.5481,149385.4342,121388.0242,FALSE,FALSE,TRUE
515977,c095,fine/relief_q3,coastal,TRUE,1987,bc87037,198,15000,305,5334,1562.776651,dem_agl,reported,5263.462278,1,48.92422238,17080,349,232,221,70,0,70.53480269,71.98370052,0.1646454334,0,15597649.28,15563089.07,15554522,15563091.64,15247006.89,93910.29581,95197.06395,91044.11832,100273.0656,94456.15563,93428.11263,TRUE,FALSE,FALSE
515978,c095,fine/relief_q3,coastal,TRUE,1987,bc87037,199,15000,305,5334,1562.753793,dem_agl,reported,5263.351746,1,74.83869847,17079,2121,1733,1707,226,0,70.48196507,80.38722774,0.05028966814,0,15348925.99,15562435.43,15503915.7,15563457.3,13372565.98,332983.5794,78433.56421,304580.813,102372.5759,327466.3427,72905.35345,TRUE,FALSE,FALSE
515979,c095,fine/relief_q3,coastal,TRUE,1987,bc87037,200,15000,305,5334,1526.4756,dem_agl,reported,5250.130221,1,99.55887184,16947,4705,4050,4018,375,0,83.85131008,115.8791509,0.0797566995,0,15297562.29,15484348.04,15296003.17,15485495.24,10946649.82,356390.7815,120621.8359,289169.5543,217805.599,284015.8985,66116.39798,FALSE,FALSE,TRUE
515980,c095,fine/relief_q3,coastal,TRUE,1987,bc87037,201,15000,305,5334,1526.391302,dem_agl,reported,5237.976514,1,112.9001938,16937,6473,5649,5623,477,0,96.02348641,155.0416571,0.07778903842,0,15338392.07,15412740.52,15067375.41,15412190.1,9331929.41,324605.5612,140661.0639,226644.983,312763.7001,188024.766,63431.32078,FALSE,FALSE,TRUE
515981,c095,fine/relief_q3,coastal,TRUE,1987,bc87037,202,15000,305,5334,1519.351584,dem_agl,reported,5251.51902,1,96.42824036,16994,5606,4956,4937,368,0,82.59950989,122.963321,0.0703506358,0,15285898.01,15492541.17,15255301.32,15491801.1,10051651.6,365770.3403,33221.58286,261670.2491,104885.2958,344970.6724,48819.3037,FALSE,FALSE,TRUE
515982,c095,fine/relief_q3,coastal,TRUE,1987,bc87037,203,15000,305,5334,1519.351584,dem_agl,reported,5212.613523,1,123.315684,16704,4181,3682,3664,235,0,120.7593514,160.9325159,0.05444475263,0,15020183.75,15263840.75,15029473.15,15266512.33,11018390.5,511515.2194,79128.84964,409127.5116,149788.4219,393289.1329,91908.87434,FALSE,FALSE,TRUE
515983,c095,fine/relief_q3,coastal,TRUE,1987,bc87037,204,15000,305,5334,1526.348095,dem_agl,reported,5118.736834,1,139.6038709,16163,1557,1378,1374,53,0,214.2864574,237.1299356,0.0355854854,0,15104696.66,14719002.45,14587922.08,14722792.29,13354949.72,229515.1783,272461.7244,192144.4834,334097.0949,108280.1898,297685.6461,FALSE,FALSE,TRUE
515984,c095,fine/relief_q3,coastal,TRUE,1987,bc87037,205,15000,305,5334,1526.333959,dem_agl,reported,5059.294895,1,119.9228667,15794,69,39,39,14,0,273.6532189,274.8503273,0.03350625187,0,15006429.5,14379135.02,14372331.17,14385272.79,14750607.12,93608.41424,524887.2383,92274.69135,529845.9841,87913.17423,519822.8303,TRUE,FALSE,FALSE
515985,c095,fine/relief_q3,coastal,TRUE,1987,bc87037,206,15000,305,5334,1526.286096,dem_agl,reported,5098.832042,1,123.0648347,16074,3,0,0,2,0,235.1679578,235.2113343,3.738037348,0,14584087.4,14604751.98,14604503.49,14604942.13,14553750.02,349473.4911,301274.0596,349355.4627,301401.8892,347413.1901,298346.695,TRUE,FALSE,FALSE
515986,c095,fine/relief_q3,coastal,FALSE,1987,bc87037,207,15000,305,5334,1526.272206,dem_agl,reported,5089.907048,1,153.552742,15998,0,0,0,0,0,244.0215507,244.0215507,,0,14107372.39,14553668.42,14553668.42,14554328.11,14107372.39,620055.0017,173758.968,620055.0017,173758.968,618310.9299,171355.2086,FALSE,FALSE,TRUE
731062,c096,fine/relief_q3,coastal,TRUE,1980,bc80089,87,15000,305,5182,1279.273257,dem_agl,reported,5087.950072,1,197.0893901,15982,9974,8088,8050,44,0,93.63576158,250.2612647,-0.8709727526,0,14243009.18,14542479.33,13660920.03,14543309.05,4922908.37,642957.3175,104706.6264,409282.9266,348035.1456,459196.0285,103901.9736,FALSE,FALSE,TRUE
731063,c096,fine/relief_q3,coastal,TRUE,1980,bc80089,88,15000,305,5182,1279.273257,dem_agl,reported,5138.473186,1,121.8126262,16299,11479,10356,10319,63,0,43.17832485,147.6228031,-0.8467900157,0,14551915.01,14832725.61,14235874.45,14834622.3,4010879.581,414297.2859,37412.98697,272823.9161,263133.5029,412704.5924,38562.70749,FALSE,FALSE,TRUE
731064,c096,fine/relief_q3,coastal,TRUE,1980,bc80089,89,15000,305,5182,1278.376627,dem_agl,reported,5169.254512,1,41.32125029,16494,12051,10802,10758,106,0,12.6978787,48.74557239,-0.6479510069,0,14896213.89,15010964.72,14802337.37,15011246.52,3884802.945,168875.664,3817.815844,120926.5681,27422.29416,166227.7175,2820.607249,FALSE,FALSE,TRUE
731065,c096,fine/relief_q3,coastal,TRUE,1980,bc80089,90,15000,305,5182,1272.522133,dem_agl,reported,5168.634621,1,33.46083585,16491,11949,9004,8957,89,0,13.30020328,50.06923186,-0.647526741,0,14891923.19,15007364.75,14794603.15,15007708.59,3968197.621,170707.8047,2409.113636,112334.7065,16552.6249,155966.7081,1118.193642,FALSE,FALSE,TRUE
731066,c096,fine/relief_q3,coastal,TRUE,1980,bc80089,91,15000,305,5182,1263.396097,dem_agl,reported,5132.970376,1,85.03560762,16261,9361,5637,5612,59,0,48.96478652,116.3797511,-0.6580812335,0,14641399.53,14800973.77,14414743.35,14801168.03,5996252.742,309053.2434,27541.04418,195627.3093,133012.896,247277.7054,40338.46853,FALSE,FALSE,TRUE
731067,c096,fine/relief_q3,coastal,TRUE,1980,bc80089,92,15000,305,5182,1257.559619,dem_agl,reported,5074.161506,1,110.8637134,15889,5270,2435,2425,7,0,107.8025911,161.7210382,-1.069711864,0,14388433.2,14463764.63,14158011.54,14463740.79,9318508.896,383681.3619,39807.48601,249017.9898,80167.41287,187803.7421,40941.52138,FALSE,FALSE,TRUE
731068,c096,fine/relief_q3,coastal,TRUE,1980,bc80089,93,15000,305,5182,1257.559619,dem_agl,reported,5003.298769,1,96.96209913,15447,1026,160,157,0,0,178.7122603,191.4969777,-1.100834846,0,14062762.18,14062600.79,13990825.47,14062402.49,12921601.93,321429.031,114444.4408,283337.4334,133879.1548,188811.6674,66158.84542,FALSE,FALSE,TRUE
731069,c096,fine/relief_q3,coastal,FALSE,1980,bc80089,94,15000,305,5182,1262.384043,dem_agl,reported,4924.059512,1,108.5082507,14960,0,0,0,0,0,257.9525227,257.9525227,,0,13634714.55,13620697.87,13620697.87,13620661.88,13634714.55,336899.2169,350915.8936,336899.2169,350915.8936,270552.3238,284604.9922,FALSE,FALSE,TRUE
731070,c096,fine/relief_q3,coastal,FALSE,1980,bc80089,95,15000,305,5182,1262.384043,dem_agl,reported,4839.43525,1,122.5991795,14454,0,0,0,0,0,342.5299115,342.5299115,,0,13368604.08,13156553.63,13156553.63,13156619.41,13368604.08,174849.6014,386900.0518,174849.6014,386900.0518,86900.97251,298885.6413,FALSE,FALSE,TRUE
731071,c096,fine/relief_q3,coastal,FALSE,1980,bc80089,96,15000,305,5182,1262.146583,dem_agl,reported,4761.45221,1,114.3772198,13990,0,0,0,0,0,420.4328834,420.4328834,,0,13011370.11,12735958.43,12735958.43,12736587.14,13011370.11,157185.0808,432596.7551,157185.0808,432596.7551,115782.6242,390565.59,FALSE,FALSE,TRUE
725915,c097,fine/relief_q3,coastal,TRUE,1980,bc80002,132,10000,305,3109,830.6617571,dem_agl,reported,3055.930549,1,97.05994909,5831,3192,1132,1125,63,0,53.06945099,118.1451994,-1.076790512,0,5139243.525,5246138.276,5025085.233,5245984.308,2186601.659,198318.2141,7466.881251,125105.4959,54801.01484,160273.5027,25045.639,FALSE,FALSE,TRUE
725916,c097,fine/relief_q3,coastal,TRUE,1980,bc80002,133,10000,305,3109,830.6146203,dem_agl,reported,3018.255531,1,97.45735528,5689,1445,308,300,74,0,90.79222021,121.946496,-1.099998951,0,5057008.706,5117581.688,5012480.107,5116220.252,3674779.262,177552.4952,30628.39737,140792.5901,70515.97366,116695.7017,22503.60428,FALSE,FALSE,TRUE
725917,c097,fine/relief_q3,coastal,TRUE,1980,bc80002,134,10000,305,3109,830.5674343,dem_agl,reported,3011.457506,1,89.19389539,5660,944,231,223,40,0,97.53671822,117.1983671,-1.059124291,0,5019631.696,5094554.964,5028247.963,5093766.832,4136409.412,188233.2666,78174.56252,164469.5706,113522.6212,142127.0158,49649.83202,FALSE,FALSE,TRUE
725918,c097,fine/relief_q3,coastal,TRUE,1980,bc80002,135,10000,305,3109,830.5674343,dem_agl,reported,3044.76469,1,66.80986509,5787,1589,442,420,37,0,64.23530991,88.85230236,-1.06745255,0,5102746.117,5207871.291,5124000.199,5207658.61,3640601.658,156483.2196,18273.60096,112899.1759,46236.36676,132539.4015,15301.16384,FALSE,FALSE,TRUE
725919,c097,fine/relief_q3,coastal,TRUE,1980,bc80002,136,10000,305,3109,855.1196585,dem_agl,reported,3071.200156,1,50.20722134,5889,2088,592,562,52,0,37.78847269,58.96988592,-1.073266149,0,5168775.624,5298696.148,5225860.227,5298713.56,3274944.985,153095.9818,9774.406165,108999.4718,30732.97284,148898.1925,7932.392218,FALSE,FALSE,TRUE
725920,c097,fine/relief_q3,coastal,TRUE,1980,bc80002,137,10000,305,3109,855.0685609,dem_agl,reported,3075.287168,1,36.49821941,5904,1654,502,474,55,0,33.71283222,47.09884093,-1.0849666,0,5290635.197,5312808.053,5266657.881,5312707.678,3784205.004,58333.07664,18884.86161,39277.56608,39218.69353,52847.93836,22508.10429,FALSE,FALSE,TRUE
725921,c097,fine/relief_q3,coastal,TRUE,1980,bc80002,138,10000,305,3109,849.3174445,dem_agl,reported,3078.415772,1,35.51119304,5912,1857,338,314,54,0,30.58422838,44.98804633,-1.121951818,0,5346739.629,5323623.386,5273921.776,5323557.253,3624781.829,36696.59399,9392.711183,23178.80503,22646.76006,29312.47052,11621.90787,FALSE,FALSE,TRUE
725922,c097,fine/relief_q3,coastal,TRUE,1980,bc80002,139,10000,305,3109,849.3174445,dem_agl,reported,3086.019737,1,31.55117078,5944,2726,371,356,38,0,22.97970429,43.35859098,-1.255392909,0,5270657.603,5349955.529,5279530.733,5349919.711,2802350.556,100425.0256,3095.410359,60181.17686,17023.99124,97606.78825,4230.060872,FALSE,FALSE,TRUE
725923,c097,fine/relief_q3,coastal,TRUE,1980,bc80002,140,10000,305,3109,855.6621057,dem_agl,reported,3013.860054,1,124.7862912,5667,2400,284,276,45,0,95.11586875,165.7547128,-1.28437674,0,5016014.894,5102687.103,4866296.677,5101911.064,2771440.422,239820.254,65983.43813,154586.0155,151418.2882,139093.8325,13964.52455,FALSE,FALSE,TRUE
725924,c097,fine/relief_q3,coastal,TRUE,1980,bc80002,141,10000,305,3109,1424.279093,dem_agl,reported,3027.002606,1,109.450224,5717,2603,538,530,52,0,82.00740993,151.3265302,-1.1487571,0,4977633.501,5147286.75,4914237.777,5146597.814,2572648.823,271272.7824,38033.05728,174045.1263,116061.2702,216025.1995,9055.803187,FALSE,FALSE,TRUE
361385,c098,fine/relief_q3,coastal,TRUE,1992,bcb92035,79,15000,305,5657,1506.62001,dem_agl,reported,5462.771242,1,187.1830417,18064,4090,3832,3762,136,0,193.2370328,249.7192501,0.09786147624,0,17368504.05,16764044.4,16419173.53,16769858.71,12976571.99,160259.9118,168694.2508,88099.64888,275187.6309,84017.14433,338731.3544,FALSE,FALSE,TRUE
361386,c098,fine/relief_q3,coastal,TRUE,1992,bcb92035,80,15000,305,5657,1519.840549,dem_agl,reported,5555.37739,1,155.5669939,18682,9246,8896,8834,180,0,101.5328812,200.8173171,0.09555619955,0,17253526.45,17337237.85,16723081.06,17337392.13,8306469.325,490846.5252,43135.08192,324402.6136,143684.6137,307950.5333,106049.3029,FALSE,FALSE,TRUE
361387,c098,fine/relief_q3,coastal,TRUE,1992,bcb92035,81,15000,305,5657,1526.131022,dem_agl,reported,5640.979513,1,46.20203387,19262,15991,15639,15592,179,0,16.01534083,93.49838792,0.09850429744,0,17838050.64,17875649,17387950.95,17875685.89,2934222.162,105048.4002,3582.792713,17818.06214,88495.58507,89197.92891,10458.10504,FALSE,FALSE,TRUE
361388,c098,fine/relief_q3,coastal,TRUE,1992,bcb92035,82,15000,305,5657,1539.656171,dem_agl,reported,5647.62251,1,34.34483509,19307,17416,17213,17192,113,0,9.314764688,93.70889147,0.09985926002,0,17790944.59,17917775.65,17386275.28,17918163.04,1585949.221,171123.0784,108.7671532,71527.6471,21487.7303,166148.0945,344.2100343,FALSE,FALSE,TRUE
361389,c098,fine/relief_q3,coastal,TRUE,1992,bcb92035,83,15000,305,5657,1592.186665,dem_agl,reported,5638.224908,1,54.64482641,19245,16240,15904,15887,234,0,18.59919066,117.8497776,0.10161639,0,17667225.61,17858195.17,17235007.51,17859271.73,2521257.501,272607.0227,806.4669746,122586.0988,35839.00515,259481.3442,1790.702249,FALSE,FALSE,TRUE
361390,c098,fine/relief_q3,coastal,TRUE,1992,bcb92035,84,15000,305,5657,1578.973436,dem_agl,reported,5574.289194,1,134.2318432,18808,10800,10345,10331,312,0,82.12146151,192.4128292,0.1006026603,0,17129482.37,17455478.79,16771573.48,17459124.02,6897008.7,559779.4285,22184.25087,316226.0169,181564.472,498195.7799,59131.07636,FALSE,FALSE,TRUE
361391,c098,fine/relief_q3,coastal,TRUE,1992,bcb92035,85,15000,305,5657,1578.973436,dem_agl,reported,5455.326688,1,224.8491269,18015,4623,4392,4386,145,0,201.1991154,270.5576302,0.1040246487,0,16462903.86,16718384.13,16295974.59,16720904.99,11786268.96,797355.9723,154962.8475,617575.9035,267871.118,473653.1538,140627.7569,FALSE,FALSE,TRUE
361392,c098,fine/relief_q3,coastal,TRUE,1992,bcb92035,86,15000,305,5657,1572.366954,dem_agl,reported,5278.385839,1,266.0085491,16866,342,297,294,23,0,378.1558959,385.9740208,0.1207615919,0,15451046.21,15651466.63,15605136.36,15653033.24,14988838.79,903661.551,557146.0524,881018.7271,577672.3755,590262.4054,316247.7116,FALSE,FALSE,TRUE
361393,c098,fine/relief_q3,coastal,FALSE,1992,bcb92035,87,15000,305,5657,1572.366954,dem_agl,reported,5151.783627,1,272.980824,16067,0,0,0,0,0,504.5856068,504.5856068,,0,14648514.55,14909669.02,14909669.02,14903765.18,14648514.55,1063356.946,802202.483,1063356.946,802202.483,818723.2762,563472.6463,FALSE,FALSE,TRUE
361394,c098,fine/relief_q3,coastal,FALSE,1992,bcb92035,88,15000,305,5657,1566.077286,dem_agl,reported,5119.445206,1,272.8021548,15866,0,0,0,0,0,535.5651654,535.5651654,,0,14021379.17,14723076.6,14723076.6,14725485.76,14021379.17,1061080.246,359382.812,1061080.246,359382.812,944216.6215,240110.023,FALSE,FALSE,TRUE
361379,c099,fine/relief_q3,coastal,TRUE,1992,bcb92035,73,15000,305,5657,1354.376808,dem_agl,reported,5220.84699,1,246.7798884,16501,2,0,0,2,0,433.6776805,433.7293599,7.348483324,0,16313740.62,15312098.14,15311795.01,15326622.59,16196387.78,231955.5436,1117935.604,231887.1465,1118168.024,205069.4077,1078602.856,TRUE,FALSE,FALSE
361380,c099,fine/relief_q3,coastal,TRUE,1992,bcb92035,74,15000,305,5657,1354.376808,dem_agl,reported,5345.495653,1,245.7399861,17295,1563,1480,1470,72,0,311.4800602,342.3723777,0.1167569831,0,16086712.53,16051984.62,15866987.69,16049301.5,14225650.04,697571.4529,319603.8216,610888.6136,380546.5091,490022.8346,291918.8995,FALSE,FALSE,TRUE
361381,c099,fine/relief_q3,coastal,TRUE,1992,bcb92035,75,15000,305,5657,1361.319399,dem_agl,reported,5443.443299,1,209.5764518,17938,4114,4060,4018,72,0,213.4717356,276.9260301,0.1154823117,0,16603162.85,16645627.84,16259813.11,16645265.62,12314375.55,682244.3769,169094.0316,525772.7431,273276.5463,497238.0149,197803.9783,FALSE,FALSE,TRUE
361382,c099,fine/relief_q3,coastal,TRUE,1992,bcb92035,76,15000,305,5657,1354.705532,dem_agl,reported,5513.342976,1,191.8444393,18402,7425,7306,7256,75,0,143.6485767,240.7138981,0.1101746634,0,17032155.08,17075868.18,16479901.53,17073791.68,9837084.746,464261.2252,116018.7912,287246.2334,331866.4726,282335.3811,203628.9886,FALSE,FALSE,TRUE
361383,c099,fine/relief_q3,coastal,TRUE,1992,bcb92035,77,15000,305,5657,1354.705532,dem_agl,reported,5491.190949,1,190.9592542,18255,6968,6912,6848,23,0,165.3434685,267.3802011,0.1087146364,0,16671880.74,16938925.79,16315259.91,16940515.94,9807069.001,722625.2609,61626.89938,455522.2201,181236.2879,568178.7855,127994.597,FALSE,FALSE,TRUE
361384,c099,fine/relief_q3,coastal,TRUE,1992,bcb92035,78,15000,305,5657,1506.291046,dem_agl,reported,5457.117268,1,189.6311847,18026,4486,4379,4352,26,0,199.0658995,264.9999845,0.1055982299,0,17247576.79,16729360.75,16327547.3,16734244.64,12556216.64,200263.7365,191930.1768,112109.9983,335341.9051,120625.3958,443255.7021,FALSE,FALSE,TRUE
1497879,c100,fine/relief_q3,coastal,TRUE,1964,bc4211,78,15000,305,5182,1136.744004,dem_agl,reported,4926.902996,1,205.5367917,14742,2019,1671,1635,170,0,254.6340788,294.9692803,0.1161414981,0,13108141.65,13636433.44,13414071.91,13637454.24,11121371.5,826718.8094,175088.3398,688262.0422,239118.8509,751926.7492,128301.0665,FALSE,FALSE,TRUE
1497880,c100,fine/relief_q3,coastal,TRUE,1964,bc4211,79,15000,305,5182,1136.729982,dem_agl,reported,4886.470314,1,210.9609311,14507,1189,1011,983,91,0,295.175312,321.4996209,0.1336864233,0,13860220.27,13413536.73,13269403.67,13414569.25,12537162.67,261160.0055,485523.2781,229537.386,579328.0696,249540.2232,496567.2153,FALSE,FALSE,TRUE
1497881,c100,fine/relief_q3,coastal,TRUE,1964,bc4211,80,15000,305,5182,1136.729982,dem_agl,reported,4879.531707,1,208.1382341,14446,386,363,344,1,0,302.5289699,310.8381792,0.1372595057,0,13412169.65,13375470.33,13329955.73,13374423.27,12842514.83,491087.2371,318476.512,470988.9675,338975.5321,441693.4649,284914.4207,FALSE,FALSE,TRUE
1497882,c100,fine/relief_q3,coastal,TRUE,1964,bc4211,81,15000,305,5182,1136.73559,dem_agl,reported,4839.555297,1,227.8798254,14232,1,9,0,1,0,341.7405578,341.7639856,8.33995533,0,12563779.55,13157206.36,13157078.98,13159094.42,12542898.42,902315.2099,288016.8485,902231.5583,288060.4906,780191.8403,168675.5238,TRUE,FALSE,FALSE
1497883,c100,fine/relief_q3,coastal,TRUE,1964,bc4211,82,15000,305,5182,1136.73559,dem_agl,reported,4828.291135,1,225.2588875,14165,1,9,0,1,0,353.6722449,353.6966259,8.33995533,0,13003914.51,13096030.32,13095898.06,13089261.67,12978488.03,562196.816,444948.0771,562125.8034,445009.0149,449398.0741,338721.2433,TRUE,FALSE,FALSE
1497884,c100,fine/relief_q3,coastal,FALSE,1964,bc4211,83,15000,305,5182,1351.991985,dem_agl,reported,4761.4255,1,193.1825689,13777,0,0,0,0,0,420.5411899,420.5411899,,0,12681967.31,12735815.54,12735815.54,12733299.23,12681967.31,461343.5213,407495.2863,461343.5213,407495.2863,452939.4254,401607.5049,FALSE,FALSE,TRUE
1497885,c100,fine/relief_q3,coastal,FALSE,1964,bc4211,84,15000,305,5182,1351.991985,dem_agl,reported,4741.834042,1,167.1993119,13665,0,0,0,0,0,440.0960199,440.0960199,,0,12335618.36,12631225.07,12631225.07,12631544.78,12335618.36,621864.794,326258.082,621864.794,326258.082,624959.6473,329033.2197,FALSE,FALSE,TRUE
1497886,c100,fine/relief_q3,coastal,FALSE,1964,bc4211,85,15000,305,5182,1351.971541,dem_agl,reported,4765.010929,1,172.6578088,13799,0,0,0,0,0,416.9895299,416.9895299,,0,12892002.46,12755003.31,12755003.31,12753239.84,12892002.46,394849.4667,531848.6207,394849.4667,531848.6207,397952.6105,536715.2348,FALSE,FALSE,TRUE
1497887,c100,fine/relief_q3,coastal,TRUE,1964,bc4211,86,15000,305,5182,1351.961202,dem_agl,reported,4829.569923,1,205.3449901,14177,17,57,5,4,0,352.3729678,352.7951653,0.5853323936,0,13394268.24,13102968.29,13100677.48,13102958.25,13347793.09,417322.2896,677675.6584,416388.9874,679006.038,306125.1407,576322.0831,TRUE,FALSE,FALSE
1497888,c100,fine/relief_q3,coastal,TRUE,1964,bc4211,87,15000,305,5182,1351.950962,dem_agl,reported,4992.80593,1,178.0158961,15154,924,837,763,60,0,189.0911008,201.3501646,0.220141679,0,14231137.57,14003678.91,13934995.59,14003634.77,13222218.15,284364.1662,363015.2122,262645.4259,400588.4464,105684.2422,273801.0756,FALSE,FALSE,TRUE
147473,c101,fine/relief_q3,coastal,TRUE,1994,bcb94048,49,15000,305,4730,1215.87162,dem_agl,reported,4519.232291,1,185.6531286,12378,3009,2761,2756,191,0,210.7677085,278.2726168,0.1142673865,0,11490580.84,11473134.99,11132940.69,11473273.58,8286858.982,456406.9025,63585.85635,292081.7686,112490.522,254695.7809,124905.3529,FALSE,FALSE,TRUE
147474,c101,fine/relief_q3,coastal,TRUE,1994,bcb94048,50,15000,305,4738,1235.803981,dem_agl,reported,4477.805731,1,198.5824945,12157,1869,1603,1598,217,0,260.1612485,307.2301176,0.1224082932,0,11509335.88,11263756.91,11028201.44,11262666.75,9308553.998,374569.0154,153348.9526,282926.1859,216319.2931,237709.9298,283038.3861,TRUE,FALSE,FALSE
147475,c101,fine/relief_q3,coastal,TRUE,1994,bcb94048,51,15000,305,4733,1163.134586,dem_agl,reported,4375.748757,1,214.4497413,11604,888,616,615,227,0,357.5576426,386.9310126,0.1546491235,0,11215070.3,10756166.83,10612244.29,10750392.5,9842661.734,372281.0841,286268.5537,321216.863,337433.7589,173969.3436,330443.5873,TRUE,FALSE,FALSE
147476,c101,fine/relief_q3,coastal,TRUE,1994,bcb94048,52,15000,305,4733,1162.711025,dem_agl,reported,4295.857099,1,206.583142,11188,316,134,133,160,0,438.9242021,451.4676649,2.248806357,0,11309527.16,10366983.94,10306531.27,10354998.88,10399143.29,144892.4321,471903.9744,128181.9559,501067.0713,78001.19374,544624.2136,TRUE,FALSE,FALSE
147477,c101,fine/relief_q3,coastal,TRUE,1994,bcb94048,53,15000,305,4734,1162.711025,dem_agl,reported,4298.061737,1,199.0811083,11198,393,234,232,136,0,437.1162749,452.8308625,0.2984096408,0,11193554.67,10377627.36,10301880.66,10370314.19,10175641.7,196900.1753,363171.2229,172084.5925,394445.4058,147035.1513,418346.8404,TRUE,FALSE,FALSE
147478,c101,fine/relief_q3,coastal,TRUE,1994,bcb94048,54,15000,305,4735,1162.711074,dem_agl,reported,4338.372169,1,202.3044787,11408,667,423,417,200,0,397.2660458,421.7467319,0.3113913238,0,11241173.53,10573198.47,10454209.66,10562548.54,10080754.54,242483.5764,366118.0517,203123.9977,414530.4984,104982.6913,421029.9913,TRUE,FALSE,FALSE
147479,c101,fine/relief_q3,coastal,TRUE,1994,bcb94048,55,15000,305,4735,1222.902743,dem_agl,reported,4397.365536,1,199.464328,11720,813,560,553,198,0,338.6250614,363.7035617,0.3139747381,0,11837351.6,10862703.12,10739154.83,10854490.68,10515840.2,102402.0671,502979.5257,83422.08028,569025.4732,44375.29019,544040.0097,TRUE,FALSE,FALSE
147480,c101,fine/relief_q3,coastal,TRUE,1994,bcb94048,56,15000,305,4746,1236.890632,dem_agl,reported,4724.680294,1,78.94071657,13536,12147,12001,12000,97,0,21.24049626,202.8317119,0.4139321744,0,12342815.23,12540002.59,11594586.85,12540419.77,1003249.814,282622.7555,734.9189994,112701.4028,41743.83361,258203.2844,2415.474112,FALSE,FALSE,TRUE
147481,c101,fine/relief_q3,coastal,TRUE,1994,bcb94048,57,15000,305,4748,1236.890632,dem_agl,reported,4651.614796,1,176.1256351,13125,8686,8340,8329,238,0,96.36928753,283.7921545,0.3889868557,0,12030274.34,12155148.25,11195370.98,12155341.71,3688616.341,439500.7226,16535.24471,167674.3366,130567.773,296437.1633,51505.68303,FALSE,FALSE,TRUE
147482,c101,fine/relief_q3,coastal,TRUE,1994,bcb94048,58,15000,305,4748,1176.577935,dem_agl,reported,4539.285648,1,231.6046693,12494,4695,4273,4249,299,0,208.7143524,333.8760211,0.3623265326,0,11553857.75,11575181.22,10945656.82,11573412.66,6780752.075,514425.6521,62433.89888,242173.6749,173608.2868,359956.7701,184627.7804,FALSE,FALSE,TRUE
270104,c102,fine/relief_q3,coastal,FALSE,1998,bcb98007,17,15000,305,4877,1411.684279,dem_agl,reported,4697.471923,1,60.92287156,13684,0,0,0,0,0,179.5248373,179.5248373,,0,12475055.01,12395988.35,12395988.35,12395742.97,12475055.01,138997.5884,218064.2438,138997.5884,218064.2438,95436.34997,174748.3839,FALSE,FALSE,TRUE
270105,c102,fine/relief_q3,coastal,TRUE,1998,bcb98007,18,15000,305,4877,1411.684279,dem_agl,reported,4723.116316,1,46.39795278,13838,0,0,0,0,0,153.8917583,153.8917583,,0,12569665.85,12531701.9,12531701.9,12531626.31,12569665.85,109786.0735,147750.0154,109786.0735,147750.0154,89486.87458,127526.4107,FALSE,FALSE,TRUE
270106,c102,fine/relief_q3,coastal,TRUE,1998,bcb98007,19,15000,305,4877,1353.949615,dem_agl,reported,4743.543337,1,56.25857261,13974,0,0,0,0,0,133.448649,133.448649,,0,12673778.09,12640333.1,12640333.1,12640586.19,12673778.09,145826.648,179271.6353,145826.648,179271.6353,55948.3373,89140.22994,FALSE,FALSE,TRUE
270107,c102,fine/relief_q3,coastal,TRUE,1998,bcb98007,20,15000,305,4877,1353.949615,dem_agl,reported,4771.837348,1,53.2290564,14127,0,0,0,0,0,105.1701277,105.1701277,,0,12800636.34,12791575.47,12791575.47,12791507.64,12800636.34,156470.1544,165531.0263,156470.1544,165531.0263,76004.83282,85133.52656,FALSE,FALSE,TRUE
270108,c102,fine/relief_q3,coastal,TRUE,1998,bcb98007,21,15000,305,4877,1462.102383,dem_agl,reported,4789.686454,1,33.42180695,14234,0,0,0,0,0,87.31012522,87.31012522,,0,12843323,12887448.47,12887448.47,12887469.05,12843323,137818.9312,93693.45764,137818.9312,93693.45764,105969.7491,61823.694,FALSE,FALSE,TRUE
270109,c102,fine/relief_q3,coastal,FALSE,1998,bcb98007,22,15000,305,4877,1462.102383,dem_agl,reported,4779.390984,1,26.43767196,14172,0,0,0,0,0,97.61488942,97.61488942,,0,12856490.78,12832104.67,12832104.67,12832056.39,12856490.78,68771.82545,93157.94148,68771.82545,93157.94148,45686.08273,70120.47054,FALSE,FALSE,TRUE
270110,c102,fine/relief_q3,coastal,FALSE,1998,bcb98007,23,15000,305,4877,1404.502444,dem_agl,reported,4771.821415,1,23.83154786,14126,0,0,0,0,0,105.1651236,105.1651236,,0,12886734.5,12791490.04,12791490.04,12791542.83,12886734.5,32061.52498,127305.9841,32061.52498,127305.9841,9917.777124,105109.4507,FALSE,FALSE,TRUE
270111,c102,fine/relief_q3,coastal,TRUE,1998,bcb98007,24,15000,305,4877,1404.502444,dem_agl,reported,4794.533276,1,45.7436818,14261,1326,637,637,36,0,82.4748854,91.01007931,-0.6015285254,0,12900750.67,12913544.03,12867607.76,12913492.88,11607021.15,150599.6606,43270.85382,125384.8898,54452.5313,82957.31666,17265.04754,FALSE,FALSE,TRUE
270112,c102,fine/relief_q3,coastal,TRUE,1998,bcb98007,25,15000,305,4877,1332.504601,dem_agl,reported,4832.572036,1,44.20575096,14487,4567,3081,3076,44,0,44.41155738,65.07008863,0.08071333915,0,13025143.27,13119263.24,13007337.16,13119360.24,8810369.612,183218.1015,8314.007329,122404.2344,22228.55359,126639.0654,10557.83893,FALSE,FALSE,TRUE
270113,c102,fine/relief_q3,coastal,TRUE,1998,bcb98007,26,15000,305,4877,1332.504601,dem_agl,reported,4847.896596,1,40.42951189,14583,7657,6172,6164,41,0,29.09901057,61.53481009,0.08700874448,0,13110504.11,13202600.11,13026521.98,13202576.85,6099328.694,169870.2245,792.8702936,97300.25032,18775.01523,122751.0577,3825.759333,FALSE,FALSE,TRUE
631171,c103,fine/relief_q3,coastal,TRUE,1991,bcb91038,29,15000,305,5491,1555.538424,dem_agl,reported,5314.311017,1,71.74647732,17442,704,523,523,141,0,176.0514117,183.3845891,0.03094901331,0,16361303.33,15865242.28,15821487.84,15869031.87,15485693.09,36579.36868,292931.5535,28081.30071,318738.5921,29373.94245,297042.8383,TRUE,FALSE,FALSE
631172,c103,fine/relief_q3,coastal,TRUE,1991,bcb91038,30,15000,305,5493,1555.54153,dem_agl,reported,5309.535596,1,52.69596859,17410,146,84,82,44,0,183.3090529,184.8417408,0.4486567825,0,16143091.16,15836742.19,15827600.42,15837659.82,15875685.67,84060.43472,259645.1377,81461.91367,265175.815,64081.42125,247077.1,TRUE,FALSE,FALSE
631173,c103,fine/relief_q3,coastal,TRUE,1991,bcb91038,31,15000,305,5494,1555.54153,dem_agl,reported,5358.690572,1,67.65662703,17740,1048,892,890,117,0,135.1969174,143.6314926,0.01983818971,0,16318907.24,16131328.44,16080587.01,16131947.45,15167329.49,161696.5834,150782.0831,144090.9984,171652.9162,92809.85565,112226.9695,TRUE,FALSE,FALSE
631174,c103,fine/relief_q3,coastal,TRUE,1991,bcb91038,32,15000,305,5494,1562.644372,dem_agl,reported,5385.77159,1,103.5178099,17912,3751,3501,3495,195,0,108.1775402,136.7137111,0.04624765739,0,16194166.1,16294785.04,16122568.71,16294223.53,12546788.42,385071.8978,46254.01167,307002.7767,78571.13992,313949.9981,52590.99783,FALSE,FALSE,TRUE
631175,c103,fine/relief_q3,coastal,TRUE,1991,bcb91038,33,15000,305,5490,1555.565346,dem_agl,reported,5380.225026,1,128.2952215,17880,5999,5490,5483,211,0,109.7800891,165.028273,0.04900149256,0,16332558.45,16261239.79,15928989.29,16260998.59,10678651.25,228301.0174,97836.4395,140746.9924,240567.2348,208030.7101,176581.2079,FALSE,FALSE,TRUE
631176,c103,fine/relief_q3,coastal,TRUE,1991,bcb91038,34,15000,305,5494,1555.565346,dem_agl,reported,5362.317835,1,145.8340975,17758,7337,6593,6591,217,0,131.6168611,224.0359146,0.05219100788,0,16011473.83,16153174.22,15601175.46,16153236.22,9116591.527,435156.1403,71035.5676,194696.2647,226588.4335,423689.4086,107281.2313,FALSE,FALSE,TRUE
631177,c103,fine/relief_q3,coastal,TRUE,1991,bcb91038,35,15000,305,5493,1555.600546,dem_agl,reported,5364.300169,1,157.7500799,17773,7590,6758,6757,218,0,127.4793762,222.2483649,0.05124737136,0,15656904.2,16165119.4,15598999.02,16170994.83,8606311.954,721959.405,62324.32021,429805.7351,224442.8078,626160.8118,24073.76311,FALSE,FALSE,TRUE
631178,c103,fine/relief_q3,coastal,TRUE,1991,bcb91038,36,15000,305,5493,1555.61488,dem_agl,reported,5376.190094,1,159.4059087,17849,7552,6703,6696,261,0,115.9227155,200.6534457,0.02721609641,0,15784418.31,16236858.51,15729093.86,16239823.55,8783957.655,658166.5098,69678.51034,432350.8705,253157.8046,537443.1411,16658.31182,FALSE,FALSE,TRUE
631179,c103,fine/relief_q3,coastal,TRUE,1991,bcb91038,37,15000,305,5492,1555.63027,dem_agl,reported,5408.148957,1,143.060325,18065,8949,7843,7824,370,0,82.97024126,164.0187878,0.001112959697,0,15973382.9,16430472.89,15941696.59,16435047.09,7698257.064,622918.1368,30885.9594,418099.2291,181925.4262,559450.2245,37599.56058,FALSE,FALSE,TRUE
631180,c103,fine/relief_q3,coastal,TRUE,1991,bcb91038,38,15000,305,5490,1683.41235,dem_agl,reported,5418.308988,1,104.8534507,18131,9010,8019,7993,455,0,71.48496889,141.691738,-0.01054841466,0,16267837.62,16492265.17,16067642.94,16493450.18,7949468.187,382740.5857,34697.81525,207666.6969,164373.3417,393326.366,27474.08662,FALSE,FALSE,TRUE
24863,c104,fine/relief_q3,coastal,TRUE,1996,bcc96169,118,15000,305,5181,1214.919279,dem_agl,reported,5020.113924,1,160.7148348,15510,3170,2682,2650,123,0,160.7922553,202.1450012,0.01245043706,0,14348357.12,14157283.18,13925005.08,14155950.2,11164772.05,291863.0728,188204.5585,216186.9027,272607.7352,153786.1281,211393.4957,FALSE,FALSE,TRUE
24864,c104,fine/relief_q3,coastal,TRUE,1996,bcc96169,119,15000,305,5181,1249.952499,dem_agl,reported,5084.738794,1,119.8257564,15910,3720,2936,2899,286,0,96.15942625,125.423331,0.01052549388,0,14349206.57,14524128.05,14357429.37,14524171.53,10761270.83,411498.7739,38936.69855,335372.112,71840.83449,353922.0298,49392.22475,FALSE,FALSE,TRUE
24865,c104,fine/relief_q3,coastal,TRUE,1996,bcc96169,120,15000,305,5181,1285.115314,dem_agl,reported,5044.687807,1,175.8009184,15661,2566,1658,1616,427,0,135.8334026,162.2264403,-0.01383258961,0,13969148.79,14296224.62,14147024.6,14298094.93,11495645.19,615817.1507,150680.6319,556593.4315,216351.2072,539859.6782,124539.7118,TRUE,FALSE,FALSE
24866,c104,fine/relief_q3,coastal,TRUE,1996,bcc96169,121,15000,305,5334,1214.004244,dem_agl,reported,5086.713319,1,138.2025588,15921,172,75,72,71,0,247.3326582,249.988974,0.7109527886,0,14576008.8,14535410.37,14520233.36,14535124.44,14331288.75,309872.8459,265279.1335,301635.9339,271333.7587,331355.7272,280898.9426,TRUE,FALSE,FALSE
24867,c104,fine/relief_q3,coastal,TRUE,1996,bcc96169,122,15000,305,5334,1214.004244,dem_agl,reported,5122.331094,1,159.4812474,16146,2863,2311,2303,387,0,211.6135296,256.8993729,-0.005154544022,0,14855053.45,14739680.4,14480209.39,14739863.34,11923462.96,330516.3273,134228.9019,208498.7111,206422.9151,332349.268,225143.3855,TRUE,FALSE,FALSE
24868,c104,fine/relief_q3,coastal,TRUE,1996,bcc96169,123,15000,305,5334,1235.129973,dem_agl,reported,5161.504471,1,151.6124018,16391,3558,2692,2673,597,0,172.3225188,219.5934466,-0.00323041121,0,14739743.15,14965987.88,14693115.28,14966760.99,11400685.67,455187.3166,141574.489,306156.5696,237388.4901,440533.825,126090.3156,TRUE,FALSE,FALSE
24869,c104,fine/relief_q3,coastal,TRUE,1996,bcc96169,124,15000,305,5334,1221.065015,dem_agl,reported,5220.560807,1,121.2474429,16768,4244,4215,3172,672,0,113.4325355,151.3177819,-0.007145426935,0,15226845.75,15310419.51,15089012.51,15310448,11216458.89,388652.7795,173628.886,306249.1276,266614.6073,374246.0379,169375.3562,TRUE,FALSE,FALSE
24870,c104,fine/relief_q3,coastal,TRUE,1996,bcc96169,125,15000,305,5334,1221.065015,dem_agl,reported,5219.952736,1,107.8435648,16771,2516,3397,1702,476,0,114.0602527,133.8565537,-0.01074053673,0,15314197.44,15306853.12,15190972.96,15306546.25,12795948.71,301760.2353,88674.90795,253124.7333,117011.0693,313207.9261,86609.01254,TRUE,FALSE,FALSE
24871,c104,fine/relief_q3,coastal,TRUE,1996,bcc96169,126,15000,305,5334,1228.021509,dem_agl,reported,5241.642697,1,94.83045249,16904,2064,3691,1425,297,0,92.27837214,104.9478537,0.02454317641,0,15298921.87,15434323.55,15359801.66,15434734.25,13304204.64,335279.0113,94426.21694,300758.8491,120102.6458,331280.7605,104436.4878,TRUE,FALSE,FALSE
24872,c104,fine/relief_q3,coastal,TRUE,1996,bcc96169,127,15000,305,5334,1228.021509,dem_agl,reported,5249.584313,1,94.6522821,16955,1825,4209,1138,329,0,84.41568707,94.41442713,0.06007886678,0,15413882.3,15481128.09,15422211.29,15481050.65,13670720.69,301785.2873,158571.7453,275296.8716,182483.8792,315197.4982,174882.9496,TRUE,FALSE,FALSE
533535,c105,fine/relief_q3,coastal,TRUE,1992,bcb92132,75,10000,153,1811,455.9265742,dem_agl,reported,1796.643426,1,27.96382778,8024,6037,6015,6009,10,0,14.30874127,57.23931116,0.2345437706,0,7119294.052,7205985.362,6865727.49,7206226.198,1629374.153,157249.7998,1379.94706,46447.31649,22756.38356,105417.1143,807.042788,FALSE,FALSE,TRUE
533536,c105,fine/relief_q3,coastal,TRUE,1992,bcb92132,76,10000,153,1812,455.9265742,dem_agl,reported,1795.394688,1,28.86815263,8012,5726,5709,5707,5,0,16.56623874,57.58512744,0.2533027679,0,7131600.628,7195971.96,6870919.277,7196039.125,1907698.317,145393.1893,794.8567344,42398.75231,24269.68122,85196.9724,2078.936928,FALSE,FALSE,TRUE
533537,c105,fine/relief_q3,coastal,TRUE,1992,bcb92132,77,10000,153,1811,431.0453052,dem_agl,reported,1794.066854,1,28.47353382,8001,5406,5403,5391,4,0,16.92029443,51.73957582,0.2717331946,0,7144078.707,7185331.93,6909132.338,7185216.337,2205688.005,125618.9668,1600.831703,52676.45326,34341.71825,72314.23011,13220.61389,FALSE,FALSE,TRUE
533538,c105,fine/relief_q3,coastal,TRUE,1992,bcb92132,78,10000,153,1811,431.0453052,dem_agl,reported,1796.093211,1,26.21207408,8020,5443,5439,5428,4,0,14.90356237,45.90340797,0.282833755,0,7170239.002,7201572.435,6955125.257,7201404.917,2206040.059,108703.7798,803.0442227,44750.82767,22991.89648,59165.5159,14531.4298,FALSE,FALSE,TRUE
533539,c105,fine/relief_q3,coastal,TRUE,1992,bcb92132,79,10000,153,1811,455.0521366,dem_agl,reported,1797.592175,1,24.82453881,8031,5573,5568,5553,4,0,13.39727858,43.20130804,0.2901554704,0,7175967.784,7213597.865,6976378.337,7213565.35,2104333.454,105801.9188,677.2582148,39779.83316,20135.82073,64393.15718,7580.733905,FALSE,FALSE,TRUE
533540,c105,fine/relief_q3,coastal,TRUE,1992,bcb92132,80,10000,153,1811,455.0615143,dem_agl,reported,1800.303315,1,20.51151384,8058,5781,5742,5727,10,0,10.67768343,37.08996237,0.2928930223,0,7164361.468,7235373.461,7024630.233,7235536.789,1923112.958,122508.9792,181.9456033,49495.5054,8447.088478,94508.95687,257.5713848,FALSE,FALSE,TRUE
533541,c105,fine/relief_q3,coastal,TRUE,1992,bcb92132,81,10000,153,1810,455.0802329,dem_agl,reported,1801.19473,1,17.39844489,8067,5967,5918,5902,12,0,8.769391049,32.89059033,0.2876702547,0,7161400.187,7242540.388,7049858.283,7242844.059,1762768.636,122262.7742,61.34328453,48808.4453,4133.938772,100844.6121,14.91628657,FALSE,FALSE,TRUE
533542,c105,fine/relief_q3,coastal,TRUE,1992,bcb92132,82,10000,153,1810,455.0802329,dem_agl,reported,1801.244429,1,18.65944302,8065,6097,6051,6033,12,0,8.714969707,34.84760582,0.2782421708,0,7153312.668,7242940.068,7034301.986,7243285.841,1637399.335,129231.316,125.3099738,49651.59953,9038.390044,105928.7106,24.15950352,FALSE,FALSE,TRUE
533543,c105,fine/relief_q3,coastal,TRUE,1992,bcb92132,83,10000,153,1810,455.0895418,dem_agl,reported,1799.943409,1,22.3770547,8054,6351,6304,6286,13,0,10.02601887,46.42269445,0.2628583014,0,7158661.135,7232480.847,6942941.981,7232723.156,1409241.922,120658.3579,731.0204074,42596.56307,43639.88936,95731.11565,4260.079483,FALSE,FALSE,TRUE
533544,c105,fine/relief_q3,coastal,FALSE,1992,bcb92132,84,10000,153,1780,455.0941912,dem_agl,reported,1701.852454,1,24.53874301,7200,0,0,0,0,0,78.13399116,78.13399116,,0,6424701.973,6465668.003,6465668.003,6465745.962,6424701.973,113390.5538,72424.5233,113390.5538,72424.5233,73875.39968,32831.41103,FALSE,FALSE,TRUE
479636,c106,fine/relief_q4,coastal,TRUE,1992,bcc92027,195,10000,305,3811,1070.519438,dem_agl,reported,3794.925191,1,45.41662329,8908,7511,7253,7253,215,0,16.05435988,101.2758556,-0.05178815126,0,8059115.62,8090199.137,7730920.705,8090292.713,1187672.599,82810.36093,198.3957564,31124.39596,33597.80783,65465.2197,6296.308676,FALSE,FALSE,TRUE
479637,c106,fine/relief_q4,coastal,TRUE,1992,bcc92027,196,10000,305,3811,1393.624278,dem_agl,reported,3809.991976,1,7.594878666,8985,8735,8648,8639,66,0,1.006591185,35.81985143,-0.05089170486,0,8141753.445,8154566.814,8006225.259,8154573.699,210726.0676,15482.83465,5.86122058,6384.45722,1046.469183,14621.17903,37.14553996,FALSE,FALSE,TRUE
479592,c106,fine/relief_q4,coastal,TRUE,1992,bcc92027,197,10000,305,3659,995.1646632,dem_agl,reported,3655.106925,1,13.15740245,8270,7377,7000,6981,301,0,3.891765387,33.55834581,-0.04884813726,0,7512125.966,7505038.866,7383704.371,7505050.097,808111.4888,6326.998405,0,599.3281907,3162.494194,6838.644989,0.4062837521,FALSE,FALSE,TRUE
479593,c106,fine/relief_q4,coastal,TRUE,1992,bcc92027,198,10000,305,3659,995.1646632,dem_agl,reported,3648.648662,1,39.09132768,8232,7329,7192,7180,103,0,10.27424584,93.29447656,-0.05456473306,0,7424248.076,7478540.767,7142083.798,7478883.81,736995.009,85857.55661,1024.048779,38551.1467,39333.07252,80959.05007,760.4790347,FALSE,FALSE,TRUE
479594,c106,fine/relief_q4,coastal,TRUE,1992,bcc92027,199,10000,305,3659,996.0618053,dem_agl,reported,3646.073011,1,40.76536374,8226,6983,6796,6782,138,0,12.85789461,84.63060991,-0.07424795628,0,7393861.713,7467986.005,7176866.167,7468192.229,1014660.194,111020.8173,238.0319961,45842.44755,18312.01848,102041.6739,1388.038192,FALSE,FALSE,TRUE
479595,c106,fine/relief_q4,coastal,TRUE,1992,bcc92027,200,10000,305,3659,996.0618053,dem_agl,reported,3634.136858,1,53.31079883,8170,6123,5859,5848,204,0,24.61858027,97.74019197,-0.1051313654,0,7299243.572,7419170.133,7123614.999,7420136.445,1687370.094,178195.5161,1187.160793,78100.84246,28047.54598,170926.4961,1611.385494,FALSE,FALSE,TRUE
479596,c106,fine/relief_q4,coastal,TRUE,1992,bcc92027,201,10000,305,3659,1005.84558,dem_agl,reported,3609.752157,1,86.46114355,8062,5306,5028,5028,224,0,49.10445352,143.187842,-0.1262378171,0,7233560.326,7319940.358,6943343.885,7320353.342,2294991.594,211263.483,6332.481789,100554.5736,42910.09051,142557.3414,15804.72817,FALSE,FALSE,TRUE
479597,c106,fine/relief_q4,coastal,TRUE,1992,bcc92027,202,10000,305,3659,1082.222381,dem_agl,reported,3585.253758,1,106.8083328,7952,4599,4342,4342,203,0,73.71202876,174.4216343,-0.1395393014,0,7186221.182,7220920.652,6820947.659,7220260.397,2821759.446,225456.4385,4247.668461,110196.4771,39517.20398,96053.63261,14112.49991,FALSE,FALSE,TRUE
479598,c106,fine/relief_q4,coastal,TRUE,1992,bcc92027,203,10000,305,3659,1033.590757,dem_agl,reported,3605.052378,1,101.4129584,8044,5565,5269,5259,234,0,53.75692386,173.7459799,-0.1244010851,0,7198261.837,7300892.123,6822980.347,7301493.595,2011267.688,243807.8565,5745.11989,110848.7039,48712.17196,170498.3738,15625.87542,FALSE,FALSE,TRUE
479599,c106,fine/relief_q4,coastal,TRUE,1992,bcc92027,204,10000,305,3659,1033.590757,dem_agl,reported,3641.181641,1,55.18250366,8195,6887,6564,6549,259,0,17.47547073,107.9682939,-0.08863977343,0,7297690.809,7447962.171,7082359.999,7449317.808,1000817.363,189323.363,806.9829789,80056.86727,48111.91231,182298.1589,1689.443395,FALSE,FALSE,TRUE
840071,c107,fine/relief_q4,coastal,FALSE,1983,bc83044,112,16000,153,3200,1122.216794,dem_agl,reported,2421.479614,1,169.2554909,14413,0,0,0,0,0,778.761125,778.761125,,0,12156974.28,13089746.17,13089746.17,13079032,12156974.28,1344191.978,411420.087,1344191.978,411420.087,1171491.605,249433.878,FALSE,FALSE,TRUE
1299544,c107,fine/relief_q4,coastal,TRUE,1983,bc83044,113,10000,153,1676,794.6261638,dem_agl,reported,1432.869655,1,221.0509283,5038,1260,1267,1256,0,0,243.9103861,325.3670468,-0.1499546841,0,4579932.877,4583349.35,4077047.501,4578357.551,2773143.976,746007.5824,79837.61192,486821.4815,137508.406,376002.8437,90967.55182,FALSE,FALSE,TRUE
1299545,c107,fine/relief_q4,coastal,TRUE,1983,bc83044,114,10000,153,1676,787.5252696,dem_agl,reported,1452.813293,1,212.8924974,5179,1476,1479,1471,0,0,223.263873,312.3623265,0.03042583354,0,4706515.413,4711825.52,4151611.659,4710469.32,2708234.156,736129.1852,74576.47971,474563.3568,144477.1434,372175.9261,72619.09026,FALSE,FALSE,TRUE
1299546,c107,fine/relief_q4,coastal,TRUE,1983,bc83044,115,10000,153,1676,787.5252696,dem_agl,reported,1478.238708,1,204.0312755,5362,1760,1767,1753,0,0,197.7869658,294.5271315,0.0809687078,0,4926201.672,4878190.215,4260596.952,4874120.049,2741428.856,641937.6566,103294.4612,382693.9441,208942.8178,237414.0661,90413.07213,FALSE,FALSE,TRUE
1299547,c107,fine/relief_q4,coastal,TRUE,1983,bc83044,116,10000,153,1676,794.6276016,dem_agl,reported,1529.38184,1,180.5293047,5740,2264,2300,2257,0,0,146.6181597,242.2446377,0.09096635133,0,5245718.209,5221574.139,4589017.363,5219445.887,2738170.133,542657.093,116510.6213,341792.1254,275372.0789,250909.1525,123741.0831,FALSE,FALSE,TRUE
1299548,c107,fine/relief_q4,coastal,TRUE,1983,bc83044,117,10000,153,1676,794.6285429,dem_agl,reported,1577.090255,1,128.4698139,6103,2406,2452,2392,2,0,98.64271386,162.9793636,0.09272043407,0,5362693.053,5552424.817,5108648.045,5554487.966,2874399.978,514472.0109,21064.9801,312331.5201,75982.68087,386922.9747,66862.10757,FALSE,FALSE,TRUE
1299549,c107,fine/relief_q4,coastal,TRUE,1983,bc83044,118,10000,153,1676,787.5357495,dem_agl,reported,1560.655559,1,140.4617831,5976,1952,1981,1930,7,0,115.3733112,171.4333185,0.08600764722,0,5324922.224,5437305.282,5053696.272,5437302.438,3212667.306,492291.7759,42834.70664,335185.996,115544.7989,357162.4915,127505.9588,FALSE,FALSE,TRUE
1299550,c107,fine/relief_q4,coastal,TRUE,1983,bc83044,119,10000,153,1676,787.5357495,dem_agl,reported,1521.59162,1,145.7801059,5681,1322,1331,1303,10,0,154.4083804,201.2890085,0.06377926469,0,5299200.344,5168515.295,4854935.057,5167078.899,3664949.579,440072.7294,139290.5776,327378.515,220413.1322,208278.8899,175382.1764,FALSE,FALSE,TRUE
1299551,c107,fine/relief_q4,coastal,TRUE,1983,bc83044,120,10000,153,1676,794.6312,dem_agl,reported,1454.516323,1,176.5094805,5191,799,786,779,15,0,221.5130239,261.8339405,2.995483192e-05,0,4801413.766,4722878.676,4464660.448,4722123.402,3497211.222,618329.7996,118271.7029,493475.8564,161280.3088,372201.9757,157074.3284,FALSE,FALSE,TRUE
1299552,c107,fine/relief_q4,coastal,TRUE,1983,bc83044,121,10000,153,1676,794.6131558,dem_agl,reported,1428.036406,1,196.0515461,5003,783,765,762,14,0,247.9825166,294.036119,-0.1807106882,0,4836207.996,4552481.078,4263584.441,4551882.668,3555450.15,486763.215,201454.6865,363074.2532,275804.3533,190408.4166,242480.2464,FALSE,FALSE,TRUE
395606,c108,fine/relief_q4,coastal,TRUE,1999,bcb99036,51,15000,305,5029,1246.130098,dem_agl,reported,4845.429494,1,189.1875617,14570,5057,3728,3721,15,0,183.5595213,281.1674982,0.06394222379,0,13301825.86,13189165.88,12663143.9,13188653.1,8237754.442,450819.9961,73355.55127,284131.0267,178294.7782,188922.6047,118355.8531,FALSE,FALSE,TRUE
395607,c108,fine/relief_q4,coastal,TRUE,1999,bcb99036,52,15000,305,5029,1246.130098,dem_agl,reported,4820.007917,1,205.5929367,14421,4343,2827,2823,34,0,208.9234672,299.0519438,0.04432894662,0,13020152.57,13051134.84,12567616.39,13050994.41,8633930.139,607692.6066,115337.6367,402938.6423,203334.7301,316314.1028,99290.78985,FALSE,FALSE,TRUE
395608,c108,fine/relief_q4,coastal,TRUE,1999,bcb99036,53,15000,305,5029,1066.215154,dem_agl,reported,4846.904402,1,208.7966033,14575,3903,2316,2308,31,0,181.6364329,248.2288141,-0.03889463469,0,12861785.6,13197196.45,12837050.9,13198781.03,8952076.769,799122.9856,88468.98074,633497.1238,152418.2206,504575.1583,56618.59861,FALSE,FALSE,TRUE
395609,c108,fine/relief_q4,coastal,TRUE,1999,bcb99036,54,15000,305,5029,1066.215154,dem_agl,reported,4844.20356,1,216.3312639,14564,3979,2008,2002,29,0,184.5073417,254.0785141,-0.8930353522,0,12823576.1,13182492.79,12806564.84,13183618.47,8796395.632,854860.9236,71572.67103,685539.031,119714.859,557506.1214,50668.60976,FALSE,FALSE,TRUE
395610,c108,fine/relief_q4,coastal,TRUE,1999,bcb99036,55,15000,305,5029,1318.268662,dem_agl,reported,4793.361278,1,242.7725993,14256,3575,1705,1701,21,0,235.5583069,314.6050894,-1.026306152,0,12716803.77,12907231.51,12485038.21,12907901.98,8987883.662,808309.4344,124269.1478,613591.8856,192444.512,429805.1965,79054.23248,FALSE,FALSE,TRUE
395611,c108,fine/relief_q4,coastal,TRUE,1999,bcb99036,56,15000,305,5029,1231.85325,dem_agl,reported,4728.917577,1,248.7651666,13876,3345,1467,1467,23,0,300.0530856,395.5715339,-1.123939157,0,12740211.93,12562505.43,12060135.82,12562399.29,9158134.6,548964.9747,171998.4683,313232.721,265858.4911,198070.7714,197126.1611,FALSE,FALSE,TRUE
395612,c108,fine/relief_q4,coastal,TRUE,1999,bcb99036,57,15000,305,5029,1231.85325,dem_agl,reported,4725.212658,1,214.4298773,13855,2353,1069,1069,24,0,303.8103835,366.1055458,-1.105734944,0,12926749.79,12542828.69,12214290.25,12542702.02,10210104.41,360045.6922,158360.3301,248226.7911,261783.7516,167657.8176,262420.0915,FALSE,FALSE,TRUE
395613,c108,fine/relief_q4,coastal,TRUE,1999,bcb99036,58,15000,305,5029,1274.923783,dem_agl,reported,4780.865717,1,168.8802845,14179,1381,563,563,16,0,248.09197,274.9513147,-1.159265518,0,13044894.76,12840024.86,12696157.24,12839518.61,11491647.59,364838.0939,266596.5765,311124.6809,324895.0219,192896.9024,219793.1016,FALSE,FALSE,TRUE
395614,c108,fine/relief_q4,coastal,TRUE,1999,bcb99036,59,15000,305,5029,1368.685236,dem_agl,reported,4850.944095,1,100.5792473,14601,501,175,175,7,0,178.0439799,184.4050717,-1.556624293,0,13320737.11,13219204.24,13184558.02,13219084.09,12770188.67,241605.1383,243508.068,229662.2309,262803.5992,137945.7512,171989.3901,FALSE,FALSE,TRUE
395615,c108,fine/relief_q4,coastal,TRUE,1999,bcb99036,60,15000,305,5029,1368.685236,dem_agl,reported,4886.310245,1,70.2039127,14814,114,63,63,23,0,142.6889506,143.7898742,0.442237094,0,13524697.93,13412657.96,13406614.68,13412677.28,13377165.05,176057.5567,243635.2247,173367.2258,246678.1052,117681.3371,197841.5043,TRUE,FALSE,FALSE
476513,c109,fine/relief_q4,coastal,TRUE,1992,bcc92026,178,10000,305,3506,893.9094234,dem_agl,reported,3098.613909,1,132.3310776,5966,0,0,0,0,0,407.3787525,407.3787525,,0,5493397.034,5393711.405,5393711.405,5393694.705,5491717.925,278502.4489,376508.9688,278502.4489,376508.9688,137181.4374,235204.6568,FALSE,FALSE,TRUE
476514,c109,fine/relief_q4,coastal,TRUE,1992,bcc92026,179,10000,305,3506,893.9094234,dem_agl,reported,3169.967176,1,159.4708631,6246,1,0,0,1,0,336.0430608,336.0960596,5.0658288,0,5715127.319,5644978.654,5644789.899,5644886.715,5628619.898,319916.6023,303810.4917,319817.2001,303898.0389,149323.8969,160224.0593,TRUE,FALSE,FALSE
476515,c109,fine/relief_q4,coastal,TRUE,1992,bcc92026,180,10000,305,3506,869.4659761,dem_agl,reported,3230.668254,1,164.0066723,6486,5,0,0,4,0,275.322672,275.5321564,4.026248932,0,5891079.456,5863237.708,5862477.359,5863296.995,5773256.7,331354.5532,246134.0384,330972.4562,246474.1092,147573.249,121096.6149,TRUE,FALSE,FALSE
476516,c109,fine/relief_q4,coastal,TRUE,1992,bcc92026,181,10000,305,3506,818.2035032,dem_agl,reported,3278.137671,1,143.3835314,6680,31,21,21,8,0,227.8296365,228.8877756,-0.1878206432,0,6092071.05,6036805.04,6032908.468,6037911.367,5936275.355,297068.8955,223894.8823,295442.613,225836.9197,156473.0636,135517.0181,TRUE,FALSE,FALSE
476517,c109,fine/relief_q4,coastal,TRUE,1992,bcc92026,182,10000,305,3506,818.2035032,dem_agl,reported,3337.122969,1,120.2996162,6922,609,505,500,12,0,168.8585778,185.2085076,-0.7920624018,0,6265884.584,6256006.536,6194855.239,6255929.752,5568238.971,263116.952,124482.0561,236544.7961,146232.2704,161491.643,94538.40095,FALSE,FALSE,TRUE
476518,c109,fine/relief_q4,coastal,TRUE,1992,bcc92026,183,10000,305,3506,993.9833234,dem_agl,reported,3394.371251,1,96.82884155,7161,1925,1629,1623,19,0,111.5289695,152.6923172,-0.671716094,0,6385587.75,6472490.986,6316459.786,6472663.756,4510477.733,262170.9726,39020.63668,180866.1485,63696.1201,161434.8613,31676.31075,FALSE,FALSE,TRUE
476519,c109,fine/relief_q4,coastal,TRUE,1992,bcc92026,184,10000,305,3506,1020.094655,dem_agl,reported,3426.877514,1,89.32666771,7299,3240,2706,2700,18,0,79.10138943,142.5116009,0.02199437283,0,6548584.594,6597052.451,6355170.31,6596954.167,3478150.448,198684.7726,11947.3889,100206.0595,46157.22905,98826.55258,10620.21314,FALSE,FALSE,TRUE
476520,c109,fine/relief_q4,coastal,TRUE,1992,bcc92026,185,10000,305,3506,1067.262002,dem_agl,reported,3443.847109,1,80.60696977,7371,3916,3257,3256,18,0,62.11372479,132.774939,0.1551348493,0,6610214.194,6662550.262,6391949.344,6662602.798,2945527.498,179397.7985,5494.121997,74450.35446,38078.94778,109016.7437,10560.36265,FALSE,FALSE,TRUE
476521,c109,fine/relief_q4,coastal,TRUE,1992,bcc92026,186,10000,305,3506,940.1565305,dem_agl,reported,3475.82869,1,54.48567446,7511,5205,3831,3829,24,0,30.12349862,98.93617051,0.1677954793,0,6747735.835,6786869.533,6520803.665,6786947.911,1970780.81,114103.1459,2190.599036,40855.7664,30743.88463,71896.31071,17712.85025,FALSE,FALSE,TRUE
476522,c109,fine/relief_q4,coastal,TRUE,1992,bcc92026,187,10000,305,3506,940.1565305,dem_agl,reported,3493.189886,1,34.62783622,7586,6282,4534,4530,46,0,12.79091575,75.97760391,0.1695195064,0,6809793.343,6854837.463,6609092.395,6854916.949,1102740.714,80121.2988,934.8096512,28754.27932,29338.35726,70571.83202,1850.755443,FALSE,FALSE,TRUE
475718,c110,fine/relief_q4,coastal,FALSE,1992,bcb92019,52,15000,305,5791,1298.954988,dem_agl,reported,5092.224712,1,360.621723,16130,0,0,0,0,0,698.6422447,698.6422447,,0,14437701.12,14566925.32,14566925.32,14567520.25,14437701.12,1013708.937,884484.733,1013708.937,884484.733,645098.6117,515279.4833,FALSE,FALSE,TRUE
475719,c110,fine/relief_q4,coastal,FALSE,1992,bcb92019,53,15000,305,5791,1298.951844,dem_agl,reported,5246.298183,1,282.4578221,17120,0,0,0,0,0,541.9506194,541.9506194,,0,14663263.54,15461752.43,15461752.43,15469335.81,14663263.54,1154766.109,356277.2168,1154766.109,356277.2168,1016668.845,210596.5703,FALSE,FALSE,TRUE
475720,c110,fine/relief_q4,coastal,FALSE,1992,bcb92019,54,15000,305,5791,1291.695174,dem_agl,reported,5149.693706,1,375.8893811,16498,0,0,0,0,0,641.098593,641.098593,,0,14557077.55,14897574.68,14897574.68,14898066.83,14557077.55,1085218.682,744721.5547,1085218.682,744721.5547,844516.5333,503527.2522,FALSE,FALSE,TRUE
475721,c110,fine/relief_q4,coastal,FALSE,1992,bcb92019,55,15000,305,5791,1291.695174,dem_agl,reported,4916.11465,1,294.0726807,15031,0,0,0,0,0,873.638189,873.638189,,0,14598749.07,13576779.94,13576779.94,13580041.4,14598749.07,393409.4735,1415378.606,393409.4735,1415378.606,205266.9197,1223974.587,FALSE,FALSE,TRUE
475722,c110,fine/relief_q4,coastal,TRUE,1992,bcb92019,56,15000,305,5791,1204.685927,dem_agl,reported,4917.858419,1,278.8285689,15045,0,2,0,0,0,871.3700372,871.3700372,,0,15014981.71,13586413.14,13586413.14,13596042.94,14796024.57,383662.634,1593274.058,383662.634,1593274.058,265103.7686,1483238.663,FALSE,FALSE,TRUE
475723,c110,fine/relief_q4,coastal,TRUE,1992,bcb92019,57,15000,305,5791,1204.685927,dem_agl,reported,5244.875987,1,402.2963232,17112,2616,2264,2204,173,0,546.1335606,644.63901,-0.1488732174,0,15710258.69,15453370.65,14878353.66,15452965.3,12657430.55,1105459.877,667430.8363,828132.9892,853298.4145,568752.6854,476121.2385,FALSE,FALSE,TRUE
475724,c110,fine/relief_q4,coastal,TRUE,1992,bcb92019,58,15000,305,5791,1291.757573,dem_agl,reported,5511.099161,1,297.7518687,18893,5334,4563,4489,468,0,276.4166415,384.9009519,-0.1477828622,0,16223012.37,17061971.97,16396863.81,17077303.49,11191863.03,1206003.809,149014.8268,839321.5158,360342.7751,1039127.467,52326.91193,FALSE,FALSE,TRUE
475725,c110,fine/relief_q4,coastal,TRUE,1992,bcb92019,59,15000,305,5791,1233.703494,dem_agl,reported,5517.381086,1,290.9866071,18937,5337,4566,4492,468,0,268.3300194,373.3748822,-0.147777468,0,16147992.28,17100890.93,16455925.37,17128526.39,11117367.65,1304662.03,138900.3923,901361.6667,296225.5779,1156775.352,54586.86015,FALSE,FALSE,TRUE
475726,c110,fine/relief_q4,coastal,TRUE,1992,bcb92019,60,15000,305,5791,1233.703494,dem_agl,reported,5264.676223,1,393.2328549,17240,2734,2285,2270,301,0,526.2585775,625.2544452,-0.1476284787,0,15604748.17,15570268.72,14990213.96,15571089.14,12326818.18,1160358.874,387290.7367,869112.8588,543869.8805,560020.8076,227607.4298,TRUE,FALSE,FALSE
475727,c110,fine/relief_q4,coastal,TRUE,1992,bcb92019,61,15000,305,5791,1291.754469,dem_agl,reported,4917.708733,1,277.3286185,15044,0,0,0,0,0,872.0299363,872.0299363,,0,14701161.86,13585586.09,13585586.09,13591892.88,14580659.99,386535.6337,1381609.531,386535.6337,1381609.531,216433.6506,1205200.758,FALSE,FALSE,TRUE
850607,c111,fine/relief_q4,coastal,TRUE,1985,bc85010,42,10000,153,1615,865.0696955,dem_agl,reported,1562.463378,1,60.0043785,6011,2368,2236,2205,79,0,52.42549451,86.38613226,-0.0939435102,0,5199257.784,5449909.423,5215573.067,5449612.207,2976902.038,350843.2311,19988.68968,212125.421,64306.32972,301799.8967,5977.444758,FALSE,FALSE,TRUE
850608,c111,fine/relief_q4,coastal,TRUE,1985,bc85010,43,10000,153,1615,860.6505509,dem_agl,reported,1559.862724,1,56.178161,5991,2117,1959,1941,66,0,55.05880874,85.04725478,-0.1043785885,0,5178929.35,5431782.232,5224937.214,5431193.902,3193250.905,334870.5195,18887.93419,202701.5327,59540.32659,294434.6953,5244.638463,FALSE,FALSE,TRUE
850609,c111,fine/relief_q4,coastal,TRUE,1985,bc85010,44,10000,153,1615,860.6505509,dem_agl,reported,1551.409692,1,65.27143967,5927,1960,1851,1813,72,0,63.47794937,94.74153573,-0.05224595778,0,5070544.484,5373071.147,5158699.771,5371987.264,3224055.142,396494.8432,27167.69948,253582.5044,66561.04803,345885.7772,9575.870057,FALSE,FALSE,TRUE
850610,c111,fine/relief_q4,coastal,TRUE,1985,bc85010,45,10000,153,1615,865.2345156,dem_agl,reported,1534.646438,1,74.96456085,5799,1341,1307,1261,42,0,80.29291592,104.4045736,-0.008734042756,0,4914158.913,5257584.509,5093672.866,5255340.299,3650317.957,444085.8055,54459.87359,325935.6731,87454.86281,384410.012,25843.17257,FALSE,FALSE,TRUE
850611,c111,fine/relief_q4,coastal,TRUE,1985,bc85010,46,10000,153,1615,860.7712485,dem_agl,reported,1514.718285,1,81.33848073,5648,634,617,589,33,0,100.3754832,113.0411923,3.90233854e-05,0,4796887.159,5121926.316,5036627.81,5116582.962,4160832.445,451973.7055,66131.24259,393236.8567,85097.94473,362782.5119,19721.65057,FALSE,FALSE,TRUE
850612,c111,fine/relief_q4,coastal,TRUE,1985,bc85010,47,10000,153,1615,860.7712485,dem_agl,reported,1497.509755,1,78.99559238,5522,74,74,69,2,0,117.72158,119.3212625,-0.221451737,0,4668610.147,5006208.237,4995518.402,5001406.984,4569718.979,432659.9164,63767.85408,424583.103,65948.55351,370782.0851,22138.955,FALSE,FALSE,TRUE
850613,c111,fine/relief_q4,coastal,FALSE,1985,bc85010,48,10000,153,1615,860.8516924,dem_agl,reported,1471.923428,1,81.64578963,5335,0,0,0,0,0,143.4162354,143.4162354,,0,4541420.491,4836598.383,4836598.383,4831262.376,4541420.491,407735.4446,112557.5523,407735.4446,112557.5523,340821.7037,50979.81917,FALSE,FALSE,TRUE
850614,c111,fine/relief_q4,coastal,FALSE,1985,bc85010,49,10000,153,1615,860.8516924,dem_agl,reported,1451.744382,1,70.3090846,5190,0,0,0,0,0,163.5003211,163.5003211,,0,4495036.393,4704894.598,4704894.598,4699973.821,4495036.393,331127.0586,121268.8534,331127.0586,121268.8534,258789.3633,53851.93503,FALSE,FALSE,TRUE
850615,c111,fine/relief_q4,coastal,FALSE,1985,bc85010,50,10000,153,1615,866.2630347,dem_agl,reported,1442.675839,1,66.84157492,5144,0,0,0,0,0,172.7623047,172.7623047,,0,4479021.94,4646298.499,4646298.499,4646333.469,4479021.94,278531.4031,111254.8433,278531.4031,111254.8433,261181.8535,93870.32425,FALSE,FALSE,TRUE
850333,c111,fine/relief_q4,coastal,TRUE,1985,bc85010,51,10000,153,1676,831.3527192,dem_agl,reported,1668.146152,1,24.97488547,6849,6118,5669,5667,126,0,7.730374221,71.5288598,0.01592154615,0,6165343.282,6212090.677,5746012.471,6211413.75,580310.8789,91193.71088,0,24027.87738,13667.61229,76662.63289,254.2829228,FALSE,FALSE,TRUE
271149,c112,fine/relief_q4,coastal,TRUE,1998,bcc98010,36,15000,305,5334,1459.923744,dem_agl,reported,5204.781321,1,147.8425338,16830,5001,4615,4565,194,0,128.2089759,182.3031788,0.03714505583,0,14706668.28,15218005.9,14903322.92,15223857.91,10079502.08,673697.5227,60233.18115,504249.615,162396.8687,687922.9697,74772.79468,FALSE,FALSE,TRUE
271150,c112,fine/relief_q4,coastal,FALSE,1998,bcc98010,37,15000,305,5486,1627.235948,dem_agl,reported,5110.464909,1,235.3030324,16223,0,0,0,0,0,375.5229193,375.5229193,,0,14829628.64,14671468.8,14671468.8,14671490.19,14829628.64,465544.5641,623704.3996,465544.5641,623704.3996,388088.6583,546227.1119,FALSE,FALSE,TRUE
271151,c112,fine/relief_q4,coastal,TRUE,1998,bcc98010,38,15000,305,5486,1503.98025,dem_agl,reported,5109.85851,1,236.2844907,16220,0,0,0,0,0,376.1990849,376.1990849,,0,14588343.23,14667987.23,14667987.23,14666530.82,14588343.23,711576.1646,631932.1658,711576.1646,631932.1658,594432.4095,516244.8172,FALSE,FALSE,TRUE
271152,c112,fine/relief_q4,coastal,TRUE,1998,bcc98010,39,15000,305,5486,1503.98025,dem_agl,reported,5104.669357,1,256.101608,16189,50,11,9,25,0,381.3797456,382.5523214,1.824529827,0,14644722.8,14638211.15,14631486.93,14636945.64,14517442.82,747431.8179,672398.0629,744515.5002,675998.8297,435208.3442,393710.3969,TRUE,FALSE,FALSE
271153,c112,fine/relief_q4,coastal,TRUE,1998,bcc98010,40,15000,305,5486,1301.423262,dem_agl,reported,5063.753806,1,295.5908581,15933,206,152,134,48,0,422.1340088,427.6438597,-0.06547466293,0,14265281.22,14404491.73,14373161.84,14404948.45,13732157.46,932257.9097,447138.8162,916096.0904,458974.8768,616498.0624,316802.153,TRUE,FALSE,FALSE
271154,c112,fine/relief_q4,coastal,TRUE,1998,bcc98010,41,15000,305,5486,1301.423262,dem_agl,reported,5013.179908,1,284.1272882,15613,215,150,132,59,0,472.5645943,479.1353321,-0.02032342553,0,14570754.61,14118200.79,14081215.81,14119501.5,13997921.72,554695.2521,632005.2429,538520.7343,649002.2348,376826.7344,648164.898,TRUE,FALSE,FALSE
271155,c112,fine/relief_q4,coastal,TRUE,1998,bcc98010,42,15000,305,5486,1503.872496,dem_agl,reported,5010.582798,1,248.7590333,15596,159,130,115,35,0,474.3177429,479.1862897,-0.02465937473,0,14888157.11,14103576.53,14076182.29,14109085.87,14546388.53,218620.1459,805515.498,210806.7738,823487.8745,199035.3453,777127.516,TRUE,FALSE,FALSE
271156,c112,fine/relief_q4,coastal,FALSE,1998,bcc98010,43,15000,305,5486,1503.872496,dem_agl,reported,5149.463209,1,221.6322,16474,0,0,0,0,0,336.5436956,336.5436956,,0,14975712.15,14896241.09,14896241.09,14895812.57,14975712.15,465728.2082,545199.2646,465728.2082,545199.2646,403194.5996,483094.1804,FALSE,FALSE,TRUE
271157,c112,fine/relief_q4,coastal,TRUE,1998,bcc98010,44,15000,305,5486,1663.058227,dem_agl,reported,5198.191132,1,210.0834841,16788,119,211,105,2,0,286.8597547,288.9076684,-0.008538966067,0,14717220.52,15179492.83,15167534.76,15184199.66,14506539.7,860467.139,295802.798,853400.4733,300016.9666,683139.3578,174077.588,FALSE,FALSE,TRUE
271158,c112,fine/relief_q4,coastal,TRUE,1998,bcc98010,45,15000,305,5486,1424.356272,dem_agl,reported,5139.365435,1,232.6443148,16410,365,427,299,10,0,345.4059702,353.2697023,0.01838402636,0,15587959.76,14837877.19,14792505.12,14842813.89,14928786.9,325475.1766,748936.6465,313599.3378,775972.2534,95849.85164,575127.1916,FALSE,FALSE,TRUE
12933,c113,fine/relief_q4,coastal,FALSE,1996,bcc96079,136,15000,305,6096,1394.816719,dem_agl,reported,5570.740947,1,342.5141756,19313,0,0,0,0,0,520.108546,520.108546,,0,16444153.67,17433263.71,17433263.71,17459595.87,16444153.67,1517121.55,528011.5075,1517121.55,528011.5075,1300810.648,285368.4478,FALSE,FALSE,TRUE
12934,c113,fine/relief_q4,coastal,FALSE,1996,bcc96079,137,15000,305,6096,1554.613222,dem_agl,reported,5322.642179,1,343.7509498,17631,0,0,0,0,0,772.1661234,772.1661234,,0,16643206.87,15915024.66,15915024.66,15916665.18,16643206.87,706454.3204,1434636.534,706454.3204,1434636.534,355729.0851,1082270.773,FALSE,FALSE,TRUE
12935,c113,fine/relief_q4,coastal,FALSE,1996,bcc96079,138,15000,305,6096,1525.276437,dem_agl,reported,5145.600783,1,187.4458825,16475,0,0,0,0,0,950.4032552,950.4032552,,0,15198389.98,14873903.21,14873903.21,14873795.02,15198389.98,453538.1007,778024.8693,453538.1007,778024.8693,487221.2662,811816.2265,FALSE,FALSE,TRUE
12936,c113,fine/relief_q4,coastal,TRUE,1996,bcc96079,139,15000,305,6096,1518.066726,dem_agl,reported,5384.218537,1,317.1616563,18037,237,153,143,8,0,711.5405627,721.0383319,-0.1264345199,0,16806250.95,16285388.79,16227984.57,16281167.49,15828642.67,968005.3264,725110.3278,937686.0488,745966.2196,527618.246,616022.8514,FALSE,FALSE,TRUE
12937,c113,fine/relief_q4,coastal,TRUE,1996,bcc96079,140,15000,305,6096,1518.066726,dem_agl,reported,5712.443126,1,380.8680687,20306,6069,5628,5608,200,0,383.0375616,546.1868282,-0.1347465962,0,18077026.12,18331438.74,17299287.64,18333986.3,11947344.65,1241124.28,335442.9468,791734.4496,649261.1427,809978.1628,231327.1705,FALSE,FALSE,TRUE
12938,c113,fine/relief_q4,coastal,TRUE,1996,bcc96079,141,15000,305,6096,1525.163426,dem_agl,reported,5854.141795,1,247.7366216,21325,6885,6229,6209,380,0,232.9334619,343.7040714,-0.134763822,0,18099249.35,19252150.51,18530474.64,19305784.23,11642947.37,1498004.162,106000.384,1009389.369,228847.2576,1381146.316,40808.50839,FALSE,FALSE,TRUE
12939,c113,fine/relief_q4,coastal,TRUE,1996,bcc96079,142,15000,305,6096,1525.163426,dem_agl,reported,5620.120652,1,413.3066149,19654,4905,4461,4458,358,0,475.8842499,633.7901606,-0.1361619979,0,17730660.78,17743694.51,16760629.02,17743531.46,12256191.04,1381116.588,321900.6165,896404.344,478934.4018,808530.94,328015.2632,FALSE,FALSE,TRUE
12940,c113,fine/relief_q4,coastal,TRUE,1996,bcc96079,143,15000,305,6096,1576.23432,dem_agl,reported,5386.107785,1,274.6477927,18052,1,0,0,1,0,706.237926,706.2760912,17.31642532,0,17748669.22,16296819.44,16296588.48,16308962.98,17531485.98,486390.6833,1722853.897,486307.0016,1722999.046,292798.2998,1521373.691,TRUE,FALSE,FALSE
12941,c113,fine/relief_q4,coastal,FALSE,1996,bcc96079,144,15000,305,6096,1576.23432,dem_agl,reported,5502.80153,1,342.9336569,18840,0,0,0,0,0,593.0398878,593.0398878,,0,16918181.75,17010632.89,17010632.89,17011236.11,16918181.75,1124266.088,1031814.944,1124266.088,1031814.944,588148.1276,495093.7649,FALSE,FALSE,TRUE
12942,c113,fine/relief_q4,coastal,FALSE,1996,bcc96079,145,15000,305,6096,1590.519276,dem_agl,reported,5682.468701,1,269.4006983,20092,0,0,0,0,0,410.7401119,410.7401119,,0,17419829.68,18139565.41,18139565.41,18154380.03,17419829.68,1205913.868,486178.1368,1205913.868,486178.1368,1062578.614,328028.2699,FALSE,FALSE,TRUE
661748,c114,fine/relief_q4,coastal,TRUE,2003,bcc03035,159,15000,305,5332,1132.920525,dem_agl,reported,5195.886059,1,236.9159915,16690,10323,9922,9920,316,0,135.4145626,354.6730505,-0.08654729277,0,14735066.98,15166033.51,13913072.75,15169465.37,4998273.396,844056.1184,52028.82289,405081.0589,268216.3515,623749.7915,69939.5483,FALSE,FALSE,TRUE
661749,c114,fine/relief_q4,coastal,TRUE,2003,bcc03035,160,15000,305,5332,1132.920525,dem_agl,reported,5248.344226,1,147.2806841,17030,11282,10925,10923,280,0,83.25114072,246.3865453,-0.07408951968,0,15169868.77,15473814.87,14526813.36,15475957.86,4664680.371,580019.8033,20895.05717,246949.216,134817.0674,450909.8348,21652.47937,FALSE,FALSE,TRUE
661750,c114,fine/relief_q4,coastal,TRUE,2003,bcc03035,161,15000,305,5332,1297.153153,dem_agl,reported,5278.614431,1,100.660595,17223,12028,11579,11566,340,0,53.29102466,176.2836311,-0.06669618189,0,15485546.25,15652822.3,14931893.38,15652844.86,4381375.32,344861.5984,8213.006833,124357.5017,119159.9203,275505.0947,43123.28053,FALSE,FALSE,TRUE
661751,c114,fine/relief_q4,coastal,TRUE,2003,bcc03035,162,15000,305,5332,1297.153153,dem_agl,reported,5240.890757,1,183.0166675,16980,11119,10812,10790,220,0,90.39928271,261.7117858,-0.06682159007,0,15120111.41,15429895.61,14437647.56,15434057.28,4697924.016,636416.911,14328.85964,349624.2112,145538.1424,542772.2919,59771.16922,FALSE,FALSE,TRUE
661752,c114,fine/relief_q4,coastal,TRUE,2003,bcc03035,163,15000,305,5332,1304.369675,dem_agl,reported,5174.562071,1,264.8274539,16553,8852,8610,8567,144,0,157.095174,337.6214425,-0.06735466421,0,14803325.73,15041805.72,14010578.78,15042199.34,6314107.239,755813.9243,78409.2238,459387.928,330243.7553,534175.7445,175984.0761,FALSE,FALSE,TRUE
661753,c114,fine/relief_q4,coastal,TRUE,2003,bcc03035,164,15000,305,5332,1133.182824,dem_agl,reported,5163.920778,1,260.6473552,16486,5963,5547,5487,296,0,168.1025238,263.1849182,-0.06965695322,0,14966981.52,14980003.52,14433433.71,14976244.44,8967626.997,660741.4757,67318.10766,529453.813,165313.0791,416329.9966,126717.4999,FALSE,FALSE,TRUE
661754,c114,fine/relief_q4,coastal,TRUE,2003,bcc03035,165,15000,305,5332,1133.182824,dem_agl,reported,5205.492284,1,214.8370856,16754,6730,6200,6148,395,0,126.3026977,210.8255454,-0.07447862998,0,15102517.45,15222163.68,14731845.01,15223238.41,8506075.187,634920.4871,37630.59672,506479.0361,86616.17616,563907.5249,54248.10772,FALSE,FALSE,TRUE
661755,c114,fine/relief_q4,coastal,TRUE,2003,bcc03035,166,15000,305,5332,1139.922371,dem_agl,reported,5257.81915,1,117.9752631,17087,9282,8577,8531,556,0,74.15696176,161.7876228,-0.09155394137,0,15607632.78,15529735.58,15016389.55,15529813.3,6920036.554,212223.5887,38038.30537,124298.6855,170959.5126,203645.892,35079.97367,FALSE,FALSE,TRUE
661756,c114,fine/relief_q4,coastal,TRUE,2003,bcc03035,167,15000,305,5332,1139.922371,dem_agl,reported,5263.730833,1,121.149473,17126,11694,11234,11215,379,0,68.24395382,214.62062,-0.09743225574,0,15650467.65,15564677.24,14711051.76,15564716.38,4710267.894,229351.7271,7698.891312,86672.16209,74654.03368,139236.8592,28175.12726,FALSE,FALSE,TRUE
661757,c114,fine/relief_q4,coastal,TRUE,2003,bcc03035,168,15000,305,5332,1289.73925,dem_agl,reported,5272.030251,1,119.8739394,17181,12612,12201,12193,324,0,59.73721096,224.2204789,-0.1054932773,0,15398786.62,15613798.15,14654719.63,15615213.1,3736529.514,421100.1539,10683.26979,140592.3344,168192.1526,405125.7585,19701.7968,FALSE,FALSE,TRUE
395247,c115,fine/relief_q4,coastal,FALSE,1999,bcb99037,173,15000,305,6401,1356.817263,dem_agl,reported,5665.748413,1,390.9288569,19898,0,0,0,0,0,734.9442177,734.9442177,,0,18176287.3,18032973.52,18032973.52,18033628.05,18176287.3,947281.0478,1090594.822,947281.0478,1090594.822,714788.9788,857448.2216,FALSE,FALSE,TRUE
395248,c115,fine/relief_q4,coastal,FALSE,1999,bcb99037,174,15000,305,6401,1356.817263,dem_agl,reported,5731.365931,1,361.6217986,20358,0,0,0,0,0,669.2971274,669.2971274,,0,18761001.62,18453087.84,18453087.84,18452963.26,18761001.62,900579.3944,1208493.178,900579.3944,1208493.178,533977.3101,842015.6751,FALSE,FALSE,TRUE
395249,c115,fine/relief_q4,coastal,FALSE,1999,bcb99037,175,15000,305,6401,1565.275867,dem_agl,reported,5761.954322,1,325.1936193,20574,0,0,0,0,0,639.08051,639.08051,,0,18834368.18,18650582.29,18650582.29,18647915.45,18834368.18,1132299.306,1316085.195,1132299.306,1316085.195,649538.8912,835991.6261,FALSE,FALSE,TRUE
395250,c115,fine/relief_q4,coastal,FALSE,1999,bcb99037,176,15000,305,6401,1650.97793,dem_agl,reported,5814.577635,1,310.370915,20956,0,0,0,0,0,586.4223649,586.4223649,,0,19044120.99,18992805.49,18992805.49,18992726.3,19008335.54,1179153.223,1194683.282,1179153.223,1194683.282,798862.4491,814471.6982,FALSE,FALSE,TRUE
395251,c115,fine/relief_q4,coastal,TRUE,1999,bcb99037,177,15000,305,6401,1206.077604,dem_agl,reported,5648.818352,1,377.8055346,19778,0,0,0,0,0,751.3660229,751.3660229,,0,17767129.2,17925364.36,17925364.36,17921122.48,17732618.49,1352164.302,1159418.426,1352164.302,1159418.426,985579.3834,797075.3939,FALSE,FALSE,TRUE
395252,c115,fine/relief_q4,coastal,FALSE,1999,bcb99037,178,15000,305,6401,1206.077604,dem_agl,reported,5482.983408,1,398.9476545,18633,0,0,0,0,0,917.0411726,917.0411726,,0,17644199.37,16888327.29,16888327.29,16894551.59,17611563.78,810865.7572,1534102.247,810865.7572,1534102.247,453021.1469,1170033.331,FALSE,FALSE,TRUE
395253,c115,fine/relief_q4,coastal,FALSE,1999,bcb99037,179,15000,305,6401,1399.731706,dem_agl,reported,5240.092828,1,277.7079964,17025,0,0,0,0,0,1157.866198,1157.866198,,0,17186853.69,15425197.54,15425197.54,15442371.51,17168291.03,357219.6937,2100313.179,357219.6937,2100313.179,416325.4466,2142244.96,FALSE,FALSE,TRUE
395254,c115,fine/relief_q4,coastal,TRUE,1999,bcb99037,180,15000,305,6401,1399.731706,dem_agl,reported,5433.273564,1,425.1679449,18293,581,546,544,21,0,966.0136253,997.6881987,0.1810590923,0,17790176.85,16583489.41,16390698.15,16591133.31,16238543.31,912162.5085,1097586.063,828439.7466,1181100.505,370071.9383,794719.5855,FALSE,FALSE,TRUE
395255,c115,fine/relief_q4,coastal,TRUE,1999,bcb99037,181,15000,305,6401,1442.926953,dem_agl,reported,5836.169467,1,514.4346166,21108,5984,5406,5404,192,0,564.2407285,787.3215208,0.2279410362,0,19001131.46,19134123.02,17699319.94,19137460.81,12208177.16,1919047.307,423865.0545,1246273.52,634142.3802,935801.0665,292457.8596,FALSE,FALSE,TRUE
395256,c115,fine/relief_q4,coastal,TRUE,1999,bcb99037,182,15000,305,6401,1450.101037,dem_agl,reported,6124.564347,1,323.8091265,23248,9818,8191,8186,234,0,271.0337524,468.8018017,0.3033771217,0,20221899.19,21071874.8,19732984.52,21103975.27,10831397.54,1480441.343,144182.7585,806168.0322,461928.0358,1370102.424,183810.0201,FALSE,FALSE,TRUE
658259,c116,fine/relief_q4,coastal,TRUE,2003,bcc03019,4,15000,305,5512,1179.041583,dem_agl,reported,5135.174274,1,329.8530556,16256,3456,3234,3218,124,0,376.8454572,478.5143472,0.07213068753,0,15054555.9,14813686.43,14232914.76,14814294.6,11064746.67,981756.601,386874.0391,758852.3995,553559.0315,430607.5109,422485.4369,FALSE,FALSE,TRUE
658260,c116,fine/relief_q4,coastal,TRUE,2003,bcc03019,5,15000,305,5512,1179.041583,dem_agl,reported,5335.954723,1,236.790042,17552,7994,7478,7453,341,0,175.1835783,321.3751051,0.07641800493,0,15632491.84,15994734.85,15130311.08,15998364.35,8007069.917,855624.5457,151432.5732,525412.2601,397397.6848,617616.0025,103767.6957,FALSE,FALSE,TRUE
658261,c116,fine/relief_q4,coastal,TRUE,2003,bcc03019,6,15000,305,5512,1306.098423,dem_agl,reported,5374.483046,1,206.7785727,17803,8176,7650,7622,317,0,137.1298376,253.2927972,0.07796903327,0,15955452.13,16226549.09,15532694.9,16223548.3,8230837.713,660053.1792,120394.9284,407216.3585,338076.9495,530004.6391,139531.3675,FALSE,FALSE,TRUE
658262,c116,fine/relief_q4,coastal,TRUE,2003,bcc03019,7,15000,305,5512,1306.098423,dem_agl,reported,5212.951922,1,314.4577643,16752,4687,4342,4326,213,0,297.7712914,413.2863695,0.08305565268,0,15988947.66,15265822.64,14596760.45,15268939.01,10866706.29,513853.4999,391183.7989,385809.7783,607051.3465,127928.5432,425840.0472,FALSE,FALSE,TRUE
658263,c116,fine/relief_q4,coastal,TRUE,2003,bcc03019,8,15000,305,5512,1164.901657,dem_agl,reported,4954.293681,1,285.8232112,15130,114,89,82,3,0,555.5996845,559.8219938,0.08481474221,0,15025533.32,13788476.01,13764983.49,13795438.91,14542460.41,346718.8886,1206252.864,339844.4854,1221048.637,201621.4029,1078231.365,FALSE,FALSE,TRUE
658264,c116,fine/relief_q4,coastal,TRUE,2003,bcc03019,9,15000,305,5512,1164.901657,dem_agl,reported,4806.779431,1,269.7219163,14241,0,0,0,0,0,704.5574417,704.5574417,,0,13824085.73,12979595.6,12979595.6,12980434.03,13783086.63,426226.2049,1229717.238,426226.2049,1229717.238,355336.6635,1157989.265,FALSE,FALSE,TRUE
658265,c116,fine/relief_q4,coastal,FALSE,2003,bcc03019,10,15000,305,5512,1306.078765,dem_agl,reported,4664.086021,1,267.2368781,13411,0,0,0,0,0,847.8501818,847.8501818,,0,12485073.44,12220412.81,12220412.81,12219606.69,12485073.44,511633.5472,776294.1773,511633.5472,776294.1773,386532.1991,651998.9447,FALSE,FALSE,TRUE
658266,c116,fine/relief_q4,coastal,FALSE,2003,bcc03019,11,15000,305,5512,1306.078765,dem_agl,reported,4580.36916,1,223.722154,12933,0,0,0,0,0,931.63084,931.63084,,0,11670522.18,11785655.36,11785655.36,11778320.59,11670522.18,623699.5383,508566.3547,623699.5383,508566.3547,480634.3578,372835.9445,FALSE,FALSE,TRUE
658267,c116,fine/relief_q4,coastal,TRUE,2003,bcc03019,12,15000,305,5655,1580.670774,dem_agl,reported,5251.010208,1,350.9650278,16992,1085,1195,848,111,0,399.7574349,426.9886516,0.04227859527,0,14642425.75,15489539.22,15329301.36,15496927.47,13449295.01,1442153.023,391761.7604,1341715.487,439113.6867,1187758.404,201263.4696,TRUE,FALSE,FALSE
658268,c116,fine/relief_q4,coastal,TRUE,2003,bcc03019,13,15000,305,5655,1580.670774,dem_agl,reported,5224.734807,1,354.8336271,16827,45,392,4,25,0,424.4733009,425.6026669,3.08340621,0,14337169.17,15334911.61,15328282.81,15365138.88,14282288.81,1455140.164,442177.6767,1450434.824,444055.8998,1378809.064,342369.9983,TRUE,FALSE,FALSE
481939,c117,fine/relief_q4,coastal,TRUE,1992,bcc92075,121,10000,305,4116,981.5186191,dem_agl,reported,3709.369017,1,286.440142,8474,458,307,295,135,0,406.2666817,429.3045721,0.06531366333,0,7900911.922,7729525.846,7633811.998,7729816.208,7145144.523,482130.5272,313914.5864,441159.5829,351465.1386,276989.2637,318395.5808,TRUE,FALSE,FALSE
481940,c117,fine/relief_q4,coastal,TRUE,1992,bcc92075,122,10000,305,4116,1038.652142,dem_agl,reported,3913.688115,1,267.2117817,9435,3579,3249,3192,242,0,201.4017907,324.160522,-0.005854567047,0,8376747.569,8604491.31,8073171.208,8607736.753,4839176.033,611947.2455,107652.2033,413551.039,274541.1724,444327.8531,128147.4849,FALSE,FALSE,TRUE
481941,c117,fine/relief_q4,coastal,TRUE,1992,bcc92075,123,10000,305,4116,1038.652142,dem_agl,reported,4010.235543,1,163.6813216,9906,4797,4298,4209,337,0,101.7130102,196.7726082,-0.009832087904,0,8604463.42,9034259.001,8611034.728,9050238.716,4144591.323,559435.3169,38286.23519,346228.648,166393.53,536972.0523,36113.68555,FALSE,FALSE,TRUE
481942,c117,fine/relief_q4,coastal,TRUE,1992,bcc92075,124,10000,305,4116,1170.036933,dem_agl,reported,3841.613878,1,315.0621057,9091,3196,2943,2880,122,0,274.2714354,422.9459629,-0.0107142739,0,8310484.379,8290489.94,7661205.714,8290399.994,4897846.542,678183.7564,197220.2094,460232.2473,349262.1214,360657.3545,289794.1496,FALSE,FALSE,TRUE
481943,c117,fine/relief_q4,coastal,TRUE,1992,bcc92075,125,10000,305,4116,1170.036933,dem_agl,reported,3526.975583,1,350.1269318,7663,249,163,160,21,0,588.6276543,608.415977,-0.01371749397,0,7378115.904,6988076.965,6909882.831,6989460.703,6544921.263,667107.6835,451116.3726,630851.1257,480621.6259,265214.7727,291564.6178,FALSE,FALSE,TRUE
481944,c117,fine/relief_q4,coastal,TRUE,1992,bcc92075,126,10000,305,4116,1070.456253,dem_agl,reported,3749.828922,1,342.8107316,8660,1275,1314,1134,61,0,365.584984,428.6735326,0.003212218639,0,7835330.715,7899064.903,7635507.064,7900583.733,6365923.616,736191.6297,366394.7446,604776.079,448399.4867,380736.3842,194076.0866,FALSE,FALSE,TRUE
481945,c117,fine/relief_q4,coastal,TRUE,1992,bcc92075,127,10000,305,4116,1070.456253,dem_agl,reported,3957.195371,1,188.1063481,9645,1832,1850,1609,100,0,152.2419319,187.8816342,0.002422954305,0,8266910.486,8796861.575,8639120.71,8822409.053,6502712.83,712077.1487,90508.79321,614394.1682,129065.9445,637171.285,57602.3439,FALSE,FALSE,TRUE
481946,c117,fine/relief_q4,coastal,TRUE,1992,bcc92075,128,10000,305,4116,1083.519612,dem_agl,reported,3864.562622,1,257.4463846,9199,1182,1139,1053,37,0,250.8608171,287.8432138,-0.001089372847,0,8295253.921,8389835.999,8230029.231,8392312.23,6993914.319,595630.5611,276467.596,523946.1241,332659.5041,448925.1779,269968.3341,FALSE,FALSE,TRUE
481947,c117,fine/relief_q4,coastal,FALSE,1992,bcc92075,129,10000,305,4116,1038.58368,dem_agl,reported,3630.441556,1,287.2909951,8123,16,1,1,13,0,485.5665724,486.5130062,4.483394861,0,7549928.263,7404089.724,7400229.826,7403854.182,7427881.001,550545.9861,589207.9714,548920.6325,591314.5642,376645.1192,451192.4636,TRUE,FALSE,FALSE
481948,c117,fine/relief_q4,coastal,FALSE,1992,bcc92075,130,10000,305,4116,1038.58368,dem_agl,reported,3455.267918,1,335.8949507,7357,0,0,0,0,0,660.6604624,660.6604624,,0,6716276.33,6706813.486,6706813.486,6707207.744,6716276.33,591094.8603,600557.7045,591094.8603,600557.7045,410823.993,419892.5788,FALSE,FALSE,TRUE
982711,c118,fine/relief_q4,coastal,TRUE,1988,bc88012,86,15000,305,5334,1525.137199,dem_agl,reported,4914.650633,1,412.2391015,14926,3829,3608,3576,188,0,417.5545754,561.557084,-0.1161314547,0,14284828.57,13568694.82,12785200.5,13574022.89,9883961.879,700307.1973,488316.2904,477710.1905,735116.0382,151389.3545,532813.239,FALSE,FALSE,TRUE
982712,c118,fine/relief_q4,coastal,TRUE,1988,bc88012,87,15000,305,5334,1532.255525,dem_agl,reported,5195.248945,1,194.4751075,16704,7449,7109,7044,239,0,135.4313494,244.3745889,-0.1177498922,0,14338555,15162314.44,14533080.93,15179784.55,7452969.85,1016450.055,74775.02953,620660.2888,211166.2874,917359.4024,22829.82671,FALSE,FALSE,TRUE
982713,c118,fine/relief_q4,coastal,TRUE,1988,bc88012,88,15000,305,5334,1532.25388,dem_agl,reported,5147.613185,1,228.6617148,16410,7590,7291,7259,200,0,185.8439034,345.6560842,-0.1153260916,0,15055247.9,14885539.6,13975617.63,14888688.67,7623373.518,482192.5414,103109.0777,225944.8181,286106.625,344103.4007,119805.9461,FALSE,FALSE,TRUE
982714,c118,fine/relief_q4,coastal,TRUE,1988,bc88012,89,15000,305,5334,1525.125429,dem_agl,reported,5125.445064,1,224.9798854,16234,6246,5837,5821,321,0,208.7827386,339.0935149,-0.1091215499,0,15249495.89,14757606.95,14016742.97,14756502.2,8778206.522,357994.8693,73419.11447,199754.3259,216389.3849,178136.3687,192439.0152,FALSE,FALSE,TRUE
982715,c118,fine/relief_q4,coastal,TRUE,1988,bc88012,90,15000,305,5334,1525.125429,dem_agl,reported,5241.866801,1,179.0474778,16991,12179,11797,11797,321,0,91.69788215,323.4323952,-0.1129434779,0,15081138.35,15435643.36,14101040.49,15438061.53,3713593.595,670465.568,13446.33527,229828.9743,140284.8177,590413.7925,19086.94625,FALSE,FALSE,TRUE
982716,c118,fine/relief_q4,coastal,TRUE,1988,bc88012,91,15000,305,5334,1326.339738,dem_agl,reported,4788.454051,1,389.1922975,14179,2077,1839,1836,193,0,545.1854308,638.6270091,-0.1020621881,0,13593659.12,12880817.36,12383011.44,12878721.21,10771256.82,701222.1682,480898.7177,521651.3033,656119.0123,395802.3739,764659.2835,FALSE,FALSE,TRUE
982717,c118,fine/relief_q4,coastal,TRUE,1988,bc88012,92,15000,305,5334,1326.323235,dem_agl,reported,4736.009458,1,362.5234647,13871,997,933,924,17,0,597.5623565,643.8479039,-0.1266076416,0,13515563,12600213.26,12355130.18,12596423.25,11862476.26,586429.4109,760430.4073,506983.9643,873540.3574,301363.4922,788209.7985,FALSE,FALSE,TRUE
982718,c118,fine/relief_q4,coastal,TRUE,1988,bc88012,93,15000,305,5334,1326.319373,dem_agl,reported,4981.922882,1,388.7931477,15348,4588,4381,4355,109,0,350.8336422,500.4254995,-0.1258843243,0,13614118.01,13942696.52,13117954.7,13948783.48,8793855.942,1218491.462,239950.6256,864934.6569,444786.3119,766278.3711,215651.4538,FALSE,FALSE,TRUE
982719,c118,fine/relief_q4,coastal,TRUE,1988,bc88012,94,15000,305,5334,1326.30411,dem_agl,reported,5145.061154,1,258.996202,16370,6705,6361,6334,200,0,185.8386005,314.7262897,-0.1268168539,0,14177037.21,14870783.66,14135066.83,14887653.51,7821246.565,1076434.74,116183.9664,705212.9792,289851.574,1035582.348,111907.5747,FALSE,FALSE,TRUE
982720,c118,fine/relief_q4,coastal,TRUE,1988,bc88012,95,15000,305,5334,1326.30411,dem_agl,reported,4979.320778,1,382.5431523,15333,4553,4287,4271,179,0,354.2227017,503.7759848,-0.1301681548,0,13599746.88,13928135.53,13104040.36,13930319.42,8855316.98,1237144.678,292738.9631,879180.9965,513961.3473,754172.1578,141682.2565,FALSE,FALSE,TRUE
395093,c119,fine/relief_q4,coastal,FALSE,1999,bcb99037,19,15000,305,6553,1381.941407,dem_agl,reported,5479.170975,1,214.2776264,18590,0,0,0,0,0,1073.772935,1073.772935,,0,16923246.74,16864849.84,16864849.84,16865121.55,16923246.74,697933.5389,756330.4467,697933.5389,756330.4467,703790.2198,761915.4122,FALSE,FALSE,TRUE
395094,c119,fine/relief_q4,coastal,FALSE,1999,bcb99037,20,15000,305,6553,1381.941407,dem_agl,reported,5406.696323,1,270.0547169,18097,0,0,0,0,0,1146.186305,1146.186305,,0,16334606.17,16421647.6,16421647.6,16416442.61,16334606.17,729934.3022,642892.8735,729934.3022,642892.8735,588366.5223,506530.0866,FALSE,FALSE,TRUE
395095,c119,fine/relief_q4,coastal,FALSE,1999,bcb99037,21,15000,305,6553,1467.330964,dem_agl,reported,5357.120842,1,316.1568193,17768,0,0,0,0,0,1191.265266,1191.265266,,0,17481212.68,16121879.08,16121879.08,16149265.66,17481212.68,351583.0153,1710916.621,351583.0153,1710916.621,133591.6484,1465538.674,FALSE,FALSE,TRUE
395096,c119,fine/relief_q4,coastal,FALSE,1999,bcb99037,22,15000,305,6553,1467.330964,dem_agl,reported,5315.373291,1,347.6897264,17497,0,0,0,0,0,1233.625961,1233.625961,,0,17655319.35,15871585.5,15871585.5,15890255.13,17505537.55,589315.9956,2223268.044,589315.9956,2223268.044,317211.8707,1932494.293,FALSE,FALSE,TRUE
395097,c119,fine/relief_q4,coastal,TRUE,1999,bcb99037,23,15000,305,6553,1431.542369,dem_agl,reported,5594.535469,1,494.4211728,19380,1139,770,770,206,0,951.2312971,1010.546689,0.8447549939,0,19692209.64,17582508.52,17211652.1,17627961.13,17215880.21,810882.3474,1477416.867,694880.741,1664893.196,219565.1731,1327258,TRUE,FALSE,FALSE
395098,c119,fine/relief_q4,coastal,TRUE,1999,bcb99037,24,15000,305,6553,1431.542369,dem_agl,reported,5988.817007,1,559.3221953,22202,6599,5874,5874,255,0,563.2529494,801.2266386,0.7292970419,0,20934765.55,20148135.34,18578722.34,20153362.13,13331739.22,1416285.427,590619.7623,927711.1922,1063864.216,536198.919,989434.1796,FALSE,FALSE,TRUE
395099,c119,fine/relief_q4,coastal,TRUE,1999,bcb99037,25,15000,305,6553,1710.69322,dem_agl,reported,6370.473474,1,337.7333897,25128,15567,13811,13811,328,0,180.3723841,473.2181145,0.5000688434,0,22352076.09,22797970.99,20750136.84,22811231.05,7580394.274,1152928.864,58604.5697,603098.8645,555386.9304,857514.42,123625.5616,FALSE,FALSE,TRUE
395100,c119,fine/relief_q4,coastal,TRUE,1999,bcb99037,26,15000,305,6553,1763.200172,dem_agl,reported,6497.260487,1,105.3341634,26139,17843,13713,13713,216,0,55.4745935,173.602158,0.5077255368,0,23519211.92,23714464.98,22859992.14,23716425.45,7107376.52,427980.0468,8377.805106,179518.3029,136861.508,411073.4481,15171.15075,FALSE,FALSE,TRUE
395101,c119,fine/relief_q4,coastal,TRUE,1999,bcb99037,27,15000,305,6553,1603.773524,dem_agl,reported,6401.228423,1,210.4339919,25370,10464,6072,6072,215,0,150.9022307,256.2983773,0.9166614413,0,22765212.02,23018627.41,22266864.83,23023625.33,12750718.26,888003.7957,109554.9425,627092.6663,241153.0807,504750.3193,140431.085,FALSE,FALSE,TRUE
395102,c119,fine/relief_q4,coastal,TRUE,1999,bcb99037,28,15000,305,6553,1403.402055,dem_agl,reported,6123.416443,1,433.3660081,23218,3584,330,330,96,0,429.511052,507.6663651,1.387833655,0,21503157.7,21063976.69,20529714.23,21055692.6,17546157.66,1119713.989,852722.6737,965470.0435,1109116.542,427713.4194,673075.572,FALSE,FALSE,TRUE
300412,c120,fine/relief_q4,coastal,TRUE,1993,bcc93032,84,10000,305,4420,1035.841318,dem_agl,reported,4300.592068,1,165.8378162,11395,5760,5397,5388,161,0,116.0668261,234.648537,-0.030110172,0,9980134.499,10389849.88,9824783.332,10405441.88,4543753.933,617672.6682,28547.50669,334163.4658,132729.8577,552633.1225,9415.23283,FALSE,FALSE,TRUE
300413,c120,fine/relief_q4,coastal,TRUE,1993,bcc93032,85,10000,305,4420,1035.841318,dem_agl,reported,4249.129557,1,236.321297,11123,5280,4979,4972,109,0,169.2906801,322.2681865,-0.03227169812,0,9903693.683,10142679.9,9425511.169,10149231.41,4765612.932,636760.1401,81879.93491,359325.6658,242726.3241,428587.6472,52521.16371,FALSE,FALSE,TRUE
300414,c120,fine/relief_q4,coastal,TRUE,1993,bcc93032,86,10000,305,4420,1106.474841,dem_agl,reported,4135.977543,1,314.8229889,10539,3570,3281,3277,71,0,282.8177067,427.7398252,-0.03228693083,0,9476223.915,9609684.234,8948047.714,9613205.221,5663638.863,755691.7898,64557.99249,484122.9248,187915.4093,382826.3081,111039.2084,FALSE,FALSE,TRUE
300415,c120,fine/relief_q4,coastal,TRUE,1993,bcc93032,87,10000,305,4420,1106.474841,dem_agl,reported,4019.92435,1,343.3532323,9958,1805,1539,1534,59,0,399.7276118,488.2625528,-0.03091313317,0,9095255.303,9077965.626,8682502.161,9079497.481,6732657.253,855092.0425,157583.4493,672088.4853,226339.0234,412470.1503,168910.6613,FALSE,FALSE,TRUE
300416,c120,fine/relief_q4,coastal,TRUE,1993,bcc93032,88,10000,305,4420,1212.168378,dem_agl,reported,3950.713964,1,346.4375846,9613,908,687,679,25,0,469.0062164,518.0037882,0.01582853124,0,9087100.934,8768068.787,8551930.639,8767654.521,7425385.306,759680.7792,248936.0374,664752.8811,296642.1534,320923.6331,196689.876,FALSE,FALSE,TRUE
300417,c120,fine/relief_q4,coastal,TRUE,1993,bcc93032,89,10000,305,4420,1036.031677,dem_agl,reported,3994.905475,1,364.4944013,9834,2250,2009,2002,24,0,424.5966629,550.6684209,0.02802178636,0,9062908.597,8965319.864,8408391.055,8966480.745,6257057.701,786920.4554,128134.4525,539181.616,236132.5475,315585.4508,160011.3438,FALSE,FALSE,TRUE
300418,c120,fine/relief_q4,coastal,TRUE,1993,bcc93032,90,10000,305,4420,1036.031677,dem_agl,reported,4130.430821,1,333.7624534,10511,3870,3617,3612,35,0,289.3294937,458.0231931,0.03668272495,0,9613518.969,9583926.598,8817065.824,9583655.891,5508911.502,746572.1662,203531.837,484667.4796,409279.5656,364966.997,245750.8684,FALSE,FALSE,TRUE
300419,c120,fine/relief_q4,coastal,TRUE,1993,bcc93032,91,10000,305,4420,1219.206451,dem_agl,reported,4290.202413,1,232.755874,11341,7064,6807,6797,69,0,129.1229233,342.3541651,0.04096965119,0,10195743.95,10339709.54,9337444.95,10343012.61,3366395.312,556605.8024,23202.51594,300609.1164,139343.4776,410688.0621,52465.96877,FALSE,FALSE,TRUE
300420,c120,fine/relief_q4,coastal,TRUE,1993,bcc93032,92,10000,305,4420,1035.864373,dem_agl,reported,4375.758613,1,88.42406423,11795,8442,8028,8020,275,0,42.87978941,149.9842847,0.03831057437,0,10443285.38,10756215.29,10236104.37,10762838.3,2650608.739,412883.3804,2999.614231,190251.9014,55499.33116,404506.7307,4674.37809,FALSE,FALSE,TRUE
300421,c120,fine/relief_q4,coastal,TRUE,1993,bcc93032,93,10000,305,4420,1035.864373,dem_agl,reported,4300.822225,1,157.6182037,11393,6043,5707,5707,279,0,117.7471095,250.1349805,0.03520286083,0,10128086.73,10390961.99,9761098.749,10397628.2,4351778.728,546977.5907,15931.73083,278957.9301,86193.45623,329408.7368,16573.061,FALSE,FALSE,TRUE
1318355,c121,mid/relief_q1,coastal,TRUE,1974,bc7684,24,16000,305,5181,1340.669359,dem_agl,reported,5163.698554,1,20.6007203,16223,5000,4527,4215,354,0,17.30564608,24.82027994,0.05464200489,0,14967642.09,14978714.25,14935149.48,14978683.15,10305992.54,65325.46535,11170.73257,51302.00961,21701.05965,36268.45319,14460.79805,FALSE,FALSE,TRUE
1318356,c121,mid/relief_q1,coastal,TRUE,1974,bc7684,25,16000,305,5181,1340.669359,dem_agl,reported,5172.785564,1,14.20498526,16281,9470,8890,8660,374,0,8.206766297,19.21692862,0.0549134817,0,14994442.61,15031479.33,14967559.07,15031516.04,6235362.788,65794.54663,2870.315665,45851.78441,11334.66588,51952.9684,6204.273835,FALSE,FALSE,TRUE
1318357,c121,mid/relief_q1,coastal,TRUE,1974,bc7684,26,16000,305,5181,1340.647548,dem_agl,reported,5178.776782,1,6.222856859,16318,13436,12981,12798,297,0,2.223153254,11.7037898,0.05584962294,0,15046555.4,15066318.98,15011206.53,15066319.43,2642157.552,28145.47963,298.9483363,14575.21101,4209.841306,24658.84566,820.4481203,FALSE,FALSE,TRUE
1318358,c121,mid/relief_q1,coastal,TRUE,1974,bc7684,27,16000,305,5181,1340.636537,dem_agl,reported,5180.611079,1,1.608444453,16333,15495,15223,15146,162,0,0.3889207696,5.263563659,0.05772981048,0,15073239,15076993.7,15048633.97,15076992.15,782565.2554,4161.398333,0.5335093278,1691.064004,970.8068941,3781.690754,0.7222824618,FALSE,FALSE,TRUE
1318359,c121,mid/relief_q1,coastal,TRUE,1974,bc7684,28,16000,305,5181,1340.636537,dem_agl,reported,5180.709785,1,1.576176206,16324,15883,15731,15705,80,0,0.2902145071,7.425194094,0.0606863834,0,15073649.65,15077568.23,15036066.56,15077568.22,411470.6373,4887.822264,0,2223.197922,235.9201455,4739.112986,0,FALSE,FALSE,TRUE
1318360,c121,mid/relief_q1,coastal,TRUE,1974,bc7684,29,16000,305,5181,1410.877663,dem_agl,reported,5176.983564,1,8.692930816,16315,12817,12254,12196,427,0,4.016436456,17.73074365,0.09846487641,0,15048258.55,15055886.97,14976223.76,15055877.72,3200534.494,23529.25849,625.8580235,5889.026994,8506.685782,16951.79871,2459.111721,FALSE,FALSE,TRUE
1318361,c121,mid/relief_q1,coastal,TRUE,1974,bc7684,30,16000,305,5181,1410.877663,dem_agl,reported,5175.454042,1,9.43444091,16301,10834,10181,10052,510,0,5.545290068,15.91158889,0.065502204,0,15051618.36,15046991.86,14986774.77,15047031.67,5029295.975,17361.44183,1097.926594,5955.642422,9670.728098,8371.198159,5447.905297,FALSE,FALSE,TRUE
1318362,c121,mid/relief_q1,coastal,TRUE,1974,bc7684,31,16000,305,5181,1410.890082,dem_agl,reported,5174.192169,1,10.12955893,16293,9457,8968,8796,394,0,6.807830787,15.85569036,0.05754834414,0,15037621.4,15039655.28,14987103.04,15039656.13,6284963.535,27789.30701,2221.666202,13568.40772,8440.26919,19703.07993,3050.726994,FALSE,FALSE,TRUE
1318363,c121,mid/relief_q1,coastal,TRUE,1974,bc7684,32,16000,305,5181,1410.914294,dem_agl,reported,5175.582075,1,8.505266812,16302,9148,8611,8211,505,0,5.419110207,11.91427276,0.05611219257,0,15033330.64,15047736.36,15009991.36,15047716.24,6571561.921,33716.42039,1139.384376,22329.97769,4640.487417,28964.91081,2563.595014,FALSE,FALSE,TRUE
1318364,c121,mid/relief_q1,coastal,TRUE,1974,bc7684,33,16000,305,5181,1410.914294,dem_agl,reported,5168.49178,1,16.02347762,16252,6402,6025,5627,395,0,12.50408874,20.38758155,0.0548033081,0,14971560.53,15006535.27,14960791.29,15006541.85,9039275.283,67776.78533,4674.226327,48687.16994,13300.76314,51127.99657,7513.438518,FALSE,FALSE,TRUE
1044005,c122,mid/relief_q1,coastal,TRUE,1989,bc89001,148,22000,153,3414,877.453828,dem_agl,reported,3404.460135,1,21.81449869,28729,9364,15798,7859,5,0,9.540851362,14.11121145,-0.01608634647,0,25763216.41,25874150.31,25804726.79,25874132.52,17276882.12,211590.432,44574.17552,194443.2786,70107.06335,177008.1858,39422.23048,FALSE,FALSE,TRUE
1044006,c122,mid/relief_q1,coastal,TRUE,1989,bc89001,149,22000,153,3414,877.453828,dem_agl,reported,3400.150143,1,26.95647788,28656,10490,14809,9158,5,0,13.84797804,21.78461661,-0.01007221593,0,25707186.97,25808679.25,25688334.51,25808621.64,16189896.2,245230.4932,73356.8213,212836.8651,119121.3469,175193.8109,62820.0394,FALSE,FALSE,TRUE
1044007,c122,mid/relief_q1,coastal,TRUE,1989,bc89001,150,22000,153,3414,877.4886255,dem_agl,reported,3396.14021,1,30.74240921,28593,9655,13933,8325,5,0,17.85979004,26.91714986,-0.005961108487,0,25657663.07,25747840.74,25610687.11,25747384.31,16894860.05,269307.9793,105069.0921,227763.9848,163192.8512,146457.7543,55693.76107,FALSE,FALSE,TRUE
1044008,c122,mid/relief_q1,coastal,TRUE,1989,bc89001,151,22000,153,3414,1038.573598,dem_agl,reported,3392.293857,1,33.3024921,28523,7866,13829,6713,5,0,21.70614287,29.94517534,-0.003713592188,0,25626126.77,25689551.51,25564916.07,25688898.47,18456648.75,266545.0649,124255.1779,223287.0834,175763.1098,130472.9362,56395.45757,FALSE,FALSE,TRUE
1044009,c122,mid/relief_q1,coastal,TRUE,1989,bc89001,152,22000,153,3414,1038.583128,dem_agl,reported,3391.244644,1,34.12350363,28508,5454,14634,4877,4,0,22.75688324,28.12805493,-0.009229807183,0,25599015.48,25673662.76,25592401.47,25673441.96,20613900.96,272695.7503,120128.3596,239998.0239,150543.4896,163780.2673,60505.47921,FALSE,FALSE,TRUE
1044010,c122,mid/relief_q1,coastal,TRUE,1989,bc89001,153,22000,153,3414,1038.583128,dem_agl,reported,3393.10786,1,32.64588276,28540,2775,15194,2650,0,0,20.8921399,23.11002207,0.2556508183,0,25630400.41,25701881.74,25668292.99,25701401.83,23089118.77,249765.2541,126214.2533,236684.8127,141177.3723,151060.1205,56373.13029,FALSE,FALSE,TRUE
1044011,c122,mid/relief_q1,coastal,TRUE,1989,bc89001,154,22000,153,3414,1038.640324,dem_agl,reported,3397.227779,1,28.78988366,28652,409,15190,341,0,0,16.77222147,17.00511967,0.727407515,0,25709275.42,25764334.18,25760801.74,25764010.62,25325175.66,200312.3558,125017.426,199045.0081,126995.532,132568.4877,63624.39218,FALSE,FALSE,TRUE
1044012,c122,mid/relief_q1,coastal,TRUE,1989,bc89001,155,22000,153,3414,965.8629158,dem_agl,reported,3401.754227,1,24.06462155,28678,0,16722,0,0,0,12.24251219,12.24251219,,0,25778328.96,25833036.46,25833036.46,25832951.9,25778328.96,171120.3647,116412.8667,171120.3647,116412.8667,129538.6618,74915.71425,FALSE,FALSE,TRUE
1044013,c122,mid/relief_q1,coastal,FALSE,1989,bc89001,156,22000,153,3414,958.5907816,dem_agl,reported,3404.91641,1,19.32199511,28739,0,17962,0,0,0,9.084243122,9.084243122,,0,25788841.21,25881086.23,25881086.23,25881051.46,25788841.21,169236.4825,76991.47094,169236.4825,76991.47094,155730.2096,63519.96267,FALSE,FALSE,TRUE
1044014,c122,mid/relief_q1,coastal,FALSE,1989,bc89001,157,22000,153,3414,958.5841179,dem_agl,reported,3407.527754,1,14.46081593,28778,0,19419,0,0,0,6.472442896,6.472442896,,0,25825666.93,25920799.58,25920799.58,25920791.18,25825666.93,150242.5552,55109.91175,150242.5552,55109.91175,142620.6939,47496.44824,FALSE,FALSE,TRUE
1608238,c123,mid/relief_q1,coastal,FALSE,2007,bcc07080,181,20000,153,3380,1844.4369,dem_agl,reported,3247.642287,1,99.98139316,25417,0,0,0,0,0,132.3486214,132.3486214,,0,23349320.84,23545394.2,23545394.2,23544959.5,23349320.84,648300.8774,452227.5104,648300.8774,452227.5104,590296.0216,394657.3587,FALSE,FALSE,TRUE
1608239,c123,mid/relief_q1,coastal,TRUE,2007,bcc07080,182,20000,153,3380,1884.532486,dem_agl,reported,3303.101416,1,43.60173102,26294,1432,1264,1253,136,0,76.88744501,81.27179436,0.205048956,0,24258029.2,24356417.33,24291801.59,24356570.9,22740154.58,417322.4176,124691.9149,385668.3666,146790.6303,412143.4654,149862.584,FALSE,FALSE,TRUE
1608240,c123,mid/relief_q1,coastal,TRUE,2007,bcc07080,183,20000,153,3376,1884.532486,dem_agl,reported,3327.018044,1,48.94723318,26679,9859,9518,9502,269,0,48.99466039,77.52626768,0.1645226032,0,24636661.76,24710407.25,24288404.99,24710058.52,15209101.87,391200.1706,17411.82199,205001.4699,80516.09856,253958.0261,72948.06904,FALSE,FALSE,TRUE
1608241,c123,mid/relief_q1,coastal,TRUE,2007,bcc07080,184,20000,153,3371,1983.985078,dem_agl,reported,3354.399228,1,37.38978044,27119,20767,20424,20408,270,0,16.58072279,70.08954677,0.1362080127,0,24876982.11,25118811.64,24323821.11,25119144.52,5494934.243,391563.2558,127.8795023,140291.0638,59156.40499,301733.0856,1116.150572,FALSE,FALSE,TRUE
1608242,c123,mid/relief_q1,coastal,TRUE,2007,bcc07080,185,20000,153,3375,2003.962125,dem_agl,reported,3374.447674,1,4.262916314,27441,27078,27010,27007,54,0,0.5524164316,31.41867862,0.1131652296,0,25379812.72,25419967.25,24957058.37,25419965.75,292061.1582,45310.77363,0,16927.49091,5699.563622,44796.99547,0,FALSE,FALSE,TRUE
1608243,c123,mid/relief_q1,coastal,FALSE,2007,bcc07080,186,20000,153,3383,2024.62395,dem_agl,reported,3382.866681,1,0.05113789963,27579,27579,27579,27579,0,0,0.1333189638,,0.1198571399,0,,,,,,,,,,,,FALSE,TRUE,FALSE
1608244,c123,mid/relief_q1,coastal,TRUE,2007,bcc07080,187,20000,153,3373,2010.65738,dem_agl,reported,3370.964284,1,12.2306664,27385,26041,25873,25831,127,0,2.034308309,38.32593294,0.1256410629,0,25279463.45,25367513.07,24824242.68,25367535.45,1129444.638,111389.469,82.20058838,56104.58947,20705.84528,107386.5246,374.2152985,FALSE,FALSE,TRUE
1608245,c123,mid/relief_q1,coastal,TRUE,2007,bcc07080,188,20000,153,3376,1877.508089,dem_agl,reported,3346.777846,1,56.58866706,26996,18764,18382,18268,256,0,29.16552499,95.20105221,0.1205035411,0,24718260.53,25004798.63,24027790.23,25005484.78,7062650.805,570241.3455,7358.471999,264773.3296,57216.6604,418377.763,27697.5405,FALSE,FALSE,TRUE
1608246,c123,mid/relief_q1,coastal,TRUE,2007,bcc07080,189,20000,153,3375,1751.033138,dem_agl,reported,3267.36519,1,123.2498542,25728,8161,7792,7679,246,0,107.6348103,157.5215866,0.1136554554,0,23832765.7,23832244.52,23110049.42,23831935.06,15634778.21,761585.5602,125063.37,487205.9267,292032.7823,420771.9876,295019.1889,FALSE,FALSE,TRUE
1608247,c123,mid/relief_q1,coastal,TRUE,2007,bcc07080,190,20000,153,3375,1737.68179,dem_agl,reported,3189.017965,1,129.8368777,24511,1767,1693,1667,27,0,185.9017511,200.3326727,0.1069849208,0,23249997.16,22703014.27,22498008.13,22702835.45,21123770.98,555494.7898,606857.8013,505957.6892,726538.3881,411766.8247,670963.6398,FALSE,FALSE,TRUE
1606388,c124,mid/relief_q1,coastal,TRUE,2007,bcc07012,82,20000,153,3355,2019.024217,dem_agl,reported,3326.00488,1,25.12316068,26827,2944,2606,2002,492,0,28.97959008,32.44688974,0.1366432607,0,24863062.7,24695359.61,24643897.52,24695525.99,21970580.1,104101.9919,99063.95057,90026.42585,115915.4939,57642.70897,94387.81544,TRUE,FALSE,FALSE
1606389,c124,mid/relief_q1,coastal,TRUE,2007,bcc07012,83,20000,153,3356,2019.284556,dem_agl,reported,3342.699148,1,14.5003482,27096,4181,4065,2764,729,0,13.30202739,15.57364447,0.1601734161,0,24931784.59,24943889.38,24909998.37,24943893.45,20993935.89,125789.9473,40345.6336,113988.9062,49766.16948,103388.2606,30736.90731,TRUE,FALSE,FALSE
1606390,c124,mid/relief_q1,coastal,TRUE,2007,bcc07012,84,20000,153,3358,2019.284556,dem_agl,reported,3351.437602,1,9.539052182,27241,6953,6466,4696,1113,0,6.561655191,8.552500791,0.1568322927,0,25048783.57,25074476.02,25044695.02,25074484.34,18597857.23,72010.49178,17933.65223,60428.81665,26075.70601,77503.13134,20031.13543,TRUE,FALSE,FALSE
1606391,c124,mid/relief_q1,coastal,TRUE,2007,bcc07012,85,20000,153,3358,2012.391156,dem_agl,reported,3351.733486,1,9.738760587,27243,9821,9894,8378,737,0,6.266514316,9.551805658,0.1339674294,0,25072512.77,25078903.65,25029764.23,25078918.21,15975575.46,55647.48118,9238.62292,40530.05258,20114.68031,43326.4049,7367.138069,FALSE,FALSE,TRUE
1606392,c124,mid/relief_q1,coastal,TRUE,2007,bcc07012,86,20000,153,3362,2012.391156,dem_agl,reported,3357.651679,1,9.258282423,27340,18360,18440,17700,322,0,4.347338678,12.77341705,0.1494229734,0,25134447.74,25167546.04,25041387.85,25167554.49,8180805.813,75708.73941,3080.563742,37649.04781,12241.57318,62242.55535,3767.716505,FALSE,FALSE,TRUE
1606393,c124,mid/relief_q1,coastal,TRUE,2007,bcc07012,87,20000,153,3347,2024.514494,dem_agl,reported,3346.791338,1,0.4294259588,27159,26957,26887,26840,47,0,0.2086624091,3.453740278,0.1702708453,0,25004332.7,25005000.24,24956533.61,25005000.22,187524.6043,534.9841381,0.4888240735,49.35748306,411.3174118,528.3851777,1.424526409,FALSE,FALSE,TRUE
1606394,c124,mid/relief_q1,coastal,TRUE,2007,bcc07012,88,20000,153,3355,2024.514494,dem_agl,reported,3354.752528,1,0.7090290301,27287,26945,26841,26769,86,0,0.2474718946,4.494595313,0.1744517535,0,25124331.09,25124103.17,25060529.11,25124102.85,313827.4259,468.9962446,0,9.413615378,234.9871171,432.8867493,0,FALSE,FALSE,TRUE
1606395,c124,mid/relief_q1,coastal,TRUE,2007,bcc07012,89,20000,153,3351,2031.335626,dem_agl,reported,3350.747004,1,0.6966733788,27223,26900,26808,26746,74,0,0.2529962018,4.664233482,0.183350049,0,25063193.48,25064143.38,24998193.25,25064143.51,295125.1861,1320.039943,0,531.3410116,28.02157141,1300.73065,0,FALSE,FALSE,TRUE
1606396,c124,mid/relief_q1,coastal,TRUE,2007,bcc07012,90,20000,153,3368,2023.157112,dem_agl,reported,3367.690129,1,1.007512486,27494,26900,26736,26587,160,0,0.309870648,4.39908967,0.1824914441,0,25319938.53,25318259.01,25256810.93,25318258.85,544259.1152,166.0232173,175.2880067,0,1581.178598,110.1662219,206.2348851,FALSE,FALSE,TRUE
1606397,c124,mid/relief_q1,coastal,TRUE,2007,bcc07012,91,20000,153,3362,2002.717559,dem_agl,reported,3360.88684,1,3.474296426,27383,24394,23910,23542,465,0,1.112356094,7.869890493,0.1764891744,0,25205424.84,25216068.22,25114769.28,25216079.75,2727535.599,23726.93445,3175.955776,12511.03485,11082.60912,22029.66443,3730.396938,FALSE,FALSE,TRUE
1117248,c125,mid/relief_q1,coastal,TRUE,1979,bc79203,22,20000,305,6553,1655.390598,dem_agl,reported,6536.585273,1,26.12797732,26355,15369,14147,13983,636,0,16.41295713,39.05463473,0.05565756932,0,24041490.44,24002398.16,23836405.27,24002384.81,9964132.942,43671.15041,5175.674964,15907.72457,34481.98168,38609.33421,5392.101634,FALSE,FALSE,TRUE
1117249,c125,mid/relief_q1,coastal,TRUE,1979,bc79203,23,20000,305,6553,1655.390598,dem_agl,reported,6537.68902,1,23.51366934,26366,14134,12564,12354,892,0,15.31035289,32.55477985,0.05938363075,0,24042976.59,24010504.78,23884007.07,24010508.55,11092655.79,43909.14923,4222.682025,20467.58411,23413.83082,41505.90581,4684.272184,FALSE,FALSE,TRUE
1117250,c125,mid/relief_q1,coastal,TRUE,1979,bc79203,24,20000,305,6553,1655.399334,dem_agl,reported,6540.511306,1,20.47585373,26386,15125,13360,13151,964,0,12.48779437,28.72729491,0.05855391175,0,24014935.2,24031239.67,23912053.01,24031228.79,10176150.92,70802.45297,1487.12298,39443.30242,17392.0538,67423.54326,2962.45661,FALSE,FALSE,TRUE
1117251,c125,mid/relief_q1,coastal,TRUE,1979,bc79203,25,20000,305,6553,1655.399334,dem_agl,reported,6543.482351,1,16.74191074,26411,16590,14751,14557,1057,0,9.515997343,24.83603075,0.06101125106,0,23990056.25,24053077.14,23940579.68,24053087.4,8838378.799,94253.33083,1153.997408,49063.23233,14794.54864,89052.92586,2049.102718,FALSE,FALSE,TRUE
1117252,c125,mid/relief_q1,coastal,TRUE,1979,bc79203,26,20000,305,6553,1810.994017,dem_agl,reported,6546.465557,1,12.89446035,26435,18479,17060,16914,762,0,6.533088283,20.89021897,0.06246119738,0,24018438.94,24075013.98,23969531.38,24075017.66,7154864.787,80045.23389,902.1836758,41514.25005,12372.85162,74841.57232,1428.570804,FALSE,FALSE,TRUE
1117253,c125,mid/relief_q1,coastal,TRUE,1979,bc79203,27,20000,305,6553,1803.908238,dem_agl,reported,6534.206534,1,32.64376637,26337,14105,13004,12914,521,0,18.79356674,39.99839001,0.08455137163,0,23965434.69,23984931.84,23829512.51,23984945.79,11058717.06,89928.58268,11297.80955,54199.85578,60586.3358,82992.79091,11298.69061,FALSE,FALSE,TRUE
1117254,c125,mid/relief_q1,coastal,TRUE,1979,bc79203,28,20000,305,6553,1803.908238,dem_agl,reported,6516.920531,1,41.94515858,26196,9135,8057,8013,314,0,36.07299311,55.12956985,0.2421831787,0,23945686.46,23858197.19,23718870.39,23858217.1,15518802.13,58542.30176,42427.35992,22781.65513,89657.88384,16043.09713,49885.62279,FALSE,FALSE,TRUE
1117255,c125,mid/relief_q1,coastal,TRUE,1979,bc79203,29,20000,305,6553,1810.976605,dem_agl,reported,6501.656951,1,42.27708424,26074,5454,4132,4117,317,0,51.33974479,64.72673692,0.2913366407,0,23819311.14,23746569.3,23648881.01,23746542.06,18745698.72,80371.92504,43404.064,45818.44637,77195.19992,58537.09513,40351.26783,FALSE,FALSE,TRUE
1117256,c125,mid/relief_q1,coastal,TRUE,1979,bc79203,30,20000,305,6553,1810.976605,dem_agl,reported,6478.655853,1,51.78972877,25888,3135,2140,2131,253,0,74.33830716,84.46204119,0.21686849,0,23658269.18,23578848.66,23505216.26,23578731.02,20653069.98,159700.6652,84841.45658,131410.9625,109451.712,120710.6584,78964.83561,FALSE,FALSE,TRUE
1117257,c125,mid/relief_q1,coastal,TRUE,1979,bc79203,31,20000,305,6553,1874.67007,dem_agl,reported,6446.081965,1,69.0930222,25632,2019,1407,1402,178,0,106.7796471,115.8351026,0.2253770083,0,23786213.9,23342341.6,23276805.02,23343328.39,21662573.36,11096.53749,168166.7272,4248.30149,203307.0447,14914.02486,159879.844,FALSE,FALSE,TRUE
1445182,c126,mid/relief_q1,coastal,TRUE,1966,bc4356,182,15840,305,5182,1354.845122,dem_agl,reported,5157.415151,1,72.30475484,16211,13158,12881,12876,180,0,24.50152955,129.2946147,0.09239333868,0,14752606.85,14942282.98,14341230.04,14942713.57,2527805.644,287324.5387,2470.648521,150747.3729,61648.58969,252146.8019,6186.530193,FALSE,FALSE,TRUE
1445183,c126,mid/relief_q1,coastal,TRUE,1966,bc4356,183,15840,305,5182,1353.754331,dem_agl,reported,5116.308094,1,114.047733,15954,9859,9620,9607,136,0,65.6483009,171.5412122,0.09081874788,0,14637868.55,14705038,14102632.95,14705025.41,5331392.142,304758.1837,18917.32322,143462.9809,114298.023,184718.7749,69108.85245,FALSE,FALSE,TRUE
1445184,c126,mid/relief_q1,coastal,TRUE,1966,bc4356,184,15840,305,5182,1353.754331,dem_agl,reported,5102.218071,1,116.2220598,15865,7467,7219,7172,133,0,79.73639356,150.4506128,0.09057736397,0,14757912.91,14624155.85,14221597.8,14623525.89,7549261.198,222320.4996,29789.59005,146514.33,75271.33375,77088.41221,94477.05664,FALSE,FALSE,TRUE
1445185,c126,mid/relief_q1,coastal,TRUE,1966,bc4356,185,15840,305,5182,1354.880228,dem_agl,reported,5130.943632,1,96.00675781,16042,10008,9875,9828,63,0,51.06852464,135.5610229,0.08892409876,0,14716139.56,14789287.81,14306220.61,14789247.81,5277014.126,288518.9275,4730.829876,172010.5352,26286.03123,217156.9975,15490.0345,FALSE,FALSE,TRUE
1445186,c126,mid/relief_q1,coastal,TRUE,1966,bc4356,186,15840,305,5182,1354.891758,dem_agl,reported,5168.533547,1,44.08144983,16279,13533,13449,13414,40,0,13.43903502,79.1485519,0.08732106537,0,14898856.28,15006777.8,14627629.69,15006942.49,2363707.155,168741.6949,961.4576673,100414.8329,19702.70825,151569.9599,4214.277276,FALSE,FALSE,TRUE
1445187,c126,mid/relief_q1,coastal,TRUE,1966,bc4356,187,15840,305,5182,1376.103249,dem_agl,reported,5132.687726,1,93.4966038,16053,10738,10673,10623,52,0,49.31211636,148.7078427,0.09422233328,0,14748748.78,14799343.77,14231708.04,14798735.15,4678453.187,241435.6359,16496.48222,100040.242,89597.48095,123510.0577,46963.78022,FALSE,FALSE,TRUE
1445188,c126,mid/relief_q1,coastal,TRUE,1966,bc4356,188,15840,305,5182,1374.975409,dem_agl,reported,5037.01943,1,138.6127006,15461,4734,4669,4620,52,0,144.9168049,208.8066094,0.08665115014,0,14450754.68,14252794.57,13893521.33,14253015.46,9725134.654,265133.4438,98264.15277,141319.1245,174953.1751,86565.31311,130048.8535,FALSE,FALSE,TRUE
1445189,c126,mid/relief_q1,coastal,TRUE,1966,bc4356,189,15840,305,5182,1374.96277,dem_agl,reported,4992.173296,1,119.4073258,15189,634,544,536,62,0,189.6323557,197.861295,0.09425894171,0,14509019.7,14000130.35,13954013.65,14000501.08,13722549.38,62436.89913,368450.3551,55320.92401,399369.4045,32813.59481,326210.3024,FALSE,FALSE,TRUE
1445190,c126,mid/relief_q1,coastal,TRUE,1966,bc4356,190,15840,305,5182,1374.96277,dem_agl,reported,5023.946698,1,120.183956,15384,1609,1440,1437,117,0,158.0315071,176.4242511,0.1047602296,0,14280160.17,14178909.14,14075280.78,14178602.94,12548963.56,255776.1772,113823.202,212595.1652,147439.2716,205269.7528,139406.5699,FALSE,FALSE,TRUE
1445191,c126,mid/relief_q1,coastal,TRUE,1966,bc4356,191,15840,305,5182,1374.96677,dem_agl,reported,5096.065305,1,93.45255999,15830,5236,4890,4878,218,0,85.89372591,128.1818262,0.1086420082,0,14454789.99,14588906.57,14347788.22,14589029.6,9421088.03,349692.5637,13873.25427,233698.8718,40798.70311,243203.6811,35730.73484,FALSE,FALSE,TRUE
709683,c127,mid/relief_q1,coastal,TRUE,1980,bc80019,215,20000,305,6858,1929.757264,dem_agl,reported,6855.385872,1,9.700889387,28658,25974,25790,25754,127,0,2.599925876,26.18844388,0.136644043,0,26321448.04,26400769.4,26219398.54,26400901.9,2377168.977,92508.86698,2.113361805,44098.28041,5186.932192,80399.03631,46.67537296,FALSE,FALSE,TRUE
709684,c127,mid/relief_q1,coastal,FALSE,1980,bc80019,216,20000,305,6858,2232.966856,dem_agl,reported,6857.86426,1,0.009944427966,28677,28677,28677,28677,0,0,0.1357399293,,0.1352175176,0,,,,,,,,,,,,FALSE,TRUE,FALSE
709685,c127,mid/relief_q1,coastal,TRUE,1980,bc80019,217,20000,305,6858,2232.703046,dem_agl,reported,6857.859795,1,0.2596105606,28679,28587,28590,28554,13,0,0.1402047973,2.365127648,0.1298948526,0,26419933.55,26419827.48,26402687.28,26419827.5,83844.13708,0,0,0,0,0,0,FALSE,FALSE,TRUE
709686,c127,mid/relief_q1,coastal,TRUE,1980,bc80019,218,20000,305,6858,2232.572701,dem_agl,reported,6856.139459,1,5.664107927,28663,24907,24433,24192,463,0,1.859720385,12.68285611,0.1208252162,0,26386900.69,26406573.99,26323268.7,26406596.27,3441721.394,29030.62572,113.1185703,13846.72645,4468.849355,24115.77295,459.3968083,FALSE,FALSE,TRUE
709687,c127,mid/relief_q1,coastal,TRUE,1980,bc80019,219,20000,305,6858,2232.510391,dem_agl,reported,6846.506216,1,14.95388329,28570,14325,13523,13193,756,0,11.49378412,22.6018118,0.1130209714,0,26338893.98,26332420.82,26247044.73,26332270.33,13100089.25,52934.73626,10777.72895,31419.09113,26660.88828,28062.38448,12863.08405,FALSE,FALSE,TRUE
709688,c127,mid/relief_q1,coastal,TRUE,1980,bc80019,220,20000,305,6858,2032.347804,dem_agl,reported,6827.190762,1,22.01020605,28413,3960,3418,3224,486,0,30.80910479,35.65108094,0.09428404644,0,26239684.86,26184051.66,26146924.35,26184047.33,22514465.32,78438.71083,56706.38885,68025.51326,71343.97702,55345.35325,48545.7297,TRUE,FALSE,FALSE
709689,c127,mid/relief_q1,coastal,TRUE,1980,bc80019,221,20000,305,6858,2032.347804,dem_agl,reported,6804.563619,1,38.73874008,28228,1415,1302,1180,84,0,53.43016126,56.23363871,0.06158626452,0,26045933.02,26010777.32,25989348.88,26010821.19,24650990.28,170107.7444,115674.4296,163378.1225,125956.4024,125996.0972,82980.75132,FALSE,FALSE,TRUE
709690,c127,mid/relief_q1,coastal,TRUE,1980,bc80019,222,20000,305,6858,2025.67998,dem_agl,reported,6808.719269,1,46.79827671,28258,7335,6898,6750,205,0,49.28287538,66.52083845,0.03084549494,0,26099502,26042557.38,25910857.91,26042444.3,19225119.23,129718.3547,74029.30295,91806.17827,127804.6735,61724.82113,66590.61927,FALSE,FALSE,TRUE
709691,c127,mid/relief_q1,coastal,TRUE,1980,bc80019,223,20000,305,6858,2025.67998,dem_agl,reported,6811.118318,1,57.67157874,28282,11340,10634,10547,397,0,46.81444533,78.00258732,0.01381741324,0,25844326.85,26060912.78,25822793.12,26061130.59,15288832.2,350969.1153,27031.23691,231497.2111,72853.65633,324723.7801,18163.40317,FALSE,FALSE,TRUE
709692,c127,mid/relief_q1,coastal,TRUE,1980,bc80019,224,20000,305,6858,2032.534117,dem_agl,reported,6722.520874,1,168.1344687,27550,8923,8185,8145,518,0,135.453284,200.1141029,0.008205913007,0,25594452.31,25387333.74,24901304.44,25387502.87,16929261.1,450230.8653,212216.8078,344607.9711,383903.3551,332674.9436,301003.0517,FALSE,FALSE,TRUE
880702,c128,mid/relief_q1,coastal,FALSE,1986,bc86007,86,16000,153,2499,1451.294248,dem_agl,reported,2460.445828,1,21.50859673,15010,0,0,0,0,0,38.55417225,38.55417225,,0,13492931.51,13514413.58,13514413.58,13514431.6,13492931.51,104374.4749,82892.40791,104374.4749,82892.40791,81237.73507,59737.65115,FALSE,FALSE,TRUE
880703,c128,mid/relief_q1,coastal,FALSE,1986,bc86007,87,16000,153,2499,1451.391283,dem_agl,reported,2467.166621,1,15.89909576,15091,0,0,0,0,0,31.83337866,31.83337866,,0,13548046.41,13588344.6,13588344.6,13588334.74,13548046.41,87756.85334,47458.66379,87756.85334,47458.66379,81980.11352,41691.78626,FALSE,FALSE,TRUE
880704,c128,mid/relief_q1,coastal,FALSE,1986,bc86007,88,16000,153,2499,1451.488493,dem_agl,reported,2469.097663,1,12.08564148,15116,0,0,0,0,0,29.90019402,29.90019402,,0,13519288.32,13609624.01,13609624.01,13609662.77,13519288.32,123771.9577,33436.26622,123771.9577,33436.26622,124326.0077,33951.55098,FALSE,FALSE,TRUE
880705,c128,mid/relief_q1,coastal,TRUE,1986,bc86007,89,16000,153,2499,1451.585456,dem_agl,reported,2447.776211,1,50.82010826,14857,539,524,514,3,0,51.22378856,53.15899032,-0.4392501712,0,13489026.68,13375591.91,13354450.9,13374918.66,12949573.65,137148.6957,195434.5409,133506.1194,210997.6169,89609.37843,124085.8692,FALSE,FALSE,TRUE
880706,c128,mid/relief_q1,coastal,TRUE,1986,bc86007,90,16000,153,2499,1462.272019,dem_agl,reported,2435.259298,1,59.39794189,14707,1712,1617,1599,21,0,63.75049922,72.17260306,-0.4313987494,0,13632518.59,13239147.2,13147732.98,13238774.28,12016013.67,21677.61842,339926.0154,17599.27561,416873.1509,23388.38727,360074.3844,FALSE,FALSE,TRUE
880707,c128,mid/relief_q1,coastal,TRUE,1986,bc86007,91,16000,153,2499,1466.522917,dem_agl,reported,2443.62888,1,57.45882018,14808,3023,2875,2857,56,0,55.37474952,69.63324389,-0.4206108451,0,13479410.08,13330305.08,13175195.15,13329060.85,10676485.59,164223.8485,229956.2656,136846.9227,335104.6916,121059.1382,199411.8643,FALSE,FALSE,TRUE
880708,c128,mid/relief_q1,coastal,TRUE,1986,bc86007,92,16000,153,2499,1470.267953,dem_agl,reported,2462.947711,1,35.61192405,15048,3383,3270,3244,69,0,36.05228886,46.56968708,-0.4001922607,0,13492776.85,13541911.59,13426503.88,13541866.28,10397040.45,171439.1912,72171.38053,124672.8025,126423.581,197304.1086,94191.00953,FALSE,FALSE,TRUE
880709,c128,mid/relief_q1,coastal,TRUE,1986,bc86007,93,16000,153,2499,1466.848727,dem_agl,reported,2472.44428,1,26.42713709,15165,5029,4918,4861,58,0,26.55571996,39.73392176,-0.06394946575,0,13591822.77,13646542.01,13501456.74,13646479.88,9010491.889,152325.6363,39786.48839,95571.78472,98989.34254,156431.0671,65808.13521,FALSE,FALSE,TRUE
880710,c128,mid/relief_q1,coastal,TRUE,1986,bc86007,94,16000,153,2499,1466.848727,dem_agl,reported,2482.397055,1,22.07004211,15287,7883,7805,7734,28,0,16.59811624,34.13930379,0.2800376415,0,13609634.89,13756630.91,13562902.77,13756645.12,6458213.658,214292.7754,5460.62456,113009.1879,31935.11164,202083.6265,13380.53752,FALSE,FALSE,TRUE
880711,c128,mid/relief_q1,coastal,TRUE,1986,bc86007,95,16000,153,2499,1466.957452,dem_agl,reported,2489.684356,1,18.00085832,15378,10653,10577,10528,26,0,9.307481491,29.81869182,0.2748102546,0,13666452.57,13837517.12,13610456.14,13837593.24,4040753.976,216482.8558,1110.711198,111474.8993,22694.58738,198318.4243,1868.875373,FALSE,FALSE,TRUE
1248487,c129,mid/relief_q1,coastal,TRUE,1967,bc5225,45,15840,153,2438,1317.070332,dem_agl,reported,2426.971728,1,18.15172428,14593,8325,2951,2573,16,0,11.02827167,27.37317054,-1.513399601,0,13096496.33,13149190.73,12972675.72,13149169.72,5531136.806,121049.2699,14816.43418,56013.74505,52461.64991,72417.71788,12266.47428,FALSE,FALSE,TRUE
1248488,c129,mid/relief_q1,coastal,TRUE,1967,bc5225,46,15840,153,2438,1317.070332,dem_agl,reported,2436.828451,1,6.625802622,14714,11185,5416,4740,24,0,1.171549338,8.265785651,-1.241713524,0,13225467.53,13256213.91,13179141.75,13256210.69,3123746.02,40217.85654,104.5024,21827.30387,19385.29513,38397.86967,475.5461373,FALSE,FALSE,TRUE
1248489,c129,mid/relief_q1,coastal,TRUE,1967,bc5225,47,15840,153,2438,1317.09111,dem_agl,reported,2434.106048,1,11.4272441,14678,10077,5110,4683,49,0,3.89164296,14.60601559,-1.132552028,0,13171970.71,13226611.01,13110426.31,13226629.92,4047664.697,88552.12282,4154.314569,63104.10572,26608.67862,85188.65498,15157.64152,FALSE,FALSE,TRUE
1248490,c129,mid/relief_q1,coastal,TRUE,1967,bc5225,48,15840,153,2438,1317.111967,dem_agl,reported,2419.216224,1,36.02825819,14502,7793,2753,2507,67,0,18.78377644,42.09978615,-2.035467386,0,12969286.4,13065287.27,12814658.68,13065287.68,5871231.153,204435.2442,37575.47172,115024.5411,112107.6986,184169.7112,22575.86872,FALSE,FALSE,TRUE
1248491,c129,mid/relief_q1,coastal,TRUE,1967,bc5225,49,15840,153,2438,1317.13291,dem_agl,reported,2404.397803,1,43.48886845,14323,6580,339,310,61,0,33.59970597,63.76128502,-2.077090502,0,12822759.69,12905719.91,12583963.33,12905278.87,6800616.923,209362.0081,33218.3555,85453.07295,148537.6513,170681.443,43991.31551,FALSE,FALSE,TRUE
1248492,c129,mid/relief_q1,coastal,TRUE,1967,bc5225,50,15840,153,2438,1317.1746,dem_agl,reported,2386.19263,1,49.45229768,14109,4910,164,138,49,0,51.80691977,80.48486204,-2.082117558,0,12589771.65,12711025.52,12407332.04,12711065.57,8047146.184,290450.2915,51645.16441,145120.8637,147209.7004,251215.7262,33246.11282,FALSE,FALSE,TRUE
1248493,c129,mid/relief_q1,coastal,TRUE,1967,bc5225,51,15840,153,2438,1317.1746,dem_agl,reported,2370.961171,1,52.77279625,13930,3569,149,133,36,0,67.0394331,90.78291409,-2.080222368,0,12513097.11,12549270.3,12299184.88,12549217.79,9159237.446,273232.604,101712.765,150639.3596,185703.1427,177163.0345,46512.92975,FALSE,FALSE,TRUE
1248494,c129,mid/relief_q1,coastal,TRUE,1967,bc5225,52,15840,153,2438,1317.195401,dem_agl,reported,2356.132306,1,54.19603207,13754,2421,295,279,31,0,81.8827231,99.73011734,-2.065798044,0,12555801.71,12392785.67,12205749.29,12392272.57,10149013.8,168783.321,105875.7159,86867.08366,165968.972,91367.0656,122964.1408,FALSE,FALSE,TRUE
1258382,c129,mid/relief_q1,coastal,TRUE,1967,bc5225,53,4800,153,762,147.8884129,dem_agl,reported,717.3896983,1,44.42493825,1276,105,53,53,2,0,44.5279394,48.5906289,-0.9050038457,0,1124039.82,1148893.738,1135917.857,1148961.944,983601.0811,90388.43724,20231.10646,84695.08498,23722.25741,52645.51283,13833.82811,FALSE,FALSE,TRUE
1258383,c129,mid/relief_q1,coastal,TRUE,1967,bc5225,54,4800,153,762,147.8884129,dem_agl,reported,697.0364723,1,54.17112676,1202,0,0,0,0,0,65.02465297,65.02465297,,0,1065413.069,1084627.463,1084627.463,1084233.089,1058876.249,101456.5575,75705.34302,101456.5575,75705.34302,55000.27328,31192.94987,FALSE,FALSE,TRUE
1606852,c130,mid/relief_q1,coastal,TRUE,2007,bcc07056,109,20000,153,3363,2011.457157,dem_agl,reported,3331.707486,1,14.76380394,26864,2243,1833,1699,301,0,31.28844153,34.06962472,0.1025313959,0,24845728.07,24780115.13,24738761.4,24780174.15,22692820.47,88209.74893,71530.03861,70378.11389,87971.92766,39060.69452,49833.7514,TRUE,FALSE,FALSE
1606853,c130,mid/relief_q1,coastal,TRUE,2007,bcc07056,110,20000,153,3374,2004.2817,dem_agl,reported,3354.86524,1,15.10849751,27240,4502,3700,3231,755,0,19.13302114,22.73224769,0.1385558918,0,25085341.3,25125791.43,25071908.54,25125754.86,20870004.47,128559.1144,23703.73724,98794.89945,35743.5327,93630.47358,26606.34733,TRUE,FALSE,FALSE
1606854,c130,mid/relief_q1,coastal,TRUE,2007,bcc07056,111,20000,153,3371,2004.2817,dem_agl,reported,3359.123693,1,11.03804242,27310,7519,6301,5759,1078,0,11.87628702,16.05661225,0.1321484894,0,25166817.47,25189618.07,25126961.69,25189602.6,18168981.91,98256.20552,14194.15126,72384.37131,28515.22377,76157.53131,17192.91669,TRUE,FALSE,FALSE
1606855,c130,mid/relief_q1,coastal,TRUE,2007,bcc07056,112,20000,153,3364,2024.642731,dem_agl,reported,3354.147356,1,11.83756199,27228,11899,10651,10280,1040,0,9.852094978,17.02762385,0.1411944479,0,25100016.7,25115039.59,25007697.31,25115026.79,14070028.28,90190.34155,9040.392889,58769.70649,35488.81593,55416.06834,22194.87328,FALSE,FALSE,TRUE
1606856,c130,mid/relief_q1,coastal,TRUE,2007,bcc07056,113,20000,153,3364,1991.793911,dem_agl,reported,3359.642134,1,9.248007754,27319,20144,18936,18738,888,0,4.355069973,15.48731307,0.1478081048,0,25119470.2,25197394.12,25030686.61,25197424.26,6509373.086,116784.7489,147.7644913,62471.46032,7728.922646,97912.10746,1722.826404,FALSE,FALSE,TRUE
1606857,c130,mid/relief_q1,coastal,TRUE,2007,bcc07056,114,20000,153,3360,1991.793911,dem_agl,reported,3358.851817,1,4.16619477,27305,25213,24856,24815,217,0,1.148542362,12.51282528,0.1533814818,0,25150451,25185540.72,25015404.35,25185539.62,1875953.903,45152.95907,28.27633156,21380.09307,7769.89041,41922.14459,98.25312876,FALSE,FALSE,TRUE
1606858,c130,mid/relief_q1,coastal,TRUE,2007,bcc07056,115,20000,153,3350,2011.304167,dem_agl,reported,3349.575605,1,1.677841743,27154,26325,26149,26118,109,0,0.4243994995,7.929625866,0.1596945971,0,25043208.18,25046621.93,24934506.25,25046621.65,748868.804,5367.705292,0,142.4621264,2166.225584,5144.64763,0.02233258082,FALSE,FALSE,TRUE
1606859,c130,mid/relief_q1,coastal,TRUE,2007,bcc07056,116,20000,153,3358,2011.304167,dem_agl,reported,3357.807609,1,0.5175396713,27289,27178,27148,27138,28,0,0.192390582,6.19303102,0.1597712263,0,25169520.1,25169883.67,25080003.32,25169883.66,102854.2809,13.44999149,0,0,266.5296406,12.83307,0,FALSE,FALSE,TRUE
1606860,c130,mid/relief_q1,coastal,FALSE,2007,bcc07056,117,20000,153,3369,2017.842134,dem_agl,reported,3368.840078,1,0.0142269218,27470,27470,27470,27470,0,0,0.1599221626,,0.1574605629,0,,,,,,,,,,,,FALSE,TRUE,FALSE
1606861,c130,mid/relief_q1,coastal,FALSE,2007,bcc07056,118,20000,153,3376,2011.822524,dem_agl,reported,3375.841143,1,0.01608220623,27583,27583,27583,27583,0,0,0.1588568655,,0.1564487517,0,,,,,,,,,,,,FALSE,TRUE,FALSE
839265,c131,mid/relief_q1,coastal,TRUE,1983,bc83015,42,16000,153,2896,1736.077348,dem_agl,reported,2886.948153,1,16.4029637,20597,14072,13805,13773,47,0,9.046673016,28.92394131,0.1406541392,0,18635529.93,18605766.19,18350438.7,18605836.71,5834937.529,58268.42455,1232.847705,13781.68224,23261.27072,63851.01905,2598.568885,FALSE,FALSE,TRUE
839266,c131,mid/relief_q1,coastal,TRUE,1983,bc83015,43,16000,153,2896,1735.869732,dem_agl,reported,2883.093158,1,18.26335107,20542,10952,10596,10574,62,0,12.90319844,27.84343815,0.1318466738,0,18611212.91,18556110.13,18364292.24,18556010.76,8598435.9,69611.26264,2813.15567,35384.21343,20522.38198,49756.83092,8874.994578,FALSE,FALSE,TRUE
839267,c131,mid/relief_q1,coastal,TRUE,1983,bc83015,44,16000,153,2896,1735.869732,dem_agl,reported,2877.516048,1,23.00361142,20459,9138,8751,8744,97,0,18.46568245,33.40850976,0.1691143215,0,18596902.04,18484388.98,18292910.04,18484373.49,10163498.98,68070.1647,4982.278735,33722.96265,21106.64684,34154.26457,11157.75123,FALSE,FALSE,TRUE
839268,c131,mid/relief_q1,coastal,TRUE,1983,bc83015,45,16000,153,2896,1582.521839,dem_agl,reported,2867.545697,1,28.43489256,20318,7752,7503,7496,83,0,28.42502022,45.95637379,0.1928496808,0,18503502.32,18356517.19,18132750.33,18356588.6,11273828.21,92597.2805,15924.5075,48241.61555,59533.7431,50968.16562,25568.58132,FALSE,FALSE,TRUE
839269,c131,mid/relief_q1,coastal,TRUE,1983,bc83015,46,16000,153,2896,1582.362726,dem_agl,reported,2857.362286,1,33.11391743,20173,6742,6563,6563,48,0,38.59040509,57.94544195,0.1921849102,0,18433074.06,18226371.04,17980285.84,18226672.83,12088694.48,85834.02523,38759.64389,40550.01298,114571.2012,44706.73663,66786.9976,FALSE,FALSE,TRUE
839270,c131,mid/relief_q1,coastal,TRUE,1983,bc83015,47,16000,153,2896,1582.362726,dem_agl,reported,2851.613669,1,33.74672076,20088,5870,5840,5822,29,0,44.32878619,62.58942584,0.193580538,0,18380209.17,18153106.93,17921360.26,18153530.65,12848609,56637.01421,59123.92432,20096.2973,162707.9332,32539.49892,125099.6678,FALSE,FALSE,TRUE
839271,c131,mid/relief_q1,coastal,TRUE,1983,bc83015,48,16000,153,2896,1587.123842,dem_agl,reported,2852.222256,1,33.68300669,20096,5597,5646,5571,11,0,43.74610466,60.57925875,0.2008169144,0,18335642.7,18160856.18,17947126.42,18161105.78,13054525.43,86530.21323,36866.28567,37109.2781,115349.9485,46464.37159,88781.00086,FALSE,FALSE,TRUE
839272,c131,mid/relief_q1,coastal,TRUE,1983,bc83015,49,16000,153,2896,1582.679277,dem_agl,reported,2860.710623,1,31.15202512,20210,6553,6708,6505,2,0,35.26572876,52.1447219,0.2067469656,0,18404680.24,18269112.4,18054162.66,18269310.3,12271789.98,86103.79635,10367.31185,29979.20386,68986.53806,36689.01687,59623.77121,FALSE,FALSE,TRUE
839273,c131,mid/relief_q1,coastal,TRUE,1983,bc83015,50,16000,153,2896,1582.679277,dem_agl,reported,2874.261932,1,27.4442873,20405,10116,10215,9943,0,0,21.73426726,43.01926111,0.2075212449,0,18404602.01,18442605.49,18170467.98,18442811.97,9141946.078,170235.3745,11945.01049,63762.45686,58780.6415,118810.1058,32411.30656,FALSE,FALSE,TRUE
839274,c131,mid/relief_q1,coastal,TRUE,1983,bc83015,51,16000,153,2896,1667.305452,dem_agl,reported,2881.686788,1,24.76667583,20508,13396,13300,13068,0,0,14.25477935,40.95085519,0.2158353776,0,18329467.77,18538011.24,18196128.28,18538778.36,6141926.315,291217.8382,7557.28566,141602.9142,57504.24507,287096.2131,7554.716027,FALSE,FALSE,TRUE
1447016,c132,mid/relief_q1,coastal,TRUE,1966,bc4365,167,15840,305,5182,1471.255599,dem_agl,reported,5147.0543,1,39.86391573,15990,5598,5090,5054,311,0,34.93110108,53.55824216,0.07893506065,0,14801868.65,14882307.48,14774784.54,14882387.15,9533485.808,160849.4144,18365.38347,111651.4645,43536.52524,135340.5697,20955.10302,FALSE,FALSE,TRUE
1447017,c132,mid/relief_q1,coastal,TRUE,1966,bc4365,168,15840,305,5182,1472.37685,dem_agl,reported,5132.510568,1,43.99774601,15901,3352,3036,3011,208,0,49.47757706,62.58455154,0.08313045278,0,14725749.37,14798322.17,14722837.25,14798401.01,11549161.31,157371.0749,24138.86231,116993.6349,43224.40359,120760.304,9372.918335,FALSE,FALSE,TRUE
1447018,c132,mid/relief_q1,coastal,TRUE,1966,bc4365,169,15840,305,5182,1472.286169,dem_agl,reported,5106.147887,1,47.10787383,15734,1665,1428,1421,169,0,75.83138741,84.71714555,0.09828854352,0,14751622.45,14646692.08,14595759.86,14646783.05,13085150.26,74885.44604,60685.43958,59873.00185,82762.93757,62241.8236,63330.17688,TRUE,FALSE,FALSE
1447019,c132,mid/relief_q1,coastal,TRUE,1966,bc4365,170,15840,305,5182,1471.276446,dem_agl,reported,5109.071086,1,48.55511535,15751,3138,2848,2837,221,0,72.92038628,90.91937058,0.09748660028,0,14751886.86,14663466.93,14560331.7,14663576.68,11713113.41,82758.50202,53409.43928,52777.72181,97730.98567,50523.32916,75611.60439,FALSE,FALSE,TRUE
1447020,c132,mid/relief_q1,coastal,TRUE,1966,bc4365,171,15840,305,5182,1471.276446,dem_agl,reported,5141.132686,1,45.04264092,15950,6931,6420,6400,306,0,40.86432461,72.04004214,0.09178157896,0,14817228.79,14848083.41,14668552.49,14848098.85,8242236.833,160049.2569,8823.723859,89725.24479,26709.93408,81427.40368,24373.4342,FALSE,FALSE,TRUE
1447021,c132,mid/relief_q1,coastal,TRUE,1966,bc4365,172,15840,305,5182,1472.39729,dem_agl,reported,5166.241752,1,26.38713475,16103,10805,10081,10037,413,0,15.75545896,47.40722497,0.08293283731,0,14913590.99,14993472.35,14810315.57,14993484.3,4808287.087,120411.7759,1794.608613,51507.67062,30156.64746,107324.5641,6192.346575,FALSE,FALSE,TRUE
1447022,c132,mid/relief_q1,coastal,TRUE,1966,bc4365,173,15840,305,5182,1402.238312,dem_agl,reported,5169.69223,1,22.46377161,16126,11143,10206,10136,491,0,12.30776985,39.31560126,0.07623820752,0,15004486.68,15013507.01,14857047.75,15013504.54,4583816.949,58315.03325,103.7480077,29007.02906,14104.14279,57075.87929,326.1273476,FALSE,FALSE,TRUE
1447023,c132,mid/relief_q1,coastal,TRUE,1966,bc4365,174,15840,305,5182,1401.126765,dem_agl,reported,5172.912366,1,20.01245478,16143,12485,11827,11761,395,0,9.089164935,39.37653147,0.06119893864,0,15059414.3,15032216.28,14856704.55,15032208.66,3388603.055,18729.54641,1.085855616,7380.82646,3437.095581,16474.33792,56.72876263,FALSE,FALSE,TRUE
1447024,c132,mid/relief_q1,coastal,TRUE,1966,bc4365,175,15840,305,5182,1401.126765,dem_agl,reported,5179.368719,1,9.67391316,16184,14780,14472,14432,158,0,2.623030094,29.27689823,0.05086863227,0,15012030.64,15069763.35,14915059.57,15069803.7,1241267.117,68487.96558,0,27849.49323,919.1553997,60315.66546,1.383212169,FALSE,FALSE,TRUE
1447025,c132,mid/relief_q1,coastal,TRUE,1966,bc4365,176,15840,305,5182,1401.135044,dem_agl,reported,5178.198787,1,13.86457922,16174,14509,14308,14263,156,0,3.78899865,35.85954051,0.04581689462,0,14992041.16,15062956.11,14876952.74,15063028.89,1467290.205,86408.2071,97.40759578,39859.37732,7174.683799,75635.05485,242.8856442,FALSE,FALSE,TRUE
1230505,c133,mid/relief_q1,coastal,FALSE,1966,bc5224,59,15840,153,1082,428.004655,dem_agl,corrected_roll_table,907.1090142,1,17.07598461,2042,0,0,0,0,0,175.1910689,175.1910689,,0,1816207.788,1836912.865,1836912.865,1835725.337,1816207.788,40342.24964,19637.17217,40342.24964,19637.17217,34569.34922,15051.79983,FALSE,FALSE,FALSE
1230506,c133,mid/relief_q1,coastal,FALSE,1966,bc5224,60,15840,153,1082,428.004655,dem_agl,corrected_roll_table,912.0533446,1,10.77040475,2066,0,0,0,0,0,169.9807058,169.9807058,,0,1852749.793,1856992.164,1856992.164,1856835.378,1852749.793,15519.39977,11277.02939,15519.39977,11277.02939,10496.2453,6410.660533,FALSE,FALSE,FALSE
1230507,c133,mid/relief_q1,coastal,FALSE,1966,bc5224,61,15840,153,1082,428.0981615,dem_agl,corrected_roll_table,914.533465,1,9.90609144,2078,0,0,0,0,0,167.486823,167.486823,,0,1864801.381,1867105.226,1867105.226,1867031.883,1864801.381,13635.54208,11331.69715,13635.54208,11331.69715,12228.84375,9998.341515,FALSE,FALSE,FALSE
1230508,c133,mid/relief_q1,coastal,TRUE,1966,bc5224,62,15840,153,1905,997.0793568,dem_agl,reported,1886.735895,1,25.24875277,8781,4801,4746,4732,21,0,18.27078801,40.43083286,0.1058827043,0,7938524.616,7946791.42,7761214.748,7946664.473,3508160.188,101461.1864,9620.968392,45104.28263,38758.32192,54144.26096,24121.05493,FALSE,FALSE,TRUE
1230509,c133,mid/relief_q1,coastal,TRUE,1966,bc5224,63,15840,153,1905,997.0103209,dem_agl,reported,1881.691134,1,27.56922848,8749,3133,3348,3080,12,0,23.3155589,36.4029124,0.01577191427,0,7895282.11,7904351.915,7794783.13,7904230.217,4995537.014,113916.7323,37729.73252,71453.64101,67117.77261,53922.849,21826.55882,FALSE,FALSE,TRUE
1230510,c133,mid/relief_q1,coastal,TRUE,1966,bc5224,64,15840,153,1905,996.9413956,dem_agl,reported,1883.566911,1,26.7991268,8754,1593,1931,1560,5,0,21.52964359,26.37459979,-0.2620921135,0,7860358.967,7920118.789,7879426.55,7919380.479,6373784.459,139072.4345,39142.1171,122183.0038,53899.17031,91426.0556,9640.316694,FALSE,FALSE,TRUE
1230511,c133,mid/relief_q1,coastal,TRUE,1966,bc5224,65,15840,153,1905,996.8725162,dem_agl,reported,1887.662781,1,20.92835023,8792,355,771,342,0,0,17.44594561,18.17446928,0.09852522612,0,7855435.328,7954601.29,7948462.485,7953366.48,7517708.732,141564.9726,28235.60281,138165.9469,30372.31876,119122.3757,10908.7541,FALSE,FALSE,TRUE
1230512,c133,mid/relief_q1,coastal,TRUE,1966,bc5224,66,15840,153,1905,996.0722322,dem_agl,reported,1887.643288,1,18.37092859,8791,0,151,0,0,0,17.42352279,17.42352279,,0,7853549.482,7954437.009,7954437.009,7953801.126,7853549.482,134226.5377,33339.01105,134226.5377,33339.01105,116993.0411,16741.39708,FALSE,FALSE,TRUE
1230513,c133,mid/relief_q1,coastal,FALSE,1966,bc5224,67,15840,153,1905,996.0722322,dem_agl,reported,1887.689811,1,15.43433534,8791,0,71,0,0,0,17.35480619,17.35480619,,0,7887051.664,7954829.105,7954829.105,7954378.589,7887051.664,97728.5535,29951.11273,97728.5535,29951.11273,80500.93017,13174.00491,FALSE,FALSE,TRUE
1230514,c133,mid/relief_q1,coastal,FALSE,1966,bc5224,68,15840,153,1905,1010.187571,dem_agl,reported,1887.650264,1,12.83060681,8791,0,1,0,0,0,17.38558182,17.38558182,,0,7887804.026,7954495.802,7954495.802,7954169.745,7887804.026,89872.16887,23180.39345,89872.16887,23180.39345,86960.27628,20594.55778,FALSE,FALSE,TRUE
917270,c134,mid/relief_q1,coastal,TRUE,1987,bc87025,78,23000,153,4267,719.9934054,dem_agl,reported,4251.91197,1,20.69085506,44617,24898,24159,24140,87,0,15.05353704,34.15526085,0.08564075083,0,40112742.67,40358788.35,39996979,40359375.22,17490562.27,358652.9337,7988.145634,174863.4662,52082.92425,321726.8999,11280.76873,FALSE,FALSE,TRUE
917271,c134,mid/relief_q1,coastal,TRUE,1987,bc87025,79,23000,153,4267,713.9245902,dem_agl,reported,4248.539295,1,22.91441882,44547,21767,21026,20990,86,0,18.43659615,36.1652002,0.08275669068,0,40082277.79,40294787.46,39959199.25,40295182.3,20280709.65,340874.1381,19071.89488,173460.0062,81561.45778,311779.654,35512.2838,FALSE,FALSE,TRUE
917272,c134,mid/relief_q1,coastal,TRUE,1987,bc87025,80,23000,153,4267,713.8904626,dem_agl,reported,4245.37454,1,24.47740009,44475,18183,17542,17385,85,0,21.606517,36.65673035,0.08022908121,0,40046529.14,40234778.29,39950012.53,40235059.04,23496122.3,327078.6817,39349.97421,181640.6859,109246.2204,296700.168,70743.85541,FALSE,FALSE,TRUE
917273,c134,mid/relief_q1,coastal,TRUE,1987,bc87025,81,23000,153,4267,713.0949397,dem_agl,reported,4241.953305,1,25.86485764,44404,14431,14038,13673,79,0,25.03377156,37.19236681,0.07649502158,0,40016515.72,40169956.14,39940010.05,40170066.4,26868620.15,305650.4128,60497.87771,194196.2938,134506.7493,267628.5536,87709.37942,FALSE,FALSE,TRUE
917274,c134,mid/relief_q1,coastal,TRUE,1987,bc87025,82,23000,153,4267,713.0949397,dem_agl,reported,4238.453762,1,26.99999512,44333,11290,11391,10997,46,0,28.53080877,38.31446224,0.0803110078,0,39934924.45,40103704.34,39918774.69,40103798.03,29645018.89,306972.4006,65244.86291,213861.4466,131933.9016,284173.2775,91573.66434,FALSE,FALSE,TRUE
917275,c134,mid/relief_q1,coastal,TRUE,1987,bc87025,83,23000,153,4267,713.0267484,dem_agl,reported,4235.79555,1,27.99725653,44272,8845,9082,8635,34,0,31.19718509,39.00954267,0.09157154709,0,39927291.21,40053416.8,39905806.73,40053338.43,31848387.98,267903.343,69504.14807,194992.8287,126060.2165,244729.221,84882.39942,FALSE,FALSE,TRUE
917276,c134,mid/relief_q1,coastal,TRUE,1987,bc87025,84,23000,153,4267,712.9924353,dem_agl,reported,4233.750409,1,28.38716943,44230,6491,6788,6333,24,0,33.24788059,38.98643973,0.1011527404,0,39946039.87,40014748.69,39906347.69,40014635.13,33997987.53,220806.5669,82828.56721,170262.2522,128781.0383,206096.9799,94063.89874,FALSE,FALSE,TRUE
917277,c134,mid/relief_q1,coastal,TRUE,1987,bc87025,85,23000,153,4267,712.9924353,dem_agl,reported,4232.444413,1,27.85523667,44201,4296,4626,4171,18,0,34.55606594,38.28527458,0.08567916229,0,39948807.93,39990065.59,39919626.11,39989842.72,35996475.64,182401.1519,80052.73309,149444.5001,110919.0856,173630.3725,88285.82232,FALSE,FALSE,TRUE
917278,c134,mid/relief_q1,coastal,TRUE,1987,bc87025,86,23000,153,4267,772.7239826,dem_agl,reported,4232.167685,1,27.20176517,44195,2500,2864,2409,8,0,34.8307061,36.92583611,-0.03653679974,0,39939946.95,39984836.46,39945257.36,39984692.09,37625185.03,183614.7231,89695.76248,164270.5256,106949.3259,168496.7738,84940.33006,FALSE,FALSE,TRUE
917279,c134,mid/relief_q1,coastal,TRUE,1987,bc87025,87,23000,153,4267,772.6859516,dem_agl,reported,4232.446612,1,26.45561933,44197,1067,1479,1028,2,0,34.54933585,35.40547773,-0.08554180712,0,39901781.55,39990107.16,39973930.35,39989977.32,38897517.54,223908.7018,100032.7726,216263.7882,107697.3768,193134.2517,76735.89417,FALSE,FALSE,TRUE
1116030,c135,mid/relief_q1,coastal,TRUE,1979,bc79144,197,20000,305,6553,1950.779668,dem_agl,reported,6506.397481,1,23.48320207,26076,8,6,2,3,0,46.6025187,46.61628476,1.598096907,0,23730558.43,23781210.43,23781109.8,23781198.42,23717499.64,125501.1212,70044.11029,125445.4895,70087.80189,114100.7047,59622.93799,TRUE,FALSE,FALSE
1116031,c135,mid/relief_q1,coastal,TRUE,1979,bc79144,198,20000,305,6553,1957.848141,dem_agl,reported,6497.363831,1,34.39637991,26011,2260,1856,1856,77,0,55.62704405,60.93083572,0.1090374067,0,23767986.99,23715219.38,23676517.76,23715228.09,21620812.81,139359.9164,106862.8226,126234.2696,124490.0164,103745.029,80114.66452,FALSE,FALSE,TRUE
1116032,c135,mid/relief_q1,coastal,TRUE,1979,bc79144,199,20000,305,6553,1957.859434,dem_agl,reported,6502.310529,1,47.26917631,26042,8717,8150,8149,146,0,50.6974363,76.20731214,0.1290621907,0,23772043.65,23751343.77,23565346.72,23751164.73,15699006.25,141173.7111,33261.58616,78406.20436,92611.08144,60027.90071,42026.16717,FALSE,FALSE,TRUE
1116033,c135,mid/relief_q1,coastal,TRUE,1979,bc79144,200,20000,305,6553,1957.88791,dem_agl,reported,6521.408831,1,46.57441314,26196,15437,14869,14866,155,0,31.58435928,76.8454359,0.1340401769,0,23810223.47,23891071.49,23560595.92,23891051.17,9617615.206,194359.5939,2385.882327,57850.44949,37279.49471,122898.9731,8372.003454,FALSE,FALSE,TRUE
1116034,c135,mid/relief_q1,coastal,TRUE,1979,bc79144,201,20000,305,6553,1957.899668,dem_agl,reported,6539.046814,1,28.81739458,26340,20097,19764,19760,137,0,13.95102838,58.65533491,0.1299116164,0,23970640.62,24020479.16,23693168.99,24020510.26,5573678.947,120618.0644,1619.289658,37813.63091,23462.06571,92202.26633,6175.71904,FALSE,FALSE,TRUE
1116035,c135,mid/relief_q1,coastal,TRUE,1979,bc79144,202,20000,305,6553,1618.948054,dem_agl,reported,6551.852516,1,6.494859411,26432,25633,25350,25350,53,0,1.146316144,33.85745335,0.1473968327,0,24085517.03,24114652,23874460.84,24114660.57,692397.0228,35622.41919,0,8181.410011,2159.29164,34629.72152,0,FALSE,FALSE,TRUE
1116036,c135,mid/relief_q1,coastal,TRUE,1979,bc79144,203,20000,305,6553,1618.934522,dem_agl,reported,6547.643372,1,14.31977185,26402,22900,22542,22542,81,0,5.355538331,39.67057046,0.1397060752,0,24051913.99,24083677.73,23831902.69,24083677.35,3130160.093,62237.23742,0,14257.5736,4651.983652,53033.60764,113.6161538,FALSE,FALSE,TRUE
1116037,c135,mid/relief_q1,coastal,TRUE,1979,bc79144,204,20000,305,6553,1618.934522,dem_agl,reported,6542.52057,1,18.33126084,26360,18855,18278,18278,135,0,10.47643882,36.59912594,0.1348100454,0,24008174.75,24046006.88,23854370.55,24046010.99,6760349.773,88651.38665,145.2773278,28418.29681,4199.792245,57697.08207,946.61207,FALSE,FALSE,TRUE
1116038,c135,mid/relief_q1,coastal,TRUE,1979,bc79144,205,20000,305,6553,1619.026183,dem_agl,reported,6539.492125,1,19.60421348,26334,15481,15130,15078,122,0,13.50661867,32.65978756,0.1307613999,0,23992011.26,24023750.88,23883233.2,24023748.26,9812589.013,89740.16645,1753.620114,41064.37785,13180.07984,57514.01166,7033.768114,FALSE,FALSE,TRUE
1116039,c135,mid/relief_q1,coastal,TRUE,1979,bc79144,206,20000,305,6553,2083.243054,dem_agl,reported,6531.475976,1,29.28631392,26271,12400,11819,11758,235,0,21.52198828,40.70128512,0.1252467558,0,23884550.3,23964890.06,23824353.71,23964908.36,12509747.85,149298.4183,5033.855158,91622.51893,30928.11689,110721.0173,12966.10616,FALSE,FALSE,TRUE
1461172,c136,mid/relief_q2,coastal,TRUE,1965,bc4330,39,15840,305,5791,1428.575201,dem_agl,reported,5656.168309,1,114.3029453,19763,3451,3222,3173,193,0,134.5337741,162.8909959,0.07557769865,0,18332386.52,17972041.87,17792287.8,17973648.36,14806626.57,178220.2434,150016.9965,144309.8803,216132.5755,103272.4318,156863.0404,FALSE,FALSE,TRUE
1461173,c136,mid/relief_q2,coastal,TRUE,1965,bc4330,40,15840,305,5791,1435.672119,dem_agl,reported,5649.465194,1,98.07695403,19715,2902,2682,2654,162,0,141.193588,165.4911513,0.06726176664,0,18297879.87,17929469.84,17775577.18,17931516.27,15221356.76,188387.792,114607.5941,155786.5167,162408.8884,162816.215,163145.5664,FALSE,FALSE,TRUE
1461174,c136,mid/relief_q2,coastal,TRUE,1965,bc4330,41,15840,305,5791,1428.561003,dem_agl,reported,5680.937847,1,83.87337329,19935,4748,4386,4371,260,0,109.9252234,144.1480051,0.04078333825,0,18334024.6,18129793.15,17912018.16,18129446.7,13644249.75,206041.4105,31400.66494,133837.1,60859.46683,100638.2849,38630.34052,FALSE,FALSE,TRUE
1461175,c136,mid/relief_q2,coastal,TRUE,1965,bc4330,42,15840,305,5791,1428.561003,dem_agl,reported,5690.667598,1,77.36554064,20004,5163,4784,4776,280,0,100.1532453,134.8301837,0.02475736849,0,18434814.7,18191948.18,17970912.95,18192455.05,13441976.57,118670.6582,54353.39734,65178.14849,118065.7708,66518.58579,99575.54879,FALSE,FALSE,TRUE
1461176,c136,mid/relief_q2,coastal,TRUE,1965,bc4330,43,15840,305,5791,1428.551512,dem_agl,reported,5666.802396,1,102.9949195,19836,4940,4602,4589,248,0,124.0019561,164.9766256,-0.00283850648,0,18346170.35,18039683.39,17779749.24,18040450.75,13504648.36,132149.5214,85988.87494,76462.85419,177020.9544,82288.5603,143164.2201,FALSE,FALSE,TRUE
1461177,c136,mid/relief_q2,coastal,TRUE,1965,bc4330,44,15840,305,5791,1428.551512,dem_agl,reported,5665.636232,1,102.1812688,19828,4881,4609,4592,198,0,125.0863792,165.8293253,-0.003587042214,0,18378898.43,18032259.43,17773843.36,18034020.65,13612871.81,72037.16578,87500.66787,31757.17296,200115.5226,73527.24705,246771.128,FALSE,FALSE,TRUE
1461178,c136,mid/relief_q2,coastal,TRUE,1965,bc4330,45,15840,305,5791,1435.647965,dem_agl,reported,5685.759005,1,105.2224329,19970,6385,5923,5897,278,0,105.1009536,154.3516387,0.04316213727,0,18419900.92,18160578.1,17847322.78,18161413.17,12316760.87,109064.2578,70161.52848,45140.08878,183442.907,88168.1354,155002.2608,FALSE,FALSE,TRUE
1461179,c136,mid/relief_q2,coastal,TRUE,1965,bc4330,46,15840,305,5791,1435.643128,dem_agl,reported,5728.61911,1,75.70000823,20272,9842,9311,9287,266,0,62.36321253,121.0146607,0.0646119155,0,18381914.11,18435404.38,18059841.62,18435480.59,9239451.816,262421.7642,13989.83766,130156.3132,76006.56592,236465.8023,25056.41001,FALSE,FALSE,TRUE
1461180,c136,mid/relief_q2,coastal,TRUE,1965,bc4330,47,15840,305,5791,1435.643128,dem_agl,reported,5745.723521,1,70.27337428,20394,12535,11617,11603,235,0,45.17657058,117.0747119,0.06034842134,0,18373615.04,18545656.95,18084424.99,18546201.58,6840602.775,311951.8514,9035.650445,123791.769,73012.26915,251104.5415,12296.64658,FALSE,FALSE,TRUE
1461181,c136,mid/relief_q2,coastal,TRUE,1965,bc4330,48,15840,305,5791,1435.633323,dem_agl,reported,5753.714759,1,69.48157613,20450,14578,13443,13428,68,0,37.23416906,129.7846201,0.04466848075,0,18453862.77,18597279.97,18003804.7,18597103.57,5077823.257,273205.848,8721.771195,63903.53139,90738.33095,167553.1774,376.2310471,FALSE,FALSE,TRUE
1606760,c137,mid/relief_q2,coastal,TRUE,2007,bcc07056,17,20000,153,3366,1710.932274,dem_agl,reported,3251.352067,1,151.388749,25601,11769,11098,11065,372,0,114.647933,212.027341,-0.01507927664,0,23776775.25,23599216.7,22206772.27,23597596.45,12206681.89,726230.2859,177801.6524,342278.2456,579602.301,608664.2328,330228.6943,FALSE,FALSE,TRUE
1606761,c137,mid/relief_q2,coastal,TRUE,2007,bcc07056,18,20000,153,3357,1710.932274,dem_agl,reported,3168.378876,1,171.8046005,24313,5102,4752,4723,142,0,188.5962691,238.6522856,-0.001041140466,0,22718322.78,22410100.74,21707596.85,22409989.91,17515894.7,710425.6724,513433.5668,500798.6972,880394.4976,632298.6569,731987.8097,FALSE,FALSE,TRUE
1606762,c137,mid/relief_q2,coastal,TRUE,2007,bcc07056,19,20000,153,3362,1649.824974,dem_agl,reported,3111.554226,1,182.7125103,23448,1979,1857,1840,34,0,250.3515862,273.4284369,-0.003570203902,0,22710629.53,21613462.08,21294058.31,21614388.63,20280647.2,568819.9498,1058738.084,487646.3008,1244742.932,481510.1245,1186533.751,FALSE,FALSE,TRUE
1606763,c137,mid/relief_q2,coastal,TRUE,2007,bcc07056,20,20000,153,3362,1622.819307,dem_agl,reported,3145.08961,1,171.7998523,23959,0,0,0,0,0,216.6842063,216.6842063,,0,23311292.6,22081859.29,22081859.29,22084125.84,23311138.1,361082.5437,1590361.351,361082.5437,1590361.351,144349.967,1371362.229,FALSE,FALSE,TRUE
1606764,c137,mid/relief_q2,coastal,TRUE,2007,bcc07056,21,20000,153,3366,1622.819307,dem_agl,reported,3239.110469,1,152.9781716,25411,4718,4322,4298,290,0,126.8695731,155.6782231,0.0356839411,0,23356419.79,23421845.39,23007070.33,23420603.38,18514866.9,952027.7689,388842.1618,825631.8076,566708.9713,569445.2682,318645.3612,FALSE,FALSE,TRUE
1606765,c137,mid/relief_q2,coastal,TRUE,2007,bcc07056,22,20000,153,3362,1948.574431,dem_agl,reported,3334.299788,1,35.04800935,26927,13529,12961,12909,454,0,27.67569795,55.3020286,0.05518459156,0,24594582.19,24818691.46,24409124.87,24819025.2,11967524.31,396144.3586,11478.44484,207097.0605,72391.58294,268266.3379,6327.774755,FALSE,FALSE,TRUE
1606766,c137,mid/relief_q2,coastal,TRUE,2007,bcc07056,23,20000,153,3362,2002.880268,dem_agl,reported,3357.807918,1,11.13129592,27307,23047,22646,22588,345,0,4.183700143,25.8286406,0.0665499717,0,25060208.88,25169888.3,24846436.33,25170011.31,3777282.671,150154.7863,858.5483867,60176.24189,19675.47356,134290.732,2049.981793,FALSE,FALSE,TRUE
1606767,c137,mid/relief_q2,coastal,TRUE,2007,bcc07056,24,20000,153,3361,2003.141483,dem_agl,reported,3355.645868,1,22.08496038,27272,24142,23948,23881,178,0,5.347028116,45.53863023,0.08397802338,0,24986953.21,25137485.58,24538932.92,25137548.53,2681978.2,205474.4583,746.0877598,89313.61763,59738.22934,193895.9856,2599.27056,FALSE,FALSE,TRUE
1606768,c137,mid/relief_q2,coastal,TRUE,2007,bcc07056,25,20000,153,3362,2003.141483,dem_agl,reported,3357.243731,1,22.10385184,27300,25258,25225,25169,38,0,4.737252283,61.99007072,0.09743931144,0,25043500.05,25161430.79,24310566.45,25161667.7,1710059.06,175866.2213,715.804995,70341.86031,40531.92269,143428.4897,3958.00216,FALSE,FALSE,TRUE
1606769,c137,mid/relief_q2,coastal,TRUE,2007,bcc07056,26,20000,153,3366,2009.748874,dem_agl,reported,3363.220283,1,18.52719804,27396,26437,26419,26401,12,0,2.772662954,76.22782972,0.1059681326,0,25132169.3,25251095.09,24160135.89,25251207.24,732370.2988,153628.06,0,51206.77826,30755.75289,147556.2014,10.60395458,FALSE,FALSE,TRUE
1447059,c138,mid/relief_q2,coastal,TRUE,1966,bc4365,210,15840,305,5182,1442.024438,dem_agl,reported,5166.38326,1,29.86507236,16129,10736,10490,10334,175,0,15.60241355,46.04281656,0.2330299839,0,15081138.86,14994293.74,14818121.1,14994368.56,5019589.811,0,2206.372536,0,10980.07323,0,4250.212716,FALSE,FALSE,TRUE
1447060,c138,mid/relief_q2,coastal,TRUE,1966,bc4365,211,15840,305,5182,1442.024438,dem_agl,reported,5167.307698,1,29.77951841,16131,11478,11244,11116,191,0,14.68916374,50.10625776,0.249163501,0,15049885.4,14999660.18,14794747.36,14999610.79,4314858.108,18639.71848,3566.174122,2709.576643,31253.57701,4539.352554,19232.5716,FALSE,FALSE,TRUE
1447061,c138,mid/relief_q2,coastal,TRUE,1966,bc4365,212,15840,305,5182,1442.881176,dem_agl,reported,5178.779854,1,11.77865789,16206,14544,14373,14267,144,0,3.216035741,28.60078073,0.2624432296,0,15019786.4,15066336.85,14918997.98,15066355.32,1474699.365,57779.0352,200.870181,26846.90628,14018.75364,54885.11281,936.1411851,FALSE,FALSE,TRUE
1447062,c138,mid/relief_q2,coastal,TRUE,1966,bc4365,213,15840,305,5182,1435.198128,dem_agl,reported,5169.317788,1,24.9847914,16167,11636,11298,11241,228,0,12.69527649,44.41045615,0.239404723,0,14948764.04,15011332.22,14827700.01,15011271.7,4104601.02,111945.4896,327.0283506,59474.77242,5752.644,88944.37874,2191.439596,FALSE,FALSE,TRUE
1447063,c138,mid/relief_q2,coastal,TRUE,1966,bc4365,214,15840,305,5182,1435.11434,dem_agl,reported,5147.46067,1,46.85134416,16039,8174,7633,7569,400,0,34.53932952,69.7268687,0.2195239514,0,14894247.17,14884657.56,14681852.98,14884636.1,7181472.424,130890.1488,1040.401973,76218.74342,6891.965453,80832.52941,5661.681548,FALSE,FALSE,TRUE
1447064,c138,mid/relief_q2,coastal,TRUE,1966,bc4365,215,15840,305,5182,1435.11434,dem_agl,reported,5139.862753,1,53.77028627,15991,7658,7129,7058,391,0,42.1372467,80.19733607,0.2312014773,0,14839112.57,14840748.94,14621774.64,14840608.06,7617031.818,143567.556,19646.82102,79777.47212,63941.16076,73209.44831,27921.14515,FALSE,FALSE,TRUE
1447065,c138,mid/relief_q2,coastal,TRUE,1966,bc4365,216,15840,305,5182,1435.174555,dem_agl,reported,5151.613806,1,53.44091701,16064,10601,10079,10008,381,0,30.3760065,88.22895747,0.2433828562,0,14820272.4,14908686.08,14575715.29,14908731.63,4873463.743,195819.9516,2197.44212,81822.34764,18108.82833,131585.393,4741.351247,FALSE,FALSE,TRUE
1447066,c138,mid/relief_q2,coastal,TRUE,1966,bc4365,217,15840,305,5182,1435.090369,dem_agl,reported,5168.005696,1,33.31297105,16171,11607,10876,10768,401,0,13.9811144,48.54925929,0.2510564923,0,14906100.08,15003712.75,14803668.1,15003785.05,4070811.553,152120.8091,1886.733786,97643.31696,13448.54191,142958.1115,2081.31133,FALSE,FALSE,TRUE
1447067,c138,mid/relief_q2,coastal,TRUE,1966,bc4365,218,15840,305,5182,1435.090369,dem_agl,reported,5138.779562,1,91.50770968,15988,10573,9807,9744,434,0,43.19015185,126.6155334,0.2620730698,0,14961037.19,14834494.43,14356743.76,14834584.82,4964383.402,57163.54084,14589.33266,5090.901365,114525.7942,45862.57334,24152.11892,FALSE,FALSE,TRUE
1447068,c138,mid/relief_q2,coastal,TRUE,1966,bc4365,219,15840,305,5182,1435.074134,dem_agl,reported,5139.19422,1,91.65283088,15990,11009,10354,10310,419,0,42.74647138,136.0272308,0.2948240638,0,15046316.23,14836888.57,14303172.26,14836862.39,4607841.38,19949.27389,16196.03736,3300.017442,78098.49489,3444.849367,36913.91573,FALSE,FALSE,TRUE
739402,c139,mid/relief_q2,coastal,TRUE,1980,bcc248,41,20000,305,6248,1755.599243,dem_agl,reported,6149.935374,1,47.95865569,23710,0,0,0,0,0,98.0623572,98.0623572,,0,21231285.39,21246817.01,21246817.01,21246702.05,21231285.39,178423.8165,162892.1932,178423.8165,162892.1932,118935.3091,103518.6464,FALSE,FALSE,TRUE
739403,c139,mid/relief_q2,coastal,FALSE,1980,bcc248,42,20000,305,6248,1756.755694,dem_agl,reported,6128.709886,1,55.80918495,23537,0,0,0,0,0,119.2892943,119.2892943,,0,20938974.19,21100410.32,21100410.32,21100401.11,20938974.19,290861.6605,129425.5228,290861.6605,129425.5228,193191.606,31764.67823,FALSE,FALSE,TRUE
739404,c139,mid/relief_q2,coastal,FALSE,1980,bcc248,43,20000,305,6248,1755.739126,dem_agl,reported,6091.19655,1,61.07897228,23242,0,0,0,0,0,156.8034502,156.8034502,,0,20842959.6,20842893.06,20842893.06,20842856.73,20842959.6,222807.9301,222874.4684,222807.9301,222874.4684,122086.5791,122189.4502,FALSE,FALSE,TRUE
739405,c139,mid/relief_q2,coastal,TRUE,1980,bcc248,44,20000,305,6248,1755.739126,dem_agl,reported,6028.716718,1,62.22690672,22773,0,0,0,0,0,219.2863302,219.2863302,,0,20491035.15,20417498.3,20417498.3,20417513.08,20491035.15,191059.0884,264595.9343,191059.0884,264595.9343,141529.6876,215051.7614,FALSE,FALSE,TRUE
739406,c139,mid/relief_q2,coastal,TRUE,1980,bcc248,45,20000,305,6248,1735.691952,dem_agl,reported,6011.716965,1,67.34684146,22643,198,184,184,9,0,236.3013909,238.3891773,-0.7094699144,0,20680932.18,20302514.27,20288415.16,20302016.6,20370657.76,96673.31637,343828.0276,93560.68138,353835.1971,89759.27431,346826.409,FALSE,FALSE,TRUE
739407,c139,mid/relief_q2,coastal,TRUE,1980,bcc248,46,20000,305,6248,1734.62709,dem_agl,reported,6069.075872,1,115.2583852,23073,3955,3682,3662,43,0,178.9243741,216.089641,-0.7840706706,0,20860991.16,20691782.61,20439137.56,20691791.03,17065106.96,285613.8784,204341.0325,186010.9713,305308.9774,213524.9408,198755.0273,FALSE,FALSE,TRUE
739408,c139,mid/relief_q2,coastal,TRUE,1980,bcc248,47,20000,305,6248,1734.62709,dem_agl,reported,6155.5112,1,103.6334672,23732,9859,8714,8666,74,0,92.49386548,158.6446285,-0.7856689095,0,21080008.24,21285361.24,20830329.31,21285316.54,11999472.01,498052.8676,59370.18709,293778.1089,143125.919,382329.0842,71794.85784,FALSE,FALSE,TRUE
739409,c139,mid/relief_q2,coastal,TRUE,1980,bcc248,48,20000,305,6248,1734.671467,dem_agl,reported,6208.092516,1,75.39086958,24136,15790,13511,13439,71,0,39.88183858,116.0811215,-0.7441289425,0,21342395.75,21650560.01,21122335.78,21650637.17,7055350.345,446585.9735,17306.61648,254922.0268,122090.8136,386217.9356,6312.443439,FALSE,FALSE,TRUE
739410,c139,mid/relief_q2,coastal,TRUE,1980,bcc248,49,20000,305,6248,1735.027367,dem_agl,reported,6223.024964,1,57.85526693,24250,17665,15591,15541,38,0,24.92641108,92.14525322,0.2871017456,0,21386504.31,21754838.31,21287400.93,21755060.79,5467608.639,440541.4758,5383.586777,231181.8272,83315.46038,397172.7435,751.5231532,FALSE,FALSE,TRUE
739411,c139,mid/relief_q2,coastal,TRUE,1980,bcc248,50,20000,305,6248,1735.027367,dem_agl,reported,6231.182034,1,35.93158984,24308,18085,16585,16507,29,0,16.80129659,65.43179186,0.3213917017,0,21592450.76,21811907.68,21472779.49,21811917.58,5299565.203,276794.353,1299.598089,135918.1219,36425.88452,234491.1272,622.6167367,FALSE,FALSE,TRUE
1117304,c140,mid/relief_q2,coastal,TRUE,1979,bc79203,78,20000,305,6553,1875.889297,dem_agl,reported,6322.795828,1,220.4864706,24664,6807,5222,5205,332,0,230.2073253,317.817087,0.01212672237,0,22351737.48,22458000.62,21839948.47,22456316.17,15893667.85,637734.341,266086.4004,342275.6324,490965.5798,577741.0632,299297.0066,FALSE,FALSE,TRUE
1117305,c140,mid/relief_q2,coastal,TRUE,1979,bc79203,79,20000,305,6553,1875.912997,dem_agl,reported,6394.071807,1,202.197573,25222,9423,7311,7279,547,0,158.8105427,253.2259528,0.01016147621,0,22489847.35,22967186.22,22293923.06,22966114.82,13713652.26,890582.3142,204500.0993,624286.205,485796.6229,830278.0516,171305.0835,FALSE,FALSE,TRUE
1117306,c140,mid/relief_q2,coastal,TRUE,1979,bc79203,80,20000,305,6553,1826.692789,dem_agl,reported,6458.123064,1,130.200478,25735,8197,6341,6293,679,0,94.76288717,138.7557677,0.009455719963,0,22951794.74,23429628.72,23111509.62,23430486.53,15377396.71,711252.5552,108975.3997,561060.9193,216018.6942,666981.9643,94221.17034,FALSE,FALSE,TRUE
1117307,c140,mid/relief_q2,coastal,TRUE,1979,bc79203,81,20000,305,6553,1826.692789,dem_agl,reported,6486.043987,1,67.66923177,25952,6149,4635,4558,761,0,66.94794431,87.49312022,0.008836395107,0,23401080.63,23632657.05,23483176.69,23632645.12,17656609.1,405943.5111,34289.17387,326489.3011,60923.51748,404070.3603,37387.33582,TRUE,FALSE,FALSE
1117308,c140,mid/relief_q2,coastal,TRUE,1979,bc79203,82,20000,305,6553,1826.7062,dem_agl,reported,6461.304808,1,90.23418401,25758,3985,2903,2819,707,0,91.66147152,108.2466904,0.02720962837,0,23240841.39,23452720.71,23332475.86,23452885.66,19524993.22,385043.2704,94411.35536,319125.7504,133206.988,370423.9394,91824.51924,TRUE,FALSE,FALSE
1117309,c140,mid/relief_q2,coastal,TRUE,1979,bc79203,83,20000,305,6553,1826.742488,dem_agl,reported,6428.630408,1,102.2971923,25500,3645,2550,2481,693,0,124.3578621,144.8911556,0.03339590505,0,23097995.16,23216122.67,23068053.14,23216018.59,19638196.62,435630.363,181373.3537,367698.7241,237854.3534,431583.8463,170941.3042,TRUE,FALSE,FALSE
1117310,c140,mid/relief_q2,coastal,TRUE,1979,bc79203,84,20000,305,6553,1826.817944,dem_agl,reported,6384.215615,1,120.567779,25147,1804,1077,1043,503,0,168.7892126,181.664644,0.09125293791,0,22857437.67,22896434.9,22804174.79,22896276.02,21072713.7,455787.7788,267100.572,416116.7182,308532.6174,425841.8889,262000.661,TRUE,FALSE,FALSE
1117311,c140,mid/relief_q2,coastal,TRUE,1979,bc79203,85,20000,305,6553,1826.817944,dem_agl,reported,6399.84161,1,115.0747485,25270,3162,2524,2496,393,0,153.1488184,174.923586,0.02835944109,0,23095473.16,23008654.61,22852352.06,23008514.2,20009817.38,359240.5776,237362.9614,298951.662,302690.0645,218321.5117,183712.4796,TRUE,FALSE,FALSE
1117312,c140,mid/relief_q2,coastal,TRUE,1979,bc79203,86,20000,305,6553,1840.626589,dem_agl,reported,6426.703752,1,99.86423189,25477,4722,4306,4292,259,0,126.2784936,154.9071803,0.02830818389,0,23184362.36,23202209.05,22995954.24,23202015.84,18656193.75,378998.5705,136873.7425,300000.5201,212832.3881,283435.9453,146702.3635,FALSE,FALSE,TRUE
1117313,c140,mid/relief_q2,coastal,TRUE,1979,bc79203,87,20000,305,6553,1840.613496,dem_agl,reported,6463.515835,1,69.59638365,25774,7078,6291,6275,325,0,89.47293542,123.1855135,0.03143275157,0,23525507.81,23468774.26,23224594.61,23468749.72,16949403.69,190370.0372,116992.1252,102438.9674,221900.3522,184466.189,163003.4641,FALSE,FALSE,TRUE
1218761,c141,mid/relief_q2,coastal,TRUE,1976,bc5722,94,15840,153,2566,1438.461362,dem_agl,reported,2460.592607,1,65.1739683,14967,1047,522,522,41,0,105.4073927,113.3953185,-0.5207157135,0,13563835.54,13516026.05,13428413.2,13515928.81,12392880.56,427225.7363,248516.6116,387188.9352,279682.6425,253495.2901,166918.5316,FALSE,FALSE,TRUE
1218762,c141,mid/relief_q2,coastal,TRUE,1976,bc5722,95,15840,153,2566,1438.461362,dem_agl,reported,2496.349981,1,62.5826085,15403,3746,2140,2139,55,0,69.64765092,92.28822887,-0.007629364263,0,13982214.88,13911710.6,13660511.15,13911571.85,10361865.96,347045.8194,178338.9593,257570.7146,265222.9865,168554.1476,156948.7192,FALSE,FALSE,TRUE
1218763,c141,mid/relief_q2,coastal,TRUE,1976,bc5722,96,15840,153,2566,1437.75422,dem_agl,reported,2530.380277,1,47.33667626,15826,6479,3880,3866,42,0,35.60483547,60.87691196,-0.4369191527,0,14165957.63,14293585.31,14009497.81,14293484.58,8150875.973,323054.9005,30487.29902,208160.7305,85152.4519,249398.3188,36760.22491,FALSE,FALSE,TRUE
1218764,c141,mid/relief_q2,coastal,TRUE,1976,bc5722,97,15840,153,2566,1437.621347,dem_agl,reported,2522.493694,1,44.44752316,15727,4507,2683,2667,12,0,43.49896196,61.34007296,-0.4420190156,0,14284728.56,14204624.87,14004402.31,14204193.8,10002898.1,192393.4009,59756.59553,128077.2581,114213.0069,95713.58536,61154.33021,FALSE,FALSE,TRUE
1218765,c141,mid/relief_q2,coastal,TRUE,1976,bc5722,98,15840,153,2566,1437.621347,dem_agl,reported,2484.050519,1,41.93350729,15251,1559,805,797,3,0,81.92398902,91.38440014,-0.4761225581,0,14116104.01,13774962.92,13670239.88,13775252.54,12415915.62,117704.6528,164999.5481,85323.02071,207078.6065,28663.99591,126569.6231,FALSE,FALSE,TRUE
1218766,c141,mid/relief_q2,coastal,TRUE,1976,bc5722,99,15840,153,2566,1443.574755,dem_agl,reported,2422.535596,1,61.53720774,14502,0,0,0,0,0,143.4644038,143.4644038,,0,13226092.17,13101165.26,13101165.26,13100364.53,13224464.57,334625.7884,457925.1039,334625.7884,457925.1039,192812.1028,316912.1443,FALSE,FALSE,TRUE
1218767,c141,mid/relief_q2,coastal,TRUE,1976,bc5722,100,15840,153,2566,1436.782516,dem_agl,reported,2364.787381,1,76.57674107,13818,0,0,0,0,0,201.238247,201.238247,,0,12745123.75,12484000.84,12484000.84,12482688.79,12745123.75,369442.7272,630565.6441,369442.7272,630565.6441,237679.276,500114.2356,FALSE,FALSE,TRUE
1218768,c141,mid/relief_q2,coastal,TRUE,1976,bc5722,101,15840,153,2566,1436.782516,dem_agl,reported,2320.139681,1,74.23168203,13301,0,0,0,0,0,245.8544727,245.8544727,,0,12097618.5,12017049.61,12017049.61,12016845.54,12097618.5,416597.8575,497166.744,416597.8575,497166.744,240596.1972,321369.1508,FALSE,FALSE,TRUE
1218769,c141,mid/relief_q2,coastal,FALSE,1976,bc5722,102,15840,153,2566,1443.174316,dem_agl,reported,2327.677616,1,76.16734998,13389,0,0,0,0,0,238.3281932,238.3281932,,0,12147697.31,12095261.19,12095261.19,12094383.27,12147697.31,395213.8583,447649.9792,395213.8583,447649.9792,186051.0178,239365.0609,FALSE,FALSE,TRUE
1218770,c141,mid/relief_q2,coastal,TRUE,1976,bc5722,103,15840,153,2566,1435.944563,dem_agl,reported,2367.020833,1,85.45919839,13844,38,21,21,13,0,198.9828491,199.528032,0.7275309265,0,12605534.53,12507593.3,12501832.35,12506497.37,12407557.34,497642.7018,430869.4409,495372.9548,434050.1414,331352.2433,307573.4138,TRUE,FALSE,FALSE
705249,c142,mid/relief_q2,coastal,TRUE,1968,bc7085,100,16000,305,5486,1385.086795,dem_agl,reported,5443.050164,1,43.58875941,18423,5087,4437,4437,250,0,42.95013918,59.19301298,0.1021737829,0,16637538.46,16643223.57,16544040.05,16643232.3,11944175.46,131345.3274,28334.33851,96875.68892,56214.69018,73925.87654,45607.02899,FALSE,FALSE,TRUE
705250,c142,mid/relief_q2,coastal,TRUE,1968,bc7085,101,16000,305,5486,1385.086795,dem_agl,reported,5406.059131,1,54.06577636,18181,769,520,520,116,0,79.9378128,83.42642802,0.2609115839,0,16471028.29,16417777.16,16396594.7,16417747.75,15691477.54,151417.6761,118785.5489,144015.2736,128825.8228,74677.59854,86831.04693,TRUE,FALSE,FALSE
705251,c142,mid/relief_q2,coastal,TRUE,1968,bc7085,102,16000,305,5486,1385.991663,dem_agl,reported,5389.133527,1,47.54895572,18064,0,0,0,0,0,96.84899013,96.84899013,,0,16408110.96,16315134.63,16315134.63,16315145.39,16408110.96,108218.7614,201195.0888,108218.7614,201195.0888,47475.52929,140441.1012,FALSE,FALSE,TRUE
705252,c142,mid/relief_q2,coastal,FALSE,1968,bc7085,103,16000,305,5486,1386.24019,dem_agl,reported,5400.553693,1,46.72659125,18142,0,0,0,0,0,85.44850587,85.44850587,,0,16438491.07,16384355.02,16384355.02,16384320.89,16438491.07,131777.1603,185913.2021,131777.1603,185913.2021,73104.06347,127274.2381,FALSE,FALSE,TRUE
705253,c142,mid/relief_q2,coastal,TRUE,1968,bc7085,104,16000,305,5486,1385.584215,dem_agl,reported,5433.447014,1,35.23718732,18364,1365,1169,1169,63,0,52.55331977,56.74220583,0.1865980029,0,16587014.25,16584548.24,16558986.56,16584460.01,15289101.66,124364.1632,57648.80057,116330.0058,69724.16561,80677.31702,55485.85086,FALSE,FALSE,TRUE
705254,c142,mid/relief_q2,coastal,TRUE,1968,bc7085,105,16000,305,5486,1385.584215,dem_agl,reported,5462.170531,1,24.00503784,18560,6852,6638,6633,65,0,23.82567798,37.68452753,0.09049683064,0,16727680.24,16760357.7,16675415.42,16760364.7,10494314.18,89994.82875,11118.94624,49982.35276,29144.3291,56832.73058,10181.90333,FALSE,FALSE,TRUE
705255,c142,mid/relief_q2,coastal,TRUE,1968,bc7085,106,16000,305,5486,1385.833004,dem_agl,reported,5479.114889,1,12.8671645,18676,12090,11824,11819,88,0,6.877696673,19.26899316,0.0718351379,0,16811896.3,16864504.57,16788310.96,16864551.15,5878107.457,71683.94171,2179.657328,39559.86744,15604.84622,60570.73249,2620.41413,FALSE,FALSE,TRUE
705256,c142,mid/relief_q2,coastal,TRUE,1968,bc7085,107,16000,305,5486,1385.833004,dem_agl,reported,5485.223762,1,2.453524116,18718,16493,16405,16400,28,0,0.7764018741,5.985972973,0.04054220766,0,16893051.29,16902131.29,16870041.06,16902130.82,1995512.582,12462.20774,0,6044.471365,1444.886691,10365.92171,0,FALSE,FALSE,TRUE
705257,c142,mid/relief_q2,coastal,TRUE,1968,bc7085,108,16000,305,5486,1386.737336,dem_agl,reported,5485.593043,1,1.530306941,18723,17535,17455,17455,23,0,0.4069565553,5.775040602,-0.003981934395,0,16900208.48,16904407.17,16871338.77,16904409.06,1067320.319,5891.571408,0,1314.371876,1233.118099,5007.520656,0,FALSE,FALSE,TRUE
705258,c142,mid/relief_q2,coastal,TRUE,1968,bc7085,109,16000,305,5486,1364.123801,dem_agl,reported,5485.037438,1,3.377265256,18725,17275,17025,17025,60,0,0.9626551615,10.99531296,0.07714421302,0,16888400.77,16900983.03,16839212.55,16900980.72,1288688.81,16602.39782,0,5989.404501,2129.484939,14225.42109,0,FALSE,FALSE,TRUE
731961,c143,mid/relief_q2,coastal,TRUE,1980,bc80102,171,20000,153,3109,1479.129233,dem_agl,reported,3095.464019,1,31.53674176,23680,15511,15261,15245,59,0,13.53770211,39.86896118,-0.3677960932,0,21245324.75,21390508.61,21028143.9,21390465.94,7113305.043,272313.8649,5953.078772,205730.6684,68759.28989,265218.8737,7760.419963,FALSE,FALSE,TRUE
731962,c143,mid/relief_q2,coastal,TRUE,1980,bc80102,172,20000,153,3109,1479.129233,dem_agl,reported,3095.302956,1,20.45107902,23675,13332,12998,12988,57,0,13.69647124,31.55840107,0.1462222338,0,21422435.36,21388282.68,21142146.06,21388237.71,9248325.019,99902.26547,5570.160783,48193.9423,33813.5964,86305.1584,6638.761833,FALSE,FALSE,TRUE
731963,c143,mid/relief_q2,coastal,TRUE,1980,bc80102,173,20000,153,3109,1595.113675,dem_agl,reported,3097.864904,1,18.99127702,23711,14979,14481,14476,72,0,11.13468911,30.18158185,0.2286218703,0,21439404.25,21423703.02,21161070.18,21423648.08,7803406.485,95516.79636,8779.209713,45400.35998,45139.78809,61471.39903,13115.20659,FALSE,FALSE,TRUE
731964,c143,mid/relief_q2,coastal,TRUE,1980,bc80102,174,20000,153,3109,1595.113675,dem_agl,reported,3100.676012,1,17.7706304,23758,16547,16037,16017,68,0,8.323898054,27.06523721,0.2343226969,0,21394879.99,21462601.85,21203934.21,21462599.05,6413629.153,121763.4252,10189.65827,51901.56066,96542.77102,113502.3098,1971.196546,FALSE,FALSE,TRUE
731965,c143,mid/relief_q2,coastal,TRUE,1980,bc80102,175,20000,153,3109,1595.103758,dem_agl,reported,3098.485689,1,20.31791237,23726,13828,13272,13241,88,0,10.50802364,24.95421089,0.2251601294,0,21240135.29,21432290.14,21232906.86,21432357.27,8692235.204,265748.0408,10285.37847,185678.2716,38609.15495,243539.4375,17532.80138,FALSE,FALSE,TRUE
731966,c143,mid/relief_q2,coastal,TRUE,1980,bc80102,176,20000,153,3109,1595.087446,dem_agl,reported,3068.857405,1,52.58353235,23272,6420,6070,6039,64,0,40.1380485,55.34069905,0.2170899436,0,20822623.89,21024370.88,20816583.79,21024396.21,14765107.81,488676.1802,25860.76846,404089.5192,50704.41202,342432.1276,74513.36999,FALSE,FALSE,TRUE
731967,c143,mid/relief_q2,coastal,TRUE,1980,bc80102,177,20000,153,3109,1595.087446,dem_agl,reported,3015.511224,1,76.2406965,22471,1372,1183,1173,39,0,93.4853305,99.55556737,0.2026812211,0,20241015.89,20299787.37,20218142.51,20299943.57,18851666.52,572469.7942,362545.3428,539830.1386,402312.3588,321747.1112,201732.8113,FALSE,FALSE,TRUE
731968,c143,mid/relief_q2,coastal,TRUE,1980,bc80102,178,20000,153,3109,1595.067855,dem_agl,reported,2938.21766,1,108.5672479,21332,1,0,0,0,0,170.7938597,170.8018126,1.150953054,0,19175316.01,19272476.28,19272371.95,19272404.25,19130134.34,825189.4817,683963.9131,825142.5244,684020.7555,538176.2595,407652.8856,FALSE,FALSE,TRUE
731969,c143,mid/relief_q2,coastal,FALSE,1980,bc80102,179,20000,153,3109,1595.063407,dem_agl,reported,2835.728139,1,152.7416312,19873,0,0,0,0,0,273.4024688,273.4024688,,0,17720058.84,17951418.67,17951418.67,17949551.53,17720058.84,1167621.122,936261.2824,1167621.122,936261.2824,692386.0459,462893.3498,FALSE,FALSE,TRUE
731970,c143,mid/relief_q2,coastal,FALSE,1980,bc80102,180,20000,153,3109,1595.063407,dem_agl,reported,2684.496244,1,188.3129237,17807,0,0,0,0,0,424.5414526,424.5414526,,0,16255343.26,16087745.66,16087745.66,16087089.35,16255343.26,1156898.292,1324495.891,1156898.292,1324495.891,514729.2144,682983.1215,FALSE,FALSE,TRUE
1117607,c144,mid/relief_q2,coastal,TRUE,1979,bc79204,170,20000,305,6553,1863.901406,dem_agl,reported,6520.137621,1,50.23709328,26207,12979,11245,11115,963,0,32.86110755,64.67095627,0.03815869242,0,23858704.53,23881758.29,23649302.46,23881571.44,11948575.78,131096.5014,21146.66737,57186.87449,91450.91694,131536.9669,35254.38752,FALSE,FALSE,TRUE
1117608,c144,mid/relief_q2,coastal,TRUE,1979,bc79204,171,20000,305,6553,1863.901406,dem_agl,reported,6513.784375,1,56.0080479,26154,10332,8879,8753,879,0,39.21358113,64.47763876,0.03468194604,0,23776401.58,23835240.02,23650706.1,23835243.06,14267241.9,190050.8656,27234.88788,128202.7278,79816.89895,185381.8825,28612.12902,FALSE,FALSE,TRUE
1117609,c144,mid/relief_q2,coastal,TRUE,1979,bc79204,172,20000,305,6553,1856.856919,dem_agl,reported,6480.785333,1,71.11881591,25889,3086,2316,2267,536,0,72.19276691,81.80444442,0.03396224044,0,23437660.35,23594351.55,23524417.7,23594463.7,20549131.61,322351.5956,86057.81271,289644.2898,112481.5487,305949.4655,73526.60972,TRUE,FALSE,FALSE
1117610,c144,mid/relief_q2,coastal,TRUE,1979,bc79204,173,20000,305,6553,1856.856919,dem_agl,reported,6428.663472,1,95.47295403,25476,387,285,273,51,0,124.349501,126.2598899,-0.006826379336,0,23209287.7,23216361.49,23202565.25,23216123.87,22781258.74,349944.9416,264438.1593,343867.1022,271054.8725,191849.0108,137000.8689,TRUE,FALSE,FALSE
1117611,c144,mid/relief_q2,coastal,TRUE,1979,bc79204,174,20000,305,6553,1863.921545,dem_agl,reported,6357.713134,1,130.8878794,24917,780,652,650,64,0,195.1743193,201.4673257,0.08846530318,0,23210811.51,22706731.78,22661802.76,22707506.99,22269404.72,182192.7989,455410.5602,171570.6161,482807.0892,105923.5646,407657.3111,FALSE,FALSE,TRUE
1117612,c144,mid/relief_q2,coastal,TRUE,1979,bc79204,175,20000,305,6553,1870.978932,dem_agl,reported,6369.7614,1,134.3818172,25010,1651,1403,1392,107,0,183.1208465,196.0411374,0.07325325161,0,23293761.58,22792874.69,22700503.29,22793597.88,21600007.95,69428.0165,377153.9841,55462.95839,442283.3616,60597.6672,435158.2799,FALSE,FALSE,TRUE
1117613,c144,mid/relief_q2,coastal,TRUE,1979,bc79204,176,20000,305,6553,1885.166781,dem_agl,reported,6339.646342,1,161.9189082,24777,1382,1203,1193,67,0,213.2827308,225.8690023,0.07063572481,0,22228012.62,22577863.14,22488303.25,22575308.14,20799411.35,780673.7458,258557.2586,732758.3237,290099.2835,625741.5408,169856.5405,FALSE,FALSE,TRUE
1117614,c144,mid/relief_q2,coastal,TRUE,1979,bc79204,177,20000,305,6553,1885.185683,dem_agl,reported,6257.329624,1,168.1944129,24138,6,6,1,1,0,295.6615803,295.7353626,-1.712307632,0,22146819.96,21995348.13,21994829.42,21993232.29,22096881.23,603212.5283,709613.7533,603005.5139,709920.8778,395919.8402,524895.6747,TRUE,FALSE,FALSE
1117615,c144,mid/relief_q2,coastal,FALSE,1979,bc79204,178,20000,305,6553,1885.213187,dem_agl,reported,6191.285421,1,150.861754,23631,0,0,0,0,0,361.7145788,361.7145788,,0,21598918.81,21533490.09,21533490.09,21531284.87,21598918.81,487673.9318,553102.654,487673.9318,553102.654,288782.3278,356416.2658,FALSE,FALSE,TRUE
1117616,c144,mid/relief_q2,coastal,FALSE,1979,bc79204,179,20000,305,6553,1885.175627,dem_agl,reported,6244.814651,1,148.1280749,24038,0,0,0,0,0,308.1732712,308.1732712,,0,21627970.65,21907452.52,21907452.52,21907570.42,21627970.65,577304.4341,297822.5677,577304.4341,297822.5677,545158.4204,265558.648,FALSE,FALSE,TRUE
1606660,c145,mid/relief_q2,coastal,TRUE,2007,bcc07013,136,20000,153,3364,1938.881008,dem_agl,reported,3342.762715,1,23.27232783,27077,8189,7414,6999,594,0,21.22193395,30.23327282,0.1287551969,0,24805748.9,24944838.09,24810527.98,24945050.66,17189614.68,249940.4687,52041.53259,185649.3651,95976.17391,198829.4722,41354.01982,FALSE,FALSE,TRUE
1606661,c145,mid/relief_q2,coastal,TRUE,2007,bcc07013,137,20000,153,3363,1938.881008,dem_agl,reported,3325.201419,1,34.3685801,26795,2084,1659,1475,324,0,37.79170968,40.91046228,0.1308545172,0,24813453.58,24683429.77,24637149.62,24683277.79,22787072.91,144214.3445,183801.4872,133479.05,211500.8084,94374.51579,158151.547,TRUE,FALSE,FALSE
1606662,c145,mid/relief_q2,coastal,TRUE,2007,bcc07013,138,20000,153,3368,1925.283768,dem_agl,reported,3324.702998,1,40.31657044,26789,1,128,1,0,0,43.28007573,43.28171039,-0.5092350245,0,24497397.23,24676030.62,24676006.36,24676271.75,24491072.23,303105.6297,119131.2139,303094.8487,119144.5874,275819.8949,92450.03086,FALSE,FALSE,TRUE
1606663,c145,mid/relief_q2,coastal,TRUE,2007,bcc07013,139,20000,153,3370,1925.283768,dem_agl,reported,3331.997878,1,52.21370654,26906,4694,4713,4515,62,0,37.93600227,45.91961961,0.1608563662,0,24468149.9,24784435,24665808.03,24785129.74,19973224.3,548348.9156,59843.27307,504993.4455,100007.401,454219.1892,44695.56649,FALSE,FALSE,TRUE
1606664,c145,mid/relief_q2,coastal,TRUE,2007,bcc07013,140,20000,153,3368,1966.082992,dem_agl,reported,3341.500235,1,50.25800437,27059,14417,14144,14017,155,0,26.47836855,56.50258914,0.1343726665,0,24773536.83,24925999.52,24480079.16,24926173.26,11329752.55,385750.8267,63978.87784,304206.1778,237841.8655,319748.8619,82317.10068,FALSE,FALSE,TRUE
1606665,c145,mid/relief_q2,coastal,TRUE,2007,bcc07013,141,20000,153,3366,1918.494115,dem_agl,reported,3333.43998,1,56.07749422,26927,16340,15843,15780,278,0,32.38652999,82.06000798,0.1189240701,0,24328921.48,24805893.23,24072108.21,24808036.88,9084523.791,690747.1227,20550.10287,381069.6058,152268.7983,579277.7873,5479.892675,FALSE,FALSE,TRUE
1606666,c145,mid/relief_q2,coastal,TRUE,2007,bcc07013,142,20000,153,3364,1748.63299,dem_agl,reported,3261.293768,1,126.7618907,25774,7691,7307,7282,245,0,102.5978236,146.103098,0.09448415041,0,24199812.1,23743756.6,23114504.03,23744500.77,16486240.52,340297.482,163697.9072,227850.0723,421436.7372,249734.6151,449261.5831,FALSE,FALSE,TRUE
1606667,c145,mid/relief_q2,coastal,TRUE,2007,bcc07013,143,20000,153,3369,1748.63299,dem_agl,reported,3206.207019,1,138.3839915,24912,647,548,548,72,0,162.7518751,167.0633369,0.05028953403,0,23356223.03,22948415.87,22886738.82,22947380.37,22419296.55,701572.5039,768755.4307,686358.1952,808348.0597,752802.7947,881957.2584,TRUE,FALSE,FALSE
1606668,c145,mid/relief_q2,coastal,TRUE,2007,bcc07013,144,20000,153,3367,1728.113114,dem_agl,reported,3153.904296,1,161.3624262,24107,129,89,82,11,0,213.1068805,214.2561579,0.08842814714,0,22110600.58,22205809.61,22189629.04,22205493.73,21729157.85,1135181.913,776329.5226,1127906.486,784221.7637,876430.7272,537150.1181,FALSE,FALSE,TRUE
1606669,c145,mid/relief_q2,coastal,TRUE,2007,bcc07013,145,20000,153,3367,1728.113114,dem_agl,reported,3174.065518,1,162.5773871,24415,2684,2449,2413,63,0,192.7679817,216.5808064,0.09635480493,0,23494314.62,22490616.72,22154419.42,22490998.27,20192018.79,714413.999,884551.9028,638569.193,1051622.906,355677.3385,794595.5548,FALSE,FALSE,TRUE
733375,c146,mid/relief_q2,coastal,TRUE,1980,bc80085,201,20000,305,6370,1551.337546,dem_agl,reported,6257.758273,1,145.7276823,23886,10694,10446,10342,152,0,112.2428875,203.1200758,0.08051312342,0,22042710.15,21998361.75,21364066.52,21997404.03,11832418.57,404783.7889,83600.52576,203273.8341,226517.3367,227707.8485,56572.89101,FALSE,FALSE,TRUE
733376,c146,mid/relief_q2,coastal,TRUE,1980,bc80085,202,20000,305,6370,1551.193973,dem_agl,reported,6315.370491,1,90.49444138,24326,12934,12499,12348,281,0,54.52431863,116.2194957,0.08268437162,0,21944382.83,22405283.34,21969664.86,22405910.15,9874979.885,631658.3878,16979.92705,420606.4738,69212.75111,571852.1707,29064.93963,FALSE,FALSE,TRUE
733377,c146,mid/relief_q2,coastal,TRUE,1980,bc80085,203,20000,305,6370,1551.050371,dem_agl,reported,6286.124335,1,132.1693626,24100,12899,12494,12359,265,0,83.87200009,180.2489194,0.08144286275,0,22386915.56,22198248.4,21522792.95,22198316.38,10140013.37,230687.1637,51689.17702,101581.2204,171481.8775,127817.8534,101077.8608,FALSE,FALSE,TRUE
733378,c146,mid/relief_q2,coastal,TRUE,1980,bc80085,204,20000,305,6370,1546.677114,dem_agl,reported,6296.150013,1,130.4894875,24173,14419,14133,14008,240,0,73.82738023,182.7052065,0.07671698183,0,22480737.61,22269112.41,21505582.82,22268754.47,8861092.995,169365.3853,41642.61442,75226.48462,220733.23,65852.001,147159.0218,FALSE,FALSE,TRUE
733379,c146,mid/relief_q2,coastal,TRUE,1980,bc80085,205,20000,305,6370,1546.677114,dem_agl,reported,6315.710664,1,122.1968464,24322,18688,18623,18558,78,0,54.25957589,233.8973838,0.07481790334,0,22159592.96,22407697.1,21151140.42,22407864.51,4682391.705,517422.8942,4454.44669,203931.2387,79713.50649,402889.1642,12112.87526,FALSE,FALSE,TRUE
733380,c146,mid/relief_q2,coastal,TRUE,1980,bc80085,206,20000,305,6370,1549.891079,dem_agl,reported,6364.66915,1,24.43734458,24701,22247,22066,21866,217,0,5.323941011,52.41512085,0.07589840889,0,22652104.31,22756446.13,22420949.19,22756491.3,2130663.615,135533.6104,723.1127027,87318.4148,10812.91292,128276.6956,490.5807359,FALSE,FALSE,TRUE
733381,c146,mid/relief_q2,coastal,TRUE,1980,bc80085,207,20000,305,6370,1549.603848,dem_agl,reported,6369.548506,1,2.490034353,24741,23632,23542,23336,152,0,0.4514784762,7.667414314,0.07967741415,0,22793983.31,22791351.13,22739740.63,22791351.57,1020111.253,0,4.266596606,0,89.32005128,0,6.843871545,FALSE,FALSE,TRUE
733382,c146,mid/relief_q2,coastal,TRUE,1980,bc80085,208,20000,305,6370,1549.460249,dem_agl,reported,6367.523767,1,15.69691904,24716,22962,22768,22551,226,0,2.476809353,33.0743846,0.08572145179,0,22708140.17,22776863.69,22558492.34,22776858.9,1533120.323,83627.63787,63.3253937,60285.58153,4816.062021,81735.1074,113.4680865,FALSE,FALSE,TRUE
733383,c146,mid/relief_q2,coastal,TRUE,1980,bc80085,209,20000,305,6370,1549.460249,dem_agl,reported,6366.577791,1,20.41843022,24712,23509,23375,23312,113,0,3.422707972,67.95949352,0.09181185067,0,22733115.52,22770096.61,22310804.09,22770087.38,1044473.024,57470.016,252.0238641,26068.6139,26884.24974,52754.85511,675.2946424,FALSE,FALSE,TRUE
733384,c146,mid/relief_q2,coastal,TRUE,1980,bc80085,210,20000,305,6370,1493.994284,dem_agl,reported,6366.231358,1,20.60805166,24710,23188,22914,22870,198,0,3.760827899,58.77887284,0.09512968734,0,22731898.32,22767618.64,22375795.89,22767671.23,1340652.527,58690.34626,123.6700613,29103.22189,18376.52963,51150.24056,1450.208208,FALSE,FALSE,TRUE
1618058,c147,mid/relief_q2,coastal,TRUE,2007,bcc07078,72,20000,153,3533,1852.764557,dem_agl,reported,3330.035898,1,111.9615288,26731,385,363,355,9,0,202.853436,205.8165291,-0.04498081282,0,25330152.37,24755255.95,24711220.69,24754360.32,24682350.37,583073.8481,864639.6564,566796.5851,888729.6113,382420.8258,680357.4467,FALSE,FALSE,TRUE
1618059,c147,mid/relief_q2,coastal,TRUE,2007,bcc07078,73,20000,153,3532,1845.984418,dem_agl,reported,3355.472905,1,131.6675855,27142,3834,3757,3730,41,0,176.2146249,205.1997949,-0.04075428285,0,25962606.95,25134894.3,24702530.47,25139631.32,21715731.56,446077.4842,577799.3075,311485.3105,766138.8624,190624.4869,614389.2279,FALSE,FALSE,TRUE
1618060,c147,mid/relief_q2,coastal,TRUE,2007,bcc07078,74,20000,153,3531,1845.984418,dem_agl,reported,3412.001947,1,135.6188742,28065,9356,9138,9051,117,0,118.9819057,178.4624301,-0.01893602218,0,25930524.83,25988913.95,25090696.31,25987594.45,16486008.64,955595.0946,115984.3351,560855.9079,242243.3477,454330.7572,311287.7313,FALSE,FALSE,TRUE
1618061,c147,mid/relief_q2,coastal,TRUE,2007,bcc07078,75,20000,153,3534,1899.517829,dem_agl,reported,3484.843131,1,83.15619963,29273,16738,16304,16180,240,0,48.81237257,113.8983412,0.01347011328,0,26511983.68,27110408.22,26107189.78,27115494.63,10592273.53,1032721.383,15433.43849,659745.5224,99410.12895,741201.7787,59427.9401,FALSE,FALSE,TRUE
1618062,c147,mid/relief_q2,coastal,TRUE,2007,bcc07078,76,20000,153,3533,2012.608275,dem_agl,reported,3502.753938,1,60.82823085,29570,20248,19550,19417,415,0,30.185246,95.40067454,0.03435871378,0,27053365.37,27389799.34,26379389.15,27390576.65,8028816.024,614637.2212,6598.780067,324705.2432,144843.842,557899.1457,12655.60783,FALSE,FALSE,TRUE
1618063,c147,mid/relief_q2,coastal,TRUE,2007,bcc07078,77,20000,153,3531,1905.975245,dem_agl,reported,3484.254121,1,82.84465669,29267,18468,17578,17500,562,0,46.70214731,126.138788,0.04148322158,0,27436909.11,27101244.55,25879582.29,27100570.16,9767464.446,242829.9081,16676.94213,91252.72615,146959.8006,181933.5206,41494.53612,FALSE,FALSE,TRUE
1618064,c147,mid/relief_q2,coastal,TRUE,2007,bcc07078,78,20000,153,3530,1905.975245,dem_agl,reported,3463.710125,1,87.71057548,28919,14629,13694,13635,651,0,65.95041164,133.0415738,0.05772553012,0,27590571.73,26782595.91,25755100.58,26787664.61,13256696.21,44070.19721,80553.05647,670.167567,301146.6692,52689.81367,66498.99506,FALSE,FALSE,TRUE
1618065,c147,mid/relief_q2,coastal,TRUE,2007,bcc07078,79,20000,153,3531,1932.623681,dem_agl,reported,3478.613974,1,77.92017413,29189,15259,14127,14029,766,0,52.40771449,109.3373475,0.1371414065,0,27285387.28,27013575.12,26136623.08,27012962.17,12647570.7,287597.7339,64925.61524,155034.764,288165.7661,277342.4905,42080.19944,FALSE,FALSE,TRUE
1618066,c147,mid/relief_q2,coastal,TRUE,2007,bcc07078,80,20000,153,3531,2012.610368,dem_agl,reported,3494.692015,1,61.6941301,29433,17308,16102,15941,795,0,36.22631194,87.33328172,0.1479135975,0,27055978.65,27263863.94,26472272.01,27265111.91,10682499.29,562003.3484,27860.07849,347316.005,157988.9944,540273.4138,28664.20322,FALSE,FALSE,TRUE
1618067,c147,mid/relief_q2,coastal,TRUE,2007,bcc07078,81,20000,153,3532,2092.569427,dem_agl,reported,3494.292407,1,83.14532112,29426,20182,19326,19179,531,0,37.37598528,118.3098989,0.1560277268,0,26716247.89,27257629.21,26009583.43,27260855.26,7724629.053,870738.6867,39613.69208,534653.2463,320909.3928,686439.3464,38597.79256,FALSE,FALSE,TRUE
732028,c148,mid/relief_q2,coastal,TRUE,1980,bc80102,238,20000,153,3109,1454.033727,dem_agl,reported,3065.92458,1,33.55813554,23250,5972,4068,4049,10,0,43.07542024,58.14376024,0.09549923614,0,21007058.77,20984205.22,20778446.66,20984003.79,15414141.12,237469.715,54033.56606,139341.5318,89981.0504,124140.372,47822.24573,FALSE,FALSE,TRUE
732029,c148,mid/relief_q2,coastal,TRUE,1980,bc80102,239,20000,153,3109,1454.019513,dem_agl,reported,3050.188531,1,31.9834159,23016,3643,2102,2101,8,0,58.81379844,70.00439962,-0.129155159,0,20990449.15,20769352.53,20617233.95,20769179.77,17420965.42,105417.6383,41087.50819,40373.91168,74819.2048,44322.32717,52994.1269,FALSE,FALSE,TRUE
732030,c148,mid/relief_q2,coastal,TRUE,1980,bc80102,240,20000,153,3109,1454.016677,dem_agl,reported,3037.619147,1,25.04592183,22828,1555,750,750,10,0,71.38050336,76.65525098,-0.9073851109,0,20893078.15,20598530.25,20527054.73,20598465.53,19252089.61,48794.9607,101862.1797,25886.9018,133236.6896,24905.56062,108946.3528,FALSE,FALSE,TRUE
732031,c148,mid/relief_q2,coastal,TRUE,1980,bc80102,241,20000,153,3109,1454.006884,dem_agl,reported,3028.885349,1,19.68799543,22688,503,168,168,8,0,80.11777507,81.9561792,-1.307675123,0,20641773.98,20480250.27,20455396.54,20480072.91,20027766.77,121781.1618,123408.6109,110321.6472,133366.6086,75765.61534,103126.8313,FALSE,FALSE,TRUE
732032,c148,mid/relief_q2,coastal,TRUE,1980,bc80102,242,20000,153,3109,1454.006884,dem_agl,reported,3014.614975,1,24.58078799,22474,78,45,45,2,0,94.38769762,94.71824724,-0.5417787135,0,20442878.26,20287722.45,20283273.64,20287588.82,20305023.96,144354.0385,233365.5381,142823.5855,236093.976,76072.03933,175991.4688,FALSE,FALSE,TRUE
732033,c148,mid/relief_q2,coastal,FALSE,1980,bc80102,243,20000,153,3109,1454.00174,dem_agl,reported,3002.545612,1,28.13082442,22301,0,0,0,0,0,106.4647731,106.4647731,,0,20409532.81,20125599.11,20125599.11,20125483.76,20409532.81,133416.0418,417349.7494,133416.0418,417349.7494,85466.87725,369515.9302,FALSE,FALSE,TRUE
732034,c148,mid/relief_q2,coastal,FALSE,1980,bc80102,244,20000,153,3109,1453.993086,dem_agl,reported,2996.434645,1,30.72257988,22208,0,0,0,0,0,112.5678145,112.5678145,,0,20159330.62,20043760.74,20043760.74,20043743.19,20159330.62,126611.2315,242181.107,126611.2315,242181.107,82741.60264,198329.0325,FALSE,FALSE,TRUE
732035,c148,mid/relief_q2,coastal,FALSE,1980,bc80102,245,20000,153,3109,1453.993086,dem_agl,reported,2988.420343,1,40.48936901,22092,0,0,0,0,0,120.5852133,120.5852133,,0,19680805.97,19936685.54,19936685.54,19936247.09,19680805.97,391247.8082,135368.2437,391247.8082,135368.2437,331059.234,75618.11709,FALSE,FALSE,TRUE
732036,c148,mid/relief_q2,coastal,FALSE,1980,bc80102,246,20000,153,3109,1629.075035,dem_agl,reported,2929.209097,1,105.6361591,21224,0,0,0,0,0,179.7800658,179.7800658,,0,19191814.23,19154478.79,19154478.79,19153389.05,19191814.23,613061.9443,650397.3851,613061.9443,650397.3851,455253.9756,493679.1614,FALSE,FALSE,TRUE
732037,c148,mid/relief_q2,coastal,FALSE,1980,bc80102,247,20000,153,3109,1629.075035,dem_agl,reported,2806.589862,1,211.1653105,19483,0,0,0,0,0,302.4090435,302.4090435,,0,17936723.51,17584397.59,17584397.59,17584054.4,17936723.51,1087865.224,1440191.136,1087865.224,1440191.136,820382.4377,1173051.541,FALSE,FALSE,TRUE
733373,c149,mid/relief_q2,coastal,TRUE,1980,bc80085,199,20000,305,6370,1486.304333,dem_agl,reported,6256.607221,1,151.4941847,23882,11444,11185,11051,223,0,113.3720773,217.4959637,0.08442890644,0,22273305.03,21990269.74,21264426.06,21990102.01,11239229.46,242237.3495,33325.21068,79275.74704,161506.808,81019.72345,164702.696,FALSE,FALSE,TRUE
733374,c149,mid/relief_q2,coastal,TRUE,1980,bc80085,200,20000,305,6370,1490.39972,dem_agl,reported,6243.94634,1,147.8602351,23782,9078,8944,8835,127,0,125.9790672,203.6576319,0.08357270807,0,22453966.12,21901360.69,21359817.33,21900947.2,13504829.19,129471.8153,98516.19318,62696.65215,230332.901,35073.83784,224491.853,FALSE,FALSE,TRUE
819082,c150,mid/relief_q2,coastal,TRUE,1982,bc82041,207,30000,153,4724,1092.421823,dem_agl,reported,4669.433823,1,33.46635173,53713,6833,5384,5384,21,0,54.56586897,62.57914513,0.01725076325,0,48668116,48674112.34,48507195.14,48674087.96,42165711.87,422186.7081,102033.1819,334662.5387,136644.7855,225220.4014,100469.1918,FALSE,FALSE,TRUE
819083,c150,mid/relief_q2,coastal,TRUE,1982,bc82041,208,30000,153,4724,1092.421823,dem_agl,reported,4665.144273,1,34.0697147,53610,5280,4238,4238,16,0,58.85463016,65.3272168,0.01016298728,0,48625379.23,48584725,48450002.18,48584701.02,43514899.88,421417.2524,128420.437,353325.542,159775.4682,220951.1385,118161.5161,FALSE,FALSE,TRUE
819084,c150,mid/relief_q2,coastal,TRUE,1982,bc82041,209,30000,153,4724,1091.411297,dem_agl,reported,4660.322455,1,34.11253639,53495,3398,2627,2627,9,0,63.67730452,68.02783203,-0.0008493968053,0,48572253.69,48484344.12,48393863.67,48484333.44,45186147.49,394794.8848,170707.3895,345226.3553,191250.0196,198088.4813,125857.3009,FALSE,FALSE,TRUE
819085,c150,mid/relief_q2,coastal,TRUE,1982,bc82041,210,30000,153,4724,1091.411297,dem_agl,reported,4655.266357,1,33.64264499,53378,1527,975,975,3,0,68.73450416,70.78077841,-0.04906503856,0,48493161.27,48379197.48,48336675.59,48379159.65,46837222.77,388386.216,227386.5355,364447.7097,238292.1871,193262.954,148606.0759,FALSE,FALSE,TRUE
819086,c150,mid/relief_q2,coastal,TRUE,1982,bc82041,211,30000,153,4724,1095.603394,dem_agl,reported,4649.670165,1,33.59789381,53247,448,176,176,3,0,74.32857879,74.96936723,-1.267496765,0,48388804.06,48262952.12,48249650.44,48262931.61,47796377.08,402086.6585,337489.0814,394767.2432,342012.3722,203998.8482,219455.8884,FALSE,FALSE,TRUE
819087,c150,mid/relief_q2,coastal,TRUE,1982,bc82041,212,30000,153,4724,1091.231874,dem_agl,reported,4644.177298,1,33.23625048,53115,87,69,69,2,0,79.822889,79.95343563,0.02606740594,0,48299114.03,48148989.03,48146282.16,48148963.32,48112870.99,345924.2274,387130.3552,344422.699,388204.0666,161173.065,250432.1549,FALSE,FALSE,TRUE
819088,c150,mid/relief_q2,coastal,TRUE,1982,bc82041,213,30000,153,4724,1091.231874,dem_agl,reported,4639.599765,1,32.20291118,53011,95,78,78,2,0,84.40027179,84.55153008,-0.1132771596,0,48225393.18,48054119.71,48050986.48,48054073.99,48056208.53,283790.7708,370041.7355,282049.3861,371299.6646,120289.5874,240227.4176,FALSE,FALSE,TRUE
819089,c150,mid/relief_q2,coastal,TRUE,1982,bc82041,214,30000,153,4724,1095.42027,dem_agl,reported,4635.939337,1,29.78621007,52927,0,0,0,0,0,88.06082169,88.06082169,,0,48156901.48,47978324.7,47978324.7,47978176.86,48138235.76,242435.4857,403683.0655,242435.4857,403683.0655,106683.4488,270885.0281,FALSE,FALSE,TRUE
819090,c150,mid/relief_q2,coastal,TRUE,1982,bc82041,215,30000,153,4724,1091.052255,dem_agl,reported,4632.701662,1,26.86225269,52849,0,0,0,0,0,91.29521158,91.29521158,,0,48112475.39,47911333.34,47911333.34,47911442.38,48112475.39,195230.4385,396372.4938,195230.4385,396372.4938,87510.27983,288543.2935,FALSE,FALSE,TRUE
819091,c150,mid/relief_q2,coastal,TRUE,1982,bc82041,216,30000,153,4724,1091.052255,dem_agl,reported,4630.054544,1,25.20074426,52780,0,0,0,0,0,93.94182437,93.94182437,,0,47993302.64,47856596.05,47856596.05,47856685.99,47993302.64,228291.265,364997.847,228291.265,364997.847,133286.4181,269903.0587,FALSE,FALSE,TRUE
764928,c151,mid/relief_q3,coastal,TRUE,1969,bc7196,23,16000,305,5334,1622.955728,dem_agl,reported,5171.854732,1,150.6082926,16537,5312,4807,4798,390,0,162.1001353,238.5455992,0.01775121689,0,15246138,15026070.05,14585150.63,15025275.62,10012559.77,259588.8579,73535.21684,98257.31853,168233.7961,198268.6498,97923.63006,FALSE,FALSE,TRUE
764929,c151,mid/relief_q3,coastal,TRUE,1969,bc7196,24,16000,305,5334,1622.955728,dem_agl,reported,5174.786305,1,135.9843606,16549,3592,3158,3144,326,0,159.122612,203.054459,-0.001260649879,0,15297477.94,15043109.39,14788773.75,15043473.34,11856375.97,142932.6807,220295.6236,63451.49356,350515.7468,168078.1423,250038.5588,FALSE,FALSE,TRUE
764930,c151,mid/relief_q3,coastal,TRUE,1969,bc7196,25,16000,305,5334,1622.957014,dem_agl,reported,5211.03046,1,116.1271756,16786,2652,2411,2396,174,0,122.9728361,145.9654984,-0.007259108359,0,15160288.31,15254570.94,15120252.24,15254537.62,12666268.87,316341.2211,131981.4193,259537.0066,192453.0611,314843.5354,121084.0585,FALSE,FALSE,TRUE
764931,c151,mid/relief_q3,coastal,TRUE,1969,bc7196,26,16000,305,5334,1622.958467,dem_agl,reported,5238.703213,1,98.09977257,16959,2130,1769,1733,256,0,95.29069693,108.8357318,-0.02172750514,0,15468260.99,15417017.44,15337396.94,15416790.28,13418182.87,157268.0057,94745.83067,130373.3974,131460.9282,162852.8545,68692.32564,TRUE,FALSE,FALSE
764932,c151,mid/relief_q3,coastal,TRUE,1969,bc7196,27,16000,305,5334,1622.96175,dem_agl,reported,5250.404687,1,87.41985426,17036,3760,3394,3338,243,0,83.58068085,107.1153279,-0.04225418344,0,15373261.15,15485967.06,15347448.24,15486064.03,11821282.28,318791.746,78252.2596,272031.0115,134545.9036,315054.2386,107337.0345,FALSE,FALSE,TRUE
764933,c151,mid/relief_q3,coastal,TRUE,1969,bc7196,28,16000,305,5334,1537.637901,dem_agl,reported,5250.275185,1,93.85978156,17038,5398,4961,4911,262,0,83.72375218,122.3976598,-0.04436209798,0,15528404.76,15485203.15,15257913.1,15485005.85,10417696.87,199052.6334,44538.7035,123538.1914,105695.9179,119343.7426,84552.4721,FALSE,FALSE,TRUE
764934,c151,mid/relief_q3,coastal,TRUE,1969,bc7196,29,16000,305,5334,1537.632534,dem_agl,reported,5259.40988,1,91.40388682,17094,5026,4658,4598,170,0,74.57749922,105.5801326,-0.04877572507,0,15498996.17,15539133.9,15356476.84,15539021.69,10747147.13,245282.4031,27388.16332,176236.7127,67857.88775,155473.3331,44129.05249,FALSE,FALSE,TRUE
764935,c151,mid/relief_q3,coastal,TRUE,1969,bc7196,30,16000,305,5334,1537.632534,dem_agl,reported,5266.968698,1,65.49339162,17145,3793,3446,3403,191,0,67.01556465,85.98225915,-0.04785292223,0,15515387.57,15583831.66,15471796.97,15583623.8,11888655.87,275233.1524,28311.73983,229670.9768,43860.62315,240149.9599,44547.32425,FALSE,FALSE,TRUE
764936,c151,mid/relief_q3,coastal,TRUE,1969,bc7196,31,16000,305,5334,1537.621634,dem_agl,reported,5219.515799,1,102.32235,16837,2024,1763,1730,176,0,114.4468204,130.0101211,-0.03358689882,0,15433840.2,15304290.7,15213159.58,15304182.49,13368170.46,227425.9734,132486.4735,200779.1467,168125.6739,140786.3355,100239.9511,FALSE,FALSE,TRUE
764937,c151,mid/relief_q3,coastal,TRUE,1969,bc7196,32,16000,305,5334,1537.616298,dem_agl,reported,5102.571933,1,149.686296,16092,466,362,359,71,0,231.1968727,238.05688,-0.03984426335,0,15083831.78,14626184.42,14586883.35,14627036.91,14410266.07,229990.7955,438976.1118,220335.6722,462597.4991,62600.9616,340463.7576,TRUE,FALSE,FALSE
1317371,c152,mid/relief_q3,coastal,FALSE,1974,bc7679,55,16000,305,5486,1055.208156,dem_agl,reported,4965.779094,1,236.2311864,14993,0,0,0,0,0,520.2006586,520.2006586,,0,14096518.52,13852481.06,13852481.06,13851560.44,14096518.52,401968.2973,646005.7602,401968.2973,646005.7602,435985.4067,680943.4933,FALSE,FALSE,TRUE
1317372,c152,mid/relief_q3,coastal,FALSE,1974,bc7679,56,16000,305,5486,1054.086367,dem_agl,reported,4927.278435,1,260.6426618,14762,0,0,0,0,0,558.685314,558.685314,,0,14206697.28,13638511.76,13638511.76,13635339.34,14206697.28,454097.4625,1022282.991,454097.4625,1022282.991,416859.8689,988217.8163,FALSE,FALSE,TRUE
1317373,c152,mid/relief_q3,coastal,FALSE,1974,bc7679,57,16000,305,5486,1054.086367,dem_agl,reported,4930.546421,1,282.3295908,14783,0,0,0,0,0,555.4567035,555.4567035,,0,13474769.12,13656609.07,13656609.07,13656343.64,13474769.12,677726.2299,495886.2826,677726.2299,495886.2826,543859.7629,362285.2414,FALSE,FALSE,TRUE
1317374,c152,mid/relief_q3,coastal,TRUE,1974,bc7679,58,16000,305,5486,1055.188846,dem_agl,reported,5035.200224,1,301.9259194,15420,393,269,259,2,0,450.7316714,462.5577905,0.0160165783,0,14047424.35,14242501.15,14175677.31,14238241.81,13251314.62,1000431.954,370423.867,961617.1113,389075.5795,770029.1421,338250.1791,FALSE,FALSE,TRUE
1317375,c152,mid/relief_q3,coastal,TRUE,1974,bc7679,59,16000,305,5486,1055.182343,dem_agl,reported,5164.98418,1,327.8487621,16224,4293,3964,3947,70,0,320.9146342,436.3901639,0.06262694299,0,14553399.38,14986173.79,14323561.41,14977754.39,10046320.4,1221985.367,248043.5734,923964.8395,408375.3197,989802.4646,313395.3916,FALSE,FALSE,TRUE
1317376,c152,mid/relief_q3,coastal,TRUE,1974,bc7679,60,16000,305,5486,1054.060258,dem_agl,reported,5216.811664,1,283.1565682,16551,5616,4975,4958,343,0,267.2847867,404.0290411,0.0629533045,0,14363856.71,15288437.07,14497453.48,15297661.75,8906291.66,1329871.641,137628.1971,845803.6565,311578.0468,1288143.203,154223.6428,FALSE,FALSE,TRUE
1317377,c152,mid/relief_q3,coastal,TRUE,1974,bc7679,61,16000,305,5486,1054.060258,dem_agl,reported,5172.995259,1,304.5409478,16276,5579,4943,4926,342,0,312.7907007,475.3861897,0.06294637173,0,14707232.74,15032698.05,14102546.2,15028108.76,9243713.322,813818.3163,177717.8996,389959.9376,526718.7346,754857.3785,223581.2164,FALSE,FALSE,TRUE
1317378,c152,mid/relief_q3,coastal,TRUE,1974,bc7679,62,16000,305,5486,1055.162593,dem_agl,reported,5064.514057,1,304.5444882,15600,3780,3347,3345,333,0,420.6593803,554.6321084,0.06275604293,0,15396473.38,14408817.32,13656580.86,14413568.45,11056856.57,211476.8986,351275.7805,99959.03255,724613.5354,75983.01962,499640.7527,FALSE,FALSE,TRUE
1317379,c152,mid/relief_q3,coastal,TRUE,1974,bc7679,63,16000,305,5486,1055.155887,dem_agl,reported,4935.59659,1,201.7533743,14817,196,130,130,55,0,550.0779632,557.3892695,0.09830730781,0,14866380.35,13684599.27,13644086.16,13686127.4,14210994.24,154807.6146,861389.6748,148172.466,891847.4843,179684.2301,881675.9477,TRUE,FALSE,FALSE
1317380,c152,mid/relief_q3,coastal,FALSE,1974,bc7679,64,16000,305,5486,1054.034002,dem_agl,reported,4943.092463,1,193.5634612,14863,0,0,0,0,0,542.8468401,542.8468401,,0,14028969.3,13726197.45,13726197.45,13722975.84,14028969.3,405290.3469,708062.2004,405290.3469,708062.2004,270446.4809,576439.9503,FALSE,FALSE,TRUE
1490450,c153,mid/relief_q3,coastal,TRUE,1975,bc5649,172,20000,153,3109,1954.865669,dem_agl,reported,3106.381068,1,8.590236889,23946,21607,21508,21471,43,0,2.619132037,24.78365331,0.224345699,0,21426219.98,21541654.29,21235344.75,21541649.15,1967039.893,138052.2042,45.12657726,58085.21557,12030.20562,122761.4463,1011.591721,FALSE,FALSE,TRUE
1490451,c153,mid/relief_q3,coastal,TRUE,1975,bc5649,173,20000,153,3109,1954.865669,dem_agl,reported,3102.457773,1,15.17025096,23882,19846,19725,19720,9,0,6.540951305,37.4875432,0.242271468,0,21365712.73,21487275.33,21060748,21487268.52,3455760.316,179572.6644,86.90501888,46417.05793,8817.176674,134714.3269,0,FALSE,FALSE,TRUE
1490452,c153,mid/relief_q3,coastal,TRUE,1975,bc5649,174,20000,153,3109,1953.631318,dem_agl,reported,3098.740578,1,21.26043604,23819,18143,18031,17999,21,0,10.25304583,42.23156099,0.2598757446,0,21281502.32,21435816.43,20995670.82,21435807.22,4878213.027,237259.8977,1464.373867,98739.96452,42974.84215,165381.6739,33.18035267,FALSE,FALSE,TRUE
1490453,c153,mid/relief_q3,coastal,TRUE,1975,bc5649,175,20000,153,3109,1952.661782,dem_agl,reported,3092.92799,1,25.78603736,23732,14531,14396,14334,32,0,16.07197062,41.10820424,0.2707207203,0,21087579.9,21355473.64,21011141.88,21355361.42,7920545.239,366015.6624,2480.253084,198729.5236,28400.132,318490.6917,1306.392762,FALSE,FALSE,TRUE
1490454,c153,mid/relief_q3,coastal,TRUE,1975,bc5649,176,20000,153,3109,1952.661782,dem_agl,reported,3079.327805,1,32.64074383,23521,8910,8783,8704,58,0,29.66991641,47.7085144,0.2682418525,0,20894443.99,21168078.51,20920801.13,21167846.41,12759791.82,414337.0151,18686.1071,286036.7119,63581.05468,360537.303,23915.72,FALSE,FALSE,TRUE
1490455,c153,mid/relief_q3,coastal,TRUE,1975,bc5649,177,20000,153,3109,1952.132163,dem_agl,reported,3064.379854,1,38.26683902,23293,5121,4972,4929,75,0,44.61664408,57.2169132,-0.3414136171,0,20733601.43,20963065.31,20791025.8,20962476.46,16047229.75,378152.3446,69696.62706,289162.1034,130900.6476,330606.1539,61099.60271,FALSE,FALSE,TRUE
1490456,c153,mid/relief_q3,coastal,TRUE,1975,bc5649,178,20000,153,3109,1952.132163,dem_agl,reported,3051.961668,1,51.92037919,23099,3776,3576,3544,79,0,57.03833209,68.21872206,-0.4064425826,0,20599932.29,20793506.85,20641438.3,20792507.74,17160183.6,376230.2287,137702.2369,286991.2478,191692.1735,383783.9005,164911.4717,FALSE,FALSE,TRUE
1490457,c153,mid/relief_q3,coastal,TRUE,1975,bc5649,179,20000,153,3109,1950.898168,dem_agl,reported,3050.34538,1,49.94376197,23074,1974,1853,1835,23,0,58.65711436,64.15800428,-0.417019397,0,20563736.79,20771488.62,20696638.97,20770734.71,18759636.71,355494.0252,118433.6673,311208.9037,146179.9225,334532.904,107940.9602,FALSE,FALSE,TRUE
1490458,c153,mid/relief_q3,coastal,TRUE,1975,bc5649,180,20000,153,3109,1950.898168,dem_agl,reported,3053.279196,1,35.4251499,23117,369,350,340,0,0,55.71760619,56.62070504,-0.09254223853,0,20623583.55,20811463.79,20799154.38,20811424.9,20253559.5,344830.8602,115276.1002,338262.7249,120400.4923,291400.1889,70703.76223,FALSE,FALSE,TRUE
1490459,c153,mid/relief_q3,coastal,FALSE,1975,bc5649,181,20000,153,3109,1955.329049,dem_agl,reported,3038.650914,1,36.84595232,22894,0,0,0,0,0,70.34768726,70.34768726,,0,20425836.03,20612525.75,20612525.75,20612558.02,20425836.03,390401.0933,203711.3739,390401.0933,203711.3739,283081.1559,96359.16602,FALSE,FALSE,TRUE
840111,c154,mid/relief_q3,coastal,TRUE,1983,bc83056,1,16000,153,2469,698.3907299,dem_agl,reported,2457.586743,1,22.99695503,14993,9762,9771,9370,158,0,11.41191767,32.84432667,-0.1662478074,0,13289700.13,13483023.82,13248880.61,13483041.84,4458675.736,251493.1826,7550.82203,142934.4963,38118.45793,220454.2004,13336.81176,FALSE,FALSE,TRUE
840112,c154,mid/relief_q3,coastal,TRUE,1983,bc83056,2,16000,153,2469,689.4244402,dem_agl,reported,2463.888957,1,13.87603036,15068,11756,11737,11325,101,0,5.111396702,23.76106344,-0.1806617752,0,13450562.28,13552263.98,13347880.85,13552259.82,2847235.833,134432.6224,2575.74151,67276.82248,26934.23262,120335.1997,6915.75668,FALSE,FALSE,TRUE
840113,c154,mid/relief_q3,coastal,TRUE,1983,bc83056,3,16000,153,2469,689.4244402,dem_agl,reported,2466.328062,1,8.728639538,15100,12588,12403,11993,58,0,2.672310951,16.99288847,-0.1883469149,0,13497867.99,13579109.15,13421874.49,13579102.85,2162785.889,99358.94393,870.7875011,50742.26067,15642.62739,89721.63473,5237.655448,FALSE,FALSE,TRUE
840114,c154,mid/relief_q3,coastal,TRUE,1983,bc83056,4,16000,153,2469,689.4507182,dem_agl,reported,2464.115157,1,13.74922704,15073,12135,11719,11447,65,0,4.885181757,25.88201773,-0.2002728134,0,13469505.24,13554752.46,13324735.33,13554751.46,2521441.393,122349.5584,2895.916854,60724.308,28554.4152,99572.10689,4235.252918,FALSE,FALSE,TRUE
840115,c154,mid/relief_q3,coastal,TRUE,1983,bc83056,5,16000,153,2469,685.6050988,dem_agl,reported,2457.258143,1,29.2906963,14990,10848,10148,10097,69,0,11.73293662,42.98522587,-0.2030062824,0,13306459.56,13479418.48,13138726.72,13479514.57,3481809.718,243290.1767,2945.231818,121727.6533,43445.97867,194077.0816,7006.833283,FALSE,FALSE,TRUE
840116,c154,mid/relief_q3,coastal,TRUE,1983,bc83056,6,16000,153,2469,685.6050988,dem_agl,reported,2446.296159,1,56.5378286,14856,9182,8522,8477,87,0,22.70384144,59.71940188,-0.2009461671,0,13122945.13,13359421.65,12958190.4,13359416.69,4733383.577,370881.8642,6178.268012,244762.6739,75233.43323,290528.3949,26107.4857,FALSE,FALSE,TRUE
840117,c154,mid/relief_q3,coastal,TRUE,1983,bc83056,7,16000,153,2469,689.5298252,dem_agl,reported,2430.638957,1,74.30598213,14668,7356,6725,6687,106,0,38.35555218,77.06938337,-0.1872805953,0,12926624.67,13188958.41,12772171.81,13188817.27,6100468.275,485670.7107,12518.71473,343009.3162,77299.44615,354398.9467,57444.52592,FALSE,FALSE,TRUE
840118,c154,mid/relief_q3,coastal,TRUE,1983,bc83056,8,16000,153,2469,689.5561568,dem_agl,reported,2420.531596,1,74.29291126,14548,5367,4989,4952,113,0,48.48534324,76.84555107,-0.1738785803,0,12928697.76,13079498.8,12774801.88,13078947.22,7836313.38,441271.5537,25160.42479,351363.6135,87425.03958,290496.63,52979.10704,FALSE,FALSE,TRUE
840119,c154,mid/relief_q3,coastal,TRUE,1983,bc83056,9,16000,153,2469,690.4269102,dem_agl,reported,2413.37892,1,72.63415387,14460,3925,3622,3589,105,0,55.64040425,76.35533512,-0.1555208266,0,12879222.75,13002313.12,12780063.66,13001587.53,9065453.994,447089.1461,41879.53309,367341.8687,81128.9528,295152.5513,40028.83723,FALSE,FALSE,TRUE
840120,c154,mid/relief_q3,coastal,TRUE,1983,bc83056,10,16000,153,2469,638.0875202,dem_agl,reported,2409.777163,1,70.54306328,14417,3036,2821,2813,117,0,59.23677415,75.00030401,-0.120630376,0,12820222.78,12963532.46,12794485.58,12963097.36,9843111.735,444622.7882,49720.73891,373326.6886,82667.62373,336903.3007,64526.44043,FALSE,FALSE,TRUE
799591,c155,mid/relief_q3,coastal,TRUE,1981,bc81033,31,20000,153,3200,1340.703447,dem_agl,reported,3162.560514,1,81.97089887,24695,12558,11827,11697,566,0,37.38179377,75.93378861,-0.2294274494,0,21943114.59,22327869.18,21786828.23,22328685.26,10272666.97,743916.6044,38418.26876,610519.1293,118532.6924,632397.4869,95263.48064,FALSE,FALSE,TRUE
799592,c155,mid/relief_q3,coastal,TRUE,1981,bc81033,32,20000,153,3200,1341.837489,dem_agl,reported,3119.789111,1,139.0616017,24028,10903,10296,10224,467,0,80.20286526,146.6736635,-0.09561552107,0,21546631.05,21728015.7,20811997.04,21727596.5,11129482.24,914071.3103,171902.4385,682143.0859,407701.78,631635.7563,229482.3504,FALSE,FALSE,TRUE
799593,c155,mid/relief_q3,coastal,TRUE,1981,bc81033,33,20000,153,3200,1340.899972,dem_agl,reported,3100.064302,1,146.6747697,23719,10723,10146,10122,426,0,99.92479913,182.146689,0.06101904437,0,21486000.47,21454134.29,20331185.64,21448186.01,11138852.18,829665.8523,208677.7083,553097.1181,530808.033,275547.1507,171819.7368,FALSE,FALSE,TRUE
799594,c155,mid/relief_q3,coastal,TRUE,1981,bc81033,34,20000,153,3200,1340.899972,dem_agl,reported,3080.725018,1,155.4490645,23426,9461,9096,9052,264,0,119.2596483,199.8776113,0.11764016,0,20853684.05,21187292.45,20092921.84,21187177.09,11587218,1191377.262,153212.1237,775923.5236,373114.3242,827898.1796,230602.8405,FALSE,FALSE,TRUE
799595,c155,mid/relief_q3,coastal,TRUE,1981,bc81033,35,20000,153,3200,1340.933255,dem_agl,reported,3061.234328,1,177.5972867,23130,8014,7629,7585,264,0,138.766697,212.1784677,0.1325527951,0,20584116.31,20920051.05,19928710.3,20920522.95,12549196.14,1273584.737,156810.2105,870395.9531,328644.4702,920878.6701,301709.4945,FALSE,FALSE,TRUE
799596,c155,mid/relief_q3,coastal,TRUE,1981,bc81033,36,20000,153,3200,1340.933255,dem_agl,reported,3038.332789,1,188.3843936,22781,6157,5700,5637,277,0,161.7211375,221.5180406,0.08098116517,0,20594453.67,20608210,19805019.04,20603223.48,14237610.96,1094707.387,300152.8437,808849.9434,542293.1636,647673.782,332389.0492,FALSE,FALSE,TRUE
799597,c155,mid/relief_q3,coastal,TRUE,1981,bc81033,37,20000,153,3200,1340.966367,dem_agl,reported,3020.51333,1,186.5530556,22512,5021,4519,4464,226,0,179.5009058,231.005995,-0.02611151524,0,20164006.89,20367189.49,19678518.38,20364013,14972132.75,1287713.105,437338.3432,979920.7396,658510.2948,780882.014,220933.2214,FALSE,FALSE,TRUE
799598,c155,mid/relief_q3,coastal,TRUE,1981,bc81033,38,20000,153,3200,1340.966367,dem_agl,reported,3047.398145,1,163.5157584,22910,5689,4989,4931,344,0,152.6206298,202.9864564,-0.06242562085,0,20388761.5,20731369.3,20051757.45,20729449.43,14621678.54,1347361.341,385552.6905,1051371.401,581342.6661,915029.4334,199020.6689,FALSE,FALSE,TRUE
799599,c155,mid/relief_q3,coastal,TRUE,1981,bc81033,39,20000,153,3200,1341.934051,dem_agl,reported,3071.457081,1,149.4862424,23274,7420,6515,6428,385,0,128.5106369,188.6338266,-0.06498664245,0,20444819.23,21060006.09,20243584.48,21054847.99,13363393.67,1381364.254,400804.9551,1033334.137,684436.6275,957271.8099,166548.5787,FALSE,FALSE,TRUE
799600,c155,mid/relief_q3,coastal,TRUE,1981,bc81033,40,20000,153,3200,1346.18076,dem_agl,reported,3085.222507,1,144.0499811,23482,7055,5954,5882,462,0,114.7463822,164.0098141,-0.06578832865,0,20503138.16,21249199.43,20576022.04,21245380.28,13837900.62,1239079.658,203858.1364,912022.0088,423342.7952,988345.354,117366.1684,FALSE,FALSE,TRUE
1445908,c156,mid/relief_q3,coastal,FALSE,1966,bc4359,121,15840,305,5182,1297.176854,dem_agl,reported,4685.385948,1,204.8142552,13362,0,0,0,0,0,496.5937305,496.5937305,,0,12352612.34,12332283.93,12332283.93,12330769.11,12352612.34,525815.0864,546143.5027,525815.0864,546143.5027,362516.021,384359.2539,FALSE,FALSE,TRUE
1445909,c156,mid/relief_q3,coastal,FALSE,1966,bc4359,122,15840,305,5182,1297.166407,dem_agl,reported,4772.061044,1,195.2383935,13861,0,0,0,0,0,409.9748734,409.9748734,,0,12280392.95,12792774.79,12792774.79,12792344.33,12280392.95,720208.6576,207826.8163,720208.6576,207826.8163,667534.1208,155582.7404,FALSE,FALSE,TRUE
1445910,c156,mid/relief_q3,coastal,FALSE,1966,bc4359,123,15840,305,5182,1297.155939,dem_agl,reported,4757.311428,1,201.9900116,13777,0,0,0,0,0,424.743355,424.743355,,0,12414732.23,12713816.49,12713816.49,12713612.98,12414732.23,614328.2696,315244.0079,614328.2696,315244.0079,606135.5057,307254.758,FALSE,FALSE,TRUE
1445911,c156,mid/relief_q3,coastal,FALSE,1966,bc4359,124,15840,305,5182,1245.790402,dem_agl,reported,4687.156781,1,205.9594444,13375,0,0,0,0,0,495.0298714,495.0298714,,0,12858298.47,12341607.61,12341607.61,12338157.8,12858298.47,326495.6664,843186.5199,326495.6664,843186.5199,244530.8389,764671.5018,FALSE,FALSE,TRUE
1445912,c156,mid/relief_q3,coastal,TRUE,1966,bc4359,125,15840,305,5182,1244.665474,dem_agl,reported,4737.13439,1,238.5801742,13660,49,18,18,18,0,444.9110382,446.5055645,0.9989005923,0,12916425.36,12606199.75,12597714.65,12604754.9,12758702.42,446521.5915,642869.0424,442656.4478,647150.0547,325646.628,545189.0122,TRUE,FALSE,FALSE
1445913,c156,mid/relief_q3,coastal,TRUE,1966,bc4359,126,15840,305,5182,1244.665474,dem_agl,reported,4901.695026,1,229.118362,14629,1666,1443,1425,104,0,280.2486084,316.1793874,0.5626267195,0,13263013.29,13497251.71,13300099.78,13497328.84,11528669.63,735900.0423,295066.4627,644556.3666,374970.3117,623811.1855,282269.8565,FALSE,FALSE,TRUE
1445914,c156,mid/relief_q3,coastal,TRUE,1966,bc4359,127,15840,305,5182,1244.645864,dem_agl,reported,4955.024214,1,181.500648,14950,2074,1821,1794,121,0,226.9864419,263.4347317,0.6009177864,0,13781228.93,13792542.65,13590377.89,13791539.96,11830996.75,390254.0931,336585.3609,308014.2473,449805.4905,378243.2161,338387.8501,FALSE,FALSE,TRUE
1445915,c156,mid/relief_q3,coastal,TRUE,1966,bc4359,128,15840,305,5182,1244.645864,dem_agl,reported,5007.983939,1,168.0545385,15273,1987,1773,1742,105,0,173.9466128,199.8513997,0.6045893431,0,13939856.19,14088950.01,13943571.23,14087337.34,11996806.7,495852.428,234970.5705,432420.4931,302591.515,455016.9719,225110.3443,FALSE,FALSE,TRUE
1445916,c156,mid/relief_q3,coastal,TRUE,1966,bc4359,129,15840,305,5182,1244.625963,dem_agl,reported,4978.480651,1,186.5544346,15094,1891,1629,1614,184,0,203.4887727,232.4532992,0.6046812534,0,13993522.93,13923435.93,13761895.65,13923457.88,11899043.59,484392.3769,209601.6165,423696.9955,264069.5171,407435.1756,163025.9071,FALSE,FALSE,TRUE
1445917,c156,mid/relief_q3,coastal,TRUE,1966,bc4359,130,15840,305,5182,1244.625963,dem_agl,reported,5053.20291,1,165.7313423,15551,5106,4536,4505,413,0,128.8057844,191.2470301,0.5111970901,0,14348224.45,14344527.54,13992213.86,14343665.13,9364327.944,343960.8726,79066.43332,234945.4666,190834.0377,299912.4432,131433.8233,FALSE,FALSE,TRUE
1260601,c157,mid/relief_q3,coastal,TRUE,1967,bc5262,75,16000,153,2591,724.3518696,dem_agl,reported,2398.544984,1,165.3180726,14287,433,405,405,11,0,192.7373574,198.771009,-0.4779660702,0,12035740.69,12842965.81,12778432.93,12829471.54,11541059.21,1254316.336,342503.3908,1215695.151,365202.1458,1043116.49,172686.5496,FALSE,FALSE,TRUE
1260602,c157,mid/relief_q3,coastal,TRUE,1967,bc5262,76,16000,153,2591,724.3890377,dem_agl,reported,2407.609088,1,159.4428202,14400,23,14,14,3,0,183.7153516,184.0081939,0.2311724722,0,12075856.54,12940216.39,12937068.69,12927174.37,12006118.31,1253223.666,339286.6041,1251241.484,340388.1674,1031841.057,143508.6163,TRUE,FALSE,FALSE
1260603,c157,mid/relief_q3,coastal,TRUE,1967,bc5262,77,16000,153,2591,724.4264449,dem_agl,reported,2411.087968,1,157.2886089,14444,0,0,0,0,0,180.0894926,180.0894926,,0,12236375.47,12977639.39,12977639.39,12966458.29,12236375.47,1121983.039,380719.1266,1121983.039,380719.1266,889141.3169,159058.4948,FALSE,FALSE,TRUE
1260604,c157,mid/relief_q3,coastal,TRUE,1967,bc5262,78,16000,153,2591,724.5008414,dem_agl,reported,2419.936799,1,150.4545544,14550,208,94,91,1,0,171.12857,173.6232441,-1.099861383,0,12505662.08,13073071.55,13046131.8,13060904.08,12243145.64,1061717.302,418627.0205,1047846.273,430713.294,744816.728,147631.5289,FALSE,FALSE,TRUE
1260605,c157,mid/relief_q3,coastal,TRUE,1967,bc5262,79,16000,153,2591,724.5008414,dem_agl,reported,2437.050135,1,138.4736659,14757,842,460,449,2,0,154.0093399,163.3696329,-0.8530803621,0,12725629.52,13258625.93,13156973.29,13247654.52,11853054,994411.6709,341640.7887,941063.4633,382969.3613,716727.1255,145234.5448,FALSE,FALSE,TRUE
1260606,c157,mid/relief_q3,coastal,TRUE,1967,bc5262,80,16000,153,2591,724.5381066,dem_agl,reported,2456.960063,1,127.2782323,15003,1681,1115,1104,6,0,134.016296,150.9867315,-0.189001441,0,12872242.02,13476148.4,13290629.48,13470124.2,11272993.72,933824.0108,235716.3945,826302.996,300853.5361,780932.2563,147387.9399,FALSE,FALSE,TRUE
1260607,c157,mid/relief_q3,coastal,TRUE,1967,bc5262,81,16000,153,2591,724.5754443,dem_agl,reported,2471.707613,1,116.0151966,15182,2454,1780,1768,8,0,119.2105256,142.2681835,-0.1224035956,0,13008286.76,13638411.22,13385142.56,13637322.03,10725410.87,911365.1487,201116.6112,763133.4024,290468.0538,829938.2633,162546.6067,FALSE,FALSE,TRUE
1260608,c157,mid/relief_q3,coastal,TRUE,1967,bc5262,82,16000,153,2591,724.6125773,dem_agl,reported,2495.985204,1,95.2305667,15483,3387,2557,2535,9,0,94.94151161,121.6212639,-0.06337639689,0,13447250.2,13907645.22,13611914.76,13906602.03,10279930.14,731310.7338,146665.1651,565664.9254,243475.7068,624020.2884,119504.3438,FALSE,FALSE,TRUE
1260609,c157,mid/relief_q3,coastal,TRUE,1967,bc5262,83,16000,153,2591,724.6870367,dem_agl,reported,2520.462397,1,77.52552272,15787,5168,4294,4260,24,0,70.47772641,104.8613434,0.1500460058,0,13882797.52,14181756.87,13797466.99,14179349.06,9076763.119,544213.9211,83736.34049,378552.8601,222814.4513,434510.2807,99837.87386,FALSE,FALSE,TRUE
1260610,c157,mid/relief_q3,coastal,TRUE,1967,bc5262,84,16000,153,2591,724.6870367,dem_agl,reported,2538.358464,1,66.79404096,16013,7209,6400,6353,24,0,52.62165504,95.77054221,0.1568596512,0,14203748.16,14383861.6,13899002.97,14381966.95,7497604.838,441387.9621,36915.45848,250629.1051,151032.9798,344640.8094,65433.79805,FALSE,FALSE,TRUE
1152740,c158,mid/relief_q3,coastal,TRUE,1979,bc79122,252,20000,305,640,1856.227707,dem_agl,corrected_roll_table,6201.186887,1,162.7104513,576,0,0,0,0,0,236.7256862,236.7256862,,0,90150.97664,21602420.4,21602420.4,91475.05109,90150.97664,21512269.42,0,21512269.42,0,7831.629195,6507.554747,FALSE,FALSE,FALSE
1152741,c158,mid/relief_q3,coastal,TRUE,1979,bc79122,253,20000,305,640,1856.227707,dem_agl,corrected_roll_table,6144.629996,1,177.3417348,576,0,0,0,0,0,320.5333722,320.5333722,,0,55797.14557,21210174.75,21210174.75,57856.69481,55797.14557,21154377.6,0,21154377.6,0,6711.590357,4652.04112,FALSE,FALSE,FALSE
1152742,c158,mid/relief_q3,coastal,TRUE,1979,bc79122,254,20000,305,640,1862.977284,dem_agl,corrected_roll_table,6144.729262,1,190.5583815,576,0,0,0,0,0,190.8983318,190.8983318,,0,121809.1321,21210860.05,21210860.05,113420.6755,121809.1321,19300952.03,0,19300952.03,0,1481.996833,9870.453428,FALSE,FALSE,FALSE
1152743,c158,mid/relief_q3,coastal,TRUE,1979,bc79122,255,20000,305,640,1809.013002,dem_agl,corrected_roll_table,6224.513711,1,189.6162397,576,242,179,177,32,0,45.68100823,78.40770944,0.0553287901,0,202961.9002,21765248.46,21536979.31,198843.1767,79125.686,17917331.4,0,17744443.9,0,5135.751148,4511.580153,FALSE,FALSE,FALSE
1152744,c158,mid/relief_q3,coastal,TRUE,1979,bc79122,256,20000,305,640,1809.013002,dem_agl,corrected_roll_table,6312.777778,1,118.6477061,625,233,165,165,56,0,34.32538929,53.10417627,0.0106436722,0,206270.1421,22386890.58,22253898.93,205853.1655,134260.0578,14034410.11,0,13935073.37,0,4454.879183,2020.545319,FALSE,FALSE,FALSE
1152745,c158,mid/relief_q3,coastal,TRUE,1979,bc79122,257,20000,305,640,1809.017307,dem_agl,corrected_roll_table,6334.500346,1,96.50010964,576,39,21,20,13,0,63.13448616,67.54954971,0.4777459204,0,189430.8346,22541224.36,22509813.44,186927.8762,189430.8346,11828583.83,0,11804793.82,0,3524.914715,6027.873089,FALSE,FALSE,FALSE
1152746,c158,mid/relief_q3,coastal,TRUE,1979,bc79122,258,20000,305,640,1802.30071,dem_agl,corrected_roll_table,6243.577076,1,167.6525284,576,141,121,116,4,0,108.0903992,143.1722395,-0.02022429556,0,165506.4192,21898770.3,21653369.05,158569.947,139723.2178,15167564.33,0,15055295.66,0,7741.247491,10114.01089,FALSE,FALSE,FALSE
1152747,c158,mid/relief_q3,coastal,TRUE,1979,bc79122,259,20000,305,640,1802.30071,dem_agl,corrected_roll_table,6264.577024,1,176.1048615,600,15,10,9,0,0,221.1380273,226.8392346,-0.6937900186,0,89973.57041,22046328.79,22006219.62,99224.09949,89973.57041,10976807.6,0,10965115.38,0,13523.13195,4272.602871,FALSE,FALSE,FALSE
1152748,c158,mid/relief_q3,coastal,TRUE,1979,bc79122,260,20000,305,640,1741.71195,dem_agl,corrected_roll_table,6343.604149,1,137.0892627,600,600,600,600,0,0,-0.004809497176,,-0.00479643466,0,,,,,,,,,,,,FALSE,FALSE,FALSE
1152749,c158,mid/relief_q3,coastal,TRUE,1979,bc79122,261,20000,305,640,1741.71195,dem_agl,corrected_roll_table,6353.241431,1,87.26652237,576,576,576,576,0,0,0.01363270953,,0.01227035327,0,,,,,,,,,,,,FALSE,FALSE,FALSE
1205753,c159,mid/relief_q3,coastal,TRUE,1977,bc77029,95,20000,153,3353,1938.450878,dem_agl,reported,3321.104386,1,34.30868112,27332,2758,2921,2165,8,0,31.88440087,35.51245367,-0.4972019047,0,24508694.02,24622641.55,24568874.23,24622790.33,21917098.51,305190.4337,92650.8775,284054.6888,114407.1873,242318.3649,78137.89757,FALSE,FALSE,TRUE
1205754,c159,mid/relief_q3,coastal,TRUE,1977,bc77029,96,20000,153,3353,1938.450878,dem_agl,reported,3311.471878,1,45.63815256,27170,4982,3218,2461,18,0,41.52725121,51.0540658,-0.9812728763,0,24299239.26,24480018.01,24339366.88,24479997.19,19659281.09,431652.0614,110484.1836,372377.31,160913.0128,298152.3683,103672.0321,FALSE,FALSE,TRUE
1205755,c159,mid/relief_q3,coastal,TRUE,1977,bc77029,97,20000,153,3353,1877.342834,dem_agl,reported,3291.569199,1,52.01556215,26845,4373,2104,1787,20,0,61.42078252,73.58354748,-1.176759839,0,24014952.29,24186641.65,24008226.48,24186905.64,19773395.23,567083.0035,99733.74628,486015.5148,141023.1179,364064.2922,91729.68355,FALSE,FALSE,TRUE
1205756,c159,mid/relief_q3,coastal,TRUE,1977,bc77029,98,20000,153,3353,1876.331585,dem_agl,reported,3265.187352,1,62.65749639,26413,1030,140,114,14,0,87.82030374,91.44340325,-1.798067093,0,23739767.89,23800484.69,23747695.27,23799958.59,22523925.54,531127.6097,184359.5273,508355.395,203509.1779,328265.0028,125655.4514,FALSE,FALSE,TRUE
1205757,c159,mid/relief_q3,coastal,TRUE,1977,bc77029,99,20000,153,3353,1876.331585,dem_agl,reported,3245.967522,1,55.86758934,26097,107,37,30,3,0,107.0282328,107.4726718,-1.441003799,0,23537838.37,23521116.38,23514675.78,23521023.69,23342105.39,421932.9671,339727.2741,419167.2745,343082.628,215191.0394,165476.6149,FALSE,FALSE,TRUE
1205758,c159,mid/relief_q3,coastal,TRUE,1977,bc77029,100,20000,153,3353,1882.042881,dem_agl,reported,3245.276821,1,45.75624769,26099,98,20,19,0,0,107.7121557,108.1236621,-1.80554831,0,23371075.64,23511107.45,23505145.34,23510816.26,23207046.73,482847.9887,264831.565,480145.5455,267835.4762,376112.887,177459.1089,FALSE,FALSE,TRUE
1205759,c159,mid/relief_q3,coastal,TRUE,1977,bc77029,101,20000,153,3353,1881.992759,dem_agl,reported,3244.136956,1,44.30831499,26064,1237,59,59,5,0,108.7957242,114.3246661,-2.370828152,0,23964795.38,23494594.35,23414579.51,23495544.89,22620282.81,58394.94515,300004.6564,39639.81266,350673.0543,57252.11618,295935.8969,FALSE,FALSE,TRUE
1205760,c159,mid/relief_q3,coastal,TRUE,1977,bc77029,102,20000,153,3353,1876.836871,dem_agl,reported,3264.122924,1,49.25769712,26387,2960,239,203,2,0,88.87907484,100.3441254,-2.024791241,0,23854323.44,23784969.65,23618176.32,23784888.75,21013597.55,287785.2707,181870.0454,217143.8528,254718.3449,211190.1647,184222.9706,FALSE,FALSE,TRUE
1205761,c159,mid/relief_q3,coastal,TRUE,1977,bc77029,103,20000,153,3353,1876.836871,dem_agl,reported,3298.411274,1,41.28500159,26946,5003,1006,911,30,0,54.58084915,67.38720984,-2.006803989,0,24140523.78,24287298.08,24099069.22,24287418.11,19497024.45,381175.0975,90605.80625,285573.8274,150493.3346,293745.7136,80336.90209,FALSE,FALSE,TRUE
1205762,c159,mid/relief_q3,coastal,TRUE,1977,bc77029,104,20000,153,3353,1877.072837,dem_agl,reported,3324.226596,1,31.37411413,27372,9445,3450,3199,36,0,28.77111526,44.57942657,-1.958539486,0,24628509.75,24668959.39,24434891.51,24668958.77,15924239,249379.7403,16439.96947,142196.1395,40585.35938,154246.235,19260.06127,FALSE,FALSE,TRUE
1608397,c160,mid/relief_q3,coastal,TRUE,2007,bcc07081,148,20000,153,3379,1826.09443,dem_agl,reported,3316.156451,1,83.45899931,26484,10359,9677,9530,524,0,62.7833055,102.9128318,0.0781391412,0,24249368.46,24549328.3,23958769.83,24548333.13,14286337.17,755716.9404,99626.69678,549997.0491,263367.5176,411181.7413,30393.2593,FALSE,FALSE,TRUE
1608398,c160,mid/relief_q3,coastal,TRUE,2007,bcc07081,149,20000,153,3379,1666.607997,dem_agl,reported,3191.439337,1,157.3614757,24530,3270,2943,2862,193,0,187.5614217,216.3600049,0.07698248699,0,22869985.06,22737503.45,22329002.19,22736644.35,19161190.29,1108394.189,563374.5861,929792.6456,690424.639,720125.0198,526320.9893,FALSE,FALSE,TRUE
1608399,c160,mid/relief_q3,coastal,TRUE,2007,bcc07081,150,20000,153,3380,1639.997348,dem_agl,reported,3103.605237,1,152.9774567,23194,0,0,0,0,0,276.3549963,276.3549963,,0,22651368.85,21503172.68,21503172.68,21500621.81,22612721.53,317560.3873,1427109.239,317560.3873,1427109.239,195587.314,1307687.033,FALSE,FALSE,TRUE
1608400,c160,mid/relief_q3,coastal,TRUE,2007,bcc07081,151,20000,153,3379,1639.997348,dem_agl,reported,3039.070002,1,163.3005515,22242,0,0,0,0,0,339.9739694,339.9739694,,0,21827155.69,20618211.87,20618211.87,20614563.56,21827155.69,355877.5919,1564821.408,355877.5919,1564821.408,270666.6304,1483258.753,FALSE,FALSE,TRUE
1608401,c160,mid/relief_q3,coastal,TRUE,2007,bcc07081,152,20000,153,3379,1720.177251,dem_agl,reported,3119.840251,1,178.9727863,23441,722,512,505,143,0,259.1556683,267.3415354,0.07199446484,0,21714432.99,21728728.04,21614853.54,21727708.65,20964468.42,1118877.128,1024488.341,1064057.649,1080877.121,1207856.392,1135670.354,TRUE,FALSE,FALSE
1608402,c160,mid/relief_q3,coastal,TRUE,2007,bcc07081,153,20000,153,3380,1666.694106,dem_agl,reported,3136.865623,1,184.3994581,23706,844,605,573,165,0,243.1352299,252.0564965,0.07622199506,0,22153396.37,21966528.08,21841759.86,21963821.19,21325976.52,1079348.08,1221128.159,1030499.287,1295419.699,662206.4227,829263.3431,TRUE,FALSE,FALSE
1608403,c160,mid/relief_q3,coastal,TRUE,2007,bcc07081,154,20000,153,3380,1666.694106,dem_agl,reported,3188.443742,1,159.7471773,24484,855,616,578,168,0,191.4909988,198.3661675,0.07712162286,0,23165183.22,22694839.07,22597071.87,22694602.56,22338162.77,695595.9268,1130862.089,664634.2161,1196392.525,580394.4909,1037519.38,TRUE,FALSE,FALSE
1608404,c160,mid/relief_q3,coastal,FALSE,2007,bcc07081,155,20000,153,3380,1786.084891,dem_agl,reported,3223.243871,1,135.7387872,25022,3,32,1,0,0,156.7522974,156.7711525,-1.011085272,0,23101509.6,23192946.25,23192674.9,23193010.73,23074179.13,1045843.151,930406.4417,1045727.6,930561.0651,926378.4142,809229.794,FALSE,FALSE,TRUE
1608405,c160,mid/relief_q3,coastal,TRUE,2007,bcc07081,156,20000,153,3378,1786.084891,dem_agl,reported,3255.23483,1,121.1172754,25520,0,13,0,0,0,122.721382,122.721382,,0,23331730.77,23655614.7,23655614.7,23655591.52,23331730.77,766714.4335,442830.5045,766714.4335,442830.5045,801416.8664,477556.1143,FALSE,FALSE,TRUE
1608406,c160,mid/relief_q3,coastal,TRUE,2007,bcc07081,157,20000,153,3377,1912.359863,dem_agl,reported,3261.622662,1,84.2679087,25621,0,13,0,0,0,115.3706319,115.3706319,,0,23918696.52,23748545.85,23748545.85,23748620.47,23918696.52,351097.0497,521247.7187,351097.0497,521247.7187,352245.437,522321.4821,FALSE,FALSE,TRUE
1232447,c161,mid/relief_q3,coastal,TRUE,1967,bc4426,229,15840,305,5486,1138.00049,dem_agl,reported,5470.773953,1,26.52075097,18609,11827,9266,9205,206,0,15.22543644,42.21243493,0.06388624012,0,16849113.38,16813197.5,16647729.65,16813155.07,6091223.54,31560.69713,1509.918215,6397.651145,23685.64035,21855.0071,6764.773579,FALSE,FALSE,TRUE
1232448,c161,mid/relief_q3,coastal,TRUE,1967,bc4426,230,15840,305,5486,1399.908438,dem_agl,reported,5471.092966,1,24.67630146,18612,10864,8564,8451,259,0,14.9083532,36.14081097,0.05292969383,0,16829571.36,16815158.39,16684897.63,16815142.19,6949815.446,48957.65682,3964.820205,18222.08422,19083.88039,45170.76723,4677.821891,FALSE,FALSE,TRUE
1232449,c161,mid/relief_q3,coastal,TRUE,1967,bc4426,231,15840,305,5486,1399.908438,dem_agl,reported,5470.68125,1,25.28053737,18614,11306,10888,10812,163,0,15.31478687,38.98769138,0.05475333892,0,16788453.8,16812627.7,16667438.25,16812662.56,6532633.224,70217.08872,3157.270189,22361.25176,34354.47245,60333.12235,10122.89453,FALSE,FALSE,TRUE
1232450,c161,mid/relief_q3,coastal,TRUE,1967,bc4426,232,15840,305,5486,1471.440448,dem_agl,reported,5473.950944,1,23.17879879,18626,12851,12449,12381,162,0,11.96737942,38.62404655,0.05403253809,0,16677773.37,16832730.71,16669188.15,16833219.99,5041841.49,180696.4169,2341.849776,90426.26127,22483.32141,159695.8044,885.6993421,FALSE,FALSE,TRUE
1232451,c161,mid/relief_q3,coastal,TRUE,1967,bc4426,233,15840,305,5486,1478.687918,dem_agl,reported,5426.544377,1,68.48564417,18303,8051,7940,7919,89,0,59.44684325,106.1358555,0.05345249921,0,16478452.04,16542437.07,16259005.33,16542323.73,9062639.414,226005.0338,20692.50351,119021.2737,87562.33075,135660.6239,33722.68599,FALSE,FALSE,TRUE
1232452,c161,mid/relief_q3,coastal,TRUE,1967,bc4426,234,15840,305,5486,1471.445905,dem_agl,reported,5365.06808,1,76.40952208,17896,2165,2082,2066,70,0,120.9347723,137.5911552,0.0402818732,0,16285992.44,16169747.87,16069502.57,16169548.41,14116413.65,223656.5928,122899.1885,185900.748,156021.2922,126679.7628,135879.5147,FALSE,FALSE,TRUE
1232453,c161,mid/relief_q3,coastal,TRUE,1967,bc4426,235,15840,305,5486,1471.445905,dem_agl,reported,5296.85913,1,75.66806665,17447,0,0,0,0,0,189.1435796,189.1435796,,0,15811697.11,15761212.32,15761212.32,15761201.52,15811697.11,234060.3203,284545.1075,234060.3203,284545.1075,138865.326,189360.9178,FALSE,FALSE,TRUE
1232454,c161,mid/relief_q3,coastal,TRUE,1967,bc4426,236,15840,305,5486,1478.691403,dem_agl,reported,5255.697578,1,81.25726704,17176,0,0,0,0,0,230.2991459,230.2991459,,0,15625840.62,15517205.37,15517205.37,15517175.96,15625840.62,226603.1384,335238.3948,226603.1384,335238.3948,106666.617,215331.2796,FALSE,FALSE,TRUE
1232455,c161,mid/relief_q3,coastal,FALSE,1967,bc4426,237,15840,305,5486,1471.451359,dem_agl,reported,5270.235138,1,87.88929411,17275,0,0,0,0,0,215.6469279,215.6469279,,0,15825898.3,15603167.04,15603167.04,15603524.29,15825898.3,191845.8872,414577.1452,191845.8872,414577.1452,100409.4979,322783.5104,FALSE,FALSE,TRUE
1232456,c161,mid/relief_q3,coastal,TRUE,1967,bc4426,238,15840,305,5486,1471.451359,dem_agl,reported,5331.487277,1,98.55138637,17674,1269,1267,1260,2,0,154.5075559,166.4930003,-0.4876686335,0,16014059.9,15967963.37,15896250.54,15967915.34,14730504.49,244358.4499,146920.3871,215255.9736,178964.6041,149006.152,89235.64653,FALSE,FALSE,TRUE
764864,c162,mid/relief_q3,coastal,TRUE,1969,bc7195,50,16000,305,5334,1277.350735,dem_agl,reported,5217.925717,1,94.45446933,16839,2266,2032,2028,99,0,116.0773516,134.0585542,0.3266786784,0,15197576.94,15294967.47,15189734.84,15294997.05,13030744.99,302360.7647,92463.73717,249269.5987,127250.0439,252958.0992,88815.38521,FALSE,FALSE,TRUE
764865,c162,mid/relief_q3,coastal,TRUE,1969,bc7195,51,16000,305,5334,1277.30632,dem_agl,reported,5212.251747,1,109.1055854,16799,3529,3002,2996,131,0,121.7617086,154.0066393,0.3616589606,0,15230968.23,15261722.08,15073476.77,15261882.87,11842231.85,321621.3686,104562.5806,242076.0023,165886.7776,184407.5912,85779.32186,FALSE,FALSE,TRUE
764866,c162,mid/relief_q3,coastal,TRUE,1969,bc7195,52,16000,305,5334,1277.30632,dem_agl,reported,5224.604063,1,114.1662397,16882,5353,4605,4592,146,0,109.2967815,159.8200771,0.2869657278,0,15547005.2,15334144.13,15039007.67,15334631.97,10278811.34,228154.9472,34293.06754,148844.2783,65667.10852,126473.2391,63659.59734,FALSE,FALSE,TRUE
764867,c162,mid/relief_q3,coastal,TRUE,1969,bc7195,53,16000,305,5334,1277.286338,dem_agl,reported,5265.614776,1,103.4096122,17150,9545,8893,8880,106,0,68.38005589,153.9623755,-0.06332733482,0,15701291.39,15575820.75,15073625.99,15575775.98,6751770.203,164764.8891,11212.80681,55654.24375,57951.00896,76873.51763,46344.64143,FALSE,FALSE,TRUE
764868,c162,mid/relief_q3,coastal,TRUE,1969,bc7195,54,16000,305,5334,1277.286338,dem_agl,reported,5298.815512,1,67.1761857,17366,10476,9966,9954,87,0,35.09972053,88.23176103,-0.06148286536,0,15568654.7,15772857.2,15458129.32,15772936.18,5962621.984,299958.1589,5117.458059,171696.2983,56998.5471,259606.6257,9695.342402,FALSE,FALSE,TRUE
764869,c162,mid/relief_q3,coastal,TRUE,1969,bc7195,55,16000,305,5334,1277.300685,dem_agl,reported,5268.267874,1,85.17625031,17163,8179,8037,8035,17,0,65.68326302,125.4539255,-0.06862360984,0,15424831.77,15591520.57,15239743.08,15591681.85,7810828.717,367341.9465,13709.49633,223432.8489,53851.19663,239964.7928,13471.21458,FALSE,FALSE,TRUE
764870,c162,mid/relief_q3,coastal,TRUE,1969,bc7195,56,16000,305,5334,1277.300685,dem_agl,reported,5175.870911,1,114.534245,16571,2186,2099,2098,13,0,158.0862848,182.0871398,-0.05206301808,0,14963898.9,15049415.96,14910169.29,15049575.27,12762031.44,427473.2346,120799.974,352808.3123,153239.713,250107.9341,67090.75848,FALSE,FALSE,TRUE
764871,c162,mid/relief_q3,coastal,TRUE,1969,bc7195,57,16000,305,5334,1554.065482,dem_agl,reported,5305.02173,1,53.59406552,17403,11009,10781,10771,50,0,28.9493961,78.72453684,-0.03767200559,0,15671137.3,15809826.64,15514542.43,15809846.78,5571215.803,239886.3847,4424.201154,142776.9675,36969.92319,194692.3842,16726.94371,FALSE,FALSE,TRUE
764872,c162,mid/relief_q3,coastal,TRUE,1969,bc7195,58,16000,305,5334,1554.058151,dem_agl,reported,5322.241226,1,31.87254029,17516,13788,13154,13146,124,0,11.73095235,54.70107838,-0.04192153178,0,15781724.51,15912627,15656717.02,15912797.84,3208438.71,167051.1877,1281.788404,83967.78015,43070.01144,163900.2066,975.0226696,FALSE,FALSE,TRUE
764873,c162,mid/relief_q3,coastal,TRUE,1969,bc7195,59,16000,305,5334,1554.058151,dem_agl,reported,5294.043501,1,65.42160404,17329,10298,9401,9392,183,0,39.88626594,97.9521368,-0.03880275227,0,15596394.9,15744460.53,15400979.34,15744814.76,6132248.538,255885.3633,8321.370072,134545.8811,87764.61207,210568.2179,17387.08712,FALSE,FALSE,TRUE
1189799,c163,mid/relief_q3,coastal,TRUE,1978,bc78127,98,20000,305,8230,1987.340631,dem_agl,reported,8004.747373,1,246.8259501,39084,13444,12234,12169,743,0,225.2484512,343.1344109,0.0722556971,0,36176545.78,35995485.36,34943080.8,35990417.14,23324945.78,810262.0141,524127.7071,459245.3987,968252.9052,634040.9164,547453.3871,FALSE,FALSE,TRUE
1189800,c163,mid/relief_q3,coastal,TRUE,1978,bc78127,99,20000,305,8230,1987.340631,dem_agl,reported,7928.773526,1,258.083962,38344,9027,8212,8162,472,0,300.015986,392.2852373,0.05788489804,0,36128374.83,35315454.47,34498286.38,35324112.19,27112809.2,560972.4848,673543.3972,389612.5196,1102331.638,419457.5639,658656.4221,FALSE,FALSE,TRUE
1189801,c163,mid/relief_q3,coastal,FALSE,1978,bc78127,100,20000,305,8230,1994.15182,dem_agl,reported,7860.159529,1,216.9878548,37682,450,381,372,10,0,369.7433509,374.2227606,0.03264000453,0,35061538.42,34706873.63,34667326.85,34707742.6,34373722.45,761890.2506,843386.7889,746488.6387,864596.3538,695610.4828,739856.939,FALSE,FALSE,TRUE
1189802,c163,mid/relief_q3,coastal,FALSE,1978,bc78127,101,20000,305,8230,2009.377533,dem_agl,reported,7929.060082,1,188.0416891,38346,0,0,0,0,0,300.9593079,300.9593079,,0,35541050.2,35318007.21,35318007.21,35317705.95,35541050.2,689374.0251,912417.0175,689374.0251,912417.0175,623173.5547,846517.8062,FALSE,FALSE,TRUE
1189803,c163,mid/relief_q3,coastal,TRUE,1978,bc78127,102,20000,305,8230,2009.352538,dem_agl,reported,7984.789658,1,190.8874111,38887,1077,950,935,69,0,245.2381902,252.2153997,0.06797081977,0,35838904.53,35816218.73,35753652.75,35815191.51,34564616.14,743471.0786,488114.7874,719554.4639,519187.2307,730172.3606,520897.4802,FALSE,FALSE,TRUE
1189804,c163,mid/relief_q3,coastal,TRUE,1978,bc78127,103,20000,305,8230,2002.489324,dem_agl,reported,8043.914071,1,196.0023461,39465,7317,6661,6598,305,0,185.7256495,227.9481598,0.07687024027,0,36020709.92,36348594.17,35968008.06,36351491.39,29025768.2,809403.262,232540.6762,639261.3691,392625.0026,840657.5046,312089.452,FALSE,FALSE,TRUE
1189805,c163,mid/relief_q3,coastal,TRUE,1978,bc78127,104,20000,305,8230,2002.489324,dem_agl,reported,7981.838844,1,251.531198,38858,7579,6804,6733,337,0,248.1344838,308.2126712,0.07639755309,0,35750059.55,35789751.53,35253010.22,35787536.98,28275912.35,1106996.988,574795.4336,912016.8481,810915.3628,711730.3565,348747.5532,FALSE,FALSE,TRUE
1189806,c163,mid/relief_q3,coastal,TRUE,1978,bc78127,105,20000,305,8230,2016.107906,dem_agl,reported,7923.802138,1,259.974354,38298,8680,7918,7857,279,0,304.4508862,393.6450791,0.06953227147,0,36314226.56,35271182.35,34481592.15,35285860.78,27230986.83,600002.4607,547778.1167,388788.0563,823074.8957,554420.0625,554691.6443,FALSE,FALSE,TRUE
1189807,c163,mid/relief_q3,coastal,TRUE,1978,bc78127,106,20000,305,8230,2035.940411,dem_agl,reported,7864.315641,1,263.3448471,37724,7825,7462,7436,44,0,362.2080655,457.0369665,0.01921661943,0,36622913.05,34743586.32,33910752.97,34774074.33,28269354.44,215882.9441,943808.364,123799.708,1402803.737,75042.81041,1310017.46,FALSE,FALSE,TRUE
1189808,c163,mid/relief_q3,coastal,TRUE,1978,bc78127,107,20000,305,8230,2035.990762,dem_agl,reported,7981.047715,1,247.5352962,38851,12151,11744,11719,38,0,248.9465114,362.2816015,0.01583567075,0,35714109.98,35782657.2,34773607.72,35781506.44,23762274.87,1046777.971,213065.9669,635161.0497,470546.427,674644.7799,411013.651,FALSE,FALSE,TRUE
1608596,c164,mid/relief_q3,coastal,TRUE,2007,bcc07082,84,20000,153,3377,1913.583796,dem_agl,reported,3330.482491,1,48.72184438,26697,4767,3790,3574,749,0,46.51546024,56.40004331,0.04217737913,0,24667673.26,24761896.28,24615132.08,24761771.97,20044960.94,412048.9131,132438.9658,357737.825,185159.4596,384920.1134,159909.4841,TRUE,FALSE,FALSE
1608597,c164,mid/relief_q3,coastal,TRUE,2007,bcc07082,85,20000,153,3376,1602.385465,dem_agl,reported,3300.705147,1,69.60561792,26219,1036,664,548,322,0,75.28477697,78.29372006,0.4378946871,0,24460473.98,24321090.93,24276768.63,24321280.52,23438644.65,289956.4845,372017.1956,276041.9963,400531.9012,259520.4431,346164.928,TRUE,FALSE,FALSE
1608598,c164,mid/relief_q3,coastal,TRUE,2007,bcc07082,86,20000,153,3375,1582.499309,dem_agl,reported,3220.368422,1,168.5712314,24959,360,246,225,106,0,154.6265846,156.8503329,0.1510299146,0,23261463.08,23151583.95,23119621.44,23142008.58,22880888.21,940830.597,1007971.232,933394.3504,1031850.246,519875.8035,612223.3242,TRUE,FALSE,FALSE
1608599,c164,mid/relief_q3,coastal,TRUE,2007,bcc07082,87,20000,153,3373,1569.257749,dem_agl,reported,3113.664668,1,228.7526342,23331,0,13,0,0,0,259.0566787,259.0566787,,0,23270077.55,21642791.11,21642791.11,21639123.45,23270077.55,496775.1822,2124061.627,496775.1822,2124061.627,264795.851,1895749.951,FALSE,FALSE,TRUE
1608600,c164,mid/relief_q3,coastal,TRUE,2007,bcc07082,88,20000,153,3373,1569.257749,dem_agl,reported,3042.543791,1,219.6356369,22283,0,11,0,0,0,330.5373631,330.5373631,,0,23073910.95,20665373.83,20665373.83,20662447.09,23073910.95,310463.2495,2719000.369,310463.2495,2719000.369,353642.705,2765106.563,FALSE,FALSE,TRUE
1608601,c164,mid/relief_q3,coastal,FALSE,2007,bcc07082,89,20000,153,3374,1562.679601,dem_agl,reported,3013.241322,1,217.5348399,21852,0,9,0,0,0,360.8217308,360.8217308,,0,21466785.95,20269237.87,20269237.87,20247310.46,21466785.95,954731.4784,2152279.557,954731.4784,2152279.557,649721.3317,1869196.815,FALSE,FALSE,TRUE
1608602,c164,mid/relief_q3,coastal,FALSE,2007,bcc07082,90,20000,153,3373,1562.679601,dem_agl,reported,3030.25921,1,215.5199562,22101,0,4,0,0,0,342.9772708,342.9772708,,0,22604740.54,20498833.61,20498833.61,20485727.77,22604740.54,230811.9888,2336718.916,230811.9888,2336718.916,164444.3653,2283457.138,FALSE,FALSE,TRUE
1608603,c164,mid/relief_q3,coastal,FALSE,2007,bcc07082,91,20000,153,3372,1569.417226,dem_agl,reported,3073.845105,1,222.5399497,22740,0,0,0,0,0,298.1404302,298.1404302,,0,21558663.97,21092766.67,21092766.67,21090824.75,21558663.97,880151.257,1346048.548,880151.257,1346048.548,982553.8609,1450393.073,FALSE,FALSE,TRUE
1608604,c164,mid/relief_q3,coastal,FALSE,2007,bcc07082,92,20000,153,3372,1622.24,dem_agl,reported,3114.359546,1,201.4089273,23343,0,0,0,0,0,257.638412,257.638412,,0,21596228.76,21652452.24,21652452.24,21645014.35,21596228.76,1196774.659,1140551.179,1196774.659,1140551.179,1143819.146,1095033.559,FALSE,FALSE,TRUE
1608605,c164,mid/relief_q3,coastal,FALSE,2007,bcc07082,93,20000,153,3372,1701.78029,dem_agl,reported,3120.930168,1,192.6823979,23441,0,0,0,0,0,251.06813,251.06813,,0,21842169.75,21743912.56,21743912.56,21737497.24,21842169.75,1083556.87,1181814.057,1083556.87,1181814.057,985079.1806,1089751.695,FALSE,FALSE,TRUE
1164990,c165,mid/relief_q3,coastal,TRUE,1978,bc78060,233,20000,305,6858,1759.551105,dem_agl,reported,6569.861634,1,183.2503151,26176,573,350,350,190,0,287.6973856,294.0676096,0.1682253778,0,25044155.7,24247402.38,24200403.98,24250223.25,24162341.87,265633.8687,709223.2824,257549.7433,740796.9446,208030.7288,761969.6289,TRUE,FALSE,FALSE
1164991,c165,mid/relief_q3,coastal,TRUE,1978,bc78060,234,20000,305,6858,1759.52183,dem_agl,reported,6592.898991,1,157.0126372,26363,228,153,153,57,0,264.9841169,267.2795797,0.07257220149,0,24832569,24417748.57,24400748.37,24417829.62,24463892.9,187088.5885,444397.1925,182139.4592,455237.4914,172651.1326,463478.2957,TRUE,FALSE,FALSE
1164992,c165,mid/relief_q3,coastal,TRUE,1978,bc78060,235,20000,305,6858,1759.52183,dem_agl,reported,6630.79497,1,123.197365,26669,27,5,5,17,0,227.2096592,227.4365234,3.189886808,0,24740258.5,24699261.72,24697571.65,24698507.88,24640686.37,433885.0581,402061.2381,433183.4276,403015.3196,406116.9146,378866.1209,TRUE,FALSE,FALSE
1164993,c165,mid/relief_q3,coastal,TRUE,1978,bc78060,236,20000,305,6858,1760.569952,dem_agl,reported,6593.150958,1,143.4082901,26371,401,273,273,101,0,264.500352,268.5563388,0.01358503941,0,25074998.24,24419615,24389579.23,24421168.11,24478189.28,100563.0272,526174.0903,94688.26901,547624.0595,52098.48449,519230.1951,TRUE,FALSE,FALSE
1164994,c165,mid/relief_q3,coastal,TRUE,1978,bc78060,237,20000,305,6858,1759.477052,dem_agl,reported,6567.887489,1,154.9234287,26174,407,266,266,113,0,289.8069213,294.3531323,0.07204095274,0,24892894.73,24232832.61,24199296.88,24234797.64,24223818.37,282125.1168,646895.3022,271940.656,667024.8472,198377.0563,651436.7268,TRUE,FALSE,FALSE
1164995,c165,mid/relief_q3,coastal,TRUE,1978,bc78060,238,20000,305,6858,1759.477052,dem_agl,reported,6594.763524,1,154.1813442,26387,552,365,362,149,0,263.2101012,268.7937397,0.1192904152,0,24609996.07,24431561.65,24390207.86,24431652.25,23824759,515740.4844,416950.4583,496513.7831,433876.8583,420727.0426,392630.8503,TRUE,FALSE,FALSE
1164996,c165,mid/relief_q3,coastal,TRUE,1978,bc78060,239,20000,305,6858,1759.446674,dem_agl,reported,6631.133585,1,137.1946026,26681,170,102,99,52,0,226.8416451,228.2837356,0.5862907469,0,24733943.02,24701784.43,24691041.67,24701826.51,24462177.63,528442.9953,446157.6474,523388.5695,451220.3749,379382.6173,325683.1442,TRUE,FALSE,FALSE
1164997,c165,mid/relief_q3,coastal,TRUE,1978,bc78060,240,20000,305,6858,1759.446674,dem_agl,reported,6679.701724,1,112.4348355,27078,85,43,40,32,0,178.2818873,178.8360664,1.114480972,0,25213067.22,25064954.08,25060795.24,25063803.05,25073146.46,299113.3465,384633.095,297507.2765,387023.0412,167190.7015,263698.6885,TRUE,FALSE,FALSE
1164998,c165,mid/relief_q3,coastal,TRUE,1978,bc78060,241,20000,305,6858,1759.061356,dem_agl,reported,6735.216424,1,108.5314673,27527,3178,2898,2857,221,0,122.7338402,138.6952867,-0.02282259427,0,25471764.98,25483312.77,25362672.68,25483334.19,22347589.56,391865.7532,204990.4079,351596.4199,262516.8866,251792.1084,201257.3648,FALSE,FALSE,TRUE
1164999,c165,mid/relief_q3,coastal,TRUE,1978,bc78060,242,20000,305,6858,1759.061356,dem_agl,reported,6804.266132,1,73.57795574,28101,12538,12153,12100,297,0,53.67324123,96.80843084,-0.02238483261,0,25847443.68,26008503.06,25679789.97,26008903.19,14059786.57,344144.3416,8304.203708,216270.4271,69572.96612,256098.9914,30928.40314,FALSE,FALSE,TRUE
1120898,c166,mid/relief_q4,coastal,TRUE,1979,bc79088,72,20000,305,7010,1942.842155,dem_agl,reported,6654.860003,1,266.6058039,27182,3071,2129,2083,345,0,354.7093951,399.8381273,0.01284189057,0,25718946.38,24878868.29,24542589.26,24878903.5,22287855.59,519318.8265,740280.7216,407839.4236,899133.8425,603210.4937,773595.3931,TRUE,FALSE,FALSE
1120899,c166,mid/relief_q4,coastal,TRUE,1979,bc79088,73,20000,305,7010,1942.769202,dem_agl,reported,6686.546654,1,273.4213937,27438,5203,4045,3988,387,0,323.4330657,399.085598,0.04563662782,0,25325962.37,25116350.31,24551225.59,25113683.71,19809961.69,880132.9227,341953.9586,640900.7769,483613.6425,798792.8091,416952.5874,FALSE,FALSE,TRUE
1120900,c166,mid/relief_q4,coastal,TRUE,1979,bc79088,74,20000,305,7010,1942.688614,dem_agl,reported,6736.723344,1,262.6835628,27856,6900,5539,5486,551,0,273.2886561,363.1486853,0.07962696627,0,25610079.68,25494717.18,24819113.76,25488475.74,18830071.56,697766.3072,347583.0213,454083.2345,612394.6093,672820.8884,389975.3917,FALSE,FALSE,TRUE
1120901,c166,mid/relief_q4,coastal,TRUE,1979,bc79088,75,20000,305,7010,1942.668409,dem_agl,reported,6837.088712,1,212.2068957,28693,10521,8886,8820,767,0,172.8104965,272.5363054,0.06697702408,0,25921295.11,26260029.12,25499558.16,26260427.45,16065273.64,773927.7602,204639.2853,466933.9871,515822.6428,739030.3913,185338.768,FALSE,FALSE,TRUE
1120902,c166,mid/relief_q4,coastal,TRUE,1979,bc79088,76,20000,305,7010,1942.668409,dem_agl,reported,6870.362182,1,192.2239373,28971,11703,10045,9977,848,0,137.9302979,231.0137746,0.06147709489,0,25494064.62,26516245.9,25802599.7,26529083.1,14650266.15,1235350.435,72992.99469,810671.9304,268711.3098,1247052.434,71343.71236,FALSE,FALSE,TRUE
1120903,c166,mid/relief_q4,coastal,TRUE,1979,bc79088,77,20000,305,7010,1942.57139,dem_agl,reported,6784.926425,1,260.5072614,28254,8500,7308,7261,632,0,224.1064545,320.2836487,0.05948845483,0,25101172.34,25860865.68,25132899.9,25867090.59,16967168.6,1318884.151,192948.15,971362.7832,429606.3943,1094855.725,212136.2021,FALSE,FALSE,TRUE
1120904,c166,mid/relief_q4,coastal,TRUE,1979,bc79088,78,20000,305,7010,1942.552113,dem_agl,reported,6546.783998,1,331.9426254,26304,2815,2228,2212,326,0,463.2467978,518.6601955,0.05888935179,0,24370548.54,24077356.21,23671489.26,24077526.05,20822796.47,1271548.354,588589.0899,1091815.352,721220.3003,551895.3429,306262.4513,TRUE,FALSE,FALSE
1120905,c166,mid/relief_q4,coastal,TRUE,1979,bc79088,79,20000,305,7010,1942.532738,dem_agl,reported,6453.305702,1,313.1696448,25561,935,656,644,220,0,555.0444753,576.0141173,0.07027830929,0,25168159.77,23394687.63,23242895.3,23406260.39,23538850.9,475548.8046,1473695.794,431225.2804,1554242.868,248278.9939,1440277.807,TRUE,FALSE,FALSE
1120906,c166,mid/relief_q4,coastal,TRUE,1979,bc79088,80,20000,305,7010,1942.532738,dem_agl,reported,6529.433215,1,318.3106368,26169,959,738,713,184,0,480.525505,498.7121306,0.06767687947,0,24259699.55,23949902.05,23816671.1,23936869.32,22946798.17,965904.7032,839088.9805,906010.7035,894254.9859,678691.2089,758059.2566,TRUE,FALSE,FALSE
1120907,c166,mid/relief_q4,coastal,TRUE,1979,bc79088,81,20000,305,7010,1942.581623,dem_agl,reported,6522.53031,1,322.6895464,26113,323,247,222,67,0,487.1135739,493.18585,0.05888040364,0,23342919.04,23899289.24,23854810.94,23899595.89,22865982.53,1507778.006,767842.3827,1482736.348,784704.9276,1465203.417,748346.949,TRUE,FALSE,FALSE
1248806,c167,mid/relief_q4,coastal,TRUE,1967,bc5271,224,15840,153,2438,1131.419883,dem_agl,reported,2414.574808,1,34.44973202,14412,8382,7573,7543,378,0,23.42357831,55.37602096,0.09202695638,0,12825214.71,13015202.24,12673017.04,13014670.31,5150918.141,303118.3367,7286.704747,140749.6741,44872.71861,233580.2788,4567.426749,FALSE,FALSE,TRUE
1248807,c167,mid/relief_q4,coastal,TRUE,1967,bc5271,225,15840,153,2438,1131.476924,dem_agl,reported,2403.581926,1,49.04353103,14284,7869,7284,7262,336,0,34.43518276,76.11707606,0.1248897836,0,12600396.16,12896962.88,12453534.12,12896686.77,5390511.061,420769.1703,15327.79393,196705.2652,103871.4622,402184.3214,12576.6336,FALSE,FALSE,TRUE
1248808,c167,mid/relief_q4,coastal,TRUE,1967,bc5271,226,15840,153,2438,1131.476924,dem_agl,reported,2397.388648,1,61.06478619,14205,8365,7857,7847,353,0,40.62923882,98.05679008,0.1705790162,0,12652867.16,12830585.63,12223254.79,12829425.89,4925432.084,386367.5647,32601.79628,168461.9635,167928.3695,293226.001,27688.19552,FALSE,FALSE,TRUE
1248809,c167,mid/relief_q4,coastal,TRUE,1967,bc5271,227,15840,153,2438,1131.493831,dem_agl,reported,2391.730134,1,74.67559189,14138,8753,8217,8205,385,0,46.29480205,120.6079171,0.1900513023,0,12508126.86,12770089.5,11988862.37,12768216.2,4383094.312,511725.8494,27884.08702,210488.3057,147924.6534,357565.3422,10666.06971,FALSE,FALSE,TRUE
1248810,c167,mid/relief_q4,coastal,TRUE,1967,bc5271,228,15840,153,2438,1131.527538,dem_agl,reported,2386.683483,1,95.05953564,14077,9609,9123,9115,390,0,51.47027543,160.7862181,0.2107010186,0,12152506.01,12716255.51,11578061.26,12713889.87,3227132.767,822965.6091,14757.73103,340063.433,163185.5073,698466.4503,3516.741691,FALSE,FALSE,TRUE
1248811,c167,mid/relief_q4,coastal,TRUE,1967,bc5271,229,15840,153,2438,1131.521134,dem_agl,reported,2378.047819,1,125.3091304,13974,9901,9318,9302,449,0,60.17756224,204.7065442,0.2282406986,0,12049704.87,12624400.31,11136502.77,12617627.05,2790550.528,905358.6391,17612.47846,366178.4966,226014.7907,645339.272,1184.547854,FALSE,FALSE,TRUE
1248812,c167,mid/relief_q4,coastal,TRUE,1967,bc5271,230,15840,153,2438,1131.521134,dem_agl,reported,2389.59233,1,120.078082,14110,10970,10391,10368,423,0,48.45802871,215.3483925,0.2533900738,0,12444612.73,12747271.09,11028896.42,12744103.03,2193351.388,661200.9962,25664.36606,274785.5951,161753.6918,425141.3075,29256.82326,FALSE,FALSE,TRUE
1248813,c167,mid/relief_q4,coastal,TRUE,1967,bc5271,231,15840,153,2438,1131.561203,dem_agl,reported,2399.093259,1,108.8293669,14224,11093,10479,10458,429,0,38.93667305,174.7900002,0.2415807694,0,12381499,12848837.94,11434858.23,12848470.61,2135775.717,705275.4574,16454.49908,309555.6186,245582.5114,684751.534,5798.399226,FALSE,FALSE,TRUE
1248814,c167,mid/relief_q4,coastal,TRUE,1967,bc5271,232,15840,153,2438,1131.59461,dem_agl,reported,2362.569999,1,139.2383414,13793,8870,8354,8338,351,0,75.57021681,210.7857797,0.2057881355,0,11950264.87,12460600.15,11075115.22,12456517.92,3626195.203,874466.467,56338.60853,385469.7712,395539.8893,684151.2451,83108.50776,FALSE,FALSE,TRUE
1248815,c167,mid/relief_q4,coastal,TRUE,1967,bc5271,233,15840,153,2438,1131.59461,dem_agl,reported,2159.748437,1,308.6600503,11521,4352,4076,4073,188,0,278.7297402,447.6436447,0.1750275269,0,10354216.34,10413001.41,8847894.203,10400107.65,5295660.89,1500629.211,316160.5295,865831.9467,601394.9326,604352.4701,375541.592,FALSE,FALSE,TRUE
1232254,c168,mid/relief_q4,coastal,TRUE,1967,bc4426,33,15840,305,5791,1308.919798,dem_agl,reported,5272.748414,1,297.1916198,17273,2239,2170,2170,57,0,518.2768514,595.3888487,0.2617954016,0,15867216.23,15618052.3,15164576.2,15616864.68,13049975.4,842420.9204,298277.4991,606837.8489,406515.7492,361248.6708,164961.1486,FALSE,FALSE,TRUE
1232255,c168,mid/relief_q4,coastal,TRUE,1967,bc4426,34,15840,305,5791,1308.913496,dem_agl,reported,5494.943319,1,274.7979559,18756,5690,5087,5087,91,0,296.0442711,424.7396265,0.6067917943,0,16950692.76,16962083.91,16176860.74,16961809.08,11055871.03,878929.8444,114583.3276,537779.2518,239944.9107,314707.0308,173562.5244,FALSE,FALSE,TRUE
1232256,c168,mid/relief_q4,coastal,TRUE,1967,bc4426,35,15840,305,5791,1308.913496,dem_agl,reported,5634.904331,1,234.0982261,19732,10440,8794,8794,110,0,155.6448211,329.9387974,0.8306290507,0,17621437.44,17837166.55,16750784.45,17840005.37,7597675.761,834320.5383,26864.6883,500816.4246,137746.3496,535821.7702,119055.6601,FALSE,FALSE,TRUE
1232257,c168,mid/relief_q4,coastal,TRUE,1967,bc4426,36,15840,305,5791,1316.136288,dem_agl,reported,5741.885015,1,111.5573596,20483,14920,13082,13074,125,0,48.82380711,178.8379181,0.4567794055,0,18265806.1,18520885.89,17691640.97,18522738.92,4587170.95,456744.1599,11203.37049,245505.9887,117837.7736,393916.5343,12930.55327,FALSE,FALSE,TRUE
1232258,c168,mid/relief_q4,coastal,TRUE,1967,bc4426,37,15840,305,5791,1504.157159,dem_agl,reported,5778.388974,1,36.06999574,20744,17327,15449,15438,128,0,12.54445651,74.92724802,0.1241888404,0,18557377,18757127.03,18354313.83,18757560.02,2842400.314,244144.1245,284.0379122,103737.666,33151.7406,244880.7515,231.7454846,FALSE,FALSE,TRUE
1232259,c168,mid/relief_q4,coastal,TRUE,1967,bc4426,38,15840,305,5791,1504.157159,dem_agl,reported,5697.41808,1,179.956035,20167,12867,11907,11892,88,0,92.54120586,255.473936,-0.1346101761,0,17747918.9,18235133.72,17207083.17,18240719.99,5837506.757,796485.7079,34933.07443,437871.6933,220862.201,563161.0061,14450.54186,FALSE,FALSE,TRUE
1232260,c168,mid/relief_q4,coastal,TRUE,1967,bc4426,39,15840,305,5791,1504.139806,dem_agl,reported,5439.716334,1,347.0785381,18385,5671,4914,4907,36,0,351.1774083,507.7576926,-0.05972886086,0,16501329.84,16622842.1,15679649.95,16623262.11,10593622.54,1129501.736,232044.2394,705780.9078,407765.8021,581915.8127,290427.1416,FALSE,FALSE,TRUE
1232261,c168,mid/relief_q4,coastal,TRUE,1967,bc4426,40,15840,305,5791,1504.139806,dem_agl,reported,5115.362865,1,283.4230684,16256,519,483,479,2,0,675.2831611,697.5617858,-0.6016739011,0,15306486.32,14699605.05,14571843.3,14700209.78,14226657.69,680651.1221,676866.0633,606480.1341,714298.235,334998.0977,512761.4826,FALSE,FALSE,TRUE
1232262,c168,mid/relief_q4,coastal,FALSE,1967,bc4426,41,15840,305,5791,1504.144132,dem_agl,reported,4932.027126,1,106.3752097,15112,0,0,0,0,0,858.9728737,858.9728737,,0,13726452.05,13664812.8,13664812.8,13664435.86,13726452.05,226720.4062,288359.658,226720.4062,288359.658,226754.5709,288770.7691,FALSE,FALSE,TRUE
1232263,c168,mid/relief_q4,coastal,FALSE,1967,bc4426,42,15840,305,5791,1504.113604,dem_agl,reported,4958.325993,1,87.57168208,15273,0,0,0,0,0,832.6769777,832.6769777,,0,13886935.75,13810930.09,13810930.09,13810056.94,13886935.75,270301.6737,346307.3343,270301.6737,346307.3343,133528.1313,210406.9474,FALSE,FALSE,TRUE
702096,c169,mid/relief_q4,coastal,TRUE,1968,bc5279,158,15840,153,2438,1451.873574,dem_agl,reported,2085.627213,1,270.7578902,10744,44,18,18,18,0,356.0100922,357.4586971,1.271751106,0,9429441.285,9710530.573,9697046.057,9675908.188,9133018.301,1255198.65,717578.1508,1248328.965,723614.2939,1136147.409,653744.3466,TRUE,FALSE,FALSE
702186,c169,mid/relief_q4,coastal,TRUE,1968,bc5279,159,15840,153,2438,1346.505368,dem_agl,reported,2378.704903,1,126.0999,14081,10167,8663,8642,132,0,59.94835601,216.2440926,-0.05167051405,0,12236785.89,12631377.83,11025990.91,12616639.94,2752025.062,783443.2384,35007.45466,352243.997,296384.3502,593506.6638,22642.23309,FALSE,FALSE,TRUE
702187,c169,mid/relief_q4,coastal,TRUE,1968,bc5279,160,15840,153,2438,1346.505368,dem_agl,reported,2361.06834,1,136.1818571,13781,9276,7707,7697,112,0,76.85342342,235.6726387,-0.0849436298,0,12091501.14,12444765.17,10826859.04,12442293.86,3278984.78,817217.626,29646.46561,306358.7905,260908.6442,441003.5239,468.459057,FALSE,FALSE,TRUE
702188,c169,mid/relief_q4,coastal,TRUE,1968,bc5279,161,15840,153,2438,1346.47089,dem_agl,reported,2382.189224,1,115.7090082,14059,10398,8580,8580,55,0,55.66366137,214.822005,-0.1287366971,0,12248846.29,12668409.75,11032160.76,12663269.02,2498352.316,799066.7318,6037.09687,256999.5845,66631.23363,510343.9163,1702.123425,FALSE,FALSE,TRUE
702189,c169,mid/relief_q4,coastal,TRUE,1968,bc5279,162,15840,153,2438,1346.453595,dem_agl,reported,2404.95145,1,77.97299699,14268,11109,9287,9286,42,0,33.1123639,150.958681,-0.1732302308,0,12425368.19,12911664.04,11677284.13,12909039.28,2140419.84,706763.1787,787.0395421,262622.582,28838.06047,552221.8695,156.469994,FALSE,FALSE,TRUE
702190,c169,mid/relief_q4,coastal,TRUE,1968,bc5279,163,15840,153,2438,1346.43634,dem_agl,reported,2409.797406,1,69.93514567,14354,11375,9524,9523,29,0,28.23926392,137.7267893,-0.2113256603,0,12558131.95,12963750.25,11812512.48,12966275.87,2083871.887,600642.6902,5297.388037,247418.5432,82023.55195,430949.2717,467.939754,FALSE,FALSE,TRUE
702191,c169,mid/relief_q4,coastal,TRUE,1968,bc5279,164,15840,153,2438,1345.370925,dem_agl,reported,2409.688542,1,68.58357283,14406,10983,9016,9013,31,0,28.41186623,121.1246882,-0.2252598703,0,12579202.63,12962578.98,11984296.8,12960971.24,2505209.686,583961.6439,2970.491664,272851.7125,46190.54926,422897.8585,554.9739866,FALSE,FALSE,TRUE
702192,c169,mid/relief_q4,coastal,TRUE,1968,bc5279,165,15840,153,2438,1345.370925,dem_agl,reported,2401.173816,1,78.60204317,14229,10169,7778,7775,47,0,36.79086607,130.3885234,-0.227298215,0,12453296.92,12871133.31,11887257.68,12871337.07,3037141.972,660084.9258,1467.818542,309207.9264,37649.78438,493427.061,1573.911384,FALSE,FALSE,TRUE
702193,c169,mid/relief_q4,coastal,TRUE,1968,bc5279,166,15840,153,2438,1346.384247,dem_agl,reported,2387.640083,1,95.78623886,14094,9409,7206,7201,58,0,50.33843188,152.5269439,-0.2210670412,0,12490793.15,12726451.08,11660405.04,12729861.66,3658584.612,593692.8899,34595.17052,302438.133,169831.8118,304940.7637,25346.44535,FALSE,FALSE,TRUE
702194,c169,mid/relief_q4,coastal,TRUE,1968,bc5279,167,15840,153,2438,1346.366832,dem_agl,reported,2385.75227,1,100.1349262,14080,9311,7300,7292,36,0,52.51868499,155.995873,-0.1513204575,0,12288894.98,12706334.43,11628014.58,12703722.62,3558038.062,752825.2046,13853.7523,366799.7074,82552.22859,499743.1715,2710.108872,FALSE,FALSE,TRUE
1232318,c170,mid/relief_q4,coastal,TRUE,1967,bc4426,99,15840,305,5486,1324.587869,dem_agl,reported,5275.15143,1,239.541455,17294,6251,5973,5962,198,0,210.6387966,329.6903211,0.07574489713,0,15949596.91,15632291.17,14934662.78,15629301.64,9673024.744,549840.4527,232172.6106,383269.2924,414693.3677,212254.1423,233928.6733,FALSE,FALSE,TRUE
1232319,c170,mid/relief_q4,coastal,TRUE,1967,bc4426,100,15840,305,5486,1317.359355,dem_agl,reported,5296.075329,1,221.7575218,17439,4482,4287,4265,152,0,189.6956519,255.1843896,0.08940239996,0,15461593.48,15756548.15,15369281.52,15756229.34,11045997.54,735208.9537,66946.23674,552329.6428,147336.5944,639269.0127,199668.3551,FALSE,FALSE,TRUE
1232320,c170,mid/relief_q4,coastal,TRUE,1967,bc4426,101,15840,305,5486,1317.359355,dem_agl,reported,5249.313256,1,260.1941182,17126,3303,3170,3146,104,0,236.1185638,292.4583421,0.09105145931,0,15056586.64,15479529.42,15149035.47,15476678.89,11685164.91,930267.7126,117094.7579,754926.6893,182326.9073,694158.8069,158191.1134,FALSE,FALSE,TRUE
1232321,c170,mid/relief_q4,coastal,TRUE,1967,bc4426,102,15840,305,5486,1317.35141,dem_agl,reported,5013.941903,1,340.1090986,15625,990,917,907,51,0,471.9151118,503.8064177,0.09083215892,0,14679888.98,14122493.01,13943411.39,14122892.78,13208035.26,728638.1647,706489.0613,651171.436,772998.7885,211495.7502,451187.2937,FALSE,FALSE,TRUE
1232322,c170,mid/relief_q4,coastal,TRUE,1967,bc4426,103,15840,305,5486,1317.35141,dem_agl,reported,4670.033002,1,271.5434177,13565,7,0,0,6,0,816.4430338,816.8612773,5.390306473,0,13410976.86,12251596.15,12249401.77,12247725.12,13199441.99,315173.8314,1268516.234,314554.5511,1270058.247,76688.03478,1052988.607,TRUE,FALSE,FALSE
1232323,c170,mid/relief_q4,coastal,FALSE,1967,bc4426,104,15840,305,5486,1317.343412,dem_agl,reported,4501.204929,1,182.3343821,12588,0,0,0,0,0,986.5276598,986.5276598,,0,12262789.07,11381784.14,11381784.14,11372471.98,12262789.07,166455.0868,1047460.014,166455.0868,1047460.014,155081.9493,1045399.041,FALSE,FALSE,TRUE
1232324,c170,mid/relief_q4,coastal,FALSE,1967,bc4426,105,15840,305,5486,1179.775619,dem_agl,reported,4544.777651,1,211.4129024,12835,0,0,0,0,0,942.2459348,942.2459348,,0,12401645.17,11603207.39,11603207.39,11598017.07,12401645.17,347374.0976,1145811.875,347374.0976,1145811.875,231796.9457,1035425.046,FALSE,FALSE,TRUE
1232325,c170,mid/relief_q4,coastal,FALSE,1967,bc4426,106,15840,305,5486,1179.773284,dem_agl,reported,4803.539882,1,332.2414582,14341,0,0,0,0,0,682.4393267,682.4393267,,0,13182858.52,12962106.19,12962106.19,12962229.89,13182858.52,858616.7946,1079369.123,858616.7946,1079369.123,441162.148,661790.7808,FALSE,FALSE,TRUE
1232326,c170,mid/relief_q4,coastal,FALSE,1967,bc4426,107,15840,305,5486,1179.77101,dem_agl,reported,4959.492141,1,260.5637349,15289,0,0,0,0,0,526.1218482,526.1218482,,0,13173957.2,13817427.24,13817427.24,13807782.55,13173957.2,1029417.785,385947.7545,1029417.785,385947.7545,805678.018,171852.672,FALSE,FALSE,TRUE
1232327,c170,mid/relief_q4,coastal,FALSE,1967,bc4426,108,15840,305,5486,1179.768703,dem_agl,reported,4901.826805,1,316.653507,14935,0,0,0,0,0,584.0877673,584.0877673,,0,13262238.46,13497977.45,13497977.45,13495260.81,13262238.46,811846.5437,576107.5569,811846.5437,576107.5569,616321.7427,383299.3925,FALSE,FALSE,TRUE
1386419,c171,mid/relief_q4,coastal,TRUE,1972,bc7392,43,16000,305,5943,1620.724616,dem_agl,reported,5747.031134,1,248.1463991,20305,8250,7462,7351,423,0,195.7569899,329.5072472,-0.06528606638,0,18385029.54,18554099.16,17700532.07,18551539.05,10381661.61,794026.5681,153794.9824,500658.2366,394164.5333,601354.2871,212304.9727,FALSE,FALSE,TRUE
1386420,c171,mid/relief_q4,coastal,TRUE,1972,bc7392,44,16000,305,5943,1620.688793,dem_agl,reported,5516.214726,1,360.9064439,18708,3656,3289,3226,207,0,424.2573723,527.1716891,-0.06138907373,0,18140810.51,17093661.52,16461789.01,17099376.06,13844414.78,453289.2677,538465.9312,309070.3725,808828.3494,208942.4824,586987.2498,FALSE,FALSE,TRUE
1386421,c171,mid/relief_q4,coastal,TRUE,1972,bc7392,45,16000,305,5943,1620.688793,dem_agl,reported,5319.754587,1,294.461673,17398,466,397,393,19,0,619.8507165,636.9120068,-0.01201171288,0,17419687.49,15897761.19,15795951.47,15914610.59,16283609.69,53240.79553,863907.8563,38430.51204,935485.9518,63684.93308,883875.3632,FALSE,FALSE,TRUE
1386422,c171,mid/relief_q4,coastal,TRUE,1972,bc7392,46,16000,305,5943,1490.944017,dem_agl,reported,5567.636464,1,300.8735262,19061,4163,3660,3652,360,0,374.6131583,478.9470074,-0.008562272415,0,17212330.74,17413838.58,16767305.89,17418041.8,12693689.76,1127729.371,205866.2744,787928.3873,324399.1581,592245.6213,99253.06274,FALSE,FALSE,TRUE
1386423,c171,mid/relief_q4,coastal,TRUE,1972,bc7392,47,16000,305,5943,1484.042166,dem_agl,reported,5738.594916,1,265.6989933,20288,8880,8054,8033,506,0,201.0271132,356.9618634,-0.04288994521,0,17647419.73,18499667.04,17507944.33,18519206.19,9163855.23,1289563.732,45629.37449,740204.1003,196333.9873,1111074.324,102345.6145,FALSE,FALSE,TRUE
1386424,c171,mid/relief_q4,coastal,TRUE,1972,bc7392,48,16000,305,5943,1484.042166,dem_agl,reported,5742.888304,1,282.9318173,20288,9691,8893,8862,353,0,196.2123118,375.4034368,-0.06121496856,0,17637915.24,18527358.82,17389205.58,18552771.25,8448129.265,1300411.559,64824.92735,752504.2407,349529.3631,1279631.773,84859.1848,FALSE,FALSE,TRUE
1386425,c171,mid/relief_q4,coastal,TRUE,1972,bc7392,49,16000,305,5943,1484.05735,dem_agl,reported,5632.905636,1,332.9868716,19502,6340,5704,5680,239,0,308.6456314,457.2084603,-0.06851846725,0,17640294.44,17824515.14,16896702.59,17828524.1,11241016.18,998319.6608,200891.4579,639084.3137,491331.7231,661297.1159,286243.0594,FALSE,FALSE,TRUE
1386426,c171,mid/relief_q4,coastal,TRUE,1972,bc7392,50,16000,305,5943,1484.072764,dem_agl,reported,5519.884717,1,329.0193832,18706,2963,2365,2347,229,0,423.0906593,502.507677,-0.08063628525,0,17297430.43,17116414.25,16627434.51,17104936.41,13823056.91,940904.116,346633.3789,745810.5008,509034.242,544561.4781,185842.04,FALSE,FALSE,TRUE
1386427,c171,mid/relief_q4,coastal,TRUE,1972,bc7392,51,16000,305,5943,1491.080197,dem_agl,reported,5556.6181,1,308.5467344,18978,3069,2368,2349,351,0,384.4214281,458.1112165,-0.08994606137,0,16809907.87,17344982.73,16887987.88,17349987.56,13744249.9,1184694.584,389104.7463,972895.2771,593633.0423,893689.1164,207443.6134,TRUE,FALSE,FALSE
1386428,c171,mid/relief_q4,coastal,TRUE,1972,bc7392,52,16000,305,5943,1721.098863,dem_agl,reported,5651.225437,1,264.5895035,19632,4905,4171,4139,336,0,289.2919065,385.140988,-0.03307363763,0,17222792.34,17940644.4,17337231.39,17955125,12456856.53,1216129.82,208295.5663,882354.4018,380687.3967,1035386.734,122532.3581,FALSE,FALSE,TRUE
306262,c172,mid/relief_q4,coastal,FALSE,1993,bcb93034,148,20000,305,6858,1870.216441,dem_agl,reported,6253.277406,1,278.1652513,23916,0,0,0,0,0,604.3423222,604.3423222,,0,21042129.24,21966869.18,21966869.18,21961444.61,21042129.24,1280101.578,355361.6294,1280101.578,355361.6294,1138080.165,218764.7874,FALSE,FALSE,TRUE
306263,c172,mid/relief_q4,coastal,FALSE,1993,bcb93034,149,20000,305,6858,1851.862592,dem_agl,reported,6126.049057,1,367.4585263,22954,0,0,0,0,0,731.9509432,731.9509432,,0,20976611.99,21082092.47,21082092.47,21081228.01,20976611.99,1093873.141,988392.6581,1093873.141,988392.6581,821993.59,717377.5738,FALSE,FALSE,TRUE
306264,c172,mid/relief_q4,coastal,FALSE,1993,bcb93034,150,20000,305,6858,1433.097603,dem_agl,reported,5833.600653,1,225.3273892,20815,0,0,0,0,0,1024.936062,1024.936062,,0,20186346.89,19117282.8,19117282.8,19112631.48,20186346.89,301334.4023,1370398.501,301334.4023,1370398.501,174475.0228,1248190.442,FALSE,FALSE,TRUE
306265,c172,mid/relief_q4,coastal,TRUE,1993,bcb93034,151,20000,305,6858,1433.097603,dem_agl,reported,5955.120659,1,367.6311485,21690,46,55,9,12,0,903.2365893,905.1517095,-0.6875722408,0,21262511.92,19922044.42,19909232.93,19919136.45,20764640.3,840939.5151,1727035.91,834911.8385,1733593.631,534610.3958,1485157.474,TRUE,FALSE,FALSE
306266,c172,mid/relief_q4,coastal,TRUE,1993,bcb93034,152,20000,305,6858,1732.390675,dem_agl,reported,6200.628947,1,464.9653325,23513,0,189,0,0,0,657.3677026,657.3677026,,0,21528861.76,21598533.3,21598533.3,21596033.78,21528861.76,1720994.467,1651322.933,1720994.467,1651322.933,1058526.211,991354.1965,FALSE,FALSE,TRUE
306267,c172,mid/relief_q4,coastal,FALSE,1993,bcb93034,153,20000,305,6858,1732.390675,dem_agl,reported,5847.589111,1,248.4349457,20907,0,0,0,0,0,1010.495747,1010.495747,,0,19702541.92,19209075.83,19209075.83,19208019.45,19702541.92,668670.4489,1162136.546,668670.4489,1162136.546,597036.813,1091559.29,FALSE,FALSE,TRUE
306268,c172,mid/relief_q4,coastal,FALSE,1993,bcb93034,154,20000,305,6858,1511.601139,dem_agl,reported,5932.797127,1,263.9714763,21525,0,0,0,0,0,925.2688341,925.2688341,,0,19834770.38,19772963.7,19772963.7,19769849.21,19834770.38,955421.6353,1017228.319,955421.6353,1017228.319,828580.2636,893501.4364,FALSE,FALSE,TRUE
306269,c172,mid/relief_q4,coastal,FALSE,1993,bcb93034,155,20000,305,6858,1511.601139,dem_agl,reported,6103.318026,1,268.7948344,22777,0,0,0,0,0,754.626292,754.626292,,0,20407489.84,20925930.28,20925930.28,20924819.27,20407489.84,1129523.389,611082.943,1129523.389,611082.943,922084.7616,404755.3266,FALSE,FALSE,TRUE
306270,c172,mid/relief_q4,coastal,FALSE,1993,bcb93034,156,20000,305,6858,1807.438662,dem_agl,reported,6260.679116,1,255.8202838,23967,0,0,0,0,0,597.2948386,597.2948386,,0,22226880.76,22018902.25,22018902.25,22014689.22,22226880.76,693877.1652,901855.6676,693877.1652,901855.6676,526368.9071,738560.4482,FALSE,FALSE,TRUE
306271,c172,mid/relief_q4,coastal,FALSE,1993,bcb93034,157,20000,305,6858,1807.438662,dem_agl,reported,6357.039718,1,273.4119003,24712,0,0,0,0,0,500.8972152,500.8972152,,0,22430101.38,22701921.79,22701921.79,22701982.97,22430101.38,1008545.814,736725.4068,1008545.814,736725.4068,1024604.869,752723.2843,FALSE,FALSE,TRUE
1189317,c173,mid/relief_q4,coastal,TRUE,1978,bc78125,116,20000,305,8230,2100.368179,dem_agl,reported,8112.616369,1,180.9879274,40183,23772,22776,22731,518,0,117.3916749,287.2505359,-0.02037211228,0,36912145.47,36972145.4,35440136.1,36972043.91,14431738.95,710151.9142,42327.64006,264120.1743,254637.6907,718583.238,59417.94412,FALSE,FALSE,TRUE
1189318,c173,mid/relief_q4,coastal,TRUE,1978,bc78125,117,20000,305,8230,2100.200558,dem_agl,reported,7996.06364,1,270.5123695,39041,16241,15327,15287,457,0,233.923162,400.4578148,-0.02177144587,0,35950166.19,35917430.28,34436899.73,35911470.48,20045465.11,1079260.236,144736.6206,589287.8471,440784.4086,741959.6449,170120.525,FALSE,FALSE,TRUE
1189319,c173,mid/relief_q4,coastal,TRUE,1978,bc78125,118,20000,305,8230,2100.118196,dem_agl,reported,7817.099923,1,316.2753993,37311,8610,7932,7905,320,0,406.7103081,528.6739845,-0.0263486132,0,36625638.33,34327652.11,33264837.08,34379039.07,26711283.9,232238.9806,528561.2378,64862.49951,897631.0316,90273.51318,736392.8213,FALSE,FALSE,TRUE
1189320,c173,mid/relief_q4,coastal,TRUE,1978,bc78125,119,20000,305,8230,2100.118196,dem_agl,reported,7842.630983,1,317.9630253,37558,9360,8654,8627,389,0,378.2500114,503.7213703,0.04225136712,0,37190957.98,34552250.12,33455516.59,34632190.63,26165725.42,211098.5515,432343.4875,114725.4331,734695.9267,85277.14887,619276.3592,FALSE,FALSE,TRUE
1189321,c173,mid/relief_q4,coastal,TRUE,1978,bc78125,120,20000,305,8230,2050.82978,dem_agl,reported,7963.346127,1,310.4384106,38719,15815,14761,14742,680,0,265.2823799,448.1883336,0.03900862485,0,34970716.58,35624104.73,34006435.22,35626865.17,19628753.01,1672490.779,217418.5782,970778.943,627321.0302,1302578.917,238439.7077,FALSE,FALSE,TRUE
1189322,c173,mid/relief_q4,coastal,TRUE,1978,bc78125,121,20000,305,8230,2050.82978,dem_agl,reported,8000.113614,1,308.5487266,39080,17832,16596,16571,757,0,228.9420311,420.7660174,0.03456886113,0,35181073.01,35953823.56,34250317.47,35960662.51,18193683.25,1582474.124,219374.1543,877615.6871,725094.4837,1557774.34,309527.6829,FALSE,FALSE,TRUE
1189323,c173,mid/relief_q4,coastal,TRUE,1978,bc78125,122,20000,305,8230,2050.779099,dem_agl,reported,7853.341716,1,348.9125726,37655,7819,7953,6976,474,0,376.7776119,475.3871313,0.01750452258,0,34829698.04,34646691.04,33782079.7,34644881.53,26646020.62,1454499.028,644041.4511,1094220.915,893887.9889,890187.7302,528205.1952,FALSE,FALSE,TRUE
1189324,c173,mid/relief_q4,coastal,TRUE,1978,bc78125,123,20000,305,8230,2050.726954,dem_agl,reported,7647.251405,1,407.6056158,35705,2138,2783,1856,107,0,582.668618,619.7720213,0.00525622908,0,33144170.35,32852128.23,32534113.64,32835670.9,30825933.58,1594609.27,1534862.575,1431573.498,1665022.152,946758.263,1028483.208,FALSE,FALSE,TRUE
1189325,c173,mid/relief_q4,coastal,FALSE,1978,bc78125,124,20000,305,8230,2050.726954,dem_agl,reported,7550.197301,1,366.0892909,34803,0,809,0,0,0,678.2062326,678.2062326,,0,33219373.03,32023542.66,32023542.66,32036716.09,33036147.16,1047976.152,2060580.657,1047976.152,2060580.657,588540.2926,1587971.367,FALSE,FALSE,TRUE
1189326,c173,mid/relief_q4,coastal,FALSE,1978,bc78125,125,20000,305,8230,1707.045595,dem_agl,reported,7374.276327,1,328.7680104,33205,0,0,0,0,0,855.4865588,855.4865588,,0,31428415.68,30548619.43,30548619.43,30546921.44,31428415.68,1143797.371,2023593.617,1143797.371,2023593.617,893963.2115,1775457.444,FALSE,FALSE,TRUE
766846,c174,mid/relief_q4,coastal,TRUE,1969,bc7212,37,16000,305,5639,1346.420547,dem_agl,reported,5549.962527,1,157.8520429,18980,12083,11580,11569,163,0,88.21179272,242.7700741,-0.02978144027,0,16817278.09,17303456.88,16353124.84,17307667.62,5524341.117,771864.6573,14799.81375,390069.1138,112680.9972,650622.3027,17383.32439,FALSE,FALSE,TRUE
766847,c174,mid/relief_q4,coastal,TRUE,1969,bc7212,38,16000,305,5639,1346.420547,dem_agl,reported,5560.18146,1,133.5345497,19048,11922,11391,11380,174,0,78.41811577,209.624422,-0.01117404737,0,17060818,17367235.93,16557260.5,17368810.28,5954038.915,573436.5531,35149.94419,293895.4059,184094.3643,389884.6071,2567.500728,FALSE,FALSE,TRUE
766848,c174,mid/relief_q4,coastal,TRUE,1969,bc7212,39,16000,305,5639,1346.42471,dem_agl,reported,5547.656422,1,143.2346258,18966,11310,10738,10729,227,0,90.41109301,223.8622612,0.0165192904,0,16807446.26,17289080.1,16467292.71,17294240.94,6262318.376,733432.5748,22918.71051,363731.056,145614.4019,704960.3451,30876.9308,FALSE,FALSE,TRUE
766849,c174,mid/relief_q4,coastal,TRUE,1969,bc7212,40,16000,305,5639,1346.425937,dem_agl,reported,5497.606997,1,214.9531942,18622,10046,9449,9443,310,0,140.6693679,305.1670694,0.03321250901,0,16555230.43,16978532.67,15977680.84,16982421.95,7043323.465,829108.2157,57928.43216,451366.831,285029.3542,787073.8341,123580.3702,FALSE,FALSE,TRUE
766850,c174,mid/relief_q4,coastal,TRUE,1969,bc7212,41,16000,305,5639,1353.471566,dem_agl,reported,5363.413459,1,331.737432,17725,7124,6632,6628,321,0,275.1128485,459.685395,0.0377344992,0,15740796.57,16159775.7,15066692.12,16162452.37,8798002.369,1083802.932,214792.2075,690639.4705,622126.2585,761650.1578,291281.0362,FALSE,FALSE,TRUE
766851,c174,mid/relief_q4,coastal,TRUE,1969,bc7212,42,16000,305,5639,1353.471566,dem_agl,reported,5179.773787,1,364.6603367,16530,3447,3180,3178,212,0,459.1587524,579.9455589,0.03604416177,0,15087310.06,15072120.6,14377384.82,15070859.57,11217227.07,1003682.531,288674.8623,676968.8371,471473.9461,424258.6903,172747.2984,FALSE,FALSE,TRUE
766852,c174,mid/relief_q4,coastal,TRUE,1969,bc7212,43,16000,305,5639,1360.523909,dem_agl,reported,5007.284937,1,303.4949649,15447,541,419,419,104,0,631.6179034,654.468125,0.0289897956,0,14318863.29,14085017.28,13956759.59,14084766.16,13240762.13,810648.2648,458941.4211,741890.2908,501228.5493,638371.1277,425107.9297,TRUE,FALSE,FALSE
766853,c174,mid/relief_q4,coastal,FALSE,1969,bc7212,44,16000,305,5639,1353.473968,dem_agl,reported,4832.51349,1,263.4717743,14386,0,0,0,0,0,806.4865099,806.4865099,,0,13412228.67,13118945.37,13118945.37,13118871.95,13412228.67,651189.5163,944472.8177,651189.5163,944472.8177,566981.6136,860338.3336,FALSE,FALSE,TRUE
766854,c174,mid/relief_q4,coastal,FALSE,1969,bc7212,45,16000,305,5639,1353.473968,dem_agl,reported,4745.044383,1,202.298897,13873,0,0,0,0,0,894.4607933,894.4607933,,0,13658329.31,12648334.18,12648334.18,12643553.28,13658329.31,175327.9847,1185323.112,175327.9847,1185323.112,59928.04351,1074704.071,FALSE,FALSE,TRUE
766855,c174,mid/relief_q4,coastal,FALSE,1969,bc7212,46,16000,305,5639,1353.477918,dem_agl,reported,4838.808167,1,273.6550247,14426,0,0,0,0,0,800.2130184,800.2130184,,0,14086448.91,13153144.26,13153144.26,13152977.88,14086448.91,450326.8944,1383631.545,450326.8944,1383631.545,333416.5946,1266887.628,FALSE,FALSE,TRUE
765103,c175,mid/relief_q4,coastal,TRUE,1969,bc7196,198,16000,305,5639,1517.04592,dem_agl,reported,5535.891331,1,112.7915012,18917,6246,6076,6076,89,0,103.0027788,153.7186798,0.001701610046,0,17429793.04,17215826.85,16901833.43,17215524.16,11376339.93,228069.7494,70805.3408,171945.7436,150650.4803,124690.3884,96882.90184,FALSE,FALSE,TRUE
765104,c175,mid/relief_q4,coastal,TRUE,1969,bc7196,199,16000,305,5639,1517.047197,dem_agl,reported,5465.860983,1,147.180055,18439,3640,3499,3499,83,0,172.6333585,215.0619686,-0.003373372485,0,17309648.7,16783013.24,16523469.07,16784667.47,13502577.01,152140.1379,188332.0462,105150.6582,287916.2084,91855.4856,304350.8486,FALSE,FALSE,TRUE
765105,c175,mid/relief_q4,coastal,TRUE,1969,bc7196,200,16000,305,5639,1517.04362,dem_agl,reported,5454.968717,1,150.31513,18366,3083,2899,2898,89,0,183.5211615,220.4758245,0.01485439949,0,17220772.22,16716190.13,16490469.77,16718864.62,14042843.32,160198.0754,292954.5203,117271.0123,404761.1873,162164.217,348318.622,FALSE,FALSE,TRUE
765106,c175,mid/relief_q4,coastal,TRUE,1969,bc7196,201,16000,305,5639,1517.04362,dem_agl,reported,5423.240774,1,171.0222623,18152,2056,1909,1908,68,0,215.7919674,243.2999141,0.06509698927,0,16584993.23,16522301.61,16355116.72,16520804.96,14415772.76,460662.7371,223633.2416,388514.6069,282670.6448,427823.3677,218380.79,FALSE,FALSE,TRUE
765107,c175,mid/relief_q4,coastal,TRUE,1969,bc7196,202,16000,305,5639,1531.242955,dem_agl,reported,5394.336206,1,175.0660172,17962,1101,1008,1008,44,0,244.6652429,260.6074581,0.1784115285,0,16464895.26,16346651.16,16250173.39,16343715.85,15193053.92,503006.6424,348868.9972,462657.12,388384.2073,447405.8577,347146.2925,FALSE,FALSE,TRUE
765108,c175,mid/relief_q4,coastal,FALSE,1969,bc7196,203,16000,305,5639,1531.239955,dem_agl,reported,5354.020349,1,176.4871708,17693,0,0,0,0,0,284.4432377,284.4432377,,0,15640206.92,16103223.05,16103223.05,16104024.92,15640206.92,763974.1775,300958.0451,763974.1775,300958.0451,635726.2909,171908.287,FALSE,FALSE,TRUE
765109,c175,mid/relief_q4,coastal,TRUE,1969,bc7196,204,16000,305,5639,1531.239955,dem_agl,reported,5403.96584,1,166.4800949,18019,646,633,627,3,0,234.4992767,243.2032779,0.4478314817,0,15975622.23,16405065.31,16352261.6,16407020.8,15237791.41,777912.5157,200367.7459,743595.9166,213164.3302,682739.4578,157853.4536,FALSE,FALSE,TRUE
765110,c175,mid/relief_q4,coastal,TRUE,1969,bc7196,205,16000,305,5639,1531.244302,dem_agl,reported,5457.179175,1,178.0659062,18381,2800,2487,2479,27,0,181.5003507,214.0406406,0.1636897624,0,16420767.63,16729740.32,16530821.6,16731119.52,13689281.18,744778.5879,249356.8369,644503.6815,314111.329,494630.8463,113017.1904,FALSE,FALSE,TRUE
765111,c175,mid/relief_q4,coastal,TRUE,1969,bc7196,206,16000,305,5639,1531.244302,dem_agl,reported,5524.635723,1,151.9840923,18838,5607,4827,4818,133,0,114.027462,162.162692,0.01944841444,0,16849816.59,17145891.37,16848414.39,17147477.47,11666279.7,570163.7219,188325.5677,441191.7403,320631.5314,484282.7053,149018.2243,FALSE,FALSE,TRUE
765112,c175,mid/relief_q4,coastal,TRUE,1969,bc7196,207,16000,305,5639,1531.2519,dem_agl,reported,5526.911397,1,164.4233674,18853,6548,5497,5486,199,0,111.4250555,170.499965,0.0002871764154,0,16724400.76,17160019.55,16795147.06,17163939.61,10674809.89,696640.404,163602.6002,551705.6188,332450.2927,695189.4074,177146.2271,FALSE,FALSE,TRUE
1165623,c176,mid/relief_q4,coastal,TRUE,1978,bc78120,76,20000,305,6858,1596.22142,dem_agl,reported,5872.412138,1,246.2383032,20887,0,0,0,0,0,985.9522645,985.9522645,,0,20381939.67,19372507.1,19372507.1,19370102.63,20381939.67,550219.9451,1559652.514,550219.9451,1559652.514,344525.4198,1356362.462,FALSE,FALSE,TRUE
1165624,c176,mid/relief_q4,coastal,TRUE,1978,bc78120,77,20000,305,6858,1506.070873,dem_agl,reported,6396.055205,1,342.0946163,24779,3283,3080,3077,149,0,461.3746045,531.7856122,-0.01158629917,0,24122350.33,22981436.97,22478239.48,22984044.23,20335578.15,487619.0076,888840.4834,370443.0484,1171779.251,325368.438,1025587.262,FALSE,FALSE,TRUE
1165625,c176,mid/relief_q4,coastal,TRUE,1978,bc78120,78,20000,305,6858,1506.070873,dem_agl,reported,6576.158279,1,319.904839,26197,9449,9022,9008,255,0,281.6606946,440.4690977,0.0005232037511,0,24111489.93,24293902.74,23134717.95,24293222.31,14682514.5,1146249.578,302034.8078,731852.2768,684086.4118,908240.9856,433004.4202,FALSE,FALSE,TRUE
1165626,c176,mid/relief_q4,coastal,TRUE,1978,bc78120,79,20000,305,6858,1505.516358,dem_agl,reported,6665.003038,1,261.713664,26912,12680,12055,12028,385,0,192.0534383,362.9612598,0.001193282485,0,23965281.1,24954764.56,23691364.65,24960689.67,11862797.08,1438695.951,110434.4192,794728.86,422343.0147,1349206.443,92209.23968,FALSE,FALSE,TRUE
1165627,c176,mid/relief_q4,coastal,TRUE,1978,bc78120,80,20000,305,6858,1505.516358,dem_agl,reported,6682.277355,1,244.2416568,27059,11743,10961,10868,476,0,175.558432,309.940124,0.00262899464,0,24630107.98,25084287.43,24085533.73,25082499.65,13289972.13,972809.9079,73855.69598,551238.8663,314601.9944,878704.5097,178853.7536,FALSE,FALSE,TRUE
1165628,c176,mid/relief_q4,coastal,TRUE,1978,bc78120,81,20000,305,6858,1608.968324,dem_agl,reported,6561.10843,1,298.3391399,26084,6996,6256,6159,446,0,296.3924066,404.8379868,0.002791935112,0,23449978.52,24182834.49,23390026.9,24186581.64,16352951.19,1533454.483,190428.384,1114226.103,346968.818,1454781.601,229900.3436,FALSE,FALSE,TRUE
1165629,c176,mid/relief_q4,coastal,TRUE,1978,bc78120,82,20000,305,6858,1608.968324,dem_agl,reported,6491.85748,1,318.5227632,25540,3641,2889,2770,407,0,365.3334242,425.9348709,-0.04114476964,0,22724697.44,23675040.31,23235090.72,23677233.8,19053327.97,1507129.522,261529.6487,1214963.464,365624.2345,1490730.988,310003.4836,TRUE,FALSE,FALSE
1165630,c176,mid/relief_q4,coastal,TRUE,1978,bc78120,83,20000,305,6858,1609.593855,dem_agl,reported,6401.661995,1,348.704565,24835,3039,2365,2308,353,0,456.2530339,519.7312417,-0.1039408818,0,22771461.69,23021745.74,22567446.93,23020622.88,19401941.86,1295256.682,486351.5694,1041157.628,629655.1244,1247983.678,519066.8484,TRUE,FALSE,FALSE
1165631,c176,mid/relief_q4,coastal,TRUE,1978,bc78120,84,20000,305,7315,1781.948148,dem_agl,reported,7167.106111,1,204.9516286,31096,14565,14194,14192,285,0,147.8315101,277.8981093,0.0742033571,0,28657439.73,28856286.56,27818438.75,28856237.68,14561776.9,884714.4095,105940.2692,559090.9719,324805.2103,599907.6298,173789.2608,FALSE,FALSE,TRUE
1165632,c176,mid/relief_q4,coastal,TRUE,1978,bc78120,85,20000,305,7315,1777.193657,dem_agl,reported,7171.649631,1,209.7516879,31129,17196,16587,16574,311,0,143.3393272,319.9952605,0.1428953633,0,28942371.09,28892884.51,27487005.45,28889609.97,12296783.31,749307.3876,111594.129,425573.7978,359764.2611,331132.6079,136654.6816,FALSE,FALSE,TRUE
1120892,c177,mid/relief_q4,coastal,TRUE,1979,bc79088,66,20000,305,7010,1977.148847,dem_agl,reported,6786.122679,1,202.9935384,28264,6175,5728,5688,47,0,223.8760152,286.5318099,0.05462536216,0,26134075.93,25869985.57,25394479.38,25869900.82,19789489.4,725226.1347,296340.4622,572252.051,434694.0301,470859.2544,353951.8152,FALSE,FALSE,TRUE
1120893,c177,mid/relief_q4,coastal,TRUE,1979,bc79088,67,20000,305,7010,1977.217089,dem_agl,reported,6698.706377,1,238.8428264,27535,5608,5230,5194,0,0,311.2373402,390.9374984,0.01585274283,0,25142942.78,25207783.32,24611515.19,25207895.27,19182031.23,1035074.737,141886.8694,761649.8953,258975.9657,603160.3022,158107.0246,FALSE,FALSE,TRUE
1120894,c177,mid/relief_q4,coastal,TRUE,1979,bc79088,68,20000,305,7010,1977.217089,dem_agl,reported,6605.68731,1,250.9296177,26780,3727,3346,3319,4,0,404.1896166,469.6387492,0.000967987522,0,24925776.76,24512567.19,24029232.65,24511308.29,20538671.58,814163.8346,251115.8532,571455.9241,341192.5243,353610.6732,320055.8943,FALSE,FALSE,TRUE
1120895,c177,mid/relief_q4,coastal,TRUE,1979,bc79088,69,20000,305,7010,1984.191549,dem_agl,reported,6651.595345,1,273.4268083,27154,4533,3681,3615,250,0,358.1459269,429.933649,0.0208458025,0,25403352.56,24854464.74,24320873.32,24855507.13,20594796.49,658348.569,543990.7976,429785.4744,732457.0778,254337.6643,316667.1014,FALSE,FALSE,TRUE
1120896,c177,mid/relief_q4,coastal,TRUE,1979,bc79088,70,20000,305,7010,1942.863651,dem_agl,reported,6713.420252,1,251.3540842,27662,3807,2820,2758,376,0,296.4434052,343.7013222,0.02382243611,0,25105687.2,25318643.99,24963446.48,25313847.53,21371334.11,1098020.546,633484.0715,923257.4641,783726.408,881772.6149,468019.3297,FALSE,FALSE,TRUE
1120897,c177,mid/relief_q4,coastal,TRUE,1979,bc79088,71,20000,305,7010,1942.842155,dem_agl,reported,6729.664753,1,248.5997906,27798,3863,2873,2801,402,0,279.9037733,325.0114744,0.01191835012,0,26159269.67,25441319.56,25101405.64,25444526.78,22021859.4,499330.9013,611494.499,399540.5355,766156.7819,561799.6796,723875.3167,TRUE,FALSE,FALSE
1438841,c178,mid/relief_q4,coastal,TRUE,1966,bc4390,80,16000,305,5791,1360.0298,dem_agl,reported,5463.886665,1,297.9164901,18241,621,530,474,65,0,327.009673,338.4865603,0.0818855539,0,16738575.43,16770891.08,16700510.6,16759514.02,15861278.55,958494.8759,620180.0001,932556.0639,655480.3339,624018.9126,481213.424,TRUE,FALSE,FALSE
1438842,c178,mid/relief_q4,coastal,TRUE,1966,bc4390,81,16000,305,5791,1360.032798,dem_agl,reported,5298.631656,1,399.284843,17157,439,382,334,50,0,491.940768,504.8293145,0.06524278224,0,16438813.12,15771762.66,15695128.59,15773382.51,15500973.29,874441.9859,1006853.57,847003.8997,1046329.702,582039.6115,830009.744,TRUE,FALSE,FALSE
1438843,c178,mid/relief_q4,coastal,TRUE,1966,bc4390,82,16000,305,5791,1365.835454,dem_agl,reported,5046.535465,1,379.1749686,15566,595,499,487,44,0,743.6115044,773.1532808,0.0779639259,0,15770208.29,14306698.75,14139689.83,14311208.06,14330475.38,632640.7454,1206107.595,578690.5986,1292635.114,267269.0609,1159678.032,FALSE,FALSE,TRUE
1438844,c178,mid/relief_q4,coastal,TRUE,1966,bc4390,83,16000,305,5791,1365.835454,dem_agl,reported,5058.078578,1,442.7098315,15638,1201,1100,1043,57,0,732.929008,793.8806026,0.07576569915,0,14740928.42,14372222.01,14027928.53,14370274.92,12834727.65,1263059.47,834291.7811,1076469.649,931973.0747,572698.8838,722554.9317,FALSE,FALSE,TRUE
1438845,c178,mid/relief_q4,coastal,TRUE,1966,bc4390,84,16000,305,5791,1365.686077,dem_agl,reported,5062.695914,1,483.9937774,15667,1153,1158,1022,57,0,728.3696297,786.2037834,0.07596626878,0,14526515.99,14398473.75,14071388.25,14395186.23,12720875.76,1463689.998,849039.1908,1285079.751,943193.9273,693983.471,593550.8995,FALSE,FALSE,TRUE
1438846,c178,mid/relief_q4,coastal,TRUE,1966,bc4390,85,16000,305,5791,1365.686077,dem_agl,reported,5051.044291,1,446.8421304,15597,468,553,422,10,0,739.9384379,762.8293996,0.07252774015,0,14542641.24,14332274.81,14202663.54,14332131.59,13659185.24,1148838.984,907317.407,1080786.636,958144.8157,606081.449,536460.3372,FALSE,FALSE,TRUE
1438847,c178,mid/relief_q4,coastal,FALSE,1966,bc4390,86,16000,305,5791,1365.777811,dem_agl,reported,4940.993934,1,396.6822447,14922,0,28,0,0,0,849.9392125,849.9392125,,0,13537352.73,13714545.35,13714545.35,13712779.05,13537352.73,1295161.804,1117969.182,1295161.804,1117969.182,1078087.805,902661.4825,FALSE,FALSE,TRUE
1438848,c178,mid/relief_q4,coastal,FALSE,1966,bc4390,87,16000,305,5791,1365.777811,dem_agl,reported,4862.82525,1,325.6794336,14456,0,0,0,0,0,928.2333733,928.2333733,,0,12922499.62,13284037.7,13284037.7,13277683.49,12922499.62,908976.6531,547438.5724,908976.6531,547438.5724,770610.7705,415426.9076,FALSE,FALSE,TRUE
1438849,c178,mid/relief_q4,coastal,FALSE,1966,bc4390,88,16000,305,5791,1365.748764,dem_agl,reported,4682.913869,1,275.4008088,13409,0,0,0,0,0,1108.213867,1108.213867,,0,12236575.18,12319273.96,12319273.96,12318867.92,12236575.18,755704.4193,673005.6299,755704.4193,673005.6299,672239.6116,589946.8668,FALSE,FALSE,TRUE
1438850,c178,mid/relief_q4,coastal,FALSE,1966,bc4390,89,16000,305,5791,1365.734019,dem_agl,reported,4553.478208,1,285.7027931,12676,0,0,0,0,0,1238.710116,1238.710116,,0,12672457.47,11647676.45,11647676.45,11640627.49,12672457.47,409151.7198,1433932.74,409151.7198,1433932.74,278382.5126,1310212.497,FALSE,FALSE,TRUE
1122967,c179,mid/relief_q4,coastal,TRUE,1979,bc79139,227,20000,305,7010,1724.587503,dem_agl,reported,6367.224796,1,269.9295861,24817,130,104,42,37,0,641.6449814,645.0150152,0.9514629543,0,24565667.61,22774724.88,22750622.93,22778564.37,24216894.32,305408.4348,1863886.226,299611.127,1881593.263,179829.6359,1743313.479,TRUE,FALSE,FALSE
1122968,c179,mid/relief_q4,coastal,TRUE,1979,bc79139,228,20000,305,7010,1724.576836,dem_agl,reported,6555.949716,1,385.4473206,26309,429,927,224,55,0,454.0662319,461.5898117,0.3329561949,0,24113438.77,24144821.62,24089436.43,24144698.48,23642274.8,1095454.023,984287.4403,1066071.177,1008913.464,925921.7975,837348.1789,TRUE,FALSE,FALSE
1122969,c179,mid/relief_q4,coastal,TRUE,1979,bc79139,229,20000,305,7010,1724.576836,dem_agl,reported,6688.072767,1,324.029295,27379,457,1079,239,57,0,319.589259,325.0108062,0.3329561949,0,23877689.17,25127816.55,25087094.38,25143530.29,23406105.54,1913824.055,608122.3927,1887453.806,621431.7795,1819113.17,508390.4277,TRUE,FALSE,FALSE
1122970,c179,mid/relief_q4,coastal,TRUE,1979,bc79139,230,20000,305,7010,1731.481861,dem_agl,reported,6602.006789,1,363.1071621,26679,0,549,0,0,0,407.9498604,407.9498604,,0,24355434.94,24485259.25,24485259.25,24483295.43,24355434.94,1249015.191,1119190.88,1249015.191,1119190.88,756787.4307,628926.938,FALSE,FALSE,TRUE
1122971,c179,mid/relief_q4,coastal,TRUE,1979,bc79139,231,20000,305,7010,1685.325569,dem_agl,reported,6213.831111,1,337.3297396,23629,137,93,86,0,0,795.5026854,800.1554216,-0.03638745099,0,23336490.22,21690604.91,21658134.48,21690286.66,22448655.87,571426.7236,1453654.243,559398.9973,1471630.155,370547.6803,1427947.731,FALSE,FALSE,TRUE
1122972,c179,mid/relief_q4,coastal,TRUE,1979,bc79139,232,20000,305,7010,1678.50034,dem_agl,reported,6283.311075,1,348.5470203,24179,914,738,722,1,0,725.9436928,754.5080668,0.07191219553,0,23856833.59,22178383.87,21977193.24,22175618.36,21765297.5,640251.372,1068047.325,574337.052,1161393.399,342159.8937,1313939.27,FALSE,FALSE,TRUE
1122973,c179,mid/relief_q4,coastal,TRUE,1979,bc79139,233,20000,305,7010,1678.50034,dem_agl,reported,6502.447773,1,382.4894059,25885,3180,2930,2750,10,0,505.7820732,576.7063792,0.07912632823,0,25322391.21,23752346.42,23237023.15,23762938.07,20791218.19,824406.6882,789343.5481,665524.7273,949388.0123,292691.6816,1006364.887,FALSE,FALSE,TRUE
1122974,c179,mid/relief_q4,coastal,TRUE,1979,bc79139,234,20000,305,7010,1678.595644,dem_agl,reported,6734.564563,1,322.6544807,27757,7997,7866,7269,140,0,275.4582456,386.9714246,0.07838668674,0,25334338.25,25478380.25,24641606.74,25472161.76,17394495.02,1099519.359,347249.4333,786462.0038,632825.2375,802624.3219,373176.0099,FALSE,FALSE,TRUE
1122975,c179,mid/relief_q4,coastal,TRUE,1979,bc79139,235,20000,305,7010,1678.595644,dem_agl,reported,6719.300089,1,328.7194016,27644,7121,7039,6442,141,0,291.1633348,392.210547,0.07811880857,0,24785835.82,25363013.23,24605913.2,25351324.31,17576847.83,1595025.938,342965.38,1244117.8,534145.6687,1226613.886,373265.2618,FALSE,FALSE,TRUE
1122976,c179,mid/relief_q4,coastal,TRUE,1979,bc79139,236,20000,305,7010,1678.620053,dem_agl,reported,6552.508007,1,354.5470766,26290,4552,4490,4111,125,0,456.3651474,551.9142873,0.07594363391,0,25098523.77,24119477.43,23421182.23,24126372.27,19730270.87,875883.97,654893.2328,633358.4141,894343.0121,320825.2522,743901.247,FALSE,FALSE,TRUE
765281,c180,mid/relief_q4,coastal,TRUE,1969,bc7200,101,16000,305,5639,1419.830914,dem_agl,reported,5185.278569,1,278.6150614,16601,1823,1546,1546,230,0,453.1356665,508.8824163,0.002984060207,0,15797437.21,15104173.28,14781150.18,15106317.62,13161872.88,604139.3348,320630.452,483567.5345,419828.2322,271095.1492,340446.7799,TRUE,FALSE,FALSE
765282,c180,mid/relief_q4,coastal,FALSE,1969,bc7200,102,16000,305,5639,1419.829757,dem_agl,reported,4932.35483,1,212.8887261,15018,0,0,0,0,0,706.5978196,706.5978196,,0,14363844.64,13666628.75,13666628.75,13666720.06,14363844.64,495996.3157,1193212.206,495996.3157,1193212.206,375304.5801,1072429.165,FALSE,FALSE,TRUE
765283,c180,mid/relief_q4,coastal,FALSE,1969,bc7200,103,16000,305,5639,1419.829757,dem_agl,reported,4802.161839,1,232.5466313,14236,0,0,0,0,0,836.9239268,836.9239268,,0,13529637.97,12954670.1,12954670.1,12952855.91,13529637.97,558178.5437,1133146.409,558178.5437,1133146.409,428172.8866,1004954.941,FALSE,FALSE,TRUE
765284,c180,mid/relief_q4,coastal,FALSE,1969,bc7200,104,16000,305,5639,1419.83818,dem_agl,reported,4819.37238,1,323.6516514,14339,0,0,0,0,0,819.8364287,819.8364287,,0,13648630.84,13047693.38,13047693.38,13044000.48,13648630.84,567464.597,1168402.059,567464.597,1168402.059,366687.9494,971318.3118,FALSE,FALSE,TRUE
765285,c180,mid/relief_q4,coastal,TRUE,1969,bc7200,105,16000,305,5639,1419.83818,dem_agl,reported,5013.812907,1,414.0614396,15526,933,907,873,13,0,625.2282936,665.2074881,-0.05492030457,0,14278049.48,14121766.34,13897455.65,14118047.37,12784351.26,918931.689,426170.9798,800765.2621,496185.8889,539452.983,361087.9509,FALSE,FALSE,TRUE
765286,c180,mid/relief_q4,coastal,TRUE,1969,bc7200,106,16000,305,5639,1419.840097,dem_agl,reported,5282.668937,1,383.2035085,17230,4868,4780,4732,13,0,356.390214,496.7724246,-0.04244259372,0,15523341.76,15676877.41,14854750.12,15676711.07,10388791.45,1082785.32,223699.9281,734528.7797,431014.1814,624420.1536,349397.3237,FALSE,FALSE,TRUE
765287,c180,mid/relief_q4,coastal,TRUE,1969,bc7200,107,16000,305,5639,1426.941046,dem_agl,reported,5485.192574,1,257.3436101,18581,9859,9504,9431,188,0,152.9995963,325.8758043,-0.0254512392,0,16417965.34,16901939.09,15853334.93,16906887.41,7097091.497,917442.6284,78684.05636,545339.3418,354061.788,837911.2684,177762.9017,FALSE,FALSE,TRUE
765288,c180,mid/relief_q4,coastal,TRUE,1969,bc7200,108,16000,305,5639,1590.208318,dem_agl,reported,5578.180844,1,111.3096135,19217,12736,12286,12250,269,0,60.59786534,179.4402872,-0.01229034085,0,17227533.85,17479860.14,16742981.88,17480962.22,5459147.742,471605.7002,33935.73942,241085.2245,153921.2395,428652.721,16180.76909,FALSE,FALSE,TRUE
765289,c180,mid/relief_q4,coastal,TRUE,1969,bc7200,109,16000,305,5639,1590.210176,dem_agl,reported,5586.138018,1,103.098699,19274,13311,12827,12815,245,0,52.72429304,170.2279691,-0.005123389419,0,17342381.28,17529765.11,16800048.84,17529706.26,5033200.892,401359.1653,9300.337869,192234.1196,79052.56709,330919.6505,10896.60857,FALSE,FALSE,TRUE
765290,c180,mid/relief_q4,coastal,TRUE,1969,bc7200,110,16000,305,5639,1590.210176,dem_agl,reported,5578.592738,1,111.9080489,19217,12109,11404,11392,414,0,60.09599877,162.1055594,-0.004026556853,0,17138621.36,17482441.66,16848923.15,17484329.74,5959735.959,516017.0286,10464.2272,258032.4448,112269.9663,501595.4282,7787.016803,FALSE,FALSE,TRUE
1233021,i001,inland,inland,FALSE,1967,bc7017,98,15840,305,6096,903.9137984,dem_agl,reported,4323.453864,1,301.0409976,11058,0,0,0,0,0,1772.452793,1772.452793,,0,10426841.63,10500607.64,10500607.64,10499404.42,10426841.63,676640.7691,602874.7568,676640.7691,602874.7568,466676.2112,394113.421,FALSE,FALSE,TRUE
1233022,i001,inland,inland,FALSE,1967,bc7017,99,15840,305,6096,905.0125831,dem_agl,reported,4263.474726,1,297.1114556,10783,0,0,0,0,0,1833.175461,1833.175461,,0,10684295.76,10211279.39,10211279.39,10208183.29,10684295.76,434394.4505,907410.8224,434394.4505,907410.8224,192494.8156,668607.2914,FALSE,FALSE,TRUE
1233023,i001,inland,inland,FALSE,1967,bc7017,100,15840,305,6096,905.0047805,dem_agl,reported,4174.029461,1,297.0287485,10337,0,0,0,0,0,1923.749134,1923.749134,,0,10397559.16,9787320.124,9787320.124,9775395.991,10397559.16,477148.5521,1087387.589,477148.5521,1087387.589,252073.0983,874236.2675,FALSE,FALSE,TRUE
1233024,i001,inland,inland,FALSE,1967,bc7017,101,15840,305,6096,905.0047805,dem_agl,reported,4121.260924,1,256.8507372,10077,0,0,0,0,0,1976.651598,1976.651598,,0,10236386.17,9541419.622,9541419.622,9530742.916,10236386.17,272786.4692,967753.0188,272786.4692,967753.0188,176244.3375,881887.5929,FALSE,FALSE,TRUE
1233025,i001,inland,inland,FALSE,1967,bc7017,102,15840,305,6096,1052.365925,dem_agl,reported,4051.944448,1,189.9577025,9732,0,0,0,0,0,2045.78549,2045.78549,,0,9745977.13,9223159.914,9223159.914,9215338.941,9745977.13,234078.5714,756895.7881,234078.5714,756895.7881,224855.1923,755493.3812,FALSE,FALSE,TRUE
1233026,i001,inland,inland,FALSE,1967,bc7017,103,15840,305,6096,1052.365925,dem_agl,reported,4090.457969,1,190.2984525,9925,0,0,0,0,0,2005.522813,2005.522813,,0,9254431.856,9399324.48,9399324.48,9398261.045,9254431.856,508289.6582,363397.0341,508289.6582,363397.0341,483930.6116,340101.4224,FALSE,FALSE,TRUE
1233027,i001,inland,inland,FALSE,1967,bc7017,104,15840,305,6096,1052.344116,dem_agl,reported,4160.533243,1,212.7817238,10264,0,0,0,0,0,1935.642018,1935.642018,,0,9385915.371,9724130.223,9724130.223,9717746.846,9385915.371,671224.4029,333009.5505,671224.4029,333009.5505,536337.9327,204506.457,FALSE,FALSE,TRUE
1233028,i001,inland,inland,FALSE,1967,bc7017,105,15840,305,6096,1052.344116,dem_agl,reported,4305.687685,1,257.7728504,10994,0,0,0,0,0,1790.39493,1790.39493,,0,10566358.34,10414485.58,10414485.58,10407747.22,10566358.34,727700.5932,879573.3534,727700.5932,879573.3534,541137.0884,699748.2145,FALSE,FALSE,TRUE
1233029,i001,inland,inland,FALSE,1967,bc7017,106,15840,305,6096,1052.322178,dem_agl,reported,4540.32343,1,318.2164733,12231,0,0,0,0,0,1555.855074,1555.855074,,0,11748350.23,11580474.52,11580474.52,11577521.47,11748350.23,883787.5238,1051663.229,883787.5238,1051663.229,539477.9027,710306.6563,FALSE,FALSE,TRUE
1233030,i001,inland,inland,FALSE,1967,bc7017,107,15840,305,6096,1052.311013,dem_agl,reported,4778.11803,1,276.2391709,13545,0,0,0,0,0,1318.084028,1318.084028,,0,12498446.33,12825270.12,12825270.12,12824086.39,12498446.33,877370.5892,550546.8006,877370.5892,550546.8006,595494.6032,269854.5437,FALSE,FALSE,TRUE
644661,i002,inland,inland,FALSE,2002,bcc02006,153,15000,305,5486,1300.168677,dem_agl,reported,4244.137596,1,18.28685946,10899,0,0,0,0,0,1241.862405,1241.862405,,0,10088267.44,10118862.26,10118862.26,10118813.69,10088267.44,72605.52839,42010.71248,72605.52839,42010.71248,52762.34889,22216.09834,FALSE,FALSE,TRUE
644662,i002,inland,inland,FALSE,2002,bcc02006,154,15000,305,5486,1378.167965,dem_agl,reported,4194.070949,1,39.72718257,10642,0,0,0,0,0,1291.930306,1291.930306,,0,9896650.586,9881532.861,9881532.861,9881451.992,9896650.586,81154.89437,96272.61982,81154.89437,96272.61982,48244.25442,63442.8486,FALSE,FALSE,TRUE
644663,i002,inland,inland,FALSE,2002,bcc02006,155,15000,305,5486,1140.54373,dem_agl,reported,4242.343027,1,32.46588319,10888,0,0,0,0,0,1243.648751,1243.648751,,0,10105573.69,10110306.85,10110306.85,10110343.85,10105573.69,106997.8962,102264.7356,106997.8962,102264.7356,58383.41835,53613.25912,FALSE,FALSE,TRUE
644664,i002,inland,inland,FALSE,2002,bcc02006,156,15000,305,5486,1140.54373,dem_agl,reported,4276.122726,1,34.89881611,11064,0,0,0,0,0,1209.870761,1209.870761,,0,10245280.95,10271954.7,10271954.7,10271955.92,10245280.95,100781.3014,74107.55128,100781.3014,74107.55128,65729.67546,39054.70837,FALSE,FALSE,TRUE
644665,i002,inland,inland,FALSE,2002,bcc02006,157,15000,305,5486,1153.593733,dem_agl,reported,4304.113674,1,20.46362533,11206,0,0,0,0,0,1181.890878,1181.890878,,0,10336957.4,10406872.62,10406872.62,10406828.42,10336957.4,93601.37841,23686.15787,93601.37841,23686.15787,77408.42981,7537.409344,FALSE,FALSE,TRUE
644666,i002,inland,inland,FALSE,2002,bcc02006,158,15000,305,5486,1291.859515,dem_agl,reported,4313.728771,1,11.82242707,11262,0,0,0,0,0,1172.273333,1172.273333,,0,10420918.45,10453421.05,10453421.05,10453405.01,10420918.45,52266.98273,19764.3837,52266.98273,19764.3837,49039.19591,16552.63712,FALSE,FALSE,TRUE
644667,i002,inland,inland,FALSE,2002,bcc02006,159,15000,305,5486,1304.954567,dem_agl,reported,4310.85598,1,22.48672041,11241,0,0,0,0,0,1175.155262,1175.155262,,0,10463974.17,10439502.46,10439502.46,10439356.56,10463974.17,32592.73456,57064.43742,32592.73456,57064.43742,30416.91154,55034.52319,FALSE,FALSE,TRUE
644668,i002,inland,inland,FALSE,2002,bcc02006,160,15000,305,5486,1304.954567,dem_agl,reported,4313.859621,1,30.02995844,11253,0,0,0,0,0,1172.145403,1172.145403,,0,10481957.69,10454055.23,10454055.23,10453903.64,10481957.69,36337.33636,64239.7997,36337.33636,64239.7997,29042.14183,57096.19776,FALSE,FALSE,TRUE
644669,i002,inland,inland,FALSE,2002,bcc02006,161,15000,305,5486,1179.863767,dem_agl,reported,4316.344016,1,30.2955658,11272,0,0,0,0,0,1169.666161,1169.666161,,0,10436617.96,10466099.89,10466099.89,10466056.34,10436617.96,77071.45227,47589.51911,77071.45227,47589.51911,65521.94474,36083.56802,FALSE,FALSE,TRUE
644670,i002,inland,inland,FALSE,2002,bcc02006,162,15000,305,5486,1179.863767,dem_agl,reported,4318.778285,1,28.36464221,11283,0,0,0,0,0,1167.221715,1167.221715,,0,10480282.36,10477908.26,10477908.26,10477861.22,10480282.36,65782.05239,68156.15588,65782.05239,68156.15588,49129.11348,51550.25004,FALSE,FALSE,TRUE
1214753,i003,inland,inland,FALSE,1976,bc5710,187,10000,153,1798,841.5457292,dem_agl,reported,1422.367877,1,116.2912166,4963,0,0,0,0,0,377.468196,377.468196,,0,4119018.044,4516411.056,4516411.056,4501067.156,4119018.044,522508.2428,125115.2309,522508.2428,125115.2309,449460.2489,67411.13728,FALSE,FALSE,TRUE
1214754,i003,inland,inland,FALSE,1976,bc5710,188,10000,153,1798,845.0760353,dem_agl,reported,1397.958147,1,125.702303,4793,0,0,0,0,0,400.7302975,400.7302975,,0,4188898.016,4362725.915,4362725.915,4355459.076,4188898.016,421169.4743,247341.5757,421169.4743,247341.5757,299084.5415,132523.4814,FALSE,FALSE,TRUE
1214755,i003,inland,inland,FALSE,1976,bc5710,189,10000,153,1798,879.639317,dem_agl,reported,1388.616657,1,117.8240924,4732,0,0,0,0,0,409.7262402,409.7262402,,0,4227168.246,4304615.166,4304615.166,4300922.272,4227168.246,362335.3063,284888.3869,362335.3063,284888.3869,233825.143,160071.1173,FALSE,FALSE,TRUE
1214756,i003,inland,inland,FALSE,1976,bc5710,190,10000,153,1798,882.9545208,dem_agl,reported,1411.16601,1,110.4810892,4883,0,0,0,0,0,387.76807,387.76807,,0,4154830.585,4445553.129,4445553.129,4439746.499,4154830.585,462695.5876,171973.0433,462695.5876,171973.0433,365567.4585,80651.54392,FALSE,FALSE,TRUE
1225052,i003,inland,inland,FALSE,1976,bc5710,191,18000,153,3505,1694.202857,dem_agl,reported,2986.420848,1,42.27485035,21313,0,0,0,0,0,518.5484692,518.5484692,,0,19702044.33,19910015.94,19910015.94,19910068.78,19702044.33,349436.0646,141464.4514,349436.0646,141464.4514,305690.1958,97665.74141,FALSE,FALSE,TRUE
1225053,i003,inland,inland,FALSE,1976,bc5710,192,18000,153,3505,1687.996078,dem_agl,reported,2989.395922,1,28.55952826,21349,0,0,0,0,0,515.590815,515.590815,,0,19851057.18,19949704.44,19949704.44,19949729.15,19851057.18,192637.0721,93989.80985,192637.0721,93989.80985,180851.6489,82179.67496,FALSE,FALSE,TRUE
1225054,i003,inland,inland,FALSE,1976,bc5710,193,18000,153,3505,1687.996078,dem_agl,reported,2992.33704,1,31.63648787,21396,0,0,0,0,0,512.6374779,512.6374779,,0,19787298.88,19988978.8,19988978.8,19989014.53,19787298.88,306887.8611,105207.9436,306887.8611,105207.9436,281349.4435,79633.79543,FALSE,FALSE,TRUE
1225055,i003,inland,inland,FALSE,1976,bc5710,194,18000,153,3505,1688.137465,dem_agl,reported,2996.588709,1,37.27777354,21458,0,0,0,0,0,508.354949,508.354949,,0,19774224.33,20045821.92,20045821.92,20046314.29,19774224.32,370342.0689,98744.4725,370342.0689,98744.4725,332744.2085,60654.24609,FALSE,FALSE,TRUE
1225056,i003,inland,inland,FALSE,1976,bc5710,195,18000,153,3505,1688.137465,dem_agl,reported,3001.445716,1,37.88140445,21530,0,0,0,0,0,503.4759709,503.4759709,,0,19803050.49,20110856.95,20110856.95,20111807.44,19803050.49,392404.3431,84597.88366,392404.3431,84597.88366,364194.7005,55437.7447,FALSE,FALSE,TRUE
1225057,i003,inland,inland,FALSE,1976,bc5710,196,18000,153,3505,1689.324337,dem_agl,reported,3000.954015,1,37.15120236,21525,0,0,0,0,0,503.9876687,503.9876687,,0,19834254.47,20104268.31,20104268.31,20104882,19834254.47,395166.5401,125152.694,395166.5401,125152.694,347934.224,77306.68854,FALSE,FALSE,TRUE
58678,i004,inland,inland,FALSE,1996,bcc96038,192,15000,305,6251,1553.559154,dem_agl,reported,5443.469853,1,157.7428233,18376,0,0,0,0,0,807.3107968,807.3107968,,0,16434044.88,16645790.24,16645790.24,16647031.07,16434044.88,606404.0647,394658.7101,606404.0647,394658.7101,481138.8496,268152.6654,FALSE,FALSE,TRUE
58679,i004,inland,inland,FALSE,1996,bcc96038,193,15000,305,6251,1798.093489,dem_agl,reported,5552.41012,1,168.1580116,19118,0,0,0,0,0,698.5334696,698.5334696,,0,17189729.3,17318722.26,17318722.26,17318144.3,17189729.3,608039.1784,479046.2186,608039.1784,479046.2186,374718.2799,246303.2833,FALSE,FALSE,TRUE
58680,i004,inland,inland,FALSE,1996,bcc96038,194,15000,305,6251,1798.093489,dem_agl,reported,5629.568569,1,176.3582488,19654,0,0,0,0,0,621.199109,621.199109,,0,17625819.8,17803402.07,17803402.07,17804596.2,17625819.8,725265.4393,547683.1717,725265.4393,547683.1717,436377.9609,257601.5627,FALSE,FALSE,TRUE
58681,i004,inland,inland,FALSE,1996,bcc96038,195,15000,305,6251,1762.116273,dem_agl,reported,5713.051328,1,112.6993837,20240,0,0,0,0,0,537.6758806,537.6758806,,0,18139559.09,18335342.43,18335342.43,18336964.93,18139559.09,518959.4704,323176.1212,518959.4704,323176.1212,407264.1915,209858.3433,FALSE,FALSE,TRUE
58682,i004,inland,inland,FALSE,1996,bcc96038,196,15000,305,6251,1762.116273,dem_agl,reported,5758.604432,1,70.18478847,20565,0,0,0,0,0,492.3266904,492.3266904,,0,18762386.74,18628902.41,18628902.41,18629351.18,18762386.74,189703.889,323188.2188,189703.889,323188.2188,163737.0635,296772.6236,FALSE,FALSE,TRUE
58683,i004,inland,inland,FALSE,1996,bcc96038,197,15000,305,6251,1870.692806,dem_agl,reported,5827.699605,1,83.27909593,21059,0,0,0,0,0,423.296789,423.296789,,0,19146387.48,19078625.73,19078625.73,19078677.92,19146387.48,236914.117,304675.8683,236914.117,304675.8683,104494.2787,172203.8385,FALSE,FALSE,TRUE
58684,i004,inland,inland,FALSE,1996,bcc96038,198,15000,305,6251,1770.05475,dem_agl,reported,5888.610981,1,46.89100362,21506,0,0,0,0,0,362.3339266,362.3339266,,0,19375894.64,19479531.27,19479531.27,19479759.42,19375894.64,191717.2465,88080.61153,191717.2465,88080.61153,131694.7758,27829.98898,FALSE,FALSE,TRUE
58685,i004,inland,inland,FALSE,1996,bcc96038,199,15000,305,6251,1770.05475,dem_agl,reported,5907.944585,1,3.59652199,21648,0,0,0,0,0,343.0552241,343.0552241,,0,19594597.3,19607652.41,19607652.41,19607652.69,19594597.3,18895.0244,5839.912498,18895.0244,5839.912498,15980.81962,2925.435876,FALSE,FALSE,TRUE
58686,i004,inland,inland,FALSE,1996,bcc96038,200,15000,305,6251,1992.510748,dem_agl,reported,5895.062034,1,19.55467752,21549,0,0,0,0,0,355.9289039,355.9289039,,0,19446352.75,19522234.83,19522234.83,19522312.63,19446352.75,115492.9559,39610.8765,115492.9559,39610.8765,96454.78077,20494.90511,FALSE,FALSE,TRUE
58687,i004,inland,inland,FALSE,1996,bcc96038,201,15000,305,6251,1942.169734,dem_agl,reported,5852.221081,1,47.54869061,21239,0,0,0,0,0,398.7556103,398.7556103,,0,19165196.5,19239519.52,19239519.52,19239677.31,19165196.5,214847.8291,140524.8162,214847.8291,140524.8162,127308.0715,52827.26608,FALSE,FALSE,TRUE
1537677,i005,inland,inland,FALSE,2005,bcc05036,15,20000,305,8687,1821.026646,dem_agl,reported,6873.774845,1,394.8410198,29124,0,0,0,0,0,1813.252221,1813.252221,,0,26625497.05,26542594.87,26542594.87,26531734.57,26625497.05,1231202.244,1314104.429,1231202.244,1314104.429,1064644.395,1158406.877,FALSE,FALSE,TRUE
1537678,i005,inland,inland,FALSE,2005,bcc05036,16,20000,305,8687,1821.005685,dem_agl,reported,6765.712042,1,427.1593055,28216,0,0,0,0,0,1919.207386,1919.207386,,0,24677029.9,25714601.16,25714601.16,25719571.25,24677029.9,2124360.395,1086789.127,2124360.395,1086789.127,1901096.825,858555.4697,FALSE,FALSE,TRUE
1537679,i005,inland,inland,FALSE,2005,bcc05036,17,20000,305,8687,1496.331414,dem_agl,reported,6449.276096,1,468.5613628,25637,0,0,0,0,0,2237.70719,2237.70719,,0,23420544.7,23365480.3,23365480.3,23361030.41,23420544.7,1655674.055,1710738.456,1655674.055,1710738.456,810775.0009,870289.2887,FALSE,FALSE,TRUE
1537680,i005,inland,inland,FALSE,2005,bcc05036,18,20000,305,8687,1496.331414,dem_agl,reported,6192.977219,1,279.8110553,23640,0,0,0,0,0,2493.651424,2493.651424,,0,23371129.13,21545259.95,21545259.95,21546034.71,23371129.13,480738.6329,2306607.813,480738.6329,2306607.813,241467.6108,2066562.034,FALSE,FALSE,TRUE
1537681,i005,inland,inland,FALSE,2005,bcc05036,19,20000,305,8687,1665.725709,dem_agl,reported,6276.432211,1,314.790397,24281,0,0,0,0,0,2409.802777,2409.802777,,0,23884408.61,22129849.41,22129849.41,22134447.78,23884408.61,359749.6448,2114308.85,359749.6448,2114308.85,181198.733,1931159.568,FALSE,FALSE,TRUE
1537682,i005,inland,inland,FALSE,2005,bcc05036,20,20000,305,8687,1648.978437,dem_agl,reported,6164.719338,1,410.717465,23476,0,0,0,0,0,2522.288029,2522.288029,,0,21845283.34,21349091.17,21349091.17,21341196.98,21845283.34,1185341.451,1681533.619,1185341.451,1681533.619,679585.9611,1183672.316,FALSE,FALSE,TRUE
1537683,i005,inland,inland,FALSE,2005,bcc05036,21,20000,305,8687,1648.978437,dem_agl,reported,6253.832736,1,424.0368632,24160,0,0,0,0,0,2433.006287,2433.006287,,0,22729598.49,21970770.94,21970770.94,21963480.28,22729598.49,1069927.377,1828754.921,1069927.377,1828754.921,525285.0611,1291403.27,FALSE,FALSE,TRUE
1537684,i005,inland,inland,FALSE,2005,bcc05036,22,20000,305,8687,1648.989147,dem_agl,reported,6426.832479,1,359.6736501,25518,0,0,0,0,0,2258.084333,2258.084333,,0,21766291.49,23203138.54,23203138.54,23211335.38,21766291.49,1878163.529,441316.483,1878163.529,441316.483,1687833.998,242790.1088,FALSE,FALSE,TRUE
1537685,i005,inland,inland,FALSE,2005,bcc05036,23,20000,305,8687,1663.204324,dem_agl,reported,6543.189765,1,281.349682,26446,0,0,0,0,0,2143.810235,2143.810235,,0,24147835.27,24050926.17,24050926.17,24049642.32,24147835.27,885617.4029,982526.5061,885617.4029,982526.5061,856229.7881,954422.7321,FALSE,FALSE,TRUE
1537686,i005,inland,inland,FALSE,2005,bcc05036,24,20000,305,8687,1663.204324,dem_agl,reported,6567.30516,1,297.2152395,26641,0,0,0,0,0,2119.306618,2119.306618,,0,25087481.65,24228535.69,24228535.69,24231095.21,25087481.65,603708.7815,1462654.74,603708.7815,1462654.74,470605.6564,1326992.098,FALSE,FALSE,TRUE
13876,i006,inland,inland,FALSE,1996,bcc96083,210,15000,305,6096,2016.947775,dem_agl,reported,6087.902117,1,12.25555984,23113,0,0,0,0,0,8.088542043,8.088542043,,0,20771774.66,20820353.34,20820353.34,20820413.58,20771774.66,66435.43677,17856.75343,66435.43677,17856.75343,60346.56525,11707.6451,FALSE,FALSE,TRUE
13877,i006,inland,inland,FALSE,1996,bcc96083,211,15000,305,6096,2002.396369,dem_agl,reported,6082.178716,1,38.05583878,23067,0,0,0,0,0,13.76257219,13.76257219,,0,20658634.99,20781224.19,20781224.19,20781627.48,20658634.99,170397.0382,47807.83525,170397.0382,47807.83525,164475.1616,41482.67256,FALSE,FALSE,TRUE
13878,i006,inland,inland,FALSE,1996,bcc96083,212,15000,305,6096,1958.734898,dem_agl,reported,6007.38869,1,134.8059855,22506,0,0,0,0,0,88.60218835,88.60218835,,0,20242438.09,20273290.27,20273290.27,20273254.14,20242438.09,408916.0257,378063.8451,408916.0257,378063.8451,241961.2789,211145.2255,FALSE,FALSE,TRUE
13879,i006,inland,inland,FALSE,1996,bcc96083,213,15000,305,6096,1929.303344,dem_agl,reported,5918.853241,1,161.7275341,21848,0,0,0,0,0,177.1938966,177.1938966,,0,19739596.11,19680127.91,19680127.91,19679892.83,19739596.11,551980.9873,611449.1854,551980.9873,611449.1854,274862.9698,334566.2501,FALSE,FALSE,TRUE
13880,i006,inland,inland,FALSE,1996,bcc96083,214,15000,305,6096,1834.33922,dem_agl,reported,5780.366424,1,222.6481799,20835,0,5,0,0,0,315.620407,315.620407,,0,18831990.13,18769967.16,18769967.16,18768296.51,18831990.13,739610.8035,801633.7732,739610.8035,801633.7732,366578.4241,430272.0431,FALSE,FALSE,TRUE
13881,i006,inland,inland,FALSE,1996,bcc96083,215,15000,305,6096,1834.33922,dem_agl,reported,5624.950618,1,235.7898685,19732,0,5,0,0,0,465.8082372,465.8082372,,0,19266231.23,17774205.68,17774205.68,17806197.44,19266231.23,179878.9789,1671904.529,179878.9789,1671904.529,78466.87562,1538500.67,FALSE,FALSE,TRUE
13882,i006,inland,inland,FALSE,1996,bcc96083,216,15000,305,6096,1827.185721,dem_agl,reported,5750.931859,1,297.4488693,20626,0,41,0,0,0,341.5571313,341.5571313,,0,19657464.81,18579294.42,18579294.42,18601507.28,19657464.81,463123.7715,1541294.156,463123.7715,1541294.156,156224.3757,1212181.908,FALSE,FALSE,TRUE
13883,i006,inland,inland,FALSE,1996,bcc96083,217,15000,305,6096,1827.185721,dem_agl,reported,5991.630341,1,199.5643203,22387,0,42,0,0,0,104.1787827,104.1787827,,0,20048220.51,20167069.55,20167069.55,20165209.08,20048220.51,632016.1758,513167.14,632016.1758,513167.14,325418.6205,208430.0572,FALSE,FALSE,TRUE
13884,i006,inland,inland,FALSE,1996,bcc96083,218,15000,305,6096,1878.030758,dem_agl,reported,6088.323709,1,17.01533914,23115,0,0,0,0,0,7.670032913,7.670032913,,0,20784002.04,20823237.1,20823237.1,20823280.46,20784002.04,51805.61893,12570.56419,51805.61893,12570.56419,52828.26895,13549.84895,FALSE,FALSE,TRUE
13885,i006,inland,inland,FALSE,1996,bcc96083,219,15000,305,6096,1819.585557,dem_agl,reported,6088.574602,1,2.04820929,23119,0,0,0,0,0,7.425263222,7.425263222,,0,20818033.07,20824953.33,20824953.33,20824954.78,20818033.07,12189.13473,5268.870232,12189.13473,5268.870232,10042.40565,3120.694861,FALSE,FALSE,TRUE
922410,i007,inland,inland,FALSE,1987,bc87101,245,15000,305,6401,1297.952856,dem_agl,reported,4765.976322,1,202.1760002,13514,0,0,0,0,0,1635.011819,1635.011819,,0,12551400.44,12760172.17,12760172.17,12759670.36,12551400.44,611537.7449,402766.0141,611537.7449,402766.0141,514909.0444,306639.1201,FALSE,FALSE,TRUE
922411,i007,inland,inland,FALSE,1987,bc87101,246,15000,305,6401,1303.933145,dem_agl,reported,4649.129995,1,212.1062711,12858,0,0,0,0,0,1751.867652,1751.867652,,0,12060390.38,12142165.64,12142165.64,12142103.34,12060390.38,566873.6664,485098.4096,566873.6664,485098.4096,499227.3978,417514.442,FALSE,FALSE,TRUE
922412,i007,inland,inland,FALSE,1987,bc87101,247,15000,305,6401,1297.905239,dem_agl,reported,4515.912966,1,160.8585834,12133,0,0,0,0,0,1885.167341,1885.167341,,0,11939199.68,11456287.4,11456287.4,11455770.88,11939199.68,239054.2245,721966.5088,239054.2245,721966.5088,211191.1897,694619.9911,FALSE,FALSE,TRUE
922413,i007,inland,inland,FALSE,1987,bc87101,248,15000,305,6401,1297.905239,dem_agl,reported,4529.259013,1,193.9140588,12203,0,0,0,0,0,1871.889663,1871.889663,,0,12324539.77,11524101.85,11524101.85,11521661.99,12324539.77,179817.813,980255.7383,179817.813,980255.7383,180776.5637,983654.3528,FALSE,FALSE,TRUE
922414,i007,inland,inland,FALSE,1987,bc87101,249,15000,305,6401,1303.840142,dem_agl,reported,4700.578692,1,255.2612032,13148,0,0,0,0,0,1700.097464,1700.097464,,0,13221353.03,12412390.45,12412390.45,12412142.73,13221353.03,316369.3674,1125331.941,316369.3674,1125331.941,89292.26993,898502.5665,FALSE,FALSE,TRUE
922415,i007,inland,inland,FALSE,1987,bc87101,250,15000,305,6401,1303.840142,dem_agl,reported,4881.625474,1,231.1593375,14176,0,0,0,0,0,1519.243874,1519.243874,,0,13160359.99,13386951.4,13386951.4,13381282.08,13160359.99,602070.8346,375479.4303,602070.8346,375479.4303,507063.3233,286141.2407,FALSE,FALSE,TRUE
922416,i007,inland,inland,FALSE,1987,bc87101,251,15000,305,6401,1394.294017,dem_agl,reported,4831.922546,1,248.508123,13891,0,0,0,0,0,1568.983346,1568.983346,,0,12859274.75,13115737.06,13115737.06,13113944.59,12859274.75,731757.8761,475295.5655,731757.8761,475295.5655,578889.5718,324219.7304,FALSE,FALSE,TRUE
922417,i007,inland,inland,FALSE,1987,bc87101,252,15000,305,6401,1394.33701,dem_agl,reported,4649.329861,1,208.796126,12862,0,0,0,0,0,1751.432112,1751.432112,,0,12976179.83,12143209.64,12143209.64,12142203,12976179.83,279479.6858,1112449.879,279479.6858,1112449.879,172416.0761,1006392.904,FALSE,FALSE,TRUE
922418,i007,inland,inland,FALSE,1987,bc87101,253,15000,305,6401,1394.33701,dem_agl,reported,4613.861366,1,201.3776238,12666,0,0,0,0,0,1787.13724,1787.13724,,0,11939126.88,11958641.74,11958641.74,11958750.37,11939126.88,503710.7652,484195.9062,503710.7652,484195.9062,374687.5912,355064.109,FALSE,FALSE,TRUE
922419,i007,inland,inland,FALSE,1987,bc87101,254,15000,305,6401,1400.378539,dem_agl,reported,4624.730462,1,198.7958571,12725,0,0,0,0,0,1776.268517,1776.268517,,0,11936526.55,12015051.21,12015051.21,12014885.22,11936526.55,481515.7616,402991.1071,481515.7616,402991.1071,302351.5622,223992.8891,FALSE,FALSE,TRUE
30475,i008,inland,inland,FALSE,1996,bcc96142,72,15000,305,5944,1511.351959,dem_agl,reported,4764.82351,1,184.0975449,13709,0,0,0,0,0,1179.119466,1179.119466,,0,12957782.86,12753999.96,12753999.96,12754286.82,12957782.86,426568.835,630351.7311,426568.835,630351.7311,225859.0788,429355.1185,FALSE,FALSE,TRUE
30476,i008,inland,inland,FALSE,1996,bcc96142,73,15000,305,5944,1504.2373,dem_agl,reported,4765.113384,1,212.8840798,13713,0,0,0,0,0,1178.906351,1178.906351,,0,12813208.35,12755551.82,12755551.82,12755109.72,12813208.35,618425.9729,676082.5072,618425.9729,676082.5072,280307.5266,338406.1542,FALSE,FALSE,TRUE
30477,i008,inland,inland,FALSE,1996,bcc96142,74,15000,305,5944,1111.489815,dem_agl,reported,4830.264458,1,205.3326058,14091,0,0,0,0,0,1113.716851,1113.716851,,0,12926220.55,13106737.2,13106737.2,13106833.22,12926220.55,707961.3094,527444.6578,707961.3094,527444.6578,379955.9218,199343.248,FALSE,FALSE,TRUE
30478,i008,inland,inland,FALSE,1996,bcc96142,75,15000,305,5944,1111.489815,dem_agl,reported,4880.307372,1,169.1748537,14382,0,0,0,0,0,1063.675568,1063.675568,,0,13244034.04,13379723.07,13379723.07,13379803.64,13244034.04,581447.0891,445758.058,581447.0891,445758.058,328641.8208,192872.2172,FALSE,FALSE,TRUE
30479,i008,inland,inland,FALSE,1996,bcc96142,76,15000,305,5944,1373.156036,dem_agl,reported,4933.297418,1,122.0002215,14697,0,0,0,0,0,1010.693649,1010.693649,,0,13642103.03,13671852.72,13671852.72,13671912.29,13642103.03,402842.2185,373092.5278,402842.2185,373092.5278,320803.8521,290994.5962,FALSE,FALSE,TRUE
30480,i008,inland,inland,FALSE,1996,bcc96142,77,15000,305,5944,1321.886993,dem_agl,reported,4999.026796,1,70.37021055,15090,0,0,0,0,0,944.9533934,944.9533934,,0,14086768.55,14038596.86,14038596.86,14038676.38,14086768.55,212861.9615,261033.6498,212861.9615,261033.6498,157001.3992,205093.5623,FALSE,FALSE,TRUE
30481,i008,inland,inland,FALSE,1996,bcc96142,78,15000,305,5944,1281.995912,dem_agl,reported,5033.383102,1,63.98576636,15301,0,0,0,0,0,910.5423221,910.5423221,,0,14064022.16,14232223.23,14232223.23,14232409.75,14064022.16,261546.1525,93345.08044,261546.1525,93345.08044,231313.4488,62925.86022,FALSE,FALSE,TRUE
30482,i008,inland,inland,FALSE,1996,bcc96142,79,15000,305,5944,1281.995912,dem_agl,reported,5024.296449,1,103.8798326,15244,0,0,0,0,0,919.4352288,919.4352288,,0,13860097.08,14180883.39,14180883.39,14182474.94,13860097.08,426990.0388,106203.7324,426990.0388,106203.7324,432748.5368,110370.6801,FALSE,FALSE,TRUE
30483,i008,inland,inland,FALSE,1996,bcc96142,80,15000,305,5944,1268.937713,dem_agl,reported,4992.912963,1,118.3990914,15066,0,0,0,0,0,951.0231485,951.0231485,,0,13812780.4,14004279.32,14004279.32,14002560.24,13812780.4,376448.8195,184949.9016,376448.8195,184949.9016,274879.7415,85099.90025,FALSE,FALSE,TRUE
30484,i008,inland,inland,FALSE,1996,bcc96142,81,15000,305,5944,1268.937713,dem_agl,reported,4982.321495,1,109.3956159,14994,0,0,0,0,0,961.4164827,961.4164827,,0,13700862.05,13944927.77,13944927.77,13945534.86,13700862.05,393381.7483,149316.0262,393381.7483,149316.0262,383826.8787,139154.0724,FALSE,FALSE,TRUE
670821,i009,inland,inland,FALSE,2004,bcc04018,119,30000,153,5944,2353.996806,dem_agl,reported,5058.606186,1,513.8100051,62831,0,0,0,0,0,882.919827,882.919827,,0,54299426.07,57125673.33,57125673.33,57124175.52,54299426.07,5845979.692,3019732.429,5845979.692,3019732.429,4422887.862,1598138.41,FALSE,FALSE,TRUE
670822,i009,inland,inland,FALSE,2004,bcc04018,120,30000,153,5944,2347.181693,dem_agl,reported,4701.214063,1,481.9777775,54265,0,0,0,0,0,1241.379404,1241.379404,,0,56365130.78,49338920.56,49338920.56,49362297.73,56365130.78,2180504.567,9206714.79,2180504.567,9206714.79,1348808.344,8351641.393,FALSE,FALSE,TRUE
670823,i009,inland,inland,FALSE,2004,bcc04018,121,30000,153,5944,2347.181693,dem_agl,reported,4522.908998,1,284.6683727,50227,0,0,0,0,0,1421.391485,1421.391485,,0,50163303.25,45667295.22,45667295.22,45651855.29,50163303.25,951833.8925,5447841.921,951833.8925,5447841.921,1215990.416,5727438.372,FALSE,FALSE,TRUE
670824,i009,inland,inland,FALSE,2004,bcc04018,122,30000,153,5944,2510.632453,dem_agl,reported,4577.756976,1,238.6106586,51449,0,0,0,0,0,1366.247839,1366.247839,,0,45098763.61,46781598.43,46781598.43,46756655.26,45098763.61,3285505.342,1602670.523,3285505.342,1602670.523,2921394.866,1263503.217,FALSE,FALSE,TRUE
670825,i009,inland,inland,FALSE,2004,bcc04018,123,30000,153,5944,2510.505457,dem_agl,reported,4617.192189,1,223.7818446,52343,0,0,0,0,0,1326.800774,1326.800774,,0,48424646.13,47591072.82,47591072.82,47588459.85,48424646.13,1383987.989,2217561.297,1383987.989,2217561.297,1435936.285,2272122.565,FALSE,FALSE,TRUE
670826,i009,inland,inland,FALSE,2004,bcc04018,124,30000,153,5944,2510.505457,dem_agl,reported,4644.129202,1,258.8080797,52957,0,0,0,0,0,1299.873536,1299.873536,,0,49099806.21,48147991.75,48147991.75,48144733.61,49099806.21,1639339.81,2591154.267,1639339.81,2591154.267,1689969.063,2645041.661,FALSE,FALSE,TRUE
670827,i009,inland,inland,FALSE,2004,bcc04018,125,30000,153,5944,2517.541172,dem_agl,reported,4941.527776,1,416.0266304,59954,0,0,0,0,0,1002.309331,1002.309331,,0,55409126.63,54511994.46,54511994.46,54505454.74,55409126.63,3967573.066,4864705.229,3967573.066,4864705.229,2223770.605,3127442.487,FALSE,FALSE,TRUE
670828,i009,inland,inland,FALSE,2004,bcc04018,126,30000,153,5944,2688.273071,dem_agl,reported,5163.842543,1,332.6458737,65469,0,0,0,0,0,776.9954943,776.9954943,,0,56108250.03,59527216.17,59527216.17,59573234.28,56108250.03,5017141.314,1598175.173,5017141.314,1598175.173,4712404.074,1247419.826,FALSE,FALSE,TRUE
670829,i009,inland,inland,FALSE,2004,bcc04018,127,30000,153,5944,2688.273071,dem_agl,reported,5166.108426,1,308.7049507,65531,0,0,0,0,0,776.5438175,776.5438175,,0,57408941.73,59579468.45,59579468.45,59610341.96,57408941.73,4023187.407,1852660.687,4023187.407,1852660.687,4086224.444,1884824.212,FALSE,FALSE,TRUE
670830,i009,inland,inland,FALSE,2004,bcc04018,128,30000,153,5944,2681.086492,dem_agl,reported,4989.93719,1,238.7748021,61134,0,0,0,0,0,952.8027371,952.8027371,,0,59941357.94,55585273.72,55585273.72,55599129.62,59941357.94,1610530.665,5966614.884,1610530.665,5966614.884,832640.4544,5174868.768,FALSE,FALSE,TRUE
33756,i010,inland,inland,FALSE,1996,bcc96075,187,15000,305,5944,1489.806861,dem_agl,reported,5214.135564,1,15.35358663,16557,0,0,0,0,0,729.8533548,729.8533548,,0,15209507.25,15272755.88,15272755.88,15272811.08,15209507.25,83364.98458,20116.35014,83364.98458,20116.35014,68463.80984,5159.978294,FALSE,FALSE,TRUE
33757,i010,inland,inland,FALSE,1996,bcc96075,188,15000,305,5944,1476.267509,dem_agl,reported,5193.801125,1,62.02519952,16428,0,0,0,0,0,750.1320482,750.1320482,,0,15016846.5,15153864.71,15153864.71,15154229.7,15016846.5,228815.6869,91797.47809,228815.6869,91797.47809,216477.198,79093.99486,FALSE,FALSE,TRUE
33758,i010,inland,inland,FALSE,1996,bcc96075,189,15000,305,5944,1476.267509,dem_agl,reported,5134.501584,1,126.4919656,16057,0,0,0,0,0,809.4984156,809.4984156,,0,14830276.88,14809805.6,14809805.6,14809836.01,14830276.88,298402.2689,318873.546,298402.2689,318873.546,153760.3433,174201.2123,FALSE,FALSE,TRUE
33759,i010,inland,inland,FALSE,1996,bcc96075,190,15000,305,5944,1490.122798,dem_agl,reported,5067.265057,1,148.1909478,15638,0,0,0,0,0,876.5749695,876.5749695,,0,14699368.26,14424475.06,14424475.06,14425196.79,14699368.26,172624.3789,447517.5788,172624.3789,447517.5788,104076.0828,378247.5469,FALSE,FALSE,TRUE
33760,i010,inland,inland,FALSE,1996,bcc96075,191,15000,305,5944,1463.063413,dem_agl,reported,5030.303624,1,162.1553036,15410,0,0,0,0,0,913.2392128,913.2392128,,0,14680967.31,14214813.7,14214813.7,14215216.08,14680967.31,174478.7392,640632.3493,174478.7392,640632.3493,101281.6597,567032.8898,FALSE,FALSE,TRUE
33761,i010,inland,inland,FALSE,1996,bcc96075,192,15000,305,5944,1232.892145,dem_agl,reported,5034.920078,1,156.3741149,15438,0,0,0,0,0,908.6136582,908.6136582,,0,14685111.37,14240916.36,14240916.36,14240881.65,14685111.37,163043.6967,607238.7018,163043.6967,607238.7018,93148.45588,537378.1706,FALSE,FALSE,TRUE
33762,i010,inland,inland,FALSE,1996,bcc96075,193,15000,305,5944,1232.892145,dem_agl,reported,5053.292466,1,143.1184267,15545,0,0,0,0,0,890.3365665,890.3365665,,0,14731822.88,14345035.99,14345035.99,14345838.89,14731822.88,150045.1574,536832.0461,150045.1574,536832.0461,149779.7046,535763.6886,FALSE,FALSE,TRUE
33763,i010,inland,inland,FALSE,1996,bcc96075,194,15000,305,5944,1320.475004,dem_agl,reported,5087.422242,1,109.234554,15763,0,0,0,0,0,856.5490717,856.5490717,,0,14630064.48,14539462.18,14539462.18,14538877.68,14630064.48,233909.2209,324511.5182,233909.2209,324511.5182,224287.8681,315474.6692,FALSE,FALSE,TRUE
33764,i010,inland,inland,FALSE,1996,bcc96075,195,15000,305,5944,1320.475004,dem_agl,reported,5031.571215,1,166.9701676,15417,0,0,0,0,0,912.4676218,912.4676218,,0,14183154.73,14221978.62,14221978.62,14217884.46,14183154.73,439398.9497,400575.0619,439398.9497,400575.0619,287606.8868,252877.1526,FALSE,FALSE,TRUE
33765,i010,inland,inland,FALSE,1996,bcc96075,196,15000,305,5944,1293.383333,dem_agl,reported,4869.859501,1,207.4867772,14446,0,0,0,0,0,1073.318577,1073.318577,,0,14046738.79,13322497.18,13322497.18,13325975.34,14046738.79,237288.6996,961530.31,237288.6996,961530.31,42143.40479,762906.8543,FALSE,FALSE,TRUE
1512799,i011,inland,inland,FALSE,1964,bc4240,17,15840,305,5791,1211.299192,dem_agl,reported,4389.609874,1,146.1601246,12010,0,0,0,0,0,1401.388487,1401.388487,,0,10774860.64,10824419.66,10824419.66,10824441.15,10774860.64,404878.8475,355319.819,404878.8475,355319.819,285368.7014,235788.1847,FALSE,FALSE,TRUE
1512800,i011,inland,inland,FALSE,1964,bc4240,18,15840,305,5791,1211.299192,dem_agl,reported,4528.779569,1,143.1095809,12783,0,0,0,0,0,1262.236472,1262.236472,,0,11515175.14,11521662.21,11521662.21,11521516.13,11515175.14,459654.2282,453167.1535,459654.2282,453167.1535,290073.4795,283732.4897,FALSE,FALSE,TRUE
1512801,i011,inland,inland,FALSE,1964,bc4240,19,15840,305,5791,1211.306013,dem_agl,reported,4682.63921,1,177.6276563,13666,0,0,0,0,0,1108.36079,1108.36079,,0,12341313.81,12317828.92,12317828.92,12317535.58,12341313.81,511944.7232,535429.6101,511944.7232,535429.6101,264148.9501,287927.1814,FALSE,FALSE,TRUE
1512802,i011,inland,inland,FALSE,1964,bc4240,20,15840,305,5791,1211.288768,dem_agl,reported,4801.128275,1,156.1793914,14366,0,0,0,0,0,989.8942602,989.8942602,,0,12598679.29,12949094.26,12949094.26,12948810.4,12598679.29,555435.8513,205020.8831,555435.8513,205020.8831,493422.1257,143291.0179,FALSE,FALSE,TRUE
1512803,i011,inland,inland,FALSE,1964,bc4240,21,15840,305,5791,1211.288768,dem_agl,reported,4831.668881,1,120.9285321,14550,0,0,0,0,0,959.3311187,959.3311187,,0,12758443.6,13114360.01,13114360.01,13114328.39,12758443.6,518052.7819,162136.3758,518052.7819,162136.3758,508466.3456,152581.5527,FALSE,FALSE,TRUE
1512804,i011,inland,inland,FALSE,1964,bc4240,22,15840,305,5791,1211.281725,dem_agl,reported,4771.594327,1,140.4513533,14191,0,0,0,0,0,1019.444282,1019.444282,,0,12610805.5,12790272.6,12790272.6,12788437.9,12610805.5,489109.8834,309642.787,489109.8834,309642.787,388946.1432,211313.7486,FALSE,FALSE,TRUE
1512805,i011,inland,inland,FALSE,1964,bc4240,23,15840,305,5791,1211.281725,dem_agl,reported,4707.431155,1,123.9597789,13812,0,0,0,0,0,1083.574693,1083.574693,,0,12255796.23,12448606.18,12448606.18,12446872.57,12255796.23,396107.2018,203297.2468,396107.2018,203297.2468,320890.1376,129813.7939,FALSE,FALSE,TRUE
1512806,i011,inland,inland,FALSE,1964,bc4240,24,15840,305,5791,1641.717892,dem_agl,reported,4689.858632,1,106.3614721,13710,0,0,0,0,0,1101.242445,1101.242445,,0,11990052.8,12355840.03,12355840.03,12354662.78,11990052.8,450658.873,84871.63926,450658.873,84871.63926,433339.0181,68729.03482,FALSE,FALSE,TRUE
1512807,i011,inland,inland,FALSE,1964,bc4240,25,15840,305,5791,1641.72144,dem_agl,reported,4629.822406,1,110.2107982,13354,0,0,0,0,0,1161.237517,1161.237517,,0,11895116.81,12041523.51,12041523.51,12041310.52,11895116.81,321597.6183,175190.9107,321597.6183,175190.9107,250744.7728,104551.0635,FALSE,FALSE,TRUE
1512808,i011,inland,inland,FALSE,1964,bc4240,26,15840,305,5791,1641.728499,dem_agl,reported,4510.395553,1,93.29017682,12677,0,0,0,0,0,1280.775214,1280.775214,,0,11698915.44,11428310.57,11428310.57,11427411.81,11698915.44,153082.7836,423687.6523,153082.7836,423687.6523,80735.59713,352239.2343,FALSE,FALSE,TRUE
1407326,i012,inland,inland,FALSE,1971,bc7350,178,16000,305,6096,1041.217155,dem_agl,reported,4520.86522,1,260.1069733,12195,0,0,0,0,0,1576.78207,1576.78207,,0,10803920.04,11481427.63,11481427.63,11472041.2,10803920.04,1034634.082,357126.4909,1034634.082,357126.4909,1010655.313,342534.1473,FALSE,FALSE,TRUE
1407327,i012,inland,inland,FALSE,1971,bc7350,179,16000,305,6096,1041.146226,dem_agl,reported,4464.047157,1,259.8477111,11912,0,0,0,0,0,1632.333316,1632.333316,,0,10989350.28,11194644.87,11194644.87,11192014.41,10989350.28,701477.7977,496183.2109,701477.7977,496183.2109,569426.4775,366762.3488,FALSE,FALSE,TRUE
1407328,i012,inland,inland,FALSE,1971,bc7350,180,16000,305,6096,1041.133518,dem_agl,reported,4350.620951,1,241.6452111,11290,0,0,0,0,0,1746.356389,1746.356389,,0,10985861.1,10632986.62,10632986.62,10628727.89,10985861.1,451725.6268,804600.1129,451725.6268,804600.1129,145470.322,502603.531,FALSE,FALSE,TRUE
1407329,i012,inland,inland,FALSE,1971,bc7350,181,16000,305,6096,1041.133518,dem_agl,reported,4271.973202,1,190.3856351,10883,0,0,0,0,0,1825.250388,1825.250388,,0,10742148.6,10252028.69,10252028.69,10245232.23,10742148.6,297990.0959,788110.0053,297990.0959,788110.0053,135772.2104,632688.5781,FALSE,FALSE,TRUE
1407330,i012,inland,inland,FALSE,1971,bc7350,182,16000,305,6096,1041.10787,dem_agl,reported,4305.365214,1,183.8390064,11056,0,0,0,0,0,1791.484387,1791.484387,,0,10825647.73,10412925.67,10412925.67,10408618.03,10825647.73,308649.2264,721371.2841,308649.2264,721371.2841,223248.7776,640278.4761,FALSE,FALSE,TRUE
1407331,i012,inland,inland,FALSE,1971,bc7350,183,16000,305,6096,1041.095242,dem_agl,reported,4361.906259,1,199.2403356,11355,0,0,0,0,0,1734.434559,1734.434559,,0,11018577.56,10688221.1,10688221.1,10686061.09,11018577.56,273214.7415,603571.1934,273214.7415,603571.1934,213184.9796,545701.4405,FALSE,FALSE,TRUE
1407332,i012,inland,inland,FALSE,1971,bc7350,184,16000,305,6096,1041.095242,dem_agl,reported,4437.19101,1,201.7754735,11748,0,0,0,0,0,1658.80899,1658.80899,,0,11008811.9,11060353.87,11060353.87,11060348.09,11008811.9,376507.0233,324965.0499,376507.0233,324965.0499,299069.009,247532.8175,FALSE,FALSE,TRUE
1407333,i012,inland,inland,FALSE,1971,bc7350,185,16000,305,6096,1041.013199,dem_agl,reported,4506.290304,1,179.6849506,12130,0,0,0,0,0,1590.233909,1590.233909,,0,11040715.3,11407516.51,11407516.51,11403524.26,11040715.3,581511.0647,214709.8538,581511.0647,214709.8538,502284.3368,139475.3818,FALSE,FALSE,TRUE
1407334,i012,inland,inland,FALSE,1971,bc7350,186,16000,305,6096,1041.000684,dem_agl,reported,4559.500512,1,145.4222243,12409,0,0,0,0,0,1536.958359,1536.958359,,0,11256554.56,11678506.62,11678506.62,11674333.92,11256554.56,602108.4541,180156.4014,602108.4541,180156.4014,546416.2157,128636.8588,FALSE,FALSE,TRUE
1407335,i012,inland,inland,FALSE,1971,bc7350,187,16000,305,6096,1041.000684,dem_agl,reported,4575.094955,1,140.6536283,12488,0,0,0,0,0,1521.174272,1521.174272,,0,11370690.31,11758529.09,11758529.09,11756957.64,11370690.31,608734.925,220896.1512,608734.925,220896.1512,550369.8753,164102.5451,FALSE,FALSE,TRUE
591166,i013,inland,inland,FALSE,1991,bcc91027,153,15000,305,5654,1365.597941,dem_agl,reported,4289.532647,1,147.4192667,11365,0,0,0,0,0,1364.555407,1364.555407,,0,10609281.73,10336481.43,10336481.43,10334308.98,10609281.73,382191.0827,654991.3913,382191.0827,654991.3913,203398.6512,478371.409,FALSE,FALSE,TRUE
591167,i013,inland,inland,FALSE,1991,bcc91027,154,15000,305,5654,1365.597941,dem_agl,reported,4421.575225,1,198.1936623,12072,0,0,0,0,0,1232.469021,1232.469021,,0,11062365.72,10982641.56,10982641.56,10982670.35,11062365.72,559773.4304,639497.5889,559773.4304,639497.5889,398178.5385,477873.9,FALSE,FALSE,TRUE
591168,i013,inland,inland,FALSE,1991,bcc91027,155,15000,305,5654,1252.351833,dem_agl,reported,4486.377823,1,268.8929038,12435,0,0,0,0,0,1167.715335,1167.715335,,0,11717424.71,11306923.76,11306923.76,11304041.39,11717424.71,601673.6919,1012174.641,601673.6919,1012174.641,346315.4503,759698.7683,FALSE,FALSE,TRUE
591169,i013,inland,inland,FALSE,1991,bcc91027,156,15000,305,5654,1252.351833,dem_agl,reported,4699.796238,1,370.0721963,13639,0,0,0,0,0,953.5175583,953.5175583,,0,13563624.05,12408258.49,12408258.49,12411855.02,13563624.05,425708.3286,1581073.89,425708.3286,1581073.89,199273.07,1351042.098,FALSE,FALSE,TRUE
591170,i013,inland,inland,FALSE,1991,bcc91027,157,15000,305,5654,1379.539611,dem_agl,reported,5019.445358,1,336.9823336,15552,0,0,0,0,0,634.6086665,634.6086665,,0,14000498.46,14153512.58,14153512.58,14141106.39,14000498.46,750165.6704,597151.558,750165.6704,597151.558,507936.4031,367328.4756,FALSE,FALSE,TRUE
591171,i013,inland,inland,FALSE,1991,bcc91027,158,15000,305,5654,1379.539611,dem_agl,reported,5186.728361,1,188.6812874,16614,0,0,0,0,0,464.8592501,464.8592501,,0,14371802.98,15112620.65,15112620.65,15126475.92,14371802.98,972905.7203,232088.0541,972905.7203,232088.0541,925901.0148,171228.0738,FALSE,FALSE,TRUE
591172,i013,inland,inland,FALSE,1991,bcc91027,159,15000,305,5654,1385.161248,dem_agl,reported,5181.441097,1,211.3895058,16584,0,0,0,0,0,472.0897623,472.0897623,,0,14733843.72,15081825.24,15081825.24,15077042.74,14733843.72,775181.0588,427199.5348,775181.0588,427199.5348,570538.7663,227339.7475,FALSE,FALSE,TRUE
591173,i013,inland,inland,FALSE,1991,bcc91027,160,15000,305,5654,1385.161248,dem_agl,reported,5201.015673,1,207.2262992,16708,0,0,0,0,0,451.5570817,451.5570817,,0,14577324.68,15195993.48,15195993.48,15202941.66,14577324.68,864294.955,245626.1627,864294.955,245626.1627,871366.1334,245749.1551,FALSE,FALSE,TRUE
591174,i013,inland,inland,FALSE,1991,bcc91027,161,15000,305,5654,1513.005632,dem_agl,reported,5095.91821,1,251.2676841,16038,0,0,0,0,0,557.1898611,557.1898611,,0,14110389.9,14588064.38,14588064.38,14591863.81,14110389.9,902939.1936,425264.7152,902939.1936,425264.7152,732305.7757,250831.8637,FALSE,FALSE,TRUE
591175,i013,inland,inland,FALSE,1991,bcc91027,162,15000,305,5654,1392.454497,dem_agl,reported,4808.593866,1,250.3199005,14286,0,0,0,0,0,845.1466553,845.1466553,,0,13522923.46,12989396.38,12989396.38,12990442.79,13522923.46,629111.7993,1162638.884,629111.7993,1162638.884,268862.8573,801343.5284,FALSE,FALSE,TRUE
555143,i014,inland,inland,FALSE,1986,bcc475,69,10000,305,4267,933.6024719,dem_agl,reported,3048.389007,1,18.64258747,5691,0,0,0,0,0,1218.610993,1218.610993,,0,5229671.145,5220276.984,5220276.984,5220284.156,5229671.145,28994.45303,38388.61487,28994.45303,38388.61487,13945.54593,23332.53539,FALSE,FALSE,TRUE
555144,i014,inland,inland,FALSE,1986,bcc475,70,10000,305,4267,933.6032859,dem_agl,reported,3028.786824,1,26.03195145,5619,0,0,0,0,0,1238.213176,1238.213176,,0,5195722.872,5153356.509,5153356.509,5153323.064,5195722.872,27307.407,69673.77019,27307.407,69673.77019,9107.399134,51507.20736,FALSE,FALSE,TRUE
555145,i014,inland,inland,FALSE,1986,bcc475,71,10000,305,4267,947.435514,dem_agl,reported,3013.196458,1,26.27141806,5565,0,0,0,0,0,1253.803542,1253.803542,,0,5179175.783,5100440.317,5100440.317,5100423.249,5179175.783,9546.990634,88282.4573,9546.990634,88282.4573,1591.359532,80343.89411,FALSE,FALSE,TRUE
555146,i014,inland,inland,FALSE,1986,bcc475,72,10000,305,4267,947.435514,dem_agl,reported,3012.968712,1,26.93046686,5560,0,0,0,0,0,1254.052342,1254.052342,,0,5193449.516,5099669.332,5099669.332,5099537.315,5193449.516,14368.038,108148.2215,14368.038,108148.2215,6317.372321,100229.573,FALSE,FALSE,TRUE
555147,i014,inland,inland,FALSE,1986,bcc475,73,10000,305,4267,947.4357744,dem_agl,reported,3036.19616,1,35.68715844,5647,0,0,0,0,0,1230.804988,1230.804988,,0,5286513.371,5178600.711,5178600.711,5178571.955,5286513.371,26939.23213,134851.8924,26939.23213,134851.8924,5387.7301,113329.1463,FALSE,FALSE,TRUE
555148,i014,inland,inland,FALSE,1986,bcc475,74,10000,305,4267,947.4359704,dem_agl,reported,3074.216006,1,43.25062355,5791,0,0,0,0,0,1192.784794,1192.784794,,0,5339768.779,5309107.659,5309107.659,5309083.192,5339768.779,50478.34349,81139.46357,50478.34349,81139.46357,30410.36539,61095.95271,FALSE,FALSE,TRUE
555149,i014,inland,inland,FALSE,1986,bcc475,75,10000,305,4267,947.4360956,dem_agl,reported,3099.630254,1,31.50829595,5883,0,0,0,0,0,1167.369746,1167.369746,,0,5394726.055,5397250.258,5397250.258,5397203.649,5394726.055,64140.6951,61616.49207,64140.6951,61616.49207,32730.41599,30252.82234,FALSE,FALSE,TRUE
555150,i014,inland,inland,FALSE,1986,bcc475,76,10000,305,4267,947.4368647,dem_agl,reported,3099.901164,1,27.41681045,5887,0,0,0,0,0,1167.098836,1167.098836,,0,5398720.669,5398193.748,5398193.748,5398183.504,5398720.669,51398.03542,51924.95639,51398.03542,51924.95639,38942.3932,39479.55876,FALSE,FALSE,TRUE
555151,i014,inland,inland,FALSE,1986,bcc475,77,10000,305,4267,947.4368647,dem_agl,reported,3095.144048,1,22.6920211,5869,0,0,0,0,0,1171.846127,1171.846127,,0,5345964.858,5381638.298,5381638.298,5381669.105,5345964.858,57267.35694,21593.91751,57267.35694,21593.91751,51256.32517,15552.07842,FALSE,FALSE,TRUE
555152,i014,inland,inland,FALSE,1986,bcc475,78,10000,305,4267,947.43907,dem_agl,reported,3086.206922,1,20.23879855,5835,0,0,0,0,0,1180.786528,1180.786528,,0,5324966.657,5350604.56,5350604.56,5350628.036,5324966.657,41642.69184,16004.78919,41642.69184,16004.78919,36579.42144,10918.04259,FALSE,FALSE,TRUE
882168,i015,inland,inland,FALSE,1986,bc86103,87,16000,153,2774,485.2547217,nominal_scale,implausible,,1,124.6770136,,,,,,,,,,,,,,,,,,,,,,FALSE,FALSE,FALSE
882169,i015,inland,inland,FALSE,1986,bc86103,88,16000,153,2774,484.287701,nominal_scale,implausible,,1,136.655536,,,,,,,,,,,,,,,,,,,,,,FALSE,FALSE,FALSE
882170,i015,inland,inland,FALSE,1986,bc86103,89,16000,153,2774,483.3213627,nominal_scale,implausible,,1,149.3769419,,,,,,,,,,,,,,,,,,,,,,FALSE,FALSE,FALSE
882171,i015,inland,inland,FALSE,1986,bc86103,90,16000,153,2774,368.8902948,nominal_scale,implausible,,1,166.8551281,,,,,,,,,,,,,,,,,,,,,,FALSE,FALSE,FALSE
882172,i015,inland,inland,FALSE,1986,bc86103,91,16000,153,2774,362.7588563,nominal_scale,implausible,,1,183.8258751,,,,,,,,,,,,,,,,,,,,,,FALSE,FALSE,FALSE
882173,i015,inland,inland,FALSE,1986,bc86103,92,16000,153,2774,362.7588563,nominal_scale,implausible,,1,206.9459296,,,,,,,,,,,,,,,,,,,,,,FALSE,FALSE,FALSE
882174,i015,inland,inland,FALSE,1986,bc86103,93,16000,153,2774,362.7643856,nominal_scale,implausible,,1,232.9367595,,,,,,,,,,,,,,,,,,,,,,FALSE,FALSE,FALSE
882175,i015,inland,inland,FALSE,1986,bc86103,94,16000,153,2774,362.7643856,dem_agl,reported,1530.723632,1,220.5236951,5801,0,0,0,0,0,1243.934793,1243.934793,,0,5624112.801,5230740.377,5230740.377,5224948.494,5624112.801,612976.5312,1006348.955,612976.5312,1006348.955,226313.45,625477.7568,FALSE,FALSE,TRUE
882176,i015,inland,inland,FALSE,1986,bc86103,95,16000,153,2774,362.7671948,dem_agl,reported,1610.761986,1,240.6643737,6423,0,0,0,0,0,1163.634402,1163.634402,,0,6332989.848,5792050.421,5792050.421,5788069.205,6332989.848,700354.5006,1241293.927,700354.5006,1241293.927,353177.9874,898098.6301,FALSE,FALSE,TRUE
882177,i015,inland,inland,FALSE,1986,bc86103,96,16000,153,2774,537.7427091,dem_agl,reported,1750.295222,1,270.0434562,7586,0,0,0,0,0,1023.706321,1023.706321,,0,7345234.789,6838993.717,6838993.717,6837686.298,7345234.789,958969.1479,1465210.22,958969.1479,1465210.22,538304.73,1045853.221,FALSE,FALSE,TRUE
685206,i016,inland,inland,FALSE,1968,bc7069,13,16000,305,6096,1215.728508,dem_agl,reported,5041.998104,1,140.6240742,15282,0,0,0,0,0,1053.975144,1053.975144,,0,14100379.59,14280983.9,14280983.9,14280727.23,14100379.59,477773.4521,297169.1498,477773.4521,297169.1498,335828.3135,155480.6756,FALSE,FALSE,TRUE
685207,i016,inland,inland,FALSE,1968,bc7069,14,16000,305,6096,1215.728508,dem_agl,reported,4919.847012,1,158.873761,14550,0,0,0,0,0,1176.13774,1176.13774,,0,13758277.71,13597403.01,13597403.01,13598109.31,13758277.71,281065.7409,441940.4424,281065.7409,441940.4424,160180.1117,320348.5105,FALSE,FALSE,TRUE
685208,i016,inland,inland,FALSE,1968,bc7069,15,16000,305,6096,1222.125274,dem_agl,reported,4791.668918,1,137.4849831,13800,0,0,0,0,0,1304.335311,1304.335311,,0,13013624.25,12898118.98,12898118.98,12898257.27,13013624.25,332130.2492,447635.5163,332130.2492,447635.5163,207417.6216,322784.5958,FALSE,FALSE,TRUE
685209,i016,inland,inland,FALSE,1968,bc7069,16,16000,305,6096,1222.124353,dem_agl,reported,4656.958042,1,162.607769,13037,0,0,0,0,0,1439.034864,1439.034864,,0,12315060.67,12183089.19,12183089.19,12182297.25,12315060.67,333978.6365,465950.1232,333978.6365,465950.1232,180842.5427,313605.9651,FALSE,FALSE,TRUE
685210,i016,inland,inland,FALSE,1968,bc7069,17,16000,305,6096,1222.124353,dem_agl,reported,4511.085963,1,154.4028633,12230,0,0,0,0,0,1585.12944,1585.12944,,0,11797853.42,11431809.52,11431809.52,11430522.92,11797853.42,259369.9124,625413.8096,259369.9124,625413.8096,150398.656,517729.1599,FALSE,FALSE,TRUE
685211,i016,inland,inland,FALSE,1968,bc7069,18,16000,305,6096,1215.723674,dem_agl,reported,4447.037716,1,108.7025864,11889,0,0,0,0,0,1649.584207,1649.584207,,0,11614382.43,11109497.08,11109497.08,11106064.28,11614382.43,88792.28738,593677.6426,88792.28738,593677.6426,73665.91298,581984.0619,FALSE,FALSE,TRUE
685212,i016,inland,inland,FALSE,1968,bc7069,19,16000,305,6096,1215.723674,dem_agl,reported,4521.160182,1,141.9711518,12285,0,0,0,0,0,1574.859276,1574.859276,,0,11516345.89,11482925.88,11482925.88,11482620.93,11516345.89,341606.788,375026.7986,341606.788,375026.7986,242063.7175,275788.6816,FALSE,FALSE,TRUE
685213,i016,inland,inland,FALSE,1968,bc7069,20,16000,305,6096,979.0508816,dem_agl,reported,4613.128907,1,120.2558533,12795,0,0,0,0,0,1483.007596,1483.007596,,0,11732556.83,11954845.13,11954845.13,11953909.16,11732556.83,438100.4724,215812.1725,438100.4724,215812.1725,351074.3388,129722.0094,FALSE,FALSE,TRUE
685214,i016,inland,inland,FALSE,1968,bc7069,21,16000,305,6096,972.6501744,dem_agl,reported,4605.538267,1,138.5291527,12749,0,0,0,0,0,1490.460158,1490.460158,,0,11901992.28,11915535.47,11915535.47,11915333.12,11901992.28,347565.1263,334021.9376,347565.1263,334021.9376,176373.5588,163032.7197,FALSE,FALSE,TRUE
685215,i016,inland,inland,FALSE,1968,bc7069,22,16000,305,6096,972.6475958,dem_agl,reported,4598.20686,1,134.6585781,12709,0,0,0,0,0,1497.812263,1497.812263,,0,12002852.29,11877629.75,11877629.75,11877310.66,12002852.29,312282.92,437505.458,312282.92,437505.458,152348.3758,277890.0089,FALSE,FALSE,TRUE
1158943,i017,inland,inland,FALSE,1978,bc78028,73,10000,153,2179,612.4966961,dem_agl,reported,1449.005242,1,51.72898069,5194,0,0,0,0,0,730.4213205,730.4213205,,0,4443840.203,4687157.03,4687157.03,4683926.056,4443840.203,315553.634,72236.8078,315553.634,72236.8078,292989.0926,52903.24,FALSE,FALSE,TRUE
1158944,i017,inland,inland,FALSE,1978,bc78028,74,10000,153,2179,602.2542954,dem_agl,reported,1456.30273,1,59.19327536,5247,0,0,0,0,0,722.8018417,722.8018417,,0,4584483.548,4734486.887,4734486.887,4733306.637,4584483.548,256476.474,106473.1349,256476.474,106473.1349,212841.1199,64018.03109,FALSE,FALSE,TRUE
1158945,i017,inland,inland,FALSE,1978,bc78028,75,10000,153,2179,602.2519073,dem_agl,reported,1445.6004,1,69.41196401,5172,0,0,0,0,0,733.5058523,733.5058523,,0,4547907.221,4665155.344,4665155.344,4663898.914,4547907.221,279703.7527,162455.6295,279703.7527,162455.6295,197848.9423,81857.24887,FALSE,FALSE,TRUE
1158946,i017,inland,inland,FALSE,1978,bc78028,76,10000,153,2179,602.2494124,dem_agl,reported,1444.870554,1,74.09439301,5161,0,0,0,0,0,734.2821634,734.2821634,,0,4588890.131,4660445.901,4660445.901,4658923.402,4588890.131,253798.4222,182242.6523,253798.4222,182242.6523,168311.6479,98278.37633,FALSE,FALSE,TRUE
1158947,i017,inland,inland,FALSE,1978,bc78028,77,10000,153,2179,602.2494124,dem_agl,reported,1455.540179,1,73.80149126,5243,0,0,0,0,0,723.6115883,723.6115883,,0,4595257.961,4729530.03,4729530.03,4727566.514,4595257.961,263985.8799,129713.8109,263985.8799,129713.8109,187284.1945,54975.64092,FALSE,FALSE,TRUE
1158948,i017,inland,inland,FALSE,1978,bc78028,78,10000,153,2179,602.2447415,dem_agl,reported,1463.590991,1,71.01038161,5305,0,0,0,0,0,715.7057659,715.7057659,,0,4547841.143,4781994.208,4781994.208,4779686.414,4547841.143,328768.1542,94615.08931,328768.1542,94615.08931,287848.9456,56003.67501,FALSE,FALSE,TRUE
1158949,i017,inland,inland,FALSE,1978,bc78028,79,10000,153,2179,602.2447415,dem_agl,reported,1478.661145,1,54.4061978,5411,0,0,0,0,0,700.6665642,700.6665642,,0,4605528.247,4880978.698,4880978.698,4878066.951,4605528.247,329297.8231,53847.37167,329297.8231,53847.37167,298161.1956,25622.49114,FALSE,FALSE,TRUE
1158950,i017,inland,inland,FALSE,1978,bc78028,80,10000,153,2179,580.0545669,dem_agl,reported,1477.233505,1,49.45332005,5379,0,0,0,0,0,701.7664951,701.7664951,,0,4642084.658,4871558.128,4871558.128,4870891.425,4642084.658,303497.2973,74023.82773,303497.2973,74023.82773,269554.934,40748.16726,FALSE,FALSE,TRUE
1158951,i017,inland,inland,FALSE,1978,bc78028,81,10000,153,2179,579.4561289,dem_agl,reported,1471.991527,1,50.35583136,5362,0,0,0,0,0,707.1384742,707.1384742,,0,4639718.328,4837045.927,4837045.927,4835098.334,4639718.328,267003.0763,69675.47676,267003.0763,69675.47676,231665.4023,36285.3959,FALSE,FALSE,TRUE
1158952,i017,inland,inland,FALSE,1978,bc78028,82,10000,153,2179,579.4561289,dem_agl,reported,1467.723885,1,54.11454535,5330,0,0,0,0,0,711.3979414,711.3979414,,0,4635114.087,4809039.167,4809039.167,4806325.826,4635114.087,256631.1115,82706.03145,256631.1115,82706.03145,210839.7306,39627.99087,FALSE,FALSE,TRUE
959062,i018,inland,inland,FALSE,1987,bcc584,107,10000,305,3962,916.1238071,dem_agl,reported,3619.149799,1,307.4907502,8042,0,0,0,0,0,337.3317371,337.3317371,,0,6978320.113,7358103.493,7358103.493,7378472.324,6978320.113,777557.3846,397774.0048,777557.3846,397774.0048,771694.9582,371542.7473,FALSE,FALSE,TRUE
959063,i018,inland,inland,FALSE,1987,bcc584,108,10000,305,3962,916.1238071,dem_agl,reported,3546.47839,1,351.4952794,7737,0,0,0,0,0,413.0576038,413.0576038,,0,6858977.201,7065573.348,7065573.348,7070902.428,6858977.201,724869.3735,518273.2271,724869.3735,518273.2271,491342.1678,279416.9412,FALSE,FALSE,TRUE
959064,i018,inland,inland,FALSE,1987,bcc584,109,10000,305,3962,916.9364295,dem_agl,reported,3365.486363,1,379.394416,6963,0,0,0,0,0,594.9793148,594.9793148,,0,6164560.838,6362802.511,6362802.511,6362818.909,6164560.838,772374.1835,574132.5108,772374.1835,574132.5108,543123.4714,344865.4006,FALSE,FALSE,TRUE
959065,i018,inland,inland,FALSE,1987,bcc584,110,10000,305,3962,782.0217692,dem_agl,reported,3289.326002,1,388.1399959,6651,0,0,0,0,0,668.994235,668.994235,,0,5613946.808,6078082.767,6078082.767,6072733.133,5613946.808,844510.1347,380374.1757,844510.1347,380374.1757,649211.6258,190425.3008,FALSE,FALSE,TRUE
959066,i018,inland,inland,FALSE,1987,bcc584,111,10000,305,3962,782.0217692,dem_agl,reported,3253.499743,1,390.5536791,6506,0,0,0,0,0,703.8564337,703.8564337,,0,5391041.189,5946402.837,5946402.837,5953437.229,5391041.189,872703.1054,317341.4574,872703.1054,317341.4574,759563.9609,197167.9205,FALSE,FALSE,TRUE
959067,i018,inland,inland,FALSE,1987,bcc584,112,10000,305,3962,779.2850647,dem_agl,reported,3240.343181,1,394.4767477,6451,0,0,0,0,0,718.6594832,718.6594832,,0,5431916.585,5898407.728,5898407.728,5903210.179,5431916.585,783693.8333,317202.6899,783693.8333,317202.6899,691988.2155,220694.6213,FALSE,FALSE,TRUE
959068,i018,inland,inland,FALSE,1987,bcc584,113,10000,305,3962,779.2850647,dem_agl,reported,3209.024718,1,419.023952,6329,0,0,0,0,0,751.7118166,751.7118166,,0,5488827.081,5784940.523,5784940.523,5788364.138,5488827.081,739701.8796,443588.4377,739701.8796,443588.4377,592446.8471,292909.7901,FALSE,FALSE,TRUE
959069,i018,inland,inland,FALSE,1987,bcc584,114,10000,305,3962,781.7093833,dem_agl,reported,3198.681491,1,414.2441856,6289,0,0,0,0,0,762.4589951,762.4589951,,0,5457951.776,5747708.947,5747708.947,5748786.18,5457951.776,745661.9697,455904.7987,745661.9697,455904.7987,552384.6581,261550.2543,FALSE,FALSE,TRUE
959070,i018,inland,inland,FALSE,1987,bcc584,115,10000,305,3962,778.2982162,dem_agl,reported,3192.546316,1,383.2638265,6265,0,0,0,0,0,767.8894214,767.8894214,,0,5299140.895,5725681.507,5725681.507,5728298.447,5299140.895,820566.125,394025.5129,820566.125,394025.5129,671129.1149,241971.5623,FALSE,FALSE,TRUE
959071,i018,inland,inland,FALSE,1987,bcc584,116,10000,305,3962,778.2982162,dem_agl,reported,3196.274345,1,328.7190244,6280,0,0,0,0,0,763.43638,763.43638,,0,5248679.194,5739061.402,5739061.402,5736725.734,5248679.194,825260.5912,334878.3833,825260.5912,334878.3833,711743.1519,223696.6127,FALSE,FALSE,TRUE
948095,i019,inland,inland,FALSE,1987,bcc679,110,15000,305,7010,1291.91475,dem_agl,reported,4821.286361,1,251.6033636,14325,0,0,0,0,0,2188.644611,2188.644611,,0,13314581.12,13058059.04,13058059.04,13057513.39,13314581.12,454342.3698,710864.4522,454342.3698,710864.4522,439387.0429,696454.7777,FALSE,FALSE,TRUE
948096,i019,inland,inland,FALSE,1987,bcc679,111,15000,305,7010,1284.853705,dem_agl,reported,4948.061496,1,352.8060218,15088,0,0,0,0,0,2061.917634,2061.917634,,0,13693187.38,13753807.78,13753807.78,13753667.55,13693187.38,864012.9837,803392.5804,864012.9837,803392.5804,783553.4054,723073.237,FALSE,FALSE,TRUE
948097,i019,inland,inland,FALSE,1987,bcc679,112,15000,305,7010,1284.853705,dem_agl,reported,5049.302272,1,377.8866121,15712,0,0,0,0,0,1960.370115,1960.370115,,0,14623849.32,14322390.6,14322390.6,14322195.69,14623849.32,739246.4242,1040705.145,739246.4242,1040705.145,441286.7765,742940.4083,FALSE,FALSE,TRUE
948098,i019,inland,inland,FALSE,1987,bcc679,113,15000,305,7010,1291.82614,dem_agl,reported,5219.372284,1,397.0644687,16786,0,0,0,0,0,1788.720368,1788.720368,,0,15899719.75,15303449.11,15303449.11,15313925.71,15899719.75,686912.1049,1283182.746,686912.1049,1283182.746,339846.3799,925640.4153,FALSE,FALSE,TRUE
948099,i019,inland,inland,FALSE,1987,bcc679,114,15000,305,7010,1291.82614,dem_agl,reported,5357.554524,1,372.2790344,17690,0,0,0,0,0,1652.448908,1652.448908,,0,15986542.31,16124489.45,16124489.45,16122636.85,15986542.31,1072373.161,934426.022,1072373.161,934426.022,804177.0943,668082.5565,FALSE,FALSE,TRUE
948100,i019,inland,inland,FALSE,1987,bcc679,115,15000,305,7010,1291.858641,dem_agl,reported,5485.362693,1,343.0401303,18541,0,0,0,0,0,1523.811999,1523.811999,,0,16594203.63,16902987.5,16902987.5,16907298.11,16594203.63,1062963.58,754179.7105,1062963.58,754179.7105,902942.28,589847.8062,FALSE,FALSE,TRUE
948101,i019,inland,inland,FALSE,1987,bcc679,116,15000,305,7010,1418.290441,dem_agl,reported,5519.581108,1,377.3515244,18772,0,0,0,0,0,1489.946527,1489.946527,,0,17405582.67,17114531.39,17114531.39,17117498.4,17405582.67,736644.8136,1027696.095,736644.8136,1027696.095,583933.8805,872018.1559,FALSE,FALSE,TRUE
948102,i019,inland,inland,FALSE,1987,bcc679,117,15000,305,7010,1418.302472,dem_agl,reported,5510.054848,1,380.2019244,18714,0,0,0,0,0,1497.254378,1497.254378,,0,17980841.38,17055506.34,17055506.34,17066906.39,17980841.38,608200.8937,1533535.938,608200.8937,1533535.938,371455.6221,1285390.615,FALSE,FALSE,TRUE
948103,i019,inland,inland,FALSE,1987,bcc679,118,15000,305,7010,1418.360253,dem_agl,reported,5475.677748,1,328.3290465,18476,0,0,0,0,0,1528.027586,1528.027586,,0,18775528.08,16843352.44,16843352.44,16876258.98,18775528.08,378132.9792,2310308.62,378132.9792,2310308.62,223927.5826,2123196.674,FALSE,FALSE,TRUE
948104,i019,inland,inland,FALSE,1987,bcc679,119,15000,305,7010,1418.360253,dem_agl,reported,5559.391627,1,337.1819836,19045,0,0,0,0,0,1442.235363,1442.235363,,0,19674512.11,17362302.19,17362302.19,17411875.33,19674512.11,325191.6826,2637401.604,325191.6826,2637401.604,192262.2165,2454898.999,FALSE,FALSE,TRUE
1065014,i020,inland,inland,FALSE,1990,bcb90040,33,15000,305,5791,1071.848306,dem_agl,reported,4634.692803,1,264.3679417,12988,0,0,0,0,0,1156.291809,1156.291809,,0,12269031.67,12066871.29,12066871.29,12065163.38,12269031.67,531204.8468,733365.2248,531204.8468,733365.2248,115668.2923,319536.5785,FALSE,FALSE,TRUE
1065015,i020,inland,inland,FALSE,1990,bcb90040,34,15000,305,5791,1804.044981,dem_agl,reported,4865.411336,1,99.83560014,14310,0,0,0,0,0,925.5597281,925.5597281,,0,13215600.95,13298170.56,13298170.56,13298229.69,13215600.95,342529.1533,259959.5444,342529.1533,259959.5444,287059.0849,204430.3418,FALSE,FALSE,TRUE
1065016,i020,inland,inland,FALSE,1990,bcb90040,35,15000,305,5791,1420.36548,dem_agl,reported,4899.59411,1,98.70342564,14514,0,0,0,0,0,891.3387393,891.3387393,,0,13339261.76,13485684.07,13485684.07,13485783.34,13339261.76,287771.4043,141349.1002,287771.4043,141349.1002,290947.3541,144425.7731,FALSE,FALSE,TRUE
1065017,i020,inland,inland,FALSE,1990,bcb90040,36,15000,305,5791,1420.36548,dem_agl,reported,4868.454754,1,158.5738612,14330,0,0,0,0,0,922.5624942,922.5624942,,0,13222312.28,13314812.34,13314812.34,13314752.07,13222312.28,386250.6004,293750.54,386250.6004,293750.54,324248.6097,231808.8204,FALSE,FALSE,TRUE
1065018,i020,inland,inland,FALSE,1990,bcb90040,37,15000,305,5791,1413.799442,dem_agl,reported,4802.259836,1,182.8539288,13945,0,0,0,0,0,988.754026,988.754026,,0,12972607.56,12955198.83,12955198.83,12954737.7,12972607.56,463101.9873,480510.715,463101.9873,480510.715,231140.0067,249009.8712,FALSE,FALSE,TRUE
1065019,i020,inland,inland,FALSE,1990,bcb90040,38,15000,305,5791,1413.799442,dem_agl,reported,4831.208613,1,164.9987641,14113,0,0,0,0,0,959.8188018,959.8188018,,0,13175382.46,13111861.56,13111861.56,13111070.26,13175382.46,483918.1961,547439.0955,483918.1961,547439.0955,239501.0563,303813.2578,FALSE,FALSE,TRUE
1065020,i020,inland,inland,FALSE,1990,bcb90040,39,15000,305,5791,1420.362776,dem_agl,reported,4898.757036,1,136.4124495,14511,0,0,0,0,0,892.2000156,892.2000156,,0,13360420.51,13481076.52,13481076.52,13481249.72,13360420.51,426077.0169,305421.0027,426077.0169,305421.0027,334654.9205,213825.7133,FALSE,FALSE,TRUE
1065021,i020,inland,inland,FALSE,1990,bcb90040,40,15000,305,5791,1407.739934,dem_agl,reported,4956.854591,1,45.25462988,14859,0,0,0,0,0,834.1174912,834.1174912,,0,13698233.31,13802734.42,13802734.42,13802896.43,13698233.31,189517.1341,85016.0303,189517.1341,85016.0303,167936.1254,63273.00929,FALSE,FALSE,TRUE
1065022,i020,inland,inland,FALSE,1990,bcb90040,41,15000,305,5791,1401.17928,dem_agl,reported,4959.517419,1,21.62621189,14871,0,0,0,0,0,831.4789406,831.4789406,,0,13836343.94,13817568.09,13817568.09,13817596.02,13836343.94,58176.37424,76952.22864,58176.37424,76952.22864,51684.85739,70432.78184,FALSE,FALSE,TRUE
1065023,i020,inland,inland,FALSE,1990,bcb90040,42,15000,305,5791,1401.17928,dem_agl,reported,4963.846328,1,24.2065623,14896,0,0,0,0,0,827.1481974,827.1481974,,0,13884456.45,13841699.91,13841699.91,13841716.92,13884456.45,51481.05975,94237.60098,51481.05975,94237.60098,43717.21116,86456.74957,FALSE,FALSE,TRUE
1575517,i021,inland,inland,FALSE,2006,bcc06085,149,20000,305,8229,1948.295364,dem_agl,reported,6822.505737,1,105.9967647,28480,0,0,0,0,0,1406.496341,1406.496341,,0,26220295.26,26148127.41,26148127.41,26148088.93,26220295.26,470302.8977,542470.7483,470302.8977,542470.7483,247606.4282,319812.7577,FALSE,FALSE,TRUE
1575518,i021,inland,inland,FALSE,2006,bcc06085,150,20000,305,8229,1810.634813,dem_agl,reported,6958.025981,1,127.9101427,29621,0,0,0,0,0,1270.947183,1270.947183,,0,27141395.19,27197242,27197242,27197337.7,27141395.19,652353.7521,596506.9423,652353.7521,596506.9423,331971.6257,276029.1172,FALSE,FALSE,TRUE
1575519,i021,inland,inland,FALSE,2006,bcc06085,151,20000,305,8229,1810.634813,dem_agl,reported,7073.221741,1,121.4479116,30608,0,0,0,0,0,1155.782246,1155.782246,,0,28047178.49,28105241.39,28105241.39,28105050.54,28047178.49,620504.0281,562441.1259,620504.0281,562441.1259,352259.8505,294387.7961,FALSE,FALSE,TRUE
1575520,i021,inland,inland,FALSE,2006,bcc06085,152,20000,305,8229,1941.521446,dem_agl,reported,7176.081592,1,77.08024882,31503,0,0,0,0,0,1052.853668,1052.853668,,0,28711632.2,28928606.19,28928606.19,28929037.68,28711632.2,411564.2071,194590.2179,411564.2071,194590.2179,332109.1325,114703.6535,FALSE,FALSE,TRUE
1575521,i021,inland,inland,FALSE,2006,bcc06085,153,20000,305,8229,1941.521446,dem_agl,reported,7196.63803,1,69.72184466,31666,0,0,0,0,0,1032.118727,1032.118727,,0,28711578.99,29094580.01,29094580.01,29096592.02,28711578.99,480533.4495,97532.43508,480533.4495,97532.43508,487250.0646,102237.0422,FALSE,FALSE,TRUE
1575522,i021,inland,inland,FALSE,2006,bcc06085,154,20000,305,8229,1817.574578,dem_agl,reported,7113.034422,1,159.8346407,30957,0,0,0,0,0,1115.644358,1115.644358,,0,28038861.75,28422520.88,28422520.88,28424946.09,28038861.75,811298.8658,427639.741,811298.8658,427639.741,592125.1723,206040.838,FALSE,FALSE,TRUE
1575523,i021,inland,inland,FALSE,2006,bcc06085,155,20000,305,8229,1817.574578,dem_agl,reported,7001.372031,1,187.1789204,29993,0,0,0,0,0,1227.608402,1227.608402,,0,27467412.49,27537155.94,27537155.94,27536622.32,27467412.49,806635.4772,736892.0216,806635.4772,736892.0216,348976.3321,279766.5013,FALSE,FALSE,TRUE
1575524,i021,inland,inland,FALSE,2006,bcc06085,156,20000,305,8229,1948.436835,dem_agl,reported,6928.249059,1,169.5277199,29363,0,0,0,0,0,1300.603487,1300.603487,,0,27345737.41,26964958.5,26964958.5,26965268.05,27345737.41,652406.751,1033185.657,652406.751,1033185.657,278573.1507,659042.5077,FALSE,FALSE,TRUE
1575525,i021,inland,inland,FALSE,2006,bcc06085,157,20000,305,8229,1941.456339,dem_agl,reported,6969.411226,1,171.2241428,29722,0,0,0,0,0,1259.587861,1259.587861,,0,27351727.74,27286319.15,27286319.15,27285716.86,27351727.74,761886.9792,827295.5666,761886.9792,827295.5666,321284.0272,387294.9118,FALSE,FALSE,TRUE
1575526,i021,inland,inland,FALSE,2006,bcc06085,158,20000,305,8229,1941.456339,dem_agl,reported,7074.785909,1,152.2462798,30629,0,0,0,0,0,1154.098344,1154.098344,,0,27826868.77,28117673.12,28117673.12,28118826.15,27826868.77,823826.4032,533022.057,823826.4032,533022.057,579572.7305,287615.3518,FALSE,FALSE,TRUE
1558198,i022,inland,inland,FALSE,2005,bcc05125,1,30000,153,5388,2762.097123,dem_agl,reported,4631.38906,1,20.63733112,50827,0,0,0,0,0,756.6109397,756.6109397,,0,47947555.45,47884187.36,47884187.36,47884122.53,47947555.45,181458.4577,244826.5489,181458.4577,244826.5489,109797.6904,173230.6091,FALSE,FALSE,TRUE
1558199,i022,inland,inland,FALSE,2005,bcc05125,2,30000,153,5411,2737.532057,dem_agl,reported,4663.830378,1,17.86391651,51543,0,0,0,0,0,747.1686925,747.1686925,,0,48697469.98,48557361.97,48557361.97,48557405.97,48697469.98,140145.2626,280253.2717,140145.2626,280253.2717,90324.59132,230388.5946,FALSE,FALSE,TRUE
1558200,i022,inland,inland,FALSE,2005,bcc05125,3,30000,153,5394,2737.532057,dem_agl,reported,4663.634153,1,22.6962436,51538,0,0,0,0,0,730.3656624,730.3656624,,0,48581157.44,48553276.08,48553276.08,48553272.4,48581157.44,245573.7338,273455.0967,245573.7338,273455.0967,159248.6239,187133.6605,FALSE,FALSE,TRUE
1558201,i022,inland,inland,FALSE,2005,bcc05125,4,30000,153,5391,2768.164248,dem_agl,reported,4683.801131,1,19.53764493,51985,0,0,0,0,0,707.1973051,707.1973051,,0,48857177.03,48974102.37,48974102.37,48974140.64,48857177.03,232277.8923,115352.5512,232277.8923,115352.5512,150528.504,33564.88615,FALSE,FALSE,TRUE
1558202,i022,inland,inland,FALSE,2005,bcc05125,5,30000,153,5380,2755.874843,dem_agl,reported,4689.749527,1,16.88436961,52112,0,0,0,0,0,690.2512938,690.2512938,,0,49042298.44,49098574.93,49098574.93,49098522.89,49042298.44,258834.3798,202557.8856,258834.3798,202557.8856,197228.9541,141004.503,FALSE,FALSE,TRUE
1557327,i022,inland,inland,FALSE,2005,bcc05125,6,30000,153,5358,2744.039883,dem_agl,reported,4695.850768,1,38.54739321,52253,0,0,0,0,0,662.1445794,662.1445794,,0,49483235.25,49226409.93,49226409.93,49226499.36,49483235.25,336525.5973,593350.9135,336525.5973,593350.9135,200244.9865,456980.8718,FALSE,FALSE,TRUE
1557328,i022,inland,inland,FALSE,2005,bcc05125,7,30000,153,5368,2744.039883,dem_agl,reported,4729.622289,1,41.7953124,53008,0,0,0,0,0,638.3664753,638.3664753,,0,49503927.88,49937006.94,49937006.94,49936930.77,49503927.88,612150.508,179071.4489,612150.508,179071.4489,570523.0946,137520.1973,FALSE,FALSE,TRUE
1557329,i022,inland,inland,FALSE,2005,bcc05125,8,30000,153,5293,2804.910206,dem_agl,reported,4649.584701,1,44.99279357,51214,0,0,0,0,0,643.4152985,643.4152985,,0,47981286.42,48261177.94,48261177.94,48260963.61,47981286.42,503172.9103,223281.3895,503172.9103,223281.3895,463889.9169,184212.7259,FALSE,FALSE,TRUE
1557330,i022,inland,inland,FALSE,2005,bcc05125,9,30000,153,5308,2780.726831,dem_agl,reported,4624.072089,1,20.33818287,50666,0,0,0,0,0,683.9274362,683.9274362,,0,47829664.71,47733005.74,47733005.74,47733024.23,47829664.71,256925.5006,353584.4754,256925.5006,353584.4754,153306.2575,249946.7412,FALSE,FALSE,TRUE
1557331,i022,inland,inland,FALSE,2005,bcc05125,10,30000,153,5315,2780.726831,dem_agl,reported,4615.366524,1,12.90497333,50478,0,0,0,0,0,699.6335279,699.6335279,,0,47677375.38,47553444.68,47553444.68,47553368.94,47677375.38,81798.08949,205728.7856,81798.08949,205728.7856,45290.14382,169296.5812,FALSE,FALSE,TRUE
1576923,i023,inland,inland,FALSE,2006,bcc06096,51,20000,305,7772,1967.665613,dem_agl,reported,6601.911453,1,40.93234228,26655,0,0,0,0,0,1170.09028,1170.09028,,0,24477630.13,24484552.09,24484552.09,24484459.79,24477630.13,153572.3147,146650.3538,153572.3147,146650.3538,83479.61108,76649.94781,FALSE,FALSE,TRUE
1576924,i023,inland,inland,FALSE,2006,bcc06096,52,20000,305,7772,1830.084005,dem_agl,reported,6548.340005,1,46.40904857,26237,0,0,0,0,0,1223.656625,1223.656625,,0,24185188.91,24088802.74,24088802.74,24088977.26,24185188.91,121228.0883,217614.26,121228.0883,217614.26,40673.84287,136885.4944,FALSE,FALSE,TRUE
1576925,i023,inland,inland,FALSE,2006,bcc06096,53,20000,305,7772,1830.084005,dem_agl,reported,6504.23924,1,47.86980577,25881,0,0,0,0,0,1267.749251,1267.749251,,0,23911659.44,23765436.08,23765436.08,23765501.12,23911659.44,135702.8905,281926.2465,135702.8905,281926.2465,75678.78238,221837.1033,FALSE,FALSE,TRUE
1576926,i023,inland,inland,FALSE,2006,bcc06096,54,20000,305,7772,1981.369056,dem_agl,reported,6450.201096,1,58.93472034,25452,0,0,0,0,0,1321.800627,1321.800627,,0,23496764.15,23372183.25,23372183.25,23371899.67,23496764.15,185363.1313,309944.0248,185363.1313,309944.0248,80978.23331,205842.7106,FALSE,FALSE,TRUE
1576927,i023,inland,inland,FALSE,2006,bcc06096,55,20000,305,7772,1699.873485,dem_agl,reported,6397.55242,1,63.38124482,25036,0,0,0,0,0,1374.426419,1374.426419,,0,23252820.9,22992197.41,22992197.41,22992260.72,23252820.9,117804.6355,378428.1277,117804.6355,378428.1277,44827.21861,305387.3946,FALSE,FALSE,TRUE
1576928,i023,inland,inland,FALSE,2006,bcc06096,56,20000,305,7772,1699.873485,dem_agl,reported,6342.359067,1,75.35493461,24605,0,0,0,0,0,1429.643628,1429.643628,,0,22690078.07,22597189.34,22597189.34,22596715.59,22690078.07,293761.542,386650.2672,293761.542,386650.2672,174473.9404,267836.415,FALSE,FALSE,TRUE
1576929,i023,inland,inland,FALSE,2006,bcc06096,57,20000,305,7772,1830.055524,dem_agl,reported,6267.247546,1,112.8044167,24026,0,0,0,0,0,1504.681631,1504.681631,,0,22407404.43,22065129.03,22065129.03,22065101.71,22407404.43,208302.1594,550577.5545,208302.1594,550577.5545,88465.57944,430768.2943,FALSE,FALSE,TRUE
1576930,i023,inland,inland,FALSE,2006,bcc06096,58,20000,305,7772,1685.968889,dem_agl,reported,6217.222735,1,113.7183048,23645,0,0,0,0,0,1554.744213,1554.744213,,0,22064391.1,21714289.64,21714289.64,21714554.7,22064391.1,250371.2875,600472.7548,250371.2875,600472.7548,117060.6721,466897.0776,FALSE,FALSE,TRUE
1576931,i023,inland,inland,FALSE,2006,bcc06096,59,20000,305,7772,1685.968889,dem_agl,reported,6190.62295,1,118.4880814,23446,0,0,0,0,0,1581.383617,1581.383617,,0,21374699.08,21528882.14,21528882.14,21528532.86,21374699.08,516490.833,362307.7685,516490.833,362307.7685,376764.0738,222930.2876,FALSE,FALSE,TRUE
1576932,i023,inland,inland,FALSE,2006,bcc06096,60,20000,305,7772,1830.132514,dem_agl,reported,6133.388866,1,118.6837689,23015,0,0,0,0,0,1638.614664,1638.614664,,0,21213246.18,21132640.95,21132640.95,21132155.58,21213246.18,328605.2617,409210.4859,328605.2617,409210.4859,294665.76,375756.3541,FALSE,FALSE,TRUE
724659,i024,inland,inland,FALSE,1980,bc80138,17,40000,153,7925,3084.108775,dem_agl,reported,6226.518308,1,251.2857822,95605,0,0,0,0,0,1698.414467,1698.414467,,0,90693073.54,86548616.36,86548616.36,86544416.39,90693073.54,2938891.277,7083348.456,2938891.277,7083348.456,1891308.339,6039965.491,FALSE,FALSE,TRUE
724660,i024,inland,inland,FALSE,1980,bc80138,18,40000,153,7925,3084.088948,dem_agl,reported,6108.53133,1,211.324047,92016,0,0,0,0,0,1816.479452,1816.479452,,0,85948073.53,83299654.82,83299654.82,83296556.88,85948073.53,1494703.701,4143122.407,1494703.701,4143122.407,1494479.664,4145996.315,FALSE,FALSE,TRUE
724661,i024,inland,inland,FALSE,1980,bc80138,19,40000,153,7925,3084.063868,dem_agl,reported,6071.374151,1,222.162626,90902,0,0,0,0,0,1853.643043,1853.643043,,0,83920221.9,82289341.14,82289341.14,82281657.13,83920221.9,1869053.253,3499934.017,1869053.253,3499934.017,1608735.477,3247300.25,FALSE,FALSE,TRUE
724662,i024,inland,inland,FALSE,1980,bc80138,20,40000,153,7925,2954.588683,dem_agl,reported,5972.906731,1,253.2659441,87977,0,0,0,0,0,1952.194698,1952.194698,,0,82315521.61,79641798.11,79641798.11,79633465.28,82315521.61,2481961.327,5155684.823,2481961.327,5155684.823,2439037.7,5121094.023,FALSE,FALSE,TRUE
724663,i024,inland,inland,FALSE,1980,bc80138,21,40000,153,7925,2954.588683,dem_agl,reported,5922.513484,1,287.1089391,86499,0,0,0,0,0,2002.528641,2002.528641,,0,79885745.24,78303595.97,78303595.97,78296351.27,79885745.24,2852147.085,4434296.357,2852147.085,4434296.357,2454094.605,4043488.579,FALSE,FALSE,TRUE
724664,i024,inland,inland,FALSE,1980,bc80138,22,40000,153,7925,2947.46296,dem_agl,reported,5786.719723,1,297.7777046,82579,0,0,0,0,0,2138.53121,2138.53121,,0,77119326.95,74754008.67,74754008.67,74746961.6,77119326.95,2075502.896,4440821.178,2075502.896,4440821.178,2208484.463,4580849.816,FALSE,FALSE,TRUE
724665,i024,inland,inland,FALSE,1980,bc80138,23,40000,153,7925,2947.46296,dem_agl,reported,5831.732336,1,316.3160202,83868,0,0,0,0,0,2093.848849,2093.848849,,0,79738384.96,75921495.75,75921495.75,75903073.78,79738384.96,1229625.161,5046514.377,1229625.161,5046514.377,1330975.956,5166287.144,FALSE,FALSE,TRUE
724666,i024,inland,inland,FALSE,1980,bc80138,24,40000,153,7925,2954.742941,dem_agl,reported,5873.039834,1,291.3690694,85060,0,0,0,0,0,2051.973765,2051.973765,,0,77552424.17,77000843.65,77000843.65,76981936.82,77552424.17,2988806.665,3540387.187,2988806.665,3540387.187,2600832.553,3171319.908,FALSE,FALSE,TRUE
724667,i024,inland,inland,FALSE,1980,bc80138,25,40000,153,7925,2918.584304,dem_agl,reported,6049.68811,1,268.2540978,90254,0,0,0,0,0,1875.35496,1875.35496,,0,83053326.23,81702540.53,81702540.53,81700702.31,83053326.23,2399571.219,3750356.912,2399571.219,3750356.912,1776390.154,3129014.074,FALSE,FALSE,TRUE
724668,i024,inland,inland,FALSE,1980,bc80138,26,40000,153,7925,2911.335721,dem_agl,reported,6249.672639,1,339.870746,96324,0,0,0,0,0,1675.244227,1675.244227,,0,90334789.42,87193503.7,87193503.7,87188234.34,90334789.42,3247722.428,6389008.153,3247722.428,6389008.153,1475746.609,4622301.692,FALSE,FALSE,TRUE
394508,i025,inland,inland,FALSE,1999,bcb99034,77,15000,305,6553,1632.702906,dem_agl,reported,5728.711417,1,196.1444346,20479,0,0,0,0,0,823.5659456,823.5659456,,0,18036945.44,18435998.49,18435998.49,18438692.25,18036945.44,791733.717,392680.6626,791733.717,392680.6626,641362.1708,239615.3588,FALSE,FALSE,TRUE
394509,i025,inland,inland,FALSE,1999,bcb99034,78,15000,305,6553,1391.222904,dem_agl,reported,5735.655185,1,223.9901885,20529,0,0,0,0,0,815.832833,815.832833,,0,17956112.29,18480718.1,18480718.1,18488927.44,17956112.29,938899.5921,414293.7807,938899.5921,414293.7807,875734.4533,342919.311,FALSE,FALSE,TRUE
394510,i025,inland,inland,FALSE,1999,bcb99034,79,15000,305,6553,1391.222904,dem_agl,reported,5712.381574,1,256.6414603,20362,0,0,0,0,0,839.7673478,839.7673478,,0,17952141.95,18331043.7,18331043.7,18335163,17952141.95,946626.6535,567724.9029,946626.6535,567724.9029,881694.8083,498673.7598,FALSE,FALSE,TRUE
394511,i025,inland,inland,FALSE,1999,bcb99034,80,15000,305,6553,1391.102259,dem_agl,reported,5669.145199,1,270.5853435,20056,0,0,0,0,0,883.5590251,883.5590251,,0,17766674.08,18054602.62,18054602.62,18056453.15,17766674.08,894523.6586,606595.1211,894523.6586,606595.1211,651081.9251,361302.857,FALSE,FALSE,TRUE
394512,i025,inland,inland,FALSE,1999,bcb99034,81,15000,305,6553,1391.102259,dem_agl,reported,5655.528151,1,277.1037566,19961,0,0,0,0,0,897.3288464,897.3288464,,0,17746520.04,17967974,17967974,17968321.34,17746520.04,935734.846,714280.887,935734.846,714280.887,647931.8493,426130.5515,FALSE,FALSE,TRUE
394513,i025,inland,inland,FALSE,1999,bcb99034,82,15000,305,6553,1596.215659,dem_agl,reported,5705.175569,1,264.1990822,20310,0,0,0,0,0,847.8077403,847.8077403,,0,18313235.85,18284824.7,18284824.7,18284467.7,18313235.85,624567.2533,652978.4083,624567.2533,652978.4083,566605.3742,595373.5281,FALSE,FALSE,TRUE
394514,i025,inland,inland,FALSE,1999,bcb99034,83,15000,305,6553,1661.995146,dem_agl,reported,5794.474751,1,203.7839404,20952,0,0,0,0,0,757.3803386,757.3803386,,0,18340567.32,18861703.91,18861703.91,18869198.41,18340567.32,746753.5033,225616.9079,746753.5033,225616.9079,778004.0657,249372.971,FALSE,FALSE,TRUE
394515,i025,inland,inland,FALSE,1999,bcb99034,84,15000,305,6553,1449.795361,dem_agl,reported,5833.365214,1,146.2896388,21234,0,0,0,0,0,717.8304313,717.8304313,,0,18489493.9,19115739.71,19115739.71,19126323.07,18489493.9,798512.7789,172266.9674,798512.7789,172266.9674,772978.7431,136149.5724,FALSE,FALSE,TRUE
394516,i025,inland,inland,FALSE,1999,bcb99034,85,15000,305,6553,1449.795361,dem_agl,reported,5788.284296,1,172.0885129,20907,0,0,0,0,0,764.2185382,764.2185382,,0,18494520.92,18821424.1,18821424.1,18824674.01,18494520.92,691872.3435,364969.1625,691872.3435,364969.1625,632844.3166,302691.2311,FALSE,FALSE,TRUE
394517,i025,inland,inland,FALSE,1999,bcb99034,86,15000,305,6553,1354.623525,dem_agl,reported,5703.720803,1,181.1684382,20302,0,0,0,0,0,849.2433999,849.2433999,,0,18400226.53,18275500.97,18275500.97,18275387.46,18400226.53,522403.7979,647129.3503,522403.7979,647129.3503,277689.6822,402528.746,FALSE,FALSE,TRUE
399770,i026,inland,inland,FALSE,1997,bcb97044,60,15000,305,6470,1169.59271,dem_agl,reported,4482.762966,1,191.6954145,12357,0,0,0,0,0,1987.375961,1987.375961,,0,10929762.87,11288710.2,11288710.2,11287865.41,10929762.87,623893.2752,264945.9482,623893.2752,264945.9482,546904.1834,188801.6506,FALSE,FALSE,TRUE
399771,i026,inland,inland,FALSE,1997,bcb97044,61,15000,305,6467,1170.091597,dem_agl,reported,4461.860864,1,215.5422927,12239,0,0,0,0,0,2005.449668,2005.449668,,0,10610176.98,11183682.27,11183682.27,11180927.3,10610176.98,788258.9615,214753.6739,788258.9615,214753.6739,679418.0782,108667.7618,FALSE,FALSE,TRUE
399772,i026,inland,inland,FALSE,1997,bcb97044,62,15000,305,6468,1170.067208,dem_agl,reported,4313.217019,1,252.2640848,11436,0,0,0,0,0,2154.752228,2154.752228,,0,10561310.87,10450940.95,10450940.95,10450530.76,10561310.87,438753.5067,549123.4286,438753.5067,549123.4286,373321.6871,484101.7972,FALSE,FALSE,TRUE
399773,i026,inland,inland,FALSE,1997,bcb97044,63,15000,305,6468,1170.067208,dem_agl,reported,4157.039877,1,173.3857507,10622,0,0,0,0,0,2311.351205,2311.351205,,0,10084977.47,9707807.47,9707807.47,9705275.721,10084977.47,203684.9079,580854.9091,203684.9079,580854.9091,160722.9715,540424.7215,FALSE,FALSE,TRUE
399774,i026,inland,inland,FALSE,1997,bcb97044,64,15000,305,6465,1197.935147,dem_agl,reported,4102.065684,1,164.7632118,10348,0,0,0,0,0,2362.94855,2362.94855,,0,9518636.494,9452746.118,9452746.118,9451809.341,9518636.494,293780.1345,359670.511,293780.1345,359670.511,232771.1818,299598.335,FALSE,FALSE,TRUE
399775,i026,inland,inland,FALSE,1997,bcb97044,65,15000,305,6459,1205.117439,dem_agl,reported,4080.27346,1,146.9527395,10237,0,0,0,0,0,2378.999809,2378.999809,,0,9659510.36,9352577.474,9352577.474,9351109.064,9659510.36,167552.3111,474485.1973,167552.3111,474485.1973,133564.7309,441966.0268,FALSE,FALSE,TRUE
399718,i026,inland,inland,FALSE,1997,bcb97044,66,15000,305,6487,1548.958542,dem_agl,reported,4515.95609,1,223.1253045,12543,0,0,0,0,0,1971.021919,1971.021919,,0,11537874.39,11456506.2,11456506.2,11453410.61,11537874.39,670010.4973,751378.6933,670010.4973,751378.6933,445562.3187,530026.1079,FALSE,FALSE,TRUE
399719,i026,inland,inland,FALSE,1997,bcb97044,67,15000,305,6492,1233.290916,dem_agl,reported,4827.873366,1,283.000065,14335,0,0,0,0,0,1663.647869,1663.647869,,0,12687344.23,13093764.14,13093764.14,13095564.13,12687344.23,975634.1697,569214.261,975634.1697,569214.261,678748.3955,270528.4988,FALSE,FALSE,TRUE
399720,i026,inland,inland,FALSE,1997,bcb97044,68,15000,305,6493,1233.290916,dem_agl,reported,4964.52902,1,202.6843201,15159,0,0,0,0,0,1526.350711,1526.350711,,0,13046256.63,13845507.55,13845507.55,13856730.76,13046256.63,982083.3291,182832.4046,982083.3291,182832.4046,952356.7098,141882.5793,FALSE,FALSE,TRUE
399721,i026,inland,inland,FALSE,1997,bcb97044,69,15000,305,6493,1254.314944,dem_agl,reported,4909.877477,1,250.6920321,14827,0,0,0,0,0,1582.595206,1582.595206,,0,13152636.31,13542351.53,13542351.53,13545313.19,13152636.31,860486.5633,470771.3462,860486.5633,470771.3462,697913.4676,305236.5906,FALSE,FALSE,TRUE
649846,i027,inland,inland,FALSE,2003,bcc03010,114,15000,305,5606,1328.597188,dem_agl,reported,4561.152184,1,63.10001705,12673,0,0,0,0,0,1044.837412,1044.837412,,0,11726818.53,11686969.19,11686969.19,11687005.84,11726818.53,139392.2267,179241.5679,139392.2267,179241.5679,132920.7929,172733.4859,FALSE,FALSE,TRUE
649847,i027,inland,inland,FALSE,2003,bcc03010,115,15000,305,5609,1335.370332,dem_agl,reported,4612.795358,1,60.22413093,12965,0,0,0,0,0,996.2013707,996.2013707,,0,12043586.19,11953116.42,11953116.42,11953162.26,12043586.19,118733.1335,209202.8971,118733.1335,209202.8971,72532.82284,162956.7474,FALSE,FALSE,TRUE
649848,i027,inland,inland,FALSE,2003,bcc03010,116,15000,305,5621,1348.940886,dem_agl,reported,4683.431303,1,56.77286237,13363,0,0,0,0,0,937.573464,937.573464,,0,12334042.52,12321996.53,12321996.53,12321911.81,12334042.52,159961.5798,172007.5728,159961.5798,172007.5728,108182.6234,120313.3354,FALSE,FALSE,TRUE
649849,i027,inland,inland,FALSE,2003,bcc03010,117,15000,305,5638,1382.882568,dem_agl,reported,4774.834003,1,85.36101075,13890,0,0,0,0,0,863.155083,863.155083,,0,12895458.67,12807646.41,12807646.41,12807671.33,12895458.67,230929.799,318742.0496,230929.799,318742.0496,99425.27137,187212.6093,FALSE,FALSE,TRUE
649850,i027,inland,inland,FALSE,2003,bcc03010,118,15000,305,5639,1389.736422,dem_agl,reported,4858.334767,1,92.45771531,14373,0,0,0,0,0,780.6036512,780.6036512,,0,13108212.74,13259515.25,13259515.25,13259779.14,13108212.74,280385.3865,129082.8785,280385.3865,129082.8785,245360.025,93793.63051,FALSE,FALSE,TRUE
649851,i027,inland,inland,FALSE,2003,bcc03010,119,15000,305,5623,1389.736422,dem_agl,reported,4863.455923,1,67.69529843,14410,0,0,0,0,0,759.452451,759.452451,,0,13094485.35,13287483.61,13287483.61,13287826.26,13094485.35,288823.8879,95825.62095,288823.8879,95825.62095,258520.1876,65179.27948,FALSE,FALSE,TRUE
649852,i027,inland,inland,FALSE,2003,bcc03010,120,15000,305,5602,1362.51468,dem_agl,reported,4767.248298,1,100.2653167,13843,0,0,0,0,0,834.7517016,834.7517016,,0,12788549.82,12766984.12,12766984.12,12766886.07,12788549.82,304518.2805,326083.9775,304518.2805,326083.9775,169262.118,190925.8684,FALSE,FALSE,TRUE
649853,i027,inland,inland,FALSE,2003,bcc03010,121,15000,305,5576,1348.945702,dem_agl,reported,4659.94326,1,79.65952736,13230,0,0,0,0,0,916.0444853,916.0444853,,0,12339225.49,12198713.48,12198713.48,12198683.63,12339225.49,134364.3521,274876.3618,134364.3521,274876.3618,39969.14063,180511.0035,FALSE,FALSE,TRUE
649854,i027,inland,inland,FALSE,2003,bcc03010,122,15000,305,5575,1348.945702,dem_agl,reported,4600.595077,1,53.22213449,12894,0,0,0,0,0,974.4046874,974.4046874,,0,12010831.2,11889970.97,11889970.97,11889901.56,12010831.2,82356.0684,203216.2942,82356.0684,203216.2942,64506.67576,185436.3067,FALSE,FALSE,TRUE
649855,i027,inland,inland,FALSE,2003,bcc03010,123,15000,305,5600,1355.715033,dem_agl,reported,4610.374451,1,33.10716079,12948,0,0,0,0,0,989.6255493,989.6255493,,0,12013745.27,11940573.14,11940573.14,11940574.21,12013745.27,60549.62914,133721.7628,60549.62914,133721.7628,35764.98952,108936.0507,FALSE,FALSE,TRUE
866797,i028,inland,inland,FALSE,1985,bc85038,179,15000,305,6553,1430.008027,dem_agl,reported,5135.101616,1,351.8345682,16065,0,0,0,0,0,1418.098039,1418.098039,,0,15043264.99,14813267.23,14813267.23,14808819.97,15043264.99,1074557.401,1304555.158,1074557.401,1304555.158,533732.2736,768177.2894,FALSE,FALSE,TRUE
866798,i028,inland,inland,FALSE,1985,bc85038,180,15000,305,6553,1264.255619,dem_agl,reported,4831.419462,1,244.1184748,14229,0,0,0,0,0,1721.382131,1721.382131,,0,12829599.38,13113006.07,13113006.07,13112737.19,12829599.38,618753.1872,335346.5018,618753.1872,335346.5018,593764.0612,310626.2586,FALSE,FALSE,TRUE
866799,i028,inland,inland,FALSE,1985,bc85038,181,15000,305,6553,1257.465457,dem_agl,reported,4764.317829,1,223.105512,13838,0,0,0,0,0,1788.409621,1788.409621,,0,12374508.34,12751292.99,12751292.99,12752268.49,12374508.34,746239.2339,369454.5811,746239.2339,369454.5811,599136.124,221375.9735,FALSE,FALSE,TRUE
866800,i028,inland,inland,FALSE,1985,bc85038,182,15000,305,6553,1257.465457,dem_agl,reported,4574.440536,1,340.1131957,12758,0,0,0,0,0,1978.559464,1978.559464,,0,11386015.32,11755165.46,11755165.46,11751293.99,11386015.32,879419.3795,510269.2358,879419.3795,510269.2358,711672.7516,346394.0736,FALSE,FALSE,TRUE
866801,i028,inland,inland,FALSE,1985,bc85038,183,15000,305,6553,1257.47637,dem_agl,reported,4320.483301,1,372.021873,11382,0,0,0,0,0,2232.71647,2232.71647,,0,10861034.39,10486183.07,10486183.07,10481388.43,10861034.39,786146.1146,1160997.435,786146.1146,1160997.435,390619.6316,770265.5898,FALSE,FALSE,TRUE
866802,i028,inland,inland,FALSE,1985,bc85038,184,15000,305,6553,1257.47637,dem_agl,reported,3985.970781,1,299.0308254,9685,0,0,0,0,0,2567.040984,2567.040984,,0,9044436.036,8925262.438,8925262.438,8924349.585,9044436.036,688535.094,807708.6912,688535.094,807708.6912,365340.4198,485426.8706,FALSE,FALSE,TRUE
866803,i028,inland,inland,FALSE,1985,bc85038,185,15000,305,6553,1257.524872,dem_agl,reported,3879.324805,1,186.4694164,9174,0,0,0,0,0,2675.626449,2675.626449,,0,9037962.703,8454054.832,8454054.832,8441857.053,9037962.703,292815.7904,876723.6609,292815.7904,876723.6609,190228.7791,786334.429,FALSE,FALSE,TRUE
866804,i028,inland,inland,FALSE,1985,bc85038,186,15000,305,6553,1257.524872,dem_agl,reported,4074.477935,1,315.7090082,10118,0,0,0,0,0,2478.555644,2478.555644,,0,9578654.449,9326027.975,9326027.975,9325120.854,9578654.449,704539.4921,957165.9665,704539.4921,957165.9665,298400.8921,551934.4874,FALSE,FALSE,TRUE
866805,i028,inland,inland,FALSE,1985,bc85038,187,15000,305,6553,1408.215187,dem_agl,reported,4482.841612,1,350.503275,12253,0,0,0,0,0,2070.901223,2070.901223,,0,10619895.26,11289106.3,11289106.3,11284970.56,10619895.26,1116458.68,447247.6367,1116458.68,447247.6367,789088.1037,124012.7998,FALSE,FALSE,TRUE
866806,i028,inland,inland,FALSE,1985,bc85038,188,15000,305,6553,1401.315096,dem_agl,reported,4770.789536,1,247.7057455,13879,0,0,0,0,0,1780.369861,1780.369861,,0,11847872.38,12785958.47,12785958.47,12793393.27,11847872.38,1165125.589,227039.4982,1165125.589,227039.4982,1073862.686,128341.7934,FALSE,FALSE,TRUE
744006,i029,inland,inland,FALSE,1980,bc80111,227,20000,153,4572,1334.290892,dem_agl,reported,3285.200639,1,86.36333139,26498,0,0,0,0,0,1286.806493,1286.806493,,0,23793587.72,24093139.09,24093139.09,24093288.88,23793587.72,880840.9309,581289.5601,880840.9309,581289.5601,680968.5562,381267.3975,FALSE,FALSE,TRUE
744007,i029,inland,inland,FALSE,1980,bc80111,228,20000,153,4572,1357.926766,dem_agl,reported,3245.618562,1,94.24423196,25865,0,0,0,0,0,1326.441789,1326.441789,,0,23325503.01,23516059.34,23516059.34,23515079.21,23325503.01,823504.8061,632948.476,823504.8061,632948.476,658941.388,469365.1858,FALSE,FALSE,TRUE
744008,i029,inland,inland,FALSE,1980,bc80111,229,20000,153,4572,1357.926766,dem_agl,reported,3190.804156,1,89.44380851,25000,0,0,0,0,0,1381.25839,1381.25839,,0,22963087.74,22728453.62,22728453.62,22726318.15,22963087.74,478237.0208,712871.1368,478237.0208,712871.1368,349268.4022,586037.9872,FALSE,FALSE,TRUE
744009,i029,inland,inland,FALSE,1980,bc80111,230,20000,153,4572,1365.031275,dem_agl,reported,3141.385534,1,66.77121213,24218,0,0,0,0,0,1430.573073,1430.573073,,0,22571906.98,22029876.85,22029876.85,22030412.85,22571906.98,165835.9869,707866.1151,165835.9869,707866.1151,120705.6742,662199.8035,FALSE,FALSE,TRUE
744010,i029,inland,inland,FALSE,1980,bc80111,231,20000,153,4572,1599.980714,dem_agl,reported,3129.89317,1,51.0011025,24050,0,0,0,0,0,1442.060196,1442.060196,,0,22494676.81,21868984.63,21868984.63,21869661.15,22494676.81,108649.98,734342.1574,108649.98,734342.1574,91137.0143,716152.6651,FALSE,FALSE,TRUE
744011,i029,inland,inland,FALSE,1980,bc80111,232,20000,153,4572,1600.009808,dem_agl,reported,3188.08715,1,87.01872843,24951,0,0,0,0,0,1383.845691,1383.845691,,0,23210109.02,22689763.03,22689763.03,22690554.95,23210109.02,349499.4297,869845.4145,349499.4297,869845.4145,132664.1098,652218.1747,FALSE,FALSE,TRUE
744012,i029,inland,inland,FALSE,1980,bc80111,233,20000,153,4572,1599.969851,dem_agl,reported,3263.317177,1,87.96542027,26145,0,0,0,0,0,1308.683343,1308.683343,,0,23883519.6,23773228.49,23773228.49,23772563.47,23883519.6,581314.1727,691605.2822,581314.1727,691605.2822,225578.6653,336534.7976,FALSE,FALSE,TRUE
744013,i029,inland,inland,FALSE,1980,bc80111,234,20000,153,4572,1599.969851,dem_agl,reported,3338.238961,1,52.68959,27361,0,0,0,0,0,1233.7237,1233.7237,,0,24577596.27,24877368.17,24877368.17,24877958.94,24577596.27,547858.9175,248087.025,547858.9175,248087.025,360515.3175,60152.6525,FALSE,FALSE,TRUE
744014,i029,inland,inland,FALSE,1980,bc80111,235,20000,153,4572,1599.984701,dem_agl,reported,3366.724248,1,32.35018719,27827,0,0,0,0,0,1205.227596,1205.227596,,0,25021194.19,25303738.12,25303738.12,25304464.96,25021194.19,396434.5408,113890.608,396434.5408,113890.608,340067.8009,56797.0294,FALSE,FALSE,TRUE
744015,i029,inland,inland,FALSE,1980,bc80111,236,20000,153,4572,1692.34607,dem_agl,reported,3389.886993,1,35.31673806,28210,0,0,0,0,0,1182.075809,1182.075809,,0,25399230.34,25653110.48,25653110.48,25652624.99,25399230.34,435704.4159,181824.2717,435704.4159,181824.2717,364092.9477,110698.2896,FALSE,FALSE,TRUE
1194324,i030,inland,inland,FALSE,1977,bc77010,100,10000,153,1707,791.1455929,dem_agl,reported,1543.33228,1,45.16032067,5697,0,0,0,0,0,163.6677203,163.6677203,,0,5175306.961,5317267.02,5317267.02,5317067.518,5175306.961,217429.6359,75469.5766,217429.6359,75469.5766,204300.2905,62539.73342,FALSE,FALSE,TRUE
1194325,i030,inland,inland,FALSE,1977,bc77010,101,10000,153,1707,791.1455929,dem_agl,reported,1546.744113,1,39.43359339,5723,0,0,0,0,0,160.2489143,160.2489143,,0,5199168.652,5340802.69,5340802.69,5340494.764,5199168.652,209931.4275,68297.38966,209931.4275,68297.38966,182969.6621,41643.55029,FALSE,FALSE,TRUE
1194326,i030,inland,inland,FALSE,1977,bc77010,102,10000,153,1707,800.7724729,dem_agl,reported,1547.800822,1,36.58050678,5730,0,0,0,0,0,159.1991783,159.1991783,,0,5255157.42,5348102.673,5348102.673,5347847.42,5255157.42,167370.2598,74425.00721,167370.2598,74425.00721,136084.0471,43394.04745,FALSE,FALSE,TRUE
1194327,i030,inland,inland,FALSE,1977,bc77010,103,10000,153,1707,835.9908454,dem_agl,reported,1548.488484,1,36.81792753,5733,0,0,0,0,0,158.5182813,158.5182813,,0,5238920.593,5352855.872,5352855.872,5352499.677,5238920.593,174590.2235,60654.94399,174590.2235,60654.94399,138263.9868,24684.90309,FALSE,FALSE,TRUE
1194328,i030,inland,inland,FALSE,1977,bc77010,104,10000,153,1707,835.9408376,dem_agl,reported,1548.200022,1,39.04025596,5733,0,0,0,0,0,158.8077175,158.8077175,,0,5226423.946,5350861.735,5350861.735,5350799.695,5226423.946,198368.6231,73930.83363,198368.6231,73930.83363,154757.5861,30381.83688,FALSE,FALSE,TRUE
1194329,i030,inland,inland,FALSE,1977,bc77010,105,10000,153,1707,835.8906418,dem_agl,reported,1542.250286,1,42.02502475,5695,0,0,0,0,0,164.7497137,164.7497137,,0,5169564.342,5309814.016,5309814.016,5309635.018,5169564.342,221278.3028,81028.62851,221278.3028,81028.62851,173264.873,33194.19693,FALSE,FALSE,TRUE
1194330,i030,inland,inland,FALSE,1977,bc77010,106,10000,153,1707,798.511563,dem_agl,reported,1534.125324,1,44.8468532,5630,0,0,0,0,0,172.8746761,172.8746761,,0,5178498.699,5254014.516,5254014.516,5253597.395,5178498.699,194485.6045,118969.7872,194485.6045,118969.7872,133240.8694,58142.1728,FALSE,FALSE,TRUE
1194331,i030,inland,inland,FALSE,1977,bc77010,107,10000,153,1707,794.0672494,dem_agl,reported,1522.725804,1,45.32708728,5546,0,0,0,0,0,184.2711222,184.2711222,,0,5087818.627,5176223.32,5176223.32,5175956.101,5087818.627,174728.6126,86323.91933,174728.6126,86323.91933,132623.1042,44485.63005,FALSE,FALSE,TRUE
1194332,i030,inland,inland,FALSE,1977,bc77010,108,10000,153,1707,794.0672494,dem_agl,reported,1514.019218,1,39.92456413,5481,0,0,0,0,0,192.9812451,192.9812451,,0,5047070.666,5117199.706,5117199.706,5117048.174,5047070.666,160646.7668,90517.72739,160646.7668,90517.72739,122842.7734,52865.26583,FALSE,FALSE,TRUE
1194333,i030,inland,inland,FALSE,1977,bc77010,109,10000,153,1707,794.8384765,dem_agl,reported,1510.579585,1,30.71081904,5457,0,0,0,0,0,196.4188891,196.4188891,,0,5093160.919,5093975.039,5093975.039,5093804.144,5093160.919,125664.258,124850.138,125664.258,124850.138,82383.17791,81739.95351,FALSE,FALSE,TRUE
1066044,i031,inland,inland,FALSE,1990,bcb90043,269,15000,305,6096,1559.972882,dem_agl,reported,5272.142077,1,192.9087555,16764,0,0,0,0,0,823.4075398,823.4075398,,0,15301497.45,15614460.53,15614460.53,15617014.55,15301497.45,739987.3136,427024.2334,739987.3136,427024.2334,538236.3893,222719.2898,FALSE,FALSE,TRUE
1066045,i031,inland,inland,FALSE,1990,bcb90043,270,15000,305,6096,1566.473947,dem_agl,reported,5354.234124,1,125.601691,17289,0,0,0,0,0,740.6197106,740.6197106,,0,15581304.46,16104509.01,16104509.01,16111164.91,15581304.46,677328.4425,154123.8987,677328.4425,154123.8987,672452.4547,142592.011,FALSE,FALSE,TRUE
1066046,i031,inland,inland,FALSE,1990,bcb90043,271,15000,305,6096,1579.486058,dem_agl,reported,5373.649144,1,87.91204804,17414,0,0,0,0,0,721.9242817,721.9242817,,0,15894508.92,16221514.07,16221514.07,16223931.4,15894508.92,491976.4493,164971.2998,491976.4493,164971.2998,422862.55,93440.07555,FALSE,FALSE,TRUE
1066047,i031,inland,inland,FALSE,1990,bcb90043,272,15000,305,6096,1579.495562,dem_agl,reported,5361.0684,1,84.33551273,17335,0,0,0,0,0,734.891463,734.891463,,0,16032667.17,16145647.63,16145647.63,16145805.99,16032667.17,365674.2454,252693.785,365674.2454,252693.785,226144.2043,113005.3801,FALSE,FALSE,TRUE
1066048,i031,inland,inland,FALSE,1990,bcb90043,273,15000,305,6096,1579.495562,dem_agl,reported,5337.169257,1,91.35101804,17179,0,0,0,0,0,758.7773569,758.7773569,,0,15917932.83,16002016.91,16002016.91,16002405.84,15917932.83,384602.185,300518.1141,384602.185,300518.1141,225603.2525,141130.249,FALSE,FALSE,TRUE
1066049,i031,inland,inland,FALSE,1990,bcb90043,274,15000,305,6096,1579.500927,dem_agl,reported,5314.471431,1,100.2718427,17035,0,0,0,0,0,781.5246966,781.5246966,,0,15895053.81,15866200.09,15866200.09,15866275.88,15895053.81,332934.5391,361788.2521,332934.5391,361788.2521,168722.1535,197500.0833,FALSE,FALSE,TRUE
1066050,i031,inland,inland,FALSE,1990,bcb90043,275,15000,305,6096,1321.193744,dem_agl,reported,5313.551966,1,92.87391013,17026,0,0,0,0,0,782.438008,782.438008,,0,15939242.22,15860710.49,15860710.49,15860152.67,15939242.22,217941.551,296473.2839,217941.551,296473.2839,95385.62678,174475.1813,FALSE,FALSE,TRUE
1066051,i031,inland,inland,FALSE,1990,bcb90043,276,15000,305,6096,1321.193744,dem_agl,reported,5330.261407,1,77.67536464,17137,0,0,0,0,0,765.7425286,765.7425286,,0,15925620.56,15960621.18,15960621.18,15960077.83,15925620.56,231245.1956,196244.5794,231245.1956,196244.5794,166095.8295,131638.5622,FALSE,FALSE,TRUE
1066052,i031,inland,inland,FALSE,1990,bcb90043,277,15000,305,6096,1321.270129,dem_agl,reported,5324.288067,1,69.04358632,17103,0,0,0,0,0,771.6574444,771.6574444,,0,15856985.83,15924868.79,15924868.79,15925139.26,15856985.83,215657.4647,147774.5088,215657.4647,147774.5088,195610.6094,127457.1798,FALSE,FALSE,TRUE
1066053,i031,inland,inland,FALSE,1990,bcb90043,278,15000,305,6096,1321.289606,dem_agl,reported,5310.724211,1,64.73810494,17009,0,0,0,0,0,785.318459,785.318459,,0,15794477.45,15843833.54,15843833.54,15843492.74,15794477.45,160316.6666,110960.5739,160316.6666,110960.5739,139298.5437,90283.2543,FALSE,FALSE,TRUE
65836,i032,inland,inland,FALSE,1995,bcc95076,33,15000,305,5759,1342.26299,dem_agl,reported,4537.017668,1,23.12759767,12611,0,0,0,0,0,1221.982332,1221.982332,,0,11552661.32,11563617.41,11563617.41,11563604.95,11552661.32,75796.75106,64840.65544,75796.75106,64840.65544,42296.53092,31352.89485,FALSE,FALSE,TRUE
65837,i032,inland,inland,FALSE,1995,bcc95076,34,15000,305,5761,1342.26299,dem_agl,reported,4537.72709,1,20.15226461,12614,0,0,0,0,0,1223.27291,1223.27291,,0,11587014.82,11567233.94,11567233.94,11567244.9,11587014.82,51597.65497,71378.53773,51597.65497,71378.53773,24444.85405,44214.77369,FALSE,FALSE,TRUE
65838,i032,inland,inland,FALSE,1995,bcc95076,35,15000,305,5759,1349.171633,dem_agl,reported,4535.508066,1,15.7835922,12604,0,0,0,0,0,1223.49446,1223.49446,,0,11583716.18,11555923.57,11555923.57,11555933.21,11583716.18,36218.54397,64011.15747,36218.54397,64011.15747,17332.71291,45115.68366,FALSE,FALSE,TRUE
65839,i032,inland,inland,FALSE,1995,bcc95076,36,15000,305,5765,1349.171633,dem_agl,reported,4545.477735,1,12.7852503,12662,0,0,0,0,0,1219.522265,1219.522265,,0,11627849.07,11606782.42,11606782.42,11606803.46,11627849.07,32707.38209,53774.03049,32707.38209,53774.03049,18667.01103,39712.62101,FALSE,FALSE,TRUE
65840,i032,inland,inland,FALSE,1995,bcc95076,37,15000,305,5766,1369.921106,dem_agl,reported,4551.936668,1,11.24920404,12696,0,0,0,0,0,1214.063332,1214.063332,,0,11658621.74,11639791.35,11639791.35,11639796.62,11658621.74,28213.88159,47044.27468,28213.88159,47044.27468,17564.69294,36389.81372,FALSE,FALSE,TRUE
65841,i032,inland,inland,FALSE,1995,bcc95076,38,15000,305,5764,1349.103209,dem_agl,reported,4554.167116,1,8.648813352,12707,0,0,0,0,0,1209.832884,1209.832884,,0,11655856.29,11651201.14,11651201.14,11651207.28,11655856.29,25070.33466,29725.48984,25070.33466,29725.48984,15578.93967,20227.94644,FALSE,FALSE,TRUE
65842,i032,inland,inland,FALSE,1995,bcc95076,39,15000,305,5760,1349.103209,dem_agl,reported,4552.8839,1,7.078466189,12700,0,0,0,0,0,1207.1161,1207.1161,,0,11649642.91,11644636.2,11644636.2,11644633.5,11649642.91,15447.85604,20454.56685,15447.85604,20454.56685,10865.64774,15875.0611,FALSE,FALSE,TRUE
65843,i032,inland,inland,FALSE,1995,bcc95076,40,15000,305,5761,1349.097127,dem_agl,reported,4554.588501,1,6.719164812,12710,0,0,0,0,0,1206.411499,1206.411499,,0,11652016.83,11653357.34,11653357.34,11653359.48,11652016.83,17761.76896,16421.25914,17761.76896,16421.25914,12692.04076,11349.39006,FALSE,FALSE,TRUE
65844,i032,inland,inland,FALSE,1995,bcc95076,41,15000,305,5761,1349.097127,dem_agl,reported,4554.739794,1,6.709883056,12711,0,0,0,0,0,1206.260206,1206.260206,,0,11663362.66,11654131.55,11654131.55,11654135.77,11663362.66,7790.744176,17021.8508,7790.744176,17021.8508,5559.514467,14786.40086,FALSE,FALSE,TRUE
65845,i032,inland,inland,FALSE,1995,bcc95076,42,15000,305,5758,1349.129097,dem_agl,reported,4552.501989,1,6.024472529,12698,0,0,0,0,0,1205.498011,1205.498011,,0,11654035.99,11642682.7,11642682.7,11642681.9,11654035.99,8605.55018,19958.84102,8605.55018,19958.84102,7625.225012,18979.31496,FALSE,FALSE,TRUE
154620,i033,inland,inland,FALSE,1997,bcc97076,179,15000,305,6575,1205.580098,dem_agl,reported,4805.870102,1,247.8513801,14110,0,0,0,0,0,1769.111712,1769.111712,,0,12908613.95,12974685.2,12974685.2,12972737.69,12908613.95,497255.1768,431183.9265,497255.1768,431183.9265,505260.4804,441136.7415,FALSE,FALSE,TRUE
154621,i033,inland,inland,FALSE,1997,bcc97076,180,15000,305,6574,1212.429931,dem_agl,reported,4720.349443,1,200.2742187,13615,0,0,0,0,0,1853.649266,1853.649266,,0,12455024.48,12517023.68,12517023.68,12517087.99,12455024.48,396369.7402,334370.5425,396369.7402,334370.5425,427568.1429,365504.6342,FALSE,FALSE,TRUE
154622,i033,inland,inland,FALSE,1997,bcc97076,181,15000,305,6572,1205.582334,dem_agl,reported,4642.885086,1,191.808107,13170,0,0,0,0,0,1929.053545,1929.053545,,0,12397198.41,12109567.8,12109567.8,12109379.63,12397198.41,241381.2681,529011.8828,241381.2681,529011.8828,287182.3042,575001.089,FALSE,FALSE,TRUE
154623,i033,inland,inland,FALSE,1997,bcc97076,182,15000,305,6568,1205.582334,dem_agl,reported,4662.15605,1,215.3083888,13279,0,0,0,0,0,1905.824245,1905.824245,,0,12517907.87,12210301.43,12210301.43,12209866.6,12517907.87,322652.9541,630259.3916,322652.9541,630259.3916,352991.6483,661032.9179,FALSE,FALSE,TRUE
154624,i033,inland,inland,FALSE,1997,bcc97076,183,15000,305,6565,1212.432123,dem_agl,reported,4762.60184,1,239.4064682,13860,0,0,0,0,0,1802.392848,1802.392848,,0,12768721.52,12742109.25,12742109.25,12741933.29,12768721.52,471872.7383,498485.0066,471872.7383,498485.0066,417527.9131,444316.1423,FALSE,FALSE,TRUE
154625,i033,inland,inland,FALSE,1997,bcc97076,184,15000,305,6565,1280.92919,dem_agl,reported,4900.850049,1,201.4973883,14672,0,0,0,0,0,1664.058753,1664.058753,,0,13816566.79,13492598.67,13492598.67,13493046.99,13816566.79,473315.7347,797283.8524,473315.7347,797283.8524,334714.3115,658234.1118,FALSE,FALSE,TRUE
154626,i033,inland,inland,FALSE,1997,bcc97076,185,15000,305,6564,1280.92919,dem_agl,reported,5110.21997,1,291.0492724,15950,0,0,0,0,0,1452.755732,1452.755732,,0,15523823.42,14670062.46,14670062.46,14675770.15,15523823.42,530736.8346,1384497.799,530736.8346,1384497.799,242315.6236,1090368.899,FALSE,FALSE,TRUE
154627,i033,inland,inland,FALSE,1997,bcc97076,186,15000,305,6561,1363.127335,dem_agl,reported,5349.475301,1,312.0829953,17498,0,0,0,0,0,1210.374104,1210.374104,,0,15575240.41,16075894.48,16075894.48,16082023.14,15575240.41,1016726.615,516072.5489,1016726.615,516072.5489,776252.1227,269469.3967,FALSE,FALSE,TRUE
154628,i033,inland,inland,FALSE,1997,bcc97076,187,15000,305,6560,1322.029727,dem_agl,reported,5431.301735,1,311.7915946,18042,0,0,0,0,0,1125.987514,1125.987514,,0,15705626.84,16571454.73,16571454.73,16587458.63,15705626.84,1180929.341,315101.4577,1180929.341,315101.4577,1242546.95,360715.1636,FALSE,FALSE,TRUE
154629,i033,inland,inland,FALSE,1997,bcc97076,188,15000,305,6560,1322.029727,dem_agl,reported,5346.796331,1,366.7015074,17464,0,0,0,0,0,1212.919579,1212.919579,,0,16016689.77,16059797.18,16059797.18,16058238.41,16016689.77,849328.0308,806220.6288,849328.0308,806220.6288,714346.5516,672797.9134,FALSE,FALSE,TRUE
176965,i034,inland,inland,FALSE,1997,bcc97037,145,15000,305,5791,1429.068778,dem_agl,reported,5211.758448,1,12.86148083,16050,0,0,0,0,0,579.2399055,579.2399055,,0,15214826.99,15258833.41,15258833.41,15258843.5,15214826.99,69282.55904,25276.13939,69282.55904,25276.13939,66695.22731,22678.71254,FALSE,FALSE,TRUE
176966,i034,inland,inland,FALSE,1997,bcc97037,146,15000,305,5791,1429.068778,dem_agl,reported,5206.533855,1,11.07035755,16003,0,0,0,0,0,584.4661446,584.4661446,,0,15225923.1,15228255.92,15228255.92,15228250.39,15225923.1,35159.32339,32826.50432,35159.32339,32826.50432,20341.79646,18014.51267,FALSE,FALSE,TRUE
176967,i034,inland,inland,FALSE,1997,bcc97037,147,15000,305,5791,1457.776251,dem_agl,reported,5194.09593,1,13.38805489,15942,0,0,0,0,0,596.9002376,596.9002376,,0,15171639.2,15155585.06,15155585.06,15155597.65,15171639.2,32912.73231,48966.87328,32912.73231,48966.87328,16245.57092,32287.11805,FALSE,FALSE,TRUE
176968,i034,inland,inland,FALSE,1997,bcc97037,148,15000,305,5791,1457.776251,dem_agl,reported,5183.795905,1,15.79919416,15879,0,0,0,0,0,607.19686,607.19686,,0,15144987.38,15095536.83,15095536.83,15095553.47,15144987.38,23014.25367,72464.812,23014.25367,72464.812,12204.39364,61638.30825,FALSE,FALSE,TRUE
176969,i034,inland,inland,FALSE,1997,bcc97037,149,15000,305,5791,1154.504376,dem_agl,reported,5191.143234,1,6.776971968,15924,0,0,0,0,0,599.8563434,599.8563434,,0,15146152.5,15138358.91,15138358.91,15138361.19,15146152.5,19777.75928,27571.35015,19777.75928,27571.35015,12362.99554,20154.31239,FALSE,FALSE,TRUE
176970,i034,inland,inland,FALSE,1997,bcc97037,150,15000,305,5791,1154.504376,dem_agl,reported,5197.577461,1,8.859385426,15966,0,0,0,0,0,593.4213786,593.4213786,,0,15179387.86,15175909.02,15175909.02,15175917.49,15179387.86,30136.1196,33614.95642,30136.1196,33614.95642,18119.66394,21590.03935,FALSE,FALSE,TRUE
176971,i034,inland,inland,FALSE,1997,bcc97037,151,15000,305,5791,1308.169276,dem_agl,reported,5208.462731,1,12.13928224,16031,0,0,0,0,0,582.5361722,582.5361722,,0,15244496.29,15239541.3,15239541.3,15239556.42,15244496.29,37984.45447,42939.43717,37984.45447,42939.43717,16366.46397,21306.33395,FALSE,FALSE,TRUE
176972,i034,inland,inland,FALSE,1997,bcc97037,152,15000,305,5791,1308.169276,dem_agl,reported,5218.902069,1,13.67033622,16099,0,0,0,0,0,572.0990577,572.0990577,,0,15307371.03,15300691.84,15300691.84,15300674.3,15307371.03,45881.2083,52560.39345,45881.2083,52560.39345,28850.17307,35546.90168,FALSE,FALSE,TRUE
176973,i034,inland,inland,FALSE,1997,bcc97037,153,15000,305,5791,1279.749517,dem_agl,reported,5234.516937,1,20.38068267,16192,0,0,0,0,0,556.483521,556.483521,,0,15408115.67,15392387.64,15392387.64,15392380.64,15408115.67,58645.01269,74373.03981,58645.01269,74373.03981,47595.84893,63330.87971,FALSE,FALSE,TRUE
176974,i034,inland,inland,FALSE,1997,bcc97037,154,15000,305,5791,1279.749517,dem_agl,reported,5252.099461,1,28.18394078,16298,0,0,0,0,0,538.9005981,538.9005981,,0,15532606.22,15495966.08,15495966.08,15495983.6,15532606.22,78507.68852,115147.8291,78507.68852,115147.8291,44396.83049,81019.45998,FALSE,FALSE,TRUE
75781,i035,inland,inland,FALSE,1994,bcb94054,167,15000,305,5486,1302.663905,dem_agl,reported,4733.111925,1,21.260967,13545,0,0,0,0,0,752.8818582,752.8818582,,0,12646012.38,12584800.12,12584800.12,12584822.64,12646012.38,39019.52738,100231.7854,39019.52738,100231.7854,24565.3481,85755.0914,FALSE,FALSE,TRUE
75782,i035,inland,inland,FALSE,1994,bcb94054,168,15000,305,5486,1302.663905,dem_agl,reported,4714.532701,1,20.69975568,13439,0,0,0,0,0,771.4672991,771.4672991,,0,12461181.14,12486194,12486194,12486148.38,12461181.14,71508.93106,46496.07669,71508.93106,46496.07669,61463.90014,36496.66075,FALSE,FALSE,TRUE
75783,i035,inland,inland,FALSE,1994,bcb94054,169,15000,305,5486,1236.999338,dem_agl,reported,4708.663475,1,20.42184502,13407,0,0,0,0,0,777.3281382,777.3281382,,0,12530086.59,12455124.67,12455124.67,12455116.76,12530086.59,26283.95694,101245.869,26283.95694,101245.869,10905.76661,85875.59405,FALSE,FALSE,TRUE
75784,i035,inland,inland,FALSE,1994,bcb94054,170,15000,305,5486,1236.999338,dem_agl,reported,4722.431713,1,32.12976477,13481,0,0,0,0,0,763.5682869,763.5682869,,0,12555752.22,12528069.29,12528069.29,12528045.16,12555752.22,77982.22463,105665.1499,77982.22463,105665.1499,42807.5574,70514.61741,FALSE,FALSE,TRUE
75785,i035,inland,inland,FALSE,1994,bcb94054,171,15000,305,5486,1375.147469,dem_agl,reported,4750.494932,1,27.33150479,13644,0,0,0,0,0,735.4918501,735.4918501,,0,12611297.12,12677408.71,12677408.71,12677429.61,12611297.12,118942.1145,52830.53179,118942.1145,52830.53179,99307.333,33174.84587,FALSE,FALSE,TRUE
75786,i035,inland,inland,FALSE,1994,bcb94054,172,15000,305,5486,1388.304518,dem_agl,reported,4765.890808,1,30.78259678,13735,0,0,0,0,0,720.1120295,720.1120295,,0,12753330.91,12759714.27,12759714.27,12759716.72,12753330.91,86216.57095,79833.21052,86216.57095,79833.21052,57439.16219,51053.35504,FALSE,FALSE,TRUE
75787,i035,inland,inland,FALSE,1994,bcb94054,173,15000,305,5486,1387.604102,dem_agl,reported,4741.280397,1,31.78880769,13592,0,0,0,0,0,744.7230573,744.7230573,,0,12689918.42,12628275.66,12628275.66,12628255.86,12689918.42,63144.47878,124787.235,63144.47878,124787.235,31975.16314,93637.72257,FALSE,FALSE,TRUE
75788,i035,inland,inland,FALSE,1994,bcb94054,174,15000,305,5486,1374.808061,dem_agl,reported,4724.948249,1,22.62430046,13493,0,0,0,0,0,761.0501576,761.0501576,,0,12622081.8,12541425.01,12541425.01,12541439.78,12622081.8,19766.60864,100423.3972,19766.60864,100423.3972,5635.479744,86277.50142,FALSE,FALSE,TRUE
75789,i035,inland,inland,FALSE,1994,bcb94054,175,15000,305,5486,1236.347385,dem_agl,reported,4737.148876,1,27.15764785,13572,0,0,0,0,0,748.8541941,748.8541941,,0,12627545.83,12606276.85,12606276.85,12606310.58,12627545.83,65760.92824,87029.9051,65760.92824,87029.9051,33817.683,55052.9378,FALSE,FALSE,TRUE
75790,i035,inland,inland,FALSE,1994,bcb94054,176,15000,305,5486,1236.347385,dem_agl,reported,4754.906462,1,22.18816674,13672,0,0,0,0,0,731.093538,731.093538,,0,12683716.79,12700965.3,12700965.3,12700967.09,12683716.79,84791.04685,67542.54256,84791.04685,67542.54256,51858.24617,34607.95126,FALSE,FALSE,TRUE
235202,i036,inland,inland,FALSE,1994,bcc94071,127,10000,305,4403,889.2272095,dem_agl,reported,3322.425418,1,110.1722978,6654,0,0,0,0,0,1080.563743,1080.563743,,0,6234421.867,6201021.752,6201021.752,6201037.911,6234421.867,221581.396,254981.5117,221581.396,254981.5117,116733.414,150117.3707,FALSE,FALSE,TRUE
235203,i036,inland,inland,FALSE,1994,bcc94071,128,10000,305,4405,915.1900807,dem_agl,reported,3391.519965,1,88.98621626,6934,0,0,0,0,0,1013.414418,1013.414418,,0,6402294.313,6461621.716,6461621.716,6461517.089,6402294.313,220304.7806,160977.3777,220304.7806,160977.3777,133996.6272,74773.85125,FALSE,FALSE,TRUE
235204,i036,inland,inland,FALSE,1994,bcc94071,129,10000,305,4407,954.134288,dem_agl,reported,3432.899856,1,63.9682409,7104,0,0,0,0,0,973.9921738,973.9921738,,0,6526539.987,6620259.943,6620259.943,6620664.948,6526539.987,197468.7059,103748.7497,197468.7059,103748.7497,137829.2728,43704.31175,FALSE,FALSE,TRUE
235205,i036,inland,inland,FALSE,1994,bcc94071,130,10000,305,4408,954.134288,dem_agl,reported,3402.655815,1,93.46027193,6981,0,0,0,0,0,1005.301152,1005.301152,,0,6452102.485,6504124.063,6504124.063,6504279.786,6452102.485,223120.9822,171099.4043,223120.9822,171099.4043,160824.8177,108647.5166,FALSE,FALSE,TRUE
235206,i036,inland,inland,FALSE,1994,bcc94071,131,10000,305,4409,934.6621904,dem_agl,reported,3369.414871,1,105.7462802,6844,0,0,0,0,0,1039.551212,1039.551212,,0,6412213.418,6377665.688,6377665.688,6377280.899,6412213.418,197722.6834,232270.4136,197722.6834,232270.4136,108476.0405,143408.5596,FALSE,FALSE,TRUE
235207,i036,inland,inland,FALSE,1994,bcc94071,132,10000,305,4412,934.6621904,dem_agl,reported,3362.291988,1,101.8293413,6816,0,0,0,0,0,1049.708012,1049.708012,,0,6376703.208,6350729.645,6350729.645,6350648.614,6376703.208,198069.8478,224043.4114,198069.8478,224043.4114,96515.39897,122569.9934,FALSE,FALSE,TRUE
235208,i036,inland,inland,FALSE,1994,bcc94071,133,10000,305,4413,954.1342805,dem_agl,reported,3398.500331,1,86.39596114,6962,0,0,0,0,0,1014.469883,1014.469883,,0,6467736.209,6488247.476,6488247.476,6488450.311,6467736.209,200677.6389,180166.3718,200677.6389,180166.3718,115312.6072,94598.50544,FALSE,FALSE,TRUE
235209,i036,inland,inland,FALSE,1994,bcc94071,134,10000,305,4412,973.6063422,dem_agl,reported,3432.233517,1,63.35561187,7102,0,0,0,0,0,979.741409,979.741409,,0,6637731.334,6617690.158,6617690.158,6617804.981,6637731.334,146736.3058,166777.482,146736.3058,166777.482,89440.20014,109366.5531,FALSE,FALSE,TRUE
235210,i036,inland,inland,FALSE,1994,bcc94071,135,10000,305,4409,973.6063422,dem_agl,reported,3469.527744,1,57.68845393,7258,0,0,0,0,0,939.4538113,939.4538113,,0,6791355.137,6762285.503,6762285.503,6762236.399,6791355.137,127103.4399,156173.0743,127103.4399,156173.0743,59497.7436,88616.48169,FALSE,FALSE,TRUE
235211,i036,inland,inland,FALSE,1994,bcc94071,136,10000,305,4411,1012.550654,dem_agl,reported,3524.300648,1,56.3359339,7490,0,0,0,0,0,886.69081,886.69081,,0,6963797.003,6977481.165,6977481.165,6977456.259,6963797.003,146064.4905,132380.3288,146064.4905,132380.3288,80673.37583,67014.12007,FALSE,FALSE,TRUE
420566,i037,inland,inland,FALSE,1992,bcc92067,111,15000,305,5791,1354.82916,dem_agl,reported,4928.017075,1,40.69157281,14854,0,0,0,0,0,862.9456905,862.9456905,,0,13530435.82,13642601.11,13642601.11,13642749.81,13530435.82,161624.7998,49459.50609,161624.7998,49459.50609,140520.7377,28206.74737,FALSE,FALSE,TRUE
420567,i037,inland,inland,FALSE,1992,bcc92067,112,15000,305,5791,1354.82916,dem_agl,reported,4936.067091,1,33.68502007,14900,0,0,0,0,0,854.8772723,854.8772723,,0,13583374.84,13687208.45,13687208.45,13687487.86,13583374.84,147937.4642,44103.85136,147937.4642,44103.85136,137557.4288,33444.40426,FALSE,FALSE,TRUE
420568,i037,inland,inland,FALSE,1992,bcc92067,113,15000,305,5791,1354.829196,dem_agl,reported,4936.577433,1,28.91007088,14908,0,0,0,0,0,854.3940077,854.3940077,,0,13655084.79,13690038.85,13690038.85,13690099.32,13655084.79,112791.426,77837.36401,112791.426,77837.36401,92975.585,57961.05067,FALSE,FALSE,TRUE
420569,i037,inland,inland,FALSE,1992,bcc92067,114,15000,305,5791,1258.616256,dem_agl,reported,4928.625226,1,36.03351561,14855,0,0,0,0,0,862.3661133,862.3661133,,0,13625420.18,13645968.5,13645968.5,13646009.5,13625420.18,117195.0242,96646.70474,117195.0242,96646.70474,72048.81694,51459.50196,FALSE,FALSE,TRUE
420570,i037,inland,inland,FALSE,1992,bcc92067,115,15000,305,5791,1258.616256,dem_agl,reported,4909.501185,1,43.23273184,14742,0,0,0,0,0,881.4962058,881.4962058,,0,13527039.7,13540275.84,13540275.84,13540305,13527039.7,126546.7152,113310.5752,126546.7152,113310.5752,69003.43626,55738.13931,FALSE,FALSE,TRUE
420571,i037,inland,inland,FALSE,1992,bcc92067,116,15000,305,5791,1320.605967,dem_agl,reported,4870.33776,1,45.76086488,14509,0,0,0,0,0,920.6665077,920.6665077,,0,13359900.17,13325114.05,13325114.05,13325078.22,13359900.17,130049.3344,164835.4557,130049.3344,164835.4557,74888.6372,109710.5903,FALSE,FALSE,TRUE
420572,i037,inland,inland,FALSE,1992,bcc92067,117,15000,305,5791,1362.384385,dem_agl,reported,4836.395923,1,28.09380166,14307,0,0,0,0,0,954.5950898,954.5950898,,0,13202055.6,13140033.31,13140033.31,13140047.24,13202055.6,56470.53783,118492.8295,56470.53783,118492.8295,33436.61951,95444.98859,FALSE,FALSE,TRUE
420573,i037,inland,inland,FALSE,1992,bcc92067,118,15000,305,5791,1354.82261,dem_agl,reported,4817.483269,1,25.44531074,14194,0,0,0,0,0,973.5162002,973.5162002,,0,13058539.11,13037466.44,13037466.44,13037475.01,13058539.11,62811.78514,83884.45388,62811.78514,83884.45388,52454.8191,73518.9132,FALSE,FALSE,TRUE
420574,i037,inland,inland,FALSE,1992,bcc92067,119,15000,305,5791,1114.094923,dem_agl,reported,4806.26997,1,31.64935745,14128,0,0,0,0,0,984.7305959,984.7305959,,0,13009473.04,12976844.39,12976844.39,12976786.12,13009473.04,47992.05016,80620.70374,47992.05016,80620.70374,21941.40868,54628.33094,FALSE,FALSE,TRUE
420575,i037,inland,inland,FALSE,1992,bcc92067,120,15000,305,5791,1114.094923,dem_agl,reported,4796.237542,1,30.17063878,14069,0,0,0,0,0,994.749086,994.749086,,0,13010343.6,12922726.17,12922726.17,12922772.38,13010343.6,25881.76882,113499.201,25881.76882,113499.201,12183.54001,99754.75494,FALSE,FALSE,TRUE
740991,i038,inland,inland,FALSE,1980,bcc274,182,40000,153,8230,3403.466845,dem_agl,reported,6825.605684,1,52.77179543,113410,0,0,0,0,0,1404.388908,1404.388908,,0,104359037.7,104004464.3,104004464.3,104004588.6,104359037.7,794745.9725,1149319.344,794745.9725,1149319.344,335328.161,689777.2613,FALSE,FALSE,TRUE
740992,i038,inland,inland,FALSE,1980,bcc274,183,40000,153,8230,3403.339947,dem_agl,reported,6878.681714,1,59.68003528,115179,0,0,0,0,0,1351.30632,1351.30632,,0,106305324.6,105628234.2,105628234.2,105628573.9,106305324.6,999705.5305,1676795.975,999705.5305,1676795.975,554713.6265,1231464.313,FALSE,FALSE,TRUE
740993,i038,inland,inland,FALSE,1980,bcc274,184,40000,153,8230,3396.188093,dem_agl,reported,6919.107178,1,75.88329668,116528,0,0,0,0,0,1310.853223,1310.853223,,0,106128009.6,106873419.8,106873419.8,106873923.6,106128009.6,1478177.742,732767.5636,1478177.742,732767.5636,1291310.579,545396.5857,FALSE,FALSE,TRUE
740994,i038,inland,inland,FALSE,1980,bcc274,185,40000,153,8230,3396.188093,dem_agl,reported,6934.252134,1,78.33444392,117048,0,0,0,0,0,1295.753397,1295.753397,,0,107232092.3,107341793.7,107341793.7,107341444.5,107232092.3,857289.1383,747587.7458,857289.1383,747587.7458,772707.7541,663355.5641,FALSE,FALSE,TRUE
740995,i038,inland,inland,FALSE,1980,bcc274,186,40000,153,8230,3569.604727,dem_agl,reported,6895.817535,1,93.54436024,115751,0,0,0,0,0,1334.18447,1334.18447,,0,106005380,106155161,106155161,106154995.7,106005380,1391186.724,1241405.743,1391186.724,1241405.743,913943.9769,764328.2862,FALSE,FALSE,TRUE
740996,i038,inland,inland,FALSE,1980,bcc274,187,40000,153,8230,3569.604727,dem_agl,reported,6817.716715,1,111.434107,113146,0,0,0,0,0,1412.274128,1412.274128,,0,103419801.8,103764188.5,103764188.5,103764529.4,103419801.8,1456210.703,1111824.025,1456210.703,1111824.025,1288315.734,943588.1595,FALSE,FALSE,TRUE
740997,i038,inland,inland,FALSE,1980,bcc274,188,40000,153,8230,3569.877972,dem_agl,reported,6762.113304,1,86.82018064,111306,0,0,0,0,0,1467.799825,1467.799825,,0,103453752.4,102078546.5,102078546.5,102079206.2,103453752.4,522681.3183,1897887.282,522681.3183,1897887.282,175896.2775,1550442.546,FALSE,FALSE,TRUE
740998,i038,inland,inland,FALSE,1980,bcc274,189,40000,153,8230,3570.024662,dem_agl,reported,6789.242945,1,107.664553,112199,0,0,0,0,0,1440.693527,1440.693527,,0,103892881.2,102899269.1,102899269.1,102900695.6,103892881.2,1011260.515,2004872.623,1011260.515,2004872.623,495978.6644,1488164.274,FALSE,FALSE,TRUE
740999,i038,inland,inland,FALSE,1980,bcc274,190,40000,153,8230,2710.008066,dem_agl,reported,6844.57209,1,88.20229526,114061,0,0,0,0,0,1385.306598,1385.306598,,0,103265647,104583264.7,104583264.7,104584700.5,103265647,2192183.68,874565.9992,2192183.68,874565.9992,2047155.46,728101.8928,FALSE,FALSE,TRUE
741000,i038,inland,inland,FALSE,1980,bcc274,191,40000,153,8230,2710.008066,dem_agl,reported,6857.530435,1,142.1659278,114481,0,0,0,0,0,1372.577455,1372.577455,,0,104446565.5,104979639.7,104979639.7,104976109.9,104446565.5,2156415.492,1623341.277,2156415.492,1623341.277,2215753.696,1686209.276,FALSE,FALSE,TRUE
1016433,i039,inland,inland,FALSE,1988,bcc904,181,10000,305,4267,863.2111042,dem_agl,reported,3359.409324,1,74.58070747,6791,0,0,0,0,0,907.5181283,907.5181283,,0,6313959.241,6339844.705,6339844.705,6340172.844,6313959.241,201974.1306,176088.6669,201974.1306,176088.6669,136742.7159,110529.1133,FALSE,FALSE,TRUE
1016434,i039,inland,inland,FALSE,1988,bcc904,182,10000,305,4267,856.7991205,dem_agl,reported,3372.145448,1,67.895313,6848,0,0,0,0,0,894.831085,894.831085,,0,6332409.002,6388006.807,6388006.807,6388025.705,6332409.002,164583.7573,108985.9528,164583.7573,108985.9528,129249.7491,73633.046,FALSE,FALSE,TRUE
1016435,i039,inland,inland,FALSE,1988,bcc904,183,10000,305,4267,856.7991205,dem_agl,reported,3371.604066,1,60.66277863,6842,0,0,0,0,0,895.3859417,895.3859417,,0,6332794.356,6385955.842,6385955.842,6385903.607,6332794.356,137634.0457,84472.55893,137634.0457,84472.55893,111190.1683,58080.91748,FALSE,FALSE,TRUE
1016436,i039,inland,inland,FALSE,1988,bcc904,184,10000,305,4267,856.7609752,dem_agl,reported,3375.628581,1,42.49695753,6859,0,0,0,0,0,891.377318,891.377318,,0,6377419.751,6401210.135,6401210.135,6401111.458,6377419.751,100925.5793,77135.19579,100925.5793,77135.19579,78535.06535,54843.35874,FALSE,FALSE,TRUE
1016437,i039,inland,inland,FALSE,1988,bcc904,185,10000,305,4267,856.7609752,dem_agl,reported,3361.831126,1,34.72830565,6802,0,0,0,0,0,905.1032181,905.1032181,,0,6271331.025,6348988.803,6348988.803,6349225.999,6271331.025,116757.9194,39100.14107,116757.9194,39100.14107,103058.8261,25163.85204,FALSE,FALSE,TRUE
1016438,i039,inland,inland,FALSE,1988,bcc904,186,10000,305,4267,947.9116569,dem_agl,reported,3361.216447,1,31.36255619,6800,0,0,0,0,0,905.7733616,905.7733616,,0,6311425.679,6346667.308,6346667.308,6346680.373,6311425.679,87575.65763,52334.02841,87575.65763,52334.02841,80078.32993,44823.63525,FALSE,FALSE,TRUE
1016439,i039,inland,inland,FALSE,1988,bcc904,187,10000,305,4267,947.8647013,dem_agl,reported,3361.197707,1,26.43374642,6799,0,0,0,0,0,905.7969397,905.7969397,,0,6309699.515,6346596.539,6346596.539,6346626.152,6309699.515,73791.61165,36894.58818,73791.61165,36894.58818,58881.49869,21954.86202,FALSE,FALSE,TRUE
1016440,i039,inland,inland,FALSE,1988,bcc904,188,10000,305,4267,947.8647013,dem_agl,reported,3374.7576,1,19.97223618,6854,0,0,0,0,0,892.2423998,892.2423998,,0,6400299.895,6397907.275,6397907.275,6397887.593,6400299.895,48226.877,50619.49626,48226.877,50619.49626,38797.26936,41209.57126,FALSE,FALSE,TRUE
1016441,i039,inland,inland,FALSE,1988,bcc904,189,10000,305,4267,947.9318604,dem_agl,reported,3386.181503,1,18.37067138,6901,0,0,0,0,0,880.8231822,880.8231822,,0,6431394.681,6441295.74,6441295.74,6441242.201,6431394.681,38333.14931,28432.09081,38333.14931,28432.09081,30530.6612,20683.14203,FALSE,FALSE,TRUE
1016442,i039,inland,inland,FALSE,1988,bcc904,190,10000,305,4267,947.9420122,dem_agl,reported,3391.289211,1,17.79863249,6924,0,0,0,0,0,875.7075935,875.7075935,,0,6487624.426,6460742.468,6460742.468,6460778.522,6487624.426,18831.49036,45713.44855,18831.49036,45713.44855,10901.19967,37747.10394,FALSE,FALSE,TRUE
314141,i040,inland,inland,FALSE,1993,bcc93053,194,10000,305,4188,879.3746196,dem_agl,reported,3211.659216,1,22.10422312,6203,0,0,0,0,0,976.3270331,976.3270331,,0,5773220.724,5794442.89,5794442.89,5794483.948,5773220.724,49087.44128,27865.27521,49087.44128,27865.27521,33385.69416,12122.47024,FALSE,FALSE,TRUE
314142,i040,inland,inland,FALSE,1993,bcc93053,195,10000,305,4189,879.3746196,dem_agl,reported,3192.869577,1,26.41192354,6130,0,0,0,0,0,996.1304232,996.1304232,,0,5723941.841,5726841.07,5726841.07,5726919.879,5723941.841,55999.02545,53099.79589,55999.02545,53099.79589,26471.75413,23493.7156,FALSE,FALSE,TRUE
314143,i040,inland,inland,FALSE,1993,bcc93053,196,10000,305,4191,860.1181809,dem_agl,reported,3167.796639,1,28.42099726,6039,0,0,0,0,0,1023.203361,1023.203361,,0,5634256.216,5637250.852,5637250.852,5637302.385,5634256.216,62397.33208,59402.69604,62397.33208,59402.69604,38464.28363,35418.11414,FALSE,FALSE,TRUE
314144,i040,inland,inland,FALSE,1993,bcc93053,197,10000,305,4190,853.699394,dem_agl,reported,3131.453374,1,41.04784999,5901,0,0,0,0,0,1058.546626,1058.546626,,0,5497034.317,5508643.567,5508643.567,5508756.519,5497034.317,93217.46021,81608.20978,93217.46021,81608.20978,61213.88488,49491.68242,FALSE,FALSE,TRUE
314145,i040,inland,inland,FALSE,1993,bcc93053,198,10000,305,4194,853.6993439,dem_agl,reported,3079.645068,1,70.15663276,5704,0,0,0,0,0,1114.372125,1114.372125,,0,5305377.862,5327875.973,5327875.973,5328022.474,5305377.862,152933.3982,130435.2876,152933.3982,130435.2876,89460.66634,66816.05427,FALSE,FALSE,TRUE
314146,i040,inland,inland,FALSE,1993,bcc93053,199,10000,305,4194,853.6993439,dem_agl,reported,2994.12986,1,97.56482314,5391,0,0,0,0,0,1199.892885,1199.892885,,0,5039527.9,5036096.441,5036096.441,5035950.369,5039527.9,188688.999,192120.458,188688.999,192120.458,90467.04805,94044.57846,FALSE,FALSE,TRUE
314147,i040,inland,inland,FALSE,1993,bcc93053,200,10000,305,4196,860.6829555,dem_agl,reported,2908.453897,1,89.08290577,5087,0,0,0,0,0,1287.704741,1287.704741,,0,4823329.938,4752007.764,4752007.764,4751661.113,4823329.938,152817.191,224139.365,152817.191,224139.365,73594.26895,145263.0941,FALSE,FALSE,TRUE
347841,i040,inland,inland,FALSE,1993,bcc93053,201,15000,305,5938,1156.770237,dem_agl,reported,5050.485303,1,51.56434369,15347,0,0,0,0,0,887.477224,887.477224,,0,14459174.22,14329102.74,14329102.74,14329316.35,14459174.22,94913.50327,224984.9764,94913.50327,224984.9764,44106.84816,173964.7133,FALSE,FALSE,TRUE
347842,i040,inland,inland,FALSE,1993,bcc93053,202,15000,305,5939,1156.770237,dem_agl,reported,5024.260993,1,40.49068722,15184,0,0,0,0,0,914.651893,914.651893,,0,14405464.82,14180683.25,14180683.25,14181094.96,14405464.82,33770.5273,258552.1012,33770.5273,258552.1012,19017.36815,243387.2293,FALSE,FALSE,TRUE
347843,i040,inland,inland,FALSE,1993,bcc93053,203,15000,305,5935,1195.320988,dem_agl,reported,5024.837541,1,39.21753839,15185,0,0,0,0,0,910.1329634,910.1329634,,0,14328092.96,14183937.98,14183937.98,14184086.11,14328092.96,50755.33124,194910.3103,50755.33124,194910.3103,19878.26041,163885.1049,FALSE,FALSE,TRUE
353115,i041,inland,inland,FALSE,1992,bcb92106,101,15000,305,6248,1145.081332,dem_agl,reported,4541.023277,1,445.0745473,12600,0,0,0,0,0,1707.148388,1707.148388,,0,12583379.48,11584044.83,11584044.83,11581043.67,12583379.48,781937.9584,1781272.606,781937.9584,1781272.606,235168.343,1237504.155,FALSE,FALSE,TRUE
353116,i041,inland,inland,FALSE,1992,bcb92106,102,15000,305,6248,1008.196596,dem_agl,reported,4366.848495,1,389.0716666,11653,0,0,0,0,0,1883.087331,1883.087331,,0,12225339.94,10712455.3,10712455.3,10701353.8,12225339.94,482464.7207,1995349.359,482464.7207,1995349.359,223515.8449,1747501.978,FALSE,FALSE,TRUE
353117,i041,inland,inland,FALSE,1992,bcb92106,103,15000,305,6248,1008.196596,dem_agl,reported,4407.76645,1,377.8849972,11872,0,0,0,0,0,1842.40698,1842.40698,,0,12906269.31,10914150.13,10914150.13,10899934.96,12906269.31,461126.2778,2453245.456,461126.2778,2453245.456,227494.2326,2233828.583,FALSE,FALSE,TRUE
353118,i041,inland,inland,FALSE,1992,bcb92106,104,15000,305,6248,1138.299313,dem_agl,reported,4689.239661,1,427.2292424,13435,0,0,0,0,0,1557.933798,1557.933798,,0,13886846.63,12352578.78,12352578.78,12353914.75,13886846.63,609936.7482,2144204.596,609936.7482,2144204.596,167385.3788,1700317.265,FALSE,FALSE,TRUE
353119,i041,inland,inland,FALSE,1992,bcb92106,105,15000,305,6248,1179.437995,dem_agl,reported,5012.027619,1,402.8221076,15353,0,0,0,0,0,1235.869278,1235.869278,,0,14312016.89,14111711.35,14111711.35,14107567.23,14312016.89,963177.7377,1163483.282,963177.7377,1163483.282,368868.7227,573318.3866,FALSE,FALSE,TRUE
353120,i041,inland,inland,FALSE,1992,bcb92106,106,15000,305,6248,1261.693216,dem_agl,reported,5249.021748,1,259.9189619,16837,0,0,0,0,0,997.3654655,997.3654655,,0,14955699.94,15477810.24,15477810.24,15486794.2,14955699.94,1078650.421,556540.1252,1078650.421,556540.1252,721603.1559,190508.8955,FALSE,FALSE,TRUE
353121,i041,inland,inland,FALSE,1992,bcb92106,107,15000,305,6248,1364.528553,dem_agl,reported,5316.69076,1,215.935268,17275,0,0,0,0,0,928.6187478,928.6187478,,0,15192289.92,15879454.34,15879454.34,15893877.97,15192289.92,1008360.165,321195.7367,1008360.165,321195.7367,943034.516,241446.4638,FALSE,FALSE,TRUE
353122,i041,inland,inland,FALSE,1992,bcb92106,108,15000,305,6248,1364.528553,dem_agl,reported,5265.161164,1,259.3258852,16940,0,0,0,0,0,980.8446771,980.8446771,,0,14906099.5,15573137.28,15573137.28,15581679.3,14906099.5,1058724.526,391686.748,1058724.526,391686.748,984505.5176,308925.7126,FALSE,FALSE,TRUE
353123,i041,inland,inland,FALSE,1992,bcb92106,109,15000,305,6248,1391.973883,dem_agl,reported,5147.759401,1,302.0332635,16194,0,0,0,0,0,1099.296774,1099.296774,,0,14449964.83,14886385.25,14886385.25,14892225.43,14449964.83,1087246.319,650825.898,1087246.319,650825.898,722977.2559,280716.6537,FALSE,FALSE,TRUE
353124,i041,inland,inland,FALSE,1992,bcb92106,110,15000,305,6248,1158.831303,dem_agl,reported,4927.292476,1,408.784853,14839,0,0,0,0,0,1320.455105,1320.455105,,0,13978457.78,13638589.48,13638589.48,13638455.03,13978457.78,983674.3807,1323542.677,983674.3807,1323542.677,559609.3071,899612.0583,FALSE,FALSE,TRUE
1360791,i042,inland,inland,FALSE,1973,bc7504,216,15000,305,6096,1081.745305,dem_agl,reported,4181.264858,1,143.7181025,10589,0,0,0,0,0,1914.548604,1914.548604,,0,9997324.94,9821280.845,9821280.845,9821910.574,9997324.94,366316.7591,542360.8548,366316.7591,542360.8548,261813.9229,437228.2894,FALSE,FALSE,TRUE
1360792,i042,inland,inland,FALSE,1973,bc7504,217,15000,305,6096,1088.376991,dem_agl,reported,4132.234791,1,141.3802368,10348,0,0,0,0,0,1964.45859,1964.45859,,0,10006420.89,9592300.008,9592300.008,9588938.01,10006420.89,272102.4236,686223.3084,272102.4236,686223.3084,219330.7211,636813.6041,FALSE,FALSE,TRUE
1360793,i042,inland,inland,FALSE,1973,bc7504,218,15000,305,6096,1088.376991,dem_agl,reported,4166.414018,1,214.6692385,10519,0,0,0,0,0,1930.284796,1930.284796,,0,10305010.74,9751639.119,9751639.119,9748216.212,10305010.74,321852.0783,875223.696,321852.0783,875223.696,259673.4991,816468.0236,FALSE,FALSE,TRUE
1360794,i042,inland,inland,FALSE,1973,bc7504,219,15000,305,6096,1260.896736,dem_agl,reported,4383.981527,1,304.0192633,11645,0,0,0,0,0,1712.165597,1712.165597,,0,11287625.96,10796679.37,10796679.37,10795795.15,11287625.96,638796.9069,1129743.492,638796.9069,1129743.492,227134.8964,718965.707,FALSE,FALSE,TRUE
1360795,i042,inland,inland,FALSE,1973,bc7504,220,15000,305,6096,1260.896736,dem_agl,reported,4663.410371,1,324.8275935,13178,0,0,0,0,0,1432.575755,1432.575755,,0,12361302.79,12216872.51,12216872.51,12216729.36,12361302.79,933229.8509,1077660.131,933229.8509,1077660.131,464633.4891,609206.9138,FALSE,FALSE,TRUE
1360796,i042,inland,inland,FALSE,1973,bc7504,221,15000,305,6096,1260.905638,dem_agl,reported,4906.880955,1,286.4505179,14590,0,0,0,0,0,1188.851568,1188.851568,,0,13422044.79,13525826.64,13525826.64,13527263.15,13422044.79,951030.6402,847248.7861,951030.6402,847248.7861,484503.0029,379284.6386,FALSE,FALSE,TRUE
1360797,i042,inland,inland,FALSE,1973,bc7504,222,15000,305,6096,1260.905638,dem_agl,reported,5086.418688,1,232.9820371,15679,0,0,0,0,0,1009.111337,1009.111337,,0,14294008.15,14533726.58,14533726.58,14536192.36,14294008.15,851396.3981,611677.9646,851396.3981,611677.9646,447462.8402,205278.6347,FALSE,FALSE,TRUE
1360798,i042,inland,inland,FALSE,1973,bc7504,223,15000,305,6096,1267.550104,dem_agl,reported,5207.715762,1,169.2473544,16432,0,0,0,0,0,887.8532893,887.8532893,,0,14954809.13,15235170.48,15235170.48,15237500.86,14954809.13,652857.3751,372496.0256,652857.3751,372496.0256,414982.5685,132290.8299,FALSE,FALSE,TRUE
1360799,i042,inland,inland,FALSE,1973,bc7504,224,15000,305,6096,1260.918175,dem_agl,reported,5282.882599,1,110.6870973,16912,0,0,0,0,0,812.9884001,812.9884001,,0,15532596.89,15678145.57,15678145.57,15678888.71,15532596.89,437179.2281,291630.5543,437179.2281,291630.5543,347948.8452,201657.0225,FALSE,FALSE,TRUE
1360800,i042,inland,inland,FALSE,1973,bc7504,225,15000,305,6096,1260.918175,dem_agl,reported,5335.626299,1,52.33634445,17251,0,0,0,0,0,760.3351015,760.3351015,,0,15903849.65,15992765.98,15992765.98,15992970.68,15903849.65,208608.5239,119692.1921,208608.5239,119692.1921,187707.3755,98586.34414,FALSE,FALSE,TRUE
1064205,i043,inland,inland,FALSE,1990,bcb90036,32,15000,305,6096,1107.444169,dem_agl,reported,4760.963618,1,345.9079775,13695,0,0,0,0,0,1334.989068,1334.989068,,0,13035674.33,12733344.79,12733344.79,12733339.24,13035674.33,912513.1346,1214842.671,912513.1346,1214842.671,367370.9099,669705.9919,FALSE,FALSE,TRUE
1064206,i043,inland,inland,FALSE,1990,bcb90036,33,15000,305,6096,1113.929966,dem_agl,reported,4925.731435,1,359.6773978,14660,0,0,0,0,0,1170.268178,1170.268178,,0,13770791.85,13629949.03,13629949.03,13629875.06,13770791.85,1008121.837,1148964.66,1008121.837,1148964.66,432035.7034,572952.4901,FALSE,FALSE,TRUE
1064207,i043,inland,inland,FALSE,1990,bcb90036,34,15000,305,6096,1107.368269,dem_agl,reported,5084.895491,1,316.97385,15623,0,0,0,0,0,1010.836521,1010.836521,,0,14349523.77,14525023.25,14525023.25,14526445.37,14349523.77,1014042.952,838543.476,1014042.952,838543.476,556397.587,379475.9921,FALSE,FALSE,TRUE
1064208,i043,inland,inland,FALSE,1990,bcb90036,35,15000,305,6096,1107.368269,dem_agl,reported,5204.562745,1,239.4443271,16363,0,0,0,0,0,890.5705425,890.5705425,,0,14810124.94,15216727.76,15216727.76,15221677.12,14810124.94,862294.1451,455691.3306,862294.1451,455691.3306,626205.4572,214653.2806,FALSE,FALSE,TRUE
1064209,i043,inland,inland,FALSE,1990,bcb90036,36,15000,305,6096,1886.561036,dem_agl,reported,5291.679753,1,135.0717667,16916,0,0,0,0,0,803.2529259,803.2529259,,0,15214403.08,15730404.12,15730404.12,15736497.01,15214403.08,709690.4774,193689.4389,709690.4774,193689.4389,699299.4299,177205.5082,FALSE,FALSE,TRUE
1064210,i043,inland,inland,FALSE,1990,bcb90036,37,15000,305,6096,1886.561036,dem_agl,reported,5216.659361,1,197.7071439,16441,0,0,0,0,0,879.0004433,879.0004433,,0,15012829.6,15287544.4,15287544.4,15289333.6,15012829.6,679370.819,404656.0228,679370.819,404656.0228,442038.2754,165534.2736,FALSE,FALSE,TRUE
1064211,i043,inland,inland,FALSE,1990,bcb90036,38,15000,305,6096,1886.562433,dem_agl,reported,5022.388551,1,249.0036986,15239,0,0,0,0,0,1073.59784,1073.59784,,0,14151693.52,14170115.5,14170115.5,14170160.78,14151693.52,808793.9192,790371.9393,808793.9192,790371.9393,467300.7601,448833.5024,FALSE,FALSE,TRUE
1064212,i043,inland,inland,FALSE,1990,bcb90036,39,15000,305,6096,1880.020775,dem_agl,reported,4774.261178,1,244.9562969,13770,0,0,0,0,0,1321.736743,1321.736743,,0,13017347.07,12804573.59,12804573.59,12804861.37,13017347.07,661203.8392,873977.3203,661203.8392,873977.3203,310931.5155,523417.2232,FALSE,FALSE,TRUE
1064213,i043,inland,inland,FALSE,1990,bcb90036,40,15000,305,6096,1520.3,dem_agl,reported,4524.878198,1,221.8370006,12368,0,0,0,0,0,1571.181266,1571.181266,,0,11950143.29,11501819.82,11501819.82,11501267.25,11950143.29,285396.5821,733720.0476,285396.5821,733720.0476,163790.5778,612666.6119,FALSE,FALSE,TRUE
1064214,i043,inland,inland,FALSE,1990,bcb90036,41,15000,305,6096,1520.198059,dem_agl,reported,4501.752055,1,189.0863501,12240,0,0,0,0,0,1594.377317,1594.377317,,0,11848793.84,11384551.24,11384551.24,11383724.92,11848793.84,199676.515,663919.1072,199676.515,663919.1072,230310.4855,695379.4005,FALSE,FALSE,TRUE
456385,i044,inland,inland,FALSE,2000,bcb00011,20,35000,153,6411,3438.324695,dem_agl,reported,5668.270595,1,175.7775234,78135,0,0,0,0,0,742.6653824,742.6653824,,0,72787859.91,71725030.2,71725030.2,71721013.9,72787859.91,1362078.495,2424908.207,1362078.495,2424908.207,1129895.975,2196741.983,FALSE,FALSE,TRUE
456455,i044,inland,inland,FALSE,2000,bcb00011,21,35000,153,6411,3468.798495,dem_agl,reported,5626.532268,1,183.8742929,76963,0,0,0,0,0,784.3779317,784.3779317,,0,71577472.99,70672624.29,70672624.29,70672646.82,71577472.99,1759569.771,2664418.472,1759569.771,2664418.472,764944.6487,1669770.819,FALSE,FALSE,TRUE
456456,i044,inland,inland,FALSE,2000,bcb00011,22,35000,153,6411,3427.506962,dem_agl,reported,5663.586097,1,187.0739699,77982,0,0,0,0,0,747.3159029,747.3159029,,0,70542200.22,71606526.01,71606526.01,71591355.14,70542200.22,2487739.451,1423413.655,2487739.451,1423413.655,2091234.482,1042079.557,FALSE,FALSE,TRUE
456457,i044,inland,inland,FALSE,2000,bcb00011,23,35000,153,6412,3427.506962,dem_agl,reported,5642.852125,1,218.5336581,77410,0,0,0,0,0,768.9911098,768.9911098,,0,72596051.96,71083193.27,71083193.27,71077112.01,72596051.96,1415455.34,2928314.032,1415455.34,2928314.032,1166500.983,2685440.939,FALSE,FALSE,TRUE
456458,i044,inland,inland,FALSE,2000,bcb00011,24,35000,153,6410,3441.273592,dem_agl,reported,5598.724446,1,187.6817865,76202,0,0,0,0,0,811.213629,811.213629,,0,68862552.62,69975784.65,69975784.65,69976573.02,68862552.62,2195030.452,1081798.424,2195030.452,1081798.424,2009630.551,895610.155,FALSE,FALSE,TRUE
456459,i044,inland,inland,FALSE,2000,bcb00011,25,35000,153,6411,3441.310244,dem_agl,reported,5631.480781,1,189.1484526,77098,0,0,0,0,0,778.6869548,778.6869548,,0,67455601.09,70796991.54,70796991.54,70810720.33,67455601.09,4020172.343,678781.8936,4020172.343,678781.8936,3861517.231,506398.0001,FALSE,FALSE,TRUE
456460,i044,inland,inland,FALSE,2000,bcb00011,26,35000,153,6415,3448.199344,dem_agl,reported,5607.396675,1,184.1170814,76443,0,0,0,0,0,807.2743028,807.2743028,,0,67908546.21,70192732.63,70192732.63,70193253.8,67908546.21,3533782.152,1249595.738,3533782.152,1249595.738,3108462.459,823754.8736,FALSE,FALSE,TRUE
456461,i044,inland,inland,FALSE,2000,bcb00011,27,35000,153,6413,3448.150921,dem_agl,reported,5583.339916,1,173.7379989,75802,0,0,0,0,0,829.443521,829.443521,,0,67745287.96,69591745.22,69591745.22,69596577.86,67745287.96,3050621.919,1204164.662,3050621.919,1204164.662,2814992.853,963702.9538,FALSE,FALSE,TRUE
456462,i044,inland,inland,FALSE,2000,bcb00011,28,35000,153,6411,3372.441352,dem_agl,reported,5585.394317,1,158.2484113,75841,0,0,0,0,0,825.46745,825.46745,,0,68067906,69642967.49,69642967.49,69646527.12,68067906,2527193.824,952132.3337,2527193.824,952132.3337,2387343.12,808722.0005,FALSE,FALSE,TRUE
456463,i044,inland,inland,FALSE,2000,bcb00011,29,35000,153,6413,3372.441352,dem_agl,reported,5575.86154,1,154.7623071,75585,0,0,0,0,0,837.0653727,837.0653727,,0,68228032.22,69405446.44,69405446.44,69407309.92,68228032.22,2405515.468,1228101.245,2405515.468,1228101.245,2218788.149,1039510.445,FALSE,FALSE,TRUE
1007284,i045,inland,inland,FALSE,1988,bcc820,136,15000,305,6706,1823.837362,dem_agl,reported,5813.905565,1,55.92948527,21006,0,0,0,0,0,892.0973973,892.0973973,,0,18967543.46,18988415.22,18988415.22,18988282.2,18967543.46,149402.1407,128530.3818,149402.1407,128530.3818,139740.9341,119002.1999,FALSE,FALSE,TRUE
1007285,i045,inland,inland,FALSE,1988,bcc820,137,15000,305,6706,1823.881288,dem_agl,reported,5788.162857,1,59.95529507,20822,0,0,0,0,0,917.669492,917.669492,,0,19015432.12,18820634.36,18820634.36,18821580.7,19015432.12,84633.94457,279431.7058,84633.94457,279431.7058,46086.95114,239938.3656,FALSE,FALSE,TRUE
1007286,i045,inland,inland,FALSE,1988,bcc820,138,15000,305,6706,1823.881288,dem_agl,reported,5795.305695,1,54.70347343,20870,0,0,0,0,0,910.6050989,910.6050989,,0,19006018.2,18867113.94,18867113.94,18867724.82,19006018.2,141993.8461,280898.1039,141993.8461,280898.1039,63492.41047,201785.7916,FALSE,FALSE,TRUE
1007287,i045,inland,inland,FALSE,1988,bcc820,139,15000,305,6706,1823.935459,dem_agl,reported,5835.351907,1,46.98258211,21161,0,0,0,0,0,870.6449174,870.6449174,,0,19093247.58,19128762.58,19128762.58,19128777.81,19093247.58,187685.5316,152170.5353,187685.5316,152170.5353,125254.3243,89724.09414,FALSE,FALSE,TRUE
1007288,i045,inland,inland,FALSE,1988,bcc820,140,15000,305,6706,1715.318171,dem_agl,reported,5866.778453,1,23.84860224,21393,0,0,0,0,0,839.2178522,839.2178522,,0,19348336,19335354.99,19335354.99,19335377.86,19348336,101159.5859,114140.5984,101159.5859,114140.5984,95288.71271,108246.855,FALSE,FALSE,TRUE
1007289,i045,inland,inland,FALSE,1988,bcc820,141,15000,305,6706,1715.289258,dem_agl,reported,5898.430047,1,40.70883336,21624,0,0,0,0,0,807.5562323,807.5562323,,0,19606964.7,19544548.4,19544548.4,19544591.23,19606964.7,80698.76295,143115.0699,80698.76295,143115.0699,29620.09596,91993.56688,FALSE,FALSE,TRUE
1007290,i045,inland,inland,FALSE,1988,bcc820,142,15000,305,6706,1715.279655,dem_agl,reported,5919.954249,1,37.98601976,21779,0,0,0,0,0,785.9443906,785.9443906,,0,19527136.94,19687450.27,19687450.27,19688084.91,19527136.94,209589.7371,49276.40877,209589.7371,49276.40877,188066.5956,27118.62554,FALSE,FALSE,TRUE
1007291,i045,inland,inland,FALSE,1988,bcc820,143,15000,305,6706,1708.034542,dem_agl,reported,5895.960257,1,55.65034098,21604,0,0,0,0,0,810.0286668,810.0286668,,0,19466658.38,19528184.44,19528184.44,19528221.01,19466658.38,219239.6419,157713.58,219239.6419,157713.58,128035.5943,66472.96466,FALSE,FALSE,TRUE
1007292,i045,inland,inland,FALSE,1988,bcc820,144,15000,305,6706,1708.034542,dem_agl,reported,5846.630965,1,44.68648347,21242,0,0,0,0,0,859.3434202,859.3434202,,0,19303849.43,19202781.4,19202781.4,19202792.4,19303849.43,110706.8682,211774.8918,110706.8682,211774.8918,56437.51191,157494.5334,FALSE,FALSE,TRUE
1007293,i045,inland,inland,FALSE,1988,bcc820,145,15000,305,6706,1476.22811,dem_agl,reported,5819.400668,1,37.12495444,21045,0,0,0,0,0,886.5154216,886.5154216,,0,18893483.09,19024326.58,19024326.58,19024845.99,18893483.09,203836.7922,72993.30249,203836.7922,72993.30249,199424.9399,68062.03776,FALSE,FALSE,TRUE
60808,i046,inland,inland,FALSE,1995,bcc95051,131,15000,305,5685,1365.617918,dem_agl,reported,4693.204121,1,29.76400997,13358,0,0,0,0,0,991.7900385,991.7900385,,0,12445514.32,12373474.29,12373474.29,12373516.91,12445514.32,43726.68741,115766.7197,43726.68741,115766.7197,32826.85186,104824.2596,FALSE,FALSE,TRUE
60809,i046,inland,inland,FALSE,1995,bcc95051,132,15000,305,5686,1365.617918,dem_agl,reported,4695.26164,1,28.31104265,13370,0,0,0,0,0,990.7392165,990.7392165,,0,12423889.22,12384325.82,12384325.82,12384313.91,12423889.22,54484.77197,94048.16703,54484.77197,94048.16703,45804.24442,85379.55077,FALSE,FALSE,TRUE
60810,i046,inland,inland,FALSE,1995,bcc95051,133,15000,305,5689,1252.370215,dem_agl,reported,4716.464312,1,34.50867426,13492,0,0,0,0,0,972.5356884,972.5356884,,0,12511223.72,12496427.63,12496427.63,12496418.48,12511223.72,88930.32262,103726.4087,88930.32262,103726.4087,45801.79234,60607.03193,FALSE,FALSE,TRUE
60811,i046,inland,inland,FALSE,1995,bcc95051,134,15000,305,5690,1252.370215,dem_agl,reported,4742.751133,1,32.0970886,13646,0,0,0,0,0,947.2488667,947.2488667,,0,12635186.58,12636111.41,12636111.41,12636109.55,12635186.58,96276.72845,95351.89683,96276.72845,95351.89683,54326.76981,53403.79769,FALSE,FALSE,TRUE
60812,i046,inland,inland,FALSE,1995,bcc95051,135,15000,305,5688,1418.910176,dem_agl,reported,4765.509487,1,30.2128167,13775,0,0,0,0,0,922.4898574,922.4898574,,0,12735800.92,12757672.53,12757672.53,12757723.26,12735800.92,96056.47825,74184.86546,96056.47825,74184.86546,55822.44731,33900.10828,FALSE,FALSE,TRUE
60813,i046,inland,inland,FALSE,1995,bcc95051,136,15000,305,5686,1359.039872,dem_agl,reported,4787.65282,1,22.78738945,13904,0,0,0,0,0,898.3422598,898.3422598,,0,12849648.01,12876507.14,12876507.14,12876500.08,12849648.01,78878.10601,52018.97877,78878.10601,52018.97877,57881.93256,31029.85557,FALSE,FALSE,TRUE
60814,i046,inland,inland,FALSE,1995,bcc95051,137,15000,305,5687,1359.039872,dem_agl,reported,4806.866106,1,15.54135329,14015,0,0,0,0,0,880.1340857,880.1340857,,0,12962223.68,12980063.7,12980063.7,12980065.19,12962223.68,57585.21066,39745.188,57585.21066,39745.188,44290.65919,26449.14967,FALSE,FALSE,TRUE
60815,i046,inland,inland,FALSE,1995,bcc95051,138,15000,305,5684,1418.930093,dem_agl,reported,4817.751185,1,9.9573016,14080,0,0,0,0,0,866.2485846,866.2485846,,0,13032861.48,13038916.59,13038916.59,13038917.66,13032861.48,31936.06224,25880.95002,31936.06224,25880.95002,22643.32859,16587.15315,FALSE,FALSE,TRUE
60816,i046,inland,inland,FALSE,1995,bcc95051,139,15000,305,5684,1418.930093,dem_agl,reported,4821.444437,1,12.12115559,14102,0,0,0,0,0,862.5545273,862.5545273,,0,13026162.97,13058915.33,13058915.33,13058918.3,13026162.97,55377.05543,22624.69621,55377.05543,22624.69621,53926.40244,21171.06768,FALSE,FALSE,TRUE
60817,i046,inland,inland,FALSE,1995,bcc95051,140,15000,305,5686,1312.322287,dem_agl,reported,4809.521044,1,33.85951479,14032,0,0,0,0,0,876.4825336,876.4825336,,0,12954187.35,12994406.01,12994406.01,12994375.08,12954187.35,112595.2886,72376.6271,112595.2886,72376.6271,80186.18735,39998.45752,FALSE,FALSE,TRUE
1358908,i047,inland,inland,FALSE,1973,bc7500,191,20000,305,5943,1285.023067,dem_agl,reported,4609.439809,1,33.98928999,12919,0,0,0,0,0,1333.612468,1333.612468,,0,12006362.23,11935732.3,11935732.3,11935391.03,12006362.23,72405.14521,143035.0681,72405.14521,143035.0681,35728.38251,106699.5804,FALSE,FALSE,TRUE
1358909,i047,inland,inland,FALSE,1973,bc7500,192,20000,305,5943,1285.029957,dem_agl,reported,4594.738388,1,35.94570467,12840,0,0,0,0,0,1348.333712,1348.333712,,0,11965241.99,11859717.69,11859717.69,11859337.85,11965241.99,29143.20025,134667.5011,29143.20025,134667.5011,15693.43509,121597.5737,FALSE,FALSE,TRUE
1358910,i047,inland,inland,FALSE,1973,bc7500,193,20000,305,5943,1285.027075,dem_agl,reported,4590.692627,1,35.77564484,12814,0,0,0,0,0,1352.325219,1352.325219,,0,11870488.89,11838841.44,11838841.44,11838732.65,11870488.89,59874.93479,91522.39063,59874.93479,91522.39063,63400.56708,95156.8049,FALSE,FALSE,TRUE
1358911,i047,inland,inland,FALSE,1973,bc7500,194,20000,305,5943,1285.027075,dem_agl,reported,4581.838575,1,54.16368975,12765,0,0,0,0,0,1361.166593,1361.166593,,0,11740696.89,11793218.42,11793218.42,11793107.06,11740696.89,141542.7892,89021.26789,141542.7892,89021.26789,123373.6405,70963.47819,FALSE,FALSE,TRUE
1358912,i047,inland,inland,FALSE,1973,bc7500,195,20000,305,5943,1285.032658,dem_agl,reported,4584.478703,1,60.92873835,12780,0,0,0,0,0,1358.598773,1358.598773,,0,11908884.43,11806813.21,11806813.21,11806314.18,11908884.43,90060.53116,192131.7534,90060.53116,192131.7534,36280.28382,138850.5393,FALSE,FALSE,TRUE
1358913,i047,inland,inland,FALSE,1973,bc7500,196,20000,305,5943,1285.034195,dem_agl,reported,4619.643687,1,83.21701527,12976,0,0,0,0,0,1323.426574,1323.426574,,0,12081085.82,11988634.85,11988634.85,11988376.2,12081085.82,178880.2488,271331.2155,178880.2488,271331.2155,98011.74733,190721.3679,FALSE,FALSE,TRUE
1358914,i047,inland,inland,FALSE,1973,bc7500,197,20000,305,5943,1285.042689,dem_agl,reported,4699.719064,1,69.68590389,13431,0,0,0,0,0,1243.439273,1243.439273,,0,12311417.46,12407850.98,12407850.98,12407075.76,12311417.46,257592.623,161159.1041,257592.623,161159.1041,176926.6127,81268.31421,FALSE,FALSE,TRUE
1358915,i047,inland,inland,FALSE,1973,bc7500,198,20000,305,5943,1285.042689,dem_agl,reported,4756.802429,1,39.32549651,13759,0,0,0,0,0,1186.360112,1186.360112,,0,12582729.47,12711096.06,12711096.06,12710239.81,12582729.47,207578.6382,79212.05608,207578.6382,79212.05608,167096.0495,39585.71213,FALSE,FALSE,TRUE
1358916,i047,inland,inland,FALSE,1973,bc7500,199,20000,305,5943,1285.044502,dem_agl,reported,4789.510617,1,32.9326572,13947,0,0,0,0,0,1153.498521,1153.498521,,0,12866279.79,12886502.25,12886502.25,12886393.84,12866279.79,114697.331,94474.87363,114697.331,94474.87363,74802.74505,54688.69967,FALSE,FALSE,TRUE
1358917,i047,inland,inland,FALSE,1973,bc7500,200,20000,305,5943,1285.052792,dem_agl,reported,4813.467251,1,33.27744675,14089,0,0,0,0,0,1129.535621,1129.535621,,0,12994269.04,13015738.55,13015738.55,13015721.62,12994269.04,92265.44133,70795.92699,92265.44133,70795.92699,67325.44398,45872.85772,FALSE,FALSE,TRUE
29530,i048,inland,inland,FALSE,1996,bcc96122,139,15000,305,5944,1396.98281,dem_agl,reported,5050.664635,1,28.43083642,15431,0,0,0,0,0,893.3334301,893.3334301,,0,14319313.54,14330120.35,14330120.35,14330129.96,14319313.54,88865.04389,78058.22922,88865.04389,78058.22922,75970.78733,65154.36568,FALSE,FALSE,TRUE
29531,i048,inland,inland,FALSE,1996,bcc96122,140,15000,305,5944,1396.98281,dem_agl,reported,5069.947975,1,24.1002509,15552,0,0,0,0,0,874.0432122,874.0432122,,0,14401406.53,14439753.49,14439753.49,14439824.09,14401406.53,90365.9447,52018.99032,90365.9447,52018.99032,82846.60339,44429.05092,FALSE,FALSE,TRUE
29532,i048,inland,inland,FALSE,1996,bcc96122,141,15000,305,5944,1548.654514,dem_agl,reported,5084.027737,1,13.05492583,15639,0,0,0,0,0,859.9668533,859.9668533,,0,14462056.88,14520066.19,14520066.19,14520092.68,14462056.88,79807.41836,21798.11499,79807.41836,21798.11499,69123.24434,11087.44884,FALSE,FALSE,TRUE
29533,i048,inland,inland,FALSE,1996,bcc96122,142,15000,305,5944,1305.254004,dem_agl,reported,5085.753242,1,15.86297561,15647,0,0,0,0,0,858.2472481,858.2472481,,0,14516605.28,14529924,14529924,14529903.52,14516605.28,43775.2584,30456.54015,43775.2584,30456.54015,22225.19065,8926.953987,FALSE,FALSE,TRUE
29534,i048,inland,inland,FALSE,1996,bcc96122,143,15000,305,5944,1305.254004,dem_agl,reported,5085.571006,1,17.25170933,15649,0,0,0,0,0,858.4224818,858.4224818,,0,14483850.32,14528882.73,14528882.73,14528891.2,14483850.32,71720.02601,26687.62223,71720.02601,26687.62223,63058.47237,18017.59084,FALSE,FALSE,TRUE
29535,i048,inland,inland,FALSE,1996,bcc96122,144,15000,305,5944,1614.55249,dem_agl,reported,5080.739937,1,25.98693399,15616,0,0,0,0,0,863.2446765,863.2446765,,0,14422882.2,14501292.24,14501292.24,14501390,14422882.2,120916.5031,42506.47147,120916.5031,42506.47147,113254.6859,34746.88763,FALSE,FALSE,TRUE
29536,i048,inland,inland,FALSE,1996,bcc96122,145,15000,305,5944,1344.27714,dem_agl,reported,5066.294867,1,35.32278979,15526,0,0,0,0,0,877.6933191,877.6933191,,0,14360745.05,14418952.1,14418952.1,14418960.08,14360745.05,143461.5447,85254.49075,143461.5447,85254.49075,86217.75297,28002.7242,FALSE,FALSE,TRUE
29537,i048,inland,inland,FALSE,1996,bcc96122,146,15000,305,5944,1344.27714,dem_agl,reported,5057.401942,1,36.81490765,15467,0,0,0,0,0,886.6259877,886.6259877,,0,14298855.11,14368377.03,14368377.03,14368387,14298855.11,163213.4843,93691.57214,163213.4843,93691.57214,102815.3654,33283.47594,FALSE,FALSE,TRUE
29538,i048,inland,inland,FALSE,1996,bcc96122,147,15000,305,5944,1404.711871,dem_agl,reported,5046.345258,1,37.28872281,15408,0,0,0,0,0,897.6423752,897.6423752,,0,14234612.51,14305620.32,14305620.32,14305682.54,14234612.51,178877.3598,107869.5544,178877.3598,107869.5544,121204.0212,50133.9933,FALSE,FALSE,TRUE
29539,i048,inland,inland,FALSE,1996,bcc96122,148,15000,305,5944,1404.711871,dem_agl,reported,5032.453307,1,40.32508696,15321,0,0,0,0,0,911.5409053,911.5409053,,0,14163877.57,14226965.6,14226965.6,14226971.86,14163877.57,188049.4139,124961.3871,188049.4139,124961.3871,127425.3479,64331.05883,FALSE,FALSE,TRUE
1359536,i049,inland,inland,FALSE,1973,bc7503,64,20000,305,6096,1287.411953,dem_agl,reported,5167.535633,1,21.80955146,16217,0,0,0,0,0,928.4630929,928.4630929,,0,15002326.69,15000983.5,15000983.5,15000977.24,15002326.69,63765.81835,65109.01019,63765.81835,65109.01019,35034.23516,36383.68496,FALSE,FALSE,TRUE
1359537,i049,inland,inland,FALSE,1973,bc7503,65,20000,305,6096,1294.075361,dem_agl,reported,5171.788997,1,22.93914701,16244,0,0,0,0,0,924.2241905,924.2241905,,0,14971703.15,15025688.08,15025688.08,15025630.98,14971703.15,93499.01745,39514.09,93499.01745,39514.09,73104.54048,19176.7181,FALSE,FALSE,TRUE
1359538,i049,inland,inland,FALSE,1973,bc7503,66,20000,305,6096,1294.014029,dem_agl,reported,5172.044778,1,24.52733219,16248,0,0,0,0,0,923.9596823,923.9596823,,0,14978509.55,15027174.37,15027174.37,15027118.11,14978509.55,103534.3923,54869.57033,103534.3923,54869.57033,78305.62659,29697.05959,FALSE,FALSE,TRUE
1359539,i049,inland,inland,FALSE,1973,bc7503,67,20000,305,6096,1287.306252,dem_agl,reported,5185.274994,1,30.19425655,16331,0,0,0,0,0,910.7271473,910.7271473,,0,15074056.08,15104152.45,15104152.45,15104041.91,15074056.08,103937.0929,73840.72169,103937.0929,73840.72169,82833.13129,52847.29956,FALSE,FALSE,TRUE
1359540,i049,inland,inland,FALSE,1973,bc7503,68,20000,305,6096,1287.306252,dem_agl,reported,5187.837706,1,36.28770678,16345,0,0,0,0,0,908.2206544,908.2206544,,0,14997839.59,15119085.96,15119085.96,15118737.73,14997839.59,175755.8885,54509.52649,175755.8885,54509.52649,152956.8979,32058.76655,FALSE,FALSE,TRUE
1359541,i049,inland,inland,FALSE,1973,bc7503,69,20000,305,6096,1293.93931,dem_agl,reported,5180.557397,1,49.95659554,16300,0,0,0,0,0,915.4590039,915.4590039,,0,15004424.8,15076681.25,15076681.25,15076558.93,15004424.8,163211.4673,90955.0199,163211.4673,90955.0199,127483.616,55349.48177,FALSE,FALSE,TRUE
1359542,i049,inland,inland,FALSE,1973,bc7503,70,20000,305,6096,1293.910458,dem_agl,reported,5155.340431,1,54.43060193,16143,0,0,0,0,0,940.6519809,940.6519809,,0,14910579.23,14930263.46,14930263.46,14930301.32,14910579.23,203307.798,183623.562,203307.798,183623.562,117510.8622,97788.7739,FALSE,FALSE,TRUE
1359543,i049,inland,inland,FALSE,1973,bc7503,71,20000,305,6096,1293.896168,dem_agl,reported,5130.423195,1,65.4417575,15987,0,0,0,0,0,965.5693151,965.5693151,,0,14724444.36,14786287.77,14786287.77,14786341.57,14724444.36,259852.9418,198009.5348,259852.9418,198009.5348,172845.9734,110948.7695,FALSE,FALSE,TRUE
1359544,i049,inland,inland,FALSE,1973,bc7503,72,20000,305,6096,1293.896168,dem_agl,reported,5122.373388,1,67.44467059,15939,0,0,0,0,0,973.6491207,973.6491207,,0,14816050.49,14739923.8,14739923.8,14739709.84,14816050.49,163436.2972,239562.9855,163436.2972,239562.9855,60660.6639,137001.3165,FALSE,FALSE,TRUE
1359545,i049,inland,inland,FALSE,1973,bc7503,73,20000,305,6096,1300.912023,dem_agl,reported,5129.952484,1,68.00982816,15985,0,0,0,0,0,966.0475162,966.0475162,,0,14777962.32,14783574.64,14783574.64,14783444.32,14777962.32,209675.1993,204062.8772,209675.1993,204062.8772,120662.1964,115180.1966,FALSE,FALSE,TRUE
384878,i050,inland,inland,FALSE,1999,bcb99018,152,35000,153,7620,2774.430452,dem_agl,reported,5927.595184,1,233.782392,82910,0,0,0,0,0,1690.851932,1690.851932,,0,83585988.85,78438027.44,78438027.44,78477050.69,83585988.85,1449125.781,6597087.184,1449125.781,6597087.184,1177129.726,6286067.881,FALSE,FALSE,TRUE
384879,i050,inland,inland,FALSE,1999,bcb99018,153,35000,153,7620,2774.430452,dem_agl,reported,5946.39838,1,255.6419486,83437,0,0,0,0,0,1673.163158,1673.163158,,0,81218439.51,78936450.45,78936450.45,78945783.28,81218439.51,1979576.493,4261565.555,1979576.493,4261565.555,1732290.73,4004946.961,FALSE,FALSE,TRUE
384880,i050,inland,inland,FALSE,1999,bcb99018,154,35000,153,7620,2916.746678,dem_agl,reported,6121.61725,1,268.2400991,88428,0,0,0,0,0,1498.300395,1498.300395,,0,82561328.5,83656932.27,83656932.27,83657829.27,82561328.5,3869971.914,2774368.144,3869971.914,2774368.144,2437281.626,1340780.852,FALSE,FALSE,TRUE
384881,i050,inland,inland,FALSE,1999,bcb99018,155,35000,153,7620,2905.347448,dem_agl,reported,6232.863443,1,211.0402241,91670,0,0,0,0,0,1386.778801,1386.778801,,0,84926081.22,86725101.03,86725101.03,86733980.07,84926081.22,3699096.638,1900076.827,3699096.638,1900076.827,3461594.793,1653695.946,FALSE,FALSE,TRUE
384882,i050,inland,inland,FALSE,1999,bcb99018,156,35000,153,7620,2905.347448,dem_agl,reported,6268.312622,1,174.7108296,92727,0,0,0,0,0,1351.689847,1351.689847,,0,88024923.85,87714397.92,87714397.92,87712567.56,88024923.85,2518957.988,2829483.916,2518957.988,2829483.916,2738717.088,3051073.377,FALSE,FALSE,TRUE
384883,i050,inland,inland,FALSE,1999,bcb99018,157,35000,153,7620,2888.017093,dem_agl,reported,6323.673792,1,201.9575443,94364,0,0,0,0,0,1296.320059,1296.320059,,0,89461102.45,89270611.13,89270611.13,89257333.34,89461102.45,2329630.364,2520121.684,2329630.364,2520121.684,2064935.659,2268704.771,FALSE,FALSE,TRUE
384884,i050,inland,inland,FALSE,1999,bcb99018,158,35000,153,7620,2888.017093,dem_agl,reported,6333.38451,1,215.4027713,94648,0,0,0,0,0,1285.573061,1285.573061,,0,87240261.26,89544991.93,89544991.93,89571355.05,87240261.26,3897338.564,1592607.902,3897338.564,1592607.902,3917627.362,1586533.572,FALSE,FALSE,TRUE
384885,i050,inland,inland,FALSE,1999,bcb99018,159,35000,153,7620,2857.362775,dem_agl,reported,6274.572001,1,259.9509276,92903,0,0,0,0,0,1344.376301,1344.376301,,0,85344819.39,87889664.14,87889664.14,87918890.88,85344819.39,4827336.118,2282491.368,4827336.118,2282491.368,4406425.964,1832354.473,FALSE,FALSE,TRUE
384886,i050,inland,inland,FALSE,1999,bcb99018,160,35000,153,7620,2857.362775,dem_agl,reported,6116.349463,1,261.5559398,88272,0,0,0,0,0,1503.633676,1503.633676,,0,83873825.74,83513016.94,83513016.94,83510880.81,83873825.74,3716651.621,4077460.423,3716651.621,4077460.423,2394563.668,2757508.6,FALSE,FALSE,TRUE
384887,i050,inland,inland,FALSE,1999,bcb99018,161,35000,153,7620,2869.491921,dem_agl,reported,5907.404962,1,256.9966899,82348,0,0,0,0,0,1712.506677,1712.506677,,0,77616371.65,77904595.58,77904595.58,77905998.98,77616371.65,3001363.208,2713139.28,3001363.208,2713139.28,2606210.894,2316583.567,FALSE,FALSE,TRUE
553978,i051,inland,inland,FALSE,1986,bcc399,228,10000,305,3810,661.51438,dem_agl,reported,2832.668339,1,59.08123825,4836,0,0,0,0,0,977.4589883,977.4589883,,0,4641105.364,4507588.169,4507588.169,4507102.514,4641105.364,24972.12127,158489.316,24972.12127,158489.316,8301.837349,142304.6868,FALSE,FALSE,TRUE
553979,i051,inland,inland,FALSE,1986,bcc399,229,10000,305,3810,655.0275907,dem_agl,reported,2830.549206,1,51.19677649,4828,0,0,0,0,0,979.6735491,979.6735491,,0,4647889.402,4500846.393,4500846.393,4500024.115,4647889.402,22564.78104,169607.7903,22564.78104,169607.7903,11765.3458,159630.633,FALSE,FALSE,TRUE
553980,i051,inland,inland,FALSE,1986,bcc399,230,10000,305,3810,655.0275907,dem_agl,reported,2866.496541,1,61.5078634,4952,0,0,0,0,0,943.4758745,943.4758745,,0,4655277.652,4615891.772,4615891.772,4615976.801,4655277.652,76750.9594,116136.8396,76750.9594,116136.8396,26286.02398,65586.87556,FALSE,FALSE,TRUE
553981,i051,inland,inland,FALSE,1986,bcc399,231,10000,305,3810,862.527461,dem_agl,reported,2922.405465,1,31.08393731,5148,0,0,0,0,0,887.6131949,887.6131949,,0,4788145.591,4797706.939,4797706.939,4797630.158,4788145.591,68546.70218,58985.3543,68546.70218,58985.3543,42921.32616,33436.75927,FALSE,FALSE,TRUE
553982,i051,inland,inland,FALSE,1986,bcc399,232,10000,305,3810,856.0416403,dem_agl,reported,2949.651709,1,21.01370007,5242,0,0,0,0,0,860.3521462,860.3521462,,0,4916624.726,4887584.171,4887584.171,4887571.697,4916624.726,19301.73151,48342.28638,19301.73151,48342.28638,11601.29799,40654.32778,FALSE,FALSE,TRUE
553983,i051,inland,inland,FALSE,1986,bcc399,233,10000,305,3810,856.0416403,dem_agl,reported,2966.530984,1,20.71674473,5303,0,0,0,0,0,843.4837193,843.4837193,,0,4974273.601,4943682.267,4943682.267,4943645.662,4974273.601,25880.25191,56471.58517,25880.25191,56471.58517,18571.71612,49199.65447,FALSE,FALSE,TRUE
553984,i051,inland,inland,FALSE,1986,bcc399,234,10000,305,3810,856.0401823,dem_agl,reported,2982.881166,1,19.57745025,5363,0,0,0,0,0,827.1202407,827.1202407,,0,5040017.12,4998327.143,4998327.143,4998322.696,5040017.12,18829.52082,60519.49777,18829.52082,60519.49777,8590.343012,50284.76706,FALSE,FALSE,TRUE
553985,i051,inland,inland,FALSE,1986,bcc399,235,10000,305,3810,856.0343889,dem_agl,reported,3003.647649,1,26.5566356,5442,0,0,0,0,0,806.3551013,806.3551013,,0,5119186.889,5068164.983,5068164.983,5068172.143,5119186.889,30081.74395,81103.64992,30081.74395,81103.64992,15671.77376,66686.51987,FALSE,FALSE,TRUE
553986,i051,inland,inland,FALSE,1986,bcc399,236,10000,305,3810,856.0343889,dem_agl,reported,3034.60133,1,33.65708506,5552,0,0,0,0,0,775.3986702,775.3986702,,0,5163222.34,5173161.789,5173161.789,5173209.14,5163222.34,55451.97141,45512.52219,55451.97141,45512.52219,38356.09887,28369.29883,FALSE,FALSE,TRUE
553987,i051,inland,inland,FALSE,1986,bcc399,237,10000,305,3810,856.0330925,dem_agl,reported,3048.444172,1,25.52739589,5603,0,0,0,0,0,761.5558284,761.5558284,,0,5163378.233,5220465.923,5220465.923,5220416.46,5163378.233,73883.68421,16795.99421,73883.68421,16795.99421,67878.54337,10840.31611,FALSE,FALSE,TRUE
669179,i052,inland,inland,FALSE,2004,bcc04010,42,30000,153,6096,2669.834825,dem_agl,reported,4772.345552,1,374.0810321,56297,0,0,0,0,0,1323.633344,1323.633344,,0,51464861.22,50843255.99,50843255.99,50841294.28,51464861.22,4017003.865,4638609.091,4017003.865,4638609.091,1703572.422,2327139.356,FALSE,FALSE,TRUE
669180,i052,inland,inland,FALSE,2004,bcc04010,43,30000,153,6096,2662.594048,dem_agl,reported,4551.187958,1,357.7117995,51201,0,0,0,0,0,1544.607757,1544.607757,,0,47459871.19,46240139.3,46240139.3,46245492.33,47459871.19,2916081.516,4135813.399,2916081.516,4135813.399,2153812.663,3368191.523,FALSE,FALSE,TRUE
669181,i052,inland,inland,FALSE,2004,bcc04010,44,30000,153,6096,2662.594048,dem_agl,reported,4435.2822,1,245.3011903,48623,0,0,0,0,0,1660.862578,1660.862578,,0,46071420.75,43914920.96,43914920.96,43911860.98,46071420.75,1787870.031,3944369.82,1787870.031,3944369.82,1815300.545,3974860.314,FALSE,FALSE,TRUE
669182,i052,inland,inland,FALSE,2004,bcc04010,45,30000,153,6096,2655.557723,dem_agl,reported,4507.130385,1,233.7491694,50214,0,0,0,0,0,1588.933143,1588.933143,,0,44297728.58,45349221.3,45349221.3,45345246.2,44297728.58,2615541.523,1564048.796,2615541.523,1564048.796,2496879.149,1449361.521,FALSE,FALSE,TRUE
669183,i052,inland,inland,FALSE,2004,bcc04010,46,30000,153,6096,2655.557723,dem_agl,reported,4569.095076,1,252.12618,51602,0,0,0,0,0,1526.920966,1526.920966,,0,48031019.72,46604728.33,46604728.33,46604101.07,48031019.72,1935033.19,3361324.579,1935033.19,3361324.579,2039744.85,3466663.503,FALSE,FALSE,TRUE
669184,i052,inland,inland,FALSE,2004,bcc04010,47,30000,153,6096,2815.104181,dem_agl,reported,4749.236806,1,304.4067543,55752,0,0,0,0,0,1346.619786,1346.619786,,0,51887216.51,50352059.67,50352059.67,50354602.27,51887216.51,1966299.144,3501455.986,1966299.144,3501455.986,1012410.143,2545024.389,FALSE,FALSE,TRUE
669185,i052,inland,inland,FALSE,2004,bcc04010,48,30000,153,6096,2800.580652,dem_agl,reported,4866.049447,1,243.7631411,58526,0,0,0,0,0,1229.033779,1229.033779,,0,50501724.92,52859448.28,52859448.28,52867956.71,50501724.92,3820206.237,1462482.875,3820206.237,1462482.875,3334486.305,968254.518,FALSE,FALSE,TRUE
669186,i052,inland,inland,FALSE,2004,bcc04010,49,30000,153,6096,2800.347093,dem_agl,reported,4712.765986,1,341.6501016,54898,0,0,0,0,0,1383.201963,1383.201963,,0,50829885.29,49581691.75,49581691.75,49577611.59,50829885.29,2682830.828,3931024.364,2682830.828,3931024.364,1346255.929,2598529.629,FALSE,FALSE,TRUE
669187,i052,inland,inland,FALSE,2004,bcc04010,50,30000,153,6096,2633.606648,dem_agl,reported,4439.352348,1,248.4045201,48713,0,0,0,0,0,1657.587759,1657.587759,,0,48434548.54,43995557.21,43995557.21,43977358.7,48434548.54,1344606.461,5783597.784,1344606.461,5783597.784,687159.5176,5144349.355,FALSE,FALSE,TRUE
669188,i052,inland,inland,FALSE,2004,bcc04010,51,30000,153,6096,2633.606648,dem_agl,reported,4295.187918,1,182.9390011,45603,0,0,0,0,0,1801.465622,1801.465622,,0,43432111.13,41184512.46,41184512.46,41164900.48,43432111.13,921153.746,3168752.415,921153.746,3168752.415,828534.1133,3095744.765,FALSE,FALSE,TRUE
384869,i053,inland,inland,FALSE,1999,bcb99018,143,35000,153,7620,2756.090161,dem_agl,reported,6374.092606,1,230.3814802,95867,0,0,0,0,0,1245.907394,1245.907394,,0,90680833.34,90699799.73,90699799.73,90689346.05,90680833.34,2171727.408,2152761.022,2171727.408,2152761.022,2271057.757,2262545.046,FALSE,FALSE,TRUE
384870,i053,inland,inland,FALSE,1999,bcb99018,144,35000,153,7620,2904.93867,dem_agl,reported,6355.262505,1,236.5437759,95309,0,0,0,0,0,1264.701381,1264.701381,,0,89520411.47,90164707.52,90164707.52,90165834.3,89520411.47,2692658.101,2048362.058,2692658.101,2048362.058,2827552.133,2182129.306,FALSE,FALSE,TRUE
384871,i053,inland,inland,FALSE,1999,bcb99018,145,35000,153,7620,2887.272377,dem_agl,reported,6335.352846,1,222.1617455,94715,0,0,0,0,0,1284.632403,1284.632403,,0,89551789.67,89600659.48,89600659.48,89590974.31,89551789.67,2497592.509,2448722.702,2497592.509,2448722.702,2786946.762,2747762.122,FALSE,FALSE,TRUE
384872,i053,inland,inland,FALSE,1999,bcb99018,146,35000,153,7620,2887.272377,dem_agl,reported,6376.919187,1,243.436885,95957,0,0,0,0,0,1242.833886,1242.833886,,0,92347925.23,90780258.94,90780258.94,90756101.43,92347925.23,2027949.766,3595616.063,2027949.766,3595616.063,1343684.181,2935507.988,FALSE,FALSE,TRUE
384873,i053,inland,inland,FALSE,1999,bcb99018,147,35000,153,7620,2917.033288,dem_agl,reported,6490.60744,1,238.4535128,99408,0,0,0,0,0,1129.336379,1129.336379,,0,93509734.37,94045988.82,94045988.82,94047305.51,93509734.37,3202951.246,2666696.798,3202951.246,2666696.798,2351063.336,1813492.196,FALSE,FALSE,TRUE
384874,i053,inland,inland,FALSE,1999,bcb99018,148,35000,153,7620,2910.891141,dem_agl,reported,6585.505574,1,182.113279,102334,0,0,0,0,0,1032.841912,1032.841912,,0,93825519.15,96816155.67,96816155.67,96863743.57,93825519.15,4146553.872,1155917.357,4146553.872,1155917.357,3872585.54,834361.1258,FALSE,FALSE,TRUE
384875,i053,inland,inland,FALSE,1999,bcb99018,149,35000,153,7620,2910.891141,dem_agl,reported,6562.060956,1,225.0233908,101610,0,0,0,0,0,1056.760691,1056.760691,,0,93695991.34,96128045.26,96128045.26,96162380.34,93695991.34,4186304.134,1754250.21,4186304.134,1754250.21,3590291.387,1123902.378,FALSE,FALSE,TRUE
384876,i053,inland,inland,FALSE,1999,bcb99018,150,35000,153,7620,2898.917712,dem_agl,reported,6370.819367,1,326.1660803,95775,0,0,0,0,0,1248.482168,1248.482168,,0,89131370.53,90606670.92,90606670.92,90625584.51,89131370.53,5580272.728,4104972.347,5580272.728,4104972.347,2759199.008,1264985.035,FALSE,FALSE,TRUE
384877,i053,inland,inland,FALSE,1999,bcb99018,151,35000,153,7620,2898.917712,dem_agl,reported,6116.342399,1,345.3515532,88274,0,0,0,0,0,1503.593452,1503.593452,,0,84622908.83,83512824.02,83512824.02,83514525.34,84622908.83,4475274.138,5585358.953,4475274.138,5585358.953,2097900.206,3206283.698,FALSE,FALSE,TRUE
371592,i054,inland,inland,FALSE,1992,bcb92051,62,15000,305,6135,1341.221448,dem_agl,reported,4658.265662,1,224.8754889,12971,0,0,0,0,0,1476.551704,1476.551704,,0,11852928.76,12189931.89,12189931.89,12188837.56,11852928.76,618143.5508,281140.421,618143.5508,281140.421,612026.5908,276117.7935,FALSE,FALSE,TRUE
371593,i054,inland,inland,FALSE,1992,bcb92051,63,15000,305,6131,1334.225977,dem_agl,reported,4507.744817,1,239.2961046,12139,0,0,0,0,0,1623.277297,1623.277297,,0,11241754.52,11414881.8,11414881.8,11413760.69,11241754.52,566686.6736,393559.392,566686.6736,393559.392,542210.2994,370204.128,FALSE,FALSE,TRUE
371594,i054,inland,inland,FALSE,1992,bcb92051,64,15000,305,6129,1334.225977,dem_agl,reported,4497.129512,1,223.797089,12084,0,0,0,0,0,1631.902875,1631.902875,,0,11663097.25,11361183.21,11361183.21,11357320.73,11663097.25,404180.1058,706094.1533,404180.1058,706094.1533,342599.1079,648375.6355,FALSE,FALSE,TRUE
371595,i054,inland,inland,FALSE,1992,bcb92051,65,15000,305,6126,1340.12472,dem_agl,reported,4622.354208,1,247.5778269,12766,0,0,0,0,0,1503.581264,1503.581264,,0,11913927.68,12002707.36,12002707.36,12002616.83,11913927.68,650554.7744,561775.0926,650554.7744,561775.0926,504624.4521,415935.297,FALSE,FALSE,TRUE
371596,i054,inland,inland,FALSE,1992,bcb92051,66,15000,305,6124,1481.665229,dem_agl,reported,4829.628954,1,208.4032096,13935,0,0,0,0,0,1294.21276,1294.21276,,0,12772911.66,13103288.6,13103288.6,13103091.18,12772911.66,649600.8367,319223.9022,649600.8367,319223.9022,584068.6806,253889.1661,FALSE,FALSE,TRUE
371597,i054,inland,inland,FALSE,1992,bcb92051,67,15000,305,6126,1493.68382,dem_agl,reported,4946.367932,1,205.9599921,14616,0,0,0,0,0,1178.697838,1178.697838,,0,13180398.74,13744394.41,13744394.41,13748193.92,13180398.74,858566.8553,294571.1877,858566.8553,294571.1877,833200.4507,265405.2748,FALSE,FALSE,TRUE
371598,i054,inland,inland,FALSE,1992,bcb92051,68,15000,305,6126,1494.003094,dem_agl,reported,4991.8725,1,207.6788103,14889,0,0,0,0,0,1133.946752,1133.946752,,0,13686453.21,13998443.28,13998443.28,13998606.64,13686453.21,630153.2975,318163.2296,630153.2975,318163.2296,538138.6829,225985.2572,FALSE,FALSE,TRUE
371599,i054,inland,inland,FALSE,1992,bcb92051,69,15000,305,6123,1511.782386,dem_agl,reported,4988.40399,1,203.6444444,14867,0,0,0,0,0,1134.422651,1134.422651,,0,13733840.56,13978996.92,13978996.92,13980030.57,13733840.56,654866.7274,409710.3647,654866.7274,409710.3647,641811.6666,395621.6587,FALSE,FALSE,TRUE
371600,i054,inland,inland,FALSE,1992,bcb92051,70,15000,305,6119,1345.229874,dem_agl,reported,4914.494009,1,195.3508849,14431,0,0,0,0,0,1204.505991,1204.505991,,0,13589621.31,13567830,13567830,13567864.55,13589621.31,453539.7149,475331.0239,453539.7149,475331.0239,364927.4602,386684.2235,FALSE,FALSE,TRUE
371601,i054,inland,inland,FALSE,1992,bcb92051,71,15000,305,6119,1276.670876,dem_agl,reported,4822.687505,1,171.5852292,13896,0,0,0,0,0,1296.090175,1296.090175,,0,13515006.09,13065649.91,13065649.91,13066545.73,13515006.09,300903.4548,750259.6297,300903.4548,750259.6297,120235.1493,568695.5044,FALSE,FALSE,TRUE
63645,i055,inland,inland,FALSE,1995,bcc95066,126,15000,305,5760,1391.313433,dem_agl,reported,4610.815238,1,27.01410809,13024,0,0,0,0,0,1149.184762,1149.184762,,0,11974735.31,11942856.47,11942856.47,11942875.35,11974735.31,58277.70255,90156.54492,58277.70255,90156.54492,37064.19744,68924.1624,FALSE,FALSE,TRUE
63646,i055,inland,inland,FALSE,1995,bcc95066,127,15000,305,5758,1349.772814,dem_agl,reported,4593.088902,1,15.5236679,12928,0,0,0,0,0,1164.911098,1164.911098,,0,11850117.69,11851204.07,11851204.07,11851204.28,11850117.69,48814.9649,47728.57917,48814.9649,47728.57917,29934.384,28847.79256,FALSE,FALSE,TRUE
63647,i055,inland,inland,FALSE,1995,bcc95066,128,15000,305,5755,1349.772814,dem_agl,reported,4580.418088,1,12.8472852,12856,0,0,0,0,0,1174.581912,1174.581912,,0,11783934.33,11785907.15,11785907.15,11785898.84,11783934.33,35948.37165,33975.55249,35948.37165,33975.55249,21570.26506,19605.75704,FALSE,FALSE,TRUE
63648,i055,inland,inland,FALSE,1995,bcc95066,129,15000,305,5755,1391.30001,dem_agl,reported,4571.201806,1,10.34299971,12803,0,0,0,0,0,1183.798194,1183.798194,,0,11741133.86,11738525.9,11738525.9,11738516.89,11741133.86,34606.15863,37214.11496,34606.15863,37214.11496,21872.37807,24489.35199,FALSE,FALSE,TRUE
63649,i055,inland,inland,FALSE,1995,bcc95066,130,15000,305,5757,1384.386835,dem_agl,reported,4566.492635,1,10.06816955,12778,0,0,0,0,0,1190.507365,1190.507365,,0,11716422.51,11714352.72,11714352.72,11714356.68,11716422.51,30403.13484,32472.9304,30403.13484,32472.9304,15406.77004,17472.60027,FALSE,FALSE,TRUE
63650,i055,inland,inland,FALSE,1995,bcc95066,131,15000,305,5756,1377.607609,dem_agl,reported,4557.392386,1,10.63368093,12729,0,0,0,0,0,1198.607614,1198.607614,,0,11680727.43,11667709.78,11667709.78,11667714.09,11680727.43,24413.13783,37430.78322,24413.13783,37430.78322,12806.17841,25819.51433,FALSE,FALSE,TRUE
63651,i055,inland,inland,FALSE,1995,bcc95066,132,15000,305,5758,1342.832879,dem_agl,reported,4553.581754,1,8.559751264,12703,0,0,0,0,0,1204.41754,1204.41754,,0,11663830.61,11648206.19,11648206.19,11648229.83,11663830.61,15318.42692,30942.84235,15318.42692,30942.84235,7765.675897,23366.45955,FALSE,FALSE,TRUE
63652,i055,inland,inland,FALSE,1995,bcc95066,133,15000,305,5757,1342.832879,dem_agl,reported,4549.461471,1,5.661282531,12683,0,0,0,0,0,1207.538529,1207.538529,,0,11624050.92,11627136.1,11627136.1,11627135.17,11624050.92,17977.84518,14892.66636,17977.84518,14892.66636,14160.15783,11075.91033,FALSE,FALSE,TRUE
63653,i055,inland,inland,FALSE,1995,bcc95066,134,15000,305,5758,1370.523678,dem_agl,reported,4546.799643,1,6.027554496,12672,0,0,0,0,0,1211.200357,1211.200357,,0,11619230.53,11613534.33,11613534.33,11613531.26,11619230.53,9277.73864,14973.93705,9277.73864,14973.93705,6585.322574,12284.58817,FALSE,FALSE,TRUE
63654,i055,inland,inland,FALSE,1995,bcc95066,135,15000,305,5758,1328.986495,dem_agl,reported,4542.803317,1,6.411527072,12647,0,0,0,0,0,1215.196683,1215.196683,,0,11608039.44,11593128.29,11593128.29,11593136.99,11608039.44,5520.168021,20431.3185,5520.168021,20431.3185,3233.877052,18136.32837,FALSE,FALSE,TRUE
152398,i056,inland,inland,FALSE,1994,bcb94045,128,15000,305,6220,1542.131009,dem_agl,reported,5237.915245,1,71.03038822,16521,0,0,0,0,0,982.0209994,982.0209994,,0,15283849.63,15412379.96,15412379.96,15412752,15283849.63,303036.6544,174506.3261,303036.6544,174506.3261,271734.2999,142831.9344,FALSE,FALSE,TRUE
152399,i056,inland,inland,FALSE,1994,bcb94045,129,15000,305,6041,1451.359818,dem_agl,reported,4906.374793,1,119.1330339,14493,0,0,0,0,0,1134.571522,1134.571522,,0,13667464.96,13523036.32,13523036.32,13523363.77,13667464.96,265312.0888,409740.7348,265312.0888,409740.7348,119655.0019,263756.1908,FALSE,FALSE,TRUE
152400,i056,inland,inland,FALSE,1994,bcb94045,130,15000,305,6062,1451.01826,dem_agl,reported,4994.658813,1,88.47257118,15019,0,0,0,0,0,1067.302362,1067.302362,,0,13887299.11,14014074.66,14014074.66,14014152.57,13887299.11,385765.0142,258989.4628,385765.0142,258989.4628,230556.2955,103702.8304,FALSE,FALSE,TRUE
152401,i056,inland,inland,FALSE,1994,bcb94045,131,15000,305,6055,1432.007615,dem_agl,reported,5028.942206,1,64.03547877,15231,0,0,0,0,0,1025.907629,1025.907629,,0,14104004.67,14207120.45,14207120.45,14207831.56,14104004.67,276500.3011,173384.512,276500.3011,173384.512,202269.3538,98442.46115,FALSE,FALSE,TRUE
152402,i056,inland,inland,FALSE,1994,bcb94045,132,15000,305,6051,1432.007615,dem_agl,reported,5033.721433,1,58.82517001,15256,0,0,0,0,0,1017.134159,1017.134159,,0,14008984.25,14234136.6,14234136.6,14234940.86,14008984.25,316746.4415,91594.08915,316746.4415,91594.08915,309473.3435,83516.73271,FALSE,FALSE,TRUE
152403,i056,inland,inland,FALSE,1994,bcb94045,133,15000,305,6067,1451.008386,dem_agl,reported,5006.018182,1,88.0096985,15089,0,0,0,0,0,1060.980659,1060.980659,,0,14041466.81,14077891.66,14077891.66,14077939.69,14041466.81,199068.9756,162644.1181,199068.9756,162644.1181,203327.6543,166854.7757,FALSE,FALSE,TRUE
152404,i056,inland,inland,FALSE,1994,bcb94045,134,15000,305,6057,1451.008386,dem_agl,reported,4958.589996,1,81.43826975,14802,0,0,0,0,0,1098.410004,1098.410004,,0,13820467.03,13812400.84,13812400.84,13811817.7,13820467.03,253713.1236,261779.3164,253713.1236,261779.3164,217371.9119,226021.2482,FALSE,FALSE,TRUE
152405,i056,inland,inland,FALSE,1994,bcb94045,135,15000,305,6066,1392.96806,dem_agl,reported,4906.642154,1,133.2776059,14496,0,0,0,0,0,1159.144463,1159.144463,,0,13216522.4,13524510.16,13524510.16,13525672.67,13216522.4,471082.865,163095.0992,471082.865,163095.0992,455166.2153,146015.9441,FALSE,FALSE,TRUE
152406,i056,inland,inland,FALSE,1994,bcb94045,136,15000,305,6070,1348.19244,dem_agl,reported,4833.281458,1,158.7207108,14066,0,0,0,0,0,1236.718542,1236.718542,,0,13127397.72,13123115.34,13123115.34,13123094.71,13127397.72,396174.0635,400456.4383,396174.0635,400456.4383,140836.0593,145139.0655,FALSE,FALSE,TRUE
152407,i056,inland,inland,FALSE,1994,bcb94045,137,15000,305,6073,1348.19244,dem_agl,reported,4777.980481,1,129.8279445,13744,0,0,0,0,0,1294.828551,1294.828551,,0,13290367.42,12824531.71,12824531.71,12825489.55,13290367.42,199909.8221,665745.5263,199909.8221,665745.5263,107860.8073,572738.675,FALSE,FALSE,TRUE
769599,i057,inland,inland,FALSE,1969,bc5350,200,32000,153,6096,2608.819039,dem_agl,reported,4231.836974,1,198.4227494,44207,0,0,0,0,0,1864.39692,1864.39692,,0,40486613.48,39978587.69,39978587.69,39973874.06,40486613.48,1374800.282,1882826.075,1374800.282,1882826.075,875307.912,1388047.333,FALSE,FALSE,TRUE
769600,i057,inland,inland,FALSE,1969,bc5350,201,32000,153,6096,2504.713075,dem_agl,reported,4232.994548,1,183.7778395,44238,0,0,0,0,0,1863.052431,1863.052431,,0,40302344.38,40000462.11,40000462.11,39998502.93,40302344.38,1363172.904,1665055.17,1363172.904,1665055.17,935573.6273,1239415.08,FALSE,FALSE,TRUE
769601,i057,inland,inland,FALSE,1969,bc5350,202,32000,153,6096,2504.632023,dem_agl,reported,4225.601866,1,157.55787,44088,0,0,0,0,0,1870.695428,1870.695428,,0,40857668.01,39860867.11,39860867.11,39854748.73,40857668.01,1068528.214,2065329.118,1068528.214,2065329.118,1037004.499,2039923.782,FALSE,FALSE,TRUE
769602,i057,inland,inland,FALSE,1969,bc5350,203,32000,153,6096,2504.550783,dem_agl,reported,4241.308205,1,177.1857596,44424,0,0,0,0,0,1855.277946,1855.277946,,0,42000707.15,40157739.29,40157739.29,40144300.67,42000707.15,1076874.498,2919842.356,1076874.498,2919842.356,960039.5986,2816446.075,FALSE,FALSE,TRUE
769603,i057,inland,inland,FALSE,1969,bc5350,204,32000,153,6096,2504.469025,dem_agl,reported,4333.028286,1,252.6267762,46378,0,0,0,0,0,1763.599157,1763.599157,,0,43768871.14,41913375.55,41913375.55,41900643.1,43768871.14,1851266.048,3706761.638,1851266.048,3706761.638,936049.0741,2804277.113,FALSE,FALSE,TRUE
769604,i057,inland,inland,FALSE,1969,bc5350,205,32000,153,6096,2504.387289,dem_agl,reported,4443.800424,1,274.7079491,48783,0,0,0,0,0,1652.585164,1652.585164,,0,46124839.93,44083765.4,44083765.4,44074439.65,46124839.93,2662905.344,4703979.878,2662905.344,4703979.878,1156757.865,3207158.149,FALSE,FALSE,TRUE
769605,i057,inland,inland,FALSE,1969,bc5350,206,32000,153,6096,2504.387289,dem_agl,reported,4549.787232,1,257.1157762,51146,0,0,0,0,0,1546.210595,1546.210595,,0,46828934.1,46211680.89,46211680.89,46211172.57,46828934.1,2705022.827,3322276.033,2705022.827,3322276.033,1697491.974,2315253.5,FALSE,FALSE,TRUE
769606,i057,inland,inland,FALSE,1969,bc5350,207,32000,153,6096,2504.222679,dem_agl,reported,4524.828393,1,249.7503528,50599,0,0,0,0,0,1571.186167,1571.186167,,0,46618865.54,45706063.25,45706063.25,45703657.36,46618865.54,2983921.082,3896723.364,2983921.082,3896723.364,2031525.327,2946733.498,FALSE,FALSE,TRUE
769607,i057,inland,inland,FALSE,1969,bc5350,208,32000,153,6096,2504.213468,dem_agl,reported,4474.923019,1,217.5422242,49497,0,0,0,0,0,1621.675504,1621.675504,,0,47086206.29,44703417.74,44703417.74,44691521.35,47086206.29,1472708.034,3855496.586,1472708.034,3855496.586,529513.4939,2924198.43,FALSE,FALSE,TRUE
769608,i057,inland,inland,FALSE,1969,bc5350,209,32000,153,6096,2504.056864,dem_agl,reported,4483.870694,1,200.3346492,49703,0,0,0,0,0,1612.448593,1612.448593,,0,46779957.36,44882366.77,44882366.77,44875458.6,46779957.36,1451958.621,3349549.216,1451958.621,3349549.216,829683.9181,2734182.687,FALSE,FALSE,TRUE
679627,i058,inland,inland,FALSE,1984,bc84022,139,10000,305,4572,964.9209453,dem_agl,reported,3151.075018,1,48.18566239,6128,0,0,0,0,0,1420.907756,1420.907756,,0,5532073.347,5577894.023,5577894.023,5577787.522,5532073.347,112338.8643,66518.18763,112338.8643,66518.18763,84027.92563,38313.74991,FALSE,FALSE,TRUE
679628,i058,inland,inland,FALSE,1984,bc84022,140,10000,305,4572,964.9209453,dem_agl,reported,3107.030822,1,41.21045478,5958,0,0,0,0,0,1464.945559,1464.945559,,0,5367881.04,5423053.593,5423053.593,5423052.158,5367881.04,105674.4184,50501.86492,105674.4184,50501.86492,80100.71275,24929.59483,FALSE,FALSE,TRUE
679629,i058,inland,inland,FALSE,1984,bc84022,141,10000,305,4572,964.9896971,dem_agl,reported,3078.615544,1,32.38482054,5851,0,0,0,0,0,1493.384456,1493.384456,,0,5294826.143,5324314.356,5324314.356,5324238.715,5294826.143,64629.57979,35141.36652,64629.57979,35141.36652,59992.66094,30580.08861,FALSE,FALSE,TRUE
679630,i058,inland,inland,FALSE,1984,bc84022,142,10000,305,4572,881.2243332,dem_agl,reported,3062.287981,1,24.57580315,5787,0,0,0,0,0,1509.712019,1509.712019,,0,5280561.827,5267988.68,5267988.68,5267911.436,5280561.827,34493.34775,47066.49464,34493.34775,47066.49464,36299.97587,48950.36747,FALSE,FALSE,TRUE
679631,i058,inland,inland,FALSE,1984,bc84022,143,10000,305,4572,875.4551477,dem_agl,reported,3062.635892,1,33.36801096,5793,0,0,0,0,0,1509.371039,1509.371039,,0,5303427.145,5269185.757,5269185.757,5269155.929,5303427.145,51356.36859,85597.756,51356.36859,85597.756,48660.50312,82931.71933,FALSE,FALSE,TRUE
679632,i058,inland,inland,FALSE,1984,bc84022,144,10000,305,4572,875.4551477,dem_agl,reported,3070.858337,1,65.15239875,5824,0,0,0,0,0,1501.141663,1501.141663,,0,5320309.141,5297516.743,5297516.743,5297482.238,5320309.141,107662.5475,130454.9462,107662.5475,130454.9462,72328.65627,95155.55929,FALSE,FALSE,TRUE
679633,i058,inland,inland,FALSE,1984,bc84022,145,10000,305,4572,881.3887994,dem_agl,reported,3086.109116,1,94.82326844,5882,0,0,0,0,0,1485.890884,1485.890884,,0,5312725.197,5350265.431,5350265.431,5350977.334,5312725.197,180037.8718,142497.638,180037.8718,142497.638,104895.9924,66643.85571,FALSE,FALSE,TRUE
679634,i058,inland,inland,FALSE,1984,bc84022,146,10000,305,4572,881.3887994,dem_agl,reported,3087.523613,1,113.6783365,5884,0,0,0,0,0,1484.476387,1484.476387,,0,5394282.112,5355171.069,5355171.069,5355480.666,5394282.112,216345.5515,255456.5943,216345.5515,255456.5943,111351.9409,150153.3861,FALSE,FALSE,TRUE
679635,i058,inland,inland,FALSE,1984,bc84022,147,10000,305,4572,881.9445191,dem_agl,reported,3125.621273,1,170.8385918,6032,0,0,0,0,0,1446.248475,1446.248475,,0,5730456.43,5488143.79,5488143.79,5488701.465,5730456.43,261207.0948,503519.7349,261207.0948,503519.7349,124591.0852,366346.0505,FALSE,FALSE,TRUE
679636,i058,inland,inland,FALSE,1984,bc84022,148,10000,305,4572,1162.460006,dem_agl,reported,3195.492283,1,207.6083055,6303,0,0,0,0,0,1376.55148,1376.55148,,0,5784753.557,5736253.287,5736253.287,5735254.806,5784753.557,356080.2163,404580.4861,356080.2163,404580.4861,159090.9343,208589.6854,FALSE,FALSE,TRUE
579882,i059,inland,inland,FALSE,1991,bcc91049,4,15000,305,6401,1422.794704,dem_agl,reported,5367.047049,1,176.2009698,17525,0,0,0,0,0,1033.943085,1033.943085,,0,16160829.43,16181678.87,16181678.87,16180629.33,16160829.43,457132.0581,436282.617,457132.0581,436282.617,288787.4199,268987.5178,FALSE,FALSE,TRUE
579883,i059,inland,inland,FALSE,1991,bcc91049,5,15000,305,6401,1422.794704,dem_agl,reported,5444.134327,1,94.17175716,18030,0,0,0,0,0,956.6716084,956.6716084,,0,16440949.62,16649854.33,16649854.33,16649173.56,16440949.62,390488.8358,181584.127,390488.8358,181584.127,288390.2432,80166.29779,FALSE,FALSE,TRUE
579884,i059,inland,inland,FALSE,1991,bcc91049,6,15000,305,6401,1557.671845,dem_agl,reported,5387.709264,1,98.47172676,17660,0,0,0,0,0,1013.215224,1013.215224,,0,16471813.12,16306512.11,16306512.11,16307111.37,16471813.12,276393.0527,441694.0688,276393.0527,441694.0688,119608.9726,284310.7289,FALSE,FALSE,TRUE
579885,i059,inland,inland,FALSE,1991,bcc91049,7,15000,305,6401,1557.674118,dem_agl,reported,5277.189016,1,79.48273603,16944,0,0,0,0,0,1123.810984,1123.810984,,0,15692955.57,15644369.8,15644369.8,15644309.97,15692955.57,271826.6185,320412.3944,271826.6185,320412.3944,152531.0748,201176.6783,FALSE,FALSE,TRUE
579886,i059,inland,inland,FALSE,1991,bcc91049,8,15000,305,6401,1557.678102,dem_agl,reported,5189.096199,1,79.89171825,16381,0,0,0,0,0,1211.7765,1211.7765,,0,15355297.11,15126422.18,15126422.18,15127096.81,15355297.11,98668.83107,327543.7579,98668.83107,327543.7579,34088.43205,262288.7305,FALSE,FALSE,TRUE
579887,i059,inland,inland,FALSE,1991,bcc91049,9,15000,305,6401,1557.678102,dem_agl,reported,5177.267632,1,76.51538654,16307,0,0,0,0,0,1223.592955,1223.592955,,0,15286261.61,15057539.29,15057539.29,15058333.52,15286261.61,67009.4891,295731.8022,67009.4891,295731.8022,23885.80091,251813.8852,FALSE,FALSE,TRUE
579888,i059,inland,inland,FALSE,1991,bcc91049,10,15000,305,6401,1550.939353,dem_agl,reported,5223.074436,1,72.12867533,16598,0,0,0,0,0,1177.923732,1177.923732,,0,15279973.42,15325166.58,15325166.58,15325101.24,15279973.42,258435.5382,213242.3818,258435.5382,213242.3818,158949.5839,113821.7625,FALSE,FALSE,TRUE
579889,i059,inland,inland,FALSE,1991,bcc91049,11,15000,305,6401,1550.939353,dem_agl,reported,5266.501758,1,45.4938661,16875,0,0,0,0,0,1134.504669,1134.504669,,0,15550895.61,15581068.63,15581068.63,15580975.97,15550895.61,183008.8755,152835.8596,183008.8755,152835.8596,131297.2682,101216.9075,FALSE,FALSE,TRUE
579890,i059,inland,inland,FALSE,1991,bcc91049,12,15000,305,6401,1550.9491,dem_agl,reported,5290.170034,1,50.60612561,17026,0,0,0,0,0,1110.772065,1110.772065,,0,15838208.01,15721429.61,15721429.61,15721744.37,15838208.01,110569.6952,227348.0886,110569.6952,227348.0886,68097.20361,184560.8404,FALSE,FALSE,TRUE
579891,i059,inland,inland,FALSE,1991,bcc91049,13,15000,305,6401,1550.946239,dem_agl,reported,5328.438429,1,68.89221183,17275,0,0,0,0,0,1072.56778,1072.56778,,0,15945492.14,15949705.81,15949705.81,15949610.61,15945492.14,149591.1245,145377.449,149591.1245,145377.449,88804.03162,84685.55995,FALSE,FALSE,TRUE
1478788,i060,inland,inland,FALSE,1963,bc4195,15,16000,305,5791,1033.212907,dem_agl,reported,4643.858557,1,147.157046,13393,0,0,0,0,0,1147.227546,1147.227546,,0,11888855.3,12114646.34,12114646.34,12114238.67,11888855.3,480463.3745,254672.3316,480463.3745,254672.3316,354520.7124,129137.3382,FALSE,FALSE,TRUE
1478789,i060,inland,inland,FALSE,1963,bc4195,16,16000,305,5791,1033.220251,dem_agl,reported,4705.265186,1,141.6029434,13752,0,0,0,0,0,1085.969537,1085.969537,,0,12028853.91,12437153.19,12437153.19,12435650.38,12028853.91,603370.6024,195071.3293,603370.6024,195071.3293,573631.1797,166834.711,FALSE,FALSE,TRUE
1478790,i060,inland,inland,FALSE,1963,bc4195,17,16000,305,5791,1033.204248,dem_agl,reported,4698.973004,1,157.5808195,13712,0,0,0,0,0,1092.32225,1092.32225,,0,11962758.45,12403911.91,12403911.91,12402284.17,11962758.45,622268.1688,181114.7063,622268.1688,181114.7063,578140.4691,138614.7477,FALSE,FALSE,TRUE
1478791,i060,inland,inland,FALSE,1963,bc4195,18,16000,305,5791,1033.204248,dem_agl,reported,4635.518969,1,185.9010787,13346,0,0,0,0,0,1155.524007,1155.524007,,0,11920154.96,12071173.68,12071173.68,12070944,11920154.96,499136.3481,348117.624,499136.3481,348117.624,302504.6118,151715.5675,FALSE,FALSE,TRUE
1478792,i060,inland,inland,FALSE,1963,bc4195,19,16000,305,5791,1033.211595,dem_agl,reported,4546.381701,1,174.2936119,12839,0,0,0,0,0,1244.678024,1244.678024,,0,11809815.38,11611399.39,11611399.39,11611103.7,11809815.38,405193.4104,603609.4018,405193.4104,603609.4018,179822.6758,378534.3548,FALSE,FALSE,TRUE
1478793,i060,inland,inland,FALSE,1963,bc4195,20,16000,305,5791,1033.211595,dem_agl,reported,4473.808542,1,116.1119396,12430,0,0,0,0,0,1317.418218,1317.418218,,0,11542969.96,11243656.32,11243656.32,11242588.87,11542969.96,249241.8718,548555.5135,249241.8718,548555.5135,104280.6782,404661.7683,FALSE,FALSE,TRUE
1478794,i060,inland,inland,FALSE,1963,bc4195,21,16000,305,5791,1040.458192,dem_agl,reported,4463.179239,1,88.50133552,12372,0,0,0,0,0,1327.881114,1327.881114,,0,11338099.24,11190292.28,11190292.28,11189931.26,11338099.24,198988.5618,346795.5201,198988.5618,346795.5201,83844.1778,232012.1531,FALSE,FALSE,TRUE
1478795,i060,inland,inland,FALSE,1963,bc4195,22,16000,305,5791,1445.019096,dem_agl,reported,4507.354985,1,92.82015801,12619,0,0,0,0,0,1283.686908,1283.686908,,0,11583884.47,11412907.56,11412907.56,11412717.85,11583884.47,217164.3554,388141.2698,217164.3554,388141.2698,170027.5182,341194.1386,FALSE,FALSE,TRUE
1478796,i060,inland,inland,FALSE,1963,bc4195,23,16000,305,5791,1445.04321,dem_agl,reported,4674.29578,1,188.9235046,13570,0,0,0,0,0,1116.844678,1116.844678,,0,12551425.68,12273972.72,12273972.72,12272979.44,12551425.68,429165.2888,706618.2469,429165.2888,706618.2469,208704.593,487150.8325,FALSE,FALSE,TRUE
1478797,i060,inland,inland,FALSE,1963,bc4195,24,16000,305,5791,1445.049797,dem_agl,reported,4873.774156,1,185.2509438,14754,0,0,0,0,0,917.2258436,917.2258436,,0,13012620.12,13343924.46,13343924.46,13343287.64,13012620.12,651092.5141,319788.1669,651092.5141,319788.1669,470398.636,139731.1109,FALSE,FALSE,TRUE
