airp_id,photo_year,decade,film_roll,frame_number,scale_n,scale_band,focal_length,flying_height,c_census,n_census,p_census,p_band,stratum,weight,inv,fp_dtm_terrain,fp_dtm_height,fp_dsm_terrain,fp_dsm_height,agl_dtm,agl_dsm,cov_dtm,cov_dsm,elev_sd_dtm,area_w_dtm,area_w_dsm,c30,n30,radar_share,lidar_share,meta_c,rays_bad_dtm,rays_bad_dsm,area_t_dtm,area_t_dsm,area_t_dsm_inv,admitted
11720,1995,1990,bcb95050,10,50000,coarse,153,8839,19.65166793,1369,0.002568845481,p_0.25_0.5,p_0.25_0.5/coarse,53.6,FALSE,dem_agl,reported,dem_agl,reported,8169.74926,8148.929848,1,1,340.4918946,149000266.7,148241823.6,20.39302291,165046,0.5123480727,0.4029603868,16.9107671,0,0,153016756,152263130.7,,TRUE
81521,1996,1990,bcb96068,258,40000,coarse,153,7135,15.69479599,900,0.002564509149,p_0.25_0.5,p_0.25_0.5/coarse,53.6,FALSE,dem_agl,reported,dem_agl,reported,6881.345398,6865.42034,1,1,59.18300092,105710056.4,105221346.5,15.74476115,116511,0.915046648,0.06653449031,8.179702627,0,0,106877249.7,106441053.6,,TRUE
133838,1996,1990,bcb96060,43,40000,coarse,153,8565,18.17108102,930,0.002969130885,p_0.25_0.5,p_0.25_0.5/coarse,53.6,FALSE,dem_agl,reported,dem_agl,reported,7666.479953,7649.837871,1,1,245.8630313,131208387.8,130639362.5,17.4400379,141467,0.06753518488,0.9068333958,9.416636017,0,0,127348490.5,126892459.3,,TRUE
320527,1999,1990,bcb99001,4,40000,coarse,153,6551,16.83484076,930,0.002750790974,p_0.25_0.5,p_0.25_0.5/coarse,53.6,FALSE,dem_agl,reported,dem_agl,reported,6058.17537,6042.553279,1,1,441.8065141,81931946.45,81509938.85,16.41862883,90774,0.005464119682,0.988278582,13.05409858,0,0,77628034.88,77235688.33,,TRUE
632353,1991,1990,bcb91080,128,40000,coarse,153,9144,15.36125206,900,0.002510008507,p_0.25_0.5,p_0.25_0.5/coarse,53.6,FALSE,dem_agl,reported,dem_agl,reported,8309.151361,8293.680242,1,1,337.6093589,154128492.6,153555071.8,15.3834614,170273,0.4115332437,0.562455586,12.72025086,0,0,155279617.6,154736892.3,,TRUE
654592,2003,2000,bcc03048,24,35000,coarse,153,6719,16.55109227,676,0.003090773534,p_0.25_0.5,p_0.25_0.5/coarse,53.6,FALSE,dem_agl,reported,dem_agl,reported,5980.054729,5962.689244,1,1,294.3486324,79832532.74,79369554.45,16.42297777,88516,0,1,14.63265224,0,0,84309657.97,83910575.53,,TRUE
654605,2003,2000,bcc03048,37,35000,coarse,153,6725,13.51264072,729,0.002523368949,p_0.25_0.5,p_0.25_0.5/coarse,53.6,FALSE,dem_agl,reported,dem_agl,reported,5614.176859,5600.582727,1,1,378.1548738,70362582.36,70022243.89,13.26937183,78016,0.490207137,0.4274123257,12.11692051,0,0,73022962.2,72730574.25,,TRUE
654652,2003,2000,bcc03048,84,35000,coarse,153,6709,17.97953846,702,0.003357523523,p_0.25_0.5,p_0.25_0.5/coarse,53.6,TRUE,dem_agl,reported,dem_agl,reported,5901.087361,5882.684219,1,1,274.7228865,77738056.46,77253944.44,18.23083238,86098,0,1,13.46173548,0,0,79867959.04,79176848.23,79176848.23,TRUE
695335,1968,1960,bc5296,243,31680,coarse,153,6096,14.21344488,576,0.002932396861,p_0.25_0.5,p_0.25_0.5/coarse,53.6,TRUE,dem_agl,reported,dem_agl,reported,5867.17949,5854.110577,1,1,289.5310759,76847251.53,76505284.31,13.94264604,82417,0.334579031,0.5955567419,8.25655916,0,0,73706810.31,73403852.51,73403852.51,TRUE
698385,1968,1960,bc5314,46,31680,coarse,153,6096,12.28825209,576,0.002535207485,p_0.25_0.5,p_0.25_0.5/coarse,53.6,FALSE,dem_agl,reported,dem_agl,reported,4817.471145,4805.876039,1,1,137.1697805,51809313.13,51560215,11.79642712,57449,0.8239656043,0.1244059949,10.23880277,0,0,51049882.52,50829062.01,,TRUE
701943,1968,1960,bc5279,55,31680,coarse,153,4877,14.96560016,576,0.003087575131,p_0.25_0.5,p_0.25_0.5/coarse,53.6,FALSE,dem_agl,reported,dem_agl,reported,4504.022649,4489.830327,1,1,471.376894,45286704.88,45001754.77,14.9507089,50221,0,1,11.59047292,0,0,43557175.44,43349384.22,,TRUE
777196,1969,1960,bc5335,7,32000,coarse,153,5791,15.75175338,576,0.00321726989,p_0.25_0.5,p_0.25_0.5/coarse,53.6,FALSE,dem_agl,reported,dem_agl,reported,5006.502617,4991.251467,1,1,207.9126777,55954946.59,55614558.29,15.68679007,60208,0,1,5.492030935,0,0,55009566.31,54696442.03,,TRUE
777200,1969,1960,bc5335,11,32000,coarse,153,5791,12.7959502,625,0.002613551919,p_0.25_0.5,p_0.25_0.5/coarse,53.6,FALSE,dem_agl,reported,dem_agl,reported,4966.417721,4953.939751,1,1,292.1926679,55062519.59,54786181.44,12.87946799,59255,0,0.9863977723,5.648435531,0,0,53698151.58,53447699.34,,TRUE
777210,1969,1960,bc5335,21,32000,coarse,153,5791,15.87518501,576,0.003242480599,p_0.25_0.5,p_0.25_0.5/coarse,53.6,FALSE,dem_agl,reported,dem_agl,reported,5033.423804,5017.445556,1,1,44.90678537,56558331.33,56199820.41,15.96819824,60899,0.001034499745,0.9947453981,8.571089741,0,0,56623357.01,56263735.4,,TRUE
784471,1969,1960,bcc25,35,32000,coarse,153,5486,15.84522867,576,0.003236362064,p_0.25_0.5,p_0.25_0.5/coarse,53.6,FALSE,dem_agl,reported,dem_agl,reported,5210.316354,5194.172857,1,1,236.5142452,60603509.8,60228547.18,15.86229098,67509,0.469448518,0.4712556844,12.84056722,0,0,62075488.13,61666764.95,,TRUE
784481,1969,1960,bcc25,45,32000,coarse,153,5486,12.65561315,600,0.002584888307,p_0.25_0.5,p_0.25_0.5/coarse,53.6,FALSE,dem_agl,reported,dem_agl,reported,4901.270711,4888.742385,1,1,204.4740574,53627428.36,53353620.52,12.04830068,59745,0.8424638045,0.1199096159,9.95798705,0,0,55768858.22,55491384.16,,TRUE
784512,1969,1960,bcc25,76,32000,coarse,153,5486,15.70337323,576,0.003207388323,p_0.25_0.5,p_0.25_0.5/coarse,53.6,FALSE,dem_agl,reported,dem_agl,reported,5151.065808,5135.442452,1,1,278.8180541,59233007.91,58874241.39,15.31460976,65940,0.3741886564,0.5576281468,9.42028849,0,0,60764829.92,60344680.17,,TRUE
791217,1981,1980,bc81051,123,40000,coarse,153,7468,15.73894755,900,0.002571723456,p_0.25_0.5,p_0.25_0.5/coarse,53.6,FALSE,dem_agl,reported,dem_agl,reported,6706.244575,6691.543389,1,1,221.7261277,100398764,99959065.47,14.99716534,106982,0.3757921893,0.5787983025,14.11060419,0,0,98952192.31,98595658.03,,TRUE
1134815,1979,1970,bc79151,217,31680,coarse,153,6504,13.18912633,576,0.002721068184,p_0.25_0.5,p_0.25_0.5/coarse,53.6,FALSE,dem_agl,reported,dem_agl,reported,5614.239043,5600.999523,1,1,204.1366974,70364141.07,70032666.4,13.11331516,75614,0.8180098923,0.1535694448,7.999865809,0,0,71090099.34,70768180.38,,TRUE
1249192,1967,1960,bc5248,154,32000,coarse,153,5639,16.87341309,576,0.003446367052,p_0.25_0.5,p_0.25_0.5/coarse,53.6,TRUE,dem_agl,reported,dem_agl,reported,4882.47444,4865.521889,1,1,74.33137783,53216896.93,52847987.28,16.90413577,57295,0,1,8.48927319,0,0,53466520.16,53135540.78,53135540.78,TRUE
1249317,1967,1960,bc5236,231,32000,coarse,153,5639,18.56905244,576,0.00379269862,p_0.25_0.5,p_0.25_0.5/coarse,53.6,FALSE,dem_agl,reported,dem_agl,reported,5394.932306,5376.358599,1,1,133.7199355,64974297.09,64527679.38,18.21447916,72060,0,1,15.4091224,0,0,66392924.62,65915749.38,,TRUE
1249338,1967,1960,bc5236,252,32000,coarse,153,5639,16.99718051,600,0.003471646345,p_0.25_0.5,p_0.25_0.5/coarse,53.6,FALSE,dem_agl,reported,dem_agl,reported,5062.16588,5044.588067,1,1,336.7630925,57206099.22,56809505.22,16.52108288,63417,0,1,13.05800179,0,0,60802682.04,60415003.43,,TRUE
1249431,1967,1960,bc5237,82,32000,coarse,153,5639,12.25900553,600,0.002503881849,p_0.25_0.5,p_0.25_0.5/coarse,53.6,FALSE,dem_agl,reported,dem_agl,reported,5372.261666,5359.964589,1,1,378.2627586,64429373.12,64134753.73,12.67762409,71400,0.09603641457,0.8720308123,9.095540545,0,0,62478612.81,62144456.4,,TRUE
1249454,1967,1960,bc5237,105,32000,coarse,153,5639,20.56401908,600,0.004200167296,p_0.25_0.5,p_0.25_0.5/coarse,53.6,FALSE,dem_agl,reported,dem_agl,reported,5129.011958,5107.034847,1,1,291.5226905,58726891.51,58224696.44,21.05724114,65144,0,1,16.77366671,0,0,62204778.39,61788657.02,,TRUE
1249524,1967,1960,bc5237,180,32000,coarse,153,5639,16.14385234,576,0.003297355462,p_0.25_0.5,p_0.25_0.5/coarse,53.6,FALSE,dem_agl,reported,dem_agl,reported,4886.146988,4868.979719,1,1,292.700731,53296985.46,52923130.01,17.31899245,59010,0.9874936451,0.001677681749,17.81698512,0,0,53275922.14,52928384.73,,TRUE
1257753,1967,1960,bc5263,187,32000,coarse,153,5639,13.02420118,576,0.00266017181,p_0.25_0.5,p_0.25_0.5/coarse,53.6,FALSE,dem_agl,reported,dem_agl,reported,4716.305493,4703.169162,1,1,63.381701,49656196.04,49379966.34,13.17937895,52517,1,0,5.677614095,0,0,49608191.71,49327303.01,,TRUE
1258169,1967,1960,bc5266,74,32000,coarse,153,5791,13.06244985,600,0.002667984038,p_0.25_0.5,p_0.25_0.5/coarse,53.6,FALSE,dem_agl,reported,dem_agl,reported,4887.525524,4874.654901,1,1,97.35606548,53327063.23,53046574.13,12.87693589,56422,1,0,6.260400509,0,0,53296225.62,53014314.03,,TRUE
1259796,1967,1960,bc5236,165,32000,coarse,153,4572,14.91716115,576,0.00304680579,p_0.25_0.5,p_0.25_0.5/coarse,53.6,FALSE,dem_agl,reported,dem_agl,reported,3723.77261,3709.916091,1,1,377.9958922,30955362.7,30725415.5,12.95770558,34276,0.6884992415,0.2440774886,12.11041181,0,0,32535546.75,32268099.8,,TRUE
1259834,1967,1960,bc5237,264,32000,coarse,153,4572,16.15145365,576,0.003298908018,p_0.25_0.5,p_0.25_0.5/coarse,53.6,FALSE,dem_agl,reported,dem_agl,reported,3777.626554,3760.35234,1,1,315.0407067,31857202.45,31566517.34,16.30291762,35264,1,0,17.65448589,0,0,33459370.9,33173524.59,,TRUE
1261223,1967,1960,bc5239,230,32000,coarse,153,5182,15.98362065,576,0.0032646284,p_0.25_0.5,p_0.25_0.5/coarse,53.6,FALSE,dem_agl,reported,dem_agl,reported,5011.015014,4994.854684,1,1,215.8101487,56055857.25,55694884.29,16.01927408,62144,0.07043318744,0.865538105,9.143730477,0,0,56476583.05,56250808.44,,TRUE
1261349,1967,1960,bc5240,112,32000,coarse,153,5182,15.18064405,576,0.003100621743,p_0.25_0.5,p_0.25_0.5/coarse,53.6,FALSE,dem_agl,reported,dem_agl,reported,4761.684668,4746.230886,1,1,230.4492573,50616353.45,50288341.49,14.98821536,56388,0.778144286,0.1632971554,15.60277111,0,0,52280654.14,51904058.62,,TRUE
1443056,1966,1960,bc5212,159,31680,coarse,153,5791,16.15232557,600,0.003332410206,p_0.25_0.5,p_0.25_0.5/coarse,53.6,TRUE,dem_agl,reported,dem_agl,reported,4808.383463,4791.175231,1,1,436.5281592,51614031.22,51245259.93,15.87853,57066,0.01160060281,0.9765184173,10.53039107,0,0,56449025.26,56075830.75,56075830.75,TRUE
1443057,1966,1960,bc5212,160,31680,coarse,153,5791,13.73757871,576,0.002834220207,p_0.25_0.5,p_0.25_0.5/coarse,53.6,FALSE,dem_agl,reported,dem_agl,reported,4710.347519,4696.517683,1,1,349.6147901,49530816.77,49240393.42,13.49892907,54776,0.02643493501,0.9488096977,8.130096316,0,0,52772331.49,52358535.39,,TRUE
1443478,1966,1960,bc5215,139,31680,coarse,153,5944,13.82571651,576,0.002852404046,p_0.25_0.5,p_0.25_0.5/coarse,53.6,FALSE,dem_agl,reported,dem_agl,reported,5239.932275,5226.00259,1,1,473.116898,61294419.77,60968966.28,13.46231893,67859,0.1498401096,0.808838916,6.776583746,0,0,63192517.62,62983576.73,,TRUE
1443482,1966,1960,bc5215,143,31680,coarse,153,5944,14.89028722,576,0.003072037206,p_0.25_0.5,p_0.25_0.5/coarse,53.6,FALSE,dem_agl,reported,dem_agl,reported,5050.492006,5036.196174,1,1,380.994219,56942557.18,56620652.24,14.61431937,62998,0.437426585,0.5173973777,8.834164422,0,0,56754700.81,56466939.4,,TRUE
1443641,1966,1960,bc5217,33,31680,coarse,153,5944,15.80320735,576,0.003260383111,p_0.25_0.5,p_0.25_0.5/coarse,53.6,FALSE,dem_agl,reported,dem_agl,reported,5673.589046,5657.301079,1,1,243.6951244,71859690.34,71447687.23,16.04637237,79777,0,1,12.00058324,0,0,73086318.11,72720393.68,,TRUE
1468702,1965,1960,bc5136,217,31860,coarse,153,5486,13.15035479,576,0.002697741096,p_0.25_0.5,p_0.25_0.5/coarse,53.6,FALSE,dem_agl,reported,dem_agl,reported,5228.951744,5215.37615,1,1,118.0429901,61037798.1,60721272.43,13.3846223,66969,0.878839463,0.08099269811,6.883297464,0,0,62087136.93,61743550.26,,TRUE
1468729,1965,1960,bc5136,244,31860,coarse,153,5486,16.09817962,576,0.003302475212,p_0.25_0.5,p_0.25_0.5/coarse,53.6,FALSE,dem_agl,reported,dem_agl,reported,5240.714159,5224.430533,1,1,130.6592762,61312713.4,60932291.1,16.40247193,67286,0.6510120976,0.3111048361,6.61993852,0,0,60852428.18,60464266.89,,TRUE
1468981,1965,1960,bc5137,242,31860,coarse,153,5486,14.77390979,576,0.003030806714,p_0.25_0.5,p_0.25_0.5/coarse,53.6,FALSE,dem_agl,reported,dem_agl,reported,5222.971309,5208.567906,1,1,221.0201615,60898258.15,60562842.67,14.74207058,66968,0.607499104,0.3126269263,9.552498286,0,0,60065962.74,59745389.84,,TRUE
1469007,1965,1960,bc5138,12,31860,coarse,153,5486,13.30134181,576,0.002728715461,p_0.25_0.5,p_0.25_0.5/coarse,53.6,FALSE,dem_agl,reported,dem_agl,reported,5072.240193,5059.071036,1,1,303.9727468,57434019.69,57136172.7,13.40735084,63155,0.9227139577,0.05792098805,9.624504186,0,0,56746999.3,56472254.4,,TRUE
1473953,1963,1960,bc5069,171,32000,coarse,153,5700,13.41942586,600,0.002740895805,p_0.25_0.5,p_0.25_0.5/coarse,53.6,FALSE,dem_agl,reported,dem_agl,reported,5044.145883,5030.29562,1,1,40.57149901,56799546.38,56488053.17,13.96924158,61047,0.7784657723,0.1865611742,6.944831189,0,0,56323099.49,56025755.4,,TRUE
1487957,1963,1960,bc5086,26,32000,coarse,153,6096,18.45508026,600,0.003769419988,p_0.25_0.5,p_0.25_0.5/coarse,53.6,TRUE,dem_agl,reported,dem_agl,reported,5795.02868,5777.92897,1,1,224.5127865,74968836.34,74527059.74,17.69987449,83355,0.1679203407,0.7731749745,7.864963827,0,0,72780853.97,72411219.03,72411219.03,TRUE
1487959,1963,1960,bc5086,28,32000,coarse,153,6096,13.69554635,576,0.002797292963,p_0.25_0.5,p_0.25_0.5/coarse,53.6,FALSE,dem_agl,reported,dem_agl,reported,5604.298202,5589.937754,1,1,217.5789921,70115181.43,69756315.66,14.14849335,77933,0.7264573416,0.2171608946,7.758112571,0,0,71661604.97,71320012.7,,TRUE
1488004,1963,1960,bc5086,73,32000,coarse,153,6096,15.03803432,600,0.003071493939,p_0.25_0.5,p_0.25_0.5/coarse,53.6,FALSE,dem_agl,reported,dem_agl,reported,5533.647599,5517.872168,1,1,394.2813471,68358509.89,67969309.89,14.46001393,75771,0.9605653878,0.01957213182,8.961699631,0,0,74041062.12,73751855.92,,TRUE
1488014,1963,1960,bc5086,83,32000,coarse,153,6096,17.15610622,576,0.003504106663,p_0.25_0.5,p_0.25_0.5/coarse,53.6,FALSE,dem_agl,reported,dem_agl,reported,5592.795274,5575.716358,1,1,274.3169628,69827651.34,69401832.19,16.91850319,77524,0.4706671482,0.4524147361,7.931135063,0,0,70842208.77,70496341.66,,TRUE
1488015,1963,1960,bc5086,84,32000,coarse,153,6096,16.08687174,600,0.003285717266,p_0.25_0.5,p_0.25_0.5/coarse,53.6,FALSE,dem_agl,reported,dem_agl,reported,5748.055685,5732.894237,1,1,305.4411788,73758406.26,73369819.4,15.24466498,81903,0.2452046934,0.6758116308,6.472931955,0,0,72992398.73,72619337.35,,TRUE
1488030,1963,1960,bc5086,99,32000,coarse,153,6096,14.59602022,576,0.002981213281,p_0.25_0.5,p_0.25_0.5/coarse,53.6,FALSE,dem_agl,reported,dem_agl,reported,5550.971207,5536.53722,1,1,170.3917121,68787185.44,68429920.92,14.36899789,76578,1,0,8.074493257,0,0,69046038.65,68700513.37,,TRUE
1488057,1963,1960,bc5086,126,32000,coarse,153,6096,17.24986869,576,0.003523257494,p_0.25_0.5,p_0.25_0.5/coarse,53.6,FALSE,dem_agl,reported,dem_agl,reported,5680.513822,5663.903101,1,1,246.1664031,72035210.95,71614542.19,16.72433737,80271,0.3459904573,0.5782536657,11.30333461,0,0,71938521.45,71500674.92,,TRUE
1489740,1963,1960,bc5083,104,32000,coarse,153,5790,15.63859835,576,0.00319415816,p_0.25_0.5,p_0.25_0.5/coarse,53.6,FALSE,dem_agl,reported,dem_agl,reported,5664.218572,5648.941775,1,1,136.6182278,71622520.08,71236699.08,15.31555014,76928,0.001312915973,0.994969322,8.452290025,0,0,71468358.34,71060507.04,,TRUE
1489742,1963,1960,bc5083,106,32000,coarse,153,5790,16.71384527,600,0.003413775587,p_0.25_0.5,p_0.25_0.5/coarse,53.6,FALSE,dem_agl,reported,dem_agl,reported,5586.37556,5569.675783,1,1,143.4600747,69667439.4,69251537.63,16.55539286,74804,0,1,8.6616229,0,0,70353336.42,69957306.21,,TRUE
1489848,1963,1960,bc5083,49,32000,coarse,153,5790,14.08138854,600,0.002876100601,p_0.25_0.5,p_0.25_0.5/coarse,53.6,FALSE,dem_agl,reported,dem_agl,reported,5522.196864,5509.532778,1,1,313.0885381,68075895.11,67764015.46,13.58814332,73014,0.2581696661,0.6618456734,7.901459952,0,0,65163315.79,64873773.07,,TRUE
1498842,1964,1960,bc5099,102,31680,coarse,153,5578,14.15467103,576,0.002920271141,p_0.25_0.5,p_0.25_0.5/coarse,53.6,FALSE,dem_agl,reported,dem_agl,reported,4375.182394,4360.902115,1,1,306.6530588,42732855.67,42454357,13.72055958,47178,0,0.9933231591,9.682923049,0,0,46441989.01,46057293.31,,TRUE
1500187,1964,1960,bc5097,140,31680,coarse,153,4877,14.15515193,576,0.002920370356,p_0.25_0.5,p_0.25_0.5/coarse,53.6,TRUE,dem_agl,reported,dem_agl,reported,4589.261279,4573.034241,1,1,244.8743743,47017026.37,46685121.88,15.29868662,52191,0,1,12.67595736,0,0,49833120.19,49600380.59,49600380.59,TRUE
1500202,1964,1960,bc5097,155,31680,coarse,153,4877,18.09685456,576,0.003733588863,p_0.25_0.5,p_0.25_0.5/coarse,53.6,FALSE,dem_agl,reported,dem_agl,reported,4472.722672,4454.533429,1,1,402.9371653,44659466.66,44296971.5,18.77464137,49465,0,1,12.7863075,0,0,44087681.87,43775307.69,,TRUE
1500347,1964,1960,bc5102,63,31680,coarse,153,6096,14.66304616,576,0.003025154766,p_0.25_0.5,p_0.25_0.5/coarse,53.6,FALSE,dem_agl,reported,dem_agl,reported,5992.5034,5977.69638,1,1,108.4569311,80165253.21,79769578.17,14.79857248,88608,0.003080985915,0.9796519502,7.483800015,0,0,80310552.22,79965885.9,,TRUE
1500424,1964,1960,bc5102,140,31680,coarse,153,6096,12.3959911,576,0.00255743528,p_0.25_0.5,p_0.25_0.5/coarse,53.6,FALSE,dem_agl,reported,dem_agl,reported,5719.644969,5707.172643,1,1,447.4365271,73031081.9,72712924.27,13.04280779,80710,0.003246190063,0.8366125635,8.838928982,0,0,71341310.95,71023466.6,,TRUE
1500429,1964,1960,bc5102,145,31680,coarse,153,6096,16.90026444,576,0.003486718583,p_0.25_0.5,p_0.25_0.5/coarse,53.6,FALSE,dem_agl,reported,dem_agl,reported,5498.039879,5483.606305,1,1,474.1099989,67481598.51,67127755.25,16.13180108,74612,0.00211762183,0.955999035,10.54085691,0,0,62524219.78,62207951.78,,TRUE
1500465,1964,1960,bc5102,181,31680,coarse,153,6096,14.49164929,576,0.002989793624,p_0.25_0.5,p_0.25_0.5/coarse,53.6,FALSE,dem_agl,reported,dem_agl,reported,5691.986243,5677.841498,1,1,307.30208,72326470.79,71967450.83,14.40397371,79848,0.7136058511,0.2160730388,7.121650752,0,0,71992332.64,71724231.49,,TRUE
1500491,1964,1960,bc5102,207,31680,coarse,153,6096,14.4882064,576,0.002989083318,p_0.25_0.5,p_0.25_0.5/coarse,53.6,FALSE,dem_agl,reported,dem_agl,reported,5775.627618,5762.238401,1,1,344.8797805,74467703.24,74122837.33,13.39717256,82079,1,0,9.302631629,0,0,74657833.31,74337779.42,,TRUE
1501379,1964,1960,bc5105,271,31680,coarse,153,6096,12.33531808,576,0.002544917739,p_0.25_0.5,p_0.25_0.5/coarse,53.6,FALSE,dem_agl,reported,dem_agl,reported,5652.076139,5640.380922,1,1,364.6823871,71315773.6,71020947.25,12.17523308,78364,1,0,6.564814025,0,0,69070598.96,68851732.79,,TRUE
20914,1996,1990,bcc96098,134,10000,fine,305,4724,8.90234375,64,0.00291880123,p_0.25_0.5,p_0.25_0.5/fine,2973.216667,FALSE,dem_agl,reported,dem_agl,reported,3049.419397,3039.636182,1,1,143.7630016,5223806.607,5190342.11,9.045581749,5805,0,1,8.997121538,0,0,5567482.282,5522151.74,,TRUE
52613,1995,1990,bcc95113,33,10000,fine,305,4267,7.97495185,72,0.002614738311,p_0.25_0.5,p_0.25_0.5/fine,2973.216667,FALSE,dem_agl,reported,dem_agl,reported,3536.665578,3528.806973,1,1,153.963265,7026527.73,6995336,7.624435995,7762,1,0,5.826155182,0,0,7214565.969,7180462.254,,TRUE
169493,1997,1990,bcc97015,140,10000,fine,305,3505,11.43448019,64,0.003749009898,p_0.25_0.5,p_0.25_0.5/fine,2973.216667,FALSE,dem_agl,reported,dem_agl,reported,3039.769736,3028.186564,1,1,19.38285243,5190798.221,5151314.078,11.55230403,5468,1,0,6.976043345,0,0,5195075.71,5157667.796,,TRUE
210845,1997,1990,bcb97091,185,15000,fine,305,6422,11.81754515,144,0.002583069978,p_0.25_0.5,p_0.25_0.5/fine,2973.216667,FALSE,dem_agl,reported,dem_agl,reported,5628.819697,5617.043143,1,1,282.2155934,17798665.8,17724267.36,11.91943981,19702,0.224088925,0.7025175109,7.495305879,0,0,17634949.35,17572842.69,,TRUE
234209,1994,1990,bcc94065,232,10000,fine,305,4347,8.444601059,64,0.002768721659,p_0.25_0.5,p_0.25_0.5/fine,2973.216667,FALSE,dem_agl,reported,dem_agl,reported,2960.238504,2951.414504,1,1,71.77415319,4922731.854,4893427.833,8.546552587,5276,0.5661485974,0.2757771039,3.460474885,0,0,5090807.45,5059802.676,,TRUE
238317,1994,1990,bcc94105,160,10000,fine,305,4109,12.02512444,72,0.003942663752,p_0.25_0.5,p_0.25_0.5/fine,2973.216667,FALSE,dem_agl,reported,dem_agl,reported,3706.518453,3694.500679,1,1,96.16563554,7717650.488,7667685.208,12.14515194,8254,0.7639932154,0.1427186819,12.5627408,0,0,7668118.601,7615371.766,,TRUE
243204,1993,1990,bcc93016,16,10000,fine,305,4268,10.3860836,64,0.003405273312,p_0.25_0.5,p_0.25_0.5/fine,2973.216667,FALSE,dem_agl,reported,dem_agl,reported,3116.766969,3106.865431,1,1,48.76457417,5457094.049,5422476.258,10.13052343,5840,0.273630137,0.5345890411,7.720194431,0,0,5354543.205,5323584.14,,TRUE
254258,1998,1990,bcc98034,128,15000,fine,305,5182,15.17106443,132,0.003316079658,p_0.25_0.5,p_0.25_0.5/fine,2973.216667,FALSE,dem_agl,reported,dem_agl,reported,5009.035386,4994.469987,1,1,117.4648749,14094866.7,14013015.06,14.91529309,15690,0.005672402804,0.9773103888,13.69326626,0,0,13895323.21,13823010.63,,TRUE
293891,1998,1990,bcb98002,116,10000,fine,305,4267,8.990537432,72,0.002947717191,p_0.25_0.5,p_0.25_0.5/fine,2973.216667,FALSE,dem_agl,reported,dem_agl,reported,3410.157823,3400.960445,1,1,218.3955229,6532835.625,6497644.33,8.988074648,7207,0,1,5.789265915,0,0,6816135.183,6783293.286,,TRUE
306540,1993,1990,bcc93026,87,15000,fine,305,4877,13.49662675,144,0.002950082349,p_0.25_0.5,p_0.25_0.5/fine,2973.216667,FALSE,dem_agl,reported,dem_agl,reported,4324.274142,4311.08388,1,1,188.8691414,10504592.53,10440606.3,12.98487785,11696,0.5509575923,0.2996751026,12.99105304,0,0,10754985.61,10681887.71,,TRUE
316124,1993,1990,bcc93013,181,10000,fine,305,3358,13.27336587,72,0.004351923236,p_0.25_0.5,p_0.25_0.5/fine,2973.216667,FALSE,dem_agl,reported,dem_agl,reported,2904.784621,2891.367822,1,1,56.58275622,4740025.155,4696339.238,13.31208758,5059,1,0,11.40388697,0,0,4775696.217,4735934.868,,TRUE
472903,2000,2000,bcc00116,1,15000,fine,305,6287,14.93251885,144,0.003263938547,p_0.25_0.5,p_0.25_0.5/fine,2973.216667,FALSE,dem_agl,reported,dem_agl,reported,4553.185422,4538.724813,1,1,109.5362271,11646178.62,11572321.14,14.73722984,12896,0,1,8.727229986,0,0,11420292.27,11353189.52,,TRUE
480897,1992,1990,bcc92029,223,10000,fine,305,3659,11.48978,72,0.003767140984,p_0.25_0.5,p_0.25_0.5/fine,2973.216667,FALSE,dem_agl,reported,dem_agl,reported,3106.954697,3095.112389,1,1,142.8589286,5422787.858,5381528.204,12.23975233,5970,1,0,12.29920943,0,0,5304574.559,5264525.156,,TRUE
485821,1990,1990,bcc90040,68,10000,fine,305,4420,9.512104552,81,0.003118722804,p_0.25_0.5,p_0.25_0.5/fine,2973.216667,FALSE,dem_agl,reported,dem_agl,reported,3386.611804,3377.083974,1,1,245.8056172,6442932.908,6406731.052,9.791690419,6915,0.05798987708,0.8811279826,4.981897154,0,0,6396076.903,6362339.73,,TRUE
486313,1990,1990,bcc90073,34,15000,fine,305,6096,14.57679876,144,0.003186185521,p_0.25_0.5,p_0.25_0.5/fine,2973.216667,FALSE,dem_agl,reported,dem_agl,reported,5182.578082,5167.6278,1,1,207.5003904,15088444.91,15001518.61,14.85765012,16153,0.1683897728,0.6801213397,12.82441365,0,0,15291098.01,15199548.83,,TRUE
528300,1987,1980,bcc688,195,10000,fine,305,4267,11.74329461,72,0.003850260528,p_0.25_0.5,p_0.25_0.5/fine,2973.216667,FALSE,dem_agl,reported,dem_agl,reported,3163.540509,3152.075218,1,1,79.75401496,5622113.039,5581435.604,11.32738693,6053,1,0,10.70229556,0,0,5706103.911,5662934.598,,TRUE
536947,1992,1990,bcc92105,131,10000,fine,305,4252,9.804327223,72,0.003214533516,p_0.25_0.5,p_0.25_0.5/fine,2973.216667,FALSE,dem_agl,reported,dem_agl,reported,3613.961111,3604.346323,1,1,61.50773172,7337020.345,7298032.623,9.821907779,7822,1,0,15.4008068,0,0,7185367.226,7146493.935,,TRUE
536985,1992,1990,bcc92105,169,10000,fine,305,4179,9.390903473,64,0.003078984745,p_0.25_0.5,p_0.25_0.5/fine,2973.216667,FALSE,dem_agl,reported,dem_agl,reported,3478.516703,3469.469825,1,1,124.7511455,6797370.771,6762059.733,9.341883614,7247,1,0,17.00978124,0,0,6706348.429,6672541.639,,TRUE
548631,1986,1980,bcc529,154,10000,fine,305,4206,7.925171852,64,0.002598417001,p_0.25_0.5,p_0.25_0.5/fine,2973.216667,FALSE,dem_agl,reported,dem_agl,reported,3202.945374,3194.778441,1,1,33.58479952,5763042.696,5733690.726,8.204153697,6213,1,0,3.59415451,0,0,5761758.029,5735271.681,,TRUE
652831,2002,2000,bcc02021,91,15000,fine,305,5216,20.27933462,144,0.004432641447,p_0.25_0.5,p_0.25_0.5/fine,2973.216667,FALSE,dem_agl,reported,dem_agl,reported,5164.35256,5144.261724,1,1,73.90416122,14982508.73,14866162.84,20.63384955,16704,0,1,10.77977102,0,0,14640912.32,14529851.02,,TRUE
657948,2003,2000,bcc03017,136,15000,fine,305,5394,15.93832652,144,0.003483787217,p_0.25_0.5,p_0.25_0.5/fine,2973.216667,FALSE,dem_agl,reported,dem_agl,reported,4960.039812,4944.938029,1,1,218.9517499,13820479.09,13736449.06,15.95183788,15239,1,0,11.15774901,0,0,13153091.43,13082082.94,,TRUE
663436,2002,2000,bcc02027,138,15000,fine,305,5896,20.46661761,132,0.00447357762,p_0.25_0.5,p_0.25_0.5/fine,2973.216667,TRUE,dem_agl,reported,dem_agl,reported,5683.104683,5662.697709,1,1,141.3277562,18143626,18013559.16,19.98985091,20126,0,1,14.71514031,0,0,18418147.5,18326365.87,18326365.87,TRUE
663653,2002,2000,bcc02028,140,15000,fine,305,5912,11.52044678,144,0.002518130443,p_0.25_0.5,p_0.25_0.5/fine,2973.216667,FALSE,dem_agl,reported,dem_agl,reported,4399.792792,4389.256393,1,1,291.3281906,10874698.41,10822676.42,11.00237187,12058,1,0,7.974489802,0,0,10547194.83,10482843.83,,TRUE
731524,1980,1980,bc80093,93,15000,fine,305,5182,19.38210574,132,0.004236525845,p_0.25_0.5,p_0.25_0.5/fine,2973.216667,FALSE,dem_agl,reported,dem_agl,reported,4981.438999,4962.169648,1,1,169.799418,13939988.21,13832350.64,19.43417511,15322,0.2963059653,0.5580211461,9.995263947,0,0,13837872.66,13738597.16,,TRUE
804038,1981,1980,bc81119,7,10000,fine,153,1676,3.849948438,72,0.002516306168,p_0.25_0.5,p_0.25_0.5/fine,2973.216667,FALSE,dem_agl,reported,dem_agl,reported,1664.497347,1660.088114,1,1,18.72161287,6184944.471,6152220.193,4.466780632,6859,0,1,1.049530523,0,0,6098092.511,6059645.748,,TRUE
843136,1985,1980,bc85015,164,15000,fine,305,5334,13.37615317,132,0.002923749327,p_0.25_0.5,p_0.25_0.5/fine,2973.216667,FALSE,dem_agl,reported,dem_agl,reported,5093.778574,5081.271978,1,1,286.9833859,14575816.7,14504329.47,13.39412781,16116,0.003102506826,0.875899727,8.32142654,0,0,13834887.14,13746527.59,,TRUE
849062,1985,1980,bc85091,176,10000,fine,305,6096,9.790174484,64,0.003209893274,p_0.25_0.5,p_0.25_0.5/fine,2973.216667,FALSE,nominal_scale,implausible,dem_agl,reported,,4865.164284,1,1,267.2557166,5225796,13296820.1,,,,,,,,,,,FALSE
855246,1985,1980,bcc338,146,10000,fine,305,3810,9.400676727,64,0.003082189091,p_0.25_0.5,p_0.25_0.5/fine,2973.216667,FALSE,dem_agl,reported,dem_agl,reported,2967.399462,2957.914882,1,1,68.08748811,4946577.305,4915006.747,9.346071742,5301,1,0,5.506411422,0,0,5012794.721,4978749.359,,TRUE
891015,1986,1980,bcc397,200,10000,fine,305,3749,9.955738068,64,0.003264176416,p_0.25_0.5,p_0.25_0.5/fine,2973.216667,FALSE,dem_agl,reported,dem_agl,reported,3110.328049,3100.02063,1,1,24.89661191,5434569.75,5398609.833,10.33100475,5841,1,0,3.428366023,0,0,5427791.65,5405070.112,,TRUE
892158,1986,1980,bcc425,145,10000,fine,305,3840,9.404307048,72,0.00308337936,p_0.25_0.5,p_0.25_0.5/fine,2973.216667,FALSE,dem_agl,reported,dem_agl,reported,2995.963302,2986.420023,1,1,35.2581489,5042265.994,5010194.096,9.555018338,5387,1,0,11.66773044,0,0,5038291.96,5004423.105,,TRUE
893669,1986,1980,bcc442,44,10000,fine,305,3139,9.972102883,81,0.003269541929,p_0.25_0.5,p_0.25_0.5/fine,2973.216667,FALSE,dem_agl,reported,dem_agl,reported,3036.851611,3027.054017,1,1,18.65548447,5180836.857,5147461.598,9.80414783,5742,0,1,5.442021641,0,0,5181551.491,5147773.291,,TRUE
927155,1987,1980,bcc686,114,10000,fine,305,3353,13.77372253,72,0.0045159746,p_0.25_0.5,p_0.25_0.5/fine,2973.216667,TRUE,dem_agl,reported,dem_agl,reported,3237.466303,3224.270274,1,1,103.0788667,5887938.796,5840037.719,13.63082999,6351,1,0,7.459607648,0,0,5720504.878,5671390.58,5671390.58,TRUE
927860,1987,1980,bcc621,12,10000,fine,305,4420,8.68769422,81,0.002848424334,p_0.25_0.5,p_0.25_0.5/fine,2973.216667,FALSE,dem_agl,reported,dem_agl,reported,3722.614606,3713.39381,1,1,324.9351041,7784826.311,7746308.547,8.502835784,8321,1,0,10.58319849,0,0,8441866.124,8402089.454,,TRUE
928827,1987,1980,bcc601,85,10000,fine,305,4115,11.45042401,81,0.003754237379,p_0.25_0.5,p_0.25_0.5/fine,2973.216667,FALSE,dem_agl,reported,dem_agl,reported,3224.72429,3212.744307,1,1,164.9439642,5841682.528,5798358.972,11.68293528,6229,1,0,15.08073383,0,0,6073267.342,6029074.719,,TRUE
937232,1987,1980,bcc681,29,15000,fine,305,6096,12.57014762,144,0.00274757325,p_0.25_0.5,p_0.25_0.5/fine,2973.216667,FALSE,dem_agl,reported,dem_agl,reported,4798.144068,4785.398154,1,1,133.4712427,12933001.89,12864382.03,13.03777616,14225,0.4750790861,0.4214411248,7.198303761,0,0,12658342.82,12604670.8,,TRUE
939421,1987,1980,bcc755,191,15000,fine,305,6248,13.26251914,132,0.002898911288,p_0.25_0.5,p_0.25_0.5/fine,2973.216667,FALSE,dem_agl,reported,dem_agl,reported,5163.28165,5150.07425,1,1,135.3862604,14976295.66,14899776.51,13.02791217,16482,0,1,7.84282801,0,0,15365931.23,15289211.18,,TRUE
942870,1987,1980,bcc765,199,10000,fine,305,4420,12.13298204,72,0.003978026899,p_0.25_0.5,p_0.25_0.5/fine,2973.216667,FALSE,dem_agl,reported,dem_agl,reported,3249.004992,3236.57867,1,1,80.74952936,5929984.123,5884710.587,11.92958575,6355,0,1,4.325220554,0,0,6217647.977,6166528.572,,TRUE
943983,1987,1980,bcc562,151,10000,fine,305,3810,10.268368,81,0.003366678032,p_0.25_0.5,p_0.25_0.5/fine,2973.216667,FALSE,dem_agl,reported,dem_agl,reported,3769.754227,3759.614473,1,1,51.55279952,7983233.778,7940345.483,10.24542042,8871,0,0.990981851,4.694497965,0,0,7868260.244,7819639.255,,TRUE
952652,1987,1980,bcc651,56,10000,fine,305,4267,8.376443863,64,0.002746375037,p_0.25_0.5,p_0.25_0.5/fine,2973.216667,FALSE,dem_agl,reported,dem_agl,reported,3111.457608,3103.09945,1,1,44.03985146,5438517.747,5409338.536,8.275925528,5920,1,0,3.588906518,0,0,5488721.809,5464680.995,,TRUE
979464,1988,1980,bc88091,50,15000,fine,305,4724,11.97691294,144,0.002617904467,p_0.25_0.5,p_0.25_0.5/fine,2973.216667,FALSE,dem_agl,reported,dem_agl,reported,4565.052928,4553.218104,1,1,67.69236331,11706967.37,11646345.81,11.79381736,12830,1,0,6.513605203,0,0,11770199.94,11711246.29,,TRUE
996904,1988,1980,bcc936,34,10000,fine,305,3353,14.00807953,72,0.00459281296,p_0.25_0.5,p_0.25_0.5/fine,2973.216667,FALSE,dem_agl,reported,dem_agl,reported,3129.789418,3115.639085,1,1,76.89197779,5502790.884,5453145.18,14.59009195,5886,0.2410805301,0.6126401631,12.01167264,0,0,5339162.896,5289374.065,,TRUE
1018886,1988,1980,bcc826,174,10000,fine,305,4420,8.089271545,64,0.002652220179,p_0.25_0.5,p_0.25_0.5/fine,2973.216667,FALSE,dem_agl,reported,dem_agl,reported,3297.941007,3289.863956,1,1,30.23133308,6109962.42,6080071.015,8.115913315,6658,1,0,2.52980363,0,0,6078952.372,6053025.787,,TRUE
1023248,1989,1980,bc89081,231,15000,fine,305,6553,14.68496103,132,0.003209827548,p_0.25_0.5,p_0.25_0.5/fine,2973.216667,FALSE,dem_agl,reported,dem_agl,reported,5442.840994,5427.883238,1,1,223.0780269,16641944.43,16550600.92,14.76643708,17822,1,0,8.15950011,0,0,16930217.35,16848565.8,,TRUE
1054772,1989,1980,bcc966,65,10000,fine,305,4267,11.91363949,72,0.003906111309,p_0.25_0.5,p_0.25_0.5/fine,2973.216667,FALSE,dem_agl,reported,dem_agl,reported,3229.907587,3218.863902,1,1,174.7312974,5860477.013,5820469.294,11.71812277,6488,1,0,11.07404381,0,0,5583803.61,5542348.826,,TRUE
1056496,1989,1980,bcc1013,1,10000,fine,305,4877,8.676845221,81,0.002844867286,p_0.25_0.5,p_0.25_0.5/fine,2973.216667,FALSE,dem_agl,reported,dem_agl,reported,3494.410229,3486.788386,1,1,234.1732238,6859627.762,6829736.604,8.619660999,7478,1,0,4.881143142,0,0,6301070.758,6269586.963,,TRUE
1097080,1990,1990,bcc90021,155,10000,fine,305,3962,12.2455137,72,0.004014922526,p_0.25_0.5,p_0.25_0.5/fine,2973.216667,FALSE,dem_agl,reported,dem_agl,reported,3312.602134,3299.472648,1,1,278.6707094,6164407.327,6115638.957,12.14853356,6713,1,0,8.210174052,0,0,6720761.797,6668174.812,,TRUE
1097208,1990,1990,bcc90011,179,10000,fine,305,3658,7.712808397,72,0.002528789638,p_0.25_0.5,p_0.25_0.5/fine,2973.216667,FALSE,dem_agl,reported,dem_agl,reported,2688.842356,2680.44662,1,1,236.5528461,4061471.921,4036148.152,8.308518663,4411,1,0,5.770591679,0,0,4173956.213,4144347.12,,TRUE
1134412,1979,1970,bc79111,44,5000,fine,305,2316,5.364431152,25,0.003517659772,p_0.25_0.5,p_0.25_0.5/fine,2973.216667,TRUE,dem_agl,reported,dem_agl,reported,1523.806441,1517.393723,1,1,8.525861797,1304404.785,1293449.091,6.356201701,1383,1,0,6.124846983,0,0,1310852.309,1302000.216,1302000.216,TRUE
1146371,1979,1970,bcc216,15,5000,fine,305,1554,5.895455921,20,0.003865872735,p_0.25_0.5,p_0.25_0.5/fine,2973.216667,FALSE,dem_agl,reported,dem_agl,reported,1513.593579,1506.840439,1,1,22.58152797,1286978.604,1275520.102,6.733304791,1430,0,1,6.925799734,0,0,1292384.318,1286382.869,,TRUE
1167129,1978,1970,bc78070,111,5000,fine,610,3414,13.92471191,25,0.004565479316,p_0.25_0.5,p_0.25_0.5/fine,2973.216667,FALSE,dem_agl,reported,dem_agl,reported,3044.746165,3032.05707,1,1,86.34447929,1301951.98,1291122.724,13.20801474,1431,0.9979035639,0,14.20461155,0,0,1263633.365,1253151.694,,TRUE
1173393,1978,1970,bc78078,226,10000,fine,153,2896,6.969573975,64,0.004555277108,p_0.25_0.5,p_0.25_0.5/fine,2973.216667,FALSE,dem_agl,reported,dem_agl,reported,1504.909613,1498.109194,1,1,37.11848673,5055806.259,5010216.919,6.721101624,5618,1,0,7.403555142,0,0,5114164.89,5076199.206,,TRUE
1188921,1978,1970,bc78138,49,10000,fine,305,4572,8.771372477,72,0.002875859829,p_0.25_0.5,p_0.25_0.5/fine,2973.216667,FALSE,dem_agl,reported,dem_agl,reported,3462.41029,3453.736183,1,1,93.65610277,6734569.404,6700868.486,8.763300258,7181,1,0,7.989838196,0,0,6681121.639,6649476.675,,TRUE
1209201,1977,1970,bcc152,39,12500,fine,305,5182,10.74972778,100,0.00281960073,p_0.25_0.5,p_0.25_0.5/fine,2973.216667,TRUE,dem_agl,reported,dem_agl,reported,3663.307478,3652.356814,1,1,56.5087623,7538753.072,7493749.5,11.12549867,8275,1,0,6.987334104,0,0,7411850.963,7374692.623,7374692.623,TRUE
1228325,1976,1970,bc5748,96,10000,fine,153,2347,7.085821152,64,0.004631255655,p_0.25_0.5,p_0.25_0.5/fine,2973.216667,FALSE,dem_agl,reported,dem_agl,reported,1208.781258,1203.295521,1,1,108.1499321,3261857.815,3232318.819,6.740837295,3589,0.9465032042,0,5.4749748,0,0,3026528.97,2990590.434,,TRUE
1262699,1967,1960,bc4417,48,15000,fine,305,5334,11.59258013,144,0.002533897297,p_0.25_0.5,p_0.25_0.5/fine,2973.216667,FALSE,dem_agl,reported,dem_agl,reported,5027.795604,5016.369506,1,1,233.4854436,14200642.73,14136171.71,11.72568202,15636,1,0,8.185680843,0,0,13818631.78,13751938.26,,TRUE
1293249,1975,1970,bc7743,75,5000,fine,305,2347,4.515217285,25,0.00296079822,p_0.25_0.5,p_0.25_0.5/fine,2973.216667,FALSE,dem_agl,reported,dem_agl,reported,1735.035253,1731.892238,1,1,112.3573343,1691100.353,1684979.048,3.399199902,1873,1,0,5.005239653,0,0,1680439.4,1672859.434,,TRUE
1304040,1987,1980,bcc658,53,10000,fine,305,4115,11.12679799,72,0.00364813049,p_0.25_0.5,p_0.25_0.5/fine,2973.216667,TRUE,dem_agl,reported,dem_agl,reported,3250.88637,3239.853315,1,1,95.87520035,5936853.78,5896624.454,11.05880819,6345,1,0,5.046699792,0,0,5927693.216,5889238.228,5889238.228,TRUE
1304684,1987,1980,bcc721,88,10000,fine,305,4267,7.632338524,64,0.002502406073,p_0.25_0.5,p_0.25_0.5/fine,2973.216667,TRUE,dem_agl,reported,dem_agl,reported,3340.711396,3333.254332,1,1,36.95943935,6269468.008,6241510.103,7.468159633,6716,1,0,9.711064724,0,0,6273292.428,6246873.742,6246873.742,TRUE
1369840,1973,1970,bc7521,225,15000,fine,305,6096,15.61146376,144,0.003412341805,p_0.25_0.5,p_0.25_0.5/fine,2973.216667,FALSE,dem_agl,reported,dem_agl,reported,4865.614125,4849.82903,1,1,236.0711546,13299279.11,13213127.66,16.06111636,14685,0,1,10.51237757,0,0,13174091.94,13095016.23,,TRUE
1386109,1972,1970,bc7390,213,15000,fine,305,5181,12.40886291,144,0.002712319761,p_0.25_0.5,p_0.25_0.5/fine,2973.216667,FALSE,dem_agl,reported,dem_agl,reported,4993.443266,4980.800228,1,1,67.74861105,14007254.3,13936413.38,12.44578666,15359,0.02337391757,0.9470668663,8.289394424,0,0,14223361.6,14147559.89,,TRUE
99866,1994,1990,bcb94006,243,20000,mid,305,6250,17.33679106,240,0.002842096895,p_0.25_0.5,p_0.25_0.5/mid,925.6166667,FALSE,dem_agl,reported,dem_agl,reported,6044.590789,6025.470041,1,1,134.13121,20525161.52,20395513.14,19.13791141,22727,0.2296827562,0.672416069,9.086260057,0,0,20526632.22,20418069.11,,TRUE
399015,1999,1990,bcc99022,155,20000,mid,153,5029,9.238889058,240,0.00301924479,p_0.25_0.5,p_0.25_0.5/mid,925.6166667,FALSE,dem_agl,reported,dem_agl,reported,3469.14027,3460.189483,1,1,318.6457637,26866637.22,26728177.96,9.452870323,29427,0.7674924389,0.1214870697,4.684175565,0,0,25820177.31,25669495.78,,TRUE
644126,2002,2000,bcc02013,85,30000,mid,153,5944,11.90311944,529,0.002593272209,p_0.25_0.5,p_0.25_0.5/mid,925.6166667,FALSE,dem_agl,reported,dem_agl,reported,4860.377278,4848.839576,1,1,143.8473061,52736287.61,52486210.98,11.69328707,56807,1,0,6.496692727,0,0,52265183.47,52032521.51,,TRUE
679802,1984,1980,bc84096,25,16000,mid,153,3353,10.39476991,156,0.00424622954,p_0.25_0.5,p_0.25_0.5/mid,925.6166667,FALSE,dem_agl,reported,dem_agl,reported,2473.297708,2463.46279,1,1,95.24088744,13655964.55,13547576.25,10.44504004,14779,1,0,3.571680586,0,0,13010711.28,12910380.63,,TRUE
695086,1968,1960,bc7117,254,15840,mid,305,5791,13.65070832,144,0.002825531611,p_0.25_0.5,p_0.25_0.5/mid,925.6166667,FALSE,dem_agl,reported,dem_agl,reported,5590.161802,5577.387036,1,1,250.3617102,17555028.14,17474885.51,13.19861032,19433,0.1617866516,0.6593938146,8.92654364,0,0,17032318.82,16951484,,TRUE
703103,1968,1960,bc7077,66,16000,mid,305,5029,17.69509787,156,0.003626044645,p_0.25_0.5,p_0.25_0.5/mid,925.6166667,FALSE,dem_agl,reported,dem_agl,reported,4626.991052,4608.020435,1,1,240.9440135,12026800.11,11928382.76,18.57309714,13303,0,0.9983462377,8.367080557,0,0,12394179.52,12301687.75,,TRUE
703117,1968,1960,bc7077,80,16000,mid,305,5029,12.32796288,169,0.002526221902,p_0.25_0.5,p_0.25_0.5/mid,925.6166667,FALSE,dem_agl,reported,dem_agl,reported,4891.812736,4879.267409,1,1,166.9729517,13442883.05,13374021.41,12.67165378,14881,0.2197432968,0.6885289967,4.935574556,0,0,13392393.53,13331248.88,,TRUE
704330,1968,1960,bc7081,245,16000,mid,305,5639,18.1917607,144,0.003727819815,p_0.25_0.5,p_0.25_0.5/mid,925.6166667,FALSE,dem_agl,reported,dem_agl,reported,5492.26367,5474.721199,1,1,61.80546976,16945544.58,16837468.2,17.84266418,18861,0,1,16.30868457,0,0,16715352.59,16606791.52,,TRUE
717769,1979,1970,bcc234,100,16000,mid,305,5060,14.70638182,156,0.003013602832,p_0.25_0.5,p_0.25_0.5/mid,925.6166667,TRUE,dem_agl,reported,dem_agl,reported,4646.330998,4631.444547,1,1,185.4177136,12127549.72,12049962.92,14.49787734,13483,0.3177334421,0.4942520211,5.911602535,0,0,12522331.79,12437868.44,12437868.44,TRUE
730469,1980,1980,bc80070,261,20000,mid,153,3658,9.402496474,225,0.003072711266,p_0.25_0.5,p_0.25_0.5/mid,925.6166667,FALSE,dem_agl,reported,dem_agl,reported,2790.858107,2781.799526,1,1,192.4802771,17387818.72,17275126.97,9.430737333,19180,0,1,6.60116492,0,0,17151779.48,17021718.06,,TRUE
731751,1980,1980,bc80070,118,20000,mid,153,3109,8.547384834,240,0.002793263018,p_0.25_0.5,p_0.25_0.5/mid,925.6166667,FALSE,dem_agl,reported,dem_agl,reported,3018.798008,3010.747557,1,1,16.07136163,20344063.38,20235702.02,8.052770521,22461,0.4146743244,0.498731134,4.118234592,0,0,20351007.84,20239779.37,,TRUE
731803,1980,1980,bc80070,170,20000,mid,153,3109,12.62645,256,0.004126290849,p_0.25_0.5,p_0.25_0.5/mid,925.6166667,FALSE,dem_agl,reported,dem_agl,reported,3061.484095,3048.808646,1,1,23.8558419,20923464.93,20750564.95,12.65914515,23119,0,1,5.942411261,0,0,20938126.01,20773534.55,,TRUE
734911,1980,1980,bc80123,93,20000,mid,153,3008,10.71473102,256,0.003501546084,p_0.25_0.5,p_0.25_0.5/mid,925.6166667,FALSE,dem_agl,reported,dem_agl,reported,2985.40153,2974.014155,1,1,16.23597363,19896426.99,19744932.48,11.29746602,21418,0.7258380801,0.1985246055,6.707231035,0,0,20009387.68,19900627.88,,TRUE
744627,1980,1980,bc80120,248,20000,mid,153,5182,8.017140865,256,0.002619980675,p_0.25_0.5,p_0.25_0.5/mid,925.6166667,FALSE,dem_agl,reported,dem_agl,reported,4420.372568,4412.868606,1,1,469.8273183,43620168.68,43472196.42,8.137048203,48008,0.01181053158,0.973650225,5.576171958,0,0,42440273.03,42291614.49,,TRUE
760938,1969,1960,bc7138,134,16000,mid,305,5791,13.72760985,169,0.002813034805,p_0.25_0.5,p_0.25_0.5/mid,925.6166667,FALSE,dem_agl,reported,dem_agl,reported,5071.361206,5058.07699,1,1,14.95246347,14447804.68,14372212.99,13.30737078,15482,0,0.9936700685,5.310269384,0,0,14414706.49,14334930.76,,TRUE
764740,1969,1960,bc7173,79,16000,mid,305,5791,12.62406578,169,0.002586898726,p_0.25_0.5,p_0.25_0.5/mid,925.6166667,FALSE,dem_agl,reported,dem_agl,reported,5713.746173,5701.397064,1,1,56.57699332,18339802.74,18260612.85,12.57477182,19669,0.3890385886,0.5226498551,7.287853829,0,0,18047090.08,17969311.31,,TRUE
777384,1969,1960,bc5333,171,16000,mid,153,2896,7.464602408,169,0.00304926569,p_0.25_0.5,p_0.25_0.5/mid,925.6166667,FALSE,dem_agl,reported,dem_agl,reported,2494.295887,2488.753788,1,1,266.6668885,13888825.83,13827174.97,6.441356702,15260,0.305242464,0.5422018349,5.935700014,0,0,12672422.07,12614855.46,,TRUE
783521,1969,1960,bc7224,239,16000,mid,305,6096,12.59807958,156,0.002581573685,p_0.25_0.5,p_0.25_0.5/mid,925.6166667,FALSE,dem_agl,reported,dem_agl,reported,4393.947905,4381.680924,1,1,115.1445516,10845824.7,10785350.69,12.08265956,11884,0.04661730057,0.8460955907,4.984113106,0,0,11011827.55,10943807.48,,TRUE
796230,1981,1980,bc81003,167,20000,mid,153,3200,12.22085472,240,0.003993743374,p_0.25_0.5,p_0.25_0.5/mid,925.6166667,FALSE,dem_agl,reported,dem_agl,reported,2860.848716,2847.115619,1,1,285.5405753,18270876.23,18095883.77,12.88634263,20223,1,0,12.5944145,0,0,19544126.73,19396653.86,,TRUE
818968,1982,1980,bc82041,93,30000,mid,153,4724,16.29951169,506,0.003551091872,p_0.25_0.5,p_0.25_0.5/mid,925.6166667,FALSE,dem_agl,reported,dem_agl,reported,4459.656285,4443.998509,1,1,54.63299321,44398915.95,44087695.62,15.70809365,48937,1,0,9.740957809,0,0,44312841.38,43991591.15,,TRUE
819012,1982,1980,bc82041,137,30000,mid,153,4724,11.75604584,529,0.002561230031,p_0.25_0.5,p_0.25_0.5/mid,925.6166667,FALSE,dem_agl,reported,dem_agl,reported,4280.827704,4269.928173,1,1,188.9195953,40909586.3,40701529.49,10.88154103,45202,0.9889606655,0,4.358371917,0,0,41387561.96,41196286.39,,TRUE
819642,1982,1980,bc82003,88,20000,mid,153,3780,12.7827554,225,0.004177371045,p_0.25_0.5,p_0.25_0.5/mid,925.6166667,TRUE,dem_agl,reported,dem_agl,reported,3015.875444,3003.043098,1,1,139.9537393,20304691.38,20132268.8,12.40639247,22478,1,0,13.12193412,0,0,21380583.88,21131131.24,21131131.24,TRUE
827134,1982,1980,bc82062,111,20000,mid,305,7254,15.67003104,240,0.002568857547,p_0.25_0.5,p_0.25_0.5/mid,925.6166667,FALSE,dem_agl,reported,dem_agl,reported,6673.477404,6658.27673,1,1,332.1263443,25018263.49,24904421.38,15.94944915,27581,0.3530691418,0.5584279033,9.731849638,0,0,24091397.53,24001774.85,,TRUE
839259,1983,1980,bc83015,36,16000,mid,153,2896,10.65283416,144,0.004351647942,p_0.25_0.5,p_0.25_0.5/mid,925.6166667,FALSE,dem_agl,reported,dem_agl,reported,2868.086651,2856.596113,1,1,35.89867147,18363443.66,18216597.9,11.539145,20325,0.2147601476,0.670701107,6.779508416,0,0,18311860.39,18151393.72,,TRUE
840334,1983,1980,bc83009,104,18000,mid,153,4572,8.206273916,196,0.002979765402,p_0.25_0.5,p_0.25_0.5/mid,925.6166667,FALSE,dem_agl,reported,dem_agl,reported,2757.346096,2748.888246,1,1,298.8221178,16972747.6,16868783.29,7.816069948,18693,0.1123950142,0.732199219,2.895290541,0,0,18419109.04,18321139.78,,TRUE
1114615,1979,1970,bc79046,189,20000,mid,305,7315,15.77823817,240,0.002586596421,p_0.25_0.5,p_0.25_0.5/mid,925.6166667,FALSE,dem_agl,reported,dem_agl,reported,6586.975367,6571.789919,1,1,300.6464938,24373890.3,24261637.92,15.33788529,26984,1,0,14.92995151,0,0,24178905.46,24076667.78,,TRUE
1125125,1979,1970,bc79182,281,15840,mid,305,5590,12.74082125,156,0.002637195987,p_0.25_0.5,p_0.25_0.5/mid,925.6166667,FALSE,dem_agl,reported,dem_agl,reported,4587.129613,4573.621389,1,1,52.7539021,11820471.41,11750955.83,13.23648669,12680,1,0,3.069182156,0,0,12038218.04,11976042.2,,TRUE
1141273,1979,1970,bc79065,22,20000,mid,153,3444,8.684761405,256,0.002838157322,p_0.25_0.5,p_0.25_0.5/mid,925.6166667,TRUE,dem_agl,reported,dem_agl,reported,3094.822562,3086.382422,1,1,37.95770795,21381644.23,21265180.04,8.529624313,22520,1,0,7.389554759,0,0,21161029.99,21037026.65,21037026.65,TRUE
1159516,1978,1970,bc78150,134,20000,mid,153,3658,10.90807247,256,0.003564729566,p_0.25_0.5,p_0.25_0.5/mid,925.6166667,FALSE,dem_agl,reported,dem_agl,reported,2927.887798,2917.112717,1,1,147.4986305,19137202.4,18996605.84,11.08884713,20798,0,0.9928358496,4.559789448,0,0,18831964.71,18696784.25,,TRUE
1169493,1978,1970,bc78022,233,20000,mid,153,3658,8.388603651,225,0.002741373742,p_0.25_0.5,p_0.25_0.5/mid,925.6166667,FALSE,dem_agl,reported,dem_agl,reported,2897.710162,2890.774732,1,1,294.9870025,18744742.47,18655121.87,7.93700991,20740,1,0,6.798698949,0,0,17331314.63,17246278.95,,TRUE
1170120,1978,1970,bc78047,100,20000,mid,153,3749,10.96534602,240,0.003583446411,p_0.25_0.5,p_0.25_0.5/mid,925.6166667,FALSE,dem_agl,reported,dem_agl,reported,3010.472908,2999.37929,1,1,48.48495126,20232010.28,20083174.75,11.13738638,21787,1,0,7.179769478,0,0,20155068.73,20020970.34,,TRUE
1173839,1978,1970,bc78072,80,25000,mid,153,4572,11.84365566,361,0.003096380564,p_0.25_0.5,p_0.25_0.5/mid,925.6166667,FALSE,dem_agl,reported,dem_agl,reported,3486.743514,3476.209891,1,1,291.1368584,27139984.41,26976249.67,11.22701202,30074,0.9599986699,0.01246924254,10.80584253,0,0,25649849.25,25486914.09,,TRUE
1219223,1976,1970,bc5750,268,18000,mid,153,3658,9.569765509,210,0.003474860388,p_0.25_0.5,p_0.25_0.5/mid,925.6166667,FALSE,dem_agl,reported,dem_agl,reported,2702.047483,2692.339651,1,1,336.5135357,16298796.74,16181891.5,10.02685273,17833,1,0,4.985734747,0,0,16184137.58,16085622.89,,TRUE
1232142,1967,1960,bc4425,193,15840,mid,305,5791,15.02324321,156,0.003109629742,p_0.25_0.5,p_0.25_0.5/mid,925.6166667,FALSE,dem_agl,reported,dem_agl,reported,5496.174266,5481.900796,1,1,335.6290144,16969684.27,16881658.76,15.21243984,18762,0.008421277049,0.8479906193,10.79175132,0,0,16115268.54,16032225.29,,TRUE
1232723,1967,1960,bc4428,147,15840,mid,305,6096,19.18034167,156,0.003970098872,p_0.25_0.5,p_0.25_0.5/mid,925.6166667,FALSE,dem_agl,reported,dem_agl,reported,5449.15792,5431.965178,1,1,336.3850999,16680595.92,16575503.43,18.50917662,18426,0,1,11.87656063,0,0,15824521.37,15726143.48,,TRUE
1259585,1967,1960,bc5255,224,15840,mid,153,3886,10.29923816,156,0.004249702151,p_0.25_0.5,p_0.25_0.5/mid,925.6166667,FALSE,dem_agl,reported,dem_agl,reported,2213.437934,2200.915971,1,1,195.0230268,10937153,10813754.71,11.35769506,12141,1,0,7.926690436,0,0,12565190.88,12454558.16,,TRUE
1260347,1967,1960,bc5261,85,16000,mid,153,2591,6.434508587,144,0.00262847573,p_0.25_0.5,p_0.25_0.5/mid,925.6166667,FALSE,dem_agl,reported,dem_agl,reported,2566.535871,2559.038714,1,1,33.79106409,14704974.22,14619189.74,7.450023671,16328,0.265311122,0.5670627144,6.628523968,0,0,14758628.17,14693945.05,,TRUE
1263522,1967,1960,bc5227,172,15840,mid,153,2438,10.84298996,144,0.004474066631,p_0.25_0.5,p_0.25_0.5/mid,925.6166667,FALSE,dem_agl,reported,dem_agl,reported,2327.920257,2319.178431,1,1,149.8775026,12097782.97,12007094.18,9.584177685,13376,0.3600478469,0.4493869617,4.834380684,0,0,11491577.08,11387728.23,,TRUE
1290496,1975,1970,bc5660,82,20000,mid,153,3383,9.223183594,225,0.003014112286,p_0.25_0.5,p_0.25_0.5/mid,925.6166667,FALSE,dem_agl,reported,dem_agl,reported,2521.490218,2511.258467,1,1,242.7800654,14193325.6,14078371.41,9.488243407,15547,1,0,10.86449239,0,0,15810330.44,15686938.94,,TRUE
1333088,1974,1970,bc5622,13,30000,mid,153,5486,13.33916609,506,0.002906136403,p_0.25_0.5,p_0.25_0.5/mid,925.6166667,TRUE,dem_agl,reported,dem_agl,reported,4695.489265,4682.27348,1,1,98.33625987,49218830.99,48942161.16,13.32290368,53546,1,0,11.78759659,0,0,48801223.02,48530785.64,48530785.64,TRUE
1334944,1974,1970,bc5595,48,16000,mid,153,2651,7.342438286,169,0.002999362045,p_0.25_0.5,p_0.25_0.5/mid,925.6166667,TRUE,nominal_scale,implausible,nominal_scale,implausible,,,1,1,76.32521086,13378037.76,13378037.76,,,,,,,,,,,FALSE
1378790,1972,1970,bc5509,124,16000,mid,153,6553,6.238047282,156,0.002548221929,p_0.25_0.5,p_0.25_0.5/mid,925.6166667,FALSE,dem_agl,corrected_roll_table,dem_agl,corrected_roll_table,5286.896303,5281.727605,1,1,254.8141053,62398072.6,62276126.14,,,,,,,,,,,FALSE
1388219,1972,1970,bc7435,241,15840,mid,305,6096,13.18885167,144,0.002729932869,p_0.25_0.5,p_0.25_0.5/mid,925.6166667,FALSE,dem_agl,reported,dem_agl,reported,4732.527595,4719.65389,1,1,200.744478,12581692.98,12513335.14,13.16838569,13954,0,1,12.14047353,0,0,12188687.3,12132545.02,,TRUE
1395637,1971,1970,bc7373,61,15840,mid,305,6096,12.51796977,156,0.002591068423,p_0.25_0.5,p_0.25_0.5/mid,925.6166667,FALSE,dem_agl,reported,dem_agl,reported,4866.252803,4852.868602,1,1,252.0459056,13302770.76,13229695.19,12.23577271,14645,1,0,8.616361172,0,0,14695235.53,14629145.28,,TRUE
1425726,1970,1970,bc7280,198,16000,mid,305,60,12.38895033,169,0.002538719329,p_0.25_0.5,p_0.25_0.5/mid,925.6166667,FALSE,dem_agl,corrected_roll_table,dem_agl,corrected_roll_table,4925.059006,4912.65837,1,1,198.2206904,13626227.94,13557696.31,,,,,,,,,,,FALSE
1439213,1966,1960,bc4391,188,16000,mid,305,6096,12.95417918,156,0.002654544913,p_0.25_0.5,p_0.25_0.5/mid,925.6166667,FALSE,dem_agl,reported,dem_agl,reported,5672.970202,5660.974764,1,1,287.3512717,18078973.92,18002599.13,12.84169415,19693,1,0,8.276826044,0,0,17174839.79,17107118.26,,TRUE
1458147,1965,1960,bc4355,20,15840,mid,305,5791,13.7671008,156,0.002849623447,p_0.25_0.5,p_0.25_0.5/mid,925.6166667,FALSE,dem_agl,reported,dem_agl,reported,5080.970308,5067.181151,1,1,28.32185862,14502607.3,14423997.37,13.74396695,15595,0.5100352677,0.3880731004,6.952975255,0,0,14551464.29,14476881.56,,TRUE
1460647,1965,1960,bc4322,242,15840,mid,305,5486,12.08998745,156,0.002502481257,p_0.25_0.5,p_0.25_0.5/mid,925.6166667,FALSE,dem_agl,reported,dem_agl,reported,5439.704711,5428.060052,1,1,55.00840864,16622771.06,16551679.22,11.68451603,18313,1,0,7.284450741,0,0,16567676.84,16501578.95,,TRUE
1460707,1965,1960,bc4328,56,15840,mid,305,5486,13.13727565,156,0.002719257254,p_0.25_0.5,p_0.25_0.5/mid,925.6166667,FALSE,dem_agl,reported,dem_agl,reported,5024.367428,5010.688705,1,1,224.0154527,14181284.06,14104172.74,13.23539988,15613,1,0,7.254306968,0,0,14673564.5,14592597.87,,TRUE
1595231,2007,2000,bcc07010,7,20000,mid,153,4910,11.37354541,256,0.003716844905,p_0.25_0.5,p_0.25_0.5/mid,925.6166667,FALSE,dem_agl,reported,dem_agl,reported,3393.983063,3382.532321,1,1,215.5286675,25715142.3,25541917.67,11.3735867,28187,1,0,6.390526038,0,0,26370923,26170535.38,,TRUE
1595851,2007,2000,bcc07016,136,20000,mid,153,4449,9.033702374,256,0.002952190318,p_0.25_0.5,p_0.25_0.5/mid,925.6166667,FALSE,dem_agl,reported,dem_agl,reported,2726.969906,2717.380012,1,1,136.2727918,16600848.3,16484293.7,9.059482986,18231,1,0,2.068857618,0,0,17699669.91,17568092.28,,TRUE
1602819,2007,2000,bcc07048,222,20000,mid,153,4267,7.987656148,240,0.002610345146,p_0.25_0.5,p_0.25_0.5/mid,925.6166667,FALSE,dem_agl,reported,dem_agl,reported,3553.758527,3546.139538,1,1,93.66334805,28193268.02,28072509.14,7.730629042,30238,0.6610225544,0.2558370263,4.514463637,0,0,27822036.67,27692730.26,,TRUE
1604241,2007,2000,bcc07055,46,20000,mid,153,4267,9.00063502,240,0.002941383993,p_0.25_0.5,p_0.25_0.5/mid,925.6166667,FALSE,dem_agl,reported,dem_agl,reported,3160.963369,3152.302834,1,1,73.76773469,22305323,22183264.39,8.761226795,23960,1,0,2.774669301,0,0,22122303.47,22006063.69,,TRUE
1604865,2007,2000,bcc07062,254,20000,mid,153,4267,8.217447917,225,0.002685440496,p_0.25_0.5,p_0.25_0.5/mid,925.6166667,TRUE,dem_agl,reported,dem_agl,reported,3176.341386,3167.471088,1,1,107.2954542,22522880.73,22397260.92,8.405680866,24214,1,0,6.186488442,0,0,23819800.95,23716741.48,23716741.48,TRUE
1607425,2007,2000,bcc07072,46,20000,mid,153,3363,11.84238053,240,0.003870058996,p_0.25_0.5,p_0.25_0.5/mid,925.6166667,FALSE,dem_agl,reported,dem_agl,reported,3094.295889,3082.961951,1,1,161.988826,21374367.45,21218072.07,11.74910323,23131,1,0,10.59584104,0,0,20982882.74,20827842.85,,TRUE
1614870,2006,2000,bcc06124,152,20000,mid,153,3615,8.628853559,256,0.002819886784,p_0.25_0.5,p_0.25_0.5/mid,925.6166667,FALSE,dem_agl,reported,dem_agl,reported,3267.354019,3259.03265,1,1,11.97416287,23832081.56,23710844.01,8.335702029,25032,1,0,8.637613402,0,0,23804578.53,23679347.17,,TRUE
1615556,2006,2000,bcc06128,134,20000,mid,153,3535,11.52948456,240,0.003767805411,p_0.25_0.5,p_0.25_0.5/mid,925.6166667,FALSE,dem_agl,reported,dem_agl,reported,3116.428179,3104.960596,1,1,33.43144436,21681225.96,21521957.86,11.43672933,22771,1,0,9.916667231,0,0,21737528.94,21585132.42,,TRUE
1622084,2010,2010,bcc10003,173,20000,mid,153,4724,7.80204916,256,0.002549689268,p_0.25_0.5,p_0.25_0.5/mid,925.6166667,FALSE,dem_agl,reported,dem_agl,reported,3105.008052,3097.009538,1,1,214.7704626,21522615.73,21411873.86,7.760073721,23532,0,1,1.325116504,0,0,22362127.8,22247792.82,,TRUE
1628335,2008,2000,bcc08011,227,20000,mid,153,4271,9.304161072,225,0.003040575514,p_0.25_0.5,p_0.25_0.5/mid,925.6166667,FALSE,dem_agl,reported,dem_agl,reported,3830.984763,3822.529931,1,1,236.5572841,32763511.34,32619055.37,8.683670829,35486,1,0,6.56492155,0,0,32400093.03,32246431.08,,TRUE
2006060,2009,2000,bcc09024,156,20000,mid,153,4405,9.327531433,240,0.003048212887,p_0.25_0.5,p_0.25_0.5/mid,925.6166667,FALSE,dem_agl,reported,dem_agl,reported,3408.177991,3399.177834,1,1,148.0791242,25930693.12,25793920.83,9.6453326,28078,1,0,4.562374543,0,0,24579342.47,24436711.22,,TRUE
1249385,1967,1960,bc5237,36,32000,coarse,153,5639,26.52224054,576,0.005417124293,p_0.5_1,p_0.5_1/coarse,1,FALSE,dem_agl,reported,dem_agl,reported,5304.767582,5279.289639,1,1,200.5246041,62820633.59,62218647.94,25.73092209,69650,0,1,18.59580272,0,0,62442968.95,61897143.24,,TRUE
1249386,1967,1960,bc5237,37,32000,coarse,153,5639,24.95207748,576,0.005096421054,p_0.5_1,p_0.5_1/coarse,1,FALSE,dem_agl,reported,dem_agl,reported,5194.8751,5170.113031,1,1,265.5690071,60244833.86,59671872.51,24.92244327,66784,0,1,19.25834262,0,0,60007367.78,59493787.64,,TRUE
1249534,1967,1960,bc5237,190,32000,coarse,153,5639,24.79633836,600,0.005064611594,p_0.5_1,p_0.5_1/coarse,1,FALSE,dem_agl,reported,dem_agl,reported,5313.641769,5290.782622,1,1,250.8454812,63030990.9,62489842.1,23.48832051,69844,0.0968587137,0.8579548709,15.90235801,0,0,62037443.82,61624665.85,,TRUE
1249535,1967,1960,bc5237,191,32000,coarse,153,5639,24.78839412,576,0.005062988995,p_0.5_1,p_0.5_1/coarse,1,FALSE,dem_agl,reported,dem_agl,reported,5180.351643,5155.630685,1,1,270.6798785,59908448.43,59338039.06,25.81440775,66372,0.2010787682,0.7070451395,19.20018749,0,0,58183622.78,57724569.97,,TRUE
1259800,1967,1960,bc5236,169,32000,coarse,153,4572,24.59809573,625,0.005024120859,p_0.5_1,p_0.5_1/coarse,1,FALSE,dem_agl,reported,dem_agl,reported,4088.887536,4063.097289,1,1,283.2687108,37323290.2,36853949.25,26.60126339,41352,0.1939204875,0.6905591023,19.66994253,0,0,36382300.79,36013373.15,,TRUE
1259801,1967,1960,bc5236,170,32000,coarse,153,4572,26.94157015,625,0.00550277168,p_0.5_1,p_0.5_1/coarse,1,FALSE,dem_agl,reported,dem_agl,reported,4162.048138,4134.385327,1,1,266.5420219,38670856.24,38158517.36,28.05247905,42844,0.1094202222,0.831038185,19.20081625,0,0,38457708.13,37990667.33,,TRUE
1259802,1967,1960,bc5236,171,32000,coarse,153,4572,25.11238097,600,0.005129162781,p_0.5_1,p_0.5_1/coarse,1,FALSE,dem_agl,reported,dem_agl,reported,4285.230415,4259.70998,1,1,228.7143729,40993778.28,40506960.21,25.90859455,45422,0.03236317203,0.9479107041,16.8209321,0,0,40837286.41,40487658.43,,TRUE
11376,1996,1990,bcc96051,42,5000,fine,305,2895,10.22206116,20,0.006702990923,p_0.5_1,p_0.5_1/fine,901.8,FALSE,dem_agl,reported,dem_agl,reported,2003.66464,1993.397937,1,1,156.825189,2255292.322,2232239.468,10.05896346,2474,1,0,1.70410708,0,0,2254329.114,2233945.513,,TRUE
98469,1994,1990,bcb94007,61,5000,fine,153,1433,7.304753418,25,0.009548697278,p_0.5_1,p_0.5_1/fine,901.8,FALSE,dem_agl,reported,dem_agl,reported,821.9936264,815.0605172,1,1,26.83276922,1508365.154,1483027.834,7.289724773,1634,1,0,8.16870401,0,0,1450262.112,1429068.984,,TRUE
108499,1994,1990,bcb94084,168,5000,fine,153,1615,6.172404785,25,0.008068502987,p_0.5_1,p_0.5_1/fine,901.8,FALSE,dem_agl,reported,dem_agl,reported,797.9662203,792.8931855,1,1,32.55882439,1421472.966,1403456.516,5.205115842,1560,0,1,2.177937115,0,0,1399100.964,1381978.936,,TRUE
126186,1994,1990,bcb94091,151,5000,fine,305,2591,9.499884033,20,0.006229432153,p_0.5_1,p_0.5_1/fine,901.8,FALSE,dem_agl,reported,dem_agl,reported,1526.851035,1517.762572,1,1,63.86347192,1309622.443,1294077.991,9.365508537,1415,1,0,10.93255199,0,0,1282928.423,1265443.969,,TRUE
126408,1993,1990,bcb93095,273,10000,fine,153,1829,12.78706539,81,0.008357559077,p_0.5_1,p_0.5_1/fine,901.8,FALSE,dem_agl,reported,dem_agl,reported,1739.050992,1726.737053,1,1,15.14622832,6751405.97,6656133.243,12.41967847,7520,0.03244680851,0.801462766,10.32082441,0,0,6695773.858,6600549.418,,TRUE
150777,1997,1990,bcb97007,165,5000,fine,153,833,6.905697713,25,0.009027055834,p_0.5_1,p_0.5_1/fine,901.8,FALSE,dem_agl,reported,dem_agl,reported,815.2017185,807.5793909,1,1,12.79450093,1483541.718,1455928.493,7.590476802,1654,0,0.9328899637,5.523940303,0,0,1479093.876,1460264.386,,TRUE
229470,1993,1990,bcb93087,141,10000,fine,153,1676,11.22829163,64,0.0073387527,p_0.5_1,p_0.5_1/fine,901.8,FALSE,dem_agl,reported,dem_agl,reported,1595.189321,1584.427142,1,1,9.599340388,5680598.013,5604206.601,10.76604176,6271,0,0.9929835752,5.096895618,0,0,5671057.304,5611569.465,,TRUE
229881,1993,1990,bcb93090,100,10000,fine,153,1676,10.40653695,72,0.006801658137,p_0.5_1,p_0.5_1/fine,901.8,FALSE,dem_agl,reported,dem_agl,reported,1496.689675,1488.009958,1,1,11.52371443,5000726.652,4942893.642,8.695677792,5512,0.9960087083,0,5.206223389,0,0,5033441.921,4939292.252,,TRUE
249713,1993,1990,bcb93004,239,8000,fine,153,1677,10.30159682,49,0.008416337269,p_0.5_1,p_0.5_1/fine,901.8,FALSE,dem_agl,reported,dem_agl,reported,1312.430095,1301.459967,1,1,96.73095344,3845226.723,3781213.656,10.68300412,4064,1,0,6.725751825,0,0,3948257.264,3895069.502,,TRUE
249751,1993,1990,bcb93004,217,8000,fine,153,1768,6.545412959,49,0.005347559607,p_0.5_1,p_0.5_1/fine,901.8,FALSE,dem_agl,reported,dem_agl,reported,1440.290829,1434.354836,1,1,67.64683826,4630948.818,4592855.631,6.173561598,4892,1,0,4.027302648,0,0,4441641.163,4394389.585,,TRUE
249766,1993,1990,bcb93004,193,8000,fine,153,1829,6.791509512,49,0.005548618882,p_0.5_1,p_0.5_1/fine,901.8,FALSE,dem_agl,reported,dem_agl,reported,1371.133804,1364.682007,1,1,79.86676899,4196906.239,4157502.526,6.774088769,4431,1,0,5.763106984,0,0,4079613.346,4045863.947,,TRUE
318305,1993,1990,bcc93008,211,10000,fine,305,3316,15.77631039,72,0.005172560784,p_0.5_1,p_0.5_1/fine,901.8,FALSE,dem_agl,reported,dem_agl,reported,3094.896725,3078.480987,1,1,38.4690199,5380778.272,5323848.948,16.34122452,5770,0.7336221837,0.1421143847,7.81106533,0,0,5407471.884,5352128.813,,TRUE
348627,1993,1990,bcb93098,53,15000,fine,153,2600,12.24065577,144,0.00533361907,p_0.5_1,p_0.5_1/fine,901.8,FALSE,dem_agl,reported,dem_agl,reported,2454.910759,2442.987772,1,1,60.50108776,13453677.37,13323311.34,11.96349945,14807,0.5812115891,0.3328830958,6.893960741,0,0,13432800.4,13282811.08,,TRUE
530692,1992,1990,bcb92139,31,10000,fine,153,1657,12.63759053,81,0.008259863089,p_0.5_1,p_0.5_1/fine,901.8,FALSE,dem_agl,reported,dem_agl,reported,1559.937717,1546.389289,1,1,29.90172025,5432304.527,5338352.605,13.54876546,6060,0,1,11.01728959,0,0,5438168.717,5345270.89,,TRUE
534661,1992,1990,bcb92130,90,10000,fine,153,1581,12.24282546,72,0.008001846703,p_0.5_1,p_0.5_1/fine,901.8,FALSE,dem_agl,reported,dem_agl,reported,1445.406459,1432.451526,1,1,38.49178602,4663903.68,4580674.786,13.13797356,5167,0.003483646216,0.9233597832,7.463346309,0,0,4611040.215,4531727.386,,TRUE
594778,1991,1990,bcb91095,70,15000,fine,153,3018,13.4261428,144,0.005850171154,p_0.5_1,p_0.5_1/fine,901.8,FALSE,dem_agl,reported,dem_agl,reported,2003.770504,1990.760548,1,1,85.79503472,8963250.812,8847236.597,12.78084079,9884,0,1,8.313154325,0,0,9133385.613,9023676.734,,TRUE
597675,1991,1990,bcb91016,178,5000,fine,153,1463,4.819564819,20,0.006300084731,p_0.5_1,p_0.5_1/fine,901.8,FALSE,dem_agl,reported,dem_agl,reported,770.9517902,765.7613479,1,1,19.00510431,1326856.734,1309050.718,5.413545163,1420,0,0.9366197183,6.512478095,0,0,1313547.129,1294851.668,,TRUE
679961,1984,1980,bc84001,123,12000,fine,153,1859,15.62200003,100,0.008508714611,p_0.5_1,p_0.5_1/fine,901.8,FALSE,dem_agl,reported,dem_agl,reported,1633.28515,1619.513418,1,1,276.941186,5955162.511,5855158.983,15.60876499,6608,0,1,13.34683253,0,0,5906949.362,5814043.377,,TRUE
699123,1968,1960,bc5281,193,12000,fine,153,2286,9.755708143,90,0.005313566527,p_0.5_1,p_0.5_1/fine,901.8,FALSE,dem_agl,reported,dem_agl,reported,1965.666451,1956.431458,1,1,22.54821502,8625598.545,8544740.248,9.399149948,9213,0,1,6.593704179,0,0,8481946.63,8376695.835,,TRUE
710667,1980,1980,bc80024,55,10000,fine,305,3962,17.42651786,72,0.005713612412,p_0.5_1,p_0.5_1/fine,901.8,FALSE,dem_agl,reported,dem_agl,reported,3835.583718,3819.629322,1,1,125.9228447,8264483.295,8195872.822,16.19477509,8863,0.005867087893,0.9649103013,8.610299238,0,0,8159671.463,8095217.491,,TRUE
723227,1980,1980,bc80052,101,10000,fine,153,1920,9.928150177,72,0.006488987044,p_0.5_1,p_0.5_1/fine,901.8,FALSE,dem_agl,reported,dem_agl,reported,1568.337625,1558.847022,1,1,162.6077859,5490965.477,5424710.743,9.9336648,6041,0.6301936765,0.1594106936,4.646883497,0,0,5410074.475,5352098.773,,TRUE
723319,1980,1980,bc80018,50,8000,fine,153,1829,10.16457632,49,0.008304392415,p_0.5_1,p_0.5_1/fine,901.8,FALSE,dem_agl,reported,dem_agl,reported,1273.243963,1264.109182,1,1,42.49201005,3619035.486,3567292.841,9.370642702,3908,0,1,5.662051122,0,0,3502720.398,3443816.744,,TRUE
726002,1980,1980,bc80006,314,5000,fine,153,1585,5.546893111,20,0.007250840668,p_0.5_1,p_0.5_1/fine,901.8,FALSE,nominal_scale,implausible,nominal_scale,implausible,,,1,1,45.11474468,1306449,1306449,,,,,,,,,,,FALSE
728435,1980,1980,bc80119,2,5000,fine,153,3048,6.176347656,25,0.008073657067,p_0.5_1,p_0.5_1/fine,901.8,FALSE,nominal_scale,implausible,nominal_scale,implausible,,,1,1,20.11984551,1306449,1306449,,,,,,,,,,,FALSE
736420,1979,1970,bcc236,119,10000,fine,305,3505,21.64446235,64,0.007096545032,p_0.5_1,p_0.5_1/fine,901.8,FALSE,dem_agl,reported,dem_agl,reported,3125.945096,3106.839564,1,1,218.9762155,5489281.025,5422385.965,20.79469096,6096,0,1,14.78801835,0,0,5223072.988,5158696.658,,TRUE
742477,1980,1980,bcc276,107,5000,fine,305,2225,8.190715332,25,0.005370960873,p_0.5_1,p_0.5_1/fine,901.8,TRUE,dem_agl,reported,dem_agl,reported,1349.944137,1343.402589,1,1,95.8352532,1023727.494,1013829.993,7.022893899,1132,1,0,1.600959936,0,0,985196.3313,975145.1507,975145.1507,TRUE
786676,1981,1980,bc81024,187,10000,fine,153,2012,12.07041836,64,0.007889162325,p_0.5_1,p_0.5_1/fine,901.8,TRUE,dem_agl,reported,dem_agl,reported,1188.767401,1178.180977,1,1,60.14644519,3154738.492,3098800.396,11.47869803,3468,0,1,7.33941556,0,0,2989838.907,2934535.418,2934535.418,TRUE
796571,1981,1980,bc81032,260,5000,fine,305,1951,8.725421143,20,0.005721587634,p_0.5_1,p_0.5_1/fine,901.8,FALSE,dem_agl,reported,dem_agl,reported,1259.019771,1252.986449,1,1,74.91715755,890467.0909,881953.1629,6.121351695,986,1,0,7.348082681,0,0,826230.0607,817391.614,,TRUE
798291,1981,1980,bc81108,13,10000,fine,305,3810,15.57314348,64,0.005105948683,p_0.5_1,p_0.5_1/fine,901.8,FALSE,dem_agl,reported,dem_agl,reported,3340.091294,3324.710607,1,1,154.753889,6267140.749,6209554.904,14.49017212,6885,0.6328249818,0.2297748729,7.162817487,0,0,6776958.474,6695997.72,,TRUE
800275,1981,1980,bc81077,198,10000,fine,305,3109,15.33941706,72,0.00502931707,p_0.5_1,p_0.5_1/fine,901.8,FALSE,dem_agl,reported,dem_agl,reported,3076.131552,3059.649559,1,1,17.2426911,5315725.939,5258914.949,16.40881803,5836,0,0.9982864976,8.090873517,0,0,5338248.081,5283764.345,,TRUE
807667,1981,1980,bc81111,198,10000,fine,153,3048,7.892091751,64,0.005158229903,p_0.5_1,p_0.5_1/fine,901.8,FALSE,dem_agl,reported,dem_agl,reported,1642.965117,1635.556443,1,1,202.2293047,6025960.434,5971736.866,7.776805365,6622,0.9572636666,0.007097553609,3.201370365,0,0,5896670.255,5854414.469,,TRUE
847708,1985,1980,bc85080,189,10000,fine,305,6401,19.49704912,72,0.006392475121,p_0.5_1,p_0.5_1/fine,901.8,FALSE,dem_agl,corrected_roll_table,dem_agl,corrected_roll_table,5646.631432,5630.143603,1,1,77.44563614,17911487.57,17807039.32,,,,,,,,,,,FALSE
852828,1985,1980,bc85043,118,8000,fine,153,1768,8.79717893,49,0.007187237688,p_0.5_1,p_0.5_1/fine,901.8,FALSE,dem_agl,reported,dem_agl,reported,1028.030803,1017.131075,1,1,188.2254607,2359292.818,2309529.089,10.39095066,2594,1,0,9.825881191,0,0,2613416.466,2582761.817,,TRUE
864252,1985,1980,bcc368,167,5000,fine,305,2591,11.29121582,25,0.007404075948,p_0.5_1,p_0.5_1/fine,901.8,FALSE,dem_agl,reported,dem_agl,reported,1651.956419,1640.748059,1,1,80.40489857,1533027.498,1512295.193,11.36526703,1660,1,0,5.684445733,0,0,1540818.719,1522967.008,,TRUE
881025,1986,1980,bc86017,205,8000,fine,153,1463,11.38818953,36,0.009304076412,p_0.5_1,p_0.5_1/fine,901.8,TRUE,dem_agl,reported,dem_agl,reported,1152.088025,1141.69685,1,1,18.42364148,2963063.206,2909853.978,10.50184771,3161,0.02815564695,0.8810503005,10.71776975,0,0,2939709.809,2882273.334,2882273.334,TRUE
1009110,1988,1980,bcc835,285,10000,fine,305,3353,15.69562626,64,0.00514610697,p_0.5_1,p_0.5_1/fine,901.8,FALSE,dem_agl,reported,dem_agl,reported,2939.256455,2924.153652,1,1,243.7485333,4853194.924,4803448.644,15.66054891,5377,0.5571880231,0.2616700763,8.953753183,0,0,4701056.563,4648123.991,,TRUE
1009216,1988,1980,bcc816,151,10000,fine,305,3962,15.70417595,64,0.005148910147,p_0.5_1,p_0.5_1/fine,901.8,FALSE,dem_agl,reported,dem_agl,reported,3205.53753,3190.819383,1,1,228.1012641,5772374.577,5719488.835,15.21843875,6374,0,1,10.4040292,0,0,5758640.648,5703076.606,,TRUE
1010847,1988,1980,bcc827,117,10000,fine,305,3658,19.5830152,72,0.006420660722,p_0.5_1,p_0.5_1/fine,901.8,FALSE,dem_agl,reported,dem_agl,reported,3231.944999,3211.224723,1,1,236.778581,5867872.87,5792875.181,20.15615753,6503,0,1,14.69022035,0,0,6070107.946,5999216.784,,TRUE
1056128,1989,1980,bcc971,5,10000,fine,305,4267,23.96480881,81,0.007857314362,p_0.5_1,p_0.5_1/fine,901.8,TRUE,dem_agl,reported,dem_agl,reported,3572.469175,3548.036769,1,1,315.8294674,7169514.607,7071784.163,24.47044178,7950,0,1,18.37667283,0,0,7280217.088,7204124.367,7204124.367,TRUE
1133800,1979,1970,bc79017,103,2000,fine,153,701,2.167938232,4,0.007084765465,p_0.5_1,p_0.5_1/fine,901.8,TRUE,dem_agl,reported,dem_agl,reported,314.7428497,312.8583097,1,1,1.330250941,221147.1444,218506.8115,1.89022036,243,0,1,0.07014147377,0,0,220837.738,217988.9268,217988.9268,TRUE
1139826,1979,1970,bc79186,257,10000,fine,153,2134,7.735204061,72,0.005055688929,p_0.5_1,p_0.5_1/fine,901.8,FALSE,dem_agl,reported,dem_agl,reported,1388.85186,1381.737824,1,1,25.39379402,4306073.517,4262072.989,7.178866241,4630,0,1,4.128844135,0,0,4292883.171,4240808.007,,TRUE
1140719,1979,1970,bc79117,234,10000,fine,153,1920,10.50298507,81,0.006864696125,p_0.5_1,p_0.5_1/fine,901.8,FALSE,dem_agl,reported,dem_agl,reported,1597.65459,1587.721414,1,1,34.43130498,5698169.628,5627534.872,10.28521793,6001,1,0,9.653766048,0,0,5542160.637,5470682.181,,TRUE
1144109,1979,1970,bc79161,202,5000,fine,305,1829,9.759491882,25,0.006399666808,p_0.5_1,p_0.5_1/fine,901.8,FALSE,dem_agl,reported,dem_agl,reported,1700.768205,1690.817746,1,1,43.58845336,1624961.33,1606003.059,10.05215201,1709,1,0,8.987779291,0,0,1593146.175,1575292.354,,TRUE
1151454,1979,1970,bc79021,111,5000,fine,305,1981,11.0480278,20,0.007244608394,p_0.5_1,p_0.5_1/fine,901.8,FALSE,dem_agl,reported,dem_agl,reported,1802.688926,1792.633088,1,1,88.92673072,1825552.619,1805242.668,10.78332369,1922,1,0,11.65857644,0,0,1738846.122,1720183.396,,TRUE
1159752,1978,1970,bc78154,8,6000,fine,153,2134,6.375693359,25,0.006945199738,p_0.5_1,p_0.5_1/fine,901.8,FALSE,dem_agl,reported,dem_agl,reported,971.3358703,964.6721434,1,1,9.411832665,2106242.853,2077442.757,6.584047143,2289,1,0,1.694533744,0,0,2125358.191,2094514.848,,TRUE
1193104,1977,1970,bc77108,94,10000,fine,153,2225,8.947949727,72,0.005848333155,p_0.5_1,p_0.5_1/fine,901.8,FALSE,dem_agl,reported,dem_agl,reported,1448.974204,1440.31458,1,1,98.24200892,4686956.234,4631101.553,9.39031018,5202,0,0.9800076894,4.875611413,0,0,4535383.395,4483773.391,,TRUE
1193991,1977,1970,bc77022,115,10000,fine,153,1707,10.66962836,72,0.006973613304,p_0.5_1,p_0.5_1/fine,901.8,FALSE,dem_agl,reported,dem_agl,reported,1524.923369,1514.498553,1,1,15.75140592,5191174.527,5120440.406,10.55486918,5548,0,0.9677361211,6.23044103,0,0,5146267.654,5063370.974,,TRUE
1216047,1976,1970,bc7882,231,6000,fine,305,2743,13.72469076,30,0.007499831014,p_0.5_1,p_0.5_1/fine,901.8,TRUE,dem_agl,reported,dem_agl,reported,1732.138511,1716.537615,1,1,64.95754531,1685458.287,1655234.093,15.71637292,1856,0,1,8.173040777,0,0,1642424.799,1617072.616,1617072.616,TRUE
1222489,1976,1970,bc5720,149,12000,fine,153,1890,11.26948586,100,0.006138064196,p_0.5_1,p_0.5_1/fine,901.8,FALSE,dem_agl,reported,dem_agl,reported,1764.460849,1752.737942,1,1,45.02690087,6950141.444,6858096.106,11.44136112,7707,0,1,5.635215173,0,0,7121306.395,7038255.483,,TRUE
1223765,1976,1970,bc5743,11,10000,fine,153,2652,9.195753098,64,0.006010296142,p_0.5_1,p_0.5_1/fine,901.8,FALSE,dem_agl,reported,dem_agl,reported,1680.609425,1671.783029,1,1,163.6426625,6305262.616,6239207.291,9.222267004,6982,0.4260956746,0.4281008307,4.741231077,0,0,6082309.334,6018124.457,,TRUE
1226832,1976,1970,bcc140,58,5000,fine,305,1859,9.833208008,25,0.006448005251,p_0.5_1,p_0.5_1/fine,901.8,FALSE,dem_agl,reported,dem_agl,reported,1593.975665,1586.815538,1,1,67.86322933,1427302.896,1414508.827,7.625846698,1576,1,0,6.373687208,0,0,1367913.895,1347937.111,,TRUE
1289537,1975,1970,bc5664,198,10000,fine,153,1646,11.49960693,72,0.007516082959,p_0.5_1,p_0.5_1/fine,901.8,FALSE,dem_agl,reported,dem_agl,reported,1463.337674,1453.260544,1,1,191.0102436,4780339.022,4714727.055,10.95293675,5137,0.2966712089,0.5711504769,6.521280674,0,0,4693661.01,4628482.624,,TRUE
1291412,1975,1970,bc5691,38,3000,fine,153,579,3.347859806,9,0.007293812215,p_0.5_1,p_0.5_1/fine,901.8,FALSE,dem_agl,reported,dem_agl,reported,565.3597941,560.7981071,1,1,1.279609964,713541.8184,702073.642,4.512851224,791,0,1,2.427839612,0,0,712812.1549,708010.0611,,TRUE
1333338,1974,1970,bc5586,157,15000,fine,153,2438,17.61157939,144,0.007673890802,p_0.5_1,p_0.5_1/fine,901.8,FALSE,dem_agl,reported,dem_agl,reported,2331.503984,2312.821187,1,1,23.90007456,12135059.61,11941357.61,18.45914661,13402,0,1,11.36512168,0,0,12299952.11,12104113.42,,TRUE
1341505,1974,1970,bc5611,109,12000,fine,153,2103,18.15684899,90,0.009889351303,p_0.5_1,p_0.5_1/fine,901.8,FALSE,dem_agl,reported,dem_agl,reported,1825.877452,1807.951528,1,1,103.7583632,7442397.145,7296979.997,18.64757103,7972,0.260160562,0.6090065228,12.89156726,0,0,7318456.011,7174924.033,,TRUE
1341507,1974,1970,bc5611,111,12000,fine,153,2103,15.28773719,90,0.008326654243,p_0.5_1,p_0.5_1/fine,901.8,FALSE,dem_agl,reported,dem_agl,reported,1746.28412,1730.876912,1,1,156.8748488,6807684.18,6688087.716,15.73419825,7293,0.3547237077,0.4899218429,10.92773048,0,0,6836015.042,6716733.5,,TRUE
1342700,1974,1970,bc5618,111,9600,fine,153,2286,7.896120071,64,0.005375898741,p_0.5_1,p_0.5_1/fine,901.8,FALSE,dem_agl,reported,dem_agl,reported,1520.345246,1512.031561,1,1,36.32175274,5160051.445,5103772.447,8.287101407,5538,0,1,4.808494834,0,0,5209303.05,5157418.167,,TRUE
1472377,1963,1960,bc5062,125,12000,fine,153,1981,11.06415397,100,0.006026227653,p_0.5_1,p_0.5_1/fine,901.8,FALSE,dem_agl,reported,dem_agl,reported,1890.741937,1882.405394,1,1,131.2638873,7980573.554,7910353.79,8.995406293,8851,0,1,6.969544824,0,0,7413460.981,7307363.018,,TRUE
1620982,2009,2000,bcc09010,233,7000,fine,305,3242,11.92055935,36,0.005583400165,p_0.5_1,p_0.5_1/fine,901.8,FALSE,dem_agl,reported,dem_agl,reported,2324.380123,2312.469466,1,1,145.2496437,3035058.588,3004033.61,11.72476124,3345,0.7958146487,0.05440956652,7.944590767,0,0,3118710.978,3086718.082,,TRUE
1628949,2009,2000,bcc09006,111,14000,fine,153,2835,20.03434427,132,0.009353101899,p_0.5_1,p_0.5_1/fine,901.8,FALSE,dem_agl,reported,dem_agl,reported,2592.426911,2574.912478,1,1,147.5713943,15003156.26,14801118.45,19.50092311,16620,0,1,16.22564698,0,0,14214469.5,14030445.47,,TRUE
565725,1990,1990,bcb90018,167,16000,mid,153,2438,16.33233496,169,0.006671705456,p_0.5_1,p_0.5_1/mid,79.6,FALSE,dem_agl,reported,dem_agl,reported,2389.690012,2373.695982,1,1,67.27985846,12748313.28,12578237.18,16.30129096,14117,0.01119217964,0.9470142382,8.18967141,0,0,12536833.33,12403276.64,,TRUE
565766,1990,1990,bcb90018,208,16000,mid,153,2438,19.33202684,156,0.007897069786,p_0.5_1,p_0.5_1/mid,79.6,TRUE,dem_agl,reported,dem_agl,reported,2166.295569,2147.505258,1,1,99.80224933,10476229.73,10295277.62,18.51567973,11602,0.2990863644,0.5592139286,9.052356604,0,0,10800369.68,10605303.56,10605303.56,TRUE
680868,1984,1980,bc84085,92,16000,mid,153,2560,16.7602511,156,0.006846507803,p_0.5_1,p_0.5_1/mid,79.6,FALSE,dem_agl,reported,dem_agl,reported,2465.746684,2448.221032,1,1,58.83932485,13572708.01,13380453.7,17.45540798,14955,1,0,11.38269536,0,0,13643105.93,13437141.88,,TRUE
702050,1968,1960,bc5279,112,15840,mid,153,2438,18.48251797,156,0.007626311305,p_0.5_1,p_0.5_1/mid,79.6,FALSE,dem_agl,reported,dem_agl,reported,2248.730659,2230.12726,1,1,172.8035874,11288714.06,11102707.11,18.28437186,12509,0.01414981214,0.9330082341,13.33867774,0,0,11471171.05,11338776.6,,TRUE
702231,1968,1960,bc5280,180,15840,mid,153,2591,16.03300467,169,0.006615585871,p_0.5_1,p_0.5_1/mid,79.6,FALSE,dem_agl,reported,dem_agl,reported,2161.25116,2147.103232,1,1,248.8048345,10427496.9,10291423.3,15.7931522,11500,0.04939130435,0.884,13.02341439,0,0,9665089.628,9536050.102,,TRUE
702256,1968,1960,bc5280,205,15840,mid,153,2591,20.0207511,156,0.008261021615,p_0.5_1,p_0.5_1/mid,79.6,FALSE,dem_agl,reported,dem_agl,reported,2249.512594,2231.539958,1,1,269.3623594,11296566.11,11116777.82,19.11344368,12479,0,1,6.90644789,0,0,11206267.61,11032562.3,,TRUE
702363,1968,1960,bc5287,46,15840,mid,153,2438,14.52370459,156,0.005992814001,p_0.5_1,p_0.5_1/mid,79.6,FALSE,dem_agl,reported,dem_agl,reported,2278.084658,2263.311594,1,1,197.3886279,11585354.01,11435582.37,15.68457796,12841,0,1,11.27255802,0,0,11392372.69,11249620.82,,TRUE
716783,1968,1960,bc5287,93,16000,mid,153,2438,12.8613048,156,0.00525380098,p_0.5_1,p_0.5_1/mid,79.6,TRUE,dem_agl,reported,dem_agl,reported,2411.315581,2399.180035,1,1,56.67475281,12980089.75,12849767.45,12.60123636,14467,0.03898527684,0.8895417156,7.126336931,0,0,12633050.94,12478648.25,12478648.25,TRUE
730511,1980,1980,bc80077,201,20000,mid,153,4420,16.11440728,225,0.00526614617,p_0.5_1,p_0.5_1/mid,79.6,FALSE,dem_agl,reported,dem_agl,reported,3408.411292,3392.85147,1,1,119.1878011,25934243.33,25697997.72,15.97083155,28541,0.03815563575,0.9218667881,6.18008706,0,0,25366632.2,25169196.98,,TRUE
770529,1969,1960,bc5327,63,16000,mid,153,2591,17.27465243,156,0.007056639065,p_0.5_1,p_0.5_1/mid,79.6,FALSE,dem_agl,reported,dem_agl,reported,2098.79795,2083.674212,1,1,340.5057779,9833561.836,9692353.029,17.3324345,10876,0,1,12.78747241,0,0,9013356.504,8878535.995,,TRUE
786014,1981,1980,bc81002,75,20000,mid,153,3658,15.32273502,240,0.005007429746,p_0.5_1,p_0.5_1/mid,79.6,FALSE,dem_agl,reported,dem_agl,reported,2969.536895,2956.019198,1,1,357.4711152,19685526.81,19506712.86,15.66991358,21822,0.6880670883,0.2344423059,14.21605451,0,0,18064008.03,17896498.36,,TRUE
796223,1981,1980,bc81003,160,20000,mid,153,3200,16.75897353,240,0.005476788734,p_0.5_1,p_0.5_1/mid,79.6,FALSE,dem_agl,reported,dem_agl,reported,3029.354941,3012.097485,1,1,148.7220334,20486601.19,20253852.24,17.49986401,22692,0.2295081967,0.6701480698,14.70345417,0,0,20415308.71,20247208.81,,TRUE
825896,1982,1980,bc82045,21,18000,mid,153,2743,15.73506478,196,0.005713531147,p_0.5_1,p_0.5_1/mid,79.6,FALSE,dem_agl,reported,dem_agl,reported,2455.612316,2438.591086,1,1,184.7090339,13461367.98,13275398.13,16.22576524,14961,0.4069915113,0.4710915046,10.44929244,0,0,14335998.41,14160807.65,,TRUE
839570,1983,1980,bc83011,176,16000,mid,153,3048,12.6455739,169,0.005165675614,p_0.5_1,p_0.5_1/mid,79.6,FALSE,dem_agl,reported,dem_agl,reported,2249.7108,2236.548558,1,1,276.1665891,11298556.89,11166736.13,13.64049428,12126,0,1,8.261553313,0,0,10963831.42,10855944.12,,TRUE
839924,1983,1980,bc83058,112,18000,mid,153,3962,17.08041596,196,0.006202039201,p_0.5_1,p_0.5_1/mid,79.6,FALSE,dem_agl,reported,dem_agl,reported,2943.510298,2925.20236,1,1,380.2644788,19341970.19,19102113.48,16.97449471,21436,0.2637618959,0.6712073148,13.85010447,0,0,22331859.8,22032101.67,,TRUE
840029,1983,1980,bc83044,70,16000,mid,153,3200,12.41503045,156,0.005071499369,p_0.5_1,p_0.5_1/mid,79.6,FALSE,dem_agl,reported,dem_agl,reported,2428.386749,2416.985336,1,1,177.9983092,13164528.2,13041201.99,12.68306558,14510,0.488904204,0.3103376981,6.264337455,0,0,12354480.36,12232469.1,,TRUE
840148,1983,1980,bc83056,38,16000,mid,153,2499,15.05503999,169,0.006149934636,p_0.5_1,p_0.5_1/mid,79.6,FALSE,dem_agl,reported,dem_agl,reported,2355.125505,2339.617544,1,1,114.0790491,12382196.78,12219665.82,15.78728074,13781,0.2388796169,0.6613453305,8.297024852,0,0,12318072.64,12175461.23,,TRUE
841035,1983,1980,bc83057,108,18000,mid,153,3200,17.15160563,196,0.006227888754,p_0.5_1,p_0.5_1/mid,79.6,FALSE,dem_agl,reported,dem_agl,reported,2896.581041,2878.434138,1,1,318.1969828,18730137.17,18496185.99,16.46052529,20781,0,1,11.80904561,0,0,20451176.76,20289486,,TRUE
841106,1983,1980,bc83058,207,18000,mid,153,3200,18.41527312,196,0.006686736791,p_0.5_1,p_0.5_1/mid,79.6,FALSE,dem_agl,reported,dem_agl,reported,2988.453368,2970.240284,1,1,113.6998211,19937126.18,19694853.66,17.93199179,22112,0,1,16.19621429,0,0,20288265.24,20080854.37,,TRUE
852394,1985,1980,bc85056,96,20000,mid,153,4267,15.78828214,240,0.005159569327,p_0.5_1,p_0.5_1/mid,79.6,FALSE,dem_agl,reported,dem_agl,reported,4114.418491,4099.378835,1,1,74.48401658,37790837.52,37515064.69,15.21343651,40538,0.4891213183,0.3941487,8.161215331,0,0,37382235.01,37105413.25,,TRUE
852453,1985,1980,bc85041,15,16000,mid,153,2743,18.36757269,156,0.007503093418,p_0.5_1,p_0.5_1/mid,79.6,FALSE,dem_agl,reported,dem_agl,reported,2030.393371,2011.166858,1,1,218.9587395,9203011.486,9029543.569,18.43016244,9874,0,1,11.40101547,0,0,9892350.842,9713275.502,,TRUE
880661,1986,1980,bc86007,45,16000,mid,153,2743,13.53104083,156,0.005527385959,p_0.5_1,p_0.5_1/mid,79.6,FALSE,dem_agl,reported,dem_agl,reported,2566.609052,2553.259828,1,1,48.14403542,14705812.82,14553237.44,13.30203243,16334,0.7166646259,0.1470552222,8.984942544,0,0,14840739.43,14647305.35,,TRUE
880708,1986,1980,bc86007,92,16000,mid,153,2499,12.79868509,156,0.005228221034,p_0.5_1,p_0.5_1/mid,79.6,TRUE,dem_agl,reported,dem_agl,reported,2460.564015,2447.201376,1,1,42.41957737,13515711.94,13369310.41,13.3780787,15012,0,0.9433786304,12.73796451,0,0,13466156.99,13362953.2,13362953.2,TRUE
881330,1986,1980,bc86002,54,18000,mid,153,2903,17.04907528,210,0.006190659143,p_0.5_1,p_0.5_1/mid,79.6,FALSE,dem_agl,reported,dem_agl,reported,2730.038086,2712.716415,1,1,34.86394776,16638225.34,16427761.2,17.19849196,18345,0.7093485963,0.1940038158,11.07099636,0,0,16776130.69,16554792.42,,TRUE
881457,1986,1980,bc86088,10,16000,mid,153,2874,16.58441025,156,0.00677467739,p_0.5_1,p_0.5_1/mid,79.6,FALSE,dem_agl,reported,dem_agl,reported,2132.590486,2118.365813,1,1,221.106613,10152769.47,10017780.43,16.63058671,11116,0.1838790932,0.7187837352,8.04238305,0,0,9329073.573,9207656.544,,TRUE
881564,1986,1980,bc86028,37,16000,mid,153,2743,12.24063269,144,0.005000258453,p_0.5_1,p_0.5_1/mid,79.6,FALSE,dem_agl,reported,dem_agl,reported,2205.786115,2193.198336,1,1,238.0336441,10861664.59,10738049.6,12.77200256,11974,1,0,10.58095761,0,0,10634128.83,10537251.11,,TRUE
884365,1986,1980,bc86009,53,20000,mid,153,3962,15.4381156,256,0.005045135816,p_0.5_1,p_0.5_1/mid,79.6,FALSE,dem_agl,reported,dem_agl,reported,3254.706976,3239.740525,1,1,51.08202425,23647943.55,23430958.09,14.96022392,25458,0,1,7.407403525,0,0,23666481.2,23460585.24,,TRUE
918648,1987,1980,bc87069,2,18000,mid,153,3490,18.32868484,196,0.006655295874,p_0.5_1,p_0.5_1/mid,79.6,FALSE,dem_agl,reported,dem_agl,reported,2447.6672,2425.72132,1,1,286.5115324,13374400.58,13135644.94,19.3998962,14839,0,1,15.30267351,0,0,16454433.44,16261342.49,,TRUE
918741,1987,1980,bc87081,20,18000,mid,153,2896,17.97065356,210,0.006525291779,p_0.5_1,p_0.5_1/mid,79.6,FALSE,dem_agl,reported,dem_agl,reported,2721.262949,2702.110855,1,1,113.2157355,16531437.05,16299561.27,18.30257912,18275,0,1,9.031180466,0,0,17431962.96,17190785.32,,TRUE
918767,1987,1980,bc87081,46,18000,mid,153,2896,17.59947768,196,0.00639051477,p_0.5_1,p_0.5_1/mid,79.6,FALSE,dem_agl,reported,dem_agl,reported,2718.314189,2700.2895,1,1,100.4305594,16495629.53,16277595.27,17.84960295,18240,0.04572368421,0.8974232456,10.28943932,0,0,16682050.87,16439697.34,,TRUE
968522,1988,1980,bc88096,37,16000,mid,153,2591,19.73093873,144,0.008060023989,p_0.5_1,p_0.5_1/mid,79.6,FALSE,dem_agl,reported,dem_agl,reported,2211.719149,2191.093792,1,1,311.2386408,10920173.7,10717451.51,20.48839958,12083,0,1,14.28586342,0,0,11147485.01,10937368.81,,TRUE
968577,1988,1980,bc88096,92,16000,mid,153,4420,18.46809524,156,0.007544156553,p_0.5_1,p_0.5_1/mid,79.6,FALSE,dem_agl,reported,dem_agl,reported,3875.806638,3856.796751,1,1,360.8335614,33534651.31,33206499.45,17.42910305,37145,0,1,12.01207527,0,0,36874083.91,36565847.62,,TRUE
1043505,1989,1980,bc89078,29,16000,mid,153,2438,14.51261745,156,0.005928356802,p_0.5_1,p_0.5_1/mid,79.6,FALSE,dem_agl,reported,dem_agl,reported,2378.836557,2363.643015,1,1,57.37030693,12632776.09,12471921.26,15.47688268,13957,0,0.9988536218,8.968154988,0,0,12497572.62,12347013.78,,TRUE
1043554,1989,1980,bc89078,78,16000,mid,153,2438,18.12096518,156,0.007402355057,p_0.5_1,p_0.5_1/mid,79.6,FALSE,dem_agl,reported,dem_agl,reported,2028.135447,2009.725374,1,1,271.3710107,9182554.22,9016604.537,19.26000577,10149,0,1,17.15399931,0,0,9341644.707,9229037.01,,TRUE
1043571,1989,1980,bc89078,95,16000,mid,153,2438,16.16900903,156,0.006604987351,p_0.5_1,p_0.5_1/mid,79.6,FALSE,dem_agl,reported,dem_agl,reported,2363.000044,2346.811246,1,1,71.23461374,12465136.83,12294925.79,16.52372521,13777,0,0.9892574581,8.927810314,0,0,12314969.32,12136189.57,,TRUE
1086388,1990,1990,bcb90108,50,16000,mid,153,2560,12.51987642,169,0.005114328604,p_0.5_1,p_0.5_1/mid,79.6,FALSE,nominal_scale,implausible,nominal_scale,implausible,,,1,1,309.3109748,13378037.76,13378037.76,,,,,,,,,,,FALSE
1130858,1979,1970,bc79135,184,20000,mid,153,3170,20.66867151,240,0.006754467813,p_0.5_1,p_0.5_1/mid,79.6,FALSE,dem_agl,reported,dem_agl,reported,3010.144384,2988.90577,1,1,154.7402582,20227594.8,19943162.93,21.97840628,22548,0.001729643427,0.979998226,12.99721594,0,0,19821813.11,19545455.51,,TRUE
1132847,1979,1970,bc79178,194,20000,mid,153,3353,15.39712152,240,0.00503173906,p_0.5_1,p_0.5_1/mid,79.6,FALSE,dem_agl,reported,dem_agl,reported,3169.13167,3154.048851,1,1,58.66515899,22420751.1,22207845.21,15.13986755,24043,0.9335773406,0.01904920351,8.40095791,0,0,22354250.88,22146111.41,,TRUE
1138162,1979,1970,bc79128,214,20000,mid,153,3200,18.51477818,240,0.006050581106,p_0.5_1,p_0.5_1/mid,79.6,FALSE,dem_agl,reported,dem_agl,reported,2881.586911,2865.552998,1,1,235.5738401,18536726.24,18331013.64,18.06017296,20522,0,1,12.86770262,0,0,17042946.47,16850638.38,,TRUE
1159194,1978,1970,bc78025,46,20000,mid,153,3505,15.5226092,240,0.005072748105,p_0.5_1,p_0.5_1/mid,79.6,FALSE,dem_agl,reported,dem_agl,reported,2272.760867,2256.81112,1,1,137.7412046,11531268.29,11369988.27,15.81738611,12767,0.03587373698,0.9107072922,9.896452695,0,0,12109414.84,11944723.46,,TRUE
1195196,1977,1970,bc77042,91,15840,mid,153,2694,17.5926723,156,0.007259140547,p_0.5_1,p_0.5_1/mid,79.6,FALSE,dem_agl,reported,dem_agl,reported,2398.235885,2380.173231,1,1,51.15735411,12839655.89,12646976.85,17.98537865,14154,1,0,11.18270751,0,0,12926371.07,12772969.52,,TRUE
1195369,1977,1970,bc77042,264,15840,mid,153,2694,12.66616747,144,0.005226351535,p_0.5_1,p_0.5_1/mid,79.6,FALSE,dem_agl,reported,dem_agl,reported,2479.837927,2467.267743,1,1,44.1285917,13728281.83,13589458.51,12.728594,15116,1,0,8.378272512,0,0,13612150.99,13466475.47,,TRUE
1195385,1977,1970,bc77043,13,15840,mid,153,2694,17.47297384,169,0.007209750214,p_0.5_1,p_0.5_1/mid,79.6,FALSE,dem_agl,reported,dem_agl,reported,2304.48057,2285.41633,1,1,139.4220173,11855385.81,11660045.44,18.1451291,13040,0.2169478528,0.6458588957,9.023990813,0,0,12775141.6,12583759.29,,TRUE
1195409,1977,1970,bc77043,37,15840,mid,153,2694,13.05513783,156,0.005386849636,p_0.5_1,p_0.5_1/mid,79.6,FALSE,dem_agl,reported,dem_agl,reported,2453.036106,2440.539258,1,1,38.05746538,13433137.86,13296617.83,12.6744988,14798,1,0,4.88965053,0,0,13249937.38,13129003.84,,TRUE
1202174,1977,1970,bc77029,167,20000,mid,153,3155,16.60964225,240,0.005427987664,p_0.5_1,p_0.5_1/mid,79.6,FALSE,dem_agl,reported,dem_agl,reported,3020.795467,3004.751245,1,1,76.94310227,20370994.54,20155178.01,16.30198297,21878,0,1,7.922678191,0,0,20136859.92,19951054.93,,TRUE
1202210,1977,1970,bc77029,203,20000,mid,153,3155,17.14672978,256,0.005603506465,p_0.5_1,p_0.5_1/mid,79.6,TRUE,dem_agl,reported,dem_agl,reported,2972.020597,2954.847822,1,1,83.37761279,19718470.28,19491256.14,17.58045472,21179,0.3903394872,0.5231597337,9.053107225,0,0,19529431.87,19312905.33,19312905.33,TRUE
1210513,1977,1970,bcc165,3,16000,mid,153,3048,13.71312596,156,0.005601767142,p_0.5_1,p_0.5_1/mid,79.6,FALSE,dem_agl,reported,dem_agl,reported,2168.314403,2154.004568,1,1,178.0200066,10495765.03,10357688.14,14.2381847,11541,0,0.9996534096,10.07705721,0,0,11016432.54,10878491.31,,TRUE
1213917,1976,1970,bc5744,1,15840,mid,153,3048,12.41238638,169,0.005121635629,p_0.5_1,p_0.5_1/mid,79.6,TRUE,dem_agl,reported,dem_agl,reported,1789.556749,1775.483264,1,1,252.3952213,7149250.927,7037246.38,12.30658404,7857,0.9980908744,0,8.368842189,0,0,9851454.886,9728465.313,9728465.313,TRUE
1218767,1976,1970,bc5722,100,15840,mid,153,2566,18.90560011,156,0.007800884708,p_0.5_1,p_0.5_1/mid,79.6,FALSE,dem_agl,reported,dem_agl,reported,2367.573609,2347.998114,1,1,77.31894828,12513435.84,12307364.92,19.18322272,13851,0,1,15.14609909,0,0,12827589.45,12642092.39,,TRUE
1230488,1966,1960,bc5224,42,15840,mid,153,1082,13.82454437,156,0.005704324441,p_0.5_1,p_0.5_1/mid,79.6,FALSE,dem_agl,corrected_roll_table,dem_agl,corrected_roll_table,859.2046934,844.941792,1,1,83.49126555,1648021.495,1593760.92,,,,,,,,,,,FALSE
1248759,1967,1960,bc5226,134,15840,mid,153,2438,13.6991554,156,0.005652586073,p_0.5_1,p_0.5_1/mid,79.6,FALSE,dem_agl,reported,dem_agl,reported,2207.770659,2192.745079,1,1,191.8911946,10881217.85,10733611.71,14.66943412,12045,1,0,19.48984893,0,0,11262573.01,11144186.96,,TRUE
1248951,1967,1960,bc5276,236,15840,mid,153,2438,13.6930277,156,0.005650057643,p_0.5_1,p_0.5_1/mid,79.6,FALSE,dem_agl,reported,dem_agl,reported,2285.00921,2269.731711,1,1,177.4411539,11655891.61,11500550.82,15.26721546,12904,0.2369807812,0.635616863,11.12999689,0,0,11870058.2,11778944.69,,TRUE
1259453,1967,1960,bc5256,99,15840,mid,153,3962,12.47418448,156,0.005147134943,p_0.5_1,p_0.5_1/mid,79.6,FALSE,dem_agl,reported,dem_agl,reported,2547.204712,2533.756615,1,1,93.62543976,14484292.6,14331755.2,12.86954964,16088,0.6726131278,0.2205992044,12.44416389,0,0,15296878.15,15161071.76,,TRUE
1260574,1967,1960,bc5262,48,16000,mid,153,2591,15.19302193,156,0.006206299807,p_0.5_1,p_0.5_1/mid,79.6,FALSE,dem_agl,reported,dem_agl,reported,2432.340818,2416.565491,1,1,69.09994511,13207433.91,13036671.71,15.211575,14696,0,1,14.45939142,0,0,13744662.21,13584213.17,,TRUE
1263603,1967,1960,bc5229,37,15840,mid,153,2438,15.15900056,144,0.006254951705,p_0.5_1,p_0.5_1/mid,79.6,FALSE,dem_agl,reported,dem_agl,reported,2313.661665,2300.727881,1,1,141.3852958,11950038.16,11816805.89,14.67212498,13252,0,1,11.87798326,0,0,11003074.85,10859322.2,,TRUE
1263606,1967,1960,bc5229,40,15840,mid,153,2438,13.0855454,156,0.005399396499,p_0.5_1,p_0.5_1/mid,79.6,FALSE,dem_agl,reported,dem_agl,reported,2327.559364,2317.003746,1,1,138.1346454,12094032.27,11984586.72,11.80514703,13415,0,1,8.838548659,0,0,11274480.5,11093448.82,,TRUE
1333580,1974,1970,bc5587,208,16000,mid,153,2590,17.69808195,156,0.007229608638,p_0.5_1,p_0.5_1/mid,79.6,FALSE,dem_agl,reported,dem_agl,reported,2476.285906,2458.136018,1,1,64.55571743,13688982.31,13489051.45,18.67777546,15021,0.9747686572,0.004327275148,9.857356131,0,0,13319226.68,13128486.54,,TRUE
1333627,1974,1970,bc5587,255,16000,mid,153,2590,17.96325429,156,0.007337930675,p_0.5_1,p_0.5_1/mid,79.6,FALSE,dem_agl,reported,dem_agl,reported,2362.507991,2345.687865,1,1,189.2913819,12459946.08,12283157.84,18.17747948,13710,0,0.989059081,8.784381637,0,0,11843638.34,11700291.75,,TRUE
1499012,1964,1960,bc5091,105,15840,mid,153,1890,14.65733785,156,0.006047954154,p_0.5_1,p_0.5_1/mid,79.6,TRUE,dem_agl,reported,dem_agl,reported,1791.993744,1773.532393,1,1,78.52726241,7168735.7,7021790.061,18.33414679,7991,0,1,17.55604766,0,0,7200397.854,7056929.039,7056929.039,TRUE
1628593,2008,2000,bcc08012,173,20000,mid,153,3419,16.05106881,240,0.005245447325,p_0.5_1,p_0.5_1/mid,79.6,FALSE,dem_agl,reported,dem_agl,reported,3254.012359,3238.358798,1,1,35.87593445,23637850.77,23410976.07,15.64452355,26098,0.7517051115,0.1658364626,10.78955664,0,0,23701984.78,23439814.64,,TRUE
97701,1994,1990,bcb94014,146,5000,fine,153,1372,9.179473877,16,0.01199931226,p_1_2,p_1_2/fine,297.3333333,FALSE,dem_agl,reported,dem_agl,reported,840.3161044,830.8661808,1,1,8.448423509,1576358.395,1541103.315,9.602601036,1691,0,1,6.195241486,0,0,1551968.947,1526197.479,,TRUE
98435,1994,1990,bcb94007,39,5000,fine,153,1524,12.8875061,20,0.01684641321,p_1_2,p_1_2/fine,297.3333333,FALSE,dem_agl,reported,dem_agl,reported,871.7160958,859.625549,1,1,38.85828346,1696366.63,1649636.358,12.96565218,1839,1,0,13.79462396,0,0,1615860.466,1569145.638,,TRUE
102116,1994,1990,bcb94097,88,3000,fine,305,930,16.36571333,9,0.0178860255,p_1_2,p_1_2/fine,297.3333333,FALSE,dem_agl,reported,dem_agl,reported,764.3001864,749.8594715,1,1,99.25551576,328156.2683,315873.0227,17.33977624,364,0,1,9.837672602,0,0,325300.3316,311527.1108,,TRUE
102164,1994,1990,bcb94097,30,3000,fine,305,945,15.95785522,16,0.01744027893,p_1_2,p_1_2/fine,297.3333333,FALSE,dem_agl,reported,dem_agl,reported,609.1981993,596.9870845,1,1,45.06481915,208482.6868,200208.5611,13.33772666,232,0,0.7629310345,5.617980236,0,0,207286.5348,197028.1835,,TRUE
113630,1994,1990,bcb94088,31,5000,fine,153,1676,14.41074829,20,0.01883757947,p_1_2,p_1_2/fine,297.3333333,FALSE,dem_agl,reported,dem_agl,reported,543.3980652,522.5593298,1,1,139.8782068,659182.647,609594.1667,16.94463646,722,1,0,8.512684564,0,0,1109398.74,1051835.513,,TRUE
150081,1997,1990,bcb97004,206,5000,fine,153,791,12.28279762,20,0.0160559446,p_1_2,p_1_2/fine,297.3333333,FALSE,dem_agl,reported,dem_agl,reported,694.4127572,681.2152162,1,1,38.81330077,1076477.538,1035948.75,13.20621201,1203,0,1,10.65765448,0,0,1064577.007,1023068.463,,TRUE
168575,1997,1990,bcc97211,3,3000,fine,305,1986,10.66658529,12,0.01165747026,p_1_2,p_1_2/fine,297.3333333,FALSE,dem_agl,reported,dem_agl,reported,1154.710091,1144.897214,1,1,40.70824722,749029.1085,736352.5077,10.20849046,834,0,1,8.102426768,0,0,713261.924,700400.5227,,TRUE
222313,1998,1990,bcb98005,171,5000,fine,305,1829,17.38141823,20,0.0113976513,p_1_2,p_1_2/fine,297.3333333,FALSE,dem_agl,reported,dem_agl,reported,1664.762104,1646.793833,1,1,26.6854502,1556887.156,1523460.637,17.9306156,1669,0.00419412822,0.8004793289,8.946735319,0,0,1565101.535,1530809.278,,TRUE
229533,1993,1990,bcb93087,204,10000,fine,153,1676,19.42164993,72,0.01269388885,p_1_2,p_1_2/fine,297.3333333,FALSE,dem_agl,reported,dem_agl,reported,1464.050728,1444.42962,1,1,34.00104402,4784998.876,4657601.863,19.53486286,5275,1,0,11.76536158,0,0,4798526.583,4673306.306,,TRUE
350254,1992,1990,bcb92009,104,4000,fine,153,1250,7.22706604,16,0.01180893144,p_1_2,p_1_2/fine,297.3333333,FALSE,dem_agl,reported,dem_agl,reported,515.5838379,509.3280526,1,1,17.09360818,593428.2001,579114.9601,6.510885529,637,0,1,3.671937553,0,0,590497.7552,574743.2494,,TRUE
530984,1992,1990,bcb92140,73,10000,fine,153,1575,16.49327112,81,0.01077991577,p_1_2,p_1_2/fine,297.3333333,TRUE,dem_agl,reported,dem_agl,reported,1305.035257,1287.794398,1,1,122.289903,3802017.227,3702223.676,16.46222347,4241,0.08983730252,0.7389766564,15.89323229,0,0,4089732.834,4004119.995,4004119.995,TRUE
534655,1992,1990,bcb92130,84,10000,fine,153,1615,16.70470735,64,0.01091810938,p_1_2,p_1_2/fine,297.3333333,FALSE,dem_agl,reported,dem_agl,reported,1559.409371,1542.141161,1,1,24.77343212,5428625.347,5309062.631,17.30127519,6015,0,1,10.06746647,0,0,5420239.617,5299015.554,,TRUE
559699,1990,1990,bcb90008,177,5000,fine,153,1524,10.54513672,25,0.01378449244,p_1_2,p_1_2/fine,297.3333333,FALSE,dem_agl,reported,dem_agl,reported,666.1134501,656.1097722,1,1,13.68882768,990526.2662,960998.2637,10.04808459,1071,1,0,7.207780817,0,0,987891.6622,954643.761,,TRUE
559780,1990,1990,bcb90008,258,5000,fine,153,1433,9.595771484,25,0.01254349214,p_1_2,p_1_2/fine,297.3333333,FALSE,dem_agl,reported,dem_agl,reported,772.3845945,760.5979672,1,1,34.08549622,1331793.211,1291456.883,11.4858934,1436,0,1,8.64947893,0,0,1367962.011,1333500.472,,TRUE
588345,1991,1990,bcb91036,32,8000,fine,153,1317,16.05199744,49,0.01311437699,p_1_2,p_1_2/fine,297.3333333,FALSE,dem_agl,reported,dem_agl,reported,1171.227154,1152.520571,1,1,22.74213812,3062329.061,2965288.56,18.95109877,3375,1,0,11.55301234,0,0,3016971.903,2935636.625,,TRUE
597845,1991,1990,bcb91018,149,5000,fine,153,1554,10.75415039,25,0.01405771293,p_1_2,p_1_2/fine,297.3333333,FALSE,dem_agl,reported,dem_agl,reported,789.6843697,780.0966959,1,1,49.40317225,1392120.006,1358521.348,9.713223466,1487,1,0,9.667149561,0,0,1374706.942,1341558.01,,TRUE
679484,1984,1980,bc84022,317,5000,fine,305,2438,21.18514709,20,0.01389189973,p_1_2,p_1_2/fine,297.3333333,TRUE,dem_agl,reported,dem_agl,reported,1747.060945,1726.364446,1,1,99.80254423,1714623.944,1674240.1,22.2102099,1900,0.1884210526,0.5173684211,20.83952008,0,0,1653893.066,1617508.8,1617508.8,TRUE
679953,1984,1980,bc84001,107,12000,fine,153,1737,19.75279221,100,0.01075860142,p_1_2,p_1_2/fine,297.3333333,FALSE,dem_agl,reported,dem_agl,reported,1424.605698,1407.63569,1,1,115.8360191,4530633.633,4423338.036,18.97354494,5032,0,1,14.07501549,0,0,4306624.709,4200788.876,,TRUE
718038,1980,1980,bc80138,143,5000,fine,153,1859,7.853204346,20,0.0102656266,p_1_2,p_1_2/fine,297.3333333,FALSE,dem_agl,reported,dem_agl,reported,648.2142526,641.3060741,1,1,54.16353018,938008.4316,918121.7951,7.990940681,1033,1,0,5.996448958,0,0,833555.8842,816417.7177,,TRUE
742386,1980,1980,bcc276,16,5000,fine,305,1554,17.91827454,25,0.01174968822,p_1_2,p_1_2/fine,297.3333333,FALSE,dem_agl,reported,dem_agl,reported,1513.707451,1495.20766,1,1,19.84534261,1287172.258,1255902.139,18.57947667,1421,0,1,8.655852878,0,0,1281453.927,1251195.644,,TRUE
772037,1969,1960,bc5321,215,12000,fine,153,1890,20.78542858,90,0.01132103953,p_1_2,p_1_2/fine,297.3333333,FALSE,dem_agl,reported,dem_agl,reported,1265.870186,1238.699346,1,1,311.7262557,3577238.808,3425322.027,25.17631837,3970,0,1,15.24394091,0,0,4551984.754,4448325.736,,TRUE
849812,1985,1980,bc85011,13,10000,fine,153,1829,15.47656515,72,0.01011540206,p_1_2,p_1_2/fine,297.3333333,FALSE,dem_agl,reported,dem_agl,reported,1700.343116,1685.767876,1,1,36.98032256,6454204.551,6344028.685,14.74134226,7179,0,1,13.21308057,0,0,6415483.663,6299426.69,,TRUE
849866,1985,1980,bc85011,67,10000,fine,153,1829,18.37120588,72,0.0120073241,p_1_2,p_1_2/fine,297.3333333,TRUE,dem_agl,reported,dem_agl,reported,1486.833152,1464.200528,1,1,172.5414999,4935078.47,4785978.117,20.45589812,5492,0,1,17.20052817,0,0,5585721.189,5462127.745,5462127.745,TRUE
850014,1985,1980,bc85016,14,5000,fine,305,1707,15.98616996,20,0.0104827344,p_1_2,p_1_2/fine,297.3333333,FALSE,dem_agl,reported,dem_agl,reported,1628.73473,1612.667206,1,1,66.77187759,1490230.637,1460973.312,15.97747903,1652,0,1,10.69667003,0,0,1504919.554,1476770.314,,TRUE
850564,1985,1980,bc85013,127,10000,fine,153,1676,19.73067021,72,0.01289586288,p_1_2,p_1_2/fine,297.3333333,FALSE,dem_agl,reported,dem_agl,reported,1443.632982,1427.128132,1,1,191.3295025,4652465.721,4546691.892,20.10500133,5137,0,1,14.15223579,0,0,4290339.825,4197982.184,,TRUE
879241,1986,1980,bc86066,130,8000,fine,153,1615,14.13470604,42,0.01154796245,p_1_2,p_1_2/fine,297.3333333,FALSE,dem_agl,reported,dem_agl,reported,1087.368195,1073.180485,1,1,210.6181078,2639507.147,2571077.239,15.20973691,2905,0.343545611,0.4464716007,7.695908426,0,0,2783783.629,2716205.012,,TRUE
885614,1986,1980,bc86005,231,5000,fine,305,1615,16.66603889,20,0.01092855009,p_1_2,p_1_2/fine,297.3333333,FALSE,dem_agl,reported,dem_agl,reported,1540.066746,1523.022199,1,1,34.91369493,1332391.521,1303062.48,17.20880466,1474,0,1,11.42492242,0,0,1320748.826,1292803.189,,TRUE
905334,1986,1980,bc86040,118,8000,fine,153,1219,23.60977009,49,0.01928902785,p_1_2,p_1_2/fine,297.3333333,FALSE,dem_agl,reported,dem_agl,reported,1085.859732,1062.853789,1,1,32.0057167,2632188.857,2521834.841,23.37367116,2920,0,1,14.55004349,0,0,2626010.122,2508858.108,,TRUE
959826,1987,1980,bcc695,66,5000,fine,305,3200,15.65520996,25,0.01026571145,p_1_2,p_1_2/fine,297.3333333,FALSE,dem_agl,reported,dem_agl,reported,1721.298447,1705.997959,1,1,137.5802524,1664428.438,1634969.998,17.01494536,1848,1,0,16.07855731,0,0,1624982.901,1598063.584,,TRUE
1042701,1989,1980,bc89019,180,8000,fine,153,1219,16.06555791,49,0.01312545581,p_1_2,p_1_2/fine,297.3333333,FALSE,dem_agl,reported,dem_agl,reported,1134.792486,1117.822156,1,1,26.39403185,2874765.959,2789427.107,17.13638282,3202,0,1,15.92735825,0,0,2845901.93,2764795.221,,TRUE
1043771,1989,1980,bc89082,131,3000,fine,153,1067,7.680107964,9,0.01673226136,p_1_2,p_1_2/fine,297.3333333,FALSE,dem_agl,reported,dem_agl,reported,409.3653763,402.8914505,1,1,9.098519834,374103.5298,362364.5412,6.240453464,402,0,1,2.88280522,0,0,376497.0923,365642.3167,,TRUE
1086152,1990,1990,bcb90115,114,4000,fine,153,671,6.91990598,12,0.01130703592,p_1_2,p_1_2/fine,297.3333333,FALSE,dem_agl,reported,dem_agl,reported,616.5572749,609.9363768,1,1,18.37083809,848626.215,830498.1353,6.628479816,942,0,1,2.924894464,0,0,870545.2616,845977.7046,,TRUE
1086944,1990,1990,bcb90016,139,5000,fine,153,884,10.5392889,20,0.01377684824,p_1_2,p_1_2/fine,297.3333333,TRUE,dem_agl,reported,dem_agl,reported,765.7015226,752.3438901,1,1,106.3680806,1308846.186,1263578.964,13.43584832,1448,0,0.9834254144,11.39572366,0,0,1353672.258,1323516.177,1323516.177,TRUE
1089051,1990,1990,bcb90144,109,10000,fine,153,1676,16.46966606,72,0.01076448762,p_1_2,p_1_2/fine,297.3333333,FALSE,dem_agl,reported,dem_agl,reported,1545.224953,1529.712624,1,1,48.24795021,5330316.735,5223833.086,15.87393279,5948,0,0.9902488231,13.01405096,0,0,5214353.714,5105981.097,,TRUE
1089090,1990,1990,bcb90150,3,5000,fine,153,2042,9.327941895,20,0.0121933881,p_1_2,p_1_2/fine,297.3333333,FALSE,dem_agl,reported,dem_agl,reported,841.4151003,830.7274117,1,1,106.138158,1580484.329,1540588.576,9.487046505,1756,0,1,9.364653373,0,0,2442505.506,2390386.255,,TRUE
1089537,1990,1990,bcb90149,191,5000,fine,153,1372,7.982616425,16,0.01043479271,p_1_2,p_1_2/fine,297.3333333,FALSE,dem_agl,reported,dem_agl,reported,777.9559644,770.2614532,1,1,11.8459983,1351075.504,1324481.571,7.757859027,1464,0,1,4.886342217,0,0,1350310.713,1326792.101,,TRUE
1146634,1979,1970,bcc217,54,5000,fine,305,1859,15.99692535,16,0.01048978712,p_1_2,p_1_2/fine,297.3333333,FALSE,dem_agl,reported,dem_agl,reported,1333.897565,1318.967685,1,1,63.40760866,999534.3714,977284.665,15.70399774,1114,1,0,7.058006368,0,0,965467.6273,942671.3952,,TRUE
1146827,1979,1970,bcc231,119,5000,fine,305,1859,17.0029834,25,0.01114949731,p_1_2,p_1_2/fine,297.3333333,FALSE,dem_agl,reported,dem_agl,reported,1427.023976,1410.399683,1,1,64.39381724,1143971.786,1117473.356,17.44920791,1272,1,0,8.109874116,0,0,1112168.063,1084550.735,,TRUE
1159590,1978,1970,bc78150,208,6000,fine,153,2134,9.480916341,30,0.01032779558,p_1_2,p_1_2/fine,297.3333333,TRUE,dem_agl,reported,dem_agl,reported,938.0751909,928.8845925,1,1,6.890714019,1964467.695,1926163.323,9.20103338,2133,1,0,1.105410718,0,0,1961614.622,1925493.963,1925493.963,TRUE
1166474,1978,1970,bc78014,141,5000,fine,305,1676,27.33962158,25,0.01792762071,p_1_2,p_1_2/fine,297.3333333,FALSE,dem_agl,reported,dem_agl,reported,1387.355204,1360.207273,1,1,131.1171675,1081254.95,1039352.724,28.35095723,1200,0,1,18.64262005,0,0,1073000.276,1035365.736,,TRUE
1171503,1978,1970,bc78018,26,4000,fine,305,1311,20.86623637,12,0.01710347243,p_1_2,p_1_2/fine,297.3333333,FALSE,dem_agl,reported,dem_agl,reported,927.8683572,906.3211312,1,1,43.65635859,483643.6635,461441.8556,19.81761615,534,0,1,10.04421867,0,0,525315.3573,498803.2661,,TRUE
1178341,1978,1970,bc78153,271,4800,fine,153,1951,10.34597656,25,0.01408765872,p_1_2,p_1_2/fine,297.3333333,FALSE,dem_agl,reported,dem_agl,reported,744.2154326,735.4794394,1,1,35.41981339,1236422.597,1207565.407,9.624453129,1373,1,0,8.906922541,0,0,1175481.099,1147109.887,,TRUE
1179154,1978,1970,bc78139,8,4500,fine,153,808,10.41173051,20,0.01512233916,p_1_2,p_1_2/fine,297.3333333,FALSE,dem_agl,reported,dem_agl,reported,796.8649074,789.232492,1,1,15.66907221,1417551.983,1390527.248,7.907520158,1584,0.07196969697,0.7007575758,5.73129797,0,0,1381966.368,1348217.133,,TRUE
1193481,1977,1970,bc77078,104,12000,fine,153,1859,18.39570686,100,0.01001944818,p_1_2,p_1_2/fine,297.3333333,FALSE,dem_agl,reported,dem_agl,reported,1769.868349,1752.031563,1,1,46.91308886,6992806.581,6852569.388,18.04683828,7589,0,1,8.303969219,0,0,6920144.816,6784087.904,,TRUE
1195103,1977,1970,bc77058,73,4800,fine,153,1951,10.23036194,16,0.0139302314,p_1_2,p_1_2/fine,297.3333333,FALSE,dem_agl,reported,dem_agl,reported,746.5985527,736.2788517,1,1,51.81951725,1244353.798,1210191.904,11.30812048,1382,1,0,10.77326261,0,0,1204252.063,1175576.331,,TRUE
1212112,1975,1970,bc5697,154,6000,fine,153,457,11.51908184,25,0.01254801943,p_1_2,p_1_2/fine,297.3333333,FALSE,dem_agl,corrected_roll_table,dem_agl,corrected_roll_table,421.4374942,413.8556345,1,1,40.23887188,396493.3726,382355.4943,,,,,,,,,,,FALSE
1213330,1975,1970,bc5703,58,6000,fine,153,1829,10.71348925,30,0.01167046759,p_1_2,p_1_2/fine,297.3333333,FALSE,nominal_scale,implausible,nominal_scale,implausible,,,1,1,22.28426919,1881286.56,1881286.56,,,,,,,,,,,FALSE
1221679,1976,1970,bc5756,144,5000,fine,153,1311,14.01418701,25,0.01831919871,p_1_2,p_1_2/fine,297.3333333,FALSE,dem_agl,reported,dem_agl,reported,846.0450367,830.993866,1,1,48.19339031,1597925.6,1541577.016,14.56624241,1784,1,0,16.20865054,0,0,1644515.174,1589037.545,,TRUE
1224557,1976,1970,bc5757,83,4000,fine,153,671,7.544142167,12,0.01232702968,p_1_2,p_1_2/fine,297.3333333,FALSE,dem_agl,reported,dem_agl,reported,664.2873968,658.4438742,1,1,1.205401532,985102.9424,967847.9036,5.924365638,1093,0,1,3.921383189,0,0,982736.216,962098.3326,,TRUE
1227128,1976,1970,bcc136,120,4800,fine,305,1463,28.17352587,16,0.01924421166,p_1_2,p_1_2/fine,297.3333333,FALSE,dem_agl,reported,dem_agl,reported,1421.984964,1390.825261,1,1,18.05164701,1135907.015,1086670.59,30.21335648,1248,0,0.9863782051,9.081757276,0,0,1165276.814,1127875.125,,TRUE
1229290,1976,1970,bc5712,215,9840,fine,153,1585,16.13458633,64,0.0107169525,p_1_2,p_1_2/fine,297.3333333,FALSE,dem_agl,reported,dem_agl,reported,1258.336978,1241.699432,1,1,84.22004096,3534789.112,3441934.135,16.40949276,3895,1,0,10.10836167,0,0,3606264.553,3516629.166,,TRUE
1280219,1975,1970,bc5648,94,6000,fine,153,1067,16.06137615,36,0.01749605245,p_1_2,p_1_2/fine,297.3333333,FALSE,dem_agl,reported,dem_agl,reported,891.3752171,879.4072159,1,1,29.02338528,1773743.026,1726432.648,12.09787028,1966,0,1,8.25025659,0,0,1787493.297,1731250.454,,TRUE
1285639,1975,1970,bc5645,258,6000,fine,153,1859,11.34669754,25,0.01236023697,p_1_2,p_1_2/fine,297.3333333,FALSE,dem_agl,corrected_roll_table,dem_agl,corrected_roll_table,1740.198339,1728.479047,1,1,180.0580393,6760317.451,6669569.912,,,,,,,,,,,FALSE
1286103,1975,1970,bc5645,140,5000,fine,153,732,7.796546376,20,0.01019156389,p_1_2,p_1_2/fine,297.3333333,FALSE,dem_agl,reported,dem_agl,reported,703.9890934,693.4149575,1,1,13.92545049,1106372.703,1073386.185,10.39357817,1230,0,1,5.258929277,0,0,1115734.245,1089092.498,,TRUE
1291386,1975,1970,bc5691,12,3000,fine,153,579,8.621064663,12,0.01878227595,p_1_2,p_1_2/fine,297.3333333,FALSE,dem_agl,reported,dem_agl,reported,567.4348078,562.1479452,1,1,18.75824163,718789.1887,705457.4846,5.490274808,798,0,1,3.206997829,0,0,699495.1607,680042.0922,,TRUE
1332330,1974,1970,bc7698,163,6000,fine,305,2133,19.15093079,25,0.0104649895,p_1_2,p_1_2/fine,297.3333333,FALSE,dem_agl,reported,dem_agl,reported,1776.83095,1759.434548,1,1,117.0145648,1773556.361,1738997.687,19.60811266,1964,0.3701629328,0.3701629328,17.04322222,0,0,1685327.918,1652244.205,,TRUE
1335813,1974,1970,bc5580,42,12000,fine,153,1920,25.13519608,100,0.01369019394,p_1_2,p_1_2/fine,297.3333333,FALSE,dem_agl,reported,dem_agl,reported,1270.756666,1237.186267,1,1,188.7188903,3604909.643,3416959.033,29.99612271,3997,0,1,20.12972654,0,0,4317823.382,4144744.359,,TRUE
1373127,1973,1970,bc5566,93,6000,fine,153,1249,16.31386662,36,0.01777109653,p_1_2,p_1_2/fine,297.3333333,FALSE,dem_agl,reported,dem_agl,reported,1174.838605,1159.583955,1,1,29.51159697,3081243.412,3001746.308,15.57034452,3419,0,1,9.947028504,0,0,3026106.162,2937300.694,,TRUE
1373137,1973,1970,bc5566,103,6000,fine,153,1249,14.97792524,30,0.0163158227,p_1_2,p_1_2/fine,297.3333333,TRUE,dem_agl,reported,dem_agl,reported,1190.509345,1176.339502,1,1,21.36889617,3163990.772,3089121.231,14.46972501,3510,0,1,8.829472008,0,0,3087923.97,2984419.569,2984419.569,TRUE
1621575,2009,2000,bcc09012,282,7000,fine,305,2182,35.54844602,36,0.016650326,p_1_2,p_1_2/fine,297.3333333,FALSE,dem_agl,reported,dem_agl,reported,2012.012326,1976.164509,1,1,56.47123262,2274123.506,2193809.76,36.76610608,2520,0,1,21.2460046,0,0,2226248.026,2144821.82,,TRUE
702042,1968,1960,bc5279,104,15840,mid,153,2438,25.14226434,156,0.01037427558,p_1_2,p_1_2/mid,1,FALSE,dem_agl,reported,dem_agl,reported,2192.322037,2167.836352,1,1,141.2939489,10729470.48,10491137.52,25.65465343,11887,0,1,18.06738215,0,0,10403261.92,10141093.66,,TRUE
702043,1968,1960,bc5279,105,15840,mid,153,2438,24.92502511,144,0.01028463768,p_1_2,p_1_2/mid,1,TRUE,dem_agl,reported,dem_agl,reported,2188.186213,2159.831931,1,1,104.8359255,10689026.29,10413806.54,26.94876408,11842,0,0.9974666441,18.9474044,0,0,11378849.18,11180496.98,11180496.98,TRUE
702161,1968,1960,bc5313,72,15840,mid,153,2438,24.43986796,169,0.0100844507,p_1_2,p_1_2/mid,1,FALSE,dem_agl,reported,dem_agl,reported,2160.008868,2134.638279,1,1,177.4549757,10415512.84,10172276.97,25.08630556,11537,0,1,17.59254769,0,0,10566388.61,10317724.08,,TRUE
702162,1968,1960,bc5313,73,15840,mid,153,2438,26.32521189,156,0.0108623869,p_1_2,p_1_2/mid,1,FALSE,dem_agl,reported,dem_agl,reported,2159.520772,2134.980752,1,1,142.7304938,10410806.2,10175541.23,25.34579955,11536,0,1,17.1295678,0,0,10142898.34,9901444.483,,TRUE
716795,1968,1960,bc5280,104,15840,mid,153,2438,24.75882679,156,0.01021606044,p_1_2,p_1_2/mid,1,FALSE,dem_agl,reported,dem_agl,reported,2366.572676,2342.343634,1,1,81.87583511,12502857.53,12248158.78,25.14442468,13909,0,1,11.62496012,0,0,12157735.09,11924759.15,,TRUE
43011,1995,1990,bcc95001,287,2500,fine,305,823,15.86625184,9,0.02080819913,p_ge_2,p_ge_2/fine,45.55,FALSE,dem_agl,reported,dem_agl,reported,794.9869173,780.1455952,1,1,1.661073847,355036.282,341903.9317,14.91264722,390,0,1,11.81494412,0,0,356252.4241,340894.5901,,TRUE
100716,1994,1990,bcb94011,87,5000,fine,153,1677,16.85980606,16,0.02203896217,p_ge_2,p_ge_2/fine,45.55,FALSE,dem_agl,reported,dem_agl,reported,927.9023275,910.862942,1,1,97.38840667,1922091.768,1852147.873,17.53943848,2125,0,1,7.453759716,0,0,1986869.006,1924315.41,,TRUE
100814,1994,1990,bcb94011,6,5000,fine,153,1677,16.3026825,20,0.02131069607,p_ge_2,p_ge_2/fine,45.55,FALSE,dem_agl,reported,dem_agl,reported,814.9699243,798.8842736,1,1,125.7112797,1482698.179,1424745.633,15.96380526,1641,0,1,7.366189626,0,0,1704129.136,1653708.223,,TRUE
100825,1994,1990,bcb94011,17,5000,fine,153,1677,16.15208984,25,0.02111384293,p_ge_2,p_ge_2/fine,45.55,TRUE,dem_agl,reported,dem_agl,reported,881.7594698,863.8415064,1,1,94.13325491,1735680.785,1665857.028,16.41287752,1917,0,1,10.08906635,0,0,1965206.112,1891636.789,1891636.789,TRUE
100914,1994,1990,bcb94012,2,5000,fine,153,1555,17.34940491,20,0.02267896066,p_ge_2,p_ge_2/fine,45.55,FALSE,dem_agl,reported,dem_agl,reported,602.6981982,587.8150016,1,1,71.11087592,810903.877,771349.0012,18.60724006,897,0,1,7.526529785,0,0,724098.2945,687260.9529,,TRUE
113552,1994,1990,bcb94087,184,5000,fine,153,1829,16.69798584,20,0.02182743247,p_ge_2,p_ge_2/fine,45.55,FALSE,dem_agl,reported,dem_agl,reported,819.2057061,802.5551749,1,1,55.18243628,1498150.791,1437869.228,16.5395379,1635,0,1,9.311583884,0,0,1509697.185,1452318.059,,TRUE
113563,1994,1990,bcb94087,195,5000,fine,153,1829,15.36974609,25,0.02009117136,p_ge_2,p_ge_2/fine,45.55,FALSE,dem_agl,reported,dem_agl,reported,788.3908046,772.229653,1,1,100.2714727,1387562.937,1331258.945,15.27346568,1514,0,1,7.904939895,0,0,1507036.235,1450531.833,,TRUE
150429,1997,1990,bcb97006,23,5000,fine,153,1069,19.52022953,20,0.02551663991,p_ge_2,p_ge_2/fine,45.55,TRUE,dem_agl,reported,dem_agl,reported,961.8064374,943.3649172,1,1,50.01960498,2065118.368,1986685.092,18.53372861,2303,0,1,16.16770279,0,0,2062508.564,1986962.922,1986962.922,TRUE
294717,1993,1990,bcb93094,157,4000,fine,153,640,15.68857557,16,0.0256349274,p_ge_2,p_ge_2/fine,45.55,FALSE,dem_agl,reported,dem_agl,reported,585.9678474,567.8894903,1,1,21.93542482,766508.8325,719941.5742,17.57263485,852,0,1,16.48268903,0,0,784483.0008,748460.7616,,TRUE
294802,1993,1990,bcb93094,112,4000,fine,153,640,12.59740317,16,0.02058399211,p_ge_2,p_ge_2/fine,45.55,FALSE,dem_agl,reported,dem_agl,reported,598.8950734,585.9041328,1,1,14.40256546,800702.2919,766342.1504,13.4038314,891,0,1,10.41691814,0,0,782302.4929,753222.1365,,TRUE
294851,1993,1990,bcb93094,73,4000,fine,153,640,14.91844618,16,0.02437654605,p_ge_2,p_ge_2/fine,45.55,FALSE,dem_agl,reported,dem_agl,reported,609.3777724,594.3954356,1,1,14.92248654,828977.6244,788715.7657,14.61174333,921,0,1,12.03136147,0,0,845623.7624,807711.3214,,TRUE
642927,1984,1980,bc84002,17,5000,fine,153,884,24.09794434,25,0.03150058083,p_ge_2,p_ge_2/fine,45.55,FALSE,dem_agl,reported,dem_agl,reported,750.9930323,723.8414052,1,1,26.49991888,1259045.444,1169651.372,27.635126,1389,0,0.8243340533,14.85595896,0,0,1233320.482,1156556.234,,TRUE
667100,2004,2000,bcb04001,63,3000,fine,305,1082,19.77573776,9,0.02161282816,p_ge_2,p_ge_2/fine,45.55,FALSE,dem_agl,reported,dem_agl,reported,1017.43075,998.207061,1,1,33.57572442,581517.1025,559749.9309,20.34986877,646,0,1,6.906582385,0,0,557018.9033,535414.4717,,TRUE
678691,1984,1980,bc84016,3,2500,fine,305,914,20.34620476,6,0.02668354722,p_ge_2,p_ge_2/fine,45.55,FALSE,dem_agl,reported,dem_agl,reported,842.1197794,821.4145314,1,1,53.45430504,398382.7356,379033.4483,21.19796313,443,0,1,9.606922498,0,0,394263.2602,377520.1679,,TRUE
678840,1984,1980,bc84016,152,2500,fine,305,914,28.0373976,9,0.0367703575,p_ge_2,p_ge_2/fine,45.55,FALSE,dem_agl,reported,dem_agl,reported,804.0176041,774.4165125,1,1,28.70634877,363148.1943,336900.7538,29.79991977,401,0,1,21.34224912,0,0,365725.3447,340498.5953,,TRUE
736475,1980,1980,bcc278,186,2000,fine,305,686,12.69263077,4,0.02080759142,p_ge_2,p_ge_2/fine,45.55,FALSE,dem_agl,reported,dem_agl,reported,628.0296005,613.811647,1,1,28.34835723,221571.0422,211652.3151,14.69924349,246,0,1,12.71810915,0,0,222943.7567,216223.0535,,TRUE
736478,1980,1980,bcc278,189,2000,fine,305,686,13.5766983,6,0.02225688246,p_ge_2,p_ge_2/fine,45.55,FALSE,dem_agl,reported,dem_agl,reported,609.4328644,598.6003089,1,1,7.608731745,208643.3341,201292.0611,10.94527209,233,0,1,8.55605033,0,0,207586.032,197597.4898,,TRUE
783593,1969,1960,bc7223,56,2000,fine,305,1249,19.76114655,6,0.03239532221,p_ge_2,p_ge_2/fine,45.55,FALSE,nominal_scale,implausible,nominal_scale,implausible,,,1,1,18.88899794,209031.84,209031.84,,,,,,,,,,,FALSE
804571,1981,1980,bc81071,145,5000,fine,153,807,17.43244415,25,0.0227875087,p_ge_2,p_ge_2/fine,45.55,FALSE,dem_agl,reported,dem_agl,reported,726.258277,708.9042805,1,1,14.85191824,1177475.231,1121875.82,17.25788261,1301,0,1,8.620967066,0,0,1192688.926,1128104.878,,TRUE
804677,1981,1980,bc81071,198,5000,fine,153,853,16.75668087,20,0.021904158,p_ge_2,p_ge_2/fine,45.55,TRUE,dem_agl,reported,dem_agl,reported,803.5341819,787.5562954,1,1,19.91112125,1441379.373,1384627.03,16.24390086,1591,0,1,10.01215437,0,0,1427916.941,1362999.143,1362999.143,TRUE
804771,1981,1980,bc81102,36,5000,fine,153,792,17.10686951,20,0.02236192092,p_ge_2,p_ge_2/fine,45.55,FALSE,dem_agl,reported,dem_agl,reported,757.4098591,738.471405,1,1,11.26121505,1280653.08,1217410.259,18.95837346,1422,0,1,20.94982758,0,0,1283858.381,1217980.18,,TRUE
809761,1981,1980,bc81110,160,5000,fine,153,914,21.8253006,20,0.0285298047,p_ge_2,p_ge_2/fine,45.55,FALSE,dem_agl,reported,dem_agl,reported,748.0730857,730.1108242,1,1,44.17038751,1249273.853,1190000.557,19.77456527,1382,0,1,11.05006071,0,0,1182601.046,1128591.186,,TRUE
809775,1981,1980,bc81110,174,5000,fine,153,914,17.54776764,20,0.02293825835,p_ge_2,p_ge_2/fine,45.55,FALSE,dem_agl,reported,dem_agl,reported,664.7526235,648.1610637,1,1,14.35353745,986483.2386,937854.5022,16.91008117,1095,0,1,11.49441986,0,0,988655.9531,926458.4411,,TRUE
895463,1986,1980,bcc516,30,4000,fine,153,1559,14.58410263,16,0.02383023306,p_ge_2,p_ge_2/fine,45.55,FALSE,dem_agl,reported,dem_agl,reported,728.6587948,713.2603088,1,1,84.24209628,1185271.967,1135705.437,15.37734654,1308,1,0,4.728296835,0,0,1249605.98,1207262.955,,TRUE
895494,1986,1980,bcc516,61,4000,fine,153,1410,19.1578598,16,0.03130369249,p_ge_2,p_ge_2/fine,45.55,FALSE,dem_agl,reported,dem_agl,reported,674.9537914,655.1465034,1,1,69.80906064,1016992.319,958178.5523,20.22226447,1122,1,0,5.952862649,0,0,1030043.033,975587.0442,,TRUE
895506,1986,1980,bcc516,73,4000,fine,153,1410,14.26063919,16,0.02330169802,p_ge_2,p_ge_2/fine,45.55,FALSE,dem_agl,reported,dem_agl,reported,790.972116,776.8892813,1,1,61.79889806,1396663.996,1347373.029,14.41763072,1544,1,0,5.481036677,0,0,1404179.517,1357389.9,,TRUE
1042712,1989,1980,bc89019,191,8000,fine,153,1219,25.82050759,49,0.02109518594,p_ge_2,p_ge_2/fine,45.55,FALSE,dem_agl,reported,dem_agl,reported,1116.105356,1090.397965,1,1,26.48359921,2780865.439,2654236.732,26.44935748,3096,0,1,23.19863383,0,0,2703541.437,2591990.154,,TRUE
1085995,1990,1990,bcb90054,17,4000,fine,153,792,20.6477356,12,0.03373813006,p_ge_2,p_ge_2/fine,45.55,TRUE,dem_agl,reported,dem_agl,reported,594.6072822,574.845034,1,1,18.89567152,789278.0732,737685.3492,20.11397595,875,0,1,13.04033391,0,0,773464.9223,726974.4786,726974.4786,TRUE
1086000,1990,1990,bcb90054,22,4000,fine,153,792,20.16964626,16,0.03295693834,p_ge_2,p_ge_2/fine,45.55,FALSE,dem_agl,reported,dem_agl,reported,609.9628293,589.2892386,1,1,10.64415277,830570.1731,775222.9316,20.84157064,922,0,1,14.52315423,0,0,820794.1862,774182.872,,TRUE
1086002,1990,1990,bcb90054,24,4000,fine,153,792,17.27284145,16,0.02822359715,p_ge_2,p_ge_2/fine,45.55,FALSE,dem_agl,reported,dem_agl,reported,606.497577,588.8582937,1,1,19.5291614,821159.8956,774089.5111,17.49221475,911,0,1,10.3508054,0,0,826942.1183,783571.8728,,TRUE
1086049,1990,1990,bcb90054,71,4000,fine,153,792,22.21665597,16,0.03630172544,p_ge_2,p_ge_2/fine,45.55,FALSE,dem_agl,reported,dem_agl,reported,665.9424802,644.6292459,1,1,93.40633325,990017.8591,927661.6443,21.73000775,1098,0,1,18.31503182,0,0,1021420.349,977397.5829,,TRUE
1086899,1990,1990,bcb90016,94,5000,fine,153,884,15.42342962,20,0.02016134591,p_ge_2,p_ge_2/fine,45.55,FALSE,dem_agl,reported,dem_agl,reported,747.7292535,732.6443065,1,1,148.1393815,1248125.725,1198273.482,17.12749095,1383,0.02241503977,0.7924801157,11.80807678,0,0,1253672.518,1216664.879,,TRUE
1088461,1990,1990,bcb90146,66,5000,fine,153,1676,16.08494629,25,0.02102607358,p_ge_2,p_ge_2/fine,45.55,FALSE,dem_agl,reported,dem_agl,reported,681.37226,664.4874054,1,1,23.26907135,1036426.45,985696.2357,16.6962971,1132,0.2826855124,0.3586572438,10.48772188,0,0,1057910.793,1003920.514,,TRUE
1088556,1990,1990,bcb90146,161,5000,fine,153,1676,16.13298416,16,0.02108886818,p_ge_2,p_ge_2/fine,45.55,FALSE,dem_agl,reported,dem_agl,reported,808.8991985,791.0278206,1,1,43.99207108,1460691.159,1396860.725,17.1185442,1595,0,1,9.697330865,0,0,1513120.787,1474556.078,,TRUE
1088790,1990,1990,bcb90145,81,5000,fine,153,2134,15.90568848,20,0.02079174964,p_ge_2,p_ge_2/fine,45.55,FALSE,dem_agl,reported,dem_agl,reported,727.5455953,711.4812056,1,1,68.20709212,1181653.164,1130046.866,16.56789588,1300,0,1,8.100402695,0,0,1211708.777,1160163.749,,TRUE
1106721,1978,1970,bc78156,212,6000,fine,153,945,19.15657139,30,0.02086772482,p_ge_2,p_ge_2/fine,45.55,FALSE,dem_agl,reported,dem_agl,reported,921.6188188,902.8501973,1,1,17.31692177,1896148.116,1819704.986,19.30797056,2081,0,1,10.57980563,0,0,1842390.363,1774873.665,,TRUE
1133464,1979,1970,bc79039,112,5000,fine,153,792,24.61315689,20,0.0321740613,p_ge_2,p_ge_2/fine,45.55,FALSE,dem_agl,reported,dem_agl,reported,638.7929825,613.4537928,1,1,26.7280696,910940.1906,840104.4831,25.64937248,1010,0,1,13.17964853,0,0,891575.2902,831843.5756,,TRUE
1133565,1979,1970,bc79208,53,5000,fine,153,1433,17.79005127,25,0.02325496898,p_ge_2,p_ge_2/fine,45.55,FALSE,dem_agl,reported,dem_agl,reported,670.897926,658.6440758,1,1,117.9562075,1004806.623,968436.5465,16.63734237,1113,1,0,17.04042605,0,0,886087.9227,848725.776,,TRUE
1144787,1979,1970,bc79213,4,3600,fine,153,640,12.76211739,12,0.02317014776,p_ge_2,p_ge_2/fine,45.55,FALSE,dem_agl,reported,dem_agl,reported,576.7879705,564.4204224,1,1,41.54657262,742680.4275,711172.6221,12.37886631,821,1,0,15.02762013,0,0,753972.7418,727582.779,,TRUE
1148050,1979,1970,bcc217,129,2000,fine,305,686,19.88930225,4,0.03260541353,p_ge_2,p_ge_2/fine,45.55,FALSE,dem_agl,reported,dem_agl,reported,631.4686632,609.7418695,1,1,31.51899854,224004.313,208854.9676,22.60660305,248,0,1,20.33273589,0,0,214037.5692,201704.1467,,TRUE
1166904,1978,1970,bc78009,180,5000,fine,153,1829,18.19284302,25,0.02378149414,p_ge_2,p_ge_2/fine,45.55,FALSE,nominal_scale,implausible,nominal_scale,implausible,,,1,1,94.85905703,1306449,1306449,,,,,,,,,,,FALSE
1179270,1978,1970,bc78130,230,4500,fine,153,686,18.64463496,16,0.02708007983,p_ge_2,p_ge_2/fine,45.55,TRUE,dem_agl,reported,dem_agl,reported,571.517519,556.5683594,1,1,70.92229611,729169.8208,691522.9805,17.13669648,812,0,1,11.92584673,0,0,692865.3613,655475.3106,655475.3106,TRUE
1192186,1977,1970,bc5761,75,4800,fine,153,823,27.18039341,20,0.03701033961,p_ge_2,p_ge_2/fine,45.55,TRUE,dem_agl,reported,dem_agl,reported,704.7184542,676.8064049,1,1,43.66634883,1108666.383,1022582.863,28.55002231,1237,0,1,19.70559484,0,0,1122135.429,1024845.418,1024845.418,TRUE
1211804,1975,1970,bc5695,229,6000,fine,153,945,18.86632888,30,0.02055155651,p_ge_2,p_ge_2/fine,45.55,FALSE,dem_agl,reported,dem_agl,reported,694.1378597,676.9425513,1,1,114.0226616,1075625.415,1022994.31,17.10550975,1184,0,1,8.396580853,0,0,1204742.391,1149938.426,,TRUE
1213012,1975,1970,bc5701,296,6000,fine,153,1875,22.08462885,25,0.0240573299,p_ge_2,p_ge_2/fine,45.55,FALSE,dem_agl,corrected_roll_table,dem_agl,corrected_roll_table,1702.454833,1683.309107,1,1,142.521779,6470245.925,6325536.073,,,,,,,,,,,FALSE
1213437,1975,1970,bc5703,165,6000,fine,153,1829,27.02014633,25,0.0294337106,p_ge_2,p_ge_2/fine,45.55,FALSE,dem_agl,reported,dem_agl,reported,1179.457014,1149.469921,1,1,305.6339175,3105516.386,2949611.467,25.39000521,3447,0,1,14.99107964,0,0,4139886.572,4038887.21,,TRUE
1213449,1975,1970,bc5703,177,6000,fine,153,1829,21.63023972,25,0.02356235263,p_ge_2,p_ge_2/fine,45.55,FALSE,nominal_scale,implausible,nominal_scale,implausible,,,1,1,91.22921976,1881286.56,1881286.56,,,,,,,,,,,FALSE
1213570,1976,1970,bc7831,104,2400,fine,305,884,23.52173021,9,0.03213351122,p_ge_2,p_ge_2/fine,45.55,FALSE,dem_agl,reported,dem_agl,reported,676.072845,648.0265495,1,1,43.96077324,256767.3261,235905.6659,29.8055843,286,0,1,15.67770482,0,0,250604.7118,233037.2495,,TRUE
1213620,1976,1970,bc7831,154,2400,fine,305,884,21.58714676,4,0.02949063765,p_ge_2,p_ge_2/fine,45.55,FALSE,dem_agl,reported,dem_agl,reported,711.3121953,690.5128085,1,1,2.26494824,284232.204,267852.8373,20.71079766,316,0,1,8.556862433,0,0,284506.6641,268470.3949,,TRUE
1213621,1976,1970,bc7831,155,2400,fine,305,884,21.56374783,9,0.0294586719,p_ge_2,p_ge_2/fine,45.55,FALSE,dem_agl,reported,dem_agl,reported,707.8493729,686.2424778,1,1,7.643175633,281471.5319,264550.1228,21.7901213,313,0,1,8.907400287,0,0,279164.471,265736.3897,,TRUE
1213695,1976,1970,bc7831,70,2400,fine,305,884,25.58273824,6,0.03494909596,p_ge_2,p_ge_2/fine,45.55,FALSE,dem_agl,reported,dem_agl,reported,712.9147947,685.3523045,1,1,11.57857779,285514.4076,263864.2349,27.317156,317,0,1,16.44693236,0,0,288634.2776,268099.4043,,TRUE
1213714,1976,1970,bc7831,89,2400,fine,305,884,19.72391934,9,0.026945245,p_ge_2,p_ge_2/fine,45.55,FALSE,dem_agl,reported,dem_agl,reported,702.7156383,680.4264662,1,1,15.70854739,277403.5474,260084.9182,22.61887689,310,0,1,10.71351185,0,0,275053.974,259613.8257,,TRUE
1221287,1976,1970,bc5719,230,5000,fine,153,1311,20.62314995,25,0.02695836595,p_ge_2,p_ge_2/fine,45.55,FALSE,nominal_scale,implausible,dem_agl,reported,,1159.987367,1,1,61.38470302,1306449,3003835.248,,,,,,,,,,,FALSE
1221288,1976,1970,bc5719,231,5000,fine,153,1311,25.33570526,25,0.03311856897,p_ge_2,p_ge_2/fine,45.55,FALSE,dem_agl,reported,dem_agl,reported,1170.531127,1147.927308,1,1,87.62167257,3058690.432,2941699.897,25.20178205,3412,0,1,19.59575185,0,0,2866041.112,2761944.56,,TRUE
1221314,1976,1970,bc5720,238,5000,fine,153,1280,27.13459778,25,0.03547006246,p_ge_2,p_ge_2/fine,45.55,FALSE,dem_agl,reported,dem_agl,reported,1158.840384,1134.203966,1,1,54.79652383,2997897.869,2871784.939,25.94112243,3344,0,0.9988038278,18.38962352,0,0,2904749.302,2788988.85,,TRUE
1221492,1976,1970,bc5722,214,5000,fine,153,1311,16.83000641,20,0.02200000838,p_ge_2,p_ge_2/fine,45.55,FALSE,dem_agl,reported,dem_agl,reported,1016.33207,999.6445044,1,1,41.47455528,2305902.02,2230800.617,16.87567446,2575,1,0,18.1763192,0,0,2286169.56,2208225.427,,TRUE
1221556,1976,1970,bc5756,21,5000,fine,153,1311,15.66074524,20,0.0204715624,p_ge_2,p_ge_2/fine,45.55,FALSE,dem_agl,reported,dem_agl,reported,888.1970645,872.4845982,1,1,43.81935295,1761117.195,1699358.972,15.92008499,1963,0.7814569536,0.01579215487,18.44159964,0,0,1758864.511,1693798.189,,TRUE
1221689,1976,1970,bc5756,154,5000,fine,153,1311,15.82553833,25,0.02068697821,p_ge_2,p_ge_2/fine,45.55,FALSE,dem_agl,reported,dem_agl,reported,963.3880488,947.8864227,1,1,49.62747228,2071915.786,2005774.916,15.54745382,2313,0.7349762214,0.07263294423,15.64915379,0,0,2085292.466,2017056.144,,TRUE
1225305,1976,1970,bc5757,21,3000,fine,153,686,12.16287295,12,0.02649863388,p_ge_2,p_ge_2/fine,45.55,FALSE,dem_agl,reported,dem_agl,reported,566.4169899,558.3843305,1,1,42.96304096,716212.8915,696042.9446,8.254382382,795,0,1,6.19961471,0,0,710240.9534,687688.8244,,TRUE
1372626,1973,1970,bc5549,125,3000,fine,153,457,9.95327123,12,0.02168468678,p_ge_2,p_ge_2/fine,45.55,FALSE,dem_agl,reported,dem_agl,reported,418.5556742,408.3454137,1,1,14.98310155,391089.4119,372241.6418,9.537440557,435,0,1,5.088174874,0,0,407151.017,392170.9427,,TRUE
23324,1995,1990,bcb95070,11,50000,coarse,153,9449,5.360646103,1406,0.0007007380526,p_lt_0.25,p_lt_0.25/coarse,2200.8,FALSE,dem_agl,reported,dem_agl,reported,7633.997321,7628.712662,1,1,448.0258655,130098891.7,129918831.3,5.361777712,141162,1,0,2.154223115,0,0,133086020.1,132847762.5,,TRUE
39855,1995,1990,bcb95070,178,50000,coarse,153,9144,8.247466954,1406,0.001078100255,p_lt_0.25,p_lt_0.25/coarse,2200.8,FALSE,dem_agl,reported,dem_agl,reported,7752.238609,7743.851838,1,1,149.1402411,134160248.4,133870122.4,8.164687715,146147,1,0,1.893035866,0,0,138408465.9,138137611.6,,TRUE
81201,1996,1990,bcb96038,62,40000,coarse,153,7009,11.26798482,900,0.001841173991,p_lt_0.25,p_lt_0.25/coarse,2200.8,FALSE,dem_agl,reported,dem_agl,reported,6753.749784,6742.486191,1,1,54.3621018,101826196.9,101486838.1,11.20677271,112313,1,0,6.331517331,0,0,102260589.5,102040728.8,,TRUE
81402,1996,1990,bcb96068,139,40000,coarse,153,7112,8.697588718,900,0.001421174627,p_lt_0.25,p_lt_0.25/coarse,2200.8,FALSE,dem_agl,reported,dem_agl,reported,6886.846097,6878.268065,1,1,274.213266,105879125.6,105615530.6,8.445600074,116527,1,0,5.037528368,0,0,106842876.8,106599677.5,,TRUE
81628,1996,1990,bcb96094,100,40000,coarse,153,7086,8.334345856,930,0.001361821218,p_lt_0.25,p_lt_0.25/coarse,2200.8,TRUE,dem_agl,reported,dem_agl,reported,6993.644854,6985.323521,1,1,130.8725909,109188459.7,108928780.2,8.403451935,120043,0.8045117166,0.1398248961,4.895038816,0,0,108420466.4,108096535.4,108096535.4,TRUE
129118,1996,1990,bcb96009,93,40000,coarse,153,7422,9.018583374,900,0.001473624734,p_lt_0.25,p_lt_0.25/coarse,2200.8,FALSE,dem_agl,reported,dem_agl,reported,6178.315874,6168.991212,1,1,85.69609681,85213775.4,84956750.68,9.227160811,92116,1,0,5.218922563,0,0,86261902.56,86002189.13,,TRUE
130723,1996,1990,bcb96020,260,40000,coarse,153,6888,6.212618747,900,0.001015133782,p_lt_0.25,p_lt_0.25/coarse,2200.8,FALSE,dem_agl,reported,dem_agl,reported,6080.808666,6074.846009,1,1,110.4090111,82545284.25,82383480.79,5.930249534,87889,1,0,8.632723383,0,0,83026096.36,82848684.99,,TRUE
132754,1996,1990,bcb96052,5,40000,coarse,153,7456,1.797199978,900,0.0002936601272,p_lt_0.25,p_lt_0.25/coarse,2200.8,FALSE,dem_agl,reported,dem_agl,reported,5621.227997,5619.768154,1,1,256.0526572,70539437.44,70502803.74,1.388883883,75603,1,0,0.4039177949,0,0,73994097.49,73877162.02,,TRUE
133262,1996,1990,bcb96057,195,40000,coarse,153,7326,7.079115329,900,0.001156718191,p_lt_0.25,p_lt_0.25/coarse,2200.8,FALSE,dem_agl,reported,dem_agl,reported,6312.419416,6305.180505,1,1,82.39711354,88953140.28,88749239.18,7.317117542,95054,1,0,7.217870376,0,0,88012712.7,87805360.86,,TRUE
136015,1996,1990,bcb96074,82,40000,coarse,153,7284,10.78005873,900,0.001761447505,p_lt_0.25,p_lt_0.25/coarse,2200.8,TRUE,dem_agl,reported,dem_agl,reported,5854.714482,5844.027368,1,1,138.1256449,76521069.57,76241963.54,10.74732957,81949,1,0,5.282763642,0,0,76080954.19,75784488.28,75784488.28,TRUE
137304,1996,1990,bcb96106,83,40000,coarse,153,8581,5.721608141,900,0.000934903291,p_lt_0.25,p_lt_0.25/coarse,2200.8,FALSE,dem_agl,reported,dem_agl,reported,7012.74449,7006.586014,1,1,369.9192081,109785661.2,109592921.9,6.041290995,118676,1,0,4.304247754,0,0,112559458.7,112342132.3,,TRUE
161150,1997,1990,bcb97037,146,40000,coarse,153,6549,9.201867646,930,0.001503573145,p_lt_0.25,p_lt_0.25/coarse,2200.8,FALSE,dem_agl,reported,dem_agl,reported,6297.503225,6287.609005,1,1,190.427793,88533246.01,88255269.42,9.828590414,95424,1,0,8.066584998,0,0,89345311.42,89092303.46,,TRUE
219299,1997,1990,bcb97071,101,40000,coarse,153,6844,8.437399631,900,0.00137866007,p_lt_0.25,p_lt_0.25/coarse,2200.8,FALSE,dem_agl,reported,dem_agl,reported,6236.34566,6227.87581,1,1,29.90773937,86822032.39,86586359.05,8.477629795,91754,1,0,7.508802112,0,0,86701619.86,86473803,,TRUE
220954,1997,1990,bcb97090,112,40000,coarse,153,6809,9.768429926,930,0.001596148681,p_lt_0.25,p_lt_0.25/coarse,2200.8,FALSE,dem_agl,reported,dem_agl,reported,6285.868392,6276.117754,1,1,51.31162345,88206412.35,87932973.07,9.821902999,93088,1,0,8.415260266,0,0,87570188.77,87294142.63,,TRUE
247652,1998,1990,bcb98009,178,40000,coarse,153,7925,6.896792942,900,0.001126926951,p_lt_0.25,p_lt_0.25/coarse,2200.8,FALSE,dem_agl,reported,dem_agl,reported,6958.707274,6951.435978,1,1,146.5907642,108100256.9,107874462.6,7.232741484,117348,1,0,5.788698031,0,0,108610623.9,108378282.7,,TRUE
269113,1998,1990,bcb98013,108,40000,coarse,153,7924,2.681730143,900,0.0004381911999,p_lt_0.25,p_lt_0.25/coarse,2200.8,FALSE,dem_agl,reported,dem_agl,reported,6223.727982,6221.044393,1,1,244.7079363,86471062.67,86396508.41,2.663987128,91833,1,0,1.408283719,0,0,86774931.78,86711766.53,,TRUE
319239,1985,1980,bc85028,63,60000,coarse,153,10201,7.48956829,1980,0.0008158571122,p_lt_0.25,p_lt_0.25/coarse,2200.8,FALSE,dem_agl,reported,dem_agl,reported,9269.761968,9262.567758,1,1,99.05713969,191825683.9,191528049.7,7.238528265,204772,1,0,8.75416515,0,0,190708729.8,190422778.5,,TRUE
325790,1982,1980,bc82014,82,60000,coarse,153,11224,2.466127461,1980,0.0002686413356,p_lt_0.25,p_lt_0.25/coarse,2200.8,FALSE,dem_agl,reported,dem_agl,reported,9729.29904,9726.51068,1,1,506.8120042,211316152.4,211195045.9,2.673117808,223383,1,0,3.260772264,0,0,220605674.5,220402806.9,,TRUE
328747,1986,1980,bc86099,230,60000,coarse,153,10820,8.061786444,1980,0.0008781902444,p_lt_0.25,p_lt_0.25/coarse,2200.8,FALSE,dem_agl,reported,dem_agl,reported,9535.362241,9527.236268,1,1,195.7090608,202975669.6,202629868,8.084719513,215469,1,0,7.894630382,0,0,204083129,203697871.4,,TRUE
332942,1986,1980,bc86099,100,60000,coarse,153,10316,5.337891599,2025,0.000581469673,p_lt_0.25,p_lt_0.25/coarse,2200.8,FALSE,dem_agl,reported,dem_agl,reported,9649.512377,9644.582943,1,1,365.8373345,207864500.2,207652180.2,4.918831045,224899,1,0,3.802782866,0,0,208415513,208188307.5,,TRUE
335618,1987,1980,bc87046,169,70000,coarse,153,12400,4.207889493,2652,0.0003928935101,p_lt_0.25,p_lt_0.25/coarse,2200.8,TRUE,dem_agl,reported,dem_agl,reported,12330.99825,12327.00007,1,1,159.6461341,339442378.9,339222294.3,4.003105482,374768,1,0,2.366243124,0,0,339077653.8,338841348.6,338841348.6,TRUE
384467,1999,1990,bcb99016,136,35000,coarse,153,8077,1.151822965,676,0.0002150929906,p_lt_0.25,p_lt_0.25/coarse,2200.8,FALSE,dem_agl,reported,dem_agl,reported,6342.095281,6340.895417,1,1,256.3778223,89791476.97,89757504.79,1.182664762,94999,1,0,0.4836767307,0,0,93541765.09,93446628.87,,TRUE
385619,1999,1990,bcb99025,141,35000,coarse,153,7468,7.534956577,676,0.001407088063,p_lt_0.25,p_lt_0.25/coarse,2200.8,FALSE,dem_agl,reported,dem_agl,reported,6899.275255,6891.228285,1,1,140.5909705,106261644.9,106013912.9,8.110393674,111928,1,0,6.55524885,0,0,105497471.7,105239777.4,,TRUE
386443,1999,1990,bcb99038,61,35000,coarse,153,7620,8.2714609,702,0.001544623884,p_lt_0.25,p_lt_0.25/coarse,2200.8,FALSE,dem_agl,reported,dem_agl,reported,6575.36171,6567.701565,1,1,337.212309,96518127.35,96293375.54,7.658883829,104616,1,0,6.16805458,0,0,96403761.59,96191038.83,,TRUE
635288,2001,2000,bcb01018,38,35000,coarse,153,7925,1.384554523,702,0.0002585535991,p_lt_0.25,p_lt_0.25/coarse,2200.8,FALSE,dem_agl,reported,dem_agl,reported,6283.22738,6281.74325,1,1,185.3897323,88132307.97,88090678.27,1.481602986,93331,1,0,0.4901748206,0,0,88533862.82,88477256.88,,TRUE
635609,2001,2000,bcb01019,176,35000,coarse,153,7330,6.412851458,676,0.001197544623,p_lt_0.25,p_lt_0.25/coarse,2200.8,FALSE,dem_agl,reported,dem_agl,reported,6218.826261,6212.289111,1,1,107.5025132,86334909.52,86153496.62,6.428677306,90842,1,0,6.530762957,0,0,88305475.72,88103681.35,,TRUE
639550,2001,2000,bcb01033,93,35000,coarse,153,7921,7.218640971,702,0.001348018856,p_lt_0.25,p_lt_0.25/coarse,2200.8,FALSE,dem_agl,reported,dem_agl,reported,6782.48833,6775.179926,1,1,169.4964045,102694622,102473426.1,7.404115761,111909,1,0,4.658611438,0,0,101661386.6,101408557.7,,TRUE
654693,2003,2000,bcc03048,125,35000,coarse,153,6713,8.709251556,702,0.001626377508,p_lt_0.25,p_lt_0.25/coarse,2200.8,FALSE,dem_agl,reported,dem_agl,reported,5631.796528,5623.4381,1,1,321.862022,70804930.69,70594916.44,8.53626299,78357,0.9955077402,0.0007784882014,5.918348997,0,0,69639669.52,69416463.68,,TRUE
697532,1968,1960,bc5307,48,31680,coarse,153,6096,9.404197481,576,0.001940193908,p_lt_0.25,p_lt_0.25/coarse,2200.8,FALSE,dem_agl,reported,dem_agl,reported,5245.984843,5236.763683,1,1,330.4471104,61436102.1,61220312.6,9.502746203,65492,0.8267574666,0.1398491419,12.83003948,0,0,60151434.52,59917678.21,,TRUE
738299,1980,1980,bcc245,135,40000,coarse,153,7315,8.158694688,930,0.001333120047,p_lt_0.25,p_lt_0.25/coarse,2200.8,FALSE,dem_agl,reported,dem_agl,reported,5855.80007,5847.870881,1,1,157.8059548,76549449.44,76342282.51,7.902638334,84502,0,1,4.089897621,0,0,77417141.41,77165269.08,,TRUE
769192,1969,1960,bc5349,12,32000,coarse,153,6096,8.122086385,600,0.001658922873,p_lt_0.25,p_lt_0.25/coarse,2200.8,FALSE,dem_agl,reported,dem_agl,reported,4425.685149,4417.023227,1,1,145.3579313,43725080.62,43554091.24,8.537561928,48318,0,1,3.343972145,0,0,44597949.32,44418687.04,,TRUE
810221,1981,1980,bc81105,258,40000,coarse,153,7925,3.208845757,900,0.0005243212022,p_lt_0.25,p_lt_0.25/coarse,2200.8,FALSE,dem_agl,reported,dem_agl,reported,6912.503536,6909.474396,1,1,90.05478356,106669515.7,106576048.6,3.048607631,116046,1,0,0.8556612893,0,0,105914234.8,105847948,,TRUE
824188,1982,1980,bc82024,138,54000,coarse,153,9754,2.840746493,1640,0.0003438327879,p_lt_0.25,p_lt_0.25/coarse,2200.8,FALSE,dem_agl,reported,dem_agl,reported,9139.21176,9136.199096,1,1,290.5402865,186460597.3,186337687.2,3.142921638,206896,0,1,1.590558183,0,0,178332056.6,178141295.3,,TRUE
824979,1982,1980,bc82036,18,54000,coarse,153,9754,9.758226457,1681,0.001181097368,p_lt_0.25,p_lt_0.25/coarse,2200.8,FALSE,dem_agl,reported,dem_agl,reported,8676.422674,8666.407678,1,1,294.5089722,168054827.2,167667087.5,9.769377093,185464,0,1,6.156657704,0,0,172878478.1,172554055.5,,TRUE
1118249,1979,1970,bc79027,123,40000,coarse,153,7254,9.240832553,900,0.00150993996,p_lt_0.25,p_lt_0.25/coarse,2200.8,FALSE,dem_agl,reported,dem_agl,reported,6546.956085,6537.89319,1,1,168.5278953,95686010.17,95421278.9,9.208650153,103859,0.4100463128,0.5482047776,5.176644742,0,0,94275644.64,94029502.05,,TRUE
1118310,1979,1970,bc79028,32,40000,coarse,153,7163,8.319845089,930,0.001359451812,p_lt_0.25,p_lt_0.25/coarse,2200.8,FALSE,dem_agl,reported,dem_agl,reported,5849.036689,5840.610442,1,1,101.5949866,76372724.12,76152834.27,8.254911429,83230,1,0,4.428016816,0,0,78250565.33,78013197.4,,TRUE
1118411,1979,1970,bc79028,133,40000,coarse,153,7163,3.715514323,900,0.0006071101835,p_lt_0.25,p_lt_0.25/coarse,2200.8,FALSE,dem_agl,reported,dem_agl,reported,6186.358341,6183.192592,1,1,99.45446136,85435769.58,85348351.76,3.196445757,92960,1,0,2.448612203,0,0,84685394.36,84585351.08,,TRUE
1174507,1978,1970,bc78108,206,40000,coarse,153,8077,3.770041233,900,0.0006160198093,p_lt_0.25,p_lt_0.25/coarse,2200.8,FALSE,dem_agl,reported,dem_agl,reported,5981.680744,5978.551406,1,1,284.9801629,79875952.58,79792399.67,3.136087412,88127,1,0,1.699159157,0,0,79671557.82,79528087.85,,TRUE
1175250,1978,1970,bc78107,269,40000,coarse,305,7925,5.294664001,900,0.0004339888526,p_lt_0.25,p_lt_0.25/coarse,2200.8,FALSE,nominal_scale,implausible,nominal_scale,implausible,,,1,1,241.087486,83612736,83612736,,,,,,,,,,,FALSE
1175502,1978,1970,bc78147,142,40000,coarse,153,8534,4.123919067,900,0.0006738429849,p_lt_0.25,p_lt_0.25/coarse,2200.8,FALSE,dem_agl,reported,dem_agl,reported,7516.647506,7511.974361,1,1,226.8864165,126129873.3,125973090.6,4.786524037,138725,0.3885024329,0.4882897819,2.538981844,0,0,122221820.7,122028952.3,,TRUE
1175643,1978,1970,bc78147,283,40000,coarse,153,8230,3.50112576,900,0.0005720793725,p_lt_0.25,p_lt_0.25/coarse,2200.8,FALSE,dem_agl,reported,dem_agl,reported,5954.233879,5950.502359,1,1,337.9710065,79144614.76,79045445.95,3.662875974,87253,0.5800029798,0.3038176338,1.636011605,0,0,80437733.77,80233492.7,,TRUE
1176586,1978,1970,bc78081,243,40000,coarse,153,8077,14.69283454,900,0.002400789958,p_lt_0.25,p_lt_0.25/coarse,2200.8,FALSE,dem_agl,reported,dem_agl,reported,7353.473435,7338.86198,1,1,89.23091314,120713167.6,120233926.7,14.66467567,129952,0.1061391899,0.866681544,7.767963321,0,0,120296024.9,119847159.1,,TRUE
1248405,1967,1960,bc5226,30,31680,coarse,153,4877,4.007305556,576,0.0008267531433,p_lt_0.25,p_lt_0.25/coarse,2200.8,FALSE,dem_agl,reported,dem_agl,reported,4868.258168,4864.318496,1,1,15.7653176,52907445.45,52821848.67,3.950950655,58690,0,1,1.433462442,0,0,52765761.29,52663455.2,,TRUE
1250174,1967,1960,bc5242,38,32000,coarse,153,6096,6.208937378,600,0.001268165314,p_lt_0.25,p_lt_0.25/coarse,2200.8,FALSE,dem_agl,reported,dem_agl,reported,4970.676541,4964.935918,1,1,88.47190211,55156994.88,55029667.08,5.702163162,60013,1,0,2.042966753,0,0,55480120.81,55373895.37,,TRUE
1255562,1967,1960,bc5235,18,32000,coarse,153,5486,9.323381636,576,0.001904285465,p_lt_0.25,p_lt_0.25/coarse,2200.8,FALSE,dem_agl,reported,dem_agl,reported,5098.583105,5089.012705,1,1,34.80740264,58032141.28,57814484.92,9.60907539,61004,1,0,7.395362206,0,0,57813192.08,57610720.2,,TRUE
1257258,1967,1960,bc5253,49,32000,coarse,153,5486,8.267990316,600,0.001688723512,p_lt_0.25,p_lt_0.25/coarse,2200.8,FALSE,dem_agl,reported,dem_agl,reported,4968.064252,4959.712168,1,1,18.98190363,55099035.72,54913931.45,8.359814948,58141,1,0,5.901876558,0,0,55084068.84,54898074.17,,TRUE
1285060,1975,1970,bc5669,91,32000,coarse,153,6401,0.8839999305,576,0.0001805555414,p_lt_0.25,p_lt_0.25/coarse,2200.8,FALSE,dem_agl,reported,dem_agl,reported,4021.505076,4020.517986,1,1,422.9163647,36103294.41,36085573.28,0.9311954671,39013,1,0,0.6399764481,0,0,38580512,38544875.02,,TRUE
1389007,1972,1970,bc5504,144,32000,coarse,153,6858,0.01605855306,600,3.279933223e-06,p_lt_0.25,p_lt_0.25/coarse,2200.8,FALSE,dem_agl,reported,dem_agl,reported,5338.528528,5338.49432,1,1,309.8139591,63622792.37,63621977.02,0.02540799123,67575,1,0,0.04092766163,0,0,63978569.64,63976854.89,,TRUE
1414019,1971,1970,bc5441,124,32000,coarse,153,5638,5.323352763,600,0.001087286104,p_lt_0.25,p_lt_0.25/coarse,2200.8,FALSE,dem_agl,reported,dem_agl,reported,4971.357412,4966.198099,1,1,23.59039073,55172106.46,55057649.82,5.150988001,58597,1,0,5.654379576,0,0,55224498.56,55118033.42,,TRUE
1414173,1971,1970,bc5440,165,31680,coarse,153,6096,8.330560472,576,0.001718690267,p_lt_0.25,p_lt_0.25/coarse,2200.8,FALSE,dem_agl,reported,dem_agl,reported,5301.033781,5292.529666,1,1,110.0052992,62732231.16,62531117.87,8.439184882,67289,0.7970247737,0.1529819138,4.114057388,0,0,63376684.92,63182277.62,,TRUE
1416506,1970,1970,bc5382,76,40000,coarse,153,6705,7.638120185,900,0.001248058854,p_lt_0.25,p_lt_0.25/coarse,2200.8,TRUE,dem_agl,reported,dem_agl,reported,5634.511721,5626.642368,1,1,119.2494657,70873219.86,70675390.14,7.870972759,74724,1,0,5.591540859,0,0,71036262.05,70860917.42,70860917.42,TRUE
1430933,1970,1970,bc5394,54,80000,coarse,153,12496,6.772421101,3481,0.0005533023775,p_lt_0.25,p_lt_0.25/coarse,2200.8,FALSE,dem_agl,reported,dem_agl,reported,11195.28409,11188.79837,1,1,470.3806335,279794921.9,279470830.6,6.582170684,303988,1,0,3.930112871,0,0,276625204.6,276358599.6,,TRUE
1467067,1965,1960,bc5146,123,31860,coarse,153,6096,5.455325974,576,0.001119137644,p_lt_0.25,p_lt_0.25/coarse,2200.8,FALSE,dem_agl,reported,dem_agl,reported,4924.300542,4918.094293,1,1,489.3915841,54132575.8,53996211.85,5.974322754,59091,1,0,4.061839041,0,0,55926520.88,55760572.16,,TRUE
1467729,1965,1960,bc5149,70,31860,coarse,153,6096,0.2193037669,576,4.498926408e-05,p_lt_0.25,p_lt_0.25/coarse,2200.8,FALSE,dem_agl,reported,dem_agl,reported,3856.143563,3856.013704,1,1,358.6919096,33195252.68,33193016.96,0.1053037433,36374,1,0,0.04398858467,0,0,34738229.25,34727743.08,,TRUE
1468606,1965,1960,bc5152,179,31860,coarse,153,6096,5.940206104,576,0.001218608804,p_lt_0.25,p_lt_0.25/coarse,2200.8,TRUE,dem_agl,reported,dem_agl,reported,4199.9918,4193.749448,1,1,267.5216067,39379162.51,39262192.78,5.989002306,43101,1,0,4.446437698,0,0,40878990.34,40721030.93,40721030.93,TRUE
1469894,1965,1960,bc5140,227,31860,coarse,153,5791,9.34992679,576,0.001918098952,p_lt_0.25,p_lt_0.25/coarse,2200.8,FALSE,dem_agl,reported,dem_agl,reported,4724.254342,4714.891806,1,1,255.8346732,49823717.94,49626432.14,9.688907396,54757,1,0,8.224369606,0,0,48723325.28,48506132.58,,TRUE
1470194,1965,1960,bc5154,163,31860,coarse,153,6096,0.6209330241,600,0.0001273818512,p_lt_0.25,p_lt_0.25/coarse,2200.8,FALSE,dem_agl,reported,dem_agl,reported,4679.06403,4678.518033,1,1,373.8058794,48875089.65,48863683.9,0.5577536019,51729,1,0,0.2622335694,0,0,51596826.6,51463554.54,,TRUE
1470935,1965,1960,bc5160,5,31860,coarse,153,6096,2.938347473,600,0.0006027898759,p_lt_0.25,p_lt_0.25/coarse,2200.8,FALSE,dem_agl,reported,dem_agl,reported,4609.775453,4606.555876,1,1,280.6535394,47438301.66,47372060.71,3.187623726,50181,1,0,0.9700362336,0,0,48266665.28,48182487.67,,TRUE
1487734,1963,1960,bc5081,269,32000,coarse,153,6096,8.63164266,600,0.001762998909,p_lt_0.25,p_lt_0.25/coarse,2200.8,TRUE,dem_agl,reported,dem_agl,reported,5051.742605,5043.0637,1,1,322.103828,56970760.82,56775177.18,8.684584845,60592,1,0,8.398355811,0,0,57049270.84,56954066.87,56954066.87,TRUE
1503526,1964,1960,bc5118,4,31680,coarse,153,5791,5.705620236,576,0.00117713496,p_lt_0.25,p_lt_0.25/coarse,2200.8,FALSE,dem_agl,reported,dem_agl,reported,4970.692907,4964.984372,1,1,21.89363216,55157358.1,55030741.18,5.698134086,58448,1,0,7.276519565,0,0,55277962.07,55153734.2,,TRUE
19598,1996,1990,bcb96084,245,15000,fine,305,6403,10.01483451,144,0.002189034866,p_lt_0.25,p_lt_0.25/fine,9798.216667,FALSE,dem_agl,reported,dem_agl,reported,5307.633147,5297.733342,1,1,187.2485286,15825395.36,15766415.32,10.00614793,17272,0.7131194998,0.2114983789,11.2444047,0,0,15736514.72,15683316.59,,TRUE
26248,1996,1990,bcc96049,15,15000,fine,305,5791,6.928218957,132,0.001514364799,p_lt_0.25,p_lt_0.25/fine,9798.216667,FALSE,dem_agl,reported,dem_agl,reported,4861.208252,4854.277137,1,1,47.51508612,13275204.7,13237376.09,6.93582266,14225,0.7524077329,0.1240070299,3.425523586,0,0,13257584.82,13215355.12,,TRUE
27883,1996,1990,bcc96102,162,15000,fine,305,5944,2.432383219,144,0.0005316684633,p_lt_0.25,p_lt_0.25/fine,9798.216667,FALSE,dem_agl,reported,dem_agl,reported,4560.768338,4559.009514,1,1,173.2611832,11685002.23,11675991.51,1.681512466,12601,1,0,0.6617765419,0,0,12251024.08,12229454.22,,TRUE
57053,1996,1990,bcc96031,53,15000,fine,305,6251,3.292964511,144,0.0007197736637,p_lt_0.25,p_lt_0.25/fine,9798.216667,FALSE,dem_agl,reported,dem_agl,reported,4896.296799,4893.23199,1,1,129.7184476,13467539.08,13450684.5,3.098397869,14839,1,0,2.26211299,0,0,13303620.38,13284172.83,,TRUE
61375,1995,1990,bcc95063,71,15000,fine,305,6035,2.68448978,144,0.0005867737224,p_lt_0.25,p_lt_0.25/fine,9798.216667,FALSE,dem_agl,reported,dem_agl,reported,4908.275948,4905.629962,1,1,57.69409545,13533518.34,13518930.79,2.678169007,14626,1,0,1.964059866,0,0,13428564.5,13419127.6,,TRUE
63709,1995,1990,bcc95066,190,15000,fine,305,5759,8.08230506,144,0.001766624057,p_lt_0.25,p_lt_0.25/fine,9798.216667,FALSE,dem_agl,reported,dem_agl,reported,4327.013929,4318.632375,1,1,44.07377568,10517907.81,10477200.28,8.344376678,11477,1,0,6.567043298,0,0,10576639.96,10532065.25,,TRUE
65646,1995,1990,bcc95075,76,15000,fine,305,5748,9.136083391,144,0.001996958118,p_lt_0.25,p_lt_0.25/fine,9798.216667,FALSE,dem_agl,reported,dem_agl,reported,4808.408542,4799.283635,1,1,33.62889278,12988395.17,12939145.84,9.12719073,14139,0,1,3.902797464,0,0,12989391.56,12948186.09,,TRUE
69000,1995,1990,bcc95061,195,15000,fine,305,5791,9.264818827,144,0.002025097011,p_lt_0.25,p_lt_0.25/fine,9798.216667,FALSE,dem_agl,reported,dem_agl,reported,4749.077792,4740.2339,1,1,56.89417395,12669846.13,12622701.64,8.988758218,14033,0,1,4.334798991,0,0,12511133.35,12455666.83,,TRUE
69804,1995,1990,bcc95018,36,15000,fine,305,6096,7.136816237,144,0.001559959833,p_lt_0.25,p_lt_0.25/fine,9798.216667,FALSE,dem_agl,reported,dem_agl,reported,4530.684534,4523.379413,1,1,109.6390532,11531357.09,11494201.54,7.136827151,12618,1,0,1.622104124,0,0,11796663.83,11752163.6,,TRUE
113834,1994,1990,bcc94099,18,15000,fine,305,5944,5.961110433,144,0.001302974958,p_lt_0.25,p_lt_0.25/fine,9798.216667,FALSE,dem_agl,reported,dem_agl,reported,4384.783335,4378.879434,1,1,48.5494343,10800629.05,10771563.57,5.842125172,11903,0,0.982189364,2.800723036,0,0,10900542.41,10867981.87,,TRUE
144508,1994,1990,bcc94083,156,15000,fine,305,6906,10.51993476,144,0.002299439292,p_lt_0.25,p_lt_0.25/fine,9798.216667,FALSE,dem_agl,reported,dem_agl,reported,5185.555218,5175.278801,1,1,245.7715461,15105785.03,15045972.9,10.47996375,16494,1,0,3.261880758,0,0,15016807.53,14963276.38,,TRUE
153404,1997,1990,bcc97071,148,15000,fine,305,6282,7.435252508,144,0.001625191805,p_lt_0.25,p_lt_0.25/fine,9798.216667,FALSE,dem_agl,reported,dem_agl,reported,5665.022478,5657.221353,1,1,205.7171767,18028352.8,17978734.43,7.673231863,19680,1,0,6.523516678,0,0,18356826.9,18312441.66,,TRUE
173064,1997,1990,bcc97018,148,15000,fine,305,5791,6.61886957,144,0.001446747447,p_lt_0.25,p_lt_0.25/fine,9798.216667,FALSE,dem_agl,reported,dem_agl,reported,5389.286065,5382.594934,1,1,9.248010575,16316058.24,16275568.6,6.688635461,17152,1,0,2.392667154,0,0,16319863.58,16276449.15,,TRUE
185001,1997,1990,bcc97179,184,15000,fine,305,5791,7.129853566,144,0.001558437938,p_lt_0.25,p_lt_0.25/fine,9798.216667,FALSE,dem_agl,reported,dem_agl,reported,5100.912504,5093.577018,1,1,8.346553719,14616672.68,14574663.22,7.342035128,15437,1,0,1.584530802,0,0,14606336.77,14563220.23,,TRUE
192411,1997,1990,bcc97193,12,15000,fine,305,6553,9.123677572,144,0.001994246464,p_lt_0.25,p_lt_0.25/fine,9798.216667,FALSE,dem_agl,reported,dem_agl,reported,4758.892645,4749.709357,1,1,80.72582127,12722269.44,12673216.2,9.135533897,13913,0.1390785596,0.6895709049,3.055019619,0,0,12893422.06,12842528.11,,TRUE
230353,1994,1990,bcb94026,99,15000,fine,305,6176,-0.006412929959,144,-1.401733324e-06,p_lt_0.25,p_lt_0.25/fine,9798.216667,FALSE,dem_agl,reported,dem_agl,reported,4691.25036,4691.26032,1,1,192.8756826,12363174.38,12363226.88,-0.00998535342,13146,1,0,0.001341014544,0,0,12214507.02,12214307.02,,TRUE
230938,1994,1990,bcb94037,4,15000,fine,305,5770,8.96706793,144,0.001960014848,p_lt_0.25,p_lt_0.25/fine,9798.216667,FALSE,dem_agl,reported,dem_agl,reported,5099.924452,5090.94251,1,1,227.9806941,14611010.7,14559590.45,9.268634011,15596,1,0,16.43714759,0,0,14235178.54,14185760.48,,TRUE
242201,1993,1990,bcb93072,3,15000,fine,305,6067,1.979266697,144,0.0004326266003,p_lt_0.25,p_lt_0.25/fine,9798.216667,FALSE,dem_agl,reported,dem_agl,reported,4634.732865,4632.545367,1,1,305.997401,12067079.9,12055691.77,2.261360444,12887,1,0,2.795610553,0,0,12082107.15,12064577.14,,TRUE
298275,1993,1990,bcc93095,91,15000,fine,305,7010,5.202046712,144,0.001137059391,p_lt_0.25,p_lt_0.25/fine,9798.216667,TRUE,dem_agl,reported,dem_agl,reported,5911.590837,5906.60279,1,1,371.7531015,19631862.7,19598746.96,5.572652503,21603,1,0,6.151704206,0,0,18419811.46,18396237.67,18396237.67,TRUE
308742,1993,1990,bcb93037,249,15000,fine,305,6401,6.75347623,132,0.001476169668,p_lt_0.25,p_lt_0.25/fine,9798.216667,TRUE,dem_agl,reported,dem_agl,reported,5401.201788,5394.595365,1,1,199.0104659,16388287.68,16348221.87,6.739121865,17342,1,0,8.107729953,0,0,16142557.3,16101258.23,16101258.23,TRUE
373890,1992,1990,bcb92087,7,15000,fine,305,6071,8.221803877,144,0.001797115602,p_lt_0.25,p_lt_0.25/fine,9798.216667,FALSE,dem_agl,reported,dem_agl,reported,4782.342899,4774.15636,1,1,284.0212862,12847960.65,12804011.36,8.224727261,13756,0.3426868276,0.5380924687,6.244780171,0,0,12895607.88,12851526.21,,TRUE
399945,1997,1990,bcb97045,50,15000,fine,305,5978,8.214468214,144,0.001795512178,p_lt_0.25,p_lt_0.25/fine,9798.216667,FALSE,dem_agl,reported,dem_agl,reported,4938.972411,4930.273491,1,1,441.0922898,13703325.5,13655097.19,8.194040865,15037,1,0,6.68413455,0,0,14542948.51,14515286.58,,TRUE
400491,1997,1990,bcb97048,268,15000,fine,305,6460,0.00968085395,144,2.11603365e-06,p_lt_0.25,p_lt_0.25/fine,9798.216667,FALSE,dem_agl,reported,dem_agl,reported,3853.188341,3853.188036,1,1,211.4867193,8340522.311,8340520.991,-0.0007415498856,9067,1,0,0.0003289501633,0,0,8639402.987,8641682.254,,TRUE
497431,2000,2000,bcc00095,121,15000,fine,305,7315,10.76514308,144,0.002353036738,p_lt_0.25,p_lt_0.25/fine,9798.216667,FALSE,dem_agl,reported,dem_agl,reported,5915.02085,5904.240161,1,1,368.0704824,19654650.84,19583071.18,10.21668094,21325,1,0,5.33213935,0,0,20830640.17,20766081.72,,TRUE
513605,1992,1990,bcb92097,243,15000,fine,305,5955,4.109468248,144,0.0008982444258,p_lt_0.25,p_lt_0.25/fine,9798.216667,FALSE,dem_agl,reported,dem_agl,reported,4283.788522,4279.842605,1,1,152.3396954,10308816.74,10289834.01,3.731522439,10954,1,0,3.073715154,0,0,10859173.74,10833863.06,,TRUE
557215,1986,1980,bcc450,166,15000,fine,305,5791,7.366949293,144,0.001610262141,p_lt_0.25,p_lt_0.25/fine,9798.216667,FALSE,dem_agl,reported,dem_agl,reported,4499.49842,4491.816595,1,1,12.04153774,11373155.59,11334354.82,7.679469249,12396,1,0,2.151176882,0,0,11371487.88,11331302.55,,TRUE
580560,1991,1990,bcc91061,173,15000,fine,305,6553,4.949185689,144,0.001081789222,p_lt_0.25,p_lt_0.25/fine,9798.216667,FALSE,dem_agl,reported,dem_agl,reported,5518.239775,5513.174316,1,1,49.33912027,17106214.28,17074823.45,5.080054525,18515,1,0,3.472182253,0,0,17060507.45,17034873.24,,TRUE
581703,1991,1990,bcc91066,15,15000,fine,305,5913,10.19822481,144,0.002229120177,p_lt_0.25,p_lt_0.25/fine,9798.216667,FALSE,dem_agl,reported,dem_agl,reported,5029.240924,5019.224909,1,1,52.20402007,14208808.31,14152269.39,10.10296801,15352,1,0,7.107767332,0,0,14107552.05,14042513.36,,TRUE
584762,1991,1990,bcc91082,138,15000,fine,305,5669,5.716583252,144,0.001249526394,p_lt_0.25,p_lt_0.25/fine,9798.216667,FALSE,dem_agl,reported,dem_agl,reported,4505.406136,4499.841689,1,1,48.5925009,11403040.47,11374890.99,5.58719266,12325,1,0,0.8726119575,0,0,11356765.28,11324985.2,,TRUE
586428,1991,1990,bcc91104,171,15000,fine,305,6096,9.868214,132,0.002156986667,p_lt_0.25,p_lt_0.25/fine,9798.216667,FALSE,dem_agl,reported,dem_agl,reported,5165.906478,5155.18042,1,1,36.66296395,14991526.35,14929336.67,10.69465968,16244,1,0,8.3006951,0,0,15100868.21,15036486.86,,TRUE
590243,1991,1990,bcc91023,43,15000,fine,305,6246,9.534951952,144,0.002084142503,p_lt_0.25,p_lt_0.25/fine,9798.216667,FALSE,dem_agl,reported,dem_agl,reported,4707.326932,4697.962003,1,1,68.19935706,12448054.96,12398574.99,9.512128827,13800,1,0,7.046239493,0,0,12259073.27,12214148.29,,TRUE
737301,1980,1980,bcc254,63,5000,fine,305,1859,0.05592895508,25,3.667472464e-05,p_lt_0.25,p_lt_0.25/fine,9798.216667,FALSE,dem_agl,reported,dem_agl,reported,1518.224199,1518.219399,1,1,1.447043045,1294865.298,1294857.11,0.004799985184,1427,0.0336370007,0.3966362999,0.005566292562,0,0,1293567.393,1293397.004,,TRUE
784745,1969,1960,bcc22,76,10000,fine,305,4206,3.444185257,64,0.001129241068,p_lt_0.25,p_lt_0.25/fine,9798.216667,FALSE,dem_agl,reported,dem_agl,reported,3643.932207,3640.479595,1,1,37.40109278,7459218.872,7445090.406,3.457933875,8288,0.2730453668,0.6194498069,2.984866221,0,0,7405492.796,7393049.676,,TRUE
842594,1985,1980,bc85005,143,10000,fine,305,4115,6.098863602,64,0.00199962741,p_lt_0.25,p_lt_0.25/fine,9798.216667,FALSE,dem_agl,reported,dem_agl,reported,3175.694849,3169.854145,1,1,61.99324124,5665396.406,5644576.095,5.885855852,6012,1,0,6.974770592,0,0,5673668.806,5651448.923,,TRUE
857350,1985,1980,bcc347,86,15000,fine,305,5944,11.17473772,144,0.002442565622,p_lt_0.25,p_lt_0.25/fine,9798.216667,FALSE,dem_agl,reported,dem_agl,reported,4411.410943,4399.885639,1,1,143.8816431,10932205.98,10875157.38,11.28972377,12067,0.06480483965,0.8412198558,5.382713361,0,0,11169306.19,11106872.48,,TRUE
872100,1986,1980,bc86070,148,15000,fine,305,6248,9.075969349,132,0.001983818437,p_lt_0.25,p_lt_0.25/fine,9798.216667,FALSE,dem_agl,reported,dem_agl,reported,4820.974373,4812.132131,1,1,125.7642215,13056369.11,13008519.15,8.67831603,14463,1,0,7.796069771,0,0,13261352.77,13222842.84,,TRUE
898005,1986,1980,bcc496,9,10000,fine,305,4145,7.130009121,72,0.002337707909,p_lt_0.25,p_lt_0.25/fine,9798.216667,FALSE,dem_agl,reported,dem_agl,reported,3080.154499,3072.709531,1,1,26.85165946,5329638.78,5303905.634,7.441501504,5813,0,1,5.570920365,0,0,5345622.634,5320494.998,,TRUE
904550,1986,1980,bcc539,244,15000,fine,305,5791,7.314083523,144,0.001598706781,p_lt_0.25,p_lt_0.25/fine,9798.216667,FALSE,dem_agl,reported,dem_agl,reported,4405.714703,4398.493241,1,1,44.5472812,10903991.75,10868275.31,7.151834426,12066,1,0,3.958875213,0,0,11009622.21,10973473.66,,TRUE
909801,1987,1980,bc87057,53,15000,fine,305,5334,9.252515157,144,0.002022407685,p_lt_0.25,p_lt_0.25/fine,9798.216667,FALSE,dem_agl,reported,dem_agl,reported,4499.406418,4490.607608,1,1,66.46842123,11372690.5,11328254.29,8.851676475,12064,1,0,5.767127073,0,0,11323179.66,11275504.32,,TRUE
927529,1987,1980,bcc567,58,10000,fine,305,4115,4.23615551,64,0.001388903446,p_lt_0.25,p_lt_0.25/fine,9798.216667,TRUE,dem_agl,reported,dem_agl,reported,3272.740914,3268.556196,1,1,14.92821562,6016944.768,6001567.371,4.220530073,6472,1,0,2.645168537,0,0,5966420.991,5950265.026,5950265.026,TRUE
928404,1987,1980,bcc595,100,10000,fine,305,4115,3.968610552,72,0.001301183787,p_lt_0.25,p_lt_0.25/fine,9798.216667,FALSE,dem_agl,reported,dem_agl,reported,3425.113153,3421.35896,1,1,244.4972884,6590261.087,6575822.118,4.275266145,7072,1,0,3.170567191,0,0,6082339.064,6070890.735,,TRUE
934067,1987,1980,bcc671,129,10000,fine,305,4267,3.95917511,72,0.0012980902,p_lt_0.25,p_lt_0.25/fine,9798.216667,FALSE,dem_agl,reported,dem_agl,reported,3435.137586,3430.984173,1,1,63.17809861,6628893.569,6612873.313,4.211938241,7106,1,0,4.366268831,0,0,6568219.123,6548772.767,,TRUE
940786,1987,1980,bcc766,5,15000,fine,305,6096,8.995314704,144,0.001966189006,p_lt_0.25,p_lt_0.25/fine,9798.216667,TRUE,dem_agl,reported,dem_agl,reported,4535.428494,4526.299606,1,1,40.55507305,11555518.09,11509047.13,9.134539382,12645,1,0,2.355295978,0,0,11527065.85,11481028.78,11481028.78,TRUE
947244,1987,1980,bcc675,165,15000,fine,305,7010,2.336825053,144,0.0005107814323,p_lt_0.25,p_lt_0.25/fine,9798.216667,FALSE,dem_agl,reported,dem_agl,reported,5179.497935,5176.578775,1,1,171.1830113,15070515.29,15053532.62,2.902069964,16512,1,0,0.7749044343,0,0,15542216.21,15522939.35,,TRUE
962287,1987,1980,bcc771,106,10000,fine,305,4877,6.102213542,72,0.002000725751,p_lt_0.25,p_lt_0.25/fine,9798.216667,FALSE,dem_agl,reported,dem_agl,reported,3522.773574,3516.88693,1,1,184.3278908,6971435.811,6948156.388,5.970845294,7683,0.8033320318,0.06911362749,3.66512375,0,0,6971452.142,6953022.071,,TRUE
1022547,1989,1980,bc89079,86,15000,fine,305,5700,3.121756351,132,0.0006823511151,p_lt_0.25,p_lt_0.25/fine,9798.216667,FALSE,dem_agl,reported,dem_agl,reported,4813.92809,4810.499772,1,1,77.34991178,13018230.91,12999695.22,3.448338911,14034,1,0,3.313715159,0,0,12941272.85,12914142.83,,TRUE
1038264,1989,1980,bc89075,130,15000,fine,305,5730,7.920009189,144,0.00173114955,p_lt_0.25,p_lt_0.25/fine,9798.216667,FALSE,dem_agl,reported,dem_agl,reported,4482.731697,4474.80409,1,1,27.10229327,11288552.72,11248660.93,7.912824973,12161,1,0,4.493083982,0,0,11309911.3,11269558.28,,TRUE
1048222,1989,1980,bcc983,62,15000,fine,305,6706,1.448350694,144,0.0003165793868,p_lt_0.25,p_lt_0.25/fine,9798.216667,FALSE,dem_agl,reported,dem_agl,reported,4452.627282,4451.520019,1,1,418.2822458,11137442.1,11131903.55,1.134977504,12089,1,0,0.4466318231,0,0,11480426.01,11465123.94,,TRUE
1052631,1989,1980,bcc954,188,10000,fine,305,3505,6.760168076,64,0.002216448549,p_lt_0.25,p_lt_0.25/fine,9798.216667,FALSE,dem_agl,reported,dem_agl,reported,2130.245993,2123.250733,1,1,40.1345447,2549249.175,2532534.316,6.96875639,2751,1,0,4.58912861,0,0,2544400.353,2528064.23,,TRUE
1060214,1990,1990,bcb90134,207,15000,fine,305,6248,6.400917747,132,0.001399107704,p_lt_0.25,p_lt_0.25/fine,9798.216667,FALSE,dem_agl,reported,dem_agl,reported,4540.205325,4534.444473,1,1,64.85111381,11579872.05,11550504.39,5.629176918,12779,1,0,2.283434943,0,0,11887423.14,11847037.81,,TRUE
1076304,1990,1990,bcb90118,23,15000,fine,305,6096,6.456339056,132,0.001411221652,p_lt_0.25,p_lt_0.25/fine,9798.216667,FALSE,dem_agl,reported,dem_agl,reported,5033.485577,5027.313784,1,1,111.9622594,14232802.74,14197921.13,6.452960371,15163,1,0,6.740914692,0,0,13809980.04,13776498.2,,TRUE
1093966,1990,1990,bcc90048,139,10000,fine,305,4115,7.063050164,72,0.002315754152,p_lt_0.25,p_lt_0.25/fine,9798.216667,FALSE,dem_agl,reported,dem_agl,reported,3320.337736,3313.672293,1,1,20.75595385,6193231.241,6168390.881,6.700031745,6629,1,0,7.206601066,0,0,6165522.431,6138897.477,,TRUE
1097991,1990,1990,bcc90007,140,15000,fine,305,6401,7.97555542,144,0.001743290802,p_lt_0.25,p_lt_0.25/fine,9798.216667,FALSE,dem_agl,reported,dem_agl,reported,4943.700497,4935.367025,1,1,89.68266872,13729574.49,13683326.3,8.202494297,14983,1,0,5.501577457,0,0,13962368.3,13918486.29,,TRUE
1105104,1990,1990,bcc90028,136,5000,fine,305,1981,0.8783950806,20,0.0005759967741,p_lt_0.25,p_lt_0.25/fine,9798.216667,FALSE,dem_agl,reported,dem_agl,reported,1600.089588,1599.334685,1,1,58.06475468,1438273.146,1436916.346,0.8101230538,1595,0,1,0.2102291688,0,0,1427463.963,1425784.635,,TRUE
1105461,1990,1990,bcc90029,3,5000,fine,305,1829,3.694943237,20,0.002422913598,p_lt_0.25,p_lt_0.25/fine,9798.216667,TRUE,dem_agl,reported,dem_agl,reported,1457.814034,1454.303789,1,1,48.71408269,1193869.966,1188127.492,3.79357945,1313,0,0.9428789033,2.205415014,0,0,1163595.453,1157385.28,1157385.28,TRUE
1105489,1990,1990,bcc90057,148,5000,fine,305,1829,2.034291992,25,0.001333961962,p_lt_0.25,p_lt_0.25/fine,9798.216667,FALSE,dem_agl,reported,dem_agl,reported,1401.016229,1398.615653,1,1,36.03078217,1102653.616,1098878.161,2.348532084,1214,0,1,0.6279586179,0,0,1085771.78,1083155.795,,TRUE
1190611,1978,1970,bc78102,60,10000,fine,610,7620,3.400593228,72,0.0005574742996,p_lt_0.25,p_lt_0.25/fine,9798.216667,FALSE,dem_agl,reported,dem_agl,reported,6562.214715,6559.014819,1,1,233.8921534,6047747.558,6041850.938,3.031914834,6553,1,0,1.965832288,0,0,6207224.698,6200008.976,,TRUE
1472827,1963,1960,bc5064,29,12000,fine,153,1890,3.131006789,100,0.001705341388,p_lt_0.25,p_lt_0.25/fine,9798.216667,TRUE,dem_agl,reported,dem_agl,reported,1880.200921,1876.960403,1,1,0.853815455,7891837.108,7864657.459,3.237221356,8758,0,1,0.590584802,0,0,7893129.567,7869162.916,7869162.916,TRUE
1498154,1964,1960,bc4212,157,15000,fine,305,5182,9.837850991,144,0.002150349943,p_lt_0.25,p_lt_0.25/fine,9798.216667,FALSE,dem_agl,reported,dem_agl,reported,4722.332126,4712.486218,1,1,275.2901084,12527540.91,12475356.35,9.514345109,13547,1,0,7.460678576,0,0,12814791.98,12768942.56,,TRUE
1620682,2009,2000,bcc09009,194,7000,fine,305,3853,0.06854587131,36,3.210579452e-05,p_lt_0.25,p_lt_0.25/fine,9798.216667,FALSE,dem_agl,reported,dem_agl,reported,1607.39652,1607.10994,1,1,82.64937181,1451439.109,1450921.606,0.2283766174,1600,1,0,5.124818695e-05,0,0,1488987.775,1488794.421,,TRUE
10287,1995,1990,bcc95034,69,30000,mid,153,6096,5.276097053,506,0.001149476482,p_lt_0.25,p_lt_0.25/mid,6676.133333,FALSE,dem_agl,reported,dem_agl,reported,5551.418646,5545.99355,1,1,182.4482193,68798275.14,68663875.29,5.52963129,75396,1,0,7.04567305,0,0,68320538.06,68174568.23,,TRUE
349387,1997,1990,bcc97138,73,20000,mid,305,7187,7.894845072,240,0.001294236897,p_lt_0.25,p_lt_0.25/mid,6676.133333,FALSE,dem_agl,reported,dem_agl,reported,6333.092282,6325.066792,1,1,83.74035858,22531204.33,22474136.04,7.988142005,24212,0.8879068231,0.07141087064,4.943224453,0,0,22659374.23,22600447.69,,TRUE
672065,2004,2000,bcc04027,4,30000,mid,153,5791,8.973404133,529,0.001954990007,p_lt_0.25,p_lt_0.25/mid,6676.133333,FALSE,dem_agl,reported,dem_agl,reported,4644.18555,4635.61605,1,1,399.7947812,48149160.15,47971633.41,8.979412258,52594,1,0,7.527636464,0,0,46224207.39,46075464.97,,TRUE
715384,1980,1980,bc80012,87,15840,mid,305,5590,8.403780815,156,0.001739481043,p_lt_0.25,p_lt_0.25/mid,6676.133333,FALSE,dem_agl,reported,dem_agl,reported,4875.075264,4866.019112,1,1,73.61688301,13351050.03,13301493.12,9.186449656,14054,1,0,7.265626025,0,0,13156322.71,13116431.62,,TRUE
720611,1980,1980,bc80045,110,20000,mid,305,7315,4.192174435,256,0.0006872417106,p_lt_0.25,p_lt_0.25/mid,6676.133333,FALSE,dem_agl,reported,dem_agl,reported,6484.200966,6480.004134,1,1,53.94606882,23619228.43,23588663.73,4.237702898,25500,1,0,2.734593676,0,0,23486959.07,23459830.31,,TRUE
745826,1969,1960,bc7142,65,16000,mid,305,5334,6.351519267,156,0.001301540833,p_lt_0.25,p_lt_0.25/mid,6676.133333,FALSE,dem_agl,reported,dem_agl,reported,4878.713462,4872.384283,1,1,3.806766306,13370984.86,13336314.87,6.33098086,14113,1,0,3.45588758,0,0,13363426.82,13330482.62,,TRUE
754021,1969,1960,bc7192,94,16000,mid,305,6096,3.082055508,156,0.0006315687515,p_lt_0.25,p_lt_0.25/mid,6676.133333,FALSE,dem_agl,reported,dem_agl,reported,5066.346335,5062.814435,1,1,125.4847598,14419245.06,14399147.91,3.451593089,15381,1,0,5.115060629,0,0,14807282.84,14781296.92,,TRUE
757971,1969,1960,bc7168,135,16000,mid,305,6096,7.95081072,169,0.001629264492,p_lt_0.25,p_lt_0.25/mid,6676.133333,FALSE,dem_agl,reported,dem_agl,reported,5294.984237,5286.882831,1,1,33.33853837,15750056.52,15701897.74,8.136391886,16792,1,0,3.617848348,0,0,15735153.22,15683340.18,,TRUE
762613,1969,1960,bc7199,163,16000,mid,305,6096,8.359979573,169,0.001713110568,p_lt_0.25,p_lt_0.25/mid,6676.133333,FALSE,dem_agl,reported,dem_agl,reported,4814.056898,4806.01476,1,1,154.1872244,13018927.59,12975466.3,8.076851822,14382,1,0,4.604185907,0,0,12956009.79,12920475.8,,TRUE
764248,1969,1960,bc7129,244,16000,mid,305,5944,3.578933292,144,0.0007333879697,p_lt_0.25,p_lt_0.25/mid,6676.133333,FALSE,dem_agl,reported,dem_agl,reported,4877.634632,4874.066433,1,1,27.89904839,13365072.06,13345524.96,3.557772141,14526,0.3714718436,0.5366239846,0.8394947949,0,0,13417218.11,13399838.95,,TRUE
764354,1969,1960,bc7134,101,16000,mid,305,5944,8.12876251,169,0.001665730023,p_lt_0.25,p_lt_0.25/mid,6676.133333,FALSE,dem_agl,reported,dem_agl,reported,4788.68824,4780.016982,1,1,163.1479903,12882077.31,12835466.35,8.710282285,13995,1,0,5.214190081,0,0,12829651.07,12790522.62,,TRUE
765810,1969,1960,bc7205,254,16000,mid,305,5639,8.039781619,156,0.001647496233,p_lt_0.25,p_lt_0.25/mid,6676.133333,TRUE,dem_agl,reported,dem_agl,reported,4643.311039,4636.035638,1,1,254.3878018,12111789.84,12073864.7,7.344089469,13296,1,0,4.591408382,0,0,11984134.95,11942132.92,11942132.92,TRUE
819054,1982,1980,bc82041,179,30000,mid,153,4724,6.406902673,529,0.001395839362,p_lt_0.25,p_lt_0.25/mid,6676.133333,FALSE,dem_agl,reported,dem_agl,reported,4690.211329,4684.319653,1,1,26.60958457,49108244.93,48984946.37,5.877206316,54278,0.02433766904,0.9484137219,2.386076201,0,0,49277824.14,49127404.56,,TRUE
843586,1985,1980,bc85057,166,20000,mid,305,6858,10.09119606,256,0.001654294436,p_lt_0.25,p_lt_0.25/mid,6676.133333,FALSE,dem_agl,reported,dem_agl,reported,5398.014008,5387.976746,1,1,374.9005538,16368948.71,16308131.28,9.602856787,17982,1,0,6.674760416,0,0,17082894.29,17013010.43,,TRUE
1115052,1979,1970,bc79086,183,20000,mid,305,7468,7.937332749,256,0.00130120209,p_lt_0.25,p_lt_0.25/mid,6676.133333,FALSE,dem_agl,reported,dem_agl,reported,6597.047981,6589.269476,1,1,366.4049636,24448491,24390871.11,8.039516256,26705,1,0,4.482239546,0,0,23829782.03,23784728.04,,TRUE
1120882,1979,1970,bc79088,56,20000,mid,305,7010,6.711522278,225,0.001100249554,p_lt_0.25,p_lt_0.25/mid,6676.133333,FALSE,dem_agl,reported,dem_agl,reported,6982.75149,6975.830019,1,1,34.01172736,27390877.51,27336603.43,6.908853865,29927,1,0,5.95486144,0,0,27401764.14,27358902.01,,TRUE
1127820,1979,1970,bc79155,164,16000,mid,305,5590,10.12821256,156,0.002075453394,p_lt_0.25,p_lt_0.25/mid,6676.133333,FALSE,dem_agl,reported,dem_agl,reported,4824.700247,4814.492174,1,1,71.21117224,13076558.05,13021281.97,10.2004974,13779,1,0,7.288844138,0,0,13097618.27,13042786.54,,TRUE
1127891,1979,1970,bc79155,235,16000,mid,305,5590,6.444522293,169,0.001320598831,p_lt_0.25,p_lt_0.25/mid,6676.133333,FALSE,dem_agl,reported,dem_agl,reported,5159.169402,5152.990399,1,1,3.75238035,14952449.69,14916654.82,6.178277266,15759,1,0,1.652621372,0,0,14955673.17,14918717.03,,TRUE
1128223,1979,1970,bc79162,59,16000,mid,305,5590,9.811102451,156,0.002010471814,p_lt_0.25,p_lt_0.25/mid,6676.133333,FALSE,dem_agl,reported,dem_agl,reported,4961.041028,4951.148363,1,1,106.8352181,13826059.16,13770973.86,10.02795112,14554,1,0,8.851152808,0,0,13590452.92,13544448.19,,TRUE
1140288,1979,1970,bc79167,178,20000,mid,153,3566,3.812697211,225,0.001245979481,p_lt_0.25,p_lt_0.25/mid,6676.133333,FALSE,dem_agl,reported,dem_agl,reported,2964.146188,2960.321322,1,1,70.59718388,19614119.99,19563533.44,3.848670596,20858,1,0,4.394483973,0,0,19430224.16,19384727.53,,TRUE
1168607,1978,1970,bc78025,146,20000,mid,153,3505,2.512861252,240,0.0008211964875,p_lt_0.25,p_lt_0.25/mid,6676.133333,FALSE,dem_agl,reported,dem_agl,reported,2772.922058,2770.18169,1,1,244.6852878,17165043.78,17131133.5,2.696805743,18963,0,0.9984179718,0.5354312889,0,0,17490870.28,17468553.94,,TRUE
1179710,1978,1970,bcc184,132,20000,mid,305,8077,6.64901638,256,0.001090002685,p_lt_0.25,p_lt_0.25/mid,6676.133333,FALSE,dem_agl,reported,dem_agl,reported,6061.638769,6055.676668,1,1,243.892768,20641101.87,20600517.53,6.124945783,22909,1,0,2.723231637,0,0,20399492.37,20358243.96,,TRUE
1189353,1978,1970,bc78125,152,20000,mid,305,8230,10.6629185,225,0.001748019426,p_lt_0.25,p_lt_0.25/mid,6676.133333,FALSE,dem_agl,reported,dem_agl,reported,7372.460261,7363.211128,1,1,384.3428415,30533574.84,30457011,10.09358798,33191,1,0,7.576378454,0,0,28925673.21,28864883.12,,TRUE
1189832,1978,1970,bc78127,131,20000,mid,305,8230,6.122714787,225,0.001003723736,p_lt_0.25,p_lt_0.25/mid,6676.133333,FALSE,dem_agl,reported,dem_agl,reported,8022.222468,8015.697613,1,1,298.7921032,36152819.79,36094034.08,6.799675711,39254,1,0,5.141934088,0,0,34961344.7,34902823.31,,TRUE
1199007,1977,1970,bc77090,194,20000,mid,305,7315,12.72581889,240,0.002086199818,p_lt_0.25,p_lt_0.25/mid,6676.133333,FALSE,dem_agl,reported,dem_agl,reported,6485.753699,6473.589403,1,1,43.93353277,23630541.7,23541984.73,12.12663502,25432,1,0,7.572802197,0,0,23725119.03,23643549.42,,TRUE
1201928,1977,1970,bc77113,23,20000,mid,153,3658,7.357705078,225,0.002404478784,p_lt_0.25,p_lt_0.25/mid,6676.133333,TRUE,dem_agl,reported,dem_agl,reported,3025.6017,3018.820853,1,1,46.58549148,20435868.6,20344371.28,6.830130091,21988,0,1,3.934756281,0,0,20307706.58,20214124.74,20214124.74,TRUE
1210633,1977,1970,bcc165,123,16000,mid,153,3048,2.666543272,169,0.001089274212,p_lt_0.25,p_lt_0.25/mid,6676.133333,FALSE,dem_agl,reported,dem_agl,reported,2607.314727,2604.563766,1,1,90.84380001,15175971.62,15143964.38,2.745763091,16737,0.1723128398,0.7466690566,1.081235283,0,0,15324775.14,15299611.15,,TRUE
1234058,1967,1960,bc7033,40,15840,mid,305,5944,3.65348542,156,0.0007562273184,p_lt_0.25,p_lt_0.25/mid,6676.133333,TRUE,dem_agl,reported,dem_agl,reported,4553.349662,4549.679236,1,1,139.9026084,11647018.83,11628249.22,3.691790738,12296,1,0,1.676713895,0,0,11585014.78,11571325.49,11571325.49,TRUE
1234322,1967,1960,bc7034,50,15840,mid,305,5944,10.03389212,156,0.002076894378,p_lt_0.25,p_lt_0.25/mid,6676.133333,FALSE,dem_agl,reported,dem_agl,reported,5031.550971,5021.289296,1,1,43.30745992,14221864.17,14163913.32,10.10712411,14971,1,0,8.265392874,0,0,14447004.91,14391859.69,,TRUE
1260481,1967,1960,bc5261,219,16000,mid,153,2591,5.355118147,144,0.002187548263,p_lt_0.25,p_lt_0.25/mid,6676.133333,FALSE,dem_agl,reported,dem_agl,reported,2581.45385,2575.766454,1,1,19.09360338,14876416.24,14810937.73,5.670127418,16550,0.4951661631,0.2975830816,5.064672418,0,0,14908521.33,14857568.72,,TRUE
1268157,1975,1970,bc7723,118,20000,mid,305,7468,5.497014109,240,0.000901149854,p_lt_0.25,p_lt_0.25/mid,6676.133333,FALSE,dem_agl,reported,dem_agl,reported,6600.523906,6595.080919,1,1,72.43227069,24474261.17,24433913.41,5.438749079,26317,1,0,4.376070739,0,0,24398824.95,24364688.87,,TRUE
1276548,1975,1970,bc7771,6,25000,mid,305,7925,12.93182502,380,0.001695977051,p_lt_0.25,p_lt_0.25/mid,6676.133333,FALSE,dem_agl,reported,dem_agl,reported,6356.088693,6342.876644,1,1,114.5931684,22695129.8,22600877.64,13.33425158,25147,1,0,9.784384189,0,0,22528272.45,22438751.47,,TRUE
1280858,1975,1970,bc5679,102,15840,mid,153,3658,5.236181496,169,0.002160568717,p_lt_0.25,p_lt_0.25/mid,6676.133333,FALSE,dem_agl,reported,dem_agl,reported,2395.844136,2391.005654,1,1,36.70232998,12814058.81,12762354.29,4.838000085,14143,0.05918122039,0.8947182352,3.038038504,0,0,12857663.79,12777813.16,,TRUE
1308668,1974,1970,bc7607,149,16000,mid,305,5943,5.373961978,144,0.001101221717,p_lt_0.25,p_lt_0.25/mid,6676.133333,FALSE,dem_agl,reported,dem_agl,reported,5078.144434,5072.725974,1,1,46.66497484,14486480.01,14455581.9,5.423212848,15589,0,1,2.517016042,0,0,14488402.44,14458400.74,,TRUE
1322894,1974,1970,bc7641,68,16000,mid,305,6248,5.812247914,169,0.001191034409,p_lt_0.25,p_lt_0.25/mid,6676.133333,FALSE,dem_agl,reported,dem_agl,reported,5692.067458,5685.732639,1,1,143.701979,18200899.44,18160409.67,6.531160072,19988,1,0,8.56846048,0,0,17632233.72,17579791.74,,TRUE
1323517,1974,1970,bc7572,218,16000,mid,305,6096,8.589455629,156,0.00176013435,p_lt_0.25,p_lt_0.25/mid,6676.133333,FALSE,dem_agl,reported,dem_agl,reported,5093.044641,5084.055033,1,1,111.0647,14571616.71,14520222.1,9.167010628,16122,1,0,5.613181979,0,0,14331357.38,14287094.44,,TRUE
1327551,1974,1970,bc7631,202,16000,mid,305,6400,1.547411676,169,0.0003170925566,p_lt_0.25,p_lt_0.25/mid,6676.133333,FALSE,dem_agl,reported,dem_agl,reported,4629.948074,4628.959975,1,1,160.8393156,12042177.22,12037037.81,0.9245953396,12799,1,0,0.4851881655,0,0,12543653.75,12532311.97,,TRUE
1354052,1973,1970,bc7481,68,20000,mid,305,6096,9.151985677,240,0.001500325521,p_lt_0.25,p_lt_0.25/mid,6676.133333,FALSE,dem_agl,reported,dem_agl,reported,5032.238643,5023.023834,1,1,106.5956663,14225751.9,14173700.49,9.163311555,15250,1,0,3.651676473,0,0,14286737.53,14238106.65,,TRUE
1409655,1971,1970,bc7363,231,16000,mid,305,6096,0.7468557866,169,0.0001530442186,p_lt_0.25,p_lt_0.25/mid,6676.133333,TRUE,dem_agl,reported,dem_agl,reported,4326.733073,4326.330023,1,1,178.165915,10516542.47,10514583.26,0.3398775642,11155,1,0,0.03979577475,0,0,10979435.71,10974683.39,10974683.39,TRUE
1411579,1971,1970,bc7372,210,16000,mid,305,6096,7.721036471,156,0.001582179605,p_lt_0.25,p_lt_0.25/mid,6676.133333,FALSE,dem_agl,reported,dem_agl,reported,5260.933278,5253.441158,1,1,126.7229996,15548137.09,15503884.27,7.562607893,16463,1,0,8.629701559,0,0,15411959.22,15369773.65,,TRUE
1434194,1966,1960,bc4396,225,16000,mid,305,6096,2.984557744,169,0.0006115897017,p_lt_0.25,p_lt_0.25/mid,6676.133333,FALSE,dem_agl,reported,dem_agl,reported,4392.108968,4388.980232,1,1,216.2651523,10836748.3,10821314.6,3.143196977,11776,1,0,0.7130845396,0,0,10905104.25,10883968.74,,TRUE
1440001,1966,1960,bc4394,161,16000,mid,305,5791,8.274949958,169,0.001695686467,p_lt_0.25,p_lt_0.25/mid,6676.133333,FALSE,dem_agl,reported,dem_agl,reported,5376.851755,5368.50273,1,1,259.1841261,16240855.37,16190457.84,8.088661394,17750,1,0,5.017478779,0,0,16686533.58,16647899.31,,TRUE
1446626,1966,1960,bc4364,52,15840,mid,305,5182,11.88146734,144,0.002459320116,p_lt_0.25,p_lt_0.25/mid,6676.133333,FALSE,dem_agl,reported,dem_agl,reported,4824.401353,4812.387062,1,1,127.810812,13074937.89,13009897.49,11.78820259,14077,1,0,8.143865217,0,0,13305336.32,13245342.41,,TRUE
1455936,1965,1960,bc4306,48,16000,mid,305,6096,9.535769992,144,0.001954051228,p_lt_0.25,p_lt_0.25/mid,6676.133333,FALSE,dem_agl,reported,dem_agl,reported,4480.847634,4471.442777,1,1,309.3617026,11279065.7,11231768.1,9.359600474,12317,1,0,5.288500864,0,0,11509866.28,11457586.1,,TRUE
1460235,1965,1960,bc4321,51,15840,mid,305,5486,10.98054397,156,0.002272839868,p_lt_0.25,p_lt_0.25/mid,6676.133333,FALSE,dem_agl,reported,dem_agl,reported,5242.281029,5231.416628,1,1,55.27583466,15438082.99,15374159.78,10.9003116,17022,1,0,6.595304095,0,0,15369542.14,15303648.42,,TRUE
1475819,1963,1960,bc4194,40,16000,mid,305,5791,6.290956155,156,0.00128913036,p_lt_0.25,p_lt_0.25/mid,6676.133333,TRUE,dem_agl,reported,dem_agl,reported,3723.685149,3718.073625,1,1,239.2653144,7789304.449,7765845.466,5.845110987,8592,0.2366154562,0.5581936685,2.361017971,0,0,7749989.696,7724903.396,7724903.396,TRUE
1485159,1963,1960,bc4158,36,16000,mid,305,5791,11.84425158,156,0.002427100734,p_lt_0.25,p_lt_0.25/mid,6676.133333,FALSE,dem_agl,reported,dem_agl,reported,4870.529675,4858.622821,1,1,37.76858206,13326164.22,13261087.63,11.85882215,14288,1,0,2.666198841,0,0,13345582.99,13290424.07,,TRUE
1494974,1964,1960,bc4263,203,15840,mid,305,6096,0.001584747134,169,3.280235001e-07,p_lt_0.25,p_lt_0.25/mid,6676.133333,FALSE,dem_agl,reported,dem_agl,reported,3985.778799,3985.822404,1,1,132.9990663,8924402.698,8924597.967,-0.0419354937,9771,1,0,0.0001758967827,0,0,8732302.902,8732947.117,,TRUE
1504413,1964,1960,bc4227,194,15840,mid,305,6096,8.934204949,144,0.001849272427,p_lt_0.25,p_lt_0.25/mid,6676.133333,FALSE,dem_agl,reported,dem_agl,reported,4110.953152,4101.619223,1,1,269.4418452,9493750.82,9450688.595,8.955957468,10463,0.9082481124,0.03354678391,3.043686292,0,0,9963346.19,9927525.627,,TRUE
1517564,2003,2000,bcc03063,42,30000,mid,153,5944,5.751540836,506,0.001253059006,p_lt_0.25,p_lt_0.25/mid,6676.133333,FALSE,dem_agl,reported,dem_agl,reported,4182.390489,4177.333239,1,1,282.7855585,39049793.99,38955414.87,5.052165336,42357,1,0,2.794839896,0,0,39592290.99,39460440.87,,TRUE
1527457,2005,2000,bcc05110,67,20000,mid,305,8534,3.198080444,240,0.0005242754827,p_lt_0.25,p_lt_0.25/mid,6676.133333,FALSE,dem_agl,reported,dem_agl,reported,6677.496708,6674.12772,1,1,291.953018,25048408.57,25023139.68,3.312349112,27089,1,0,0.6728970425,0,0,25602355.63,25564393.65,,TRUE
1537379,2005,2000,bcc05016,53,20000,mid,305,7315,8.214996338,240,0.001346720711,p_lt_0.25,p_lt_0.25/mid,6676.133333,TRUE,dem_agl,reported,dem_agl,reported,6240.155253,6232.090082,1,1,93.48417262,21874773.42,21818265.28,8.16768098,24283,1,0,10.26504241,0,0,21647108.16,21588918.68,21588918.68,TRUE
1567568,2006,2000,bcc06013,205,30000,mid,153,5075,9.934667461,529,0.002164415569,p_lt_0.25,p_lt_0.25/mid,6676.133333,FALSE,dem_agl,reported,dem_agl,reported,4650.903944,4640.634995,1,1,13.54289772,48288568.44,48075566.66,10.2617427,50926,1,0,12.71381762,0,0,48309061.06,48105350.34,,TRUE
1571751,2006,2000,bcc06146,126,20000,mid,305,8382,5.595174154,240,0.0009172416645,p_lt_0.25,p_lt_0.25/mid,6676.133333,FALSE,dem_agl,reported,dem_agl,reported,6682.955254,6677.084764,1,1,294.4128665,25089377.15,25045318.12,5.894042424,27091,1,0,4.048603455,0,0,25173046.45,25128339.31,,TRUE
1573500,2006,2000,bcc06042,138,20000,mid,305,7468,5.629880778,240,0.0009229312751,p_lt_0.25,p_lt_0.25/mid,6676.133333,FALSE,dem_agl,reported,dem_agl,reported,6689.048919,6683.579616,1,1,48.09346224,25135152.1,25094065.37,5.52666075,26719,1,0,6.973328579,0,0,24876171.04,24835431.11,,TRUE
1584274,2006,2000,bcc06039,102,20000,mid,305,7468,7.1382459,240,0.001170204246,p_lt_0.25,p_lt_0.25/mid,6676.133333,FALSE,dem_agl,reported,dem_agl,reported,6116.118639,6107.831075,1,1,310.4164714,21013799.09,20956888.75,8.566468701,22502,0.6384765799,0.2693093947,4.799450237,0,0,20320203.3,20286602.87,,TRUE
1603285,2007,2000,bcc07050,205,20000,mid,153,4267,6.019645691,240,0.001967204474,p_lt_0.25,p_lt_0.25/mid,6676.133333,FALSE,dem_agl,reported,dem_agl,reported,3414.682704,3408.583068,1,1,72.76901299,26029768.16,25936857.46,6.152761268,27958,1,0,2.335674859,0,0,25872554.57,25774715.4,,TRUE
1612204,2006,2000,bcc06017,96,20000,mid,153,3634,3.494586436,240,0.001142021711,p_lt_0.25,p_lt_0.25/mid,6676.133333,FALSE,dem_agl,reported,dem_agl,reported,3123.182734,3119.907161,1,1,8.696827242,21775311.71,21729660.06,3.271614991,22867,1,0,0.6360889841,0,0,21802357.99,21756596.63,,TRUE
1623648,2010,2010,bcc10011,105,20000,mid,153,4359,5.602629666,225,0.001830924727,p_lt_0.25,p_lt_0.25/mid,6676.133333,FALSE,dem_agl,reported,dem_agl,reported,3185.484854,3179.702412,1,1,15.95685483,22652736.82,22570570.84,5.767971019,24722,0,1,2.524869406,0,0,22696976.26,22618367.11,,TRUE
2006053,2009,2000,bcc09024,149,20000,mid,153,4408,5.986314646,240,0.001956311976,p_lt_0.25,p_lt_0.25/mid,6676.133333,FALSE,dem_agl,reported,dem_agl,reported,3238.863278,3232.640803,1,1,101.9671384,23418270.68,23328375.18,6.355321126,25361,1,0,3.072398399,0,0,23145977.84,23029235.11,,TRUE
