"film_roll","first_frame","last_frame","n_frames","bearing","segment","status","refused","rotation","decisive","margin","pairs","score_0","score_90","score_180","score_270","warnings"
"bc4157",1,80,80,177.705670723847,"1:16000 / 5791","thumbnails_unavailable",,,FALSE,,0,,,,,0
"bc4157",81,124,44,86.9593960366793,"1:16000 / 5791","thumbnails_unavailable",,,FALSE,,0,,,,,0
"bc4157",125,165,41,266.906922875708,"1:16000 / 5791","thumbnails_unavailable",,,FALSE,,0,,,,,0
"bc4157",178,203,26,86.4831185740894,"1:16000 / 5791","thumbnails_unavailable",,,FALSE,,0,,,,,0
"bc4157",166,176,11,87.515982078594,"1:16000 / 5791","thumbnails_unavailable",,,FALSE,,0,,,,,0
"bc4174",53,91,39,264.649196953767,"1:16000 / 5791","thumbnails_unavailable",,,FALSE,,0,,,,,0
"bc4174",25,52,28,84.0826004435968,"1:16000 / 5791","thumbnails_unavailable",,,FALSE,,0,,,,,0
"bc4174",1,24,24,178.47136904778,"1:16000 / 5791","thumbnails_unavailable",,,FALSE,,0,,,,,0
"bc4196",109,146,38,84.412137539477,"1:16000 / 5791","thumbnails_unavailable",,,FALSE,,0,,,,,0
"bc4196",1,37,37,264.17657374841,"1:16000 / 5791","thumbnails_unavailable",,,FALSE,,0,,,,,0
"bc4196",73,108,36,264.494156039972,"1:16000 / 5791","thumbnails_unavailable",,,FALSE,,0,,,,,0
"bc4196",38,72,35,84.4995253815088,"1:16000 / 5791","thumbnails_unavailable",,,FALSE,,0,,,,,0
"bc4200",42,133,92,357.059870687069,"1:16000 / mixed","thumbnails_unavailable",,,FALSE,,0,,,,,0
"bc4200",153,201,49,176.856611831483,"1:16000 / mixed","thumbnails_unavailable",,,FALSE,,0,,,,,0
"bc4200",1,41,41,177.878052446121,"1:16000 / mixed","thumbnails_unavailable",,,FALSE,,0,,,,,0
"bc4200",134,152,19,176.268603067176,"1:16000 / 5852","thumbnails_unavailable",,,FALSE,,0,,,,,0
"bc4202",24,83,60,357.138278523017,"1:16000 / mixed","thumbnails_unavailable",,,FALSE,,0,,,,,0
"bc4202",1,23,23,175.831507688592,"1:16000 / mixed","thumbnails_unavailable",,,FALSE,,0,,,,,0
"bc4202",84,101,18,357.971810792957,"1:16000 / mixed","thumbnails_unavailable",,,FALSE,,0,,,,,0
"bc4218",9,53,45,101.117121847038,"1:15840 / 5486","scored","",270,TRUE,0.386095203357043,10,0.0383811266143123,0.236531675650778,0.0579679870220905,0.622626879007821,0
"bc4218",54,82,29,279.877740584154,"1:15840 / 5486","scored","",270,TRUE,0.403588800729185,10,0.0468682455604521,0.291248211827531,0.0282335840209439,0.694837012556716,0
"bc4218",1,8,8,278.716368384965,"1:15840 / 5486","scored","",270,TRUE,0.441325400246313,7,-0.0114406574759585,0.219265229789713,0.0665658521190299,0.660590630036026,0
"bc4234",213,268,56,261.665886312247,"1:15840 / 6096","scored","",270,TRUE,0.383402796708516,10,0.130245363216325,0.248777439016711,-0.102602471707833,0.632180235725226,0
"bc4234",106,159,54,261.357502882878,"1:15840 / 6096","scored","",270,TRUE,0.277612326452166,10,0.445930137556362,0.48251118983313,0.44669804288567,0.760123516285297,0
"bc4234",1,53,53,261.252303125691,"1:15840 / 6096","scored","",270,TRUE,0.386861785746122,10,0.212696183921928,0.224395592459434,0.220394114326615,0.611257378205556,0
"bc4234",160,212,53,81.7874632207382,"1:15840 / 6096","scored","",270,TRUE,0.290030708871578,10,0.12120666975994,0.337965916254688,0.121477188715017,0.627996625126265,0
"bc4234",54,105,52,81.5855967691633,"1:15840 / 6096","scored","",270,TRUE,0.334245124660984,10,0.200263714486491,0.174276761578582,0.127258486071995,0.534508839147474,0
"bc4261",142,215,74,90.8684285884822,"1:15840 / 5791","scored","",270,TRUE,0.114255264199038,10,0.33010561030477,0.48270716891899,0.342264911903758,0.596962433118028,0
"bc4261",216,252,37,89.6991626224705,"1:15840 / 5791","scored","",270,TRUE,0.120244626863761,10,0.216591637293654,0.450556272254007,0.215293729964396,0.570800899117768,0
"bc4261",113,141,29,271.338543007817,"1:15840 / 5791","scored","",270,TRUE,0.189890448712041,10,0.34964946976826,0.279737352995386,0.334115178512086,0.539539918480301,0
"bc4261",82,107,26,90.5881918090701,"1:15840 / 5791","scored","",270,FALSE,0.0330314540349949,10,0.44729307071428,0.236973577377235,0.424806598781653,0.480324524749275,0
"bc4261",57,81,25,270.525251203472,"1:15840 / 5791","scored","",270,FALSE,0.0425278631052388,10,0.439868952859833,0.371946388509392,0.517710798400348,0.560238661505587,0
"bc4261",40,56,17,91.0122940325332,"1:15840 / 5791","scored","",270,FALSE,0.071109714048634,10,0.383580339718611,0.409132465343799,0.513938196723481,0.585047910772115,0
"bc4261",26,39,14,271.088012787126,"1:15840 / 5791","not_scored",,,FALSE,,0,,,,,0
"bc4261",1,13,13,270.438626832454,"1:15840 / 5791","not_scored",,,FALSE,,0,,,,,0
"bc4261",14,25,12,91.5618232282673,"1:15840 / 5791","not_scored",,,FALSE,,0,,,,,0
"bc5079",119,151,33,1.9366077559819,"1:32000 / mixed","thumbnails_unavailable",,,FALSE,,0,,,,,0
"bc5079",152,182,31,181.859384962178,"1:32000 / mixed","thumbnails_unavailable",,,FALSE,,0,,,,,0
"bc5079",50,77,28,358.96810659443,"1:32000 / 5791","thumbnails_unavailable",,,FALSE,,0,,,,,0
"bc5079",183,209,27,1.96246229986288,"1:32000 / 5791","thumbnails_unavailable",,,FALSE,,0,,,,,0
"bc5079",24,49,26,178.880299115919,"1:32000 / 5791","thumbnails_unavailable",,,FALSE,,0,,,,,0
"bc5079",81,93,13,178.981522520583,"1:32000 / 5791","thumbnails_unavailable",,,FALSE,,0,,,,,0
"bc5079",93,100,8,178.497254103449,"1:32000 / 5791","not_scored",,,FALSE,,0,,,,,0
"bc5082",205,256,52,89.1946594085528,"1:32000 / mixed","thumbnails_unavailable",,,FALSE,,0,,,,,0
"bc5082",156,204,49,90.9682746882213,"1:32000 / 6096","thumbnails_unavailable",,,FALSE,,0,,,,,0
"bc5082",1,33,33,268.911494663968,"1:32000 / 6096","thumbnails_unavailable",,,FALSE,,0,,,,,0
"bc5082",43,68,26,270.22866668231,"1:32000 / 6096","thumbnails_unavailable",,,FALSE,,0,,,,,0
"bc5082",68,92,25,271.637557068107,"1:32000 / 6096","thumbnails_unavailable",,,FALSE,,0,,,,,0
"bc5082",33,43,11,271.031120071004,"1:32000 / 6096","thumbnails_unavailable",,,FALSE,,0,,,,,0
"bc5104",58,105,48,294.743142139024,"1:31680 / 6096","thumbnails_unavailable",,,FALSE,,0,,,,,0
"bc5104",147,193,47,294.732682805759,"1:31680 / 6096","thumbnails_unavailable",,,FALSE,,0,,,,,0
"bc5104",15,57,43,115.300333997036,"1:31680 / 6096","thumbnails_unavailable",,,FALSE,,0,,,,,0
"bc5104",194,235,42,115.095332658955,"1:31680 / 6096","thumbnails_unavailable",,,FALSE,,0,,,,,0
"bc5104",106,146,41,115.564786589791,"1:31680 / 6096","thumbnails_unavailable",,,FALSE,,0,,,,,0
"bc5104",236,273,38,294.796044405332,"1:31680 / 6096","thumbnails_unavailable",,,FALSE,,0,,,,,0
"bc5104",1,14,14,293.988932569121,"1:31680 / 6096","not_scored",,,FALSE,,0,,,,,0
"bc5106",160,209,50,114.74342662546,"1:31680 / 6096","thumbnails_unavailable",,,FALSE,,0,,,,,0
"bc5106",1,49,49,114.455486769749,"1:31680 / 6096","thumbnails_unavailable",,,FALSE,,0,,,,,0
"bc5106",111,159,49,295.305329506117,"1:31680 / 6096","thumbnails_unavailable",,,FALSE,,0,,,,,0
"bc5106",210,242,33,115.330792620907,"1:31680 / 6096","thumbnails_unavailable",,,FALSE,,0,,,,,0
"bc5106",81,110,30,294.445238058284,"1:31680 / 6096","thumbnails_unavailable",,,FALSE,,0,,,,,0
"bc5106",50,65,16,115.670104464175,"1:31680 / 6096","thumbnails_unavailable",,,FALSE,,0,,,,,0
"bc5106",66,80,15,115.873956386263,"1:31680 / 6096","not_scored",,,FALSE,,0,,,,,0
"bc5137",32,65,34,1.62193178182927,"1:31860 / 5486","scored","",270,FALSE,0.0983441212051077,10,0.0484820232504758,0.415978422452416,0.0676628165183422,0.514322543657524,0
"bc5137",66,99,34,181.2711346178,"1:31860 / 5486","scored","",270,FALSE,0.134251188279725,10,0.00817673111687341,0.407287746085967,-0.0150442723481067,0.541538934365692,0
"bc5137",131,162,32,181.439700575213,"1:31860 / 5486","scored","",270,FALSE,0.157152712752442,10,0.119048656780207,0.281532336454886,0.135544957885771,0.438685049207328,0
"bc5137",163,194,32,0.842674974634174,"1:31860 / 5486","scored","",270,FALSE,0.0781708618972758,10,0.262199656199726,0.389684938652725,0.249545023482709,0.467855800550001,0
"bc5137",100,130,31,1.10407229355201,"1:31860 / 5486","scored","",270,FALSE,0.0916028668810557,10,-0.0313406184821014,0.268010623567253,-0.09381136464576,0.359613490448309,0
"bc5137",195,225,31,180.764122546573,"1:31860 / 5486","scored","",270,FALSE,0.193440745091598,10,0.0483062793465057,0.378535891477173,0.0261680903792552,0.571976636568771,0
"bc5137",226,256,31,0.853123975569173,"1:31860 / 5486","not_scored",,,FALSE,,0,,,,,0
"bc5137",1,26,26,180.355414959774,"1:31860 / 5486","not_scored",,,FALSE,,0,,,,,0
"bc5270",185,229,45,356.520608929992,"1:32000 / 6096","scored","",0,TRUE,0.20048809293008,10,0.571264752326786,0.283931868765399,0.370776659396705,0.209851604517048,0
"bc5270",38,62,25,354.719168054689,"1:32000 / 5639","scored","",0,TRUE,0.21647627881325,10,0.512050284724717,0.0278775493816005,0.295574005911467,0.0374276499577694,0
"bc5270",63,87,25,174.549418682214,"1:32000 / 5639","scored","",0,TRUE,0.186036705711455,10,0.455327197266251,0.0647442109782585,0.269290491554796,0.0698517322615054,0
"bc5270",88,112,25,178.554132890743,"1:32000 / 6096","scored","",0,FALSE,0.077235824662831,10,0.452549487951603,0.112793210159369,0.375313663288772,0.132791636476003,0
"bc5270",127,147,21,176.312854386803,"1:32000 / 6096","scored","",0,FALSE,0.0347330657495591,10,0.479198811544294,0.444465745794735,0.402870867444595,0.438802789649046,0
"bc5270",148,168,21,356.283476654814,"1:32000 / 6096","scored","",0,TRUE,0.0804982182093499,10,0.568376791211985,0.412980843539875,0.487878573002635,0.395553919363601,0
"bc5270",1,20,20,356.227351973156,"1:32000 / 5639","not_scored",,,FALSE,,0,,,,,0
"bc5270",21,37,17,175.872883315272,"1:32000 / 5639","not_scored",,,FALSE,,0,,,,,0
"bc5270",261,276,16,176.509953149267,"1:32000 / 6096","not_scored",,,FALSE,,0,,,,,0
"bc5270",230,244,15,178.643962438418,"1:32000 / 6096","not_scored",,,FALSE,,0,,,,,0
"bc5270",113,126,14,358.296863547708,"1:32000 / 6096","not_scored",,,FALSE,,0,,,,,0
"bc5270",172,184,13,176.922645236947,"1:32000 / 6096","not_scored",,,FALSE,,0,,,,,0
"bc5270",250,260,11,357.737217054903,"1:32000 / 6096","not_scored",,,FALSE,,0,,,,,0
"bc5270",245,250,6,357.679706564071,"1:32000 / 6096","not_scored",,,FALSE,,0,,,,,0
"bc5282",79,103,25,309.544958585982,"1:12000 / 2438","scored","",0,TRUE,0.270655846385493,10,0.420893955499204,0.116403356724884,0.150238109113711,0.103063987591434,0
"bc5282",55,78,24,127.821788321128,"1:12000 / 2438","scored","",0,TRUE,0.290558985602453,10,0.459714835646565,0.157690930388595,0.151379183655078,0.169155850044112,0
"bc5282",150,173,24,138.994529008472,"1:12000 / 2438","scored","",0,FALSE,0.144659402298697,10,0.440275706172012,0.295616303873315,0.0108992707009104,0.225153083309556,0
"bc5282",104,126,23,169.864761206322,"1:12000 / 2438","scored","",0,TRUE,0.178325320395589,10,0.451517238457291,0.258316286514961,-0.0886587212212268,0.273191918061702,0
"bc5282",127,149,23,349.813772373837,"1:12000 / 2438","scored","",0,FALSE,0.0106968953525466,10,0.373280304918535,0.362583409565989,0.123113828619663,0.32402336966207,0
"bc5282",214,236,23,230.813590783659,"1:12000 / 2591","scored","",0,TRUE,0.156834202981372,10,0.435498177445581,0.234791905607176,0.278663974464209,0.240687204453028,0
"bc5282",1,22,22,308.638898790894,"1:12000 / 2438","not_scored",,,FALSE,,0,,,,,0
"bc5282",192,213,22,50.7475724632018,"1:12000 / 2591","not_scored",,,FALSE,,0,,,,,0
"bc5282",174,191,18,318.777063259906,"1:12000 / 2591","not_scored",,,FALSE,,0,,,,,0
"bc5282",23,38,16,167.521914038047,"1:12000 / 2438","not_scored",,,FALSE,,0,,,,,0
"bc5282",39,54,16,345.233867308804,"1:12000 / 2438","not_scored",,,FALSE,,0,,,,,0
"bc5618",186,244,59,95.1980926242976,"1:30000 / 6096","thumbnails_unavailable",,,FALSE,,0,,,,,0
"bc5618",130,185,56,275.687537946838,"1:30000 / 6096","thumbnails_unavailable",,,FALSE,,0,,,,,0
"bc5618",20,47,28,142.114287157998,"1:6000 / 1402","thumbnails_unavailable",,,FALSE,,0,,,,,0
"bc5618",88,112,25,141.816498655102,"1:9600 / 2286","thumbnails_unavailable",,,FALSE,,0,,,,,0
"bc5618",1,19,19,168.386812504731,"1:6000 / 1402","thumbnails_unavailable",,,FALSE,,0,,,,,0
"bc5618",48,64,17,145.629737454492,"1:6000 / 1402","thumbnails_unavailable",,,FALSE,,0,,,,,0
"bc5618",113,129,17,320.23598780114,"1:9600 / 2286","not_scored",,,FALSE,,0,,,,,0
"bc5618",245,260,16,274.993366201603,"1:30000 / 6096","not_scored",,,FALSE,,0,,,,,0
"bc5618",65,79,15,141.14787597191,"1:15000 / 3139","not_scored",,,FALSE,,0,,,,,0
"bc5650",138,173,36,126.575273856303,"1:20000 / 3109","scored","",0,FALSE,0.139865387373062,10,0.306433869149868,0.166568481776806,0.102513098150097,0.127145059164667,0
"bc5650",91,118,28,177.693414409825,"1:12500 / 2057","scored","",0,TRUE,0.259932021879906,10,0.545876952626126,0.00606498819447386,0.285944930746221,0.0119269993441979,0
"bc5650",23,46,24,268.14490320546,"1:6000 / 1859","scored","",0,FALSE,0.00764153783112773,10,0.0707583414864184,0.0261421848687085,0.0631168036552907,0.0473173204937281,0
"bc5650",67,90,24,357.713730305769,"1:12500 / 2057","scored","",0,FALSE,0.231932053561817,10,0.405994238904567,0.154620245697746,0.149456705427462,0.17406218534275,0
"bc5650",196,218,23,126.611024517592,"1:20000 / 3109","scored","",90,FALSE,0.0536819063722,10,0.0678807731667366,0.131329615041509,-0.124232053331281,0.0776477086693091,0
"bc5650",1,22,22,85.9643270365487,"1:6000 / 1859","scored","",270,FALSE,0.00530296268312344,10,0.0389715726483392,0.102863306694178,0.00143817849965973,0.108166269377301,0
"bc5650",174,195,22,306.546534240709,"1:20000 / 3109","not_scored",,,FALSE,,0,,,,,0
"bc5650",47,66,20,86.7754528230702,"1:6000 / 1859","not_scored",,,FALSE,,0,,,,,0
"bc5650",229,248,20,125.276678530782,"1:20000 / 3109","not_scored",,,FALSE,,0,,,,,0
"bc5650",119,137,19,358.079432168403,"1:12500 / 2057","not_scored",,,FALSE,,0,,,,,0
"bc5650",249,265,17,124.91375323047,"1:20000 / 3109","not_scored",,,FALSE,,0,,,,,0
"bc5650",219,228,10,304.938690025949,"1:20000 / 3109","not_scored",,,FALSE,,0,,,,,0
"bc5721",177,218,42,266.841156246406,"1:12000 / 2438","scored","",0,FALSE,0.0211941086813049,10,0.206035366102242,0.11259292420358,0.08529072838416,0.184841257420937,0
"bc5721",138,176,39,87.7583102660751,"1:12000 / 2286","scored","",270,FALSE,0.0164620970655682,10,0.189393469456439,0.197273207371391,0.0970416243739004,0.213735304436959,0
"bc5721",100,137,38,267.476312273162,"1:12000 / 1981","scored","",0,FALSE,0.165539490306116,10,0.258887020673899,0.0195336091452113,0.0933475303677827,0.026277017737284,0
"bc5721",1,34,34,2.32223432261992,"1:5000 / 1280","scored","",0,FALSE,0.145775097889834,10,0.39232851712657,0.23745350553352,0.246553419236737,0.202362611966551,0
"bc5721",35,68,34,183.05474204442,"1:5000 / 1280","scored","",0,FALSE,0.0468283922193078,10,0.298651845460593,0.251823453241285,0.12400902298098,0.202150830354988,0
"bc5721",69,99,31,87.5805087195556,"1:12000 / 1981","scored","",0,FALSE,0.0745956767100192,10,0.145226381813941,0.0706307051039222,0.0544695512964971,0.0051883728130154,0
"bc5721",219,242,24,87.7273091218482,"1:12000 / 2591","not_scored",,,FALSE,,0,,,,,0
"bc7012",83,170,88,312.022911321331,"1:15840 / 6096","scored","",270,TRUE,0.219954506872015,10,0.26261672834909,0.414609223930677,0.373834325816787,0.634563730802692,0
"bc7012",17,82,66,131.441074536348,"1:15840 / 6096","scored","",270,TRUE,0.380661267316926,10,0.168706118931229,0.236114661925689,0.147434325437045,0.616775929242615,0
"bc7012",198,222,25,131.787376911876,"1:15840 / 6096","scored","",270,TRUE,0.338336637791104,10,0.188454039962657,0.0102701061149058,0.0538692959235812,0.526790677753762,0
"bc7012",234,258,25,312.065147276923,"1:15840 / 6096","scored","",270,TRUE,0.369104345496422,10,0.209616115368328,0.175672671856972,0.251186480396149,0.620290825892572,0
"bc7012",170,190,21,312.675673885647,"1:15840 / 6096","scored","",270,TRUE,0.33733017635452,10,0.411242740075331,0.419704278758268,0.275702760395758,0.757034455112789,0
"bc7012",1,17,17,130.96654310419,"1:15840 / 6096","scored","",270,TRUE,0.283774214101007,10,0.0872778537596009,0.0176381577979813,-0.0193875559957415,0.371052067860608,0
"bc7012",190,197,8,308.295581081556,"1:15840 / 6096","not_scored",,,FALSE,,0,,,,,0
"bc7012",223,229,7,134.605771942742,"1:15840 / 6096","not_scored",,,FALSE,,0,,,,,0
"bc7049",27,123,97,357.058922149339,"1:15840 / 5334","scored","",270,TRUE,0.278944291569557,10,0.0872804969146885,0.112641579525339,0.0771635525313205,0.391585871094896,0
"bc7049",125,196,72,356.755396584224,"1:15840 / 5334","scored","",270,TRUE,0.203303667069641,10,0.0900386331447595,0.260023686462408,0.0836256255017497,0.463327353532049,0
"bc7049",228,269,42,176.456942820014,"1:15840 / 5334","scored","",270,TRUE,0.337986287436707,10,0.157313783633111,0.210220651520237,0.18317758124729,0.548206938956944,0
"bc7049",197,227,31,356.491047978066,"1:15840 / 5334","scored","",270,TRUE,0.267413814885351,10,0.212800300158849,0.191180267688282,0.229956159189545,0.497369974074896,0
"bc7049",1,26,26,177.095220611895,"1:15840 / 5334","scored","",270,TRUE,0.275198382892944,10,0.151484905785869,0.219835621073794,0.163268107925662,0.495034003966738,0
"bc7332",190,235,46,269.172852307021,"1:16000 / 6096","thumbnails_unavailable",,,FALSE,,0,,,,,0
"bc7332",146,189,44,88.4916204345099,"1:16000 / 6096","thumbnails_unavailable",,,FALSE,,0,,,,,0
"bc7332",23,65,43,268.410376765907,"1:16000 / 6096","thumbnails_unavailable",,,FALSE,,0,,,,,0
"bc7332",66,102,37,88.4997732794016,"1:16000 / 6096","thumbnails_unavailable",,,FALSE,,0,,,,,0
"bc7332",236,267,32,88.3070721424776,"1:16000 / 6096","thumbnails_unavailable",,,FALSE,,0,,,,,0
"bc7332",118,145,28,268.621504269242,"1:16000 / 6096","thumbnails_unavailable",,,FALSE,,0,,,,,0
"bc7332",103,117,15,269.041421723887,"1:16000 / 6096","not_scored",,,FALSE,,0,,,,,0
"bc7332",268,282,15,88.9941195809356,"1:16000 / 6096","not_scored",,,FALSE,,0,,,,,0
"bc7397",31,46,16,267.271747709335,"1:16000 / 5943","scored","",90,FALSE,0.190436265864382,10,0.134955162387124,0.437923163998794,0.247486898134412,0.128090877560042,0
"bc7397",1,15,15,87.3667989543866,"1:16000 / 5943","scored","",90,FALSE,0.166500819612199,10,0.0191898727768892,0.442098827098126,0.0271361914890958,0.275598007485926,0
"bc7397",47,61,15,87.5630844941812,"1:16000 / 5943","scored","",90,FALSE,0.136672516608115,10,0.265104643192396,0.40177715980051,0.248456961822549,0.25726190053043,0
"bc7397",70,83,14,266.843957307912,"1:16000 / 5943","scored","",90,FALSE,0.111817596991401,10,0.158262894789883,0.449372287843711,0.130990538018756,0.33755469085231,0
"bc7397",99,111,13,266.637102212522,"1:16000 / 5943","scored","",90,FALSE,0.133240733385756,10,0.145499420686031,0.322581888549427,0.189341155163671,0.162941555571381,0
"bc7397",112,121,10,87.2499799941209,"1:16000 / 5943","scored","",90,TRUE,0.108063312174877,9,0.378154176109794,0.486217488284671,0.361883642294467,0.339770448054428,0
"bc7397",122,130,9,266.891836249812,"1:16000 / 5943","not_scored",,,FALSE,,0,,,,,0
"bc7397",84,91,8,86.7822345596426,"1:16000 / 5943","not_scored",,,FALSE,,0,,,,,0
"bc7581",1,99,99,84.0024731163332,"1:16000 / 6096","scored","",90,TRUE,0.212404889928588,10,0.174339579767225,0.478109717744738,0.160900835415624,0.26570482781615,0
"bc7581",100,196,97,264.771050608814,"1:16000 / 6096","scored","",90,TRUE,0.164293046406372,10,0.224326568105706,0.510713939243759,0.169175066296162,0.346420892837387,0
"bc7581",197,292,96,84.1698459874193,"1:16000 / 6096","scored","",90,FALSE,0.116295933896047,10,0.199818719440577,0.477250196407944,0.123521605760342,0.360954262511896,0
"bc7616",31,72,42,86.9006807167709,"1:16000 / 5943","scored","",90,FALSE,0.0369096382209235,10,0.237236225452589,0.274145863673513,0.220312550309595,0.142210501949272,0
"bc7616",148,187,40,88.6770571452396,"1:16000 / 5943","scored","",90,TRUE,0.482656741561934,10,-0.134609174485258,0.592635504740728,0.109978763178794,0.0587835041804649,0
"bc7616",106,142,37,269.638525410677,"1:16000 / 5943","scored","",90,TRUE,0.147730651469782,10,0.487714782507923,0.818936152668282,0.442605056701117,0.6712055011985,0
"bc7616",73,105,33,86.8051594016131,"1:16000 / 5943","scored","",90,TRUE,0.348595098548749,10,0.179634722011911,0.528229820560659,0.172456346350031,0.118298512845245,0
"bc7616",1,30,30,267.16638593461,"1:16000 / 5943","scored","",90,FALSE,0.0921872213784867,10,0.468711609614672,0.576701048771001,0.484513827392515,0.453440172914939,0
"bc7616",224,248,25,268.267489194403,"1:16000 / 6096","scored","",90,TRUE,0.27510299964637,10,0.466398284115707,0.741501283762077,0.42406155229757,0.379506542539482,0
"bc7616",249,271,23,92.1162714605858,"1:16000 / 6096","not_scored",,,FALSE,,0,,,,,0
"bc7616",202,223,22,88.6023595763905,"1:16000 / 6096","not_scored",,,FALSE,,0,,,,,0
"bc7616",189,201,13,272.40607236159,"1:16000 / 6096","not_scored",,,FALSE,,0,,,,,0
"bc7680",1,42,42,87.9325150965655,"1:16000 / 6096","scored","",90,TRUE,0.136335848560435,10,0.294877069985168,0.476094268081997,0.339758419521562,0.328898492663601,0
"bc7680",99,135,37,320.933457166427,"1:15000 / 6096","scored","",90,FALSE,0.0924254176108596,10,0.314040648381136,0.406466065991995,0.274946379391297,0.277936955528006,0
"bc7680",136,165,30,140.900237170111,"1:15000 / 6096","scored","",90,TRUE,0.0891289212717149,10,0.212079451648656,0.589482002058423,0.245802121821848,0.500353080786708,0
"bc7680",166,194,29,321.848360582799,"1:15000 / 6096","scored","",90,TRUE,0.15396314942341,10,0.293126018089211,0.465775418311924,0.246617509245434,0.311812268888514,0
"bc7680",72,98,27,142.097388582199,"1:15000 / 6096","scored","",90,TRUE,0.21016193987889,10,0.188712760261847,0.477503059966121,0.247662695525921,0.267341120087231,0
"bc7680",195,220,26,140.911476944923,"1:15000 / 6096","scored","",90,TRUE,0.177204800431625,10,0.206590262998575,0.539075513532393,0.361870713100768,0.318960104510311,0
"bc7680",221,246,26,321.705547660689,"1:15000 / 6096","not_scored",,,FALSE,,0,,,,,0
"bc7680",54,71,18,319.418072560186,"1:15000 / 6096","not_scored",,,FALSE,,0,,,,,0
"bc7680",43,53,11,323.184973716341,"1:15000 / 6096","not_scored",,,FALSE,,0,,,,,0
"bc78100",1,34,34,91.1519213205136,"1:40000 / 7925","scored","",90,TRUE,0.697412354776864,10,0.00782172624628164,0.705234081023145,-0.0900558994105033,-0.0878669250282691,0
"bc78100",35,68,34,271.133865355127,"1:40000 / 7925","scored","",90,TRUE,0.511375774528165,10,-0.0237815648020127,0.569077907731964,0.0577021332037984,-0.0294960398346947,0
"bc78100",69,100,32,91.4596913325669,"1:40000 / 7925","scored","",90,TRUE,0.532274804460039,10,0.0275720231244978,0.559846827584537,-0.0235345575682916,0.00911175511604966,0
"bc78100",101,121,21,85.6260336360945,"1:40000 / 7772","scored","",90,FALSE,0.152517059995104,10,0.217518555628915,0.370035615624019,0.20071841201509,0.168003062838977,0
"bc78100",122,142,21,266.614435125169,"1:40000 / 7772","scored","",90,FALSE,0.149126895427497,10,0.277518322502305,0.442668065195816,0.293541169768319,0.209778935547053,0
"bc78100",183,203,21,86.3416397818248,"1:40000 / 7772","scored","",90,FALSE,0.141156066297703,10,0.245448734617375,0.386604800915078,0.190599857007928,0.121124944108546,0
"bc78100",143,162,20,85.6252603596219,"1:40000 / 7772","not_scored",,,FALSE,,0,,,,,0
"bc78100",163,182,20,266.500042246824,"1:40000 / 7772","not_scored",,,FALSE,,0,,,,,0
"bc78100",204,223,20,266.332510973415,"1:40000 / 7772","not_scored",,,FALSE,,0,,,,,0
"bc78100",224,243,20,87.177581843928,"1:40000 / 7772","not_scored",,,FALSE,,0,,,,,0
"bc7896",303,321,19,161.248214097411,"1:20000 / 6553","scored","",90,TRUE,0.173498172229588,10,0.304125564982015,0.502472870884702,0.272030814147793,0.328974698655114,0
"bc7896",285,302,18,337.514781603084,"1:20000 / 6553","scored","",90,TRUE,0.198471312897692,10,0.207518103585235,0.474747398414661,0.169508917054457,0.276276085516968,0
"bc7896",246,258,13,118.101512484806,"1:20000 / 6858","scored","",90,TRUE,0.194448667546148,10,0.245860036652186,0.497644926005467,0.226033008442143,0.303196258459318,0
"bc7896",228,237,10,301.885113882048,"1:20000 / 6858","scored","",90,TRUE,0.197992794905753,9,0.258359239006932,0.552284055730838,0.272652586192463,0.354291260825085,0
"bc7896",219,227,9,123.600298605615,"1:20000 / 6858","scored","",90,TRUE,0.161993170030616,8,0.140107791306806,0.556536320566768,0.131833198990915,0.394543150536152,0
"bc7896",267,275,9,50.6503441865897,"1:20000 / 6553","scored","",90,TRUE,0.186075302483463,8,0.399389072867351,0.6173774656794,0.281961525627235,0.431302163195936,0
"bc7896",276,284,9,228.76555771728,"1:20000 / 6553","not_scored",,,FALSE,,0,,,,,0
"bc7896",238,245,8,298.983219309879,"1:20000 / 6858","not_scored",,,FALSE,,0,,,,,0
"bc7896",259,266,8,206.872807770142,"1:20000 / 6858","not_scored",,,FALSE,,0,,,,,0
"bc81028",42,87,46,267.776764510679,"1:20000 / 7315","scored","",90,FALSE,0.0416166635773818,10,0.210661845260014,0.252278508837396,0.186966899416068,0.0799180242478497,0
"bc81028",88,133,46,87.4749162169681,"1:20000 / 7315","scored","",90,FALSE,0.0126098605834043,10,0.383593344051614,0.494301594941512,0.37266342427296,0.481691734358108,0
"bc81028",1,41,41,87.576243038881,"1:20000 / 7315","scored","",90,FALSE,0.00695090427560352,10,0.421045074635444,0.528049799663151,0.447757480336054,0.521098895387547,0
"bc81028",134,172,39,87.6401625504693,"1:20000 / 7315","scored","",90,FALSE,0.0170545626810437,10,0.512498472595393,0.604179027052738,0.552415565629742,0.587124464371695,0
"bc81028",182,217,36,255.374433917034,"1:5000 / 2103","scored","",90,TRUE,0.168180062303211,10,0.0462970814416746,0.528034617904727,0.0667334643548082,0.359854555601516,0
"bc81028",243,263,21,17.4518854814599,"1:5000 / 2103","scored","",90,TRUE,0.214659685882641,10,-0.0904630582658052,0.52860774614273,-0.130108890322721,0.313948060260088,0
"bc81028",227,242,16,232.769984442666,"1:5000 / 2103","not_scored",,,FALSE,,0,,,,,0
"bc81028",173,181,9,185.258115867266,"1:5000 / 2103","not_scored",,,FALSE,,0,,,,,0
"bc81028",218,226,9,91.2902249273828,"1:5000 / 2103","not_scored",,,FALSE,,0,,,,,0
"bc81060",179,250,72,266.210664690076,"1:20000 / 7468","scored","",90,FALSE,0.0452437970526551,10,0.448837055278072,0.494080852330727,0.380155443798318,0.25533308978428,0
"bc81060",91,137,47,86.4674852508265,"1:20000 / 7468","scored","",90,FALSE,0.111916643081691,10,0.364021280622689,0.47593792370438,0.287488630696579,0.103246762606935,0
"bc81060",138,178,41,84.3496923314359,"1:20000 / 7468","scored","",90,FALSE,0.000987223527774361,10,0.310346993736536,0.31133421726431,0.302525673358799,0.228761981828762,0
"bc81060",59,90,32,86.2540592118179,"1:20000 / 7163","scored","",180,FALSE,0.0105835652596097,10,0.370410086792131,0.351208242868481,0.380993652051741,0.227454774601522,0
"bc81060",29,58,30,266.691611125113,"1:20000 / 7163","scored","",90,FALSE,0.106386034979626,10,0.324248968677745,0.455004928181916,0.348618893202289,0.271155913927094,0
"bc81060",4,28,25,88.4845824592088,"1:20000 / 7163","scored","",90,FALSE,0.0408872006152093,10,0.368595220320091,0.4094824209353,0.341837415249908,0.223028892478854,0
"bc83045",29,66,38,330.397209114996,"1:8000 / 1737","scored","",90,TRUE,0.206387748091891,10,0.246038515017182,0.547655623977251,0.34126787588536,0.159544073826104,0
"bc83045",67,102,36,149.133638056876,"1:8000 / 1737","scored","",90,TRUE,0.360302539776761,10,0.167068540542747,0.593915239322167,0.110782002302682,0.233612699545406,0
"bc83045",1,28,28,150.166320662051,"1:8000 / 1737","scored","",90,TRUE,0.301304532041042,10,0.177480610879021,0.583162107014739,0.223358185533613,0.281857574973696,0
"bc83045",103,121,19,331.08426497922,"1:8000 / 1737","scored","",90,TRUE,0.286677884736818,10,0.0620569438348098,0.504938884910186,0.0777926197582377,0.218261000173368,0
"bc83045",122,135,14,89.6929329027189,"1:18000 / 3536","scored","",90,FALSE,0.0698919107151928,10,0.359042803874703,0.505934438038602,0.34482144553196,0.436042527323409,0
"bc83045",148,160,13,267.198238447816,"1:18000 / 3658","scored","",90,TRUE,0.0994878304862904,10,0.393979643123306,0.637906938063356,0.450038696341436,0.538419107577065,0
"bc83045",136,147,12,262.765859381397,"1:18000 / 3505","not_scored",,,FALSE,,0,,,,,0
"bc83062",63,98,36,150.260364275563,"1:8000 / 1737","scored","",90,FALSE,0.194784200679562,10,0.216401518903805,0.44310604826941,0.248321847589847,0.113716800325389,0
"bc83062",118,141,24,72.872905211182,"1:8000 / 1829","scored","",90,TRUE,0.240926345391663,10,0.173032341004795,0.413958686396458,0.126903795125011,0.025233028642618,0
"bc83062",41,62,22,91.901652357849,"1:18000 / 3353","scored","",90,TRUE,0.221834005217105,10,0.466685260244768,0.729337065058747,0.507503059841642,0.45324638957364,0
"bc83062",142,163,22,251.305490029983,"1:8000 / 1829","scored","",90,FALSE,0.0424337939838127,10,0.187367188983298,0.22980098296711,0.184337382410083,-0.0365443468953094,0
"bc83062",1,20,20,89.3383585866943,"1:18000 / 3353","scored","",90,TRUE,0.193816514035518,10,0.402894188169714,0.596710702205232,0.378662090358089,0.291012996006668,0
"bc83062",21,40,20,271.877621787195,"1:18000 / 3353","scored","",90,TRUE,0.1889576311374,10,0.308517982795147,0.599756424849446,0.410798793712047,0.212366723284141,0
"bc83062",99,115,17,153.352721305332,"1:8000 / 1737","not_scored",,,FALSE,,0,,,,,0
"bc83062",223,239,17,243.776527668092,"1:16000 / 3200","not_scored",,,FALSE,,0,,,,,0
"bc83062",240,255,16,62.4494063419929,"1:16000 / 3200","not_scored",,,FALSE,,0,,,,,0
"bc83062",170,183,14,72.2914227098378,"1:8000 / 1829","not_scored",,,FALSE,,0,,,,,0
"bc83062",256,268,13,241.44882231237,"1:16000 / 3200","not_scored",,,FALSE,,0,,,,,0
"bc83062",190,201,12,252.614798590448,"1:8000 / 1829","not_scored",,,FALSE,,0,,,,,0
"bc83062",202,212,11,74.1452392413287,"1:8000 / 1829","not_scored",,,FALSE,,0,,,,,0
"bc83062",213,222,10,62.4762183907035,"1:16000 / 3200","not_scored",,,FALSE,,0,,,,,0
"bc83062",164,170,7,73.6335483548069,"1:8000 / 1829","not_scored",,,FALSE,,0,,,,,0
"bc83062",184,190,7,246.839101775629,"1:8000 / 1829","not_scored",,,FALSE,,0,,,,,0
"bc84032",204,215,12,341.42307431891,"1:8000 / 1829","scored","",90,TRUE,0.30387625676759,10,0.207932125789016,0.511808382556606,0.142723667240707,0.159280953252677,0
"bc84032",235,246,12,139.482200739686,"1:16000 / 1981","scored","",90,FALSE,0.263477241017479,10,0.0811402898748192,0.483855391661722,0.130633292266836,0.220378150644243,0
"bc84032",247,257,11,320.397617144986,"1:16000 / 1981","scored","",90,FALSE,0.156348839748487,10,0.28503998634251,0.497667197059004,0.341318357310517,0.221713271194385,0
"bc84032",216,224,9,52.7110999338059,"1:8000 / 1829","scored","",90,TRUE,0.161631503619487,8,0.37306145180866,0.534692955428146,0.33676511246623,0.231900162160511,0
"bc84032",225,230,6,232.04248425196,"1:8000 / 1829","scored","",90,TRUE,0.108715554495584,5,0.386655038177356,0.617197230801045,0.380747341978731,0.508481676305461,0
"bc86015",35,55,21,197.223478636787,"1:20000 / 7163","scored","",90,TRUE,0.275053378151322,10,0.102281191895428,0.507709920213109,0.141568999579738,0.232656542061786,0
"bc86015",68,87,20,332.608480746556,"1:20000 / 7163","scored","",90,TRUE,0.208264159032064,10,0.268162183296475,0.476426342328539,0.261734505500358,0.217767971079935,0
"bc86015",1,17,17,15.4150520613041,"1:20000 / 7163","scored","",90,TRUE,0.18801667240557,10,0.201368207346407,0.556183842835088,0.181956125126517,0.368167170429519,0
"bc86015",88,103,16,152.635962635661,"1:20000 / 7163","scored","",90,TRUE,0.15042722449405,10,0.402325573971135,0.559997111279369,0.409569886785318,0.212080765189146,0
"bc86015",133,147,15,4.10281744831431,"1:20000 / 7163","scored","",90,FALSE,0.227159063901805,10,0.0179430421453639,0.589822606450055,0.020885311416104,0.36266354254825,0
"bc86015",18,30,13,174.714824828889,"1:20000 / 7163","scored","",90,FALSE,0.116898558132362,10,0.304280408343617,0.421178966475979,0.303914359676652,0.291113562303394,0
"bc86015",56,67,12,17.8520618665273,"1:20000 / 7163","not_scored",,,FALSE,,0,,,,,0
"bc86015",104,114,11,2.34230810202527,"1:20000 / 7163","not_scored",,,FALSE,,0,,,,,0
"bc86015",115,125,11,183.657538451971,"1:20000 / 7163","not_scored",,,FALSE,,0,,,,,0
"bc86015",148,157,10,21.3242205411679,"1:20000 / 7163","not_scored",,,FALSE,,0,,,,,0
"bc86015",126,132,7,4.60346452451631,"1:20000 / 7163","not_scored",,,FALSE,,0,,,,,0
"bc87085",186,240,55,87.0061505285633,"1:15000 / 5334","scored","",90,FALSE,0.216179165794576,10,0.290261926348398,0.525959760252499,0.298993917815753,0.309780594457923,0
"bc87085",56,95,40,88.8294304705491,"1:15000 / 6096","scored","",90,TRUE,0.449494270804137,10,0.171650424069286,0.621144694873423,0.126662557506195,0.12724281964229,0
"bc87085",17,55,39,268.692272779816,"1:15000 / 6096","scored","",90,TRUE,0.331047899017093,10,0.0153488086561951,0.650253947234361,0.242396271441843,0.319206048217268,0
"bc87085",241,273,33,267.537456098722,"1:15000 / 5334","scored","",90,FALSE,0.0447304303135059,10,0.335507276112002,0.380237706425508,0.307455788170742,0.0840588288254125,0
"bc87085",110,133,24,269.574729126741,"1:15000 / 6096","scored","",90,TRUE,0.581960052657454,10,-0.0796261530251002,0.718704206454287,0.136744153796833,-0.0114699691078276,0
"bc87085",134,156,23,90.1271235098156,"1:15000 / 6096","scored","",90,TRUE,0.586069355967806,10,-0.00692238061619726,0.602748593435542,0.0166792374677369,-0.0835777475403642,0
"bc87085",157,173,17,268.896520944677,"1:15000 / 6096","not_scored",,,FALSE,,0,,,,,0
"bc87085",1,16,16,87.9480387914412,"1:15000 / 6096","not_scored",,,FALSE,,0,,,,,0
"bc87085",96,110,15,267.732036327839,"1:15000 / 6096","not_scored",,,FALSE,,0,,,,,0
"bc87085",174,185,12,88.072228359876,"1:15000 / 6096","not_scored",,,FALSE,,0,,,,,0
"bc89006",242,270,29,95.0767848477779,"1:15000 / 4724","scored","",90,TRUE,0.21409355524992,10,0.366356991933751,0.580450547183671,0.333529980535878,0.357719142890914,0
"bc89006",217,241,25,274.384642058443,"1:15000 / 4724","scored","",90,TRUE,0.222432798051309,10,0.386973717899806,0.609406515951115,-0.0216211531639017,0.0244963354572404,0
"bc89006",141,162,22,275.627799583488,"1:15000 / 4724","scored","",90,FALSE,0.0525734611158092,10,0.0813021122088868,0.330883087694581,0.278309626578772,-0.0171080712181214,0
"bc89006",173,194,22,274.521545298389,"1:15000 / 4724","scored","",90,FALSE,0.230096861174789,10,0.31951726261043,0.549614123785219,0.112026008421806,0.0978361947392208,0
"bc89006",195,216,22,94.5555609052973,"1:15000 / 4724","scored","",90,FALSE,0.214823118564066,10,0.324110111284953,0.538933229849019,0.189508110157226,0.127813103571882,0
"bc89006",67,82,16,275.861956071402,"1:15000 / 4724","scored","",90,FALSE,0.0626498518724027,10,0.395629870896686,0.487904095017668,0.425254243145265,0.244985008152955,0
"bc89006",52,66,15,95.6763621962253,"1:15000 / 4724","not_scored",,,FALSE,,0,,,,,0
"bc89006",1,13,13,93.804596049828,"1:15000 / 4724","not_scored",,,FALSE,,0,,,,,0
"bc89006",14,26,13,275.771102528694,"1:15000 / 4724","not_scored",,,FALSE,,0,,,,,0
"bc89006",39,51,13,277.312541199552,"1:15000 / 4724","not_scored",,,FALSE,,0,,,,,0
"bc89006",27,38,12,96.3450091561118,"1:15000 / 4724","not_scored",,,FALSE,,0,,,,,0
"bc89006",119,130,12,276.684138874611,"1:15000 / 4724","not_scored",,,FALSE,,0,,,,,0
"bc89006",97,107,11,275.214037039175,"1:15000 / 4724","not_scored",,,FALSE,,0,,,,,0
"bc89006",108,118,11,94.1308896043671,"1:15000 / 4724","not_scored",,,FALSE,,0,,,,,0
"bc89006",131,140,10,96.3591172689954,"1:15000 / 4724","not_scored",,,FALSE,,0,,,,,0
"bc89006",163,172,10,94.5569756897357,"1:15000 / 4724","not_scored",,,FALSE,,0,,,,,0
"bc89006",83,90,8,92.440742391415,"1:15000 / 4724","not_scored",,,FALSE,,0,,,,,0
"bc89006",90,96,7,95.5093659486027,"1:15000 / 4724","not_scored",,,FALSE,,0,,,,,0
"bc89006",270,275,6,92.0734260937462,"1:15000 / 4724","not_scored",,,FALSE,,0,,,,,0
"bc89067",5,39,35,85.2199425663746,"1:15000 / 6248","scored","",90,TRUE,0.442256773663999,10,-0.0613581065672402,0.566397379819276,0.124140606155277,-0.0987903802050742,0
"bc89067",40,69,30,266.033733100777,"1:15000 / 6248","scored","",90,TRUE,0.419032786149483,10,0.103008377684828,0.665734053112671,0.246701266963188,0.16780989629524,0
"bc89067",70,96,27,87.1131123277704,"1:15000 / 6248","scored","",90,TRUE,0.238078211005097,10,0.0568236678155286,0.550224101717618,0.312145890712521,0.0202182399513265,0
"bc89067",97,123,27,266.103383387326,"1:15000 / 6248","scored","",90,TRUE,0.367378227815139,10,0.0903834134987604,0.541345029502864,0.173966801687725,0.0505196311388547,0
"bc89067",124,145,22,87.8730928714696,"1:15000 / 6248","scored","",90,TRUE,0.221050522541672,10,0.28819165647604,0.603215454410552,0.192456809042154,0.38216493186888,0
"bc89067",146,166,21,266.473848776061,"1:15000 / 6248","scored","",90,TRUE,0.346652179796168,10,0.194748780612353,0.541400960408521,0.0976025089890524,0.110867141046661,0
"bc89067",167,187,21,86.7272792324784,"1:15000 / 6248","not_scored",,,FALSE,,0,,,,,0
"bc89067",246,266,21,266.066698557465,"1:15000 / 5944","not_scored",,,FALSE,,0,,,,,0
"bc89067",209,228,20,85.9840574888067,"1:15000 / 6248","not_scored",,,FALSE,,0,,,,,0
"bc89067",190,208,19,267.227858608464,"1:15000 / 6248","not_scored",,,FALSE,,0,,,,,0
"bc89067",229,245,17,85.9346615605502,"1:15000 / 5944","not_scored",,,FALSE,,0,,,,,0
"bcb00037",1,71,71,82.5719816368662,"1:15000 / mixed","scored","",270,FALSE,0.372987602833666,10,0.0151307205918272,-0.0111952216733135,0.0036142716533767,0.388118323425493,0
"bcb00037",146,216,71,82.6384608338118,"1:15000 / mixed","scored","",270,FALSE,0.235745569357821,10,-0.00431510992932541,-0.0177609150532088,0.166614374986701,0.402359944344522,0
"bcb00037",109,145,37,262.737875701939,"1:15000 / mixed","scored","",270,FALSE,0.141155209750618,10,0.304440700142214,0.234521907485115,0.22794645226673,0.445595909892832,0
"bcb00037",72,100,29,262.015816999817,"1:15000 / mixed","scored","",270,TRUE,0.563720764062094,10,0.0781515055376318,0.0681047328834303,0.0192449263150024,0.641872269599726,0
"bcb00037",101,108,8,262.53074711167,"1:15000 / mixed","scored","",270,FALSE,0.222269190120792,7,0.037386753013538,-0.0164441753744075,0.0371160551850009,0.25965594313433,0
"bcb01015",150,205,56,270.548582238559,"1:35000 / mixed","scored","",90,TRUE,0.162501807141812,10,0.230032223515677,0.433984092340287,0.271482285198475,0.156799294020737,16
"bcb01015",1,50,50,269.917680425195,"1:35000 / mixed","scored","",90,TRUE,0.211803332005546,10,0.282406779440114,0.555766097305009,0.307272785349704,0.343962765299463,0
"bcb01015",51,100,50,89.8774312773039,"1:35000 / mixed","scored","",90,TRUE,0.250387937589989,10,0.243626169537233,0.555501088734693,0.234845349205731,0.305113151144704,0
"bcb01015",123,149,27,268.826264760653,"1:35000 / mixed","scored","",90,TRUE,0.405307952872915,10,0.106111395255548,0.511419348128463,0.0714623114040125,0.0626234326622298,0
"bcb01015",228,246,19,88.9964808445297,"1:35000 / mixed","scored","",90,FALSE,0.194539263388335,10,0.178854321924175,0.443579101668489,0.246478830525736,0.249039838280154,16
"bcb01015",247,262,16,269.010640751039,"1:35000 / mixed","scored","",90,TRUE,0.391958035089762,10,0.0982737380141207,0.493285525104574,0.0989802709760869,0.101327490014812,0
"bcb01015",101,111,11,268.570688919559,"1:35000 / mixed","not_scored",,,FALSE,,0,,,,,0
"bcb01015",112,122,11,88.5111532028351,"1:35000 / mixed","not_scored",,,FALSE,,0,,,,,0
"bcb01015",206,216,11,91.4590230185549,"1:35000 / mixed","not_scored",,,FALSE,,0,,,,,0
"bcb01015",217,227,11,271.485942687737,"1:35000 / mixed","not_scored",,,FALSE,,0,,,,,0
"bcb01018",72,100,29,91.8005701122653,"1:35000 / mixed","scored","",90,TRUE,0.216956953902837,10,0.102576267224108,0.417496389649232,0.0797096625176171,0.200539435746395,0
"bcb01018",22,49,28,271.798779132411,"1:35000 / mixed","scored","",90,TRUE,0.292430808786004,10,0.132719232223406,0.436648506459196,0.143966315704738,0.144217697673192,0
"bcb01018",141,167,27,268.858564546507,"1:35000 / mixed","scored","",90,TRUE,0.369277639488319,10,0.0390922080941302,0.508631794388121,0.139354154899802,0.00509497871819999,8
"bcb01018",215,233,19,83.581744199825,"1:35000 / mixed","scored","",90,TRUE,0.323551509483754,10,0.0769986896833552,0.508165950809041,0.184614441325286,0.021213466446523,0
"bcb01018",168,183,16,88.7009083182839,"1:35000 / mixed","scored","",90,TRUE,0.383980758928463,10,0.0505034611943537,0.51236684073766,0.0950070251429872,0.128386081809197,0
"bcb01018",184,199,16,262.658603858256,"1:35000 / mixed","scored","",90,TRUE,0.519824984606885,10,-0.0470084472807212,0.581426049729944,-0.0114023523203935,0.0616010651230588,0
"bcb01018",101,115,15,271.080895157955,"1:35000 / mixed","not_scored",,,FALSE,,0,,,,,0
"bcb01018",200,214,15,263.596838337914,"1:35000 / mixed","not_scored",,,FALSE,,0,,,,,0
"bcb01018",50,60,11,92.2145704511527,"1:35000 / mixed","not_scored",,,FALSE,,0,,,,,0
"bcb01018",61,71,11,272.154839870518,"1:35000 / mixed","not_scored",,,FALSE,,0,,,,,0
"bcb01018",1,7,7,267.252134310797,"1:35000 / mixed","not_scored",,,FALSE,,0,,,,,0
"bcb01018",8,14,7,270.191591517393,"1:35000 / mixed","not_scored",,,FALSE,,0,,,,,0
"bcb01018",15,21,7,90.2842868493088,"1:35000 / mixed","not_scored",,,FALSE,,0,,,,,0
"bcb01018",122,128,7,267.372210648443,"1:35000 / mixed","not_scored",,,FALSE,,0,,,,,0
"bcb01018",116,121,6,271.598680804499,"1:35000 / mixed","not_scored",,,FALSE,,0,,,,,0
"bcb01018",129,134,6,268.525136515997,"1:35000 / mixed","not_scored",,,FALSE,,0,,,,,0
"bcb01018",135,140,6,88.3945095030194,"1:35000 / mixed","not_scored",,,FALSE,,0,,,,,0
"bcb01028",128,146,19,268.097492614465,"1:35000 / mixed","scored","",90,TRUE,0.318646524633422,10,0.0975835258126504,0.498115081261636,0.0889131725664095,0.179468556628214,0
"bcb01028",147,165,19,88.107093686467,"1:35000 / mixed","scored","",90,TRUE,0.391158684692902,10,0.134878663178475,0.531162974295656,0.0544071124851069,0.140004289602754,0
"bcb01028",166,184,19,268.042594266143,"1:35000 / mixed","scored","",90,TRUE,0.305507238961805,10,0.0660661975575194,0.392893311750306,-0.0228932762305919,0.0873860727885008,0
"bcb01028",185,203,19,88.0991537960427,"1:35000 / mixed","scored","",90,TRUE,0.234889526020342,10,0.171534789967487,0.406424315987829,0.0196183001767375,0.0149904935816308,0
"bcb01028",83,99,17,271.305730772901,"1:35000 / mixed","scored","",90,TRUE,0.206755529597828,10,0.257652254768452,0.604946299836796,0.256359686538813,0.398190770238968,0
"bcb01028",31,46,16,271.457394134676,"1:35000 / mixed","scored","",90,TRUE,0.319143782420619,10,0.124864692189649,0.444008474610268,0.110584410347148,0.0242311433614943,0
"bcb01028",67,82,16,91.3946645325634,"1:35000 / mixed","not_scored",,,FALSE,,0,,,,,0
"bcb01028",1,15,15,269.807978134502,"1:35000 / mixed","not_scored",,,FALSE,,0,,,,,0
"bcb01028",16,30,15,89.7860152557384,"1:35000 / mixed","not_scored",,,FALSE,,0,,,,,0
"bcb01028",100,112,13,91.1025886473149,"1:35000 / mixed","not_scored",,,FALSE,,0,,,,,0
"bcb01028",226,237,12,269.105013361773,"1:35000 / mixed","not_scored",,,FALSE,,0,,,,,0
"bcb01028",238,249,12,269.602095666685,"1:35000 / mixed","not_scored",,,FALSE,,0,,,,,0
"bcb01028",204,214,11,268.188046904351,"1:35000 / mixed","not_scored",,,FALSE,,0,,,,,0
"bcb01028",215,225,11,88.2145074619677,"1:35000 / mixed","not_scored",,,FALSE,,0,,,,,0
"bcb01028",47,56,10,91.2260466258996,"1:35000 / mixed","not_scored",,,FALSE,,0,,,,,0
"bcb01028",57,66,10,271.342897131232,"1:35000 / mixed","not_scored",,,FALSE,,0,,,,,0
"bcb05001",40,73,34,247.812368379287,"1:20000 / mixed","scored","",180,FALSE,0.00112632727786288,10,0.259433524340803,0.293074056246946,0.294200383524809,0.274260058951436,0
"bcb05001",1,11,11,247.79373640195,"1:20000 / mixed","scored","",90,FALSE,0.0243256114077007,10,0.345632465589897,0.390066484633637,0.277898375708355,0.365740873225937,0
"bcb05001",28,35,8,106.369832050144,"1:20000 / mixed","scored","",90,FALSE,0.0196627493812362,7,0.243363847189428,0.270534253626732,0.238352407977305,0.250871504245496,0
"bcb05001",12,17,6,107.169246380496,"1:20000 / mixed","scored","",90,TRUE,0.112625578986515,5,-0.0184348859425234,0.189635711515831,0.077010132529316,0.0438804480586898,0
"bcb05001",23,28,6,107.517150501976,"1:20000 / mixed","scored","",90,FALSE,0.0181681408309897,5,0.258784898708514,0.276953039539503,0.22737335484468,0.236689514518374,0
"bcb91005",204,234,31,55.9256576545378,"1:8000 / 1981","scored","",90,TRUE,0.224693981435731,10,0.225539751130462,0.480677784389228,0.185998176628775,0.255983802953497,0
"bcb91005",179,203,25,236.77982558796,"1:8000 / 1981","scored","",90,FALSE,0.128485327258912,10,0.216683018027275,0.378064421262018,0.183376374336255,0.249579094003106,0
"bcb94005",1,47,47,264.135812493948,"1:20000 / 7317","scored","",90,TRUE,0.534731110932059,10,0.181685964345808,0.716417075277866,0.0883139431481276,0.0559496776063194,0
"bcb94005",136,180,45,83.72916958347,"1:20000 / 7165","scored","",90,TRUE,0.523150646417274,10,0.0104393418281826,0.617065880923423,0.0939152345061492,0.032366945763176,0
"bcb94005",224,267,44,83.6968018181332,"1:20000 / 7165","scored","",90,TRUE,0.309224899980122,10,0.123284130682952,0.717745457601037,0.264430950996365,0.408520557620915,0
"bcb94005",268,311,44,264.298372562348,"1:20000 / 7165","scored","",90,TRUE,0.384208363160642,10,0.294824510928659,0.6790328740893,0.24829507880848,0.2268561544117,0
"bcb94005",58,92,35,82.8615310874013,"1:20000 / 7317","scored","",90,TRUE,0.359482606201865,10,0.326646970108622,0.686129576310487,0.27594139490957,0.11673691497949,0
"bcb94005",181,210,30,263.911903861544,"1:20000 / 7165","scored","",90,TRUE,0.443109446156534,10,0.087426013593877,0.645950675045215,0.202841228888681,0.147006952682028,0
"bcb94005",113,135,23,263.900046826146,"1:20000 / 7317","not_scored",,,FALSE,,0,,,,,0
"bcb94005",97,112,16,264.165205611829,"1:20000 / 7317","not_scored",,,FALSE,,0,,,,,0
"bcb94005",211,223,13,264.104080002402,"1:20000 / 7165","not_scored",,,FALSE,,0,,,,,0
"bcb94005",48,58,11,83.7720976282641,"1:20000 / 7317","not_scored",,,FALSE,,0,,,,,0
"bcb94022",1,73,73,268.721663059994,"1:15000 / 5944","scored","",90,FALSE,0.24956441085159,10,0.249628819210657,0.579078231795582,0.283663705732702,0.329513820943992,0
"bcb94022",74,119,46,88.9937700367745,"1:15000 / 5944","scored","",90,TRUE,0.319324556259564,10,0.249192426129906,0.692865983422207,0.255021903455702,0.373541427162643,0
"bcb94069",45,176,132,268.630003039682,"1:15000 / 6096","scored","",90,TRUE,0.44153066548305,10,0.214566767883449,0.727777620702625,0.276313646569439,0.286246955219575,0
"bcb94069",177,224,48,89.3392024880344,"1:15000 / 6096","scored","",90,TRUE,0.434300997722207,10,0.217735047691137,0.652036045413345,0.0839072598239148,0.21474981132384,0
"bcb94069",1,44,44,87.9947361617665,"1:15000 / 6096","scored","",90,TRUE,0.401184156156197,10,0.230428653906494,0.63161281006269,0.177794995169119,0.0737254816588823,0
"bcb94069",225,247,23,269.538222709522,"1:15000 / 6096","scored","",90,TRUE,0.429259555588474,10,0.155468464585929,0.642054020935894,0.21279446534742,0.102003580381513,0
"bcb95065",1,78,78,354.779004965073,"1:50000 / 9144","scored","",90,TRUE,0.296864375229441,10,0.466395857761144,0.801472246178769,0.481397933190435,0.504607870949328,0
"bcb95065",79,155,77,174.698962195861,"1:50000 / 9144","scored","",90,TRUE,0.327485484569298,10,0.43137477273066,0.758860257299957,0.412282528736412,0.346036067758633,0
"bcb95065",156,217,62,354.616001949362,"1:50000 / 9449","scored","",90,TRUE,0.214017721245333,10,0.464635178976076,0.817089460648553,0.558516824404318,0.60307173940322,0
"bcb95065",218,278,61,174.537334601514,"1:50000 / 9144","scored","",90,TRUE,0.300443083274642,10,0.430763234515649,0.731206317790291,0.415875724933538,0.378968416040121,0
"bcb96084",152,296,145,83.2113915461782,"1:15000 / 6403","scored","",90,TRUE,0.385229067186131,10,0.189205581576173,0.574434648762304,0.177864185253488,0.186485472487952,0
"bcb96084",21,130,110,263.117375066487,"1:15000 / 6403","scored","",90,TRUE,0.395685486591168,10,0.198451579909752,0.594137066500919,0.0930038694544496,0.104757693873864,0
"bcb96084",1,20,20,263.288235325969,"1:15000 / 6403","scored","",90,TRUE,0.297760262019533,10,0.226465930265742,0.741950176653337,0.444189914633803,0.414169929365717,0
"bcb96084",132,151,20,263.305677192687,"1:15000 / 6403","scored","",90,FALSE,0.149554324119544,10,0.518645958197407,0.668200282316951,0.412599164798672,0.518423282096529,0
"bcb97002",94,126,33,265.834021868145,"1:5000 / mixed","scored","",90,FALSE,0.116708111087496,10,0.000355910199244964,0.270813510151164,-0.0057678500499014,0.154105399063667,0
"bcb97002",30,61,32,265.833603404234,"1:5000 / mixed","scored","",90,TRUE,0.151540952904215,10,0.0496162077430661,0.381134902717466,0.0333137614592199,0.229593949813252,0
"bcb97002",62,93,32,85.8330736410485,"1:5000 / mixed","scored","",90,TRUE,0.242978525746637,10,0.00279758414484261,0.281096534172958,0.0365651420031781,0.0381180084263203,0
"bcb97002",127,158,32,85.8335994286198,"1:5000 / mixed","scored","",90,TRUE,0.309748546926654,10,0.00736948967845084,0.392124097555829,0.0571831198481872,0.0823755506291754,0
"bcb97002",159,188,30,265.833712389967,"1:5000 / mixed","scored","",90,TRUE,0.344641042971053,10,0.0187369422117811,0.464143277000131,0.119502234029078,-0.00492200016879322,0
"bcb97002",1,29,29,85.8340827136843,"1:5000 / mixed","scored","",90,TRUE,0.217977944646164,10,0.0101468760397097,0.413863750064467,0.0348898941378988,0.195885805418303,0
"bcb97002",189,216,28,85.8303644687461,"1:5000 / mixed","not_scored",,,FALSE,,0,,,,,0
"bcb97002",217,243,27,265.835683405758,"1:5000 / mixed","not_scored",,,FALSE,,0,,,,,0
"bcb97002",244,270,27,85.8407382934442,"1:5000 / mixed","not_scored",,,FALSE,,0,,,,,0
"bcb97002",271,295,25,265.84429975351,"1:5000 / mixed","not_scored",,,FALSE,,0,,,,,0
"bcb99031",125,160,36,263.314397329515,"1:15000 / 6248","scored","",90,TRUE,0.359030309258394,10,0.202368538988927,0.60714233414311,0.184945469274083,0.248112024884716,0
"bcb99031",1,34,34,267.185505506453,"1:15000 / 5639","scored","",90,FALSE,0.134015259218996,10,0.375671210634213,0.569847304165928,0.389960039122041,0.435832044946932,0
"bcb99031",91,124,34,83.3434523310876,"1:15000 / 6248","scored","",90,TRUE,0.197209950736461,10,0.364260368654505,0.637507772637086,0.344751319671151,0.440297821900625,0
"bcb99031",35,67,33,83.3833347371787,"1:15000 / 6401","scored","",90,TRUE,0.306377372878798,10,0.0974438264487675,0.638210885109893,0.331833512231095,0.277847452804657,0
"bcb99031",161,187,27,83.4923525421149,"1:15000 / 6248","scored","",90,TRUE,0.20569273705897,10,0.285028876205997,0.627211245325468,0.294144305682976,0.421518508266498,0
"bcb99031",68,90,23,263.49206784451,"1:15000 / 6401","scored","",90,TRUE,0.339201869944326,10,0.187529297011575,0.612271516875012,0.27102305073038,0.273069646930686,0
"bcb99031",204,221,18,263.148275342024,"1:15000 / 6401","not_scored",,,FALSE,,0,,,,,0
"bcb99031",196,203,8,82.3367809847635,"1:15000 / 6248","not_scored",,,FALSE,,0,,,,,0
"bcb99031",189,195,7,83.1569972010751,"1:15000 / 6248","not_scored",,,FALSE,,0,,,,,0
"bcc00116",73,109,37,265.307392535805,"1:15000 / mixed","scored","",270,TRUE,0.297222491908258,10,0.161197242236068,0.137410132706409,0.0660585601086426,0.458419734144325,0
"bcc00116",1,36,36,265.310554090595,"1:15000 / mixed","scored","",270,FALSE,0.167776540643694,10,0.151524940522582,0.154911364729914,0.141899529242732,0.322687905373608,0
"bcc00116",37,72,36,85.340050795404,"1:15000 / mixed","scored","",270,TRUE,0.229951193884373,10,0.211621802706121,0.292607241132414,0.19827223652688,0.522558435016787,0
"bcc00116",110,144,35,85.314993297698,"1:15000 / mixed","scored","",270,FALSE,0.132189345594691,10,0.287390115691053,0.304565287450228,0.272926901862076,0.43675463304492,0
"bcc00116",145,179,35,265.370696078302,"1:15000 / mixed","scored","",270,FALSE,0.0810147337102222,10,0.276290079933595,0.179311639684998,0.255631669846347,0.357304813643817,0
"bcc00116",180,213,34,85.3579807639553,"1:15000 / mixed","scored","",270,TRUE,0.139031451389141,10,0.322805406005329,0.342005978039176,0.326130927281583,0.481037429428316,0
"bcc02009",117,157,41,87.0490425541827,"1:30000 / 5639","scored","",90,FALSE,0.1221678701459,10,0.433401253718714,0.589766641502473,0.388312636656278,0.467598771356572,0
"bcc02009",40,78,39,87.2686592235926,"1:30000 / 5791","scored","",90,TRUE,0.170548606208194,10,0.261402047535981,0.523937420261706,0.303528986159114,0.353388814053512,0
"bcc02009",79,116,38,267.411160030893,"1:30000 / 5944","scored","",90,FALSE,0.150736948951244,10,0.410542526273983,0.566202963690608,0.415466014739364,0.406791997054572,0
"bcc02009",1,16,16,267.207066595278,"1:30000 / 5486","scored","",90,FALSE,0.198543627208981,10,0.345870897981522,0.56367513083404,0.354446800449452,0.365131503625059,0
"bcc02009",17,28,12,86.1251398094605,"1:30000 / 5486","scored","",90,FALSE,0.153125000932111,10,0.466733445984283,0.640360829397753,0.476180359625979,0.487235828465642,0
"bcc02009",29,39,11,266.927068355333,"1:30000 / 5486","scored","",90,TRUE,0.188907245744023,10,0.36583842277566,0.625513516510452,0.395240155686713,0.436606270766429,0
"bcc03050",11,74,64,267.499211998474,"1:30000 / 6035","scored","",180,FALSE,0.0109346829068091,10,0.638498883160113,0.630796451748413,0.649433566066922,0.45134180588604,0
"bcc03050",142,205,64,267.620416272074,"1:30000 / 6035","scored","",90,FALSE,0.0728981615702728,10,0.302958141530164,0.375856303100437,0.301887671645665,0.0911629910602998,0
"bcc03050",89,141,53,87.5962589779432,"1:30000 / 6035","scored","",90,FALSE,0.0135699797014651,10,0.443745047564532,0.462715909884118,0.449145930182652,0.240369532455391,0
"bcc03050",206,251,46,87.4376551105296,"1:30000 / 6035","scored","",90,TRUE,0.103114993936688,10,0.488413535362278,0.591528529298967,0.479154026150178,0.27869347516392,0
"bcc03050",252,266,15,87.44807162334,"1:30000 / 6035","scored","",0,FALSE,0.0169754490986083,10,0.48043077585019,0.451514056393844,0.463455326751582,0.261575707295376,0
"bcc03050",75,88,14,88.0272564964905,"1:30000 / 6035","scored","",90,FALSE,0.0101478944798963,10,0.411688157620847,0.421836052100743,0.360027482585623,0.292618563435794,0
"bcc03050",1,10,10,87.4939879672511,"1:30000 / 6035","not_scored",,,FALSE,,0,,,,,0
"bcc03050",267,275,9,268.150141305179,"1:30000 / 6096","not_scored",,,FALSE,,0,,,,,0
"bcc04036",105,170,66,264.251468315126,"1:30000 / 5791","scored","",90,TRUE,0.200488773096431,10,0.18216656390446,0.513402667360444,0.286072268618088,0.312913894264013,0
"bcc04036",52,104,53,84.3754859013202,"1:30000 / 5791","scored","",90,FALSE,0.248711673831819,10,0.222089035125888,0.470800708957706,0.140848629392943,0.114188600883125,0
"bcc04036",1,51,51,85.9199222464087,"1:30000 / 6706","scored","",0,FALSE,0.0283322925699933,10,0.388599100800042,0.338089949965452,0.360266808230049,0.297602777590747,0
"bcc04036",171,207,37,84.6877092362942,"1:30000 / 5791","scored","",90,TRUE,0.275704844319782,10,0.0522864640466662,0.428570498322154,0.052168245001086,0.152865654002372,0
"bcc05143",94,122,29,267.739651044876,"1:15000 / mixed","scored","",90,TRUE,0.206553134761831,10,0.252660909991777,0.623060920548766,0.315119466995086,0.416507785786935,0
"bcc05143",123,151,29,87.7113024967407,"1:15000 / mixed","scored","",90,FALSE,0.238876505756349,10,0.288376147983353,0.527252653739702,0.21030385669529,0.19608156868829,0
"bcc05143",41,67,27,267.679739715027,"1:15000 / mixed","scored","",90,FALSE,0.232250157765418,10,0.247919239054494,0.521934202566478,0.101717452866414,0.28968404480106,0
"bcc05143",68,93,26,87.7186276106597,"1:15000 / mixed","scored","",90,FALSE,0.17988513755422,10,-0.00562730074370532,0.415814195080603,0.235929057526383,-0.0319972985030651,0
"bcc05143",16,40,25,87.6382988423151,"1:15000 / mixed","scored","",90,TRUE,0.228853332775055,10,0.0131470924723801,0.406339078776605,-0.0358210918162327,0.17748574600155,0
"bcc05143",157,181,25,267.853952006246,"1:15000 / mixed","scored","",90,FALSE,0.0310491668314274,10,0.211422523752647,0.242471690584074,0.158042631155824,0.124510183743964,0
"bcc05143",1,15,15,267.737040589911,"1:15000 / mixed","not_scored",,,FALSE,,0,,,,,0
"bcc05143",182,191,10,87.9518838975881,"1:15000 / mixed","not_scored",,,FALSE,,0,,,,,0
"bcc06099",107,210,104,268.70577844609,"1:20000 / 7315","scored","",90,TRUE,0.190093980845775,10,0.250681999455585,0.459282205454872,0.269188224609097,0.224617017369454,0
"bcc06099",55,106,52,88.119226106192,"1:20000 / 7468","scored","",90,TRUE,0.22002534551999,10,0.124824172583805,0.350323890843039,0.130298545323049,0.101265763993685,0
"bcc06099",25,54,30,89.3341070808218,"1:20000 / 7468","scored","",90,TRUE,0.203324846427621,10,0.228025784703933,0.463140602590028,0.253098891328229,0.259815756162407,0
"bcc06099",1,16,16,269.610415183861,"1:20000 / 7315","scored","",90,TRUE,0.160538950071697,10,0.250512016038315,0.557710627338602,0.175337783440165,0.397171677266905,0
"bcc06099",17,24,8,90.1365785913664,"1:20000 / 7468","scored","",90,FALSE,0.195140598041154,7,0.284197226378209,0.657727498933275,0.176131332209177,0.46258690089212,0
"bcc06161",27,88,62,87.4909152901241,"1:20000 / 7010","scored","",90,FALSE,0.165882741358837,10,0.172529920211944,0.338412661570781,0.0927977969049321,0.0897202079742667,0
"bcc06161",1,26,26,267.036393017868,"1:20000 / 7315","scored","",90,TRUE,0.299783478851351,10,0.26516998945901,0.56495346831036,0.252113569014684,0.230555930264143,0
"bcc06161",89,107,19,267.236612624348,"1:20000 / 7010","scored","",90,FALSE,0.255844620593188,10,0.26925600683453,0.546620472624002,0.260622135671484,0.290775852030814,0
"bcc06161",108,125,18,87.6401432063143,"1:20000 / 7010","scored","",90,TRUE,0.216096984629943,10,0.265299119310654,0.481396103940596,0.135113015047547,0.0560411504913958,0
"bcc06161",126,143,18,87.2660348178222,"1:20000 / 7315","scored","",90,TRUE,0.282769136829343,10,0.169785171439197,0.49047527476977,0.207706137940426,0.190334913033402,0
"bcc06161",144,161,18,266.940088274464,"1:20000 / 7315","scored","",90,FALSE,0.162485546221118,10,0.224473256999307,0.386958803220425,0.220706222545486,0.0652716932835765,0
"bcc06161",179,196,18,87.4138830152554,"1:20000 / 7163","not_scored",,,FALSE,,0,,,,,0
"bcc06161",162,178,17,87.6488205304241,"1:20000 / 7315","not_scored",,,FALSE,,0,,,,,0
"bcc06176",35,70,36,90.9803205365245,"1:20000 / 0","scored","",90,FALSE,0.255652207903402,10,0.260794598095195,0.522222978074994,0.26363090310478,0.266570770171591,0
"bcc06176",174,209,36,90.829208260641,"1:20000 / 0","scored","",90,FALSE,0.244166372047823,10,0.223618682469416,0.467785054517239,0.207354607147494,0.202849062488904,0
"bcc06176",139,173,35,271.03867575961,"1:20000 / 0","scored","",90,TRUE,0.17506660309851,10,0.237394586593772,0.462192654583366,0.250813587454706,0.287126051484856,0
"bcc06176",210,244,35,271.062058432116,"1:20000 / 0","scored","",90,TRUE,0.228324315758697,10,0.16916778601507,0.433459308268621,0.178342175154855,0.205134992509924,0
"bcc06176",1,34,34,270.912539030269,"1:20000 / 0","scored","",90,FALSE,0.100484296217283,10,0.28191820144527,0.427758453017091,0.327274156799807,0.195374060510805,0
"bcc06176",71,104,34,271.085825361963,"1:20000 / 0","scored","",90,TRUE,0.321640642833688,10,0.112094080743025,0.514854924191651,0.193214281357964,0.177779442075094,0
"bcc06176",105,138,34,90.7201385398311,"1:20000 / 0","not_scored",,,FALSE,,0,,,,,0
"bcc10004",97,144,48,86.0687338612091,"1:20000 / 4359","scored","",0,FALSE,0.0162416040424081,10,0.272252092755556,0.256010488713148,0.228913503772095,0.118316359639148,0
"bcc10004",12,54,43,86.0512366463473,"1:20000 / 4267","scored","",90,TRUE,0.171400153281697,10,0.147288348395749,0.340793250659032,0.169393097377335,0.12774312103054,0
"bcc10004",145,187,43,265.872156728087,"1:20000 / 4359","scored","",90,TRUE,0.17711220422016,10,0.143752276235199,0.364792387022483,0.111458912973591,0.187680182802323,0
"bcc10004",55,96,42,266.080719094077,"1:20000 / 4511","scored","",90,TRUE,0.172446048458811,10,0.140371087753883,0.313000679443477,0.140554630984667,0.13966073352192,0
"bcc10004",1,11,11,86.8602369755144,"1:20000 / 4115","scored","",90,FALSE,0.361914015272321,10,0.0980636766408357,0.459977691913156,0.0895551345797614,0.0392971814544863,0
"bcc10012",128,183,56,86.4701958765561,"1:20000 / 4267","scored","",90,TRUE,0.209384041098068,10,0.166883870956994,0.442404013416431,0.175784851418323,0.233019972318363,0
"bcc10012",83,127,45,266.615126777793,"1:20000 / 4267","thumbnails_unavailable",,,FALSE,,0,,,,,0
"bcc10012",1,26,26,86.9494197379578,"1:20000 / 4054","scored","",90,TRUE,0.236429991532099,10,0.135871589295179,0.462061207006722,0.0900514926309736,0.225631215474623,0
"bcc10012",27,44,18,86.1470631630205,"1:20000 / 4115","thumbnails_unavailable",,,FALSE,,0,,,,,0
"bcc10012",45,58,14,266.376067302214,"1:20000 / 4115","thumbnails_unavailable",,,FALSE,,0,,,,,0
"bcc10013",76,115,40,267.303551065434,"1:20000 / mixed","scored","",90,FALSE,0.105705778278492,10,0.130083365046372,0.241091222015011,0.135385443736519,0.0434694981578065,0
"bcc10013",170,209,40,87.2217571773876,"1:20000 / 4115","scored","",0,FALSE,0.00322636123348402,10,0.219199005399628,0.10202572308535,0.215972644166144,-0.0819059838640127,0
"bcc10013",210,249,40,267.140744442826,"1:20000 / 4115","scored","",0,FALSE,0.0393205623797467,10,0.216005936043686,0.150034010864591,0.176685373663939,-0.0792483849994554,0
"bcc10013",37,64,28,86.9198715853035,"1:20000 / 4054","scored","",90,FALSE,0.0973720168920241,10,0.0549304307964546,0.193522006891254,0.0961499899992296,0.0320138281751847,0
"bcc10013",116,141,26,86.9615879765896,"1:20000 / 4054","scored","",90,FALSE,0.0989204117174297,10,0.15514265848179,0.25406307019922,0.0779082540328711,0.0832542333407923,0
"bcc10013",12,36,25,267.055080158333,"1:20000 / 3962","scored","",90,TRUE,0.202954042721934,10,-0.01836424960016,0.350858765262393,-0.0157737543805984,0.147904722540459,0
"bcc10013",154,169,16,87.3519515339214,"1:20000 / 4328","not_scored",,,FALSE,,0,,,,,0
"bcc10013",142,153,12,267.570504543066,"1:20000 / 4420","not_scored",,,FALSE,,0,,,,,0
"bcc10013",1,11,11,266.352546441054,"1:20000 / 4206","not_scored",,,FALSE,,0,,,,,0
"bcc10013",65,75,11,86.1186244892372,"1:20000 / 4328","not_scored",,,FALSE,,0,,,,,0
"bcc10013",250,259,10,87.7403281860888,"1:20000 / 4206","not_scored",,,FALSE,,0,,,,,0
"bcc10013",260,269,10,87.0693001857775,"1:20000 / 3962","not_scored",,,FALSE,,0,,,,,0
"bcc11102",107,132,26,86.775948163043,"1:20000 / mixed","scored","",180,FALSE,0.00140767192252811,10,0.39864080089955,0.311658156894776,0.400048472822078,0.306253104113401,0
"bcc11102",133,158,26,266.692219384639,"1:20000 / mixed","scored","",0,FALSE,0.000384762703872166,10,0.391796351140848,0.321129690720384,0.391411588436976,0.316584777683748,0
"bcc11102",63,86,24,267.075751408081,"1:20000 / mixed","scored","",180,FALSE,0.00230043120748835,10,0.378333307457756,0.302196003684373,0.380633738665244,0.304542977568796,0
"bcc11102",41,62,22,87.1875999172528,"1:20000 / mixed","scored","",180,FALSE,0.00317343727801211,10,0.373673932992407,0.285042667906727,0.37684737027042,0.290694388466628,0
"bcc11102",182,203,22,86.1995784739174,"1:20000 / mixed","scored","",180,FALSE,0.0138423382915698,10,0.369264883455286,0.297602966048905,0.383107221746856,0.286029679136049,0
"bcc11102",204,224,21,266.299138564153,"1:20000 / mixed","scored","",180,FALSE,0.00195564456999336,10,0.344278065232191,0.30199482272265,0.346233709802184,0.288518772688143,0
"bcc11102",225,245,21,86.0998442800266,"1:20000 / mixed","not_scored",,,FALSE,,0,,,,,0
"bcc11102",87,106,20,87.1051047712117,"1:20000 / mixed","not_scored",,,FALSE,,0,,,,,0
"bcc11102",159,176,18,86.8354264648175,"1:20000 / mixed","not_scored",,,FALSE,,0,,,,,0
"bcc11102",14,27,14,87.319678791294,"1:20000 / mixed","not_scored",,,FALSE,,0,,,,,0
"bcc11102",1,13,13,267.305736518874,"1:20000 / mixed","not_scored",,,FALSE,,0,,,,,0
"bcc11102",28,40,13,267.1324328604,"1:20000 / mixed","not_scored",,,FALSE,,0,,,,,0
"bcc159",98,154,57,359.040004038845,"1:3000 / 1250","scored","",90,TRUE,0.403082966387536,10,0.23723729104968,0.685428104364763,0.282345137977227,0.25768839527358,0
"bcc159",155,197,43,188.509746439115,"1:3000 / 1250","scored","",90,TRUE,0.160380147647545,10,0.0480085553266197,0.869701352033861,0.112680710886595,0.709321204386317,0
"bcc159",1,30,30,0.757152551485104,"1:3000 / 1250","scored","",90,TRUE,0.255310908854965,10,0.19558299152427,0.723240663369318,0.17437047210381,0.467929754514353,0
"bcc159",198,223,26,343.842196019425,"1:3000 / 1250","scored","",90,FALSE,0.108911130381211,10,0.54556356063194,0.74210685209887,0.584932370640499,0.633195721717658,0
"bcc159",75,97,23,213.850137103056,"1:3000 / 1250","scored","",90,FALSE,0.0532694336904557,10,0.245580104870404,0.76357309329718,0.214046156212023,0.710303659606724,0
"bcc159",31,52,22,178.849386708077,"1:3000 / 1250","scored","",90,TRUE,0.241323350983893,10,0.385299058265535,0.704522833050281,0.441810186459768,0.463199482066388,0
"bcc159",53,74,22,41.8651203460125,"1:3000 / 1250","not_scored",,,FALSE,,0,,,,,0
"bcc16",50,73,24,220.305091661255,"1:12000 / 6096","scored","",270,TRUE,0.197968919968373,10,0.155834665206656,0.261939975098791,0.219960015078694,0.459908895067164,0
"bcc16",16,32,17,160.769202332291,"1:12000 / 6096","scored","",270,TRUE,0.312649089269853,10,0.0706516208358579,0.0865926103235326,0.246271257107436,0.558920346377289,0
"bcc16",33,49,17,36.9428931451148,"1:12000 / 6096","scored","",270,TRUE,0.29146844093703,10,0.205926074008926,0.0441552680489721,0.173720326950282,0.497394514945955,0
"bcc16",1,15,15,332.782848780297,"1:12000 / 6096","scored","",270,TRUE,0.229926592686959,10,0.26671157150192,0.162559184312618,0.368040192057858,0.597966784744816,0
"bcc171",21,41,21,285.531506813187,"1:15000 / 4648","scored","",90,TRUE,0.091580742428111,10,0.236917886554926,0.399699982191853,0.250340557305312,0.308119239763742,0
"bcc171",1,20,20,214.892082913115,"1:15000 / 4648","scored","",90,TRUE,0.185523864262065,10,0.467931637297189,0.665919474992043,0.480395610729978,0.450730636857136,0
"bcc171",70,87,18,104.189139841846,"1:15000 / 4648","scored","",90,TRUE,0.281830046943994,10,0.343520288584072,0.625350335528066,0.329641108968017,0.33344340535922,0
"bcc171",88,99,12,140.953411413215,"1:15000 / 4648","scored","",90,FALSE,0.266916658216556,10,0.201501631682262,0.468418289898818,0.186449021731422,0.170997100471892,0
"bcc171",51,60,10,189.067184674044,"1:15000 / 4648","scored","",90,TRUE,0.30485696102975,9,0.238764959616307,0.573406526037485,0.191790489994918,0.268549565007736,0
"bcc171",100,109,10,268.619427626643,"1:5000 / 1676","scored","",90,TRUE,0.567139252635432,9,0.0244894954260965,0.649847652169969,0.0827083995345371,-0.0559694765529371,0
"bcc171",42,50,9,30.8798989325767,"1:15000 / 4648","not_scored",,,FALSE,,0,,,,,0
"bcc171",110,116,7,22.1926299665373,"1:5000 / 1646","not_scored",,,FALSE,,0,,,,,0
"bcc177",1,19,19,295.29101926418,"1:3000 / 1219","scored","",90,TRUE,0.295241213442678,9,0.438566831153903,0.733808044596581,0.409047576885924,0.366706540627854,0
"bcc177",82,99,18,328.234240397099,"1:3000 / 1250","scored","",90,TRUE,0.106674086281827,9,0.248377476984945,0.765921818270345,0.282152823397942,0.659247731988518,0
"bcc177",100,115,16,153.372534386949,"1:3000 / 1250","scored","",90,TRUE,0.104883980851674,8,0.383075491222798,0.593720364770065,0.40662912706317,0.488836383918391,0
"bcc177",20,33,14,333.535469977733,"1:5000 / 1859","scored","",90,TRUE,0.433680577298987,10,-0.031560651912944,0.597953131497382,-0.0573405942292161,0.164272554198395,0
"bcc177",34,45,12,339.050973810254,"1:3000 / 1250","scored","",90,TRUE,0.23831715223088,5,0.450495394202758,0.816236228281746,0.577919076050866,0.564918363301448,0
"bcc177",46,55,10,179.25516521801,"1:3000 / 1250","scored","",90,FALSE,0.189179023109835,7,0.204851532379779,0.671375926686479,0.143494075731891,0.482196903576645,0
"bcc177",116,125,10,23.7802525350478,"1:3000 / 1250","not_scored",,,FALSE,,0,,,,,0
"bcc177",126,135,10,78.4493849743609,"1:3000 / 1250","not_scored",,,FALSE,,0,,,,,0
"bcc177",72,80,9,198.159207213766,"1:3000 / 1250","not_scored",,,FALSE,,0,,,,,0
"bcc177",55,62,8,174.802413847816,"1:3000 / 1250","not_scored",,,FALSE,,0,,,,,0
"bcc177",63,70,8,15.2098275083588,"1:3000 / 1250","not_scored",,,FALSE,,0,,,,,0
"bcc217",1,60,60,268.113701051732,"1:5000 / 1859","scored","",90,TRUE,0.182582553481745,10,0.257327322173439,0.536534743488275,0.287447477049704,0.353952190006531,0
"bcc217",129,149,21,138.391954195168,"1:2000 / 686","too_little_overlap","",,FALSE,,0,,,,,0
"bcc217",63,82,20,87.8309034168313,"1:5000 / 1859","scored","",90,TRUE,0.155516245357878,10,0.316627522476263,0.516347665171639,0.269090183099566,0.360831419813762,0
"bcc217",83,101,19,214.395296986819,"1:5000 / 1981","scored","",90,TRUE,0.222349064241429,10,0.156649122558009,0.560270694930172,0.135421022995633,0.337921630688743,0
"bcc217",102,120,19,246.743327731863,"1:5000 / 2073","scored","",90,TRUE,0.123920433718412,10,0.277018886404543,0.525455728540163,0.251291538109888,0.401535294821751,0
"bcc217",121,128,8,299.775868849945,"1:5000 / 2286","scored","",90,TRUE,0.152809824966846,7,0.273279837979497,0.564995386532681,0.238228163739917,0.412185561565835,0
"bcc22",1,26,26,157.728941286551,"1:10000 / 4206","thumbnails_unavailable",,,FALSE,,0,,,,,0
"bcc22",27,52,26,338.312133791251,"1:10000 / 4206","thumbnails_unavailable",,,FALSE,,0,,,,,0
"bcc22",53,77,25,160.423358580825,"1:10000 / 4206","thumbnails_unavailable",,,FALSE,,0,,,,,0
"bcc23",40,61,22,339.178952742973,"1:10000 / 4206","thumbnails_unavailable",,,FALSE,,0,,,,,0
"bcc23",62,74,13,160.145893886413,"1:10000 / 4206","thumbnails_unavailable",,,FALSE,,0,,,,,0
"bcc23",8,17,10,46.8102135566398,"1:12000 / 3658","scored","",270,TRUE,0.222001157387668,9,0.15262818487668,0.219440169680775,0.102896944720609,0.441441327068443,0
"bcc23",25,32,8,286.000623645692,"1:12000 / 3658","scored","",270,TRUE,0.383889556259137,7,-0.115061699120439,0.1742222410524,0.0251262051737649,0.558111797311536,0
"bcc23",1,7,7,229.078469980152,"1:12000 / 3658","scored","",270,FALSE,0.207055609284828,6,0.10722572550165,0.423772709374228,0.152918626450967,0.630828318659056,0
"bcc23",18,24,7,212.278406708289,"1:12000 / 3658","scored","",270,TRUE,0.353777659446923,6,-0.0830408069311546,0.26685313288694,-0.112618018840713,0.620630792333863,0
"bcc23",34,39,6,312.838837136023,"1:16000 / 4907","not_scored",,,FALSE,,0,,,,,0
"bcc24",8,18,11,224.52077206389,"1:12000 / 3658","scored","",270,TRUE,0.222760053214612,10,-0.0595211994947421,0.376864321526982,-0.100149608378702,0.599624374741593,0
"bcc24",25,32,8,283.953328420025,"1:12000 / 3658","scored","",270,FALSE,0.124299873700686,7,0.0840162444805614,0.347556270327222,0.0731861940989773,0.471856144027907,0
"bcc24",1,7,7,45.9081926157517,"1:12000 / 3658","scored","",270,TRUE,0.224588177143562,6,-0.039934213522803,0.246428747773743,0.0184028188100565,0.471016924917305,0
"bcc24",62,68,7,174.301868068576,"1:6000 / 1829","scored","",270,TRUE,0.343683708588117,6,0.0264159423235264,0.420581072091898,-0.0175794201530076,0.764264780680015,0
"bcc24",19,24,6,30.6526790570252,"1:12000 / 3658","scored","",270,FALSE,0.213210227098286,5,0.167358992743054,0.31718305460506,0.210630263720603,0.530393281703346,0
"bcc24",34,39,6,132.726121247034,"1:16000 / 4907","scored","",270,TRUE,0.157534506484663,5,0.23900025590364,0.202598864119112,0.270487880482306,0.428022386966969,0
"bcc248",61,81,21,178.663830371258,"1:20000 / 6248","scored","",90,TRUE,0.144459890420149,10,0.164114257448441,0.475858199814745,0.19607092149033,0.331398309394596,0
"bcc248",82,101,20,357.66858359119,"1:20000 / 6248","scored","",90,FALSE,0.0991660563387987,10,0.137809865000652,0.425452259982401,0.15695714922001,0.326286203643603,0
"bcc248",35,51,17,356.022948651607,"1:20000 / 6248","scored","",90,TRUE,0.167450232809143,10,0.213159252048775,0.441660733833285,0.223299771432003,0.274210501024142,0
"bcc248",20,34,15,177.223170357512,"1:20000 / 6248","scored","",90,TRUE,0.169785221152162,10,0.204993223703771,0.39090312862421,0.219538459263954,0.221117907472048,0
"bcc248",102,115,14,177.394587589887,"1:20000 / 6248","scored","",90,TRUE,0.123060013976225,10,0.13763445956906,0.477695464186533,0.085326478683564,0.354635450210309,0
"bcc248",52,60,9,358.192218652865,"1:20000 / 6248","scored","",90,FALSE,0.0780865524099341,8,0.0396595894648119,0.420065978675572,0.0541115714024649,0.341979426265638,0
"bcc248",116,124,9,358.846261961074,"1:20000 / 6248","not_scored",,,FALSE,,0,,,,,0
"bcc248",125,133,9,176.535295651329,"1:20000 / 6248","not_scored",,,FALSE,,0,,,,,0
"bcc248",139,146,8,306.496044186766,"1:20000 / 6248","not_scored",,,FALSE,,0,,,,,0
"bcc248",1,7,7,129.539513441859,"1:20000 / 6248","not_scored",,,FALSE,,0,,,,,0
"bcc248",8,14,7,107.648262832811,"1:20000 / 6248","not_scored",,,FALSE,,0,,,,,0
"bcc25",56,79,24,291.69427298133,"1:32000 / 5486","scored","",0,FALSE,0.0597995251230783,10,0.560905313566302,0.404538021913421,0.501105788443223,0.393439772952123,0
"bcc25",19,37,19,290.326721396639,"1:32000 / 5486","scored","",0,FALSE,0.0225172781799848,10,0.390340561741016,0.355756546454132,0.32573925249363,0.367823283561031,0
"bcc25",1,18,18,109.608985568609,"1:32000 / 5486","scored","",270,FALSE,0.00173753965333515,10,-0.130738087638021,0.241309976739469,-0.147342814891417,0.243047516392804,0
"bcc25",38,55,18,111.428797693066,"1:32000 / 5486","scored","",0,FALSE,0.0127734871536219,10,0.398131302860725,0.297672865561452,0.385357815707103,0.305718954856079,0
"bcc270",42,68,27,317.00894818021,"1:5000 / 1524","scored","",90,FALSE,0.116213371829873,10,0.238071590585234,0.462498054007315,0.346284682177443,0.182107127909598,0
"bcc270",91,107,17,340.333317021137,"1:5000 / 1524","scored","",90,TRUE,0.178450569600469,10,0.142116896916817,0.661651992354825,0.149425077252385,0.483201422754356,0
"bcc270",27,41,15,136.486212068792,"1:5000 / 1524","scored","",90,TRUE,0.27389268690174,10,0.336866247477104,0.65079066807784,0.250531429351346,0.376897981176099,0
"bcc270",185,199,15,140.76323050727,"1:5000 / 1524","scored","",90,TRUE,0.371420982160619,10,0.173065466412322,0.576863147841787,0.205442165681168,0.18025036828605,0
"bcc270",108,119,12,156.75697635676,"1:5000 / 1524","scored","",90,TRUE,0.154284804284615,10,0.23481260452093,0.612744726150414,0.13974785275913,0.4584599218658,0
"bcc270",130,141,12,50.8757211366141,"1:5000 / 1524","scored","",90,TRUE,0.333491591781941,10,0.219146988791715,0.623695559097135,0.211922043052509,0.290203967315195,0
"bcc270",153,164,12,326.690067452572,"1:5000 / 1524","not_scored",,,FALSE,,0,,,,,0
"bcc270",69,79,11,218.406353176994,"1:5000 / 1524","not_scored",,,FALSE,,0,,,,,0
"bcc270",80,90,11,38.9310488299244,"1:5000 / 1524","not_scored",,,FALSE,,0,,,,,0
"bcc270",142,152,11,148.876651901385,"1:5000 / 1524","not_scored",,,FALSE,,0,,,,,0
"bcc270",200,210,11,318.152247797265,"1:5000 / 1524","not_scored",,,FALSE,,0,,,,,0
"bcc270",1,10,10,320.268529755355,"1:5000 / 1524","not_scored",,,FALSE,,0,,,,,0
"bcc270",120,129,10,293.771938631316,"1:5000 / 1524","not_scored",,,FALSE,,0,,,,,0
"bcc270",11,19,9,317.722831675412,"1:5000 / 1524","not_scored",,,FALSE,,0,,,,,0
"bcc270",20,27,8,137.932819987736,"1:5000 / 1524","not_scored",,,FALSE,,0,,,,,0
"bcc270",217,224,8,357.110860255242,"1:5000 / 1524","not_scored",,,FALSE,,0,,,,,0
"bcc270",171,177,7,39.9866144716027,"1:5000 / 1524","not_scored",,,FALSE,,0,,,,,0
"bcc270",178,184,7,216.711115680433,"1:5000 / 1524","not_scored",,,FALSE,,0,,,,,0
"bcc270",165,170,6,223.280796727428,"1:5000 / 1524","not_scored",,,FALSE,,0,,,,,0
"bcc270",211,216,6,181.272413361359,"1:5000 / 1524","not_scored",,,FALSE,,0,,,,,0
"bcc278",37,60,24,84.5770780967378,"1:12000 / 3658","scored","",90,TRUE,0.504340980841613,10,0.00617257991694289,0.711443906573928,-0.0431186536888084,0.207102925732315,0
"bcc278",91,112,22,20.0078676664389,"1:12000 / 3658","scored","",90,TRUE,0.137786366581925,10,0.422974686057404,0.801074362785244,0.397426683249331,0.663287996203319,0
"bcc278",1,21,21,86.6503587034293,"1:12000 / 3658","scored","",90,TRUE,0.484190707224606,10,0.131642215315889,0.683135401384986,0.137126354807516,0.198944694160379,0
"bcc278",73,90,18,206.328956948449,"1:12000 / 3658","scored","",90,TRUE,0.561404881148547,10,-0.195815662581521,0.806233344429887,-0.0923111505307441,0.24482846328134,0
"bcc278",113,130,18,23.8127170497719,"1:4000 / 1265","scored","",90,TRUE,0.222710248840741,10,-0.0068373626554718,0.627604108388316,-0.0101803335981767,0.404893859547575,0
"bcc278",22,36,15,266.598819874947,"1:12000 / 3658","scored","",90,TRUE,0.529823034736598,10,0.100466085877973,0.654335352938804,0.124512318202206,0.0716525108426089,0
"bcc278",131,145,15,212.615343830377,"1:4000 / 1265","not_scored",,,FALSE,,0,,,,,0
"bcc278",61,72,12,25.0534316086759,"1:12000 / 3658","not_scored",,,FALSE,,0,,,,,0
"bcc278",163,172,10,160.680418453253,"1:5000 / 1676","not_scored",,,FALSE,,0,,,,,0
"bcc278",173,182,10,340.768504221638,"1:5000 / 1676","not_scored",,,FALSE,,0,,,,,0
"bcc278",146,154,9,119.716241585446,"1:4000 / 1265","not_scored",,,FALSE,,0,,,,,0
"bcc278",183,191,9,320.616901844178,"1:2000 / 686","not_scored",,,FALSE,,0,,,,,0
"bcc278",155,162,8,293.382150957103,"1:5000 / 1676","not_scored",,,FALSE,,0,,,,,0
"bcc278",192,199,8,120.03589051334,"1:4200 / 1311","not_scored",,,FALSE,,0,,,,,0
"bcc315",121,141,21,48.396636302469,"1:5000 / 1859","scored","",90,TRUE,0.225751752302346,10,0.185180571868234,0.803765367203868,0.190596499258874,0.578013614901523,0
"bcc315",18,35,18,182.064145606307,"1:2000 / 945","too_little_overlap","",,FALSE,,0,,,,,0
"bcc315",1,17,17,309.849297936281,"1:2000 / 945","too_little_overlap","",,FALSE,,0,,,,,0
"bcc315",83,97,15,24.9003734922046,"1:5000 / 1859","scored","",90,TRUE,0.123408169203147,10,0.344582588165942,0.817160824732532,0.305523487878331,0.693752655529386,0
"bcc315",98,112,15,47.0441145359691,"1:5000 / 1859","scored","",90,TRUE,0.251052728500048,10,0.258254892639086,0.823084586072805,0.339255775846701,0.572031857572758,0
"bcc315",142,156,15,18.2273976532918,"1:5000 / 1859","scored","",90,TRUE,0.234583272668764,10,0.19847653996258,0.809285923844126,0.194410796709848,0.574702651175362,0
"bcc315",157,170,14,154.712280912212,"1:5000 / 1859","not_scored",,,FALSE,,0,,,,,0
"bcc315",50,59,10,78.835939927614,"1:3000 / 1250","not_scored",,,FALSE,,0,,,,,0
"bcc315",36,44,9,182.141547182766,"1:2000 / 945","not_scored",,,FALSE,,0,,,,,0
"bcc315",60,67,8,84.6744454603957,"1:5000 / 1859","not_scored",,,FALSE,,0,,,,,0
"bcc315",75,82,8,303.402257810392,"1:5000 / 1859","not_scored",,,FALSE,,0,,,,,0
"bcc315",113,120,8,50.695064537107,"1:5000 / 1859","not_scored",,,FALSE,,0,,,,,0
"bcc315",68,74,7,40.3072293437314,"1:5000 / 1859","not_scored",,,FALSE,,0,,,,,0
"bcc4",1,29,29,234.310928087176,"1:12000 / 1829","thumbnails_unavailable",,,FALSE,,0,,,,,0
"bcc4",30,51,22,172.796588389888,"1:12000 / 1829","thumbnails_unavailable",,,FALSE,,0,,,,,0
"bcc4",52,69,18,190.428734448853,"1:12000 / 1829","thumbnails_unavailable",,,FALSE,,0,,,,,0
"bcc4",70,87,18,141.05948053332,"1:12000 / 1829","thumbnails_unavailable",,,FALSE,,0,,,,,0
"bcc528",53,109,57,88.2633396376201,"1:10000 / 4206","scored","",90,TRUE,0.177652893576654,10,0.335500762152245,0.544006456728327,0.366353563151673,0.324877649214305,0
"bcc528",164,218,55,88.7718171269387,"1:10000 / 4206","scored","",90,FALSE,0.192142045179711,10,0.254842687249124,0.474430739875911,0.2822886946962,0.231999502943459,0
"bcc528",110,163,54,268.045280644483,"1:10000 / 4206","scored","",90,TRUE,0.352836099636712,10,0.129433818035185,0.521654689331643,0.168818589694931,0.127028977589733,0
"bcc528",1,52,52,268.051596976599,"1:10000 / 4206","scored","",90,FALSE,0.122341068930627,10,0.449921875530955,0.572262944461582,0.445960744112722,0.432726970923411,0
"bcc644",54,108,55,136.984676495326,"1:10000 / 4267","scored","",90,TRUE,0.243049774502051,10,0.252701319131245,0.558355779285495,0.315306004783443,0.204763926149239,0
"bcc644",1,53,53,317.902999491245,"1:10000 / 4267","scored","",90,TRUE,0.345385520253568,10,0.0469569590183044,0.554429453992782,0.0670965979160559,0.209043933739214,0
"bcc644",109,160,52,317.630953067901,"1:10000 / 4267","scored","",90,TRUE,0.278687796675233,10,0.250112874839675,0.528800671514909,0.230366972801649,0.14123121327508,0
"bcc644",161,211,51,136.415419406705,"1:10000 / 4267","scored","",90,TRUE,0.220454060610661,10,0.259493457279212,0.690448096850639,0.265317307022845,0.469994036239978,0
"bcc644",212,255,44,316.88081041168,"1:10000 / 4267","scored","",90,TRUE,0.181463832116955,10,-0.0773083884595748,0.614889043227171,-0.125411901970833,0.433425211110216,0
"bcc7",61,78,18,298.547221076734,"1:12000 / 4328","thumbnails_unavailable",,,FALSE,,0,,,,,0
"bcc7",46,60,15,316.010146464222,"1:12000 / 4115","thumbnails_unavailable",,,FALSE,,0,,,,,0
"bcc7",18,30,13,134.50885439996,"1:12000 / 4115","thumbnails_unavailable",,,FALSE,,0,,,,,0
"bcc7",9,17,9,182.849748013927,"1:12000 / 4328","thumbnails_unavailable",,,FALSE,,0,,,,,0
"bcc7",79,87,9,171.578525038129,"1:12000 / 4328","thumbnails_unavailable",,,FALSE,,0,,,,,0
"bcc7",1,8,8,33.6777485239844,"1:12000 / 4420","thumbnails_unavailable",,,FALSE,,0,,,,,0
"bcc7",31,38,8,20.9960851237372,"1:12000 / 4115","not_scored",,,FALSE,,0,,,,,0
"bcc7",39,45,7,199.319563592674,"1:12000 / 4115","not_scored",,,FALSE,,0,,,,,0
"bcc72",68,139,72,82.3500529799858,"1:16000 / 6096","scored","",270,TRUE,0.0920244283986971,10,0.212088567982937,0.350949475469196,0.201912660586161,0.442973903867893,0
"bcc72",1,67,67,262.761047345811,"1:16000 / 6096","scored","",270,TRUE,0.100997836428167,10,0.312182513699959,0.383320300694545,0.278481804158396,0.484318137122712,0
"bcc738",102,158,57,84.6779920831451,"1:15000 / 6096","scored","",90,TRUE,0.253285307224641,10,0.209990050279817,0.518491425718952,0.183642561252757,0.265206118494311,0
"bcc738",1,43,43,83.5985850568217,"1:15000 / 6096","scored","",90,TRUE,0.371924142415858,10,0.120205674269732,0.616707227015846,0.113208415505798,0.244783084599988,0
"bcc738",44,81,38,264.165294551902,"1:15000 / 6096","scored","",90,TRUE,0.357171936553827,10,0.202017123149639,0.569477125801437,0.132478602811296,0.21230518924761,0
"bcc738",198,222,25,86.2270363520288,"1:10000 / 4816","scored","",90,TRUE,0.332349336144088,10,0.0773918658330097,0.562620742688376,0.141666656788208,0.230271406544288,0
"bcc738",81,101,21,263.224870602307,"1:15000 / 6096","scored","",90,TRUE,0.228324917437158,10,0.185361185130144,0.498351709550965,0.197325724386754,0.270026792113807,0
"bcc738",159,179,21,266.81854455246,"1:10000 / 4816","scored","",90,TRUE,0.372569633922977,10,0.187739613480458,0.591175522615374,0.218605888692398,0.128745858044501,0
"bcc738",180,197,18,87.1536410340688,"1:10000 / 4816","not_scored",,,FALSE,,0,,,,,0
"bcc8",22,45,24,23.6568508073615,"1:16000 / 5486","thumbnails_unavailable",,,FALSE,,0,,,,,0
"bcc8",1,21,21,264.354124429508,"1:16000 / 5486","thumbnails_unavailable",,,FALSE,,0,,,,,0
"bcc8",63,81,19,353.370243005734,"1:16000 / 5486","thumbnails_unavailable",,,FALSE,,0,,,,,0
"bcc8",46,62,17,83.3186379613775,"1:16000 / 5486","thumbnails_unavailable",,,FALSE,,0,,,,,0
"bcc8",82,87,6,249.1562188216,"1:16000 / 5486","thumbnails_unavailable",,,FALSE,,0,,,,,0
"bcc861",1,34,34,81.8932850641389,"1:15000 / 6706","scored","",90,FALSE,0.205591512851105,10,0.11063262446996,0.316224137321065,0.0721828063021638,0.0949605751169202,0
"bcc861",35,61,27,81.1696611310403,"1:15000 / 6858","scored","",90,TRUE,0.336088622801076,10,0.0763335083706209,0.518616268107299,0.10104842871598,0.182527645306223,0
"bcc861",62,86,25,261.210479391754,"1:15000 / 6858","scored","",90,TRUE,0.297878932127723,10,0.222581948050319,0.53243581105099,0.234556878923267,0.109863794439872,0
"bcc861",87,109,23,79.5155674885607,"1:15000 / 6858","scored","",90,FALSE,0.173651818740181,10,0.230925927617529,0.404577746357709,0.174286156133429,0.151283708854667,0
"bcc861",110,131,22,260.425585564983,"1:15000 / 6858","scored","",90,FALSE,0.175837521507956,10,0.252516676847805,0.428354198355761,0.197326298939389,0.246855831357271,0
"bcc861",153,174,22,262.058886087414,"1:15000 / 6858","scored","",90,FALSE,0.223556776993439,10,0.160310464006285,0.432310023438608,0.132708455890352,0.208753246445168,0
"bcc861",132,152,21,80.8299802719791,"1:15000 / 6858","not_scored",,,FALSE,,0,,,,,0
"bcc861",199,214,16,85.2534466149652,"1:15000 / 5944","not_scored",,,FALSE,,0,,,,,0
"bcc861",184,198,15,265.356984074548,"1:15000 / 5944","not_scored",,,FALSE,,0,,,,,0
"bcc861",175,183,9,261.19897630251,"1:15000 / 6706","not_scored",,,FALSE,,0,,,,,0
"bcc87",171,240,70,266.359811300765,"1:12000 / 6096","scored","",270,TRUE,0.253491749578564,10,0.211980132585125,0.078927953348718,-0.0983124281531998,0.465471882163688,0
"bcc87",104,170,67,86.4789090958968,"1:12000 / 6096","scored","",270,TRUE,0.307594874091058,10,0.0663799187227133,-0.132216035344603,0.00737527093294257,0.373974792813771,0
"bcc87",241,304,64,85.6203475935363,"1:12000 / 6096","scored","",270,TRUE,0.223542864476774,10,0.134673340369368,0.0546066159127847,-0.00598694388042844,0.358216204846141,0
"bcc87",305,335,31,266.696136017446,"1:12000 / 6096","scored","",270,TRUE,0.214227307763655,10,0.0117102370822552,0.102425941625847,0.0749875241222889,0.316653249389503,0
"bcc88",35,92,58,86.4198895446737,"1:12000 / 6096","scored","",270,FALSE,0.101200567935611,10,0.249831706861171,0.389371675447787,0.131419588545882,0.490572243383399,0
"bcc88",93,145,53,266.712203909665,"1:12000 / 6096","scored","",270,FALSE,0.100732744619998,10,0.175518769487464,0.20295939826792,0.115758199933924,0.303692142887918,0
"bcc88",275,323,49,86.1579420877225,"1:12000 / 6096","scored","",270,FALSE,0.140500597425771,10,0.0905801441084494,0.310740814720652,0.220302033277186,0.451241412146422,0
"bcc88",1,29,29,266.930427383522,"1:12000 / 6096","scored","",270,FALSE,0.0168543745716023,10,0.106368695084757,0.48335913633183,0.129867707505383,0.500213510903433,0
"bcc91078",24,83,60,84.6305243362314,"1:15000 / mixed","scored","",90,TRUE,0.5994427414878,10,0.0407596637372618,0.640202405225062,-0.029461307895912,0.0195215009989036,0
"bcc91078",84,143,60,264.60039508842,"1:15000 / 6553","scored","",90,TRUE,0.323202818629437,10,0.21049158978622,0.549995657862263,0.226792839232826,0.181934570201405,0
"bcc91078",144,199,56,84.5616701750702,"1:15000 / 7010","scored","",90,FALSE,0.143902860847887,10,0.130618461138981,0.46406004328239,0.22232051250677,0.320157182434502,0
"bcc91078",1,23,23,264.80617452832,"1:15000 / mixed","scored","",90,TRUE,0.422244130506883,10,0.26301538488387,0.685259515390753,0.0750551380149613,0.0725541564022901,0
"bcc91078",200,220,21,264.410000419976,"1:15000 / 7010","scored","",90,TRUE,0.379302124488239,10,0.234468054665379,0.78111686265107,0.355234620282086,0.401814738162831,0
"bcc93080",82,177,96,87.3022640154868,"1:15000 / 7010","scored","",90,FALSE,0.0761612566339483,10,0.288090251858503,0.364251508492451,0.0605545209663067,0.000958259334367581,0
"bcc93080",1,54,54,87.6118758043973,"1:15000 / 5791","scored","",90,FALSE,0.0880010544420983,10,0.244194314394471,0.348288077472714,0.260287023030616,0.124368144367665,0
"bcc93080",68,81,14,265.083303326418,"1:15000 / 6706","scored","",90,FALSE,0.369827113058781,10,-0.0717220203958393,0.609726516833583,-0.0838850496481212,0.239899403774803,0
"bcc93080",60,67,8,87.3423010899253,"1:5000 / 2896","scored","",90,FALSE,0.222768453589423,7,0.0138075661120746,0.329920085178114,0.0393712851013124,0.107151631588691,0
"bcc93082",130,204,75,88.4001261186065,"1:15000 / 5791","scored","",90,FALSE,0.0497148439001099,10,0.343243593807897,0.529353138278612,0.323044228304885,0.479638294378502,0
"bcc93082",90,129,40,268.527662571453,"1:15000 / 5791","scored","",90,FALSE,0.185608686683484,10,0.271772683977844,0.457381370661328,0.245584351046305,0.267219653308554,0
"bcc93082",51,89,39,88.5661645055072,"1:15000 / 5791","scored","",90,FALSE,0.248433821120426,10,0.250446955495534,0.49888077661596,0.242204988867567,0.224285892987731,0
"bcc93082",1,35,35,267.943567106073,"1:15000 / 5791","scored","",90,FALSE,0.257574882114637,10,0.159884794792349,0.516665167352105,0.190180347882233,0.259090285237468,0
"bcc93082",36,50,15,268.842177919853,"1:15000 / 5791","scored","",90,FALSE,0.15043625188307,10,0.19643133958832,0.445642933124374,0.225090566519888,0.295206681241304,0
"bcc94037",159,207,49,269.479099766931,"1:15000 / mixed","scored","",90,FALSE,0.0634956891458839,10,0.643688627702507,0.749537575726815,0.686041886580931,0.674822242256049,0
"bcc94037",39,85,47,89.4692036108006,"1:15000 / mixed","scored","",0,FALSE,0.000602985901918429,10,0.73175412850922,0.385696069067256,0.731151142607302,0.324855966890795,0
"bcc94037",116,158,43,89.3250172870911,"1:15000 / mixed","scored","",180,FALSE,0.00243675468734628,10,0.605623849663565,0.46866675190489,0.608060604350911,0.298266373675757,0
"bcc94037",86,115,30,269.623408504192,"1:15000 / mixed","scored","",90,FALSE,0.0377038033835237,10,0.696702704515747,0.744597134986268,0.706893331602744,0.686674009311229,0
"bcc94037",18,38,21,269.682207046205,"1:15000 / mixed","scored","",0,FALSE,0.0106950373242887,10,0.69902288371488,0.562785544081565,0.688327846390592,0.515500694779908,0
"bcc94037",1,17,17,89.6650674093116,"1:15000 / mixed","scored","",180,FALSE,0.00854052485022938,10,0.73320139208517,0.142938426607678,0.741741916935399,0.054457873142428,0
"bcc96011",1,49,49,266.022013515522,"1:15000 / 5944","scored","",90,TRUE,0.403980764524088,10,0.262963877130019,0.666944641654106,0.22158021529493,0.0861402298159425,0
"bcc96011",50,91,42,86.0830026907275,"1:15000 / 5944","scored","",90,TRUE,0.453073290706425,10,0.133012834144288,0.661164735292081,0.167474929648181,0.208091444585656,0
"bcc96011",92,128,37,266.01440837251,"1:15000 / 5944","scored","",90,TRUE,0.44400775759963,10,0.0159079424963939,0.717309901260634,0.273302143661003,0.185376987134793,0
"bcc96011",129,146,18,86.0228242018042,"1:15000 / 5944","scored","",90,TRUE,0.101248211060418,10,0.35029651559713,0.620042098609989,0.29931971290269,0.518793887549571,0
"bcc96011",147,161,15,265.242773664305,"1:15000 / 5944","scored","",90,TRUE,0.206121910644018,10,0.155532869637143,0.717189565061423,0.511067654417404,0.198797244517711,0
"bcc96011",162,171,10,86.0721143309942,"1:15000 / 5944","scored","",90,TRUE,0.497835830708135,9,-0.191987989905273,0.738260677041594,0.0224776016238768,0.240424846333459,0
"bcc96047",124,204,81,272.484385664138,"1:15000 / 6096","scored","",90,TRUE,0.389005860416738,10,0.0985562922533894,0.608421022336523,0.219415161919785,-0.104621344179031,0
"bcc96047",39,100,62,92.928616132406,"1:15000 / 6096","scored","",90,TRUE,0.545170715801643,10,0.0393972974251342,0.584568013226777,-0.159812895272645,-0.0704025053970593,0
"bcc96047",111,123,13,271.98798258222,"1:15000 / 6096","scored","",90,TRUE,0.532087297909767,10,0.0623529146444306,0.700538113925666,0.119556108766387,0.168450816015899,0
"bcc96047",101,110,10,91.2659534152147,"1:15000 / 6096","scored","",90,TRUE,0.345044246219274,9,0.415309850177905,0.760354096397179,0.121188522587093,0.288924394547381,0
"bcc96047",1,9,9,265.107221419848,"1:15000 / 6099","scored","",90,TRUE,0.236412746953139,8,0.371691466121821,0.60810421307496,0.310203389622418,0.313220283916222,0
"bcc96047",17,24,8,86.7905824675951,"1:15000 / 6251","scored","",90,TRUE,0.168583931930735,7,0.280626306866212,0.642747733342167,0.297659732351418,0.474163801411432,0
"bcc96047",10,16,7,87.2520814217019,"1:15000 / 6251","not_scored",,,FALSE,,0,,,,,0
"bcc96047",25,31,7,265.448772912079,"1:15000 / 6251","not_scored",,,FALSE,,0,,,,,0
"bcc96047",32,38,7,84.1995565754142,"1:15000 / 6251","not_scored",,,FALSE,,0,,,,,0
"bcc97155",47,108,62,88.6973975207867,"1:20000 / mixed","scored","",90,TRUE,0.223940206496734,10,-0.202057338794488,0.683439576662034,-0.23702888002158,0.4594993701653,0
"bcc97155",109,163,55,268.783973488728,"1:20000 / mixed","scored","",90,TRUE,0.232160437331802,10,0.190582076182201,0.807979731718421,0.188215561372085,0.575819294386618,0
"bcc97155",164,214,51,88.7881927058014,"1:20000 / mixed","scored","",90,TRUE,0.219865839601851,10,-0.292748391225028,0.770919590487053,-0.300446432638913,0.551053750885202,0
"bcc97155",1,23,23,89.1735762010068,"1:20000 / mixed","scored","",90,TRUE,0.104118059563975,10,0.0423230792356023,0.49638920468112,0.0159957845992288,0.392271145117145,0
"bcc97155",24,46,23,269.133596612135,"1:20000 / mixed","scored","",90,TRUE,0.0551475337702343,10,0.134985622558503,0.771311537044949,0.150554685510461,0.716164003274714,0
"bcc98",48,77,30,288.536001671702,"1:6000 / 3352","scored","",90,TRUE,0.339356369841026,10,0.246445647043376,0.65048298342238,0.311126613581354,0.30034002986275,0
"bcc98",19,47,29,108.702438514725,"1:6000 / 3352","scored","",90,TRUE,0.33686667920655,10,0.160423271434115,0.612882320513694,0.219121145965751,0.276015641307144,0
"bcc98",105,133,29,288.975080132863,"1:6000 / 3352","scored","",90,TRUE,0.226525817720049,10,0.328952282682429,0.565514658753903,0.338988841033854,0.337216168137858,0
"bcc98",78,104,27,108.231198680541,"1:6000 / 3352","scored","",90,TRUE,0.276011371431779,10,0.250340916402496,0.642401459861132,0.238251733366794,0.366390088429353,0
"bcc98",134,155,22,109.499017836038,"1:6000 / 3352","scored","",90,TRUE,0.0743227438717225,10,0.283561059228595,0.527993510735417,0.305102845975756,0.453670766863695,0
"bcc98",1,10,10,165.407568758876,"1:6000 / 3352","scored","",90,TRUE,0.308297853631658,9,0.234891662227709,0.694665650120299,0.145349327565361,0.38636779648864,0
"bcc98",11,18,8,343.018548467362,"1:6000 / 3352","not_scored",,,FALSE,,0,,,,,0
"bcc98032",160,198,39,85.7426254631634,"1:15000 / 5488","scored","",90,FALSE,0.0552820949975254,10,0.206456494687681,0.298090054275936,0.206971727527134,0.242807959278411,0
"bcc98032",199,237,39,265.446443928225,"1:15000 / 5488","scored","",90,FALSE,0.00977003365328821,10,0.00865657571686226,0.770340765719836,-0.00402369079875478,0.760570732066548,0
"bcc98032",238,276,39,85.3944647109474,"1:15000 / 5488","scored","",90,FALSE,0.0203435776084279,10,-0.327082528359889,0.719819511240086,-0.331176605071997,0.699475933631658,0
"bcc98032",82,108,27,85.4526736878035,"1:15000 / 5488","scored","",90,FALSE,0.0150281206354783,10,-0.422327360624284,0.726603896853054,-0.414700082934401,0.711575776217575,0
"bcc98032",109,134,26,265.850511142598,"1:15000 / 5488","scored","",90,FALSE,0.00590950149934244,10,-0.177127229237862,0.847635814764979,-0.172517888717531,0.841726313265636,0
"bcc98032",135,159,25,85.2755036351568,"1:15000 / 5488","scored","",90,FALSE,0.0346935958072947,10,-0.422072405485919,0.726126988975626,-0.436645198499768,0.691433393168332,0
"bcc98032",58,81,24,266.075204462716,"1:15000 / 5488","not_scored",,,FALSE,,0,,,,,0
"bcc98032",37,57,21,85.9713181576363,"1:15000 / 5488","not_scored",,,FALSE,,0,,,,,0
"bcc98032",18,36,19,265.941542689927,"1:15000 / 5488","not_scored",,,FALSE,,0,,,,,0
"bcc98032",1,17,17,86.2542137122209,"1:15000 / 5488","not_scored",,,FALSE,,0,,,,,0
"bcf07060",137,153,17,10.5784333142186,"1:7000 / 2210","scored","",90,FALSE,0.208764134469092,10,0.0382494507228225,0.302427588706781,0.0936634542376893,-0.00227234833537799,0
"bcf07060",154,170,17,190.587020615941,"1:7000 / 2210","scored","",270,FALSE,0.0341874741658557,10,0.0439310741747929,0.327524026307331,0.0385296016372504,0.361711500473186,0
"bcf07060",195,210,16,206.425396762924,"1:7000 / 2210","scored","",90,TRUE,0.328200124211711,10,0.0442944205451353,0.372494544756847,-0.00514615357695396,0.0291298223436308,0
"bcf07060",113,124,12,10.8504096611708,"1:7000 / 2210","scored","",90,FALSE,0.114084883889145,10,0.132747836852265,0.246832720741411,0.120656069430374,0.00324524240475211,0
"bcf07060",125,136,12,190.42485724193,"1:7000 / 2210","scored","",90,FALSE,0.18680474348796,10,0.0112999072493611,0.285205900109243,0.0984011566212833,0.0441344323424771,0
"bcf07060",70,80,11,242.990193990656,"1:7000 / 2210","scored","",90,FALSE,0.306853714691835,10,-0.152680149956315,0.224556442375002,-0.0822972723168338,-0.101386881890266,0
"bcf07060",60,69,10,63.0460724555257,"1:7000 / 2210","not_scored",,,FALSE,,0,,,,,0
"bcf07060",81,90,10,62.9674966452826,"1:7000 / 2210","not_scored",,,FALSE,,0,,,,,0
"bcf07060",104,112,9,190.12840604605,"1:7000 / 2210","not_scored",,,FALSE,,0,,,,,0
"bcf07060",171,179,9,26.0049171888763,"1:7000 / 2210","not_scored",,,FALSE,,0,,,,,0
"bcf07060",218,226,9,216.010675289414,"1:7000 / 2210","not_scored",,,FALSE,,0,,,,,0
"bcf07060",227,235,9,35.7708881068048,"1:7000 / 2210","not_scored",,,FALSE,,0,,,,,0
"bcf07060",1,8,8,188.39247848233,"1:7000 / 2210","not_scored",,,FALSE,,0,,,,,0
"bcf07060",9,16,8,8.39972874524225,"1:7000 / 2210","not_scored",,,FALSE,,0,,,,,0
"bcf07060",36,43,8,62.1692714430824,"1:7000 / 2210","not_scored",,,FALSE,,0,,,,,0
"bcf07060",180,187,8,206.122568806905,"1:7000 / 2210","not_scored",,,FALSE,,0,,,,,0
"bcf07060",22,28,7,61.991462240706,"1:7000 / 2210","not_scored",,,FALSE,,0,,,,,0
"bcf07060",29,35,7,241.850447755265,"1:7000 / 2210","not_scored",,,FALSE,,0,,,,,0
"bcf07060",44,50,7,215.732092879003,"1:7000 / 2210","not_scored",,,FALSE,,0,,,,,0
"bcf07060",91,97,7,196.053463766769,"1:7000 / 2210","not_scored",,,FALSE,,0,,,,,0
"bcf07060",188,194,7,35.7752913837877,"1:7000 / 2210","not_scored",,,FALSE,,0,,,,,0
"bcf07060",211,217,7,10.4150013958273,"1:7000 / 2210","not_scored",,,FALSE,,0,,,,,0
"bcf07060",236,242,7,216.008571540591,"1:7000 / 2210","not_scored",,,FALSE,,0,,,,,0
"bcf07060",98,103,6,16.0858249539542,"1:7000 / 2286","not_scored",,,FALSE,,0,,,,,0
"bcf335",1,17,17,266.795345219298,"1:10000 / 4054","thumbnails_unavailable",,,FALSE,,0,,,,,0
"bcf335",55,71,17,268.762945875369,"1:10000 / 4054","thumbnails_unavailable",,,FALSE,,0,,,,,0
"bcf335",29,44,16,266.652032417651,"1:10000 / 4054","thumbnails_unavailable",,,FALSE,,0,,,,,0
"bcf335",72,87,16,88.5075658442563,"1:10000 / 4054","thumbnails_unavailable",,,FALSE,,0,,,,,0
"bcf335",88,103,16,267.741668965183,"1:10000 / 4054","thumbnails_unavailable",,,FALSE,,0,,,,,0
"bcf335",116,128,13,267.155265305625,"1:10000 / 4054","thumbnails_unavailable",,,FALSE,,0,,,,,0
"bcf335",104,115,12,86.2176073093639,"1:10000 / 4054","not_scored",,,FALSE,,0,,,,,0
"bcf335",18,28,11,87.5955236817108,"1:10000 / 4054","not_scored",,,FALSE,,0,,,,,0
"bcf335",45,54,10,87.5462077339478,"1:10000 / 4054","not_scored",,,FALSE,,0,,,,,0
"bcf96001",19,37,19,262.604504009207,"1:10000 / 3505","thumbnails_unavailable",,,FALSE,,0,,,,,0
"bcf96001",87,105,19,205.276737242023,"1:10000 / 3505","thumbnails_unavailable",,,FALSE,,0,,,,,0
"bcf96001",106,124,19,26.1374317255551,"1:10000 / 3505","thumbnails_unavailable",,,FALSE,,0,,,,,0
"bcf96001",1,18,18,83.8637833190988,"1:10000 / 3505","thumbnails_unavailable",,,FALSE,,0,,,,,0
"bcf96001",38,55,18,81.9349471444236,"1:10000 / 3505","thumbnails_unavailable",,,FALSE,,0,,,,,0
"bcf96001",56,70,15,344.414212923964,"1:10000 / 3505","thumbnails_unavailable",,,FALSE,,0,,,,,0
"bcf96001",125,139,15,262.51259714752,"1:10000 / 3505","not_scored",,,FALSE,,0,,,,,0
"bcf96001",140,153,14,82.595945356082,"1:10000 / 3505","not_scored",,,FALSE,,0,,,,,0
"bcf96001",154,166,13,113.519092332297,"1:10000 / 3505","not_scored",,,FALSE,,0,,,,,0
"bcf96001",177,187,11,175.038356743889,"1:10000 / 3505","not_scored",,,FALSE,,0,,,,,0
"bcf96001",188,198,11,23.8001924850345,"1:10000 / 3505","not_scored",,,FALSE,,0,,,,,0
"bcf96001",70,79,10,325.529009311612,"1:10000 / 3505","not_scored",,,FALSE,,0,,,,,0
"bcf96001",167,176,10,353.142511029064,"1:10000 / 3505","not_scored",,,FALSE,,0,,,,,0
"bcf96001",199,208,10,88.1198062422655,"1:10000 / 3444","not_scored",,,FALSE,,0,,,,,0
"bcf96001",209,218,10,267.5593055653,"1:10000 / 3444","not_scored",,,FALSE,,0,,,,,0
"bcf96001",219,228,10,303.955949872709,"1:10000 / 3444","not_scored",,,FALSE,,0,,,,,0
"bcf96001",80,86,7,236.012738208222,"1:10000 / 3505","not_scored",,,FALSE,,0,,,,,0
"bcf96002",37,57,21,322.212614856368,"1:10000 / 3444","thumbnails_unavailable",,,FALSE,,0,,,,,0
"bcf96002",58,74,17,141.606520686413,"1:10000 / 3444","thumbnails_unavailable",,,FALSE,,0,,,,,0
"bcf96002",75,84,10,320.924511676312,"1:10000 / 3444","thumbnails_unavailable",,,FALSE,,0,,,,,0
"bcf96002",85,93,9,140.446837827248,"1:10000 / 3444","thumbnails_unavailable",,,FALSE,,0,,,,,0
"bcf96002",94,101,8,322.176409895876,"1:10000 / 3444","thumbnails_unavailable",,,FALSE,,0,,,,,0
"bcf97001",166,198,33,278.540828759377,"1:10000 / 3353","thumbnails_unavailable",,,FALSE,,0,,,,,0
"bcf97001",132,148,17,341.932492240573,"1:10000 / 3353","thumbnails_unavailable",,,FALSE,,0,,,,,0
"bcf97001",149,165,17,161.708742253057,"1:10000 / 3353","thumbnails_unavailable",,,FALSE,,0,,,,,0
"bcf97001",63,78,16,209.929666033467,"1:10000 / 3353","thumbnails_unavailable",,,FALSE,,0,,,,,0
"bcf97001",79,94,16,29.5536051784739,"1:10000 / 3353","thumbnails_unavailable",,,FALSE,,0,,,,,0
"bcf97001",48,62,15,354.599241549534,"1:10000 / 3353","thumbnails_unavailable",,,FALSE,,0,,,,,0
"bcf97001",117,131,15,200.080624352057,"1:10000 / 3353","not_scored",,,FALSE,,0,,,,,0
"bcf97001",4,17,14,356.210989627496,"1:10000 / 3353","not_scored",,,FALSE,,0,,,,,0
"bcf97001",95,108,14,210.977081569877,"1:10000 / 3353","not_scored",,,FALSE,,0,,,,,0
"bcf97001",18,28,11,73.5379813391043,"1:10000 / 3505","not_scored",,,FALSE,,0,,,,,0
"bcf97001",29,38,10,280.823117017846,"1:10000 / 3505","not_scored",,,FALSE,,0,,,,,0
"bcf97001",39,47,9,327.048216608708,"1:10000 / 3505","not_scored",,,FALSE,,0,,,,,0
"bcf97001",109,116,8,44.6224559225351,"1:10000 / 3353","not_scored",,,FALSE,,0,,,,,0
"bcf97001",206,213,8,119.380426555688,"1:10000 / 3505","not_scored",,,FALSE,,0,,,,,0
"bcf97001",214,221,8,318.310238576999,"1:10000 / 3353","not_scored",,,FALSE,,0,,,,,0
"bcf97001",199,205,7,133.539967977856,"1:10000 / 3505","not_scored",,,FALSE,,0,,,,,0
"bcf97002",151,200,50,95.5061282223693,"1:10000 / 3505","thumbnails_unavailable",,,FALSE,,0,,,,,0
"bcf97002",27,52,26,275.455155813414,"1:10000 / 3353","thumbnails_unavailable",,,FALSE,,0,,,,,0
"bcf97002",97,119,23,119.524163285943,"1:10000 / 3505","thumbnails_unavailable",,,FALSE,,0,,,,,0
"bcf97002",120,142,23,298.778217531226,"1:10000 / 3505","thumbnails_unavailable",,,FALSE,,0,,,,,0
"bcf97002",1,19,19,20.5981382216548,"1:10000 / 3353","thumbnails_unavailable",,,FALSE,,0,,,,,0
"bcf97002",64,75,12,351.526201375176,"1:10000 / 3505","thumbnails_unavailable",,,FALSE,,0,,,,,0
"bcf97002",53,63,11,171.631368544193,"1:10000 / 3505","not_scored",,,FALSE,,0,,,,,0
"bcf97002",86,96,11,62.8364414979193,"1:10000 / 3505","not_scored",,,FALSE,,0,,,,,0
"bcf97002",76,85,10,233.927042789637,"1:10000 / 3505","not_scored",,,FALSE,,0,,,,,0
"bcf97002",20,26,7,100.495758160318,"1:10000 / 3505","not_scored",,,FALSE,,0,,,,,0
"bcf97002",145,150,6,95.8872057323825,"1:10000 / 3505","not_scored",,,FALSE,,0,,,,,0
"bcf97003",63,126,64,95.5622772137875,"1:10000 / 3353","thumbnails_unavailable",,,FALSE,,0,,,,,0
"bcf97003",138,178,41,278.12786557671,"1:10000 / 3353","thumbnails_unavailable",,,FALSE,,0,,,,,0
"bcf97003",1,36,36,275.402127480199,"1:10000 / 3353","thumbnails_unavailable",,,FALSE,,0,,,,,0
"bcf97003",188,218,31,98.6562968198961,"1:10000 / 3353","thumbnails_unavailable",,,FALSE,,0,,,,,0
"bcf97003",37,62,26,275.810308600743,"1:10000 / 3353","thumbnails_unavailable",,,FALSE,,0,,,,,0
"bcf97003",127,137,11,99.3414062634598,"1:10000 / 3353","thumbnails_unavailable",,,FALSE,,0,,,,,0
"bcf97003",180,187,8,98.1130050404428,"1:10000 / 3353","not_scored",,,FALSE,,0,,,,,0
"bci10",97,118,22,126.209457857971,"1:6000 / 3200","thumbnails_unavailable",,,FALSE,,0,,,,,0
"bci10",76,96,21,306.812677169733,"1:6000 / 3200","thumbnails_unavailable",,,FALSE,,0,,,,,0
"bci10",119,135,17,307.224701390471,"1:6000 / 3200","thumbnails_unavailable",,,FALSE,,0,,,,,0
"bci10",30,45,16,349.932139962358,"1:12000 / 5182","thumbnails_unavailable",,,FALSE,,0,,,,,0
"bci10",15,29,15,171.104115848012,"1:12000 / 5182","thumbnails_unavailable",,,FALSE,,0,,,,,0
"bci10",1,14,14,355.941548951601,"1:12000 / 5182","thumbnails_unavailable",,,FALSE,,0,,,,,0
"bci10",46,55,10,174.155434368066,"1:12000 / 5182","not_scored",,,FALSE,,0,,,,,0
"bci10",56,65,10,348.027316137082,"1:12000 / 5182","not_scored",,,FALSE,,0,,,,,0
"bci10",66,75,10,170.016916878176,"1:12000 / 5182","not_scored",,,FALSE,,0,,,,,0
"bci11",25,49,25,312.772479604587,"1:6000 / 3200","thumbnails_unavailable",,,FALSE,,0,,,,,0
"bci11",1,24,24,312.138508652036,"1:6000 / 3200","thumbnails_unavailable",,,FALSE,,0,,,,,0
"bci11",50,73,24,131.257625686923,"1:6000 / 3200","thumbnails_unavailable",,,FALSE,,0,,,,,0
"bci11",104,122,19,175.517275071445,"1:15840 / 6096","thumbnails_unavailable",,,FALSE,,0,,,,,0
"bci11",123,137,15,354.538815826652,"1:15840 / 6096","thumbnails_unavailable",,,FALSE,,0,,,,,0
"bci11",74,81,8,191.242502540593,"1:15840 / 6096","thumbnails_unavailable",,,FALSE,,0,,,,,0
"bci11",88,95,8,99.9856102120537,"1:15840 / 6096","not_scored",,,FALSE,,0,,,,,0
"bci11",96,103,8,97.5037814413848,"1:15840 / 6096","not_scored",,,FALSE,,0,,,,,0
"bci11",82,87,6,205.944108985135,"1:15840 / 5944","not_scored",,,FALSE,,0,,,,,0
"bci12",32,53,22,321.872960963687,"1:8000 / 3353","thumbnails_unavailable",,,FALSE,,0,,,,,0
"bci12",67,81,15,146.030055114122,"1:8000 / 3353","thumbnails_unavailable",,,FALSE,,0,,,,,0
"bci12",1,14,14,15.2916283321945,"1:15840 / 3682","thumbnails_unavailable",,,FALSE,,0,,,,,0
"bci12",54,66,13,326.537360613642,"1:8000 / 3353","thumbnails_unavailable",,,FALSE,,0,,,,,0
"bci12",21,31,11,145.280709973856,"1:8000 / 3353","thumbnails_unavailable",,,FALSE,,0,,,,,0
"bci12",15,20,6,321.506321982057,"1:8000 / 3353","thumbnails_unavailable",,,FALSE,,0,,,,,0
"bci2",1,33,33,182.114604471272,"1:10000 / 3810","thumbnails_unavailable",,,FALSE,,0,,,,,0
"bci2",90,120,31,0.982966478210532,"1:10000 / 3810","thumbnails_unavailable",,,FALSE,,0,,,,,0
"bci2",34,62,29,2.13949194714093,"1:10000 / 3810","thumbnails_unavailable",,,FALSE,,0,,,,,0
"bci2",63,89,27,182.518733618922,"1:10000 / 3810","thumbnails_unavailable",,,FALSE,,0,,,,,0
"bci3",13,27,15,85.6452697420979,"1:10000 / 4023","thumbnails_unavailable",,,FALSE,,0,,,,,0
"bci3",73,87,15,90.5931531748694,"1:10000 / 4023","thumbnails_unavailable",,,FALSE,,0,,,,,0
"bci3",88,102,15,235.875459817878,"1:10000 / 4023","thumbnails_unavailable",,,FALSE,,0,,,,,0
"bci3",50,62,13,207.65667937343,"1:10000 / 4023","thumbnails_unavailable",,,FALSE,,0,,,,,0
"bci3",1,12,12,239.753915067279,"1:10000 / 4023","thumbnails_unavailable",,,FALSE,,0,,,,,0
"bci3",38,49,12,231.740983087947,"1:10000 / 4023","thumbnails_unavailable",,,FALSE,,0,,,,,0
"bci3",103,113,11,185.361290871672,"1:10000 / 4023","not_scored",,,FALSE,,0,,,,,0
"bci3",28,37,10,165.181782234192,"1:10000 / 4023","not_scored",,,FALSE,,0,,,,,0
"bci3",63,72,10,70.4180811249074,"1:10000 / 4023","not_scored",,,FALSE,,0,,,,,0
"bci4",102,125,24,144.288305570114,"1:10000 / 4877","thumbnails_unavailable",,,FALSE,,0,,,,,0
"bci4",82,101,20,323.884016474856,"1:10000 / 4877","thumbnails_unavailable",,,FALSE,,0,,,,,0
"bci4",1,17,17,356.021873677705,"1:12000 / 4572","thumbnails_unavailable",,,FALSE,,0,,,,,0
"bci4",49,65,17,175.384754996735,"1:12000 / 4572","thumbnails_unavailable",,,FALSE,,0,,,,,0
"bci4",33,48,16,356.685253987087,"1:12000 / 4572","thumbnails_unavailable",,,FALSE,,0,,,,,0
"bci4",66,81,16,354.806291418699,"1:12000 / 4572","thumbnails_unavailable",,,FALSE,,0,,,,,0
"bci4",18,32,15,177.858710642481,"1:12000 / 4572","not_scored",,,FALSE,,0,,,,,0
"bci49",65,95,31,85.5388432484411,"1:40000 / 7620","thumbnails_unavailable",,,FALSE,,0,,,,,0
"bci49",96,126,31,265.105246010902,"1:40000 / 7620","thumbnails_unavailable",,,FALSE,,0,,,,,0
"bci49",1,26,26,262.978978508195,"1:40000 / 7620","thumbnails_unavailable",,,FALSE,,0,,,,,0
"bci49",45,64,20,265.090749441822,"1:40000 / 7620","thumbnails_unavailable",,,FALSE,,0,,,,,0
"bci49",27,44,18,85.0032113452097,"1:40000 / 7620","thumbnails_unavailable",,,FALSE,,0,,,,,0
"bci49",127,135,9,82.9200225993531,"1:40000 / 7620","thumbnails_unavailable",,,FALSE,,0,,,,,0
"bci5",71,98,28,144.405424626264,"1:10000 / 4877","thumbnails_unavailable",,,FALSE,,0,,,,,0
"bci5",1,24,24,325.235274754428,"1:10000 / 4877","thumbnails_unavailable",,,FALSE,,0,,,,,0
"bci5",25,48,24,144.524895126811,"1:10000 / 4877","thumbnails_unavailable",,,FALSE,,0,,,,,0
"bci5",49,70,22,324.222484817662,"1:10000 / 4877","thumbnails_unavailable",,,FALSE,,0,,,,,0
"bci5",120,131,12,178.470192711401,"1:10000 / 4267","thumbnails_unavailable",,,FALSE,,0,,,,,0
"bci5",109,119,11,354.060943401175,"1:10000 / 4267","thumbnails_unavailable",,,FALSE,,0,,,,,0
"bci5",99,108,10,174.77583886891,"1:10000 / 4267","not_scored",,,FALSE,,0,,,,,0
"bci6",27,40,14,173.610005006218,"1:12000 / 4724","thumbnails_unavailable",,,FALSE,,0,,,,,0
"bci6",1,13,13,355.654650151827,"1:10000 / 4267","thumbnails_unavailable",,,FALSE,,0,,,,,0
"bci6",14,26,13,175.998892493208,"1:10000 / 4267","thumbnails_unavailable",,,FALSE,,0,,,,,0
"bci6",73,85,13,173.659923151761,"1:12000 / 4724","thumbnails_unavailable",,,FALSE,,0,,,,,0
"bci6",51,62,12,172.882392934071,"1:12000 / 4724","thumbnails_unavailable",,,FALSE,,0,,,,,0
"bci6",86,97,12,353.34102746518,"1:12000 / 4724","thumbnails_unavailable",,,FALSE,,0,,,,,0
"bci6",98,109,12,355.132134508387,"1:12000 / 4572","not_scored",,,FALSE,,0,,,,,0
"bci6",41,50,10,353.940361524088,"1:12000 / 4724","not_scored",,,FALSE,,0,,,,,0
"bci6",63,72,10,353.632559071393,"1:12000 / 4724","not_scored",,,FALSE,,0,,,,,0
"bci8",1,31,31,92.00091086006,"1:15840 / 5438","thumbnails_unavailable",,,FALSE,,0,,,,,0
"bci8",56,80,25,275.207327184986,"1:15840 / 5438","thumbnails_unavailable",,,FALSE,,0,,,,,0
"bci8",43,55,13,203.640927208027,"1:15840 / 5438","thumbnails_unavailable",,,FALSE,,0,,,,,0
"bci8",98,110,13,358.059500462872,"1:7920 / 2896","thumbnails_unavailable",,,FALSE,,0,,,,,0
"bci8",111,123,13,175.426706978463,"1:7920 / 2896","thumbnails_unavailable",,,FALSE,,0,,,,,0
"bci8",32,42,11,36.3494356550641,"1:15840 / 5438","thumbnails_unavailable",,,FALSE,,0,,,,,0
"bci8",81,91,11,155.574531123245,"1:7920 / 2896","not_scored",,,FALSE,,0,,,,,0
"bci8",124,134,11,336.665165437868,"1:7920 / 2896","not_scored",,,FALSE,,0,,,,,0
"bci8",92,97,6,180.292380696155,"1:7920 / 2896","not_scored",,,FALSE,,0,,,,,0
"bci80103",1,28,28,121.412218261718,"1:7000 / 2195","thumbnails_unavailable",,,FALSE,,0,,,,,0
"bci80103",57,72,16,286.843706707255,"1:7200 / 2195","thumbnails_unavailable",,,FALSE,,0,,,,,0
"bci80103",42,56,15,106.525435414397,"1:7200 / 2195","thumbnails_unavailable",,,FALSE,,0,,,,,0
"bci80103",29,41,13,47.7410694710789,"1:7000 / 2195","thumbnails_unavailable",,,FALSE,,0,,,,,0
"bci9",70,82,13,26.4649373246117,"1:15840 / 5944","thumbnails_unavailable",,,FALSE,,0,,,,,0
"bci9",26,36,11,323.89497777335,"1:8000 / 5944","thumbnails_unavailable",,,FALSE,,0,,,,,0
"bci9",37,47,11,207.973664676978,"1:15840 / 5944","thumbnails_unavailable",,,FALSE,,0,,,,,0
"bci9",83,93,11,207.925530928141,"1:15840 / 5944","thumbnails_unavailable",,,FALSE,,0,,,,,0
"bci9",12,19,8,143.182957417274,"1:8000 / 5944","thumbnails_unavailable",,,FALSE,,0,,,,,0
"bci9",54,61,8,25.9657034502003,"1:15840 / 5944","thumbnails_unavailable",,,FALSE,,0,,,,,0
"bci9",62,69,8,208.541495725055,"1:15840 / 5944","not_scored",,,FALSE,,0,,,,,0
"bci9",93,100,8,28.7294416866629,"1:15840 / 5944","not_scored",,,FALSE,,0,,,,,0
"bci9",111,118,8,174.082315438447,"1:15840 / 5898","not_scored",,,FALSE,,0,,,,,0
"bci9",48,54,7,29.2865638669928,"1:15840 / 5944","not_scored",,,FALSE,,0,,,,,0
"bci9",1,6,6,336.831154990105,"1:15000 / 5944","not_scored",,,FALSE,,0,,,,,0
"bci9",20,25,6,324.210591513209,"1:8000 / 5944","not_scored",,,FALSE,,0,,,,,0
"bci9",101,106,6,178.324360859372,"1:15840 / 5898","not_scored",,,FALSE,,0,,,,,0
"bci93044",96,126,31,10.2344044618439,"1:7200 / 2195","thumbnails_unavailable",,,FALSE,,0,,,,,0
"bci93044",32,60,29,190.700306636027,"1:7200 / 2195","thumbnails_unavailable",,,FALSE,,0,,,,,0
"bci93044",61,79,19,8.92579792586137,"1:7200 / 2195","thumbnails_unavailable",,,FALSE,,0,,,,,0
"bci93044",80,94,15,190.239031693259,"1:7200 / 2195","thumbnails_unavailable",,,FALSE,,0,,,,,0
"bci93044",18,31,14,190.557197163469,"1:7200 / 2195","thumbnails_unavailable",,,FALSE,,0,,,,,0
"bci93044",4,15,12,190.123403156804,"1:7200 / 2195","thumbnails_unavailable",,,FALSE,,0,,,,,0
"bci93044",130,139,10,195.136251991463,"1:7200 / 2195","not_scored",,,FALSE,,0,,,,,0
"bci93044",141,150,10,15.5493390486392,"1:7200 / 2195","not_scored",,,FALSE,,0,,,,,0
"bci93045",1,19,19,243.371066288539,"1:7200 / 2195","thumbnails_unavailable",,,FALSE,,0,,,,,0
"bci93045",31,47,17,243.349038743296,"1:7200 / 2195","thumbnails_unavailable",,,FALSE,,0,,,,,0
"bci93045",95,107,13,22.3656451092427,"1:7200 / 2195","thumbnails_unavailable",,,FALSE,,0,,,,,0
"bci93045",125,136,12,182.918199552605,"1:7200 / 2195","thumbnails_unavailable",,,FALSE,,0,,,,,0
"bci93045",114,124,11,0.490171840283745,"1:7200 / 2195","thumbnails_unavailable",,,FALSE,,0,,,,,0
"bci93045",20,28,9,62.5831759490819,"1:7200 / 2195","thumbnails_unavailable",,,FALSE,,0,,,,,0
"bci93045",146,154,9,242.028337362076,"1:7200 / 2195","not_scored",,,FALSE,,0,,,,,0
"bci93045",170,178,9,182.015137931873,"1:7200 / 2195","not_scored",,,FALSE,,0,,,,,0
"bci93045",58,65,8,60.622628904184,"1:7200 / 2195","not_scored",,,FALSE,,0,,,,,0
"bci93045",73,80,8,24.7754870088548,"1:7200 / 2195","not_scored",,,FALSE,,0,,,,,0
"bci93045",157,164,8,61.2910613067194,"1:7200 / 2195","not_scored",,,FALSE,,0,,,,,0
"bci93045",66,72,7,203.777776085921,"1:7200 / 2195","not_scored",,,FALSE,,0,,,,,0
"bci93045",88,94,7,173.756864933967,"1:7200 / 2195","not_scored",,,FALSE,,0,,,,,0
"bci93045",138,144,7,182.453370461941,"1:7200 / 2195","not_scored",,,FALSE,,0,,,,,0
"bci93045",48,53,6,63.0848477061294,"1:7200 / 2195","not_scored",,,FALSE,,0,,,,,0
"bci93045",82,87,6,202.172732428035,"1:7200 / 2195","not_scored",,,FALSE,,0,,,,,0
"bci93045",108,113,6,181.912913712978,"1:7200 / 2195","not_scored",,,FALSE,,0,,,,,0
"bci95063",60,75,16,133.367805912478,"1:7000 / 2195","thumbnails_unavailable",,,FALSE,,0,,,,,0
"bci95063",76,87,12,313.7101143654,"1:7000 / 2195","thumbnails_unavailable",,,FALSE,,0,,,,,0
"bci95063",22,32,11,314.850282788692,"1:7000 / 2195","thumbnails_unavailable",,,FALSE,,0,,,,,0
"bci95063",50,59,10,259.860708351495,"1:7000 / 2195","thumbnails_unavailable",,,FALSE,,0,,,,,0
"bci95063",33,41,9,134.511694341553,"1:7000 / 2195","thumbnails_unavailable",,,FALSE,,0,,,,,0
"bci95063",88,96,9,134.334932362635,"1:7000 / 2195","thumbnails_unavailable",,,FALSE,,0,,,,,0
"bci95063",8,15,8,318.100604678248,"1:7000 / 2195","not_scored",,,FALSE,,0,,,,,0
"bci95063",42,49,8,314.659424110895,"1:7000 / 2195","not_scored",,,FALSE,,0,,,,,0
"bci95063",1,7,7,91.7432672806815,"1:7000 / 2195","not_scored",,,FALSE,,0,,,,,0
"bci95063",114,120,7,271.741756716572,"1:7000 / 2195","not_scored",,,FALSE,,0,,,,,0
"bci95063",16,21,6,31.4397683798251,"1:7000 / 2195","not_scored",,,FALSE,,0,,,,,0
"bci95063",102,107,6,241.83518608212,"1:7000 / 2195","not_scored",,,FALSE,,0,,,,,0
"bci95063",108,113,6,91.6848829108276,"1:7000 / 2195","not_scored",,,FALSE,,0,,,,,0
"bci96066",97,114,18,317.232907825025,"1:7200 / 2195","thumbnails_unavailable",,,FALSE,,0,,,,,0
"bci96066",60,71,12,355.947210885217,"1:7200 / 2195","thumbnails_unavailable",,,FALSE,,0,,,,,0
"bci96066",40,50,11,318.469286103124,"1:7200 / 2195","thumbnails_unavailable",,,FALSE,,0,,,,,0
"bci96066",1,10,10,294.183367993399,"1:7200 / 2195","thumbnails_unavailable",,,FALSE,,0,,,,,0
"bci96066",72,81,10,175.870430489981,"1:7200 / 2195","thumbnails_unavailable",,,FALSE,,0,,,,,0
"bci96066",26,34,9,355.708779433754,"1:7200 / 2195","thumbnails_unavailable",,,FALSE,,0,,,,,0
"bci96066",51,59,9,138.222982374182,"1:7200 / 2195","not_scored",,,FALSE,,0,,,,,0
"bci96066",88,96,9,88.1711778530026,"1:7200 / 2195","not_scored",,,FALSE,,0,,,,,0
"bci96066",11,18,8,118.38050460124,"1:7200 / 2195","not_scored",,,FALSE,,0,,,,,0
"bci96066",19,25,7,297.646668920317,"1:7200 / 2195","not_scored",,,FALSE,,0,,,,,0
"bci96066",82,88,7,356.797264637306,"1:7200 / 2195","not_scored",,,FALSE,,0,,,,,0
