"film_roll","first_frame","frame_a","frame_b","score_0","score_90","score_180","score_270"
"bc4218",9,26,27,-0.0756009052370855,0.136881474789229,-0.169095696353781,0.687295919833497
"bc4218",9,27,28,0.368260436600174,0.300010321776699,0.0224557424833496,0.654032148638853
"bc4218",9,28,29,0.253581999510441,0.14925968162108,0.209066934242576,0.734423930499286
"bc4218",9,29,30,0.0434977183046933,0.353118404989936,0.207661684983338,0.598880836387888
"bc4218",9,30,31,-0.035987602947146,0.195475143108226,0.0458550638459103,0.550845261234903
"bc4218",9,31,32,-0.0523629175128683,0.19977966225027,0.0507216539894687,0.596510574661471
"bc4218",9,32,33,-0.054136807079669,0.365950151345728,-0.132796809012287,0.717248934206405
"bc4218",9,33,34,-0.033188100513943,0.374822023191432,0.167526475867285,0.668435074983012
"bc4218",9,34,35,-0.0475999580736997,0.20019629781449,0.106216236399838,0.516498422421783
"bc4218",9,35,36,0.0173474030922263,0.0898235956206874,0.0720685837752067,0.502097687211115
"bc4218",54,63,64,-0.129393562470165,0.429763555069343,0.112553078388013,0.791268900844106
"bc4218",54,64,65,-0.151606555298652,0.544382724822179,-0.10364672918092,0.687804030906018
"bc4218",54,65,66,-0.0268369168324217,0.43207937578132,-0.209269689143781,0.61283919239965
"bc4218",54,66,67,0.0947534694935523,0.186073265651349,0.129780045756862,0.751237273149687
"bc4218",54,67,68,0.144387093173827,0.460094014491198,0.305693277116744,0.676784865242212
"bc4218",54,68,69,0.261355785368551,0.292759225714384,-0.0539976262358321,0.790815603557648
"bc4218",54,69,70,0.144838238552299,0.111750957998552,-0.0927558762921766,0.700021409040287
"bc4218",54,70,71,-0.0216399516894936,0.200493149223572,-0.0716642984648755,0.607671606693019
"bc4218",54,71,72,-0.0838563670486878,0.149264418736481,0.235229940348286,0.563500120321022
"bc4218",54,72,73,0.236681222355712,0.105821430786933,0.0304137179171189,0.766427123413513
"bc4218",1,1,2,0.0111065773151663,0.402983402985122,-0.0215840987482404,0.487023028370336
"bc4218",1,2,3,0.128363111657599,0.328337555531397,0.0354114657722749,0.560305936327077
"bc4218",1,3,4,0.00621169582066913,0.165999247549446,0.290929663455907,0.637607349652508
"bc4218",1,4,5,-0.0551119561911607,0.0828550695928406,0.231410425988421,0.790392154949101
"bc4218",1,5,6,0.177014413842779,0.201193063296325,0.0212657150517753,0.705386911306661
"bc4218",1,6,7,-0.0647832787266464,0.0128528045368218,-0.032912460463481,0.739927865946906
"bc4218",1,7,8,-0.282885166050115,0.340635465036039,-0.058559746223447,0.703491163699591
"bc4234",213,235,236,0.358072420917323,-0.144895272120137,-0.182985288668288,0.619661625265497
"bc4234",213,236,237,0.268153262549127,-0.134022794187498,-0.476771175434108,0.702936358978893
"bc4234",213,237,238,0.321377429920391,0.119069408832442,-0.354872594560958,0.812746257732314
"bc4234",213,238,239,-0.000181733753842922,0.475644202807978,-0.0657521962952647,0.767515085805384
"bc4234",213,239,240,-0.0507808672999154,0.472727963413112,-0.0890221459498572,0.607604331699272
"bc4234",213,240,241,-0.0141199690471136,0.309128797878115,-0.181901311124887,0.684782708793923
"bc4234",213,241,242,-0.0916784117226395,0.350292628744107,-0.120490259912768,0.574943827849084
"bc4234",213,242,243,0.177690888620974,0.33111916262754,0.147863909636403,0.440490268737086
"bc4234",213,243,244,0.169975225524604,0.35511855015175,0.185821627129242,0.542196318768565
"bc4234",213,244,245,0.163945386454341,0.353591742019697,0.112084718102154,0.568925573622243
"bc4234",106,127,128,0.432535970105031,0.716953674386407,0.489021882200753,0.858396005166577
"bc4234",106,128,129,0.324773936821056,0.487524044803572,0.162460370100731,0.737067182310081
"bc4234",106,129,130,0.41523277198304,0.366947535956596,0.252518250911044,0.731790842993636
"bc4234",106,130,131,0.47120052376798,0.277968783660089,0.344588536488557,0.587162764773551
"bc4234",106,131,132,0.409591747762359,0.349481941470428,0.475343197634442,0.762801544055902
"bc4234",106,132,133,0.416507573411056,0.548865019117693,0.650673977500942,0.872822008571142
"bc4234",106,133,134,0.586928362992095,0.656503213072671,0.644560718593988,0.82401966439397
"bc4234",106,134,135,0.596947858920549,0.629176221662042,0.585970438408705,0.804020281486887
"bc4234",106,135,136,0.418012592222765,0.489323690133737,0.571505398071892,0.829143685147038
"bc4234",106,136,137,0.387570037577696,0.302367774068067,0.290337658945647,0.594011183954181
"bc4234",1,22,23,0.339557509428515,0.16092193295045,0.166110716799605,0.555847370041889
"bc4234",1,23,24,0.443740143350725,0.388986840455394,0.496309840879428,0.543632592236964
"bc4234",1,24,25,0.398354965133936,0.0496979774052052,0.265675845489747,0.561721934318254
"bc4234",1,25,26,-0.0525443918189578,-0.043237871217826,-0.0631415894051085,0.347124025014089
"bc4234",1,26,27,-0.0437680399643244,0.0890278859786835,0.0681454592380438,0.566031709699464
"bc4234",1,27,28,0.0253765060120269,0.124702014056581,0.148288842095084,0.72068864159212
"bc4234",1,28,29,-0.0492364615804215,0.312556559915949,0.276831349765692,0.76321945220886
"bc4234",1,29,30,0.242324092234832,0.461366793771506,0.337857018585011,0.768575111040813
"bc4234",1,30,31,0.431129370614477,0.44055441871892,0.340940718128547,0.716122663794582
"bc4234",1,31,32,0.392028145808468,0.259379372559476,0.166922941690106,0.569610282108526
"bc4234",160,181,182,0.192492361995391,0.347971574376336,0.156308015198554,0.583081720828142
"bc4234",160,182,183,0.121079239062941,0.471944765546544,0.104835959217026,0.629025858842563
"bc4234",160,183,184,0.0525840905021199,0.420230132754382,0.0282235793045353,0.758027616964692
"bc4234",160,184,185,0.0228332477796679,0.486447094359024,0.08289203293522,0.7370213787
"bc4234",160,185,186,0.0772925478359814,0.506328621216742,0.199304990963419,0.628242914891624
"bc4234",160,186,187,0.325415306360649,0.485663948587195,0.349150358716102,0.686882556415178
"bc4234",160,187,188,0.273829101321318,0.432314729283766,0.386151798024055,0.642840447609366
"bc4234",160,188,189,0.0761454479851138,0.312395130653409,0.095629958525677,0.586797967866015
"bc4234",160,189,190,0.262237877674571,-0.189365340446437,-0.0932907772445159,0.590758254764746
"bc4234",160,190,191,-0.191842522918355,0.105728506215913,-0.0944340284899062,0.437287534380329
"bc4234",54,74,75,0.0871930661505081,0.204544509440191,0.0232767226945579,0.585066595224165
"bc4234",54,75,76,0.392013887485041,0.158585443001369,0.23315527948791,0.692800118361308
"bc4234",54,76,77,0.348856245665983,0.435690529175519,0.419729749828113,0.636857053873549
"bc4234",54,77,78,0.161356355627681,0.14414107827589,0.127503464407449,0.531681181970019
"bc4234",54,78,79,0.092907873857499,0.18579666550535,-0.0959740893011141,0.386394044509862
"bc4234",54,79,80,0.0277336411174447,0.0896034590653542,-0.132542073519935,0.417423599061103
"bc4234",54,80,81,0.327823029571955,-0.0549331800213071,-0.0512478554379785,0.370777326406113
"bc4234",54,81,82,0.3921899970016,0.0594325692828273,0.49296055839428,0.578027925750711
"bc4234",54,82,83,0.222168035122599,0.285660953955881,0.242531819622581,0.707985047054266
"bc4234",54,83,84,-0.0496049867354031,0.234245588104742,0.0131912845440868,0.438075499263649
"bc4261",142,173,174,0.27693535810559,0.498235145309605,0.274358558607325,0.604933291395352
"bc4261",142,174,175,0.101314696254556,0.357938871824989,0.197135951120991,0.549440509092402
"bc4261",142,175,176,0.202297600741282,0.448679016505951,0.254717876943246,0.689212651896163
"bc4261",142,176,177,0.352198135814498,0.341849245466893,0.2365704277483,0.585830978373126
"bc4261",142,177,178,0.378485545050724,0.495636355353999,0.402060353980524,0.585844202573671
"bc4261",142,178,179,0.389672177838903,0.499473564246453,0.427389595543453,0.592507301952978
"bc4261",142,179,180,0.425476420577331,0.545722572285519,0.414367120310472,0.590665165864414
"bc4261",142,180,181,0.346177059633734,0.484675869293647,0.381323043893149,0.514168331745319
"bc4261",142,181,182,0.42410791763181,0.557756632005683,0.469873609978128,0.627018149037971
"bc4261",142,182,183,0.40439119139927,0.597104416897158,0.364852580911989,0.630003749248879
"bc4261",216,229,230,0.185747389795672,0.556678388458861,0.156894089469587,0.710779051249584
"bc4261",216,230,231,0.133374756263121,0.525363754466395,0.125816275255543,0.582470495091715
"bc4261",216,231,232,0.200174933313904,0.455828036825555,0.197511249662727,0.561005420293651
"bc4261",216,232,233,0.257111472376851,0.503749950337717,0.29586917146022,0.589217226041984
"bc4261",216,233,234,0.281865069082339,0.471391142826106,0.290595539232523,0.580459859428052
"bc4261",216,234,235,0.317498693344405,0.425945544212657,0.174233134194319,0.508729877341823
"bc4261",216,235,236,0.175305643002107,0.391330682833659,0.164658722914369,0.529312211548703
"bc4261",216,236,237,0.119522674465349,0.392227686874371,0.161038634305821,0.530247483636079
"bc4261",216,237,238,0.164924068851316,0.377981267572539,0.260742438408409,0.533250766845987
"bc4261",216,238,239,0.330391672441475,0.40506626813221,0.325578044740441,0.582536599700105
"bc4261",113,122,123,0.426012412654346,0.390356918988889,0.395352533611891,0.455540943180468
"bc4261",113,123,124,0.366707800210755,0.240483268586153,0.384494383956506,0.56177158592725
"bc4261",113,124,125,0.321973524278109,0.306092286620184,0.417355254629652,0.433904550147613
"bc4261",113,125,126,0.464098440668168,0.315866263389805,0.551482552027125,0.573482362436972
"bc4261",113,126,127,0.454487452376201,0.362891980419113,0.383012351259069,0.59861310486216
"bc4261",113,127,128,0.489638187438763,0.207558110968971,0.175776132594034,0.612098796001884
"bc4261",113,128,129,0.3231917696963,0.300570459944797,0.189966364933783,0.477660513631275
"bc4261",113,129,130,0.228020974469648,0.302773270788636,0.249371512104029,0.538087677609299
"bc4261",113,130,131,0.200841161146963,0.226118112638096,0.195772345941431,0.497461645323585
"bc4261",113,131,132,0.221522974743349,0.144662857609218,0.398568354063339,0.646778005682504
"bc4261",82,89,90,0.451574353621689,0.298090221825083,0.44798684606643,0.442017018292814
"bc4261",82,90,91,0.553056105709427,0.0853350517049772,0.333813977954955,0.359303084277646
"bc4261",82,91,92,0.563104605645916,0.146089737981653,0.419714689710404,0.526916998452865
"bc4261",82,92,93,0.465560535335188,0.226531799012101,0.491347649623846,0.528963209308894
"bc4261",82,93,94,0.385565222141564,0.290977337857341,0.510090481718969,0.539696363117199
"bc4261",82,94,95,0.390128632621268,0.327083912733295,0.505965108891482,0.483849916943999
"bc4261",82,95,96,0.45892958066011,0.282505502545141,0.461417238421486,0.46099507111898
"bc4261",82,96,97,0.452236148841143,0.31067262325575,0.398888106837279,0.452604417424497
"bc4261",82,97,98,0.367558919372005,0.0961141277623445,0.352583485919261,0.547224078963478
"bc4261",82,98,99,0.385216603194494,0.306335459094667,0.326258402672419,0.461675089592381
"bc4261",57,64,65,0.132110275625083,0.229028442301512,0.463401381025215,0.682477550267527
"bc4261",57,65,66,0.238060171388311,0.325926672890736,0.495798814149396,0.675822360167083
"bc4261",57,66,67,0.425252228336712,0.556467496008405,0.506975914782318,0.604621655210096
"bc4261",57,67,68,0.500566830242127,0.615044712028496,0.58304588857238,0.652285048603322
"bc4261",57,68,69,0.591275550211848,0.581714909003135,0.580129358601465,0.663817140976854
"bc4261",57,69,70,0.591503996637937,0.454276512425645,0.546117210166027,0.61472422329411
"bc4261",57,70,71,0.535834707709396,0.39311437036569,0.530003051474538,0.494778502815075
"bc4261",57,71,72,0.55375171699609,0.279965992577343,0.475902289205952,0.467695726618278
"bc4261",57,72,73,0.459452651199605,0.163244935176726,0.512268736415079,0.368896675481643
"bc4261",57,73,74,0.37088140025122,0.12067984231623,0.48346533961111,0.377267731621883
"bc4261",40,43,44,0.470718146303313,0.207814731395547,0.64017896499852,0.244378607954124
"bc4261",40,44,45,0.447938113142445,0.235139794510239,0.578265876934979,0.502283731883662
"bc4261",40,45,46,0.430339544749626,0.438521786485674,0.554592597817231,0.600047145676052
"bc4261",40,46,47,0.450100463344715,0.575035254295655,0.460974294985705,0.672791700545348
"bc4261",40,47,48,0.430378936038956,0.583408198884503,0.57150729020451,0.681087307856603
"bc4261",40,48,49,0.491532294275252,0.526464598194042,0.614933850785127,0.741879766513709
"bc4261",40,49,50,0.52468658669093,0.402543702724209,0.570928633859372,0.715971950832481
"bc4261",40,50,51,0.445979504453655,0.450232836543669,0.516042076252699,0.603800733598623
"bc4261",40,51,52,0.100125232352991,0.457719297625756,0.185996721218207,0.418519844912979
"bc4261",40,52,53,0.0440045758342225,0.214444452778695,0.445961660178462,0.66971831794757
"bc5137",32,43,44,0.203989739472277,0.471702383702752,0.144189331685108,0.650611464849694
"bc5137",32,44,45,0.236353645712647,0.350426850417515,0.164914972913112,0.687745218378507
"bc5137",32,45,46,-0.000987112890115582,0.101754035709449,-0.0274781931991425,0.398875382137017
"bc5137",32,46,47,-0.283147370139043,0.462806161138435,-0.0294828235807627,0.273296495646556
"bc5137",32,47,48,-0.255443138108219,0.517050319130213,-0.203988040484652,0.529247288181017
"bc5137",32,48,49,-0.181270748312436,0.557320820995522,-0.192777344116505,0.490481001870238
"bc5137",32,49,50,0.0902473808075574,0.36199361535074,0.19598485849632,0.561315870549087
"bc5137",32,50,51,0.203646502880586,0.319558571508491,0.245002221422936,0.568113703667622
"bc5137",32,51,52,0.257778192723738,0.532639645115337,0.168926806130301,0.418100889168485
"bc5137",32,52,53,0.213653140357767,0.484531821455706,0.211336375916707,0.565438122127015
"bc5137",66,77,78,-0.0508317592798569,0.51470892289791,-0.0831442898536465,0.63005881191334
"bc5137",66,78,79,0.154282433502451,0.611989900557863,0.0311868970404363,0.476421647676799
"bc5137",66,79,80,0.0128700801102461,0.402774138237905,0.0952268413565046,0.493885097672422
"bc5137",66,80,81,-0.18518293700563,0.429675854640183,-0.0655089755288391,0.659570637693287
"bc5137",66,81,82,-0.0705355263093706,0.42323497860338,-0.33322762381614,0.730361554153797
"bc5137",66,82,83,-0.0930212020708668,0.465150063293547,-0.220380634921658,0.270643167565804
"bc5137",66,83,84,-0.103308050384717,0.129010053254715,0.0252028112540251,0.421424735767197
"bc5137",66,84,85,0.0366709098199991,0.194592187373637,-0.0703765534846645,0.642096509794133
"bc5137",66,85,86,0.131282691984877,0.403971345077851,0.193081931919717,0.654787823720536
"bc5137",66,86,87,0.249540670801603,0.497770016922674,0.277496872553198,0.436139357699603
"bc5137",131,141,142,-0.142746172944931,0.495303023204788,0.104986022871357,0.228284613461295
"bc5137",131,142,143,-0.0428728382715095,0.050788549201172,-0.347633154774067,0.500832481534703
"bc5137",131,143,144,-0.202049734930461,-0.145413196340366,-0.113039251720272,0.178665429383671
"bc5137",131,144,145,0.209642039411425,0.229812093416194,-0.06244499468026,0.0843577509482048
"bc5137",131,145,146,0.181741963136828,0.264132516258243,0.158838589939456,0.296162816213205
"bc5137",131,146,147,-0.00528512348102775,0.0858118906225193,0.267900338457772,0.65393653283451
"bc5137",131,147,148,0.361313501556214,0.523400449647608,0.437605180894863,0.731734990915241
"bc5137",131,148,149,0.370970912360392,0.56094679559314,0.366439620863582,0.579662344789078
"bc5137",131,149,150,0.280896255470932,0.40730546137911,0.32491165929461,0.592122908952576
"bc5137",131,150,151,0.178875765494207,0.343235781566454,0.217885567710672,0.5410906230408
"bc5137",163,173,174,0.279528861971902,0.513327181894179,0.183010493576808,0.682305654136158
"bc5137",163,174,175,0.313761868618176,0.611361818141281,0.305075740718291,0.573534239284561
"bc5137",163,175,176,0.117417921988209,0.40122099607342,0.48447444335519,0.696616386631477
"bc5137",163,176,177,0.079585577268893,0.332998448745966,0.255786327211693,0.574792540221633
"bc5137",163,177,178,0.204422911139989,0.309634766545196,0.0400863151776517,0.515089997172487
"bc5137",163,178,179,0.424410153937618,0.360429833765954,0.124449393663381,0.482243905606173
"bc5137",163,179,180,0.412787607494397,0.453317505647547,0.502796163279121,0.690094743842907
"bc5137",163,180,181,0.351524111900948,0.549577306364889,0.589392400451922,0.587805740369619
"bc5137",163,181,182,0.405172396110959,0.415685700644782,-0.124533581615328,-0.126453013265718
"bc5137",163,182,183,0.033385151566167,-0.0507041712959656,0.134912539008363,0.00252781150070989
"bc5137",100,110,111,0.262716349972206,0.358448088613516,0.120928749371547,0.466434280835447
"bc5137",100,111,112,0.2512950228574,0.242278419339511,0.0746369366778419,0.42227384697558
"bc5137",100,112,113,0.0488347740886252,0.147031253134369,-0.0535630983156366,0.412767062558598
"bc5137",100,113,114,-0.0253968213136896,0.0890707089809134,-0.176651612498181,0.288637113954331
"bc5137",100,114,115,-0.247409755654797,0.285182632672384,0.00815012392643282,0.0313339951842285
"bc5137",100,115,116,-0.103508494359695,0.110781378222156,-0.597246173996637,0.402545753065366
"bc5137",100,116,117,-0.38446408953997,0.239687130013292,-0.156427912605492,0.600147014504275
"bc5137",100,117,118,0.0476308476499745,0.67177676896688,-0.0266247771176205,0.12865285750101
"bc5137",100,118,119,0.238225975983199,0.526132275048365,-0.361301333359619,0.189052301813283
"bc5137",100,119,120,-0.401329994504267,0.00971758068114402,0.229985451459764,0.654290678090971
"bc5137",195,205,206,0.1710744812236,0.297529093179123,0.0184124375855061,0.549090590073103
"bc5137",195,206,207,-0.0445439147532337,0.27478330307646,-0.27332104814277,0.66085668642666
"bc5137",195,207,208,-0.118205162844184,0.102698229655725,-0.260847629345077,0.783657791522013
"bc5137",195,208,209,-0.162809802140514,0.163141560259389,-0.175100846126003,0.377375989317818
"bc5137",195,209,210,-0.109561559441417,0.332378387945593,-0.0432406688749415,0.309304460372524
"bc5137",195,210,211,-0.00501488121960929,0.635871824999766,0.139964992654373,0.608849192111786
"bc5137",195,211,212,0.16259863377255,0.652066335428331,0.318233379087826,0.655359726696624
"bc5137",195,212,213,0.244631904820532,0.601863884274097,0.357031100243793,0.67514112904966
"bc5137",195,213,214,0.319129714090781,0.389068084523886,0.116634527757636,0.563288903353127
"bc5137",195,214,215,0.0257633799565515,0.33595821142936,0.0639146589522099,0.536841896764397
"bc5270",185,202,203,0.684996612472835,0.366694477193965,0.497734845870377,0.328662109089801
"bc5270",185,203,204,0.70561198677023,0.388078941245929,0.40517102393913,0.268682513834249
"bc5270",185,204,205,0.700454180486211,0.121688177653249,0.0504150070265428,-0.023917010797997
"bc5270",185,205,206,0.41340601528023,-0.102381153013985,0.649789942420179,-0.353325233767681
"bc5270",185,206,207,0.705366378010867,0.261062522674432,0.345060213831564,0.172838252103322
"bc5270",185,207,208,0.386740001429274,0.0342202680113578,0.205105216511854,0.483230848252172
"bc5270",185,208,209,0.499033823889481,0.360035509249811,0.239906680302107,0.022568965373223
"bc5270",185,209,210,0.58832722554227,0.494291627292414,0.41133708291773,0.358438792800259
"bc5270",185,210,211,0.503729725324822,0.402567991873363,0.456066640420994,0.400549428230953
"bc5270",185,211,212,0.524981574061638,0.513060325473458,0.447179940726575,0.440787380052179
"bc5270",38,45,46,0.543571630724057,-0.00901361037544695,0.393876891830706,0.085309106327588
"bc5270",38,46,47,0.514714066689727,0.0997866454295275,0.0808902644961284,0.152264773126252
"bc5270",38,47,48,0.594548817845903,0.176601971474636,0.0885912869581402,0.119242688779481
"bc5270",38,48,49,0.565395883141596,-0.0315840874789458,0.325697634501208,0.0681875351047312
"bc5270",38,49,50,0.604853744188072,-0.129217610546418,0.462005668363133,-0.0148892185358775
"bc5270",38,50,51,0.634313822354917,0.0544724430235332,0.407213526602912,-0.0597639157005194
"bc5270",38,51,52,0.60366677460818,-0.0675366297088916,0.433596921434029,-0.00741689609912918
"bc5270",38,52,53,0.436115859294077,-0.00240471729740567,0.412369374579791,-0.0847770625766713
"bc5270",38,53,54,0.310270938219375,0.103708206598122,0.162184671466024,-0.0179489534436696
"bc5270",38,54,55,0.313051310181265,0.0839628826972948,0.189313818882593,0.134068442595509
"bc5270",63,70,71,0.51125895742614,0.179216750557233,0.13917943586811,0.0702779975752433
"bc5270",63,71,72,0.465056318815834,-0.102057838715565,0.315255139358765,0.108015555540126
"bc5270",63,72,73,0.456205362966416,0.0523590262136586,0.223488036234798,0.0539381243118904
"bc5270",63,73,74,0.235793558865237,0.280654522402586,0.217935540129171,0.137484105222656
"bc5270",63,74,75,0.472261882908213,0.0469448798535218,0.336524504082269,0.235918355581192
"bc5270",63,75,76,0.468860558479369,0.0707228434561437,0.337504095399506,0.0332868159122693
"bc5270",63,76,77,0.523479955811248,-0.0141845765047569,0.185004571395192,0.0874431066217454
"bc5270",63,77,78,0.442520573054114,0.0651748108373725,0.227558414997117,0.119278028140066
"bc5270",63,78,79,0.484203136535322,0.10215774479512,0.295145331546639,-0.0204721951876703
"bc5270",63,79,80,0.493631667800615,-0.0335460531127277,0.415309846536396,-0.126652571102465
"bc5270",88,95,96,0.353388357441543,0.156698184845734,0.370480743088151,0.0696568211923157
"bc5270",88,96,97,0.446474703980608,0.126817886204097,0.410023356957553,0.226805016692898
"bc5270",88,97,98,0.449787711721215,0.121714471161412,0.270523941084629,0.167449939277297
"bc5270",88,98,99,0.54043425943276,0.171352008825798,0.421650588945041,0.161747180455317
"bc5270",88,99,100,0.427256035707517,0.219224608344235,0.388173806200553,0.170367520510305
"bc5270",88,100,101,0.449284826675639,0.155833444516941,0.391144576701147,0.155498737807363
"bc5270",88,101,102,0.400321358699187,0.00816882647468536,0.443738412894799,0.0159846054776158
"bc5270",88,102,103,0.41774510350487,-0.0273480193083363,0.368652515291495,-0.0190706295495279
"bc5270",88,103,104,0.516182519695209,0.0852950871997734,0.371610697341247,0.164573385351931
"bc5270",88,104,105,0.524620002657478,0.110175603329349,0.317137994383101,0.214903787544516
"bc5270",127,132,133,0.426692262308696,0.233489810098612,0.0981371651043716,0.301601888567441
"bc5270",127,133,134,0.47447098099087,0.396132005684392,0.260240200682251,0.448122699656602
"bc5270",127,134,135,0.480657698506165,0.481092672408262,0.39305767447466,0.514891702155078
"bc5270",127,135,136,0.526000040627936,0.591541798236004,0.491016325497069,0.475027920890143
"bc5270",127,136,137,0.548283538568285,0.576782036530316,0.482087276734318,0.378092363364466
"bc5270",127,137,138,0.465481060494944,0.446440410096333,0.503604805702826,0.368076390108587
"bc5270",127,138,139,0.416186999371018,0.349260352895218,0.342028977404966,0.538420424230794
"bc5270",127,139,140,0.417818754708716,0.376525426285614,0.31326735979629,0.399806770647686
"bc5270",127,140,141,0.533361964828282,0.492687658586033,0.531716211285962,0.47692944851682
"bc5270",127,141,142,0.503034815038028,0.500705287126565,0.613552677763236,0.487058288352844
"bc5270",148,153,154,0.740479051738786,0.456722659402836,0.707342770450888,0.406495444247095
"bc5270",148,154,155,0.585244531926003,0.423875452560747,0.61963618633594,0.355326987638406
"bc5270",148,155,156,0.447250322969613,0.2534448122851,0.43482081530858,0.337080381255369
"bc5270",148,156,157,0.546792209600142,0.314134800207673,0.403140369213152,0.268340841121252
"bc5270",148,157,158,0.638232930023754,0.43899923798947,0.615644072449951,0.33022895412668
"bc5270",148,158,159,0.606326042141159,0.443712870551301,0.503911925879313,0.484714814513669
"bc5270",148,159,160,0.510665285587318,0.455901748208316,0.406854263657601,0.4997993085659
"bc5270",148,160,161,0.599735257095229,0.454999753146615,0.481331336246025,0.43162834840608
"bc5270",148,161,162,0.595329823277769,0.472775287847581,0.44954442084164,0.4367993668754
"bc5270",148,162,163,0.413712457760075,0.415241813199112,0.256559569643259,0.40512474688616
"bc5282",79,86,87,0.400607704375988,0.289797392103675,0.287282076036597,0.248334379372455
"bc5282",79,87,88,0.411515292585716,0.338915251225615,0.153913302056291,0.225514098134229
"bc5282",79,88,89,0.323587079333393,0.244135252171465,0.0418251719230247,0.391923805830955
"bc5282",79,89,90,0.396807844860171,0.012777925977053,0.0142598272173678,0.30450133265082
"bc5282",79,90,91,0.645121245927744,-0.0419468140056327,0.467387204392894,0.0651992165758107
"bc5282",79,91,92,0.596121997762071,0.163205017965613,0.0490226552711003,-0.253800471200557
"bc5282",79,92,93,0.395236199839042,0.151534445321746,0.179559160218671,-0.24020822869574
"bc5282",79,93,94,0.473490914575077,-0.148029354889754,0.114777668607255,0.24841728425964
"bc5282",79,94,95,0.313187165107494,0.0487865647209,0.0654851429722546,0.123270814170617
"bc5282",79,95,96,0.253264110625344,0.104857886658162,0.128868882441652,-0.0825123551838929
"bc5282",55,61,62,0.355205458385059,0.257298011086057,0.283379711174581,-0.128914751570021
"bc5282",55,62,63,0.403936725038301,-0.0450236247306428,0.0713251888326211,0.215227324704346
"bc5282",55,63,64,0.465063822639711,0.106419254702988,-0.130796784102147,0.401405665619216
"bc5282",55,64,65,0.373140485839352,0.339010675435968,0.220295810874504,0.274219167977478
"bc5282",55,65,66,0.377154701601174,0.237448668680829,0.219012846562085,0.146173452940062
"bc5282",55,66,67,0.514474952671243,0.182046098965083,0.251203993743652,0.192377009962487
"bc5282",55,67,68,0.418887492205104,0.145620318883641,0.0679282347396713,0.292923820149378
"bc5282",55,68,69,0.52134822222684,0.159724928061806,0.232256948391378,0.0855288298473335
"bc5282",55,69,70,0.44861043543157,0.0613134035119685,0.214262220424547,0.0528526958990485
"bc5282",55,70,71,0.719326060427298,0.133051569288249,0.0849236659098844,0.159765284911794
"bc5282",150,156,157,0.628150602449717,0.0210312548261376,0.101071568138241,0.0844803136216872
"bc5282",150,157,158,0.565826855432472,0.253886887282837,0.0865308478473097,-0.172059060558718
"bc5282",150,158,159,0.593835977445037,0.432078749759149,-0.236453694770245,0.245262195751826
"bc5282",150,159,160,0.315704180226468,0.453824426669451,0.214128390958706,0.450880102482932
"bc5282",150,160,161,0.324643622301319,0.561438102827654,-0.152416748251395,0.48054793414028
"bc5282",150,161,162,0.462160513446764,0.337988554190537,0.0522396829577934,0.297230338273
"bc5282",150,162,163,0.276993462910092,0.0914156817854331,0.0491139202972259,0.226989770020262
"bc5282",150,163,164,0.46934591370424,0.221843855173107,-0.215708793610398,0.186905090886084
"bc5282",150,164,165,0.321869777338453,0.325153687529181,0.0120805628521385,0.207373802048698
"bc5282",150,165,166,0.444226156465553,0.257501838689663,0.198406970589728,0.243920346429504
"bc5282",104,110,111,0.57159258569263,0.169403923774863,-0.139390830301206,0.409435474349241
"bc5282",104,111,112,0.553067408159535,0.299050074700586,0.166871059390191,0.31204779554631
"bc5282",104,112,113,0.279213655225859,0.260065951522786,0.0252468133134487,0.259908370128945
"bc5282",104,113,114,0.559081389419973,0.3375888568696,0.015538899225383,0.218073307435337
"bc5282",104,114,115,0.43461902767781,0.284255824141927,-0.142853857857216,0.297973329768714
"bc5282",104,115,116,0.604209850641938,0.258978935879909,-0.16465812541339,0.402806131630844
"bc5282",104,116,117,0.368865259835881,0.424479332923463,-0.0358202990638138,0.32978509941562
"bc5282",104,117,118,0.38565419257192,0.378474625299109,-0.0598176017867873,0.350090155764496
"bc5282",104,118,119,0.321212922522774,0.0270836985438716,-0.245386249930323,0.0968085641172854
"bc5282",104,119,120,0.437656092824594,0.143781641493492,-0.306317019788555,0.0549909524602302
"bc5282",127,133,134,0.497620714825874,0.269471868075301,0.485383615789413,0.330065152400421
"bc5282",127,134,135,0.435546654999471,0.497617429623614,0.280708000075374,0.500004257529791
"bc5282",127,135,136,0.283663926834063,0.565640106794998,0.202663063632324,0.576636009057733
"bc5282",127,136,137,0.394742707876883,0.4622022411922,0.0526605836939978,0.513239950709856
"bc5282",127,137,138,0.448344530211996,0.396121432985872,0.042931073263802,0.383627489201387
"bc5282",127,138,139,0.411216789997666,0.342462921288354,0.166347694813727,0.15823755189112
"bc5282",127,139,140,0.271052343894346,0.235851580510914,-0.164381236848288,0.222914118652732
"bc5282",127,140,141,0.144015497759897,0.162373551275915,0.158511163412079,0.0797330073221807
"bc5282",127,141,142,0.496104391985276,0.273292699079428,0.057329234755274,0.0800540552011182
"bc5282",127,142,143,0.350495490799881,0.420800264833289,-0.0510149063910731,0.395722104654358
"bc5282",214,220,221,0.527318827499588,0.147465513066661,0.410290295874278,0.187029433734939
"bc5282",214,221,222,0.487624725735879,0.101789678116273,0.345234273852599,0.194692233664669
"bc5282",214,222,223,0.335099106539476,0.101197400974712,0.260182048062174,0.124786805547624
"bc5282",214,223,224,0.36780552392271,0.167063884724046,0.164018031218801,0.220512152137223
"bc5282",214,224,225,0.331128888210298,0.167532643432962,0.17506826509574,0.189398257330924
"bc5282",214,225,226,0.406864878249329,0.35891799163552,0.147601569678221,0.141557941319432
"bc5282",214,226,227,0.476022807270276,0.288724459799111,0.25251485035958,0.252546699399268
"bc5282",214,227,228,0.436046364032998,0.329209169686032,0.372466769578297,0.34988116237529
"bc5282",214,228,229,0.541925890018617,0.382742153829128,0.341094961149319,0.36483847567182
"bc5282",214,229,230,0.445144762976644,0.303276160807321,0.318168679773083,0.381628883349092
"bc5650",138,150,151,0.586529666193669,0.201350584169063,0.324839903340326,0.000720775297699025
"bc5650",138,151,152,0.455846691469937,0.112195516661811,0.196197044806458,-0.0659952061199361
"bc5650",138,152,153,0.254294351840269,0.150443559720605,0.127388301920089,0.147130171607034
"bc5650",138,153,154,0.160702849601272,0.382704171667797,0.0371742401685486,0.224860052148251
"bc5650",138,154,155,0.129868132617497,0.0614452613694887,-0.201416034804336,0.0957014506534536
"bc5650",138,155,156,0.338171077988073,0.106529174038565,-0.0264856757994257,0.208281984245403
"bc5650",138,156,157,0.281053302920259,-0.0481708268222633,0.0616257459803403,0.160996743590829
"bc5650",138,157,158,0.0795174229304085,0.202753367557483,0.162357347292126,0.0321725565322815
"bc5650",138,158,159,0.35643598113783,0.201410797656233,0.21081259386031,0.229533072615036
"bc5650",138,159,160,0.421919214799463,0.295023211749276,0.132637514736536,0.238048991076616
"bc5650",91,99,100,0.558030997985909,0.118902035703844,0.254887298326813,-0.115102365595273
"bc5650",91,100,101,0.382087727761044,0.0130492024395664,0.368732000535112,-0.015267224939837
"bc5650",91,101,102,0.483957487228189,-0.00263413530885657,0.402880928571001,0.00513954963412687
"bc5650",91,102,103,0.445194226273051,0.149247162075577,0.254559671473084,0.0430584729520287
"bc5650",91,103,104,0.657538744451419,0.210916001193366,0.267426337883208,0.180692523509227
"bc5650",91,104,105,0.534191799954907,0.0825746693974809,0.239680682333534,0.136900110743159
"bc5650",91,105,106,0.618842691256928,-0.196569102135786,0.255508110945153,0.0334281886196053
"bc5650",91,106,107,0.624394730671461,-0.248906179688297,0.247486847631227,0.0250526960497418
"bc5650",91,107,108,0.586754720379454,-0.102968052716487,0.327482359468181,-0.131994788079526
"bc5650",91,108,109,0.567776400298901,0.0370382809843317,0.240805070294895,-0.0426371694512747
"bc5650",23,29,30,-0.166468768449079,-0.0029260324609635,-0.022165795810531,-0.0677558439670924
"bc5650",23,30,31,0.0790297389822958,-0.0148857071016025,-0.154750595578598,0.13120333492229
"bc5650",23,31,32,0.046401779656731,0.134010433667082,0.191819178979936,0.0640184579511348
"bc5650",23,32,33,0.343702526150973,-0.108039909809042,0.0448135026931323,0.0781222475182131
"bc5650",23,33,34,0.202455460872253,-0.0151048396166986,0.278933336172099,0.0155806014660414
"bc5650",23,34,35,0.194035331604214,0.0419989521448306,0.244223018725079,0.215491948904434
"bc5650",23,35,36,0.0666307167186324,0.244517311658022,0.116506139874341,0.0785886259961197
"bc5650",23,36,37,0.147527848286174,0.106704919813409,0.00262196512418728,-0.00917655375944883
"bc5650",23,37,38,-0.0900850526982878,-0.0521643508370759,0.0843261894761095,0.0838596463852711
"bc5650",23,38,39,-0.115646166259722,-0.0726889287708748,-0.155158903102848,-0.116759260479682
"bc5650",67,73,74,0.270692581340254,0.136647851567883,0.0756956922927928,0.21369177485212
"bc5650",67,74,75,0.21027597660206,0.255600359003608,0.100000382190491,0.0599859498524308
"bc5650",67,75,76,0.22591617684689,0.352940405194576,0.161129506985506,0.23609977836074
"bc5650",67,76,77,0.31841330527501,0.18917868311146,0.0495364666944921,0.342217802271615
"bc5650",67,77,78,0.498208494930905,0.0794963550327063,0.0538291159853466,0.251302520239721
"bc5650",67,78,79,0.520450822830806,0.00500736165026033,0.183762441636183,0.140268988250567
"bc5650",67,79,80,0.514891965211848,0.0206689264825641,0.242178120879595,0.176346388057215
"bc5650",67,80,81,0.454180923848504,0.101238623351268,0.0606020239155237,0.219361167704095
"bc5650",67,81,82,0.441527342293473,0.167248989173172,0.391202860681852,0.049808458508075
"bc5650",67,82,83,0.605384799865925,0.238174902409961,0.17663044301284,0.0515390253309212
"bc5650",196,202,203,0.182546752978221,0.181002283140653,0.0307160217583421,0.0880554607876649
"bc5650",196,203,204,0.0695187038446963,0.0965426421067861,-0.0749425504281129,0.0780194594354516
"bc5650",196,204,205,-0.0942242466590997,0.13883874370958,-0.18126188955451,0.0569438801054111
"bc5650",196,205,206,-0.178482244373744,-0.00966906557323394,-0.19260563875314,0.0953460152072576
"bc5650",196,206,207,-0.0874690026987769,0.165178963484068,-0.379206709120915,0.278020552051852
"bc5650",196,207,208,-0.331333026263465,0.219327078936219,-0.205475210960818,0.241687692444251
"bc5650",196,208,209,0.0589361543779152,0.162022818606302,-0.0629662629512811,0.131792858797668
"bc5650",196,209,210,0.572642132534149,0.201160966198061,-0.314209422087112,-0.0870301281116831
"bc5650",196,210,211,0.582656395529999,0.266498132853017,0.0989901219336902,-0.0277826349179471
"bc5650",196,211,212,-0.0959838876025309,-0.10760641304636,0.0386410068510438,-0.0785760691068346
"bc5650",1,6,7,0.0731374133548885,0.265174468612206,-0.153012695750037,0.264513927117623
"bc5650",1,7,8,-0.142848822768136,0.29803508298946,-0.129635206701512,0.130322787131278
"bc5650",1,8,9,0.0130033375284493,0.233453527355223,-0.0943750189211908,0.205703305241339
"bc5650",1,9,10,-0.10105561569326,0.0306490998986281,0.0534766934916644,0.230656195573143
"bc5650",1,10,11,-0.013736002997899,0.0514123428798615,0.0557343585138509,0.0860075649138355
"bc5650",1,11,12,0.0402676712501837,0.104282923975061,0.00466577049006188,0.00592699914677741
"bc5650",1,12,13,0.255074674879526,-0.131637030983964,0.035935427785162,0.101617289587678
"bc5650",1,13,14,0.09291108505717,-0.01403659891386,0.102493981511325,-0.0587647674131294
"bc5650",1,14,15,0.0312497397396617,0.0636044674437739,0.107382832262404,-0.0403556423935582
"bc5650",1,15,16,0.141712246132808,0.12769478368539,0.0317156423148691,0.156035034868027
"bc5721",177,192,193,0.274139507418914,-0.145490006336634,-0.0940257244190914,0.185749253660962
"bc5721",177,193,194,0.277666997910285,0.179379506857258,0.217365511017909,0.177059405533866
"bc5721",177,194,195,0.388972332944291,-0.111426205118113,0.00853727617452995,-0.16490359691784
"bc5721",177,195,196,0.200466530120146,-0.303760558181611,0.043201209928232,0.332593998604127
"bc5721",177,196,197,-0.0389920850684886,0.360035354548684,0.176245048907802,0.277718923019906
"bc5721",177,197,198,0.120355205776613,0.0885026861892914,-0.00689387307351993,0.289848040399317
"bc5721",177,198,199,0.193286284398309,0.19662963671774,0.177896501462462,0.0822980772952429
"bc5721",177,199,200,0.291394196727976,0.241458815597772,-0.0520506490202756,0.25202956934132
"bc5721",177,200,201,0.180863111895906,0.322555585928324,0.212990331941634,0.321651388784228
"bc5721",177,201,202,0.172201578898469,0.298044425833087,0.169641650921919,0.0943675144882433
"bc5721",138,152,153,0.0776606031915094,0.163325628411451,0.0393954751542105,0.151181840612354
"bc5721",138,153,154,0.144597162872648,0.264802330705317,-0.000513183728125632,0.401260673557818
"bc5721",138,154,155,0.242057545050737,0.564789931961997,0.135236254721677,0.347138780288813
"bc5721",138,155,156,0.192356322940404,0.326375060073654,-0.0146903160305654,0.508109678834124
"bc5721",138,156,157,0.0236602533469824,0.277490235133697,-0.119607742395684,0.392450934624507
"bc5721",138,157,158,-0.0642460448207513,-0.132811050295439,0.149883052119304,0.208147103364291
"bc5721",138,158,159,0.184230099810722,-0.0326030842661819,0.0316998474838591,-0.206848322961478
"bc5721",138,159,160,0.320865077782905,0.0213861530891242,0.246545099333204,-0.120734739548092
"bc5721",138,160,161,0.307026972665061,0.148125825318946,0.306858245881125,0.0870939405652506
"bc5721",138,161,162,0.465726701724174,0.371851043581347,0.195609511199999,0.369553155032006
"bc5721",100,113,114,0.283024581281075,0.172492459484058,0.170425440768759,0.154821054935668
"bc5721",100,114,115,0.187054475508774,0.206230607060567,-0.0555037549468539,0.250774848428212
"bc5721",100,115,116,0.398905433198072,0.26882466223004,0.128802004352103,0.443268688867177
"bc5721",100,116,117,0.442638374130692,0.174210917500006,0.155008283011653,-0.131902634663718
"bc5721",100,117,118,0.388540585298066,-0.12538854481571,0.252971268238449,-0.229307617145008
"bc5721",100,118,119,0.1348273215698,-0.216985565226457,0.178563956694645,-0.261251079256619
"bc5721",100,119,120,0.246839082836322,-0.211520034541826,-0.0608324755238042,0.0214754890791475
"bc5721",100,120,121,0.0721750296277679,0.00555196273154774,0.285971684987856,-0.157357888239443
"bc5721",100,121,122,0.298553963297339,-0.0552174499651626,-0.0485398830007312,-0.00143508453959228
"bc5721",100,122,123,0.136311359991078,-0.0228629230049507,-0.0733912209042483,0.173684399907015
"bc5721",1,12,13,0.14314733903928,0.160435074504389,0.416709856270416,0.194747451790405
"bc5721",1,13,14,0.283640181931958,0.25892123646674,0.208364106589667,0.228374245100032
"bc5721",1,14,15,0.304544758973379,0.276964078846625,0.31654463011654,0.261471824352875
"bc5721",1,15,16,0.644831201526734,0.387346414235476,0.276941402654186,0.37878539417095
"bc5721",1,16,17,0.587363855804469,0.415115333621981,0.213765326894143,0.131594075108186
"bc5721",1,17,18,0.395193552401731,0.197176035631232,0.291567995256491,0.188007152267393
"bc5721",1,18,19,0.332250855217339,0.161858084092638,0.224363282518512,0.144822235610429
"bc5721",1,19,20,0.475998866817573,0.192574706412185,0.246380228372903,0.0605741156839827
"bc5721",1,20,21,0.401540135823911,0.134286112730431,0.0931083318909151,0.174862423718951
"bc5721",1,21,22,0.354774423729331,0.1898579787935,0.177789031803597,0.260387201862302
"bc5721",35,46,47,0.237230921516121,0.143260240261815,0.10685728197669,0.121483287376234
"bc5721",35,47,48,0.333010299710454,0.354313484934028,0.0826828634547466,0.0985109870668834
"bc5721",35,48,49,0.34772962137328,0.168914176103653,0.0947511156477272,0.373094198563829
"bc5721",35,49,50,0.423145496032756,0.198901945615971,0.135378736291438,0.210379364296669
"bc5721",35,50,51,0.290766333131569,0.218768135073077,0.152503539391016,0.150603783810152
"bc5721",35,51,52,0.253658183609171,0.234896276404394,0.025375607498784,0.199829349437389
"bc5721",35,52,53,0.247933859915883,0.297445460799608,0.1126521921043,0.201472783217218
"bc5721",35,53,54,0.474859769218239,0.343623775049255,0.074492524313467,0.277225438801719
"bc5721",35,54,55,0.202355156983214,0.323986583564872,0.288552518640815,0.228528671733298
"bc5721",35,55,56,0.175828813115241,0.234124454606178,0.166843850490818,0.16038043924649
"bc5721",69,79,80,0.186144467059629,0.177950795355903,0.0967770843078024,0.0659597789086235
"bc5721",69,80,81,0.114058276189791,0.126994059093335,0.025392049439783,0.153815509960096
"bc5721",69,81,82,0.223008112672948,0.0375548974017819,0.373171945621906,0.247689112610898
"bc5721",69,82,83,0.44960272459471,0.142555792494973,0.0363530155402112,-0.301134263806572
"bc5721",69,83,84,0.0329306707670358,-0.115310456494909,-0.00922754714384077,-0.136752379143654
"bc5721",69,84,85,0.0346020985973016,-0.0655541277147806,-0.0801561749878974,-0.0399240268578693
"bc5721",69,85,86,0.123993203006043,-0.171912096312135,-0.107896248906318,0.170603473473403
"bc5721",69,86,87,0.141414378842019,0.0791573151653548,0.174782639404774,-0.0204024368050809
"bc5721",69,87,88,-0.0246249017158066,0.203119506874231,0.0724653217342665,-0.0114604621235085
"bc5721",69,88,89,0.171134788125742,0.291751365175468,-0.0369665720457156,-0.0765105780861817
"bc7012",83,121,122,0.252346191569684,0.409506766465279,0.26473305497144,0.749368606743077
"bc7012",83,122,123,0.338508153588661,0.553149326573814,0.372144959778333,0.771047342393707
"bc7012",83,123,124,0.578997781695882,0.643819118886943,0.448023406861835,0.834835874470757
"bc7012",83,124,125,0.523395043960105,0.652705511619803,0.570899758139995,0.776293406574665
"bc7012",83,125,126,0.45814619710445,0.640639842000804,0.46199388550334,0.760069913938256
"bc7012",83,126,127,0.229102473606813,0.51852697630577,0.57644462493571,0.716602519536085
"bc7012",83,127,128,0.202154333009678,0.432006288251577,0.419898216990935,0.521161528760009
"bc7012",83,128,129,0.00107839294570626,0.120269525666819,0.191182447432855,0.315295849216714
"bc7012",83,129,130,-0.0318707774386327,0.0947013621216692,0.0218896797335167,0.391478143456934
"bc7012",83,130,131,0.0743094934485591,0.080767521414293,0.411133223819906,0.509484122936715
"bc7012",17,44,45,0.125912035097565,0.405188906272324,-0.0626597015406133,0.482058191659233
"bc7012",17,45,46,0.0872034252705154,0.35409330933594,0.0219928786901936,0.517522435981186
"bc7012",17,46,47,0.263690052703702,0.375269474792091,0.12366325145426,0.620116752184819
"bc7012",17,47,48,0.393408766726236,0.356346191473562,0.245099158413052,0.666540910361675
"bc7012",17,48,49,0.247592368875137,0.148873045657756,0.115458877417844,0.677189458836796
"bc7012",17,49,50,-0.09898259664327,-0.0668391113942873,-0.163793236565797,0.350871922861603
"bc7012",17,50,51,-0.373177822195151,0.134971136838169,-0.136964270251141,0.522557636135196
"bc7012",17,51,52,0.0684853348907021,-0.0488957243138175,0.284827621067267,0.800951152622498
"bc7012",17,52,53,0.355864366429943,0.314595840420754,0.564754283993338,0.898965333398337
"bc7012",17,53,54,0.61706525815691,0.3875435501744,0.481964391692043,0.63098549838481
"bc7012",198,205,206,0.0952909776272803,0.103294571573623,-0.019662590841095,0.383303282883053
"bc7012",198,206,207,-0.216658731539563,0.107189863252053,-0.0960376368998751,0.232265761275575
"bc7012",198,207,208,0.188394403647254,-0.164443063376632,0.259089468249576,0.632534889568525
"bc7012",198,208,209,0.241375413174399,0.10239802167428,0.321289077472004,0.71900925230472
"bc7012",198,209,210,0.149866069391296,0.41007125292291,0.0281286393461342,0.416085395982103
"bc7012",198,210,211,0.510230674268501,-0.196807065020512,0.264839010341731,0.612986108157994
"bc7012",198,211,212,0.42809977792765,-0.0403970001054736,0.328263275362638,0.736983959895412
"bc7012",198,212,213,-0.193573302348324,-0.210675711857131,-0.231214282907076,0.510011363015242
"bc7012",198,213,214,0.285760848210742,-0.18980947250531,-0.339928269023974,0.606978575154289
"bc7012",198,214,215,0.395754269267338,0.181879664591251,0.0239262681357492,0.417748189300704
"bc7012",234,241,242,0.484851442809969,0.374066407765669,0.523241710855622,0.565339979036225
"bc7012",234,242,243,0.252765140569838,0.272747281838719,0.242017495076771,0.691583002762333
"bc7012",234,243,244,0.224139110130457,0.0362624042021973,0.107287917901005,0.590147604454455
"bc7012",234,244,245,0.199149307234642,0.087196625893025,0.246524624568883,0.693316410596679
"bc7012",234,245,246,0.35413381009493,0.300685712594396,0.573342056660846,0.714334173891821
"bc7012",234,246,247,0.429476352142128,0.10385506595394,0.429302588416439,0.638924695468499
"bc7012",234,247,248,0.0240164174452335,0.4601926936473,0.144415055011491,0.613864117212662
"bc7012",234,248,249,-0.0564012221410634,0.0650586201011825,0.151374338776093,0.643269375315698
"bc7012",234,249,250,0.0955348750673422,-0.0764097786882372,0.0597608195680188,0.536992759651723
"bc7012",234,250,251,0.0884959203297998,0.133071685261524,0.0345981971263256,0.515136140535624
"bc7012",170,175,176,0.474026854059984,0.70369225014536,0.313509767599505,0.803326733034773
"bc7012",170,176,177,0.441040429456746,0.799108484422026,0.473440603085666,0.812509422621914
"bc7012",170,177,178,0.572822468119534,0.695873383589104,0.368473616379153,0.833052788230258
"bc7012",170,178,179,0.539292950019409,0.60948146423056,0.296905551616064,0.847407765344296
"bc7012",170,179,180,0.409002706417872,0.539187683668546,0.250743410218312,0.64952296798313
"bc7012",170,180,181,0.42119664331658,0.548677659343409,0.336690376428808,0.781708810276818
"bc7012",170,181,182,0.310488849229078,0.307885126776507,0.385209640119574,0.705469511093415
"bc7012",170,182,183,0.280002913510752,0.109343213383052,0.142062350214455,0.592920198087291
"bc7012",170,183,184,0.31276730628739,0.00658266666562863,0.0846115068885016,0.718039203956727
"bc7012",170,184,185,0.351786280335963,-0.122789144641509,0.105380781407537,0.826387150499265
"bc7012",1,4,5,0.248791563710176,-0.046855229519531,-0.322263739111814,0.548742705443516
"bc7012",1,5,6,0.274641884283586,-0.100476127187766,-0.157276580690257,0.596688293381021
"bc7012",1,6,7,0.227424884636222,0.0558320304257398,-0.0589494198777373,0.455428231316419
"bc7012",1,7,8,0.0884924388868046,0.0322961091671992,0.0983400560895964,0.310445813608952
"bc7012",1,8,9,0.0908069696336742,-0.0524390706445982,0.0470529164517463,0.246068709133727
"bc7012",1,9,10,-0.00268640643299734,-0.0266653787525,0.091978457925871,0.41779149237587
"bc7012",1,10,11,-0.127637383086449,-0.0146011668684444,0.0917538371283695,0.408938046012472
"bc7012",1,11,12,-0.013133960707635,0.0859444115946571,-0.00444012771526026,0.229321553546994
"bc7012",1,12,13,0.0983709818305686,0.175089723396882,-0.0440933755905317,0.273964475126586
"bc7012",1,13,14,-0.012292435157941,0.0682562763681737,0.0640224154326025,0.223131358660524
"bc7049",27,70,71,0.105123148570869,-0.00993580855067487,-0.0115546139186277,0.28462377524863
"bc7049",27,71,72,0.0814134581974829,0.00345159231549101,0.0609336386662609,0.410554992296689
"bc7049",27,72,73,0.121498996394274,0.112816669895043,0.275723081943827,0.304613229541139
"bc7049",27,73,74,0.130200070160856,0.0292136047773097,0.236818417144483,0.281829101175974
"bc7049",27,74,75,0.00889732091045589,0.0888213641475634,0.00859210524303901,0.280836106108071
"bc7049",27,75,76,0.0723684876795419,0.110525688954965,-0.159324367429367,0.402023169263779
"bc7049",27,76,77,-0.0135916438648222,0.111831225552299,-0.0293850593326148,0.614986442952216
"bc7049",27,77,78,0.0404587523549023,0.209494928081526,0.107256096243058,0.293495075166345
"bc7049",27,78,79,0.176938986126204,0.236804904086221,0.0649064064917145,0.445420352801024
"bc7049",27,79,80,0.149497392617122,0.233391625993645,0.217669820261431,0.597476466395096
"bc7049",125,155,156,-0.00439281008762515,0.250696539758348,0.0335784650949794,0.360253846867973
"bc7049",125,156,157,0.0368931769558887,0.0848972457358994,0.0588215938775439,0.159732849777261
"bc7049",125,157,158,0.079841009127881,0.0678209469291433,0.0368091020328128,0.347711306217278
"bc7049",125,158,159,0.172943828528934,0.212734840324571,0.172857807398222,0.526684874874758
"bc7049",125,159,160,0.256750753867919,0.278081458932954,0.247183375625694,0.502122129090188
"bc7049",125,160,161,0.0935295500058709,0.432225197252945,0.110802025548809,0.608799789161129
"bc7049",125,161,162,0.100028223446893,0.38822217638884,0.0993465984955748,0.699736138277649
"bc7049",125,162,163,0.0680473112422701,0.310665906334279,0.0440826752490133,0.385484027804499
"bc7049",125,163,164,0.00699410805451872,0.286858666473074,-0.00249062796168266,0.542178861404781
"bc7049",125,164,165,0.0897511803050445,0.288033886494032,0.03526523965653,0.500569711844977
"bc7049",228,243,244,0.12322581366472,0.288984337637344,0.121068189439206,0.474704402827052
"bc7049",228,244,245,0.0573644576997744,0.175415457081246,0.00393915641799856,0.68903367743878
"bc7049",228,245,246,-0.0264441754189543,0.18403975913876,0.150458436222721,0.701713352404222
"bc7049",228,246,247,0.143730719325741,0.0254228546393975,0.332480729067598,0.554548271133073
"bc7049",228,247,248,0.322377296263939,0.26818065023646,0.239531855084436,0.466436283075604
"bc7049",228,248,249,0.207015611585,0.2269030745448,0.221663221711073,0.363005574315965
"bc7049",228,249,250,0.167467790888021,0.250185180476805,0.215783319430446,0.567186040699094
"bc7049",228,250,251,0.179416820463002,0.187842626443276,0.13499272587638,0.485990882536226
"bc7049",228,251,252,0.139411184035093,0.289529667599115,0.195702272010707,0.3312504374404
"bc7049",228,252,253,0.259572317824776,0.205702907405162,0.216155907212331,0.848200467699026
"bc7049",197,207,208,0.160593929456681,0.260164841270363,0.155733161357789,0.384133192361776
"bc7049",197,208,209,0.212575511812269,0.241510672517111,0.243405570634215,0.370428344944083
"bc7049",197,209,210,0.217901793905828,0.254256812830286,0.225235128592849,0.523281907340856
"bc7049",197,210,211,0.254558267028676,0.170938378533552,0.219579495514818,0.369559485371882
"bc7049",197,211,212,0.310920395155818,0.0935253963424727,0.208356814366955,0.713569496647672
"bc7049",197,212,213,0.338859659494095,0.220490073949832,0.28720733121305,0.509846580361198
"bc7049",197,213,214,0.228000789855806,0.128634489367093,0.392010658658806,0.867679552357875
"bc7049",197,214,215,0.230916556402996,0.110894387577256,0.288205128141962,0.391175326173307
"bc7049",197,215,216,0.18602028919149,0.175983348037033,0.144616118004796,0.419278898201116
"bc7049",197,216,217,-0.01234419071517,0.25540427645782,0.135212185410212,0.424746956989194
"bc7049",1,8,9,0.346292418616807,0.43524751272487,0.527266593062071,0.785041125740599
"bc7049",1,9,10,0.151966729663446,0.191722560184835,0.251885665942536,0.572691965476576
"bc7049",1,10,11,0.136369093600143,0.311520994052423,-0.00441774125778583,0.356480323335257
"bc7049",1,11,12,0.188936878444115,0.104736001411599,0.0643802439966059,0.54284037874132
"bc7049",1,12,13,0.0754295385109526,0.225875579356631,0.0970483540378403,0.405410681274847
"bc7049",1,13,14,0.00244812624904289,0.118887491223252,-0.0857266823629216,0.290515869940084
"bc7049",1,14,15,-0.10253277309626,0.150891672805182,-0.117303400491996,0.312640725054886
"bc7049",1,15,16,-0.00469487220877666,0.137150001906613,-0.0259592954222006,0.39897157582659
"bc7049",1,16,17,0.21536246405538,0.154596677721374,0.377752895914645,0.601735972404611
"bc7049",1,17,18,0.50527145402384,0.367727719351162,0.547754445837828,0.684011421872613
"bc7397",31,33,34,0.352433028662162,0.642763557915636,0.200949761497729,0.142876233778535
"bc7397",31,34,35,-0.104516615263133,0.677139857640466,0.322417958732845,-0.14033536555048
"bc7397",31,35,36,-0.0889012977753442,0.543778917205433,0.0865493344407973,0.133786428498978
"bc7397",31,36,37,0.242163154382131,0.395476946618399,0.15053876578921,0.189543559983646
"bc7397",31,37,38,0.306961595845403,0.266464871387605,0.276394343477165,0.188411064007023
"bc7397",31,38,39,0.325963163559015,0.388140319548173,0.286254085820697,0.0179640852263158
"bc7397",31,39,40,0.170661062508213,0.276477418210896,0.392084590885648,0.00210606945477137
"bc7397",31,40,41,0.23217342096799,0.268261497428943,0.2484611247064,0.0968133953901144
"bc7397",31,41,42,0.0954093446353334,0.297590775672236,0.00579398657263376,0.473259982478325
"bc7397",31,42,43,-0.182795233650533,0.623137478360158,0.505425029420999,0.176483322333193
"bc7397",1,3,4,0.193340398738793,0.50673464941439,0.144856186108907,0.480436886648386
"bc7397",1,4,5,-0.273166904081427,0.43941458558863,-0.354202524119563,0.401317957137785
"bc7397",1,5,6,-0.284270635030335,0.579871268863994,-0.0816925015528986,0.0649576720039044
"bc7397",1,6,7,-0.122864990098364,0.425969891182288,0.000437235310824144,0.114299890090088
"bc7397",1,7,8,0.252319199177342,0.3848978100675,0.131299340539872,0.25281245403592
"bc7397",1,8,9,0.264956480316661,0.320491985915478,0.22966938908811,0.414218573033071
"bc7397",1,9,10,0.266999551373965,0.491342427808654,0.0389292272343169,0.316966179708576
"bc7397",1,10,11,0.133698501176558,0.520966149643519,0.247066492803348,0.23932091577481
"bc7397",1,11,12,-0.130309573540921,0.31634317591098,0.00664310687754103,0.323978774339568
"bc7397",1,12,13,-0.108803300263379,0.434956326585824,-0.0916440373994998,0.147670772087157
"bc7397",47,49,50,0.495465125123772,0.655885206195916,0.506890121014952,0.0527835990694305
"bc7397",47,50,51,0.40486358634671,0.143135857676161,0.187680391475353,0.197051828217204
"bc7397",47,51,52,0.182892267180952,0.161968960987679,0.238542617197582,0.234057438139764
"bc7397",47,52,53,0.32505188400707,0.245039477394272,0.250086747599294,0.190829072679269
"bc7397",47,53,54,0.318744762567136,0.491129256516951,0.191341659217569,0.111578160705313
"bc7397",47,54,55,0.181313847782525,0.361439181827902,0.384795161412859,0.315822337872897
"bc7397",47,55,56,0.251526915320736,0.552062253885859,0.135620203848518,0.362345028282364
"bc7397",47,56,57,0.015017267569486,0.480408703325909,0.375826417926925,0.276841557091979
"bc7397",47,57,58,0.24953264324512,0.418183518611067,0.0876717897497903,0.435729156584397
"bc7397",47,58,59,0.226638132780452,0.508519181583389,0.126114508782653,0.395580826661679
"bc7397",70,71,72,0.356560347210414,0.36998279644002,0.269115012945317,0.382497501626902
"bc7397",70,72,73,0.280977392038373,0.456031267484527,0.30022786603771,0.277072952665734
"bc7397",70,73,74,0.121113160113564,0.469498105851773,0.127354492858156,0.524548582864262
"bc7397",70,74,75,0.167170286890701,0.675445885277543,0.200623352291475,0.360999135519319
"bc7397",70,75,76,0.277379024694392,0.487567827577032,0.0192866942293807,0.172200605664651
"bc7397",70,76,77,0.16502348414224,0.404052442047332,0.15262814158202,0.328159600367452
"bc7397",70,77,78,0.147417298287465,0.392290398739307,0.0195571838328252,0.475760349230123
"bc7397",70,78,79,0.101958542717927,0.437175760460497,0.121899114315029,0.394217606050083
"bc7397",70,79,80,0.000188856709284944,0.438444347779279,0.0607370401668445,0.163782798996892
"bc7397",70,80,81,-0.0351594449055299,0.3632340467798,0.0384764819287995,0.296307775537681
"bc7397",99,100,101,-0.18730017450933,0.659433046115821,0.1885109481754,0.0386396598463958
"bc7397",99,101,102,-0.246864870759172,0.55551410697104,-0.0181084528335029,0.37653030119182
"bc7397",99,102,103,0.0431839121224411,0.458443392468638,0.0309397632689686,0.442919743025914
"bc7397",99,103,104,0.444945335680456,0.140763333125016,0.274607451185544,0.337956192976748
"bc7397",99,104,105,0.396642013658458,0.210875925931095,0.506092603647712,-0.0826869671918528
"bc7397",99,105,106,0.466070365996092,0.0261534388935324,0.285615974187407,0.0964384868871434
"bc7397",99,106,107,0.308665411567817,0.211485327601805,0.239040360940367,0.00549415889641909
"bc7397",99,107,108,-0.0358120907010677,0.42178438543462,0.304905257042659,-0.0537194383624126
"bc7397",99,108,109,0.00558562047087183,0.2329214772349,0.0508887367415715,0.223616668661045
"bc7397",99,109,110,0.259878683333745,0.308444451717802,0.0309189092805864,0.244226749782588
"bc7397",112,112,113,0.233625667007347,0.340737187370391,0.201081647766649,0.366837696135342
"bc7397",112,113,114,0.441290579566155,0.207736200964665,0.387710360155552,0.0213099971978049
"bc7397",112,114,115,0.323711479573334,0.343970082226121,0.274592933535285,0.305347722867696
"bc7397",112,115,116,0.371764153049453,0.627676530245587,0.301756067053453,0.518588234206437
"bc7397",112,116,117,0.314090889452524,0.649427870082388,0.543575217726581,0.33057725674924
"bc7397",112,117,118,0.460185409218843,0.577450784370386,0.415149497331962,0.356755033007125
"bc7397",112,118,119,0.492778910936062,0.648553056324898,0.358893043589897,0.308682013215259
"bc7397",112,119,120,0.377829716079037,0.485955018673015,0.38000335976232,0.394773615220017
"bc7397",112,120,121,0.388110780105395,0.494450664304588,0.394190653728507,0.455062463890933
"bc7581",1,45,46,0.1081406562434,0.409698189649597,0.193965970926757,0.322341572320171
"bc7581",1,46,47,0.139542373375322,0.530582245750234,0.0855862110263865,0.260264486792589
"bc7581",1,47,48,0.084558416862138,0.191408753042117,0.111654021646236,0.1301945094978
"bc7581",1,48,49,0.203520883192655,0.401557310648242,0.268946936478628,0.217589869678739
"bc7581",1,49,50,0.256526180279258,0.577763291495427,0.19140708008664,0.345698897324521
"bc7581",1,50,51,0.23311526326937,0.445044955284963,0.200842410730924,0.415272868899892
"bc7581",1,51,52,0.265826054480237,0.580365519383894,0.0973615415777649,0.309948624415356
"bc7581",1,52,53,0.210743620478523,0.604173626417314,-0.00882731371485681,0.261078888722604
"bc7581",1,53,54,0.0181059382119244,0.433546553084508,0.174831998038134,0.28285027981537
"bc7581",1,54,55,0.223316411279423,0.606956732691083,0.29323949735963,0.111808280694458
"bc7581",100,143,144,0.256714841644131,0.532342049901354,0.217065314320918,0.456947045829965
"bc7581",100,144,145,0.312472163254285,0.482131965053271,0.300535290541405,0.48716477553874
"bc7581",100,145,146,0.378296690052848,0.542331510033465,0.275980810651814,0.373567275881159
"bc7581",100,146,147,0.305019065743822,0.532019520429333,0.0760432508317334,0.176143302306838
"bc7581",100,147,148,0.124306475803691,0.411414611288277,-0.0185831997058013,0.32409359188596
"bc7581",100,148,149,0.0346100690369665,0.576862362121656,0.0492046127012814,0.32369161236711
"bc7581",100,149,150,0.165972299841863,0.582697590132303,0.12945899397025,0.317166808276545
"bc7581",100,150,151,0.217795390915102,0.631573522270868,0.138933181540568,0.437764143319841
"bc7581",100,151,152,0.240653340347532,0.48025145986792,0.252633710036496,0.256315834714776
"bc7581",100,152,153,0.207425344416816,0.335514801339146,0.270478698072954,0.311354538252938
"bc7581",197,239,240,0.1637295252638,0.426217147127415,-0.0304372775680922,0.368771534193561
"bc7581",197,240,241,0.14943502765183,0.426389717588583,0.0605091276815014,0.349423503658358
"bc7581",197,241,242,0.274996940812684,0.441847235529476,0.0512807122984691,0.156897833477551
"bc7581",197,242,243,0.321501402684094,0.588653672713924,0.0531261563276961,0.2506098134652
"bc7581",197,243,244,0.201282553451186,0.44077563053319,0.173656308044742,0.396428183887484
"bc7581",197,244,245,0.290956274026147,0.408351385048769,0.229414282948943,0.302438494210341
"bc7581",197,245,246,0.189176719152596,0.500924807458419,0.239621376690312,0.501224103149522
"bc7581",197,246,247,0.214790895565617,0.484472784559168,0.118528348794997,0.456130689635593
"bc7581",197,247,248,0.135458956271263,0.598039532722938,0.180593913958203,0.318308458501035
"bc7581",197,248,249,0.0568588995265508,0.456830050797555,0.158923108426646,0.50931001094032
"bc7616",31,46,47,0.157320231983164,0.274483489503027,0.0823315401755957,-0.216628142803032
"bc7616",31,47,48,0.217891380031336,0.180616030390625,0.230024155255118,0.0734470096672622
"bc7616",31,48,49,0.222877518266325,0.238692787994423,0.261762550724537,0.131425021302656
"bc7616",31,49,50,0.215471919041458,0.256266640522338,0.274708020499362,0.201369150790917
"bc7616",31,50,51,0.284733475947973,0.266369217714184,0.294978814512746,0.174964379988422
"bc7616",31,51,52,0.33583180865221,0.197780395480603,0.249553102879715,0.199280597245369
"bc7616",31,52,53,0.288839577380268,0.254408207159651,0.263500190494074,0.159898360024783
"bc7616",31,53,54,0.189148725798516,0.325715243452838,0.233300131484873,0.164604993353346
"bc7616",31,54,55,0.263128387848962,0.38727436617434,0.182271869146893,0.213947323555119
"bc7616",31,55,56,0.197119229575677,0.359852258343096,0.130695127923033,0.319796326367875
"bc7616",148,162,163,-0.177372380772393,0.772634490027242,0.265333641081554,-0.062424682379239
"bc7616",148,163,164,-0.376447159121816,0.761051106729244,0.415873671994919,-0.0487629087631921
"bc7616",148,164,165,-0.26401220575465,0.728296090256397,0.254649725685124,0.232198158387226
"bc7616",148,165,166,-0.201731768965917,0.575562380865562,0.0277069109500797,0.323954871433624
"bc7616",148,166,167,-0.0461064454331963,0.453571728293334,0.0344247188794302,0.0896774823413831
"bc7616",148,167,168,0.0787628780829785,0.26604658341615,0.0604116191748806,0.0310314058934392
"bc7616",148,168,169,0.145132409669131,0.69495187622578,0.21619030057233,0.0122291289617932
"bc7616",148,169,170,-0.197820663426627,0.667432134636784,0.0424842046292491,-0.0874564999466323
"bc7616",148,170,171,-0.192769527729949,0.531079110862502,-0.0682860355432456,0.012666754688884
"bc7616",148,171,172,-0.113726881400143,0.475729546094283,-0.149001125636381,0.0847213311873624
"bc7616",106,119,120,0.415338026054719,0.78263888796207,0.533183948113903,0.665211192339091
"bc7616",106,120,121,0.575268040896117,0.862285399048256,0.534537114651846,0.762105410479364
"bc7616",106,121,122,0.58588041857476,0.876147755812178,0.535221087069245,0.796954584135181
"bc7616",106,122,123,0.551590563425975,0.860561660072977,0.524353629046734,0.763013061555784
"bc7616",106,123,124,0.501187119526813,0.824649447784761,0.507680407568072,0.634906031279101
"bc7616",106,124,125,0.379554581007207,0.697081793887774,0.357155340483741,0.501280729695904
"bc7616",106,125,126,0.386273192432631,0.738094055424489,0.286053166845033,0.433025015812533
"bc7616",106,126,127,0.459692716753105,0.837816016052839,0.31751977393036,0.624150937727877
"bc7616",106,127,128,0.429345172314002,0.833543605400711,0.365053013408096,0.7957777554854
"bc7616",106,128,129,0.593017994093897,0.876542905236761,0.465293085894145,0.735630293474762
"bc7616",73,84,85,0.393238729982854,0.31430109422011,0.397184412494917,0.234898464954302
"bc7616",73,85,86,0.241577972117586,0.528534429947338,0.19986929306757,0.372009127759565
"bc7616",73,86,87,0.308377277038412,0.605803881690754,0.138317484968693,0.175527438590768
"bc7616",73,87,88,0.236699495034969,0.524729310003148,0.124854734800568,0.0196595313310718
"bc7616",73,88,89,0.107003889153038,0.686780358022423,0.15532610708423,-0.0910511937034043
"bc7616",73,89,90,0.0774506612201185,0.668493473952747,0.105049440325823,-0.00649401138840727
"bc7616",73,90,91,0.0895278653995398,0.473180967140128,0.155082693592739,0.00150538644001007
"bc7616",73,91,92,0.12180842987555,0.380383754197884,0.103919952346979,0.151765681026282
"bc7616",73,92,93,0.0245429748792086,0.364784208204886,0.114097940345791,0.14121353033486
"bc7616",73,93,94,0.196119925417829,0.735306728227173,0.230861404472997,0.183951173107398
"bc7616",1,10,11,0.368165866290584,0.668280516532363,0.498234696464657,0.307532405788635
"bc7616",1,11,12,0.336314492910388,0.488755160063439,0.451213840723308,0.310765895298231
"bc7616",1,12,13,0.41791332679861,0.516126988294822,0.462517290053108,0.418827602506417
"bc7616",1,13,14,0.569370056781086,0.527217993335031,0.560699260637606,0.606723751450282
"bc7616",1,14,15,0.647104551993599,0.583888559284736,0.63424666771601,0.4965872633109
"bc7616",1,15,16,0.58367869668607,0.597382746778194,0.61584909528225,0.468578130632135
"bc7616",1,16,17,0.585479717370704,0.661003292938868,0.481700309804349,0.560236230196782
"bc7616",1,17,18,0.412381550353535,0.608017010176464,0.492031656771676,0.489416296039154
"bc7616",1,18,19,0.458008713857631,0.442804234304374,0.304499090540207,0.499284507404212
"bc7616",1,19,20,0.308699123104509,0.673533986001722,0.344146365931975,0.376449646522645
"bc7616",224,231,232,0.414655262084202,0.435690858452627,0.448860154568209,0.169936852825784
"bc7616",224,232,233,0.262710011561721,0.630666479083826,0.1369629384004,0.3644852787607
"bc7616",224,233,234,0.565367883773506,0.859107809704052,0.302055060383844,0.338038092714333
"bc7616",224,234,235,0.665839235441892,0.895005944307129,0.497081087915987,0.609408072323199
"bc7616",224,235,236,0.469686350007095,0.900791890425193,0.644834908822299,0.612326684132278
"bc7616",224,236,237,0.307708868998724,0.867884662033686,0.51199738357832,0.345143291149209
"bc7616",224,237,238,0.257184051055307,0.584519143017047,0.480994520146606,0.422152235378874
"bc7616",224,238,239,0.603991120129563,0.714567192100505,0.460478223733824,0.33938117415621
"bc7616",224,239,240,0.646691133406002,0.833945629003128,0.433300361007564,0.285078303395445
"bc7616",224,240,241,0.47014892469906,0.692833229493578,0.324050884418647,0.309115440558785
"bc7680",1,16,17,0.245925572370574,0.670430224934171,0.470097877819639,0.352918234789278
"bc7680",1,17,18,0.229165891692622,0.559081672419507,0.411676125533383,0.34344105595848
"bc7680",1,18,19,0.386687767437017,0.464714770629603,0.395935370381598,0.36740829068908
"bc7680",1,19,20,0.435820430962816,0.427663189555376,0.408321742166789,0.328912080465145
"bc7680",1,20,21,0.375204988314161,0.4182328981601,0.381582105301186,0.346962158264913
"bc7680",1,21,22,0.341444034419344,0.569996573229182,0.284643755308217,0.40338722876924
"bc7680",1,22,23,0.331260666753594,0.527755959351465,0.321072376240561,0.368066195518933
"bc7680",1,23,24,0.243445203315835,0.367983655092919,0.170109940413954,0.172052997794891
"bc7680",1,24,25,0.116912439088175,0.264291708704469,0.232415217694586,0.205347472764504
"bc7680",1,25,26,0.242903705497541,0.490792028743175,0.321729684355707,0.400489211621543
"bc7680",99,112,113,0.315487225934317,0.373872150704511,0.331734221839038,0.305525454617528
"bc7680",99,113,114,0.382477842704154,0.396887256895036,0.331680540524919,0.291030794403464
"bc7680",99,114,115,0.35944644788901,0.342139247410101,0.359787008437533,0.325028850749243
"bc7680",99,115,116,0.393821774373915,0.352759972520491,0.356205317207867,0.218903702709959
"bc7680",99,116,117,0.16453177967094,0.247190163983919,0.0733278446791985,0.163812574128555
"bc7680",99,117,118,0.347116685278159,0.425165895494449,0.299346996372579,0.291571896769922
"bc7680",99,118,119,0.2921422723046,0.343586864190004,0.414802591674175,0.220790056001356
"bc7680",99,119,120,0.223855104845821,0.509137832338685,0.233667895210956,0.282445717204611
"bc7680",99,120,121,0.263677876001221,0.581187687530185,0.188098738430556,0.323823577327398
"bc7680",99,121,122,0.397849474809219,0.492733588852571,0.160812639536146,0.356436931368021
"bc7680",136,145,146,0.208569806644987,0.494447334076946,0.372552518242429,0.312013727790656
"bc7680",136,146,147,0.219949452893927,0.582360093850634,0.203324481110166,0.449500800452167
"bc7680",136,147,148,0.182123220861583,0.682213536279732,0.14948199345088,0.522034019781252
"bc7680",136,148,149,0.14109060366516,0.699816357538072,0.230889704641449,0.610460514024268
"bc7680",136,149,150,0.178751888874291,0.613764002997873,0.263051351789941,0.611030716056939
"bc7680",136,150,151,0.181814614964548,0.657012504906667,0.23492707034191,0.517717987136229
"bc7680",136,151,152,0.21526963973668,0.571282457386607,0.22251154762849,0.52655166927754
"bc7680",136,152,153,0.251001277066193,0.555254519238519,0.252291234250806,0.483625212090797
"bc7680",136,153,154,0.261966902292621,0.509979164868214,0.262909836262933,0.530217627520844
"bc7680",136,154,155,0.280257109486567,0.528690049440967,0.266081480499473,0.440378533736392
"bc7680",166,175,176,0.229554610662844,0.50147380546466,0.261746054659253,0.350486111793781
"bc7680",166,176,177,0.328307568190988,0.451226355624436,0.289185248204481,0.33792393705161
"bc7680",166,177,178,0.374768882898534,0.427074581811441,0.330773592359497,0.315346658936825
"bc7680",166,178,179,0.351479830540738,0.433505349007432,0.24677350787871,0.22141155096156
"bc7680",166,179,180,0.29376600855912,0.424195601959111,0.20110461526526,0.257980717342598
"bc7680",166,180,181,0.245409948474755,0.478091582525173,0.180398868302814,0.328565803368288
"bc7680",166,181,182,0.235520250553369,0.456615413209615,0.211060379266688,0.337482843602101
"bc7680",166,182,183,0.25934573153049,0.48145282224763,0.159336154728267,0.368929253016749
"bc7680",166,183,184,0.307578085217831,0.499159193938263,0.215321326265296,0.344061212941142
"bc7680",166,184,185,0.305529264263436,0.504959477331475,0.370475345524069,0.255934599870485
"bc7680",72,80,81,0.0804897194401746,0.614909522351451,0.229764088354294,0.152398173016066
"bc7680",72,81,82,0.0101400502040171,0.502306515533713,0.241441245243957,0.195040510202911
"bc7680",72,82,83,0.0631059451425976,0.59245397991892,0.153605197354938,0.394139624288455
"bc7680",72,83,84,0.103255559116274,0.527877897539009,0.177856947810487,0.392922861176491
"bc7680",72,84,85,0.168850008925387,0.573948487237041,0.291324788703671,0.317134008658393
"bc7680",72,85,86,0.234845322083078,0.429362774272189,0.244270842859641,0.348312915197549
"bc7680",72,86,87,0.231724376880373,0.344721397631549,0.158560171392135,0.270231717453314
"bc7680",72,87,88,0.278187794974987,0.381935433336933,0.205582691125326,0.204803839769177
"bc7680",72,88,89,0.306399734260209,0.415101679405986,0.336081216540544,0.0331837635102264
"bc7680",72,89,90,0.410129091591369,0.392412912434424,0.438139765874218,0.365243787599731
"bc7680",195,202,203,0.38135186906756,0.474034175758641,0.446462233264635,0.427000171460978
"bc7680",195,203,204,0.410121979480908,0.502679396366334,0.412540526980495,0.449117087281132
"bc7680",195,204,205,0.309002336073966,0.605736271793826,0.327681958078724,0.439537135443458
"bc7680",195,205,206,0.0627945838848042,0.662021253367194,0.328946175941157,0.342665106323928
"bc7680",195,206,207,-0.00585218410569804,0.632165957754689,0.312118503844969,0.267943265902658
"bc7680",195,207,208,0.096371596644206,0.545043130534279,0.305347385020204,0.222883336011888
"bc7680",195,208,209,0.219728048147662,0.468723125867833,0.372074331559899,0.144780046685191
"bc7680",195,209,210,0.252359364106869,0.476001981901025,0.309699734130667,0.184730090875207
"bc7680",195,210,211,0.193873243910249,0.509812855638378,0.436187282207725,0.301865921513439
"bc7680",195,211,212,0.146151792775223,0.514536986341733,0.367648999979206,0.409078883605231
"bc78100",1,12,13,-0.00215425147977811,0.705018756542722,0.032956365766845,0.349635051138796
"bc78100",1,13,14,0.343697755409637,0.768784035133427,0.327959391117599,0.410590843877419
"bc78100",1,14,15,0.318742562854822,0.770319841412855,-0.0661161916652776,-0.338264207765685
"bc78100",1,15,16,-0.260166707512728,0.593548899563908,-0.332559230827073,0.199692197972769
"bc78100",1,16,17,-0.337336244918033,0.726136294244084,0.0419819658681159,0.0150936153909336
"bc78100",1,17,18,-0.21089902595706,0.707821156618488,0.376870944767982,-0.434668879947594
"bc78100",1,18,19,-0.0801974396534307,0.630421072368633,-0.0792119878104655,-0.110481509713658
"bc78100",1,19,20,0.0844235811714556,0.659882963638333,-0.394891217153696,-0.0450446882308463
"bc78100",1,20,21,0.3866569456446,0.805876186582347,-0.390992489492343,-0.356514843216121
"bc78100",1,21,22,-0.16454991309667,0.684531604126657,-0.41655654467672,-0.568706829788704
"bc78100",35,46,47,0.0279267831126728,0.641439284066422,-0.313676444759545,-0.273332476284718
"bc78100",35,47,48,0.338905181370214,0.701017577637241,-0.316660440870055,-0.228822433004573
"bc78100",35,48,49,0.0718636512566367,0.656639732247864,-0.0364119369231428,0.176686732804887
"bc78100",35,49,50,-0.194304783385631,0.56482839590004,0.248269539191579,0.0148274144258316
"bc78100",35,50,51,-0.126479636437319,0.727077721635455,0.282450092234813,0.0167425501113684
"bc78100",35,51,52,-0.319370187903738,0.469642033302613,-0.150891429946825,0.106223680816554
"bc78100",35,52,53,-0.336716510873807,0.461150792731124,0.0898761938460415,-0.314110719432457
"bc78100",35,53,54,-0.0519942410037402,0.505402855240317,0.463637814831757,-0.0292145659907992
"bc78100",35,54,55,0.128902918981405,0.42973643631276,0.0383629689491099,0.155499412895288
"bc78100",35,55,56,0.223451176863179,0.533844248245797,0.272064975484251,0.0805400053116709
"bc78100",69,79,80,0.0533108105863433,0.291427466255632,0.226020593142975,0.0878810646575823
"bc78100",69,80,81,-0.0299304094958436,0.493561401390211,0.332594407338791,0.188787456196935
"bc78100",69,81,82,0.0524723828425621,0.539907719047488,0.360744444803337,0.0382375303350011
"bc78100",69,82,83,0.0447395276816712,0.375333828726575,-0.262802372785228,-0.137986992757466
"bc78100",69,83,84,-0.0403248504465193,0.533841683409091,-0.150926406051891,0.22152580643511
"bc78100",69,84,85,0.259463419134932,0.798787079471375,-0.252796349879736,0.34182625384156
"bc78100",69,85,86,0.137125666694457,0.61099908598677,-0.388293652385661,0.0708998210292435
"bc78100",69,86,87,0.0851847297511158,0.73368093091153,-0.0867358014896201,-0.116970633535226
"bc78100",69,87,88,-0.481627429452204,0.512878150174073,-0.0562537709466227,-0.321924271843036
"bc78100",69,88,89,0.195306383948464,0.708050930472624,0.043103332570741,-0.281158483199207
"bc78100",101,106,107,0.0137971743230034,0.423456733691602,0.0821470736715267,0.0434018080332376
"bc78100",101,107,108,0.315649750840284,0.459225435064519,0.197638724435191,-0.0328531899571063
"bc78100",101,108,109,0.322924390153307,0.198011053717144,0.176398490433231,0.252975192817734
"bc78100",101,109,110,0.12676203385848,0.398839980277941,0.186797759473566,0.213269190400929
"bc78100",101,110,111,0.148913132611599,0.38977842366529,0.149717862657137,0.217232566043768
"bc78100",101,111,112,0.232605785099784,0.298636182393723,0.151949454852908,0.21127844050094
"bc78100",101,112,113,0.254312615387973,0.245879537163915,0.337251132398991,0.173408542733954
"bc78100",101,113,114,0.442950832839006,0.416276307729086,0.436305018972514,0.13324792363223
"bc78100",101,114,115,0.24388428845968,0.425100205739564,0.134113985427857,0.234314697713589
"bc78100",101,115,116,0.0733855527160315,0.445152296797403,0.15486461782798,0.233755456470497
"bc78100",122,127,128,0.438259071361923,0.499206673824829,0.409816245081373,0.391443618569019
"bc78100",122,128,129,0.357854559967551,0.350533774128644,0.350617648963459,0.256857915958635
"bc78100",122,129,130,0.334725565439593,0.290140647595346,0.377241252807721,0.16517981409261
"bc78100",122,130,131,0.379209200358799,0.348534687894824,0.280918967687573,0.199733643182488
"bc78100",122,131,132,0.232653106345157,0.422217303881541,0.233529136555689,0.320350974040731
"bc78100",122,132,133,0.204162306492674,0.330209645765829,0.342548845790977,0.0705967297519475
"bc78100",122,133,134,0.233727970303462,0.395901686042784,0.316275000499032,0.152221670601073
"bc78100",122,134,135,0.167461319090306,0.486703110615467,0.295821063111966,0.149198491520246
"bc78100",122,135,136,0.220474853376823,0.667986117876753,0.288683227461855,0.163368803537629
"bc78100",122,136,137,0.206655272286764,0.635247004332142,0.0399603097235421,0.228837694216156
"bc78100",183,188,189,0.192137617759311,0.303810959268494,0.0387699762124668,-0.00327040364129834
"bc78100",183,189,190,0.125051174075016,0.0155006478482534,0.190729094230967,0.0179934055685658
"bc78100",183,190,191,0.319020638839903,0.389273101173232,0.117823554212343,0.072501822818274
"bc78100",183,191,192,0.349596798788212,0.607112477366487,0.122686105406137,0.107188108965414
"bc78100",183,192,193,0.266581152742595,0.379144241038994,0.202608785821573,0.150003109482155
"bc78100",183,193,194,0.334320777267786,0.265959402366856,0.411045365745401,0.111934291438428
"bc78100",183,194,195,0.544711561953006,0.307536786445174,0.473156908991333,0.145506290453917
"bc78100",183,195,196,0.198686368458776,0.436452756909825,0.298296921057483,0.13611128270685
"bc78100",183,196,197,0.0907541560114356,0.593356972042912,0.0300875127640543,0.280565493626784
"bc78100",183,197,198,0.0336271002777118,0.567900664690555,0.0207943456375223,0.192716039666371
"bc7896",303,307,308,0.241369736351629,0.489701249893761,0.300296639088573,0.136094787466036
"bc7896",303,308,309,0.242409501602965,0.523426261802487,0.3588472868172,0.297459681045797
"bc7896",303,309,310,0.329791777850622,0.412208228303475,0.274874249845531,0.325822802445946
"bc7896",303,310,311,0.369705821021282,0.376071289468214,0.32828340100947,0.319605602468417
"bc7896",303,311,312,0.354978420860807,0.441464718558237,0.304114402592882,0.297979109972316
"bc7896",303,312,313,0.296432773964853,0.500084485007582,0.302231269442445,0.353311676044788
"bc7896",303,313,314,0.319214083065559,0.50747897646354,0.223799118198895,0.371641938635493
"bc7896",303,314,315,0.336872914937808,0.526541511430336,0.202909499764932,0.278777278480094
"bc7896",303,315,316,0.300848600879806,0.566253212993985,0.176001478187904,0.450280586443089
"bc7896",303,316,317,0.249632019284814,0.681498774925403,0.2489507965301,0.458773523549163
"bc7896",285,288,289,0.246713821734132,0.469261781040852,0.251201951444123,0.163682221592723
"bc7896",285,289,290,0.20723871269005,0.532304296516181,0.276432266295182,0.16844794193213
"bc7896",285,290,291,0.217940133773258,0.21807710958183,0.0523719178593066,0.081905063398726
"bc7896",285,291,292,0.259812005108864,0.284870029306863,0.237263939574221,0.195341042067192
"bc7896",285,292,293,0.24270456680831,0.435152756372962,0.0749872894723711,0.301744862218643
"bc7896",285,293,294,0.142110923593592,0.468777886364651,0.229376947827315,0.343023830022959
"bc7896",285,294,295,0.185154503820326,0.534615578504005,0.199643295505961,0.479211073507703
"bc7896",285,295,296,0.331118905377617,0.63449907608077,0.00116268984562817,0.326417647428037
"bc7896",285,296,297,0.187795926519928,0.614154074906284,0.186771157038598,0.38843757435711
"bc7896",285,297,298,0.0545915364262781,0.555761395472207,0.185877715681861,0.314549598644462
"bc7896",246,247,248,0.42153823531103,0.487395213894157,0.332824774942541,0.277674588216967
"bc7896",246,248,249,0.26178725725621,0.485913978171905,0.286908445136714,0.234791276872193
"bc7896",246,249,250,0.255611170967632,0.575843291115552,0.382033871481161,0.305414772440369
"bc7896",246,250,251,0.330805797161436,0.54639748421483,0.276201386131507,0.372150835695173
"bc7896",246,251,252,0.240036387828568,0.485383121436697,0.122626424357363,0.315892269074193
"bc7896",246,252,253,0.161803766235442,0.4829574067372,0.14830767764587,0.370516741293518
"bc7896",246,253,254,0.17677003470295,0.499485818375279,0.192470096755248,0.395710318624292
"bc7896",246,254,255,0.15032201915363,0.46136243153905,0.144811073345807,0.393110096820213
"bc7896",246,255,256,0.241841558949403,0.482423061656343,0.15667663910998,0.124145518754514
"bc7896",246,256,257,0.21808413895556,0.469287452913652,0.21746969551524,0.242556166801752
"bc7896",228,228,229,0.283847408888789,0.503475680942396,0.250121514596541,0.350527531599759
"bc7896",228,229,230,0.227498408522152,0.488633322312872,0.245067765580351,0.345215821910923
"bc7896",228,230,231,0.260282800437532,0.635038040681159,0.27526510494982,0.320681702059063
"bc7896",228,231,232,0.23424629453332,0.6010664380586,0.233450848782225,0.345405862880333
"bc7896",228,232,233,0.2652231994563,0.605039368017652,0.316861042755679,0.375247063530518
"bc7896",228,233,234,0.291641892079482,0.536988745687194,0.313402097015591,0.424634486210283
"bc7896",228,234,235,0.202636338459628,0.510246002785632,0.215337398571381,0.428437887259562
"bc7896",228,235,236,0.368729645756025,0.579238547246365,0.279149621085002,0.296946748257885
"bc7896",228,236,237,0.191127162929159,0.510830355845677,0.325217882395574,0.301524243717437
"bc7896",219,219,220,0.0986654696775841,0.59750815986622,0.299701840030176,0.426229894965627
"bc7896",219,220,221,0.169008716185004,0.473134562724628,0.265967656146194,0.41329968607324
"bc7896",219,221,222,0.268585451215246,0.549913712901121,0.163141678452799,0.331496385843402
"bc7896",219,222,223,0.083177206820501,0.414196760256206,-0.0758107287541459,0.438064088767551
"bc7896",219,223,224,0.139045957856884,0.625893225622432,-0.0324099955752884,0.268948187295382
"bc7896",219,224,225,0.0867672264716895,0.665343220984362,0.0466141535294681,0.40160739535137
"bc7896",219,225,226,0.0683673862670095,0.585380585573115,0.0839199507174528,0.476665871503536
"bc7896",219,226,227,0.207244915960527,0.540920336606059,0.303541037380664,0.400033694489105
"bc7896",267,267,268,0.379398735853648,0.641059584318061,0.46645595604348,0.504272794541408
"bc7896",267,268,269,0.435145974217257,0.697794767738123,0.332293368067268,0.527521069616149
"bc7896",267,269,270,0.469702806304145,0.694981647502436,0.328431391583879,0.565149154752531
"bc7896",267,270,271,0.476467498460806,0.617905338555938,0.272683738407139,0.594648127907883
"bc7896",267,271,272,0.371399102057066,0.617624525216646,0.368875991155543,0.489948361266191
"bc7896",267,272,273,0.331904689949989,0.667269199671213,0.237566862745002,0.365522652143279
"bc7896",267,273,274,0.180390068763127,0.463237107079381,0.0362797581897399,0.180133742129061
"bc7896",267,274,275,0.550703707332769,0.539147555353399,0.213105138825831,0.223221403210989
"bc81028",42,59,60,0.0703733310160692,0.181568425001383,0.324852099239461,-0.0334740749789246
"bc81028",42,60,61,0.171390883978699,0.238411521508673,0.268506072426954,-0.032874147683076
"bc81028",42,61,62,0.192988423531561,0.156831740045091,0.124236519957566,0.0653355620868414
"bc81028",42,62,63,0.206550476741707,0.207457700688788,0.110203946647985,0.0202453806418717
"bc81028",42,63,64,0.238181404705417,0.261032943239828,0.114225234563307,-0.00571452416759161
"bc81028",42,64,65,0.22777873890663,0.180438444849248,0.0997982613811101,-0.0998616705762587
"bc81028",42,65,66,0.224929035314205,0.22921218358542,0.118490396943395,-0.0793762309407396
"bc81028",42,66,67,0.230487612066331,0.26345427845884,0.217716269913928,0.17975833058637
"bc81028",42,67,68,0.253862661769927,0.379134640445428,0.244564020233054,0.360086815507387
"bc81028",42,68,69,0.290075884569599,0.425243210551262,0.247076172853924,0.425054802002617
"bc81028",88,105,106,0.441340920479591,0.537085755750761,0.437328655919701,0.486524753959422
"bc81028",88,106,107,0.382362334508609,0.540973856397297,0.440875207720971,0.489716841284337
"bc81028",88,107,108,0.416833081665113,0.469825230822658,0.403221098544762,0.474233607392863
"bc81028",88,108,109,0.459300674791452,0.422717857552077,0.341635241795256,0.493754859762183
"bc81028",88,109,110,0.380633807056016,0.496297592079414,0.266480995864401,0.479308802182131
"bc81028",88,110,111,0.334623788468222,0.512056889835531,0.240120686428126,0.406797967597954
"bc81028",88,111,112,0.254380837347128,0.414648631363438,0.315065309267973,0.418992355968129
"bc81028",88,112,113,0.267697030924163,0.39536608936453,0.373384531964355,0.480396952142746
"bc81028",88,113,114,0.422876895037704,0.537743862206635,0.469825351146345,0.529771017342989
"bc81028",88,114,115,0.475884070238137,0.61630018404278,0.438697164077715,0.557420185948325
"bc81028",1,16,17,0.46519636388348,0.483683444861661,0.336609123240433,0.458647693039758
"bc81028",1,17,18,0.386646337304901,0.489360051409506,0.354782143347668,0.473376309200382
"bc81028",1,18,19,0.432972772697348,0.538650896668649,0.48045504381658,0.574162437819767
"bc81028",1,19,20,0.536991412036076,0.568888666101731,0.559842837944045,0.616112449943497
"bc81028",1,20,21,0.538987997452548,0.560416308834223,0.510244449066052,0.582906394089304
"bc81028",1,21,22,0.469375351483529,0.616369852951973,0.454772218439365,0.511187020140326
"bc81028",1,22,23,0.383252191050025,0.48006844073506,0.467399076256013,0.48094407137888
"bc81028",1,23,24,0.349097359889013,0.415403641188171,0.499822001874055,0.455933624034759
"bc81028",1,24,25,0.342489350745833,0.527146784439593,0.415690949327918,0.492234008497627
"bc81028",1,25,26,0.305441609811682,0.60050990944094,0.397956960048411,0.56548494573117
"bc81028",134,148,149,0.439436181320368,0.62826071706624,0.571774863745834,0.656796222900663
"bc81028",134,149,150,0.393549155305655,0.612813962825935,0.518506839713712,0.565146771274143
"bc81028",134,150,151,0.497834058220057,0.545814524482374,0.470326104045001,0.456648959349907
"bc81028",134,151,152,0.504795609998474,0.620774968918878,0.555338703463791,0.509366342245132
"bc81028",134,152,153,0.434879663382307,0.518676191897056,0.558273100922219,0.666882975930484
"bc81028",134,153,154,0.485980321009161,0.62681339782615,0.544066620748838,0.61838537182561
"bc81028",134,154,155,0.619999506805367,0.590426396982535,0.542797474724783,0.609473184476563
"bc81028",134,155,156,0.584540567495745,0.667429196595866,0.55757995764463,0.514346445312836
"bc81028",134,156,157,0.559797278319553,0.558207930318112,0.629160591247838,0.693622685345865
"bc81028",134,157,158,0.604172384097242,0.672572983614236,0.576331400040777,0.580575685055744
"bc81028",182,194,195,0.182638366612766,0.487078153214697,0.0646087218386996,0.313178254863953
"bc81028",182,195,196,0.131770111877255,0.533114386128931,0.0517463907881346,0.283370877297672
"bc81028",182,196,197,0.00942396237789594,0.454231462124604,0.137862523453794,0.37857746475091
"bc81028",182,197,198,0.16658717770735,0.497797817136138,0.138734720245842,0.379454635775397
"bc81028",182,198,199,0.175274409402863,0.564010418631512,0.174928187078765,0.353673331169567
"bc81028",182,199,200,0.164387618515591,0.522757404159934,0.152211816403802,0.337805927101459
"bc81028",182,200,201,0.154915587134519,0.514745129056074,0.194156814448873,0.421717849418056
"bc81028",182,201,202,-0.0340773496024733,0.615657206617959,0.0888318854732196,0.311663094745857
"bc81028",182,202,203,-0.223200255848098,0.56208533173587,-0.0758315370598756,0.327253445942546
"bc81028",182,203,204,-0.264748813760921,0.528868870241552,-0.259914879123173,0.491850674949739
"bc81028",243,248,249,-0.0813499079054269,0.584291128870332,-0.191368925811026,0.407581979971617
"bc81028",243,249,250,0.091576772543737,0.502831526589083,-0.0198260052302382,0.165334978933235
"bc81028",243,250,251,-0.0769340384965085,0.508247022753144,0.0848278944095138,0.27485655037692
"bc81028",243,251,252,-0.16261532436541,0.303842306907324,-0.189432806145395,0.301237741318361
"bc81028",243,252,253,-0.141082095413226,0.5598273732258,-0.181700183271505,0.153544163686683
"bc81028",243,253,254,-0.219288322539697,0.451431672529714,-0.295361885962198,0.198907828463529
"bc81028",243,254,255,-0.141631504430165,0.529313652835736,-0.177260098316771,0.251661531908491
"bc81028",243,255,256,-0.0405593168496902,0.635827176610305,-0.104693011565698,0.345175987767868
"bc81028",243,256,257,-0.0388817379542998,0.611027502822063,-0.143355491383449,0.507738332627167
"bc81028",243,257,258,-0.0938651072473658,0.599438098283797,-0.0829183899504416,0.533441507547015
"bc81060",179,209,210,0.422022348904967,0.495585436235683,0.170432621914857,0.444733932642535
"bc81060",179,210,211,0.57234276498821,0.471153104903039,0.511683072514361,0.541457351624632
"bc81060",179,211,212,0.564288181243856,0.502849854382855,0.56615966450763,0.469641185626956
"bc81060",179,212,213,0.601976186383572,0.46531679513633,0.552040263320554,0.396456598638315
"bc81060",179,213,214,0.640216337104525,0.434984403700115,0.638439661587728,0.232422822636614
"bc81060",179,214,215,0.47244788988011,0.294770365610585,0.573623011728901,0.102815382232094
"bc81060",179,215,216,0.289952295812432,0.55755197857505,0.456892413606625,0.0821768772107899
"bc81060",179,216,217,0.307206266277704,0.632697237810967,0.122775216846644,0.263047564333661
"bc81060",179,217,218,0.241238166739504,0.629845235531598,0.187129944697386,0.116900935913198
"bc81060",179,218,219,0.376680115445838,0.456054111421046,0.0223785672584908,-0.0963217530160018
"bc81060",91,109,110,0.295049136080875,0.540400647508395,0.204925491907713,0.216211784729607
"bc81060",91,110,111,0.4857974016365,0.579059443130593,0.347318999041075,0.285443410141041
"bc81060",91,111,112,0.529821857130081,0.597480856610848,0.230631212105442,0.13226629610038
"bc81060",91,112,113,0.382484713421379,0.444861609559879,0.268352229128455,0.137731303533604
"bc81060",91,113,114,0.41626593633161,0.540526567108826,0.39231960664843,-0.139638705552599
"bc81060",91,114,115,0.399660567222329,0.521087887591263,0.462326728570339,0.0785892633193453
"bc81060",91,115,116,0.471221526325382,0.373158461453739,0.476207145287412,0.202945284501994
"bc81060",91,116,117,0.463238089770491,0.161069667590591,0.399202961744641,0.215304327270958
"bc81060",91,117,118,0.204046651904323,0.376279824174096,-0.0927848836653346,-0.0779249380754698
"bc81060",91,118,119,-0.00737307359607986,0.625454272315568,0.186386816197618,-0.018460399899509
"bc81060",138,153,154,0.317987840765578,0.317739591501146,0.25537435040225,0.267396383778568
"bc81060",138,154,155,0.237934316687057,0.359801896565206,0.0617612853091008,0.277837213358439
"bc81060",138,155,156,0.21070125478671,0.423672859341675,0.270754542331069,0.327121062679654
"bc81060",138,156,157,0.274889922979648,0.382642119946287,0.310770410624457,0.204511905588016
"bc81060",138,157,158,0.349058442123685,0.311643206527154,0.427165686445798,0.249082662377577
"bc81060",138,158,159,0.481335261125231,0.259109488041227,0.385571816876593,0.255133357479515
"bc81060",138,159,160,0.234440189820262,0.289157080358485,0.355258112745333,0.161974276890785
"bc81060",138,160,161,0.294215947135638,0.259853858576046,0.241746360310151,0.286938044351148
"bc81060",138,161,162,0.251207119794893,0.240067849186059,0.314529129268127,0.160122669593784
"bc81060",138,162,163,0.451699642146653,0.269654222599814,0.402325039275108,0.0975022421901298
"bc81060",59,69,70,0.443812926822975,0.414269935687867,0.436357269539603,0.392046322920691
"bc81060",59,70,71,0.393987439611831,0.45843956896281,0.383818581538424,0.29451622280457
"bc81060",59,71,72,0.327227163216058,0.406834019890869,0.363668051271276,0.281032130144391
"bc81060",59,72,73,0.390413362493452,0.343358637054079,0.331642240775855,0.236149764692366
"bc81060",59,73,74,0.367269638167331,0.277287838562564,0.314966368200005,0.229332570305464
"bc81060",59,74,75,0.198123782359015,0.176757153623295,0.202404559351965,0.134484944461908
"bc81060",59,75,76,0.281602108263937,0.27839950492645,0.369977556611223,0.0915115512776657
"bc81060",59,76,77,0.343595837285272,0.40154521802827,0.439502094656842,0.118451824004469
"bc81060",59,77,78,0.453622287497795,0.36890025614517,0.503681169382021,0.248817302103014
"bc81060",59,78,79,0.504446322203641,0.386290295803437,0.463918629190192,0.248205113300684
"bc81060",29,38,39,0.350755471505949,0.367460538878436,0.291216692131684,0.274629553650011
"bc81060",29,39,40,0.347448719832446,0.419688737439951,0.280316269483479,0.284214803372954
"bc81060",29,40,41,0.336317844021163,0.505339314868041,0.422039473530917,0.254029211243636
"bc81060",29,41,42,0.300878439432555,0.555279171145721,0.37115692392339,0.24476001233951
"bc81060",29,42,43,0.430045125247906,0.420092477250314,0.322142734189911,0.378134987550137
"bc81060",29,43,44,0.480366386331957,0.421459349134346,0.491897401757303,0.364040861374963
"bc81060",29,44,45,0.43378249868748,0.536911698116598,0.496520539541712,0.185261494433492
"bc81060",29,45,46,0.296951856726744,0.337622256206203,0.377227246647966,0.0247522705595638
"bc81060",29,46,47,0.0918636097291877,0.403371486438234,0.250663888339532,0.239005006646918
"bc81060",29,47,48,0.174079735262065,0.58282425234131,0.183007762477003,0.462730938099753
"bc81060",4,11,12,0.171765187173858,0.230527859995579,0.150142402259847,0.191879542915857
"bc81060",4,12,13,0.11952600303368,0.37844205805334,0.122935395063734,0.135908245311584
"bc81060",4,13,14,0.267496304394396,0.437909737655702,0.177073496947559,0.0371307800617872
"bc81060",4,14,15,0.334925669088412,0.398699117121406,0.290592123080612,0.110399857284998
"bc81060",4,15,16,0.454794205414949,0.522884147136842,0.475980419374298,0.094341230804691
"bc81060",4,16,17,0.519471694341266,0.507576804674757,0.50486109092323,0.363876747363969
"bc81060",4,17,18,0.452064118312198,0.340675021794707,0.415558261215195,0.371689191432394
"bc81060",4,18,19,0.455108279786136,0.40082326431773,0.433516546925603,0.248080685577146
"bc81060",4,19,20,0.466249493208891,0.516799650156784,0.423885951769581,0.286626285353962
"bc81060",4,20,21,0.44455124844712,0.360486548446152,0.423828464939417,0.390356358682152
"bc83045",29,42,43,0.18483394162578,0.583190796512508,0.197495967888799,0.20104860832856
"bc83045",29,43,44,0.301611570153367,0.643640176149163,0.437260552956743,0.208185652613432
"bc83045",29,44,45,0.339482607986732,0.457702843871765,0.377095850902854,0.134937780349362
"bc83045",29,45,46,0.426967750885443,0.423331985405754,0.361933456554711,0.095571886417717
"bc83045",29,46,47,0.344581633002188,0.584825191948319,0.335704851544126,0.0103133499012389
"bc83045",29,47,48,0.195517550808546,0.566903519428713,0.246520128249295,0.218162143259404
"bc83045",29,48,49,0.24137312574469,0.489236254446321,0.467584192102488,0.173947972031583
"bc83045",29,49,50,0.254970131202084,0.483936918145923,0.572177150332804,0.151795183413867
"bc83045",29,50,51,0.109318079673448,0.653306322055383,0.352311963047277,0.11541394536686
"bc83045",29,51,52,0.0617287590895384,0.590482231808658,0.0645946452744997,0.286064216579015
"bc83045",67,79,80,-0.121650906517325,0.67722991061969,0.109251618547044,0.128074887073284
"bc83045",67,80,81,0.0366811312431888,0.567355624550804,0.160549888245914,0.256571376297908
"bc83045",67,81,82,0.0763250593427943,0.530026922629297,-0.0989411355080074,0.359837381679845
"bc83045",67,82,83,0.175954997547949,0.550844085882631,0.148053319808765,0.217911455536949
"bc83045",67,83,84,0.305142088465442,0.412418711165596,0.300254539560179,0.172543860608339
"bc83045",67,84,85,0.426338562110677,0.487946401118749,0.325358898670889,0.146777427576227
"bc83045",67,85,86,0.296661123716227,0.792106409934749,0.361864301461507,0.232455966667685
"bc83045",67,86,87,-0.0071587997048336,0.56103533173576,0.0155899228141254,0.543527862291851
"bc83045",67,87,88,0.165180240756859,0.623783608206137,-0.1619783872093,0.102116122265737
"bc83045",67,88,89,0.317211908466493,0.736405387378256,-0.0521829433642959,0.176310655456235
"bc83045",1,9,10,-0.0146286804655742,0.625805826359709,0.0172724625771652,0.343029243589356
"bc83045",1,10,11,0.241988839286756,0.660487759194028,0.175243788727442,0.148906560745786
"bc83045",1,11,12,0.383486380866475,0.581323358628256,0.312367041488919,0.177232753414808
"bc83045",1,12,13,0.478732209767377,0.439122262182961,0.471049136536148,0.315187790597226
"bc83045",1,13,14,0.526182901660982,0.698324662303437,0.501131007561197,0.379291868721958
"bc83045",1,14,15,0.0848022714890161,0.539854518878428,0.372790758627283,0.453433839317115
"bc83045",1,15,16,-0.170424120523156,0.398499751801981,-0.118616945486529,0.464450242670988
"bc83045",1,16,17,-0.0322266877983334,0.835029249834719,0.0510673534777562,0.12832896373221
"bc83045",1,17,18,0.0173469514601952,0.479418623200782,0.306767406852509,0.214842994847413
"bc83045",1,18,19,0.259546043046477,0.573755057763086,0.144509844974241,0.193871492100105
"bc83045",103,107,108,0.0955754146377453,0.687073251277307,0.082448186614922,0.32154028488143
"bc83045",103,108,109,-0.00467572153421596,0.400181394633277,0.0523327712182137,0.298507649940364
"bc83045",103,109,110,0.104230605573119,0.330601584142854,0.0123116667926559,0.209687501520313
"bc83045",103,110,111,0.120555413007732,0.568232000974177,-0.0428381417196483,0.0687401480578374
"bc83045",103,111,112,-0.0817202318375306,0.446755532926961,0.0876733566448884,0.267875317923051
"bc83045",103,112,113,-0.0176652234135782,0.416333781878736,0.112979645319766,0.0850142768091747
"bc83045",103,113,114,0.0216087621259498,0.39590114449773,0.0179668962294719,0.205124035967611
"bc83045",103,114,115,0.245318150111744,0.53536486086522,0.0744510638130891,0.0488919430190788
"bc83045",103,115,116,0.152098292164056,0.598390860314435,0.190372902272093,0.194726555105642
"bc83045",103,116,117,-0.0147560224869221,0.670554437591161,0.190227850396926,0.482502288509175
"bc83045",122,123,124,0.412446402610411,0.397297222275105,0.379254307706219,0.368860410754859
"bc83045",122,124,125,0.363725908626207,0.462417626972024,0.299658919201229,0.402315359315816
"bc83045",122,125,126,0.341618171191804,0.518582283061641,0.345249959139681,0.399070862064684
"bc83045",122,126,127,0.355764264944244,0.46349706249202,0.351053301782068,0.464481767447787
"bc83045",122,127,128,0.346242225437153,0.503130553188469,0.317394837717537,0.506251992689015
"bc83045",122,128,129,0.339917876861838,0.493732020942615,0.299816954367277,0.398601275316247
"bc83045",122,129,130,0.26493669533801,0.356369394104421,0.32626775946711,0.235084789162915
"bc83045",122,130,131,0.384268936207438,0.578176468598467,0.406910934647784,0.499452601455522
"bc83045",122,131,132,0.393950211036531,0.643555535734914,0.3611396895761,0.530150870687774
"bc83045",122,132,133,0.387557346493395,0.642586213016342,0.361467791714595,0.556155344339472
"bc83045",148,149,150,0.26737150800185,0.587359529281529,0.350440166432048,0.513072049479876
"bc83045",148,150,151,0.287218941714177,0.57108347913911,0.330939704419541,0.557417243811115
"bc83045",148,151,152,0.308880449033252,0.572106633679333,0.316486428044197,0.488589945916866
"bc83045",148,152,153,0.313217100126037,0.555400048766895,0.323138565911679,0.507670243209362
"bc83045",148,153,154,0.338611279391284,0.535659787770406,0.36844481383504,0.517475199164764
"bc83045",148,154,155,0.385346471156983,0.652455293399519,0.511764804424629,0.420488732971819
"bc83045",148,155,156,0.49389585814341,0.693263353171201,0.57067293225602,0.502574565248986
"bc83045",148,156,157,0.518458261544129,0.737443137203508,0.575509674354127,0.602589250607728
"bc83045",148,157,158,0.513057714033018,0.72232196968889,0.57506727983776,0.641566769701754
"bc83045",148,158,159,0.513738848088919,0.751976148533168,0.57792259389932,0.632747075658382
"bc83062",63,75,76,0.374815236327102,0.410337461103562,0.315670457703852,0.103220375072952
"bc83062",63,76,77,0.258916463034996,0.434748197180644,0.27175726060815,0.088749702836808
"bc83062",63,77,78,0.0725866990899731,0.539575884022979,0.255143496535566,0.0860919807673048
"bc83062",63,78,79,0.313304357706142,0.266078016453866,0.0846221696153768,-0.0905651906289361
"bc83062",63,79,80,0.523389334879436,0.340330110669152,0.360402705587361,-0.0291429360952983
"bc83062",63,80,81,0.392098699453019,0.605155050369053,0.443324725971012,0.209013573560716
"bc83062",63,81,82,0.129824468521362,0.378886325234857,0.180554832061301,0.30601534820117
"bc83062",63,82,83,0.0320622282182177,0.324783257831605,0.114210403580261,0.137630849838005
"bc83062",63,83,84,0.0964497822049906,0.507297646371083,0.278192195512797,-0.0226881837937018
"bc83062",63,84,85,-0.029432080397186,0.623868533457294,0.179340228722798,0.348842483494868
"bc83062",118,124,125,0.396265253165371,0.461148829097861,0.110394921945067,-0.00977930080087777
"bc83062",118,125,126,0.264331605829547,0.564878517233366,0.249754988796244,-0.144697428550477
"bc83062",118,126,127,0.417361767107765,0.195280479468738,0.127406260367397,-0.180011582309236
"bc83062",118,127,128,0.262251230893638,0.472830057743276,0.21044120425673,-0.00847979452148235
"bc83062",118,128,129,0.159130753789554,0.265839905832865,0.275706609274672,0.105163094095805
"bc83062",118,129,130,0.262061434880081,0.268018421424508,0.173108825721577,0.0146525690141764
"bc83062",118,130,131,0.0736078742400498,0.352174523252327,0.103752305105842,0.0496828796389815
"bc83062",118,131,132,-0.060280686483051,0.506848965676072,0.122792745793565,0.0792208964444185
"bc83062",118,132,133,0.077165039106266,0.511507961707506,-0.0795230521014752,0.0194266696479794
"bc83062",118,133,134,-0.121570862481271,0.54105920252806,-0.0247968579095111,0.327152283766892
"bc83062",41,46,47,0.64431700459957,0.747904738608087,0.604072676741811,0.545321383317648
"bc83062",41,47,48,0.649967986776795,0.699051853494957,0.64487258082489,0.620538310318162
"bc83062",41,48,49,0.605705876089471,0.741434624331431,0.690209630899463,0.616101855459303
"bc83062",41,49,50,0.444981397054895,0.762471479149493,0.628386286898752,0.387739256837251
"bc83062",41,50,51,0.480245273594388,0.709080067072572,0.5688585251573,0.353876755043394
"bc83062",41,51,52,0.485150172756277,0.735141484645063,0.502229161761505,0.411202849604693
"bc83062",41,52,53,0.385931851242477,0.745588885398778,0.461426856777275,0.457608334688837
"bc83062",41,53,54,0.324289653214591,0.649413707991037,0.290094143241517,0.512858135969241
"bc83062",41,54,55,0.304208679060214,0.707761618622629,0.362684365044501,0.323718267117656
"bc83062",41,55,56,0.342054708059004,0.79552219127342,0.322196371069409,0.303498747380217
"bc83062",142,147,148,0.0223048533561167,0.320979667074626,0.147664806654577,0.162928758128373
"bc83062",142,148,149,0.118805297930487,0.229773007492686,0.0377934844587032,0.106246439086331
"bc83062",142,149,150,0.246093633482698,0.248751118124948,0.109738274151005,-0.207039442386937
"bc83062",142,150,151,0.275470651890217,0.201338517369268,0.255536232429596,-0.0645080136305741
"bc83062",142,151,152,0.112043946318322,0.167145035191845,0.184937836879344,0.0888965487657468
"bc83062",142,152,153,0.247946793636639,0.33648425522913,0.222412790244075,-0.00095042344620878
"bc83062",142,153,154,0.247046728468419,0.254296249975168,0.347151245712906,-0.0980664591324652
"bc83062",142,154,155,0.233213316055531,0.141965605276953,0.263460405317649,-0.166467590477867
"bc83062",142,155,156,0.23844232290037,-0.0256762582280233,0.0978828618917669,-0.000469990131306509
"bc83062",142,156,157,0.132304345794177,0.422952632164503,0.176795886361207,-0.186013295728187
"bc83062",1,5,6,0.323601050836359,0.547093284820185,0.276203301473911,0.303592755478318
"bc83062",1,6,7,0.42381372213504,0.716933231129971,0.387849490546733,0.352026890993963
"bc83062",1,7,8,0.579483273909514,0.680048593772425,0.496389844205524,0.475883335506334
"bc83062",1,8,9,0.581474602334955,0.749100721015642,0.549096240238567,0.433520015489853
"bc83062",1,9,10,0.500219196284485,0.557573685585815,0.562185597235167,0.254573531189397
"bc83062",1,10,11,0.415521451765511,0.446572530074848,0.398251608596152,0.0833779953031989
"bc83062",1,11,12,0.352318192359424,0.426231591226192,0.285135316123388,0.144748769122266
"bc83062",1,12,13,0.369984511325083,0.652583431099259,0.302460642673524,0.137461753333431
"bc83062",1,13,14,0.271159086970068,0.631467303149707,0.275912321748127,0.309344231494994
"bc83062",1,14,15,0.211366793776704,0.55950265017828,0.253136540739801,0.415600682154923
"bc83062",21,25,26,0.389493175839293,0.442511312837278,0.416127469074758,0.253318499102749
"bc83062",21,26,27,0.342687121072674,0.483860155758017,0.30953442510864,0.190004269394778
"bc83062",21,27,28,0.30108761330074,0.556338803861755,0.330695077707064,0.141034184969304
"bc83062",21,28,29,0.258954240683659,0.585378686914364,0.402207915113004,0.154380897249066
"bc83062",21,29,30,0.250420434991951,0.50168497926846,0.288129382127056,0.170409623497707
"bc83062",21,30,31,0.189961646076493,0.524665885383697,0.250631819664182,0.0640221073404406
"bc83062",21,31,32,0.137712156092712,0.568962292258262,0.278279187528236,0.0961429083026518
"bc83062",21,32,33,0.240637800904538,0.725287922694783,0.472482997007483,0.139115222036992
"bc83062",21,33,34,0.406522243696099,0.75234543138531,0.615360548921969,0.35602931490749
"bc83062",21,34,35,0.567703395293306,0.856528778132538,0.744539114868073,0.559210206040235
"bc84032",204,204,205,0.223488196484864,0.550490742025985,0.3925096730505,-0.055506637359786
"bc84032",204,205,206,0.291334321012727,0.609726714714999,0.173545677524328,0.0425055247230461
"bc84032",204,206,207,0.212186895520971,0.587038370736227,-0.0892650613351356,0.0664475406855934
"bc84032",204,207,208,-0.0727524326633434,0.538732548644196,0.0780062802451983,0.237619484624347
"bc84032",204,208,209,0.209145998468906,0.589700724113791,0.145714489177303,0.312146564354978
"bc84032",204,209,210,0.328212050783874,0.394764223433411,0.151535972506708,0.125686535741252
"bc84032",204,210,211,0.268244301705491,0.540769059092927,0.122133923261693,0.015490610553702
"bc84032",204,211,212,0.208110666942149,0.447068087131525,0.241450295118703,0.210758716484296
"bc84032",204,212,213,0.191950771267908,0.452675440812947,0.216393446152588,0.404422327278335
"bc84032",204,213,214,0.219400488366612,0.407117914860048,-0.00478802329481526,0.233238865441008
"bc84032",235,235,236,-0.152530602742902,0.409687495462451,-0.168578930118748,0.411548660120542
"bc84032",235,236,237,-0.149734375711026,0.493308612531113,-0.190608754912044,0.25452215362287
"bc84032",235,237,238,-0.356675688995991,0.345088654578026,-0.157705213427966,0.16861334639131
"bc84032",235,238,239,-0.307323788745226,0.624098059039691,-0.148092196801366,0.249516817485697
"bc84032",235,239,240,-0.0883961460065907,0.439114668273445,-0.260890118255515,0.277355146115576
"bc84032",235,240,241,0.188299522948171,0.415715523466331,0.21382814697475,-0.0275418352817396
"bc84032",235,241,242,0.449667834552372,0.494311261961726,0.542028053162343,-0.0172017318605192
"bc84032",235,242,243,0.536013939100434,0.445431967211822,0.52678116085623,0.336362130737814
"bc84032",235,243,244,0.373971950006147,0.684070988736563,0.588187505138659,0.116599064216547
"bc84032",235,244,245,0.318110254342804,0.487726685356056,0.361383270052021,0.434007754894335
"bc84032",247,247,248,-0.076655564191048,0.616241747839114,0.261228828626355,0.226686417062617
"bc84032",247,248,249,0.413513394502772,0.418462200303145,0.380307089557623,0.467262604805178
"bc84032",247,249,250,0.418914520662176,0.580972288160445,0.442000228179861,0.257802815136031
"bc84032",247,250,251,0.39790800987833,0.524268782767271,0.394531437095816,0.326415740250238
"bc84032",247,251,252,0.353918535994054,0.719343663916338,0.482657162840585,0.132512201317699
"bc84032",247,252,253,0.294332689045304,0.581228984526217,0.455244989108222,0.438448622310137
"bc84032",247,253,254,0.44478131786168,0.671385950432767,0.41803739025905,0.297190193589652
"bc84032",247,254,255,0.617986657379537,0.465487000649116,0.573400929992407,0.0146290312358461
"bc84032",247,255,256,0.302042978248047,0.238632999308759,-0.0989880344035231,0.019221972425863
"bc84032",247,256,257,-0.316342675955751,0.160648352686869,0.104763551848771,0.03696311381059
"bc84032",216,216,217,0.37719845362604,0.419937692594405,0.261922149536089,0.24298379039782
"bc84032",216,217,218,-0.00224819167345993,0.526182885679902,0.15858420189161,-0.382706284269285
"bc84032",216,218,219,0.0465046299898583,0.366679101191546,0.119689495226071,-0.231500107813927
"bc84032",216,219,220,0.28095560158294,0.338104835331084,0.18953851611855,0.130617071958433
"bc84032",216,220,221,0.522506870611163,0.469710844153794,0.328907778596225,0.157996920794514
"bc84032",216,221,222,0.451289042155115,0.607439111226127,0.559338068788551,0.498083220559618
"bc84032",216,222,223,0.653915839135456,0.693227915779557,0.625368301231075,0.711623193409564
"bc84032",216,223,224,0.654369369042167,0.856261257468756,0.450772388341667,0.72810349224735
"bc84032",225,225,226,0.328484749431265,0.685918362866032,0.383555429440796,0.415171520776727
"bc84032",225,226,227,0.447459449483635,0.77919411456169,0.416927945167498,0.56176782392784
"bc84032",225,227,228,0.48098956277738,0.650399869996854,0.370680097233575,0.626488971052781
"bc84032",225,228,229,0.401884016338002,0.583118232673962,0.358205272094009,0.559869694555286
"bc84032",225,229,230,0.274457412856499,0.387355573906688,0.374367965957779,0.37911037121467
"bc86015",35,40,41,0.323415501852789,0.496852181867866,0.424153005173646,0.251137367945496
"bc86015",35,41,42,0.251066238765838,0.52860020980072,0.19280623286628,0.165279486787141
"bc86015",35,42,43,0.156196663496046,0.422726248846032,-0.0234581088238025,0.310753968569432
"bc86015",35,43,44,-0.0747144135658921,0.514103804140156,0.0278584845918104,0.415092016398673
"bc86015",35,44,45,0.0101712218562761,0.625848675137698,-0.06585355857348,0.450325080727
"bc86015",35,45,46,0.0400640590887138,0.64138163217616,0.0378794655577459,0.437683612561741
"bc86015",35,46,47,0.0086247844698084,0.640952892954876,0.319358855926902,0.276239966923092
"bc86015",35,47,48,0.0972567037041995,0.532918588671839,0.235567836129061,0.079684657388779
"bc86015",35,48,49,0.14429500975782,0.255285515071107,0.090152845574352,-0.0204412154124641
"bc86015",35,49,50,0.0664361495286827,0.418429453464633,0.177224937374869,-0.0391895212710247
"bc86015",68,72,73,0.285988578977617,0.39128743893531,0.0715898167382232,0.149178306520904
"bc86015",68,73,74,0.196889852839259,0.418655424014845,0.224800809539978,0.27157434101244
"bc86015",68,74,75,0.257677395207537,0.433990624810469,0.289456457583555,0.377258257025874
"bc86015",68,75,76,0.28984248643258,0.475741258854645,0.297685396500308,0.288830209534775
"bc86015",68,76,77,0.393847066230409,0.496225619552251,0.277220398909235,0.217976159290845
"bc86015",68,77,78,0.31610739495709,0.495260295657229,0.448641233275459,0.237613285510192
"bc86015",68,78,79,0.382520905353334,0.480891437319072,0.448371163162129,0.194894063179562
"bc86015",68,79,80,0.448633482585472,0.507133033872189,0.121596934784427,0.0611003896602618
"bc86015",68,80,81,0.0238995841219275,0.470971472732477,0.270730743841032,0.25228926138531
"bc86015",68,81,82,0.0862150862595265,0.594106817536908,0.167252100669234,0.126965437679186
"bc86015",1,4,5,0.0870451347478555,0.597974574056052,-0.028208709946543,0.230482292243624
"bc86015",1,5,6,0.0938400239825682,0.468668773004092,0.107927747028711,0.326423184661966
"bc86015",1,6,7,0.0543594896178368,0.644494563388036,0.194905026503351,0.292341173706793
"bc86015",1,7,8,0.132658452583771,0.624847708624721,0.0824713741164624,0.43568343861353
"bc86015",1,8,9,0.0619968636503708,0.652999170031803,0.114439667378415,0.467805445672638
"bc86015",1,9,10,0.200587246564344,0.611305119783267,0.138900867684462,0.39063304871044
"bc86015",1,10,11,0.289232409488337,0.39241779799613,0.277972918223099,0.37652401113735
"bc86015",1,11,12,0.33413666729598,0.425474644554409,0.268927865726858,0.345919539923229
"bc86015",1,12,13,0.278959507803566,0.533830359702941,0.325729156173555,0.407159737506206
"bc86015",1,13,14,0.480866277729443,0.609825717209433,0.336495338376801,0.408699832119413
"bc86015",88,90,91,0.258660631684442,0.730791829931157,0.331484754445244,0.121991651200046
"bc86015",88,91,92,0.323169937809481,0.547073305473283,0.224700297983688,0.287408050771906
"bc86015",88,92,93,0.32508079121467,0.617291500286075,0.428583939333893,0.236214150284935
"bc86015",88,93,94,0.478356417579508,0.680741980392378,0.505050667793723,0.185392873818357
"bc86015",88,94,95,0.435192245265966,0.502692141404073,0.316428294800422,0.35372444523658
"bc86015",88,95,96,0.415262767289318,0.57032186166099,0.475036985307305,0.142901415243761
"bc86015",88,96,97,0.418461090885126,0.618101470733057,0.47407834807288,0.132499995180177
"bc86015",88,97,98,0.424705944696827,0.358024831968173,0.351204253811604,0.330876699978166
"bc86015",88,98,99,0.458296411230261,0.486136409366778,0.387150314471228,0.141495961900868
"bc86015",88,99,100,0.486069502055748,0.488795781577723,0.601981011833198,0.188302408276661
"bc86015",133,135,136,0.469492408101342,0.445159673657703,0.466272373206721,0.12674240033301
"bc86015",133,136,137,0.308082954148644,0.381801829078524,0.47716194502107,0.145814469486324
"bc86015",133,137,138,0.222620728703936,0.514182683328196,0.132013498810609,0.220564861450363
"bc86015",133,138,139,-0.117388791566755,0.621215330523431,0.0405198707936701,0.450824097831284
"bc86015",133,139,140,-0.119163358884379,0.667286082967387,-0.140423532441993,0.393654226550568
"bc86015",133,140,141,-0.105112451195948,0.712988813986555,-0.238781909524566,0.440377034335269
"bc86015",133,141,142,-0.283759919212758,0.677296222704543,-0.243984888450837,0.543173808141717
"bc86015",133,142,143,-0.123098648320375,0.615111533447892,-0.0951605246914562,0.519198153766835
"bc86015",133,143,144,-0.00859565856617139,0.652882840659576,-0.0932376909122471,0.398717186253899
"bc86015",133,144,145,-0.0636468417538963,0.610301054146744,-0.0955260276499295,0.387569187333231
"bc86015",18,19,20,0.527796077483214,0.378774716232944,0.482068928427571,0.0222871103793885
"bc86015",18,20,21,0.456029551314933,0.349669045227873,0.480174602032733,0.181824981482672
"bc86015",18,21,22,0.319813097911088,0.294389296649989,0.401730498740913,0.319426377524776
"bc86015",18,22,23,0.341166752432736,0.456720511876418,0.394798823441393,0.369855254160066
"bc86015",18,23,24,0.36445826449793,0.435256118307785,0.325832882796056,0.372401268561564
"bc86015",18,24,25,0.440364107169184,0.416465780112541,0.350609176542561,0.331233573783475
"bc86015",18,25,26,0.192542541365206,0.464783930003124,0.337171187373867,0.301977744119563
"bc86015",18,26,27,0.294283223348495,0.378020969568116,0.158059800130511,0.296449043959671
"bc86015",18,27,28,0.163964685061199,0.53400899604655,0.201423205569102,0.322943256622768
"bc86015",18,28,29,-0.0576142171478191,0.503700300734448,-0.0927255082881873,0.392737012440001
"bc87085",186,208,209,0.300270494826749,0.725072515738219,0.348057557657878,0.200405510727405
"bc87085",186,209,210,0.139513860514037,0.61680991285065,0.336308984910366,0.306933514904636
"bc87085",186,210,211,0.329119115597658,0.370708901300229,0.119333773708089,0.305380435721067
"bc87085",186,211,212,0.253661643441857,0.589062764393427,0.268830996535696,0.172554032531428
"bc87085",186,212,213,0.303651110763816,0.224697552860754,0.269906624616486,0.234750093394968
"bc87085",186,213,214,0.286131370710397,0.587047277153471,0.259800972914358,0.330004505860361
"bc87085",186,214,215,0.321788372663797,0.619633809904766,0.34000489312854,0.432121593618831
"bc87085",186,215,216,0.209725758718942,0.546581570086441,0.378135131007256,0.299380446114523
"bc87085",186,216,217,0.378661788372134,0.440141104115866,0.207405470401313,0.470556867294598
"bc87085",186,217,218,0.380095747874591,0.53984219412117,0.462154773277547,0.345718944411409
"bc87085",56,70,71,0.262546175053361,0.65554067582262,-0.188242140990501,0.103921474193109
"bc87085",56,71,72,0.284539062698347,0.682073585356207,-0.336071952389558,0.0253208929795632
"bc87085",56,72,73,0.112538035903523,0.756495164297239,-0.0558160354234464,0.12664516481895
"bc87085",56,73,74,0.0617100202323797,0.720109835363429,-0.00723445499759872,-0.0960472724158961
"bc87085",56,74,75,0.00974355696933441,0.530358323509419,0.269312939103861,-0.256394881313844
"bc87085",56,75,76,0.0662339012381953,0.530186065302583,0.394212017988269,0.201592392496623
"bc87085",56,76,77,0.188946039704884,0.194202483087961,0.256333169697462,0.31791631851431
"bc87085",56,77,78,0.190561140334783,0.727990676957207,0.304952090247263,0.0863217205455787
"bc87085",56,78,79,0.18033589660063,0.775274186433431,0.359235692863836,0.270286336312733
"bc87085",56,79,80,0.359350411957424,0.639215952604132,0.269944248962364,0.492866050291773
"bc87085",17,31,32,-0.0490416133922738,0.356616377597146,0.345605670803917,0.489356797962439
"bc87085",17,32,33,0.106077528677687,0.560414478852563,0.135176720160916,0.383517381761927
"bc87085",17,33,34,-0.163014201510205,0.697203093917557,0.103464069277636,0.394592225199373
"bc87085",17,34,35,-0.249355925563304,0.746661258414645,0.255996928945358,0.159728185677944
"bc87085",17,35,36,-0.0844601810025444,0.894513114092554,0.34485257357081,-0.0250949436663092
"bc87085",17,36,37,0.0455720609222046,0.761248807984346,0.374436352317997,0.370921747895039
"bc87085",17,37,38,0.0650872680871896,0.502511799632624,0.263605421890569,0.345966938939815
"bc87085",17,38,39,0.256294743274905,0.537099289016237,0.479995266067727,0.272191674658025
"bc87085",17,39,40,0.1961716152328,0.653092501170992,0.0467884726400655,0.365843356107708
"bc87085",17,40,41,0.0301567918354926,0.793178751664948,0.0740412387434304,0.435037117636717
"bc87085",241,252,253,0.28303779430643,0.362994602248627,0.162366978680397,-0.0399070061138941
"bc87085",241,253,254,0.322314622727218,0.365776184439382,0.349671778702986,0.0295031216546031
"bc87085",241,254,255,0.293382028641352,0.42139638738684,0.399187042411314,0.0872290198163324
"bc87085",241,255,256,0.254952519685874,0.556446805661409,0.27980253510914,0.0461758794296855
"bc87085",241,256,257,0.450503284014491,0.389852432985121,0.165057123566782,-0.0394566280960492
"bc87085",241,257,258,0.36632655478333,0.525225528418195,0.359971684342197,0.0394787445840348
"bc87085",241,258,259,0.261186476856043,0.354212989402925,0.349051977814396,0.196188272202788
"bc87085",241,259,260,0.318656082556095,0.374204609535919,0.35054669214921,0.153114387392964
"bc87085",241,260,261,0.41571929925334,0.230994415606844,0.367358819018859,0.12470554954364
"bc87085",241,261,262,0.388994098295846,0.221273108569813,0.291543249912143,0.243556947840021
"bc87085",110,116,117,-0.285998999886038,0.673334020960235,0.312386784905792,-0.270170856186375
"bc87085",110,117,118,-0.0762112051938403,0.730095444818011,0.109738863033331,-0.0260906880364718
"bc87085",110,118,119,0.196301834049838,0.70419045705838,0.0578453876045195,-0.0835594987269302
"bc87085",110,119,120,0.427201468849261,0.778514296070095,-0.221082299331077,0.108081598726163
"bc87085",110,120,121,0.146977695869847,0.71807737279605,0.120388977226414,0.18477318417484
"bc87085",110,121,122,-0.213320420891436,0.762596536676745,0.308015341969915,-0.0492976774729906
"bc87085",110,122,123,-0.347723615647671,0.48233421862843,0.0644257368809077,0.114248981791402
"bc87085",110,123,124,-0.251420628121111,0.793442831812288,0.260108074956427,-0.049492962308003
"bc87085",110,124,125,-0.146733893396105,0.817826795946513,0.394763450212604,-0.124230448433592
"bc87085",110,125,126,-0.245333765883747,0.726630089776125,-0.0391487794905011,0.081038675393681
"bc87085",134,140,141,0.0396292037153782,0.46313590986398,0.304784132536356,-0.147585295923354
"bc87085",134,141,142,-0.319305404200817,0.533936219308951,0.121980846296831,-0.175753303092589
"bc87085",134,142,143,-0.14598669126099,0.716376051851253,0.178705973056777,-0.226717116880437
"bc87085",134,143,144,-0.0809042571115154,0.7223953901007,0.0258765408115664,-0.188492440684963
"bc87085",134,144,145,0.164611242790389,0.407489485543776,-0.158461063169752,-0.138562032212371
"bc87085",134,145,146,0.292518502162728,0.775174391060214,-0.0203555718415588,-0.0294632032407197
"bc87085",134,146,147,-0.00886134439848118,0.571946933096556,-0.0237763051693135,0.213580011489717
"bc87085",134,147,148,-0.0930192669112564,0.472508220529232,-0.160454879444175,-0.169721781557218
"bc87085",134,148,149,-0.0111335378414977,0.723232931136309,-0.253559517837755,-0.152404234504437
"bc87085",134,149,150,0.0932277468940907,0.641290401864454,0.152052219438392,0.179341921202729
"bc89006",242,251,252,0.379823636416858,0.686754591261746,0.3420919299466,0.354825983240741
"bc89006",242,252,253,0.378420560351875,0.60200465760915,0.332884057592972,0.421231085760846
"bc89006",242,253,254,0.358291610372732,0.537293236911729,0.350282359185326,0.442139876817071
"bc89006",242,254,255,0.351290154271577,0.399236612129984,0.376694639692574,0.32288330305021
"bc89006",242,255,256,0.401324188206016,0.457239690342881,0.27996874140875,0.40811547298651
"bc89006",242,256,257,0.378329093101465,0.710757282529851,0.460144409182363,0.393155852894651
"bc89006",242,257,258,0.450191833228438,0.718545986821485,0.33944766494088,0.302749046259155
"bc89006",242,258,259,0.347449749881611,0.495978136619264,0.208773118325185,0.285674613769042
"bc89006",242,259,260,0.186041952406292,0.614080543493318,0.357930528516601,0.304540219678941
"bc89006",242,260,261,0.432407141100647,0.582614734117306,0.287082356567523,0.341875974451976
"bc89006",217,224,225,0.0879040568690223,0.373966831902343,0.0839434234152871,-0.0211605933842507
"bc89006",217,225,226,0.455448906917932,0.397999628603705,0.218790051909478,0.103120829352673
"bc89006",217,226,227,0.47353478368284,0.630819692321565,0.46642978783134,0.250266123103014
"bc89006",217,227,228,0.58122816041449,0.728391571893438,0.0624864235878624,0.110791312787898
"bc89006",217,228,229,0.576638969458009,0.778434935135778,-0.338113201842083,-0.262841640202557
"bc89006",217,229,230,0.330762107862217,0.62616829219018,-0.447256731921865,-0.494664424603728
"bc89006",217,230,231,0.47436278301065,0.752919755401692,-0.390073931135164,0.0827673128565718
"bc89006",217,231,232,0.343281201612681,0.531010046662911,-0.134997171623309,0.100117392353106
"bc89006",217,232,233,0.271891674557485,0.629990812384406,0.0256800935426295,0.249598862828615
"bc89006",217,233,234,0.274684534612733,0.644363593015135,0.236899724596805,0.126968179481063
"bc89006",141,146,147,0.158873095995428,0.325983205284825,-0.0165960532980395,-0.236773133209761
"bc89006",141,147,148,0.537673585421457,0.793029187387444,0.428472268869174,-0.214414862602522
"bc89006",141,148,149,0.569027993416813,0.451642490490531,0.480694449194805,0.339249508669404
"bc89006",141,149,150,0.386909334257518,0.398399034739664,0.415784704054321,0.102700309505187
"bc89006",141,150,151,-0.0592908520502538,0.0221352176008669,0.390083718360847,0.324129239416077
"bc89006",141,151,152,-0.333884424383679,0.0395396392184414,0.348675384590164,-0.272138754017588
"bc89006",141,152,153,-0.621149099138249,0.197935784677785,0.232841051751187,-0.572317292762874
"bc89006",141,153,154,-0.118987790995059,0.281006565600926,0.207532807316213,0.0246142964099744
"bc89006",141,154,155,0.223148404409356,0.295274612353564,0.0279585612676542,0.153754572579938
"bc89006",141,155,156,0.070700875155537,0.503885139591765,0.267649373681396,0.18011540383095
"bc89006",173,178,179,0.370305508489833,0.654660609832691,0.3160511750209,0.0537270014045092
"bc89006",173,179,180,0.324145130339246,0.302500494279917,0.319224278913856,0.257570719938933
"bc89006",173,180,181,0.302761149394231,0.48664914910829,0.420801931459783,0.132198478547705
"bc89006",173,181,182,0.285904936699219,0.73574803055976,0.210623818307861,-0.0421935625066587
"bc89006",173,182,183,0.234400589774377,0.503721832060835,-0.0414230181466732,0.0270808076648894
"bc89006",173,183,184,0.0245251519157181,0.652777236635223,-0.10285692832594,-0.214403271224455
"bc89006",173,184,185,0.354637044178997,0.420495490974363,0.235712310295051,0.272468773779324
"bc89006",173,185,186,0.536933197795939,0.504816321645404,-0.0349014359780402,0.0946396041697798
"bc89006",173,186,187,0.438931648613668,0.578757206255692,-0.23974168881681,0.137407049269596
"bc89006",173,187,188,0.322628268903073,0.656014866500017,0.036769641488074,0.259866346348587
"bc89006",195,200,201,0.499770033167974,0.444571044049614,0.49417150072401,0.425275911694855
"bc89006",195,201,202,0.517993971316443,0.40267570354535,0.502117248807306,0.307407885203687
"bc89006",195,202,203,0.411448909447398,0.49485932367593,0.32579435110122,0.185000912095058
"bc89006",195,203,204,0.409280002909887,0.437329603576825,0.02448909180984,0.0646011325121152
"bc89006",195,204,205,0.0116864963744209,0.620915459996167,-0.127066041114373,0.222721432116395
"bc89006",195,205,206,0.227805509984574,0.647624092346078,-0.149529180533631,-0.0637433569877263
"bc89006",195,206,207,0.491662180181234,0.739007095909397,0.171021378734522,-0.39837872489745
"bc89006",195,207,208,0.237265463604517,0.593785906667261,0.125075698053973,-0.0893970246926325
"bc89006",195,208,209,0.119071830862812,0.422372525400258,0.257818002046845,0.36708288636133
"bc89006",195,209,210,0.315116715000267,0.586191543323311,0.271189051942551,0.257559982313185
"bc89006",67,69,70,0.0244286654154364,0.40683805886392,0.0897057216775111,-0.228920001284287
"bc89006",67,70,71,0.234126917923853,0.261612234544033,0.342061510734179,0.151898140842089
"bc89006",67,71,72,0.414762098807447,0.348874069775281,0.438291722081982,0.207968639937223
"bc89006",67,72,73,0.356373185668206,0.453106481159434,0.440076046286294,0.199037628808678
"bc89006",67,73,74,0.481081733152083,0.382831854381546,0.392775800184431,0.271594319216745
"bc89006",67,74,75,0.511341786420885,0.493541084641186,0.524406303217799,0.277649578301157
"bc89006",67,75,76,0.561838494940602,0.582982487979497,0.5903473241687,0.424416025587423
"bc89006",67,76,77,0.491414113109955,0.625981427763259,0.449269669128456,0.434811857499135
"bc89006",67,77,78,0.365291715214574,0.58341288800898,0.385558677765148,0.550585896458168
"bc89006",67,78,79,0.515639998313813,0.73986036305954,0.600049656208147,0.160807996163218
"bc89067",5,17,18,0.190761739746292,0.685080754295948,0.379974100695225,0.0643489258895679
"bc89067",5,18,19,0.0351552497234072,0.786014463910363,0.371326840817384,-0.177158198207392
"bc89067",5,19,20,-0.148415127358567,0.537970589133808,0.214092105073289,-0.194350487581836
"bc89067",5,20,21,-0.306877485479254,0.72038590059404,-0.019142609600371,0.0622029285424546
"bc89067",5,21,22,-0.174141417620336,0.643203904988933,0.0993035111276787,-0.122867889623841
"bc89067",5,22,23,-0.0356084797435939,0.505825650056272,0.114716070992263,-0.136959479116828
"bc89067",5,23,24,-0.0910203203822734,0.419832824873634,0.0616952265754251,0.0104185651955461
"bc89067",5,24,25,-0.152271064139493,0.50246452399209,-0.103832130789222,0.0936674245352763
"bc89067",5,25,26,-0.0432517892581208,0.430523445921477,0.183074511507327,-0.229974344300178
"bc89067",5,26,27,0.112087628839537,0.432671740426191,-0.059801564846229,-0.357231247383513
"bc89067",40,49,50,0.249568950491782,0.390985246330007,0.388439577488755,-0.0510099989005078
"bc89067",40,50,51,0.0678483612190232,0.576247099418946,0.0632540942710915,0.125179844778411
"bc89067",40,51,52,-0.163820598022346,0.439981816524627,-0.0958578195891164,0.151197410535627
"bc89067",40,52,53,-0.0500526507813928,0.713168766796219,0.173631456362597,-0.310779005269321
"bc89067",40,53,54,-0.127143938081631,0.708748479494279,0.0133010786380524,-0.348825367141714
"bc89067",40,54,55,0.0361793651448996,0.635011939331195,0.265037466756714,0.324367500513733
"bc89067",40,55,56,0.0880020142113242,0.745473389690054,0.316589345899087,0.361160183162937
"bc89067",40,56,57,0.433423210600837,0.833177256114609,0.530738356284796,0.582074790065878
"bc89067",40,57,58,0.216959342393057,0.859553307155949,0.655429833236785,0.521936586288754
"bc89067",40,58,59,0.279119719672722,0.754993230270821,0.156449280283118,0.322797018918607
"bc89067",70,78,79,0.0961743766724096,0.472789631599823,0.416192833850183,-0.155961636856221
"bc89067",70,79,80,0.0166651401654061,0.499706268451917,0.303183993099103,-0.0841045423170217
"bc89067",70,80,81,0.0184835972586583,0.500767255700401,0.189432120807672,-0.26590306703583
"bc89067",70,81,82,-0.287007959520943,0.693199002530415,0.0859447460242496,-0.320460735004225
"bc89067",70,82,83,-0.360987579773838,0.694525354293844,0.266516226668779,0.166025426917543
"bc89067",70,83,84,0.48044278804473,0.792443339624891,0.663739685748552,0.574091607369321
"bc89067",70,84,85,0.3812239684709,0.846035481085085,0.613389800656765,0.215729150354219
"bc89067",70,85,86,-0.0120416479785251,0.614837504653236,0.379508510974486,0.00224105089903118
"bc89067",70,86,87,0.235529160123052,0.28055464107173,0.124107899451145,0.0637030718267931
"bc89067",70,87,88,-0.000245165306564341,0.107382538164837,0.07944308984428,0.00682207335965566
"bc89067",97,105,106,0.0514463704475214,0.198038181390547,0.0217583865893134,0.149941888031476
"bc89067",97,106,107,0.0737071374634365,0.397923360516372,0.0436522644750797,0.123458322952486
"bc89067",97,107,108,0.27223490154729,0.487237858602454,0.0941945505953139,-0.239570278058488
"bc89067",97,108,109,0.395105163003299,0.472435841637876,0.068999658794313,-0.2374663937359
"bc89067",97,109,110,0.120608604919921,0.465218169741647,0.0556442284977193,-0.000159521723946785
"bc89067",97,110,111,0.0377945403024965,0.534411498928157,0.0162238908584271,-0.298079870865585
"bc89067",97,111,112,-0.181762124986828,0.51531357233053,-0.0469179534488376,-0.103327880679686
"bc89067",97,112,113,-0.252365283312738,0.769546807089327,0.299591231593948,0.145489367170971
"bc89067",97,113,114,0.159041968804848,0.818834752044459,0.618200869449486,0.41643989264613
"bc89067",97,114,115,0.228022856798357,0.754490252747271,0.568320889472488,0.548470785651091
"bc89067",124,129,130,0.359702847609057,0.651475426322502,-0.103502526177111,0.305295279141492
"bc89067",124,130,131,0.388894209639997,0.652458435841312,-0.159202198443833,0.355163434505144
"bc89067",124,131,132,0.0995457976204717,0.573147875294114,-0.103069880408571,0.445287702265748
"bc89067",124,132,133,0.20665559749851,0.587762741743122,0.337754826419014,0.548226961557138
"bc89067",124,133,134,0.516823305152204,0.552897621924026,0.402010344179759,0.299570626994329
"bc89067",124,134,135,0.523873558601981,0.512345426306825,0.390222791850298,0.297209638089985
"bc89067",124,135,136,0.260941287005528,0.541195161908171,0.417350259663664,0.466887443729742
"bc89067",124,136,137,0.164578559390684,0.692862843541097,0.524348668274093,0.346392775004682
"bc89067",124,137,138,0.173265216795776,0.678163310853679,0.240499169955534,0.394963143418572
"bc89067",124,138,139,0.18763618544619,0.589845700370671,-0.0218433648913086,0.362652313981969
"bc89067",146,151,152,0.311468751641768,0.545124180346074,0.155202046432317,0.00224875132940972
"bc89067",146,152,153,0.337314534423077,0.602867220167286,0.379319322318337,0.283791959960668
"bc89067",146,153,154,0.108916540617856,0.636150710920445,0.397937603653163,0.331799290308918
"bc89067",146,154,155,0.0344317384086896,0.526801301152355,0.25955527246276,-0.0244846478784075
"bc89067",146,155,156,0.178172179882288,0.298156562297408,0.0933460745990515,0.155292602862688
"bc89067",146,156,157,0.31925719761322,0.53708999772062,-0.00805239908392247,0.058795994287624
"bc89067",146,157,158,0.435828200034519,0.583562577649191,0.279160526057506,0.173156839091416
"bc89067",146,158,159,-0.0347544587354232,0.500862831282106,-0.0355624044178777,0.134327986832062
"bc89067",146,159,160,0.0717382600540745,0.462121176079636,-0.219921189188822,0.0461390287875993
"bc89067",146,160,161,0.185114862183461,0.721273046470087,-0.324959762941988,-0.0523963951153634
"bcb00037",1,31,32,-0.00154239397678168,0.027155528848635,-0.0595723690005373,0.491145983535656
"bcb00037",1,32,33,-0.0328696696510907,0.0166653893816135,-0.0439626347177897,0.528049199138498
"bcb00037",1,33,34,-0.18718250806295,0.134599920992346,0.000125433352430157,0.670113034239039
"bcb00037",1,34,35,-0.109978956671178,0.0639564147065686,-0.0967322006200908,0.781043633260002
"bcb00037",1,35,36,0.0282490833679804,0.167522858989404,-0.0951909484795334,0.61094967255045
"bcb00037",1,36,37,0.0904725063269536,-0.0890812637808612,0.0925331077670728,0.458207723728622
"bcb00037",1,37,38,0.405768853954965,-0.166322394603684,0.13603930379086,0.249041634779082
"bcb00037",1,38,39,0.283327717092272,-0.106424197226013,0.12484432670609,0.233918503104813
"bcb00037",1,39,40,-0.251232015188012,0.0519299950105598,-0.0922106424472244,-0.15186027523273
"bcb00037",1,40,41,-0.0737054112738857,-0.211954469051703,0.0702693401824895,0.010574125151503
"bcb00037",146,176,177,-0.0205732306335678,0.0411350957958182,-0.0356159950470263,0.664646421543532
"bcb00037",146,177,178,-0.12038836302472,0.0567695182931134,0.0218922163952403,0.524340600404285
"bcb00037",146,178,179,-0.1078608787735,-0.16367227726742,0.191968327805115,0.397051461484171
"bcb00037",146,179,180,0.0479487681758051,0.0777102103758685,0.480301147265936,0.633311231780578
"bcb00037",146,180,181,0.157369907761502,0.302045567140886,0.337845835715984,0.666738844195799
"bcb00037",146,181,182,0.350236628953216,0.250864793039862,0.302611501034169,0.60585176364115
"bcb00037",146,182,183,0.00467480592805214,-0.120821262307916,0.245601204465785,0.564384235555825
"bcb00037",146,183,184,0.00143361457062715,-0.440606014199471,-0.164647200595816,0.138480999376502
"bcb00037",146,184,185,-0.215390493473981,-0.0961284351164943,-0.0331274814733424,-0.0927766391652336
"bcb00037",146,185,186,-0.140601858776688,-0.0849063462863346,0.31931419430097,-0.0784294753713851
"bcb00037",109,122,123,0.322940050182073,0.229626199193488,0.28646174139851,0.529032036214439
"bcb00037",109,123,124,0.327133511642673,0.288314348725082,0.117238828801092,0.366059419781842
"bcb00037",109,124,125,0.230891925301771,0.225538617439835,0.198998340898936,0.57536960070631
"bcb00037",109,125,126,0.410777678888305,0.298265293683267,0.229210690104291,0.734170535741749
"bcb00037",109,126,127,0.39714192154753,0.495471009318817,0.33056981402346,0.641172176017133
"bcb00037",109,127,128,0.269454432907422,0.361805031968357,0.35063463306815,0.578480502625666
"bcb00037",109,128,129,0.433146513285225,0.325294386276678,0.488261230493308,0.523640228257777
"bcb00037",109,129,130,0.479319146579304,0.156850644252863,0.226337461741441,0.380766460141697
"bcb00037",109,130,131,0.214330604329739,-0.14085059192821,0.0818447160609354,0.152185382930153
"bcb00037",109,131,132,-0.0407287832418988,0.104904135920977,-0.0300929339228278,-0.0249172434884426
"bcb00037",72,81,82,0.077412196712404,0.0442169303842139,-0.110673676383348,0.474860062845968
"bcb00037",72,82,83,0.0285796255626352,0.132632523218108,0.0249707980779976,0.735791113978935
"bcb00037",72,83,84,-0.0859447480535414,-0.0904530611896416,-0.0431546005455401,0.775997935514656
"bcb00037",72,84,85,-0.119260040264401,0.298056167764056,-0.0472091845040363,0.842148544919209
"bcb00037",72,85,86,0.0567943716843839,0.0295985220132445,-0.129096175592619,0.642757831887
"bcb00037",72,86,87,0.412938804678163,0.146001908740709,0.236891805706523,0.545818317914733
"bcb00037",72,87,88,0.191135259386665,0.0160804900597567,0.121647088581308,0.606819717161435
"bcb00037",72,88,89,-0.0114948248567367,0.0998803061563176,0.0747907632448387,0.592822187034379
"bcb00037",72,89,90,0.109623629531398,0.0775642020672039,-0.0177702705663916,0.661216811461031
"bcb00037",72,90,91,0.121730780995348,-0.0725306603796639,0.0820527151312917,0.540490173279912
"bcb00037",101,101,102,0.11200630518258,-0.157049973893855,0.0328537346035725,-0.00015742728178696
"bcb00037",101,102,103,-0.175599730460647,-0.079749375549395,-0.191332364116351,-0.120037430181454
"bcb00037",101,103,104,-0.0170105163509537,0.103371568512649,0.290583844664927,0.324634778520983
"bcb00037",101,104,105,0.241456239772062,-0.158999244458697,0.290608470514024,0.0416865314482587
"bcb00037",101,105,106,0.113273092052271,-0.166938218131614,0.0450889178099393,0.342261776305006
"bcb00037",101,106,107,0.0665585458111459,0.00200684982506847,-0.13494177752806,0.648433447972837
"bcb00037",101,107,108,-0.0789766649116921,0.342249166074992,-0.0730484396530451,0.580769925156467
"bcb01015",150,172,173,0.125979651530599,0.47923712379917,0.393794077243152,0.307426457353992
"bcb01015",150,173,174,0.2008458890248,0.4755164751397,0.276938843579168,0.19988734328994
"bcb01015",150,174,175,0.399642779704576,0.479411132277922,0.278993547765946,0.172024394788341
"bcb01015",150,175,176,0.333188386766903,0.514560393267253,0.528930862734256,0.335622599650119
"bcb01015",150,176,177,0.257173147860825,0.367669696537102,0.326938417026631,0.266661555133756
"bcb01015",150,177,178,0.352207876812959,0.422139652967395,0.0805354914874593,0.0132831453856207
"bcb01015",150,178,179,0.0945241695009862,0.315120002077486,0.235939284913293,0.122160181485881
"bcb01015",150,179,180,0.264151585125534,0.433674893319005,0.276084032457656,0.128943885858813
"bcb01015",150,180,181,0.186521132632605,0.500704778649148,0.2144907335016,0.0636738940462824
"bcb01015",150,181,182,0.0860876161969832,0.351806775368687,0.102177561275589,-0.0416905167853721
"bcb01015",1,20,21,0.360335937273059,0.608674446832251,0.0484630815615177,0.0445765033180435
"bcb01015",1,21,22,0.157100718913336,0.453693918697069,0.0722160527792085,0.439624574681668
"bcb01015",1,22,23,0.136958140453833,0.372757414871212,0.172548938915482,0.425097083792885
"bcb01015",1,23,24,0.458200452275601,0.612310051818506,0.447850483886332,0.377722707743035
"bcb01015",1,24,25,0.445866861184607,0.665108251798217,0.562591714442025,0.587273509400736
"bcb01015",1,25,26,0.566267953008738,0.639504405512402,0.463313185670268,0.581521052086299
"bcb01015",1,26,27,0.342271971979324,0.619137159902656,0.369254971593183,0.318334916789007
"bcb01015",1,27,28,0.135098346703087,0.459096937941414,0.411959745610412,0.31579233212248
"bcb01015",1,28,29,-0.0264219557464947,0.528016187176955,0.319401486007248,0.110085860780633
"bcb01015",1,29,30,0.248389368356051,0.599362198499403,0.205128193031366,0.239599112279841
"bcb01015",51,70,71,0.194369508220435,0.573676192767916,0.181065128561241,0.372014739931024
"bcb01015",51,71,72,0.141293501848027,0.485147251711326,0.363906708513004,0.340630556723671
"bcb01015",51,72,73,0.372261942426076,0.544706877590641,0.386651556947027,0.394633943480396
"bcb01015",51,73,74,0.418304916302588,0.629181053079242,0.195487730250108,0.180580330639629
"bcb01015",51,74,75,0.240026325720284,0.384147630014681,0.349245248788028,0.405987819162281
"bcb01015",51,75,76,0.222082513778898,0.58327353318276,0.252199603312576,0.435625767120204
"bcb01015",51,76,77,0.216544881874462,0.680024922375203,0.311705202125981,0.35486479371302
"bcb01015",51,77,78,0.309071783116617,0.700145118261672,0.525297133917896,0.36498323253776
"bcb01015",51,78,79,0.373419337496968,0.654679493597568,-0.0512482033664249,0.0736317083279168
"bcb01015",51,79,80,-0.0511130154120217,0.320028814765919,-0.165856616992123,0.128178619811141
"bcb01015",123,131,132,0.106092927201553,0.570680037073465,0.0855638009443303,0.117039752318019
"bcb01015",123,132,133,0.277931418155919,0.436599941858132,0.115924200356124,-0.0110399851649787
"bcb01015",123,133,134,0.0409822075981879,0.478407645728081,-0.00876889842463068,-0.0664481815132327
"bcb01015",123,134,135,0.0690411532201188,0.593452140482592,-0.12999223791335,0.0413772017304655
"bcb01015",123,135,136,0.191083325873183,0.506712306105923,-0.17434953065403,0.0596024434281546
"bcb01015",123,136,137,0.217062289986958,0.64458509625737,0.101024673311165,-0.00155713191228977
"bcb01015",123,137,138,0.137629568421845,0.57075770316449,0.210635597506292,0.185566963596887
"bcb01015",123,138,139,0.0192703046011172,0.333093941157386,0.278919769155415,0.0583407766339376
"bcb01015",123,139,140,0.101760694315801,0.555103182535845,0.226709217986356,0.160368945794166
"bcb01015",123,140,141,-0.0997399368192056,0.424801486921343,0.00895652177245482,0.0829835417111699
"bcb01015",228,232,233,0.191917871919818,0.342923447053712,0.272372495798585,0.294275971192223
"bcb01015",228,233,234,0.295361274660179,0.33683776658196,0.28425847689702,0.205560138811588
"bcb01015",228,234,235,0.283585496254289,0.310710625168037,0.399953689011261,0.296585622809922
"bcb01015",228,235,236,0.120239542697465,0.454213850585298,0.234826329408298,0.515292543302228
"bcb01015",228,236,237,0.133773875353251,0.657462009011405,0.347205308017484,0.355452341783569
"bcb01015",228,237,238,0.000903685070257714,0.612672422555477,0.231572215381981,0.0359727591437123
"bcb01015",228,238,239,-0.0717313499441377,0.435017131699677,0.217538956290582,0.115315896976226
"bcb01015",228,239,240,0.170134779392739,0.260443595490026,0.212651006525112,0.297204390855957
"bcb01015",228,240,241,0.309651888589611,0.586250704479235,0.24997722843392,0.215625996172373
"bcb01015",228,241,242,0.354706155248274,0.439259464060064,0.0144325994931165,0.15911272175374
"bcb01015",247,249,250,0.148646880454628,0.451370072736574,-0.0211915980927742,-0.170594448242469
"bcb01015",247,250,251,0.136368333161306,0.531329954332821,-0.0895532904823897,0.218889711607572
"bcb01015",247,251,252,0.194231877742446,0.619148568113664,0.0722715356030636,0.33972211630467
"bcb01015",247,252,253,0.256427364605113,0.540959166751953,0.204646192069162,0.184815035621242
"bcb01015",247,253,254,0.197113126966513,0.484064181613301,0.208126417889458,0.214382165263848
"bcb01015",247,254,255,0.0371360483383828,0.524613726984977,0.0592815178105182,-0.0494510140893236
"bcb01015",247,255,256,0.0441221294517248,0.304800623056924,-0.0984373657352613,0.0076309964931074
"bcb01015",247,256,257,0.0245193558941391,0.282991661144819,0.19133013856198,0.0220514782950996
"bcb01015",247,257,258,-0.143009165515683,0.597788228779075,0.267717946192468,-0.0994579767297992
"bcb01015",247,258,259,0.0871814290426364,0.595789067531632,0.195611215944644,0.345286835624173
"bcb01018",72,81,82,0.213057199541146,0.337513328331964,0.316380847268095,0.13352964586856
"bcb01018",72,82,83,0.336410091907464,0.550684803055904,0.0179452058051175,0.111970713175517
"bcb01018",72,83,84,0.218360680466879,0.559704397861089,-0.128327837857552,0.168475698950301
"bcb01018",72,84,85,0.00798785497600839,0.382869194394563,0.0137142626037767,0.244862257061433
"bcb01018",72,85,86,0.0570431424387765,0.448311065990712,0.18642730489171,0.268916096283787
"bcb01018",72,86,87,0.29181077518528,0.512760175045823,0.238490303195473,0.289008344607227
"bcb01018",72,87,88,0.205491312213363,0.417861095990167,0.0347971405361696,0.243122316474166
"bcb01018",72,88,89,0.034272759332297,0.228850500440411,0.124541382457036,0.177550956660341
"bcb01018",72,89,90,-0.0798932999639586,0.400773404814519,0.0153650299492622,0.195197697716245
"bcb01018",72,90,91,-0.258777843856174,0.335635930567168,-0.0222370136729173,0.172760630666371
"bcb01018",22,30,31,0.00205414987763329,0.330670535050163,0.200841082053143,0.0641747586160088
"bcb01018",22,31,32,0.130185140269544,0.46083867760379,0.250020902973132,0.0600730158245759
"bcb01018",22,32,33,0.100457188647268,0.344631316781551,0.304154953075593,-0.0607119641752171
"bcb01018",22,33,34,0.0950257508138591,0.40044479551004,0.333033377048109,0.0209609269418999
"bcb01018",22,34,35,0.0359941466145424,0.36940557059156,0.133962188878864,0.281116440781268
"bcb01018",22,35,36,0.252936774858748,0.504428956505615,0.119673900540071,0.108290332926803
"bcb01018",22,36,37,0.343910011691548,0.521128957731644,0.0126776503159538,0.0971778127691177
"bcb01018",22,37,38,0.0421982661139034,0.327035438934141,0.107632492064055,0.264336145844271
"bcb01018",22,38,39,0.147941948867899,0.498015606532655,-0.0927688660683406,0.282298834400135
"bcb01018",22,39,40,0.176488944479113,0.609885209350802,0.0704354761668009,0.324460672803062
"bcb01018",141,149,150,0.15517545310792,0.442569463020323,0.0843412790678899,0.0158257539884456
"bcb01018",141,150,151,0.436944492482065,0.528133492422342,0.310290662778279,-0.0795072415067187
"bcb01018",141,151,152,0.134661950462763,0.386522362171948,0.132295160228413,-0.237601439313504
"bcb01018",141,152,153,-0.061872250519579,0.542964448341044,-0.173734939851212,0.145049268153258
"bcb01018",141,153,154,0.0960091322133971,0.647865746889302,-0.0708347617905251,0.0697024815290171
"bcb01018",141,154,155,-0.240571712035535,0.383853513183901,0.204254613000783,-0.0218495516327113
"bcb01018",141,155,156,-0.123938526471915,0.621062618342484,0.146371638123273,-0.0421705743450791
"bcb01018",141,156,157,-0.0395247485307453,0.569908961583595,0.202247057884239,0.00850566808768442
"bcb01018",141,157,158,0.0244552479182226,0.464801339496638,0.239085665716566,0.2230644980946
"bcb01018",141,158,159,0.00958304231470766,0.498635998429636,0.319225173840314,-0.0300690758729911
"bcb01018",215,219,220,-0.00947342554241098,0.374750622808674,-0.104501361243998,0.0274451805348393
"bcb01018",215,220,221,-0.0139188580628593,0.667700151473466,-0.0158907968626879,-0.13696403826899
"bcb01018",215,221,222,0.114294196724567,0.550217703444113,0.210313027207089,0.0829242349539664
"bcb01018",215,222,223,0.306442318576635,0.437390763471719,0.402692836965924,-0.00101927607101488
"bcb01018",215,223,224,0.424966052729122,0.516285951435828,0.274248590136319,0.137422166516027
"bcb01018",215,224,225,0.193042174521421,0.406555155887075,0.188144908526545,-0.00339910613796637
"bcb01018",215,225,226,0.221391938497561,0.384467352643892,0.145667916087337,0.0282173568467131
"bcb01018",215,226,227,0.083860079149945,0.443853651059796,0.336461838658169,-0.011862502899952
"bcb01018",215,227,228,-0.102757162306523,0.478134546169057,0.0300218147629024,0.216021449188149
"bcb01018",215,228,229,-0.447860417453907,0.822303609696787,0.378985639015263,-0.126650800196541
"bcb01018",168,170,171,0.10595453966739,0.693132829704508,-0.156241241584639,0.056151961741295
"bcb01018",168,171,172,-0.0620029341873806,0.632116302532315,-0.0371225956688604,0.145743144987626
"bcb01018",168,172,173,-0.205141248945158,0.574982007315312,0.118291070926904,0.159777091030093
"bcb01018",168,173,174,-0.01392810680915,0.303502530275271,0.0691436195469635,0.121796713191744
"bcb01018",168,174,175,0.243901243089639,0.500683535633702,0.10071082771442,0.0901597977678651
"bcb01018",168,175,176,0.333215765288464,0.570032679228382,0.143929961288967,0.0653366789448933
"bcb01018",168,176,177,0.273719023268731,0.482905770207251,0.22102698676505,0.122536799618588
"bcb01018",168,177,178,0.111674218598613,0.409366383260704,0.254912388245412,0.0427563897523762
"bcb01018",168,178,179,-0.172445208643396,0.441557374761267,0.0614077507489913,0.176160259281507
"bcb01018",168,179,180,-0.109912679384216,0.515388994457891,0.174011483446663,0.303441981775982
"bcb01018",184,186,187,-0.385253274506274,0.562182813789161,0.0292724253932962,-0.098434831192296
"bcb01018",184,187,188,-0.0991697583310946,0.661460333454017,0.378023804147829,-0.314486675972556
"bcb01018",184,188,189,0.517802618602543,0.590462730329711,0.582692886426344,-0.0389109595420874
"bcb01018",184,189,190,0.0553840924012608,0.508684941020851,0.18506043062814,0.233272977547877
"bcb01018",184,190,191,-0.129853858853337,0.692085502307474,-0.0596585661334008,0.0542762375589154
"bcb01018",184,191,192,-0.142329913179815,0.518653729002534,-0.0938062086780103,0.242940784914829
"bcb01018",184,192,193,-0.00405658100579042,0.633268206744748,-0.224419061775439,0.221836561114319
"bcb01018",184,193,194,-0.113490336609186,0.6100946485923,-0.354957223098177,-0.178444861980778
"bcb01018",184,194,195,-0.0143300528998177,0.610185607535814,-0.350333477732415,0.0429167675636749
"bcb01018",184,195,196,-0.1547874084257,0.427181984522828,-0.205898532382103,0.451044651218689
"bcb01028",128,132,133,-0.0486201307048448,0.494038139536321,0.0532328702747521,0.2852283031628
"bcb01028",128,133,134,0.0316432976695481,0.405076389223987,0.0203866048034725,0.31032443288266
"bcb01028",128,134,135,0.108461498278361,0.527396787726924,-0.0490379694506428,0.174432497741855
"bcb01028",128,135,136,0.0807513173772489,0.476416847995065,0.147917556294458,0.242566138524449
"bcb01028",128,136,137,-0.106222949539013,0.364965701168278,0.226820162455606,0.149776784863081
"bcb01028",128,137,138,0.121503712030554,0.477509921975398,0.189707390368464,0.346623393722764
"bcb01028",128,138,139,0.402794591501668,0.72964579502779,0.279070760058506,0.118639242891633
"bcb01028",128,139,140,0.397995174957397,0.713886932260227,0.0600658568155741,0.118299681959731
"bcb01028",128,140,141,-0.0249247150851367,0.515366542910459,-0.0369652959854813,0.147547103183311
"bcb01028",128,141,142,0.0124534616407205,0.276847754791906,-0.00206620997061349,-0.0987520126501486
"bcb01028",147,151,152,0.359260311995413,0.527329852414467,-0.0255846997370158,0.117742600078716
"bcb01028",147,152,153,-0.00148838457113569,0.578514345690236,-0.20865038139457,-0.031146874305763
"bcb01028",147,153,154,-0.0446676384832208,0.542972683302644,-0.15163335708598,-0.124875942092365
"bcb01028",147,154,155,0.130379821626943,0.496276652840721,0.120345750269359,-0.0822707600730538
"bcb01028",147,155,156,0.38572827938024,0.564830256830172,0.275633084014806,-0.0317304621981686
"bcb01028",147,156,157,0.257689700599823,0.20720341536724,0.356129830951539,0.305205265964447
"bcb01028",147,157,158,0.304485692776209,0.472577808434094,0.0181223167689116,0.227285676945199
"bcb01028",147,158,159,-0.0104168453240565,0.543868016451494,0.0332598535487566,0.493061922525463
"bcb01028",147,159,160,0.0615533759743776,0.703280361248784,0.0590639220909661,0.224617176476533
"bcb01028",147,160,161,-0.0937376821898426,0.674776350376705,0.0673848054242964,0.30215429270653
"bcb01028",166,170,171,0.0424422082617169,0.439761344155351,0.0905685632377684,0.296419489077867
"bcb01028",166,171,172,0.0100441662316455,0.596549066365511,-0.0574484457890077,0.239519268904928
"bcb01028",166,172,173,-0.347152366724409,0.606806842525056,0.0911403286347814,-0.0825095781074601
"bcb01028",166,173,174,-0.0365064212391851,0.165929562539517,-0.311007257441706,-0.102711146932867
"bcb01028",166,174,175,0.37199397478447,0.488517337468337,0.10901046956543,0.0817610693429331
"bcb01028",166,175,176,0.0533814275898218,0.33359332043478,0.112719609482251,0.30395909748789
"bcb01028",166,176,177,0.454134408690774,0.480775673745543,-0.0627935279139106,-0.0541745018919388
"bcb01028",166,177,178,0.233755721798992,0.316782968636385,-0.0318565866718902,-0.0231488173172105
"bcb01028",166,178,179,0.0325031127399667,0.280635624659711,0.0656090666801884,0.052027124059468
"bcb01028",166,179,180,-0.153934256558598,0.21958137697287,-0.234874982089823,0.162718723261398
"bcb01028",185,189,190,-0.165894220037659,0.377061073834832,0.0379662596913878,0.0885303659306694
"bcb01028",185,190,191,-0.0751183245104015,0.330014230213405,-0.117163258296975,0.0606102839889454
"bcb01028",185,191,192,-0.0102665920698042,0.254126786565289,0.23589529576544,-0.0713774645470911
"bcb01028",185,192,193,0.168903735444226,0.384380685469231,0.186768866785745,0.0302574317182771
"bcb01028",185,193,194,0.485670877397882,0.527223476391052,-0.0329659285009094,0.000546076311864865
"bcb01028",185,194,195,0.174297254272219,0.532549279637906,-0.391628845536243,-0.16656397580157
"bcb01028",185,195,196,0.212664821822423,0.324216649767888,-0.133030480392553,-0.0935869822001002
"bcb01028",185,196,197,0.28852937392773,0.475599443360228,0.116706671679128,0.00839227214263077
"bcb01028",185,197,198,0.274757928368495,0.447513240291033,0.191307868657001,0.133849296302101
"bcb01028",185,198,199,0.361803045059761,0.411558294347428,0.102326551915354,0.15924763197058
"bcb01028",83,86,87,0.364463754671882,0.655625614336537,0.243337147123397,0.365574766761837
"bcb01028",83,87,88,0.355069502077013,0.643893968398038,0.408900162188185,0.498024827718297
"bcb01028",83,88,89,0.376989272743454,0.57733506455234,0.308881435309248,0.530963989509614
"bcb01028",83,89,90,0.217330020829656,0.651410015599194,0.224015586512764,0.408222078472088
"bcb01028",83,90,91,0.151809508048182,0.647140393327579,0.151785461808368,0.583567354506279
"bcb01028",83,91,92,0.16714740589033,0.683361408652341,0.254072259884052,0.424401395163612
"bcb01028",83,92,93,0.308538820478831,0.61331216237682,0.290993741959301,0.483809942015192
"bcb01028",83,93,94,0.332187411451444,0.532774002416516,0.204397321262651,0.324677476389732
"bcb01028",83,94,95,0.191511781838147,0.497185596233756,0.237576329409346,0.149408339282628
"bcb01028",83,95,96,0.111475069655582,0.547424772474843,0.239637419930817,0.213257532570401
"bcb01028",31,33,34,0.00467763099964593,0.407447731757551,0.0771010615606329,-0.169688158214485
"bcb01028",31,34,35,0.0388988922332914,0.412206637426894,-0.0611678523309601,0.113011888395533
"bcb01028",31,35,36,0.324982640885711,0.475385347443939,0.201484194880952,-0.0453300496066147
"bcb01028",31,36,37,0.0686908193087532,0.475749235962789,0.302774430778002,-0.284970065708729
"bcb01028",31,37,38,-0.122661218377017,0.343813043066364,-0.147517235499329,0.279318483479382
"bcb01028",31,38,39,-0.178058699341159,0.35849308463981,0.0275070806605974,0.0707849248845944
"bcb01028",31,39,40,0.116284633369412,0.435297991295335,0.153819728250162,0.0234315421530631
"bcb01028",31,40,41,0.541627339453216,0.676233620632743,0.0564222852995635,-0.0401029699088564
"bcb01028",31,41,42,0.448571559066257,0.539861815400761,0.23708803390549,0.162366827864239
"bcb01028",31,42,43,0.00563332429837978,0.315596238476498,0.25833237596637,0.133489010276817
"bcb05001",40,51,52,0.213342742508587,0.295098475620928,0.28742623149827,0.237575070568333
"bcb05001",40,52,53,0.257648620152314,0.298298150760269,0.335518590771206,0.307253518574521
"bcb05001",40,53,54,0.286536470299657,0.314218696909893,0.297772952011746,0.310197535011425
"bcb05001",40,54,55,0.198027022254052,0.215514749566003,0.186549664296743,0.186021657346204
"bcb05001",40,55,56,0.226160981626552,0.220431309724238,0.185879727044676,0.217038010608496
"bcb05001",40,56,57,0.285803898407847,0.291864075118275,0.285751875135864,0.288251067539203
"bcb05001",40,57,58,0.240809389696657,0.264284450815817,0.264180589034631,0.26903999040121
"bcb05001",40,58,59,0.179411821931524,0.180594330556939,0.214663139374509,0.211460646550941
"bcb05001",40,59,60,0.264959937083732,0.327503121197742,0.351132212650258,0.255799290017539
"bcb05001",40,60,61,0.441634359447113,0.522933202199354,0.533128853430183,0.459963802896487
"bcb05001",1,1,2,0.406018671016102,0.3680980631822,0.38458811023288,0.401675107537037
"bcb05001",1,2,3,0.311789780030029,0.316273246148216,0.171842532088679,0.25230634361035
"bcb05001",1,3,4,0.141734393293983,0.255904765094299,0.116536541207598,0.187859380617898
"bcb05001",1,4,5,0.222205252250255,0.194146828389303,0.144092551078047,0.158257636809193
"bcb05001",1,5,6,0.369895393558694,0.424429018191875,0.333560242820057,0.366624732129936
"bcb05001",1,6,7,0.442433867737816,0.524251640183485,0.372917771846336,0.48961851675821
"bcb05001",1,7,8,0.482745474396089,0.516704765558267,0.383827224241432,0.552811273838343
"bcb05001",1,8,9,0.429332310422903,0.508528717168706,0.318971058260221,0.609824493293522
"bcb05001",1,9,10,0.33602922626814,0.432649532474814,0.295623131546121,0.43720654653359
"bcb05001",1,10,11,0.314140286924963,0.359678269945209,0.257024593762177,0.201224701131286
"bcb05001",28,28,29,0.203464128370656,0.185902994739734,0.150628857110085,0.136852985483555
"bcb05001",28,29,30,0.182899319787229,0.244262731126262,0.188152705767706,0.185220974207174
"bcb05001",28,30,31,0.201386189293234,0.257536828317755,0.218469989875454,0.242066934267573
"bcb05001",28,31,32,0.319877488405372,0.347268132413706,0.282025910552985,0.356706511986699
"bcb05001",28,32,33,0.303184561799014,0.349866464329084,0.341043148872267,0.324653760201977
"bcb05001",28,33,34,0.279069024931014,0.288176310101736,0.271491735774802,0.289829884203667
"bcb05001",28,34,35,0.213666217739475,0.220726314358849,0.216654507887833,0.220769479367828
"bcb05001",12,12,13,-0.111544593603824,0.234995667476012,0.146343714907149,0.168966205052028
"bcb05001",12,13,14,-0.00416431191585449,0.211964330470256,0.106071174796917,-0.0419921142222782
"bcb05001",12,14,15,-0.0587146775719471,0.203995319027052,0.0509478065402048,0.000862870422666033
"bcb05001",12,15,16,-0.00104621951400677,0.0994327968264393,0.0364463308594499,-0.0666077830610728
"bcb05001",12,16,17,0.0832953728930157,0.197790443779395,0.0452416355428589,0.158173062102106
"bcb05001",23,23,24,0.323040704984086,0.323086903078196,0.278641302289986,0.311479584452062
"bcb05001",23,24,25,0.278507178346906,0.307533344695455,0.237008118776642,0.256400407509873
"bcb05001",23,25,26,0.281044935227065,0.287011075437855,0.240142459108595,0.264041978176313
"bcb05001",23,26,27,0.18823272722934,0.186685262262785,0.150521684397697,0.156584965986851
"bcb05001",23,27,28,0.223098947755171,0.280448612223226,0.23055320965048,0.19494063646677
"bcb91005",204,214,215,-0.0238621261455689,0.267423240992846,0.0703234211312701,0.187328557826315
"bcb91005",204,215,216,0.0663003001370152,0.396605480339185,0.0552261488184481,0.240224369144435
"bcb91005",204,216,217,0.318820103418639,0.455329375297418,0.15986589795143,0.0665650004264617
"bcb91005",204,217,218,0.324687369737094,0.569205833504398,0.184102851124897,0.0430034197059598
"bcb91005",204,218,219,0.343115498511438,0.482644522571174,0.155364594176214,0.304158384293016
"bcb91005",204,219,220,0.294139758365693,0.593564988309653,0.126643637701917,0.3901482174815
"bcb91005",204,220,221,0.233395907900703,0.735387964807003,0.24430985856618,0.401043111887373
"bcb91005",204,221,222,0.201787789943457,0.564918011960108,0.308167296114622,0.350468467507868
"bcb91005",204,222,223,0.241677865046413,0.429144173692955,0.262079493727678,0.252079780097329
"bcb91005",204,223,224,0.255335044389733,0.312554252417541,0.2938985669751,0.324818721164709
"bcb91005",179,186,187,0.239800493679899,0.517472769165898,0.140245310780141,0.190051215557337
"bcb91005",179,187,188,0.158812312596972,0.38747405577543,0.0685696702897219,0.337098819535132
"bcb91005",179,188,189,0.243224573661361,0.478395262995198,0.0320573768165716,0.309073397209664
"bcb91005",179,189,190,0.250098420220221,0.437857784366463,0.260787205067889,0.293230964848769
"bcb91005",179,190,191,0.215821875702934,0.425396855697912,0.236940932551398,0.0575262545951163
"bcb91005",179,191,192,0.141180975471943,0.266453260838578,0.18193511797355,0.331635999819458
"bcb91005",179,192,193,0.245260683734154,0.259979982373554,0.143797677980532,0.300187369729031
"bcb91005",179,193,194,0.26774252071777,0.308089629629352,0.286583775329632,0.164493491895778
"bcb91005",179,194,195,0.215700412169783,0.491813731199925,0.29153032192196,0.076788345151906
"bcb91005",179,195,196,0.189187912317711,0.20771088057787,0.191316354651151,0.435705081688867
"bcb94005",1,19,20,0.536522120544278,0.916991718870799,0.191675777177024,0.20874863086343
"bcb94005",1,20,21,0.401955207495236,0.78651406676194,0.0698296798715347,0.1371576581562
"bcb94005",1,21,22,0.171312414266847,0.790646573981349,0.00908494660707131,-0.020213614864828
"bcb94005",1,22,23,0.150878055087351,0.62691174468652,0.0375404979689375,-0.0338839272723285
"bcb94005",1,23,24,0.0917697146575224,0.646408886443392,0.0369626751623314,0.0539833759811703
"bcb94005",1,24,25,-0.00100004776573914,0.606947070448809,0.201732180972227,0.0244742528733627
"bcb94005",1,25,26,0.0797792068554373,0.83861366257236,0.203636934614997,0.0188947378890183
"bcb94005",1,26,27,0.120362035808953,0.528024039979012,0.136626921714392,0.0608002027880832
"bcb94005",1,27,28,0.0834985273669202,0.734036877547665,0.0732693173355292,0.0783542254810951
"bcb94005",1,28,29,0.18178240914127,0.689076111486818,-0.0772194999427679,0.0311812341679919
"bcb94005",136,153,154,0.0818312116723926,0.673121339083345,0.164065702010284,0.0575661312446892
"bcb94005",136,154,155,0.114730640937146,0.42427326907863,0.126432230850901,-0.0764674094096927
"bcb94005",136,155,156,0.0368741861480502,0.697470317322981,0.165083590088187,0.0245420933236955
"bcb94005",136,156,157,0.00279971416957492,0.750992202010722,-0.00264282733137068,0.14810947274006
"bcb94005",136,157,158,-0.121998691776563,0.605910684594298,0.0386119605718991,0.0825408041649582
"bcb94005",136,158,159,-0.100454214909339,0.915484474525414,0.0643116825311613,0.065612953583519
"bcb94005",136,159,160,-0.126199906789096,0.575282793444247,0.0739181110075161,0.0665626437243977
"bcb94005",136,160,161,-0.0733126732128972,0.64538078953122,0.059660538209304,-0.0470420658083963
"bcb94005",136,161,162,0.136260920556126,0.543901410026826,0.153042257840195,-0.0176193763764408
"bcb94005",136,162,163,0.153862231486433,0.338841529616549,0.0966690992834137,0.0198642104449705
"bcb94005",224,240,241,0.0565761993068592,0.725012262613901,0.152989787239468,0.231999573489279
"bcb94005",224,241,242,0.152760030694148,0.712255790082424,0.27781764997705,0.212404909909173
"bcb94005",224,242,243,0.232320859089717,0.786823992596396,0.366662616930657,0.339810573791125
"bcb94005",224,243,244,0.210742440678751,0.675491175436597,0.454401559529538,0.39061554375933
"bcb94005",224,244,245,0.178633806132023,0.708057812758201,0.404350740926826,0.5302628548954
"bcb94005",224,245,246,0.228203711799014,0.863869731246158,0.341789946082181,0.598801234749199
"bcb94005",224,246,247,0.0656132812446747,0.662585162770349,0.275411516522873,0.4936239158858
"bcb94005",224,247,248,-0.0337956166165029,0.783845170073289,0.102226280735665,0.527872573641746
"bcb94005",224,248,249,0.0468305174869463,0.615466562610907,0.056494289172159,0.400289004457005
"bcb94005",224,249,250,0.094956077013893,0.644046915822151,0.212165122847233,0.359525391631094
"bcb94005",268,284,285,0.220759305465261,0.532936170892721,0.204286369559589,0.101231241878684
"bcb94005",268,285,286,0.3487447834916,0.643039369557412,0.206739395781245,0.270817096665546
"bcb94005",268,286,287,0.416796595564155,0.716540910072047,0.309131718908312,0.251603109199212
"bcb94005",268,287,288,0.513365308717297,0.717896755088554,0.279467445655377,0.248958770732838
"bcb94005",268,288,289,0.319585237869834,0.72550495200065,0.243864159172414,0.305153401093441
"bcb94005",268,289,290,0.16918472801733,0.631352147151423,0.124456549300715,0.223173021721479
"bcb94005",268,290,291,0.212536350332035,0.745459966996948,0.224242224829381,0.126503915195198
"bcb94005",268,291,292,0.309956603946258,0.681525583644657,0.277672333434471,0.120245389456772
"bcb94005",268,292,293,0.230345029603685,0.731416041073012,0.27291295424792,0.251100811186063
"bcb94005",268,293,294,0.206971166279132,0.664656844415579,0.340177637195376,0.369774786987766
"bcb94005",58,70,71,0.0258213424265121,0.799082398692054,0.0997480692016163,-0.00238394954199989
"bcb94005",58,71,72,0.129092596189924,0.637680204206199,0.108099631513428,-0.0493787366616513
"bcb94005",58,72,73,0.451185391430448,0.858901227218945,0.414516645734491,0.0551076941522449
"bcb94005",58,73,74,0.567452079126078,0.846245965802145,0.456154361398671,0.193385787099632
"bcb94005",58,74,75,0.534960745576504,0.854586233606986,0.47802804925417,0.394037218677016
"bcb94005",58,75,76,0.454671073894592,0.637240275214745,0.415141112159797,0.228099145483057
"bcb94005",58,76,77,0.220011597941022,0.693887080234062,0.084047580604121,0.151585824900925
"bcb94005",58,77,78,0.0931250402327439,0.374954567289359,0.118612587348851,0.117277838105739
"bcb94005",58,78,79,0.294403187978675,0.569644383158172,0.268579261594848,0.0208613167185291
"bcb94005",58,79,80,0.495746646289717,0.5890734276822,0.316486650285711,0.0587770108614063
"bcb94005",181,190,191,0.140771595313582,0.392760742173108,0.096995488328629,-0.127384369495058
"bcb94005",181,191,192,0.0599524831659961,0.543822714759542,0.104611123274458,-0.128783645101369
"bcb94005",181,192,193,-0.0301148920987656,0.511974379096324,0.054868357254078,0.0217660999749875
"bcb94005",181,193,194,-0.0173436029503112,0.795040868007707,0.180665590042067,0.0222170705549856
"bcb94005",181,194,195,-0.00975088307116834,0.738930249514151,0.180556091176347,0.0454294927157154
"bcb94005",181,195,196,0.044427547903434,0.762889882140536,0.167476639852897,0.206597834896446
"bcb94005",181,196,197,0.113044877462789,0.69486323121799,0.254040483938464,0.283487058231431
"bcb94005",181,197,198,0.185772248842145,0.59757188163147,0.281763030536365,0.297579277194529
"bcb94005",181,198,199,0.193311170899533,0.639175511604826,0.344969961553166,0.431147353571153
"bcb94005",181,199,200,0.194189590471536,0.782477290306496,0.362465522930338,0.418013354277461
"bcb94022",1,32,33,0.343356525572714,0.315232425557458,0.346509072964228,0.336189211172045
"bcb94022",1,33,34,0.267130098049282,0.660604541036513,0.373726374639215,0.19569894084365
"bcb94022",1,34,35,0.263793650586,0.717085225489334,0.136763453318388,0.404603771688127
"bcb94022",1,35,36,0.24198474067254,0.704912662760918,0.043277424960564,0.555522585091058
"bcb94022",1,36,37,0.0180315446654902,0.641792775299068,0.261067218271479,0.189392255929364
"bcb94022",1,37,38,0.11463491498231,0.517822418236507,0.267679658102319,0.462471057954327
"bcb94022",1,38,39,0.620934026680512,0.558652114033606,0.389162421207843,0.317345953582487
"bcb94022",1,39,40,0.497657007309168,0.458253514633912,0.600847130350335,0.266964754763194
"bcb94022",1,40,41,0.130287361625317,0.579451587266381,0.396475520399887,0.187303775931809
"bcb94022",1,41,42,-0.0015216780367587,0.636975053642121,0.0211287831127653,0.379645902483861
"bcb94022",74,91,92,-0.0672137193823691,0.730733551047291,0.184446712183683,-0.0558416732234531
"bcb94022",74,92,93,-0.0195456196478021,0.629401454525139,0.128096793873998,-0.0995332800637318
"bcb94022",74,93,94,0.34612446068587,0.746453511899423,-0.0736641661723744,0.0395066409457288
"bcb94022",74,94,95,0.387613857864942,0.858458673158404,0.324325112511727,0.494131581479649
"bcb94022",74,95,96,0.434729278758239,0.658749269683206,0.504472036108267,0.542745539763898
"bcb94022",74,96,97,0.549564833565375,0.647152857159525,0.497488919673187,0.672438346070129
"bcb94022",74,97,98,0.358464869998327,0.701502552902489,0.339421430285147,0.651300257076995
"bcb94022",74,98,99,0.101804174867091,0.731868380416519,0.270819050528799,0.487666635153279
"bcb94022",74,99,100,0.120739562857621,0.517448566884743,0.230879561501693,0.501518226803073
"bcb94022",74,100,101,0.279642561731765,0.706891016545331,0.14393358406289,0.501481997620865
"bcb94069",45,105,106,0.170972446825177,0.608360607803225,0.249409667116855,0.0313596633436174
"bcb94069",45,106,107,0.156263341942529,0.735622624122733,0.297451401927049,0.343264527021568
"bcb94069",45,107,108,0.352342061931973,0.57470204860979,0.225427391206897,0.281044652949901
"bcb94069",45,108,109,0.396610788099676,0.693831051039058,0.666368002185432,0.410412997252282
"bcb94069",45,109,110,0.485927834547323,0.757558543360668,0.692548610164844,0.222918831737668
"bcb94069",45,110,111,0.0409950769089885,0.675116328948127,0.43475083969762,-0.0874530759818591
"bcb94069",45,111,112,-0.00189862050431754,0.891460027268081,-0.0395479858789981,0.0989963311174304
"bcb94069",45,112,113,0.145790326795826,0.842548055364957,-0.0193102835814843,0.514777779674198
"bcb94069",45,113,114,0.013172225875558,0.799844597035799,0.174819608345666,0.52630741310904
"bcb94069",45,114,115,0.38549219641176,0.698732323473814,0.081219214510507,0.520840431971908
"bcb94069",177,195,196,-0.12025677294058,0.689285221161408,-0.241560482069695,0.151639415134756
"bcb94069",177,196,197,0.129872808209492,0.721573149649191,0.00903724519742529,-0.193208286452415
"bcb94069",177,197,198,0.363445060207598,0.684500683853686,0.424375258190738,0.538979361205022
"bcb94069",177,198,199,0.244056185149877,0.675194066173868,0.47741764284383,0.245526361105532
"bcb94069",177,199,200,0.255914143700935,0.465183269586276,0.255499759290134,0.248054343152855
"bcb94069",177,200,201,-0.110218601224182,0.377745289764882,-0.186878524698427,0.101875343465647
"bcb94069",177,201,202,0.17117508731116,0.682507700651358,-0.191455517192109,0.166632890237727
"bcb94069",177,202,203,0.526675031057735,0.767609728982798,0.0183902566869232,-0.175268449956343
"bcb94069",177,203,204,0.475378738743078,0.808813142437705,0.185314187773469,0.504066242888878
"bcb94069",177,204,205,0.241308796696261,0.647948201872276,0.0889327722168583,0.559200892456742
"bcb94069",1,17,18,0.330146251849086,0.796320728082005,0.39247921552238,0.0496251167096013
"bcb94069",1,18,19,0.234716799876754,0.494929257334425,0.270323760891118,0.398094437130886
"bcb94069",1,19,20,0.39766539646477,0.592569614806923,0.30282708467314,0.204020820303415
"bcb94069",1,20,21,0.491953336939402,0.728652344838273,0.036619218540369,-0.216117450667276
"bcb94069",1,21,22,0.155290514629444,0.434543812811016,0.00274503515132955,-0.138921178900846
"bcb94069",1,22,23,0.138310000583394,0.501018015605528,0.121217092510161,-0.039787607809681
"bcb94069",1,23,24,0.194818967029838,0.698788624909618,0.128173786527952,0.12361206057715
"bcb94069",1,24,25,0.164072200767065,0.784890281126327,0.236032397371472,0.137797833178376
"bcb94069",1,25,26,0.119536442667189,0.578297995476872,0.22682888615566,0.175674591592149
"bcb94069",1,26,27,0.0777766282579951,0.706117425635919,0.0607034743476048,0.0432561944750482
"bcb94069",225,231,232,0.0125453627240371,0.778499972319552,0.0781719404929974,0.258680985604885
"bcb94069",225,232,233,0.026722665591802,0.657602214980682,0.132918009648224,0.588342867664632
"bcb94069",225,233,234,0.391812964347227,0.640394766916339,0.483476567219405,0.403876615402289
"bcb94069",225,234,235,0.243050319803761,0.649833934670632,0.298875142769934,-0.0399159786648065
"bcb94069",225,235,236,0.250508483878974,0.412853910935486,0.209401312690897,0.132017708993239
"bcb94069",225,236,237,-0.0508842239257271,0.824048233971171,0.233469195676929,-0.0150947919385954
"bcb94069",225,237,238,0.219583378168388,0.740008045581691,-0.186722465696671,0.0495648964601663
"bcb94069",225,238,239,0.174592266709853,0.570986057143357,0.210203593705772,-0.0303617746914616
"bcb94069",225,239,240,0.383408074164381,0.419803175877678,0.444642306893056,0.0314961576297965
"bcb94069",225,240,241,-0.0966546456034051,0.726509896962352,0.223509050073658,-0.358570882645019
"bcb95065",1,34,35,0.426773582128104,0.913373809907585,0.396054208005544,0.47606530921565
"bcb95065",1,35,36,0.381476767903311,0.798543024840484,0.398860401762908,0.484536336300447
"bcb95065",1,36,37,0.479452201175074,0.862403514836685,0.410573333503,0.474157205524776
"bcb95065",1,37,38,0.472806534108366,0.613796847379979,0.493905257961488,0.482170530651522
"bcb95065",1,38,39,0.420803704522703,0.740455604869332,0.531905032087289,0.486832928291371
"bcb95065",1,39,40,0.465551076715405,0.744721114942847,0.561448609060812,0.520723221493679
"bcb95065",1,40,41,0.499579444471903,0.861647758490846,0.569933457094877,0.551636893313265
"bcb95065",1,41,42,0.524320400766536,0.723988313100381,0.51339234606449,0.537786018401079
"bcb95065",1,42,43,0.505995017412561,0.872102478092485,0.503911322275978,0.507921657472038
"bcb95065",1,43,44,0.487199848407473,0.883689995327064,0.433995364087965,0.524248608829458
"bcb95065",79,112,113,0.393277776632049,0.729920321391819,0.388848504657287,0.156826724532126
"bcb95065",79,113,114,0.403512853065503,0.613972103797605,0.3444704138681,0.218547198890515
"bcb95065",79,114,115,0.310382244860279,0.773124787910437,0.294248968037145,0.228465169965175
"bcb95065",79,115,116,0.284066219241785,0.67630980153131,0.273370767986781,0.231222593022904
"bcb95065",79,116,117,0.352614524879382,0.791606825545115,0.347281504260052,0.292234563103935
"bcb95065",79,117,118,0.428568142956442,0.680918831133307,0.381582117382174,0.32642984914105
"bcb95065",79,118,119,0.46105415366654,0.78989756153482,0.409350087032984,0.455977192240941
"bcb95065",79,119,120,0.527452647242623,0.794036997622691,0.455438276789508,0.468625498356056
"bcb95065",79,120,121,0.564965517408003,0.898438566833908,0.580925045780126,0.550925331294631
"bcb95065",79,121,122,0.587853647353988,0.84037677569856,0.647309601569964,0.531106557038997
"bcb95065",156,181,182,0.534232077802868,0.78250675599229,0.62801142892241,0.471456769922138
"bcb95065",156,182,183,0.474403226188672,0.84252429165147,0.67470405922505,0.589545929882275
"bcb95065",156,183,184,0.501506739023421,0.875965150205578,0.695633997205757,0.610181314800136
"bcb95065",156,184,185,0.498864210422813,0.84157274975375,0.665269989981091,0.647118208991788
"bcb95065",156,185,186,0.447677072834391,0.805548023044495,0.590664303251157,0.674989799954618
"bcb95065",156,186,187,0.42424441488041,0.77782205752404,0.479301192767886,0.650322735534766
"bcb95065",156,187,188,0.398268596696722,0.826233932385317,0.456346743608364,0.602594905827943
"bcb95065",156,188,189,0.427699463555122,0.855984554797909,0.441287994354437,0.573730507094071
"bcb95065",156,189,190,0.440689756325874,0.78045100462716,0.45219964955439,0.619665743489679
"bcb95065",156,190,191,0.49876623203047,0.782286086503525,0.501748885172639,0.591111478534786
"bcb95065",218,243,244,0.422506337243968,0.65632821107898,0.386984965876047,0.330522493082264
"bcb95065",218,244,245,0.46861540499722,0.810137764031351,0.432243165160295,0.379942447410509
"bcb95065",218,245,246,0.466736646690493,0.671504175472643,0.447439195989719,0.414127504057859
"bcb95065",218,246,247,0.43668475575841,0.828482813758168,0.450227300198042,0.440978189814637
"bcb95065",218,247,248,0.454275025142849,0.703765217311975,0.375539013020327,0.403475373423268
"bcb95065",218,248,249,0.402622893536435,0.828480693081811,0.406944181444802,0.413266693403528
"bcb95065",218,249,250,0.412681984964606,0.730118739423138,0.42829046770019,0.365125789754668
"bcb95065",218,250,251,0.352726363351712,0.702177929366391,0.355446994342036,0.30656083849651
"bcb95065",218,251,252,0.382250203989103,0.711504057589714,0.364175361805014,0.397513749753062
"bcb95065",218,252,253,0.508532729481693,0.669563576788738,0.51146660379891,0.338171081204902
"bcb96084",152,219,220,0.620744550179035,0.869171473448988,0.0935211453662294,0.232654487025713
"bcb96084",152,220,221,0.38767266552963,0.813134155000241,0.284694343799693,0.533583180323336
"bcb96084",152,221,222,0.209086663059871,0.849327627540275,0.0786846995934174,0.483776632450817
"bcb96084",152,222,223,-0.0321043964189284,0.703424338481296,0.0931866175629992,0.361611866176719
"bcb96084",152,223,224,0.0102360532327562,0.454869290853423,0.376039115582649,-0.0662758134350293
"bcb96084",152,224,225,0.234227202834528,0.277328716633577,0.321650116148464,0.0529732393379686
"bcb96084",152,225,226,0.426546461951524,0.35819902277225,0.295262036463677,0.16151508279814
"bcb96084",152,226,227,0.0248559291671427,0.366167981247573,0.00237134446747602,-0.0246866226442614
"bcb96084",152,227,228,-0.0383910608830492,0.509810552154342,0.0190454611271151,0.20324270615376
"bcb96084",152,228,229,0.0491817471092219,0.542913329491078,0.214186972423162,-0.0735400333076415
"bcb96084",21,70,71,0.224369742756892,0.577240828831699,0.249691427728416,0.0862948480383382
"bcb96084",21,71,72,0.2892575801876,0.509646103597579,0.388409454083186,0.163345761841215
"bcb96084",21,72,73,-0.108375765175448,0.254999294676209,-0.0171435713086716,-0.341103719683159
"bcb96084",21,73,74,-0.0917121614636418,0.777109900993737,0.019062971815744,0.0187372686791311
"bcb96084",21,74,75,0.115870617993679,0.672328370288844,-0.236490375954412,0.034572327725129
"bcb96084",21,75,76,0.472202485219377,0.639770865185666,0.508588255471341,0.39764839983314
"bcb96084",21,76,77,0.354763274127386,0.541067134969952,0.467073679735244,0.356699485251552
"bcb96084",21,77,78,0.190388582663638,0.787897141419312,-0.0817388829967028,0.443974903799084
"bcb96084",21,78,79,0.133874809472851,0.754024257076815,-0.275748030578269,0.116746131883197
"bcb96084",21,79,80,0.403876633315184,0.42728676796938,-0.0916662334513799,-0.229338468628985
"bcb96084",1,5,6,0.525481282234101,0.841693160609472,0.492342833739737,0.738620882494577
"bcb96084",1,6,7,0.612605275135318,0.860119374888966,0.655603996085743,0.670028674259532
"bcb96084",1,7,8,0.6808101509206,0.8437486261686,0.650883877948367,0.758902388586012
"bcb96084",1,8,9,0.524427567630403,0.795001629829771,0.561125286388471,0.624777010551634
"bcb96084",1,9,10,0.468806171080045,0.779139483435888,0.311419041828361,0.751818113017582
"bcb96084",1,10,11,0.17666977811531,0.747641776459026,0.45838252095287,0.678904564365924
"bcb96084",1,11,12,0.206837654090307,0.754932538354016,0.334495028733567,0.291552596394586
"bcb96084",1,12,13,-0.294506985687291,0.567200022679093,0.241740041789605,0.141165229704383
"bcb96084",1,13,14,-0.0626241050951028,0.54337006862746,0.452339052420634,-0.0158080701280379
"bcb96084",1,14,15,-0.573847485766268,0.686655085481074,0.283567466450676,-0.498262095589025
"bcb96084",132,136,137,0.310263634105034,0.491028933913699,0.2382559865516,0.183742223556079
"bcb96084",132,137,138,0.237161284692578,0.406264912846913,0.237068259340287,0.130792963352117
"bcb96084",132,138,139,0.422515449287169,0.298604304578191,0.154226249788282,0.359841660199374
"bcb96084",132,139,140,0.425648123296059,0.729925791663028,0.123211411145407,0.431615355210471
"bcb96084",132,140,141,0.761644649166037,0.777970501989404,0.472667369047152,0.61347548419855
"bcb96084",132,141,142,0.652223033928026,0.760461793432508,0.691891990836813,0.770179674487438
"bcb96084",132,142,143,0.62749483855646,0.793707348254782,0.690575199512839,0.720166785683406
"bcb96084",132,143,144,0.688491741167334,0.834440662188624,0.63870018792821,0.751397163459248
"bcb96084",132,144,145,0.620834862613801,0.829398952051611,0.611397334146707,0.782377698318635
"bcb96084",132,145,146,0.440181965161571,0.760199622250751,0.267997659689421,0.440643812499971
"bcb97002",94,105,106,0.0709036610250841,0.378779577658733,0.114919981441614,0.280780353516886
"bcb97002",94,106,107,0.0768785409310571,0.421276389307505,-0.0299086569067344,0.239980974495952
"bcb97002",94,107,108,-0.0176540403040455,0.375610034053175,-0.0673398174220782,0.177998323262097
"bcb97002",94,108,109,-0.097896708055159,0.375646011505838,0.0016855925613028,0.184563827102606
"bcb97002",94,109,110,-0.0925719540162456,0.409766612807284,0.145688914057275,0.140274616617396
"bcb97002",94,110,111,-0.0470055416520331,0.169637369740273,-0.0738917611297484,0.252224110114483
"bcb97002",94,111,112,-0.000462548185777181,0.327561934847907,-0.143360492319989,0.0718718315180111
"bcb97002",94,112,113,0.0945049004852623,0.0639407369028927,-0.0446843580985233,0.0819693636306097
"bcb97002",94,113,114,0.0624429690585747,0.128557422749558,-0.0154421699111951,0.0419606964897048
"bcb97002",94,114,115,-0.0455801772942681,0.0573590119384714,0.0546542672290632,0.0694298938889297
"bcb97002",30,40,41,-0.0246907051384992,0.496169593460252,0.0237266291258871,0.405413819971095
"bcb97002",30,41,42,0.181917872073531,0.546790398280172,0.0944621298405333,0.367116426295469
"bcb97002",30,42,43,0.182863149528726,0.475354173079831,-0.0244318380153445,0.250593167911819
"bcb97002",30,43,44,0.0888625195514249,0.581289004137819,-0.0786098874705204,0.224651231423452
"bcb97002",30,44,45,-0.0607918099668205,0.577155250259916,-0.0170352254318675,0.390929014159242
"bcb97002",30,45,46,-0.0301743561986425,0.38775895267854,0.00219941306480376,0.260547359532746
"bcb97002",30,46,47,0.058716190134143,0.253335763104657,-0.0101831638304806,0.16990689483641
"bcb97002",30,47,48,-0.0589727413874879,0.226010340256812,0.063362353114221,0.195812976560179
"bcb97002",30,48,49,0.136378001177587,0.168901344820877,0.155365462360943,0.0684817236717992
"bcb97002",30,49,50,0.0220539576566985,0.0985842070957886,0.124281741834023,-0.0375131162296945
"bcb97002",62,72,73,0.0453069248552355,0.201747790641281,0.00887479787183566,0.0558632665302621
"bcb97002",62,73,74,-0.0684023628754083,0.0491707839704762,-0.0171010823899933,-0.0624819319812755
"bcb97002",62,74,75,-0.0752199112532266,0.25587205343898,0.0888739572403459,-0.0638239706918367
"bcb97002",62,75,76,-0.00397729298903342,0.229426963643424,0.0243042191331804,0.0983311205586639
"bcb97002",62,76,77,-0.0571058486420375,0.274232813860822,0.0277027871139653,-0.00402335415345258
"bcb97002",62,77,78,-0.0853952874581157,0.242578757001222,-0.00179463263525003,0.0758051986200932
"bcb97002",62,78,79,-0.0389014351822385,0.248429349318919,-0.0374910389050233,-0.104052329790606
"bcb97002",62,79,80,0.0968383039230761,0.341933595280357,0.135969708161914,-0.127122072459
"bcb97002",62,80,81,0.12269063562147,0.514418540168487,0.108132166997111,0.221562190020787
"bcb97002",62,81,82,0.0921421154487042,0.453154694405609,0.0281805374436958,0.291121967609567
"bcb97002",127,137,138,0.0245877019429845,0.207740373106356,0.0856022524950564,0.118563698242441
"bcb97002",127,138,139,0.093454216289839,0.211172649450368,0.151838920448431,0.169664198696692
"bcb97002",127,139,140,-0.096735197233815,0.154665463330326,0.0316452719027424,0.143211394024704
"bcb97002",127,140,141,0.107729608334957,0.544233116096909,0.189434092304024,0.30476113492195
"bcb97002",127,141,142,-0.0121589694088222,0.502462000957107,0.0900086624465759,0.104351333869493
"bcb97002",127,142,143,-0.0212625096786156,0.343762657039058,0.121598030779149,-0.0227681776451491
"bcb97002",127,143,144,0.160881060650162,0.382680852193662,0.108803467340348,-0.02497588879733
"bcb97002",127,144,145,-0.216473903337847,0.35165928815166,-0.166650329787961,-0.0538593528186136
"bcb97002",127,145,146,0.019160050245552,0.590170923530451,-0.0135374758229347,0.0952340632053192
"bcb97002",127,146,147,0.0145128389801139,0.632693651702394,-0.0269116936235586,-0.0104268974077523
"bcb97002",159,168,169,0.0302942376188795,0.607545401316507,-0.00798361321046275,0.227586526357745
"bcb97002",159,169,170,0.0934312520168206,0.413544128033592,0.0703518037141115,-0.0651769432226253
"bcb97002",159,170,171,0.239926330416929,0.539345746645229,0.321612198207115,0.098531278570568
"bcb97002",159,171,172,-0.245977380047278,0.474097495755581,0.0337074229704646,-0.216256233569572
"bcb97002",159,172,173,-0.0545808679354215,0.618489697259771,0.202379557334019,0.0146602551531972
"bcb97002",159,173,174,0.205167129458074,0.409109338628103,0.212347902487025,0.115840008744212
"bcb97002",159,174,175,0.00558838366658804,0.394737509116088,0.0325942916262482,0.0461023942861746
"bcb97002",159,175,176,-0.0855362362368227,0.453227524611533,0.0181598762924907,-0.122261150783247
"bcb97002",159,176,177,0.0463820338047606,0.372314456738995,0.202043984918031,-0.0305611640078748
"bcb97002",159,177,178,-0.0473254606447182,0.359021471895911,0.109808915951742,-0.11768497321651
"bcb97002",1,10,11,0.00982777447468046,0.133802355704797,0.00261480989781294,0.145152311128532
"bcb97002",1,11,12,0.0260860198105119,0.373195145476657,0.0141535278994517,0.264092034148418
"bcb97002",1,12,13,0.0119470552482664,0.44189571443383,0.022075351722089,0.254903311358118
"bcb97002",1,13,14,-0.0581878961654995,0.311945599918394,0.0397518568027805,0.280641717413479
"bcb97002",1,14,15,0.0561888620598422,0.25778322007161,0.0775734303859,0.221432237582561
"bcb97002",1,15,16,0.122625555650788,0.505204273554022,0.0423183940307545,0.243255025637479
"bcb97002",1,16,17,-0.057655735050998,0.544909500464206,0.00299695317983859,0.356301453066695
"bcb97002",1,17,18,-0.132252495158539,0.383243970140574,0.0183670922627602,0.160806256242749
"bcb97002",1,18,19,0.0585644068251809,0.535408378286234,0.0710470591070487,-0.0224699139641019
"bcb97002",1,19,20,0.064325212702864,0.651249342594347,0.0580004660905518,0.0547436215691047
"bcb99031",125,137,138,0.433627952807036,0.400125419961445,0.371796213643814,0.148904778852627
"bcb99031",125,138,139,0.178278043932787,0.671777777247219,0.241403920680965,0.215115105264363
"bcb99031",125,139,140,0.327658108134829,0.776111518571705,0.425591911935339,0.493794988346775
"bcb99031",125,140,141,0.482286884845455,0.831953868996317,0.457844130075979,0.557519540128373
"bcb99031",125,141,142,0.219122008250152,0.702485249602607,0.0515981946230491,0.315365066719372
"bcb99031",125,142,143,0.117250841847243,0.535588513318168,0.0229490381056704,0.196643232308753
"bcb99031",125,143,144,0.027644621612762,0.696725878052728,-0.0304831306264968,0.14555726116863
"bcb99031",125,144,145,-0.0450838003384234,0.559058408228516,-0.0550086097288331,-0.0365638359620805
"bcb99031",125,145,146,0.105607408386983,0.455767621580724,0.176312407602846,0.325565043954761
"bcb99031",125,146,147,0.177293320410444,0.441829085871665,0.187450616428497,0.119219068065582
"bcb99031",1,12,13,0.136120518456324,0.451555313304653,0.0753189937203692,0.153595653223488
"bcb99031",1,13,14,0.17208396400939,0.46257091561963,0.0963929991348087,0.195027633870901
"bcb99031",1,14,15,0.0363155310976304,0.610088651260078,0.394283155528752,0.152888193477411
"bcb99031",1,15,16,0.26157204405964,0.796197302124528,0.412762601962236,0.35383943057555
"bcb99031",1,16,17,0.397289736481331,0.656789516538688,0.47532326321602,0.684241680052235
"bcb99031",1,17,18,0.589548018514455,0.625309885213608,0.592288047192844,0.614894019771311
"bcb99031",1,18,19,0.596375519174886,0.544421028590896,0.568500234924667,0.687093855050185
"bcb99031",1,19,20,0.569119810232948,0.550914331517601,0.613385785746669,0.495284899657588
"bcb99031",1,20,21,0.566473465625071,0.458140952227971,0.546239668994239,0.39696502650123
"bcb99031",1,21,22,0.431813498690455,0.542485145261625,0.12510564079981,0.624490057289421
"bcb99031",91,102,103,0.479321309133346,0.748292626098109,0.50976639289388,0.553280757858015
"bcb99031",91,103,104,0.423237993800473,0.679341829788472,0.374989028993453,0.628948394964782
"bcb99031",91,104,105,0.422513224116568,0.686039921795834,0.170666599739671,0.602608285510182
"bcb99031",91,105,106,0.268730291654612,0.630312623798107,0.202306821414221,0.499556520558346
"bcb99031",91,106,107,0.228269783987938,0.669571180639138,0.291039104524627,0.38745769707383
"bcb99031",91,107,108,0.167704106975734,0.757292405736417,0.430190575387056,0.401969034354227
"bcb99031",91,108,109,0.276362710623458,0.697472914702752,0.33338445660997,0.419598328582886
"bcb99031",91,109,110,0.439608801049126,0.562850530229257,0.264415565052542,0.40797404510963
"bcb99031",91,110,111,0.482226496357438,0.403025436745494,0.457677047445494,0.350474421094116
"bcb99031",91,111,112,0.454628968846357,0.540878256837285,0.4130776046506,0.151110733900236
"bcb99031",35,46,47,0.110453708638929,0.613443052786824,0.199854346636579,0.316217732568766
"bcb99031",35,47,48,0.256047381916453,0.523115998652512,0.380330756442524,0.443962276711509
"bcb99031",35,48,49,0.258480995192526,0.728062718699516,0.355070198317288,0.314161398061916
"bcb99031",35,49,50,-0.00775268958176355,0.595604960109396,0.414358291835856,0.0172488992091856
"bcb99031",35,50,51,-0.0963425208892128,0.556137323551935,0.347838323194482,0.317943926644383
"bcb99031",35,51,52,0.14737590715838,0.695242090116135,0.216857606705134,0.281442407047009
"bcb99031",35,52,53,0.331713197250056,0.842017257961898,0.433626072277675,0.443229163135442
"bcb99031",35,53,54,0.168956427251536,0.76257278653036,0.501120201875554,0.357897920079548
"bcb99031",35,54,55,-0.204739652552753,0.680420680768513,0.290968508252363,-0.0600650994788262
"bcb99031",35,55,56,0.0102455101035259,0.385491981921844,0.178310816773495,0.346435904067638
"bcb99031",161,169,170,0.0176093541165767,0.501765935767538,0.183061322335963,0.283563882094593
"bcb99031",161,170,171,0.377736513512036,0.521793923464396,0.102575002416719,0.428009953569661
"bcb99031",161,171,172,0.381098120216094,0.611267526524885,0.310958246599862,0.368043724840328
"bcb99031",161,172,173,0.264575503134846,0.655896617164171,0.361649026272695,0.462283437620497
"bcb99031",161,173,174,0.243879499433871,0.77417124222742,0.460203110376261,0.522702790393304
"bcb99031",161,174,175,0.200960538415133,0.684219143736593,0.28538705289543,0.48427737909966
"bcb99031",161,175,176,0.375865979136932,0.567921581261852,0.325870989970131,0.36084110235998
"bcb99031",161,176,177,0.297205481954813,0.635800208257053,0.291873201142609,0.31757214917256
"bcb99031",161,177,178,0.378689380712422,0.689872481241111,0.393727632232868,0.392029129134725
"bcb99031",161,178,179,0.312668391427247,0.629403793609664,0.226137472587218,0.595861534379673
"bcb99031",68,74,75,-0.0110917974478878,0.56517728406584,0.433654272169443,0.136974016788372
"bcb99031",68,75,76,0.22240581781535,0.5796748900415,0.338357716216387,0.0183962660301226
"bcb99031",68,76,77,0.192575343806659,0.707003644579347,0.19077497036311,0.389451779320448
"bcb99031",68,77,78,0.230518996454997,0.53815902556632,0.0739054956146841,0.159310806704308
"bcb99031",68,78,79,0.0562561241012768,0.545668564405771,0.0709604702226779,0.210061625720621
"bcb99031",68,79,80,-0.0841081890089952,0.649989460383904,0.243185647269726,0.308505392465289
"bcb99031",68,80,81,0.394154684734766,0.729205722214134,0.454385200399691,0.523150384687312
"bcb99031",68,81,82,0.144511579246725,0.6981408856265,0.373943155043864,0.283248930980587
"bcb99031",68,82,83,0.414459368467772,0.510066673356065,0.175116599082011,0.453203539002558
"bcb99031",68,83,84,0.315611041945088,0.599629018510741,0.355946980922202,0.248393727607247
"bcc00116",73,86,87,0.136273406244294,0.0367657698258736,0.157512669551121,0.399121546164424
"bcc00116",73,87,88,0.142006419052614,0.0493650368954786,0.167860952006045,0.437253964048753
"bcc00116",73,88,89,0.16204695831233,0.181168880143186,0.123212015712887,0.470275842996002
"bcc00116",73,89,90,0.197197209341411,0.256535785600415,0.161466211718542,0.427084186157218
"bcc00116",73,90,91,0.300839143011539,0.378835743605893,0.193424981632152,0.401900483426538
"bcc00116",73,91,92,0.259212868840797,0.236679439432625,0.128735007019021,0.525260249866663
"bcc00116",73,92,93,0.14733668236144,0.117308276335851,0.0345876405498578,0.533194788917407
"bcc00116",73,93,94,0.0814360619863975,0.0256091135554052,-0.0780947826971727,0.61939915604765
"bcc00116",73,94,95,0.0493419945541923,0.0481537028545436,-0.19962394962274,0.490680888922972
"bcc00116",73,95,96,0.136281678655661,0.0436795788148222,-0.028495144783288,0.280026234895627
"bcc00116",1,13,14,0.130195479506045,0.0568006882539297,0.170595528608513,0.295484493904642
"bcc00116",1,14,15,0.0082458027280734,0.12770512246836,-0.0388002051172815,0.202221449064909
"bcc00116",1,15,16,-0.0494513785402087,0.196047088270095,0.0429205993110709,0.378057936791448
"bcc00116",1,16,17,-0.0114702216861818,0.119893707869137,0.029893340007729,0.252722690362772
"bcc00116",1,17,18,0.0758221213860017,0.0378005595041919,0.110292737225151,0.27014601757385
"bcc00116",1,18,19,0.199779108142158,0.196784679549225,0.155492735794003,0.0119605341744312
"bcc00116",1,19,20,0.385975405526867,0.0646101715170921,0.130982573704482,0.356434208444371
"bcc00116",1,20,21,0.318535558731136,-0.0681890362482956,0.172724899645042,0.437245831657763
"bcc00116",1,21,22,0.247491607886238,0.371776367552676,0.260934601691094,0.442666467777023
"bcc00116",1,22,23,0.210125921545695,0.445884298562726,0.383958481557514,0.579939423984867
"bcc00116",37,49,50,0.252590499012582,0.274845562919672,0.0890082813909951,0.566267578940678
"bcc00116",37,50,51,-0.0130734751453086,0.255351748610319,0.0772017486064242,0.459074406022877
"bcc00116",37,51,52,0.0556921551682268,0.212072505870263,0.234809991271805,0.21834928968389
"bcc00116",37,52,53,0.229253052800594,0.154104286350254,0.313061792290844,0.643787367514875
"bcc00116",37,53,54,0.145065074963224,0.368906101784635,0.224142828396765,0.508177467662809
"bcc00116",37,54,55,0.205231976336829,0.391162341967616,0.205320359720345,0.365655554443581
"bcc00116",37,55,56,0.267228601674352,0.438288795889052,0.278680650966174,0.499174935529673
"bcc00116",37,56,57,0.433079771470105,0.347609992360007,0.244908092071275,0.691064461765331
"bcc00116",37,57,58,0.370979824213499,0.221652097037267,0.0908919680540264,0.707048647069762
"bcc00116",37,58,59,0.170170546567107,0.262078978535053,0.22469665250015,0.566984641534393
"bcc00116",110,122,123,0.189651056242019,0.183327123498948,0.129225318553107,0.253607526096628
"bcc00116",110,123,124,0.0955734673804866,0.11097616022196,0.13135103393215,0.331565529210731
"bcc00116",110,124,125,0.223136145525611,0.175571124878677,0.232788725974247,0.511706605397237
"bcc00116",110,125,126,0.270097369248054,0.366347082252595,0.338516526180323,0.47703312206164
"bcc00116",110,126,127,0.270199093004521,0.432703426846865,0.263395082172607,0.416906694528114
"bcc00116",110,127,128,0.312186326609208,0.328362950764612,0.334361245283927,0.543059402600437
"bcc00116",110,128,129,0.348153211689938,0.458792828665468,0.407082518247173,0.39562760680548
"bcc00116",110,129,130,0.363849974937364,0.422250996658179,0.323285864066593,0.536925761791913
"bcc00116",110,130,131,0.47279876507251,0.254082378359291,0.269164545751466,0.562804921913842
"bcc00116",110,131,132,0.328255747200816,0.313238802355689,0.300098158459166,0.338309160043175
"bcc00116",145,157,158,0.335269784331246,0.265148225130772,0.167929096566221,0.507402609701709
"bcc00116",145,158,159,0.346160669542464,0.133230825038373,0.379605005887418,0.358885990192016
"bcc00116",145,159,160,0.340569197110136,0.155855428609148,0.359858005493779,0.437341652324856
"bcc00116",145,160,161,0.300005938547629,0.244391665596145,0.308843341316824,0.258203609104643
"bcc00116",145,161,162,0.290353214011235,0.1497962384728,0.298889025235642,0.233243199609448
"bcc00116",145,162,163,0.323866489444992,0.321118895953931,0.330104267444672,0.318235696394399
"bcc00116",145,163,164,0.392821203936902,0.205291970185532,0.358498726066049,0.483791538205827
"bcc00116",145,164,165,0.214059580614917,0.193412988248739,0.157914662928676,0.375139264398769
"bcc00116",145,165,166,0.172587826704246,0.0684336523071111,0.0965531335890996,0.443546715116617
"bcc00116",145,166,167,0.0472068950921858,0.0564365073074235,0.098121433935094,0.157257861389891
"bcc00116",180,191,192,0.114410003376876,0.197797045728006,0.145125436133553,0.148472453003398
"bcc00116",180,192,193,0.0720293595623671,0.0263549088473389,0.289299120476239,0.2822949603924
"bcc00116",180,193,194,0.151332359720929,0.126161233496837,0.258635231122754,0.471862554733359
"bcc00116",180,194,195,0.317853866768869,0.362256061054121,0.333397472790419,0.464253015491184
"bcc00116",180,195,196,0.449905227432172,0.395510293655294,0.419533428397043,0.51351564275929
"bcc00116",180,196,197,0.418666404399724,0.451764047509707,0.353563929098731,0.576276236388892
"bcc00116",180,197,198,0.473818971676952,0.558081182878952,0.410298078404963,0.594007450285586
"bcc00116",180,198,199,0.527701973105127,0.517546183103819,0.442598971675406,0.689436798902767
"bcc00116",180,199,200,0.481943709516095,0.45481508925997,0.367567505385909,0.549258869891726
"bcc00116",180,200,201,0.220392184494178,0.329773734857714,0.24129009933082,0.520996312434563
"bcc02009",117,132,133,0.47521322494907,0.682599891636254,0.448372194435814,0.499739795721886
"bcc02009",117,133,134,0.428121460356719,0.489452195523793,0.215413405513695,0.489384327972582
"bcc02009",117,134,135,0.398559887951,0.790370666552217,0.498238105902877,0.552065940410729
"bcc02009",117,135,136,0.521405297049489,0.533587366626653,0.421737578485387,0.625948188682336
"bcc02009",117,136,137,0.476586564669737,0.72711965678252,0.600653732287456,0.442747432851227
"bcc02009",117,137,138,0.703125122999644,0.553461177789224,0.688678376199,0.506330367913041
"bcc02009",117,138,139,0.559286543905236,0.355686046029183,0.350465150928858,0.313350068013051
"bcc02009",117,139,140,0.171617487048536,0.519339027719001,0.275421644851028,0.17839115132894
"bcc02009",117,140,141,0.210359871099715,0.588722242485998,0.111137316141744,0.539348950054751
"bcc02009",117,141,142,0.389737077157992,0.657328143879881,0.27300886181692,0.528681490617178
"bcc02009",40,54,55,0.197498357298719,0.657586038334435,0.398500290750809,0.337560926062805
"bcc02009",40,55,56,0.15095068154299,0.567661005182644,0.367052781842918,0.243550512906127
"bcc02009",40,56,57,0.30404557617335,0.356688513647135,0.0805707880259108,0.356860261650812
"bcc02009",40,57,58,0.14174452771869,0.450200733904387,0.31721569255729,0.309133820274516
"bcc02009",40,58,59,0.342802227079631,0.701248536281291,0.522370315804653,0.30917408212486
"bcc02009",40,59,60,0.368872719020367,0.519137802488331,0.397746094050031,0.434872310933161
"bcc02009",40,60,61,0.448595315140791,0.560825027482277,0.322630706731547,0.425898705902996
"bcc02009",40,61,62,0.340057421031393,0.475451959841378,0.306693611978236,0.251996377769454
"bcc02009",40,62,63,0.195244992876006,0.406618535536173,0.188393819037572,0.352174974525252
"bcc02009",40,63,64,0.12420865747787,0.543956049919014,0.13411576081217,0.512666168385138
"bcc02009",79,92,93,0.386783196743702,0.627429313271477,0.279272955099098,0.604235873623476
"bcc02009",79,93,94,0.223233934250754,0.68974256607662,0.453058313676123,0.282728654581119
"bcc02009",79,94,95,0.381422176303799,0.547425641886338,0.41905626108208,0.322027026162616
"bcc02009",79,95,96,0.506810003901897,0.399743421987055,0.397310120781598,0.312778288382077
"bcc02009",79,96,97,0.592157369584752,0.396309027575023,0.519014566965434,0.374201623471736
"bcc02009",79,97,98,0.582826175612846,0.68923795898679,0.644282724115366,0.483862819099623
"bcc02009",79,98,99,0.247733749239372,0.571324156814362,0.398242163147353,0.411464260744461
"bcc02009",79,99,100,0.342354914046618,0.48356627471261,0.353795779726364,0.577561402658138
"bcc02009",79,100,101,0.450285563456588,0.676991074283771,0.419199655003452,0.241342712399427
"bcc02009",79,101,102,0.391818179599503,0.580260201312037,0.271427607796774,0.457717309423043
"bcc02009",1,3,4,0.274055910621248,0.503338296928099,0.181231584754245,0.473554476948937
"bcc02009",1,4,5,0.282799255700945,0.722133842597089,0.271718356173291,0.336558225457759
"bcc02009",1,5,6,0.254262008746534,0.782658867944085,0.0558566692857309,0.390927995848629
"bcc02009",1,6,7,0.0905041582542234,0.480614050748655,0.320204452201686,0.514159511811321
"bcc02009",1,7,8,0.541525591777821,0.590313249935171,0.486551752756728,0.540451020824039
"bcc02009",1,8,9,0.624541006528091,0.715958586609629,0.594691382603219,0.443558859557186
"bcc02009",1,9,10,0.590312134793704,0.632043740943208,0.605993492833063,0.445844397035384
"bcc02009",1,10,11,0.22304123826242,0.395295758091455,0.538367016258179,0.216408386387255
"bcc02009",1,11,12,0.297599040325473,0.545242255941572,0.188376061406549,0.165767580260577
"bcc02009",1,12,13,0.28006863480476,0.269152658601435,0.301477236221835,0.124084582119501
"bcc02009",17,17,18,0.31186796378707,0.537771653049304,0.380913620597663,0.354660034560608
"bcc02009",17,18,19,0.425959919266282,0.467603674714839,0.55650371666263,0.361421564064587
"bcc02009",17,19,20,0.635649348936753,0.605360176731653,0.612784663821216,0.549284892085765
"bcc02009",17,20,21,0.6048090136925,0.699503312430387,0.474833906669631,0.538243802463392
"bcc02009",17,21,22,0.461239430278894,0.581039954700575,0.420463062996694,0.530188941341833
"bcc02009",17,22,23,0.36295715054486,0.637152643371647,0.396675870974667,0.382898600522484
"bcc02009",17,23,24,0.388415965634531,0.691951083987486,0.448504299591837,0.548250982652551
"bcc02009",17,24,25,0.486812261546745,0.751099301691402,0.427711204579442,0.586249764823611
"bcc02009",17,25,26,0.432850581266889,0.700464565400724,0.486958492311483,0.511013903828994
"bcc02009",17,26,27,0.556772824888307,0.731661927899511,0.556454758054529,0.510145798312596
"bcc02009",29,29,30,0.625575973181847,0.743687656511967,0.619538474525959,0.637376315190321
"bcc02009",29,30,31,0.581279615218242,0.611266788185435,0.607143015724924,0.456300033900291
"bcc02009",29,31,32,0.458163952567063,0.619021827483991,0.52890717725392,0.405889044982374
"bcc02009",29,32,33,0.497603517563225,0.503224696917542,0.364589954799054,0.36893556346786
"bcc02009",29,33,34,0.240413731771596,0.683287473791499,0.270190960312808,0.226547049097364
"bcc02009",29,34,35,0.0512448274161486,0.652281007648007,0.138315894040698,0.475353366311131
"bcc02009",29,35,36,0.288461779708418,0.636844323786106,0.224092532484795,0.457214859725373
"bcc02009",29,36,37,0.18181246597737,0.578225283572057,0.27673276902007,0.416286405274741
"bcc02009",29,37,38,0.267121003091955,0.542417074447477,0.340661411633945,0.491261053513879
"bcc02009",29,38,39,0.46670736126074,0.684879032760435,0.58222936707096,0.430899016200953
"bcc03050",11,37,38,0.638572312906818,0.469305653689191,0.514809007207632,0.313769671914766
"bcc03050",11,38,39,0.654060785383617,0.571257340754072,0.592482495489592,0.412616020799372
"bcc03050",11,39,40,0.61835097571093,0.665072890922896,0.597851446986932,0.471634325521512
"bcc03050",11,40,41,0.569368568818125,0.648016446016268,0.660227881693551,0.477327705446707
"bcc03050",11,41,42,0.609183767514162,0.744548297005195,0.666193954875755,0.418649356137344
"bcc03050",11,42,43,0.696363763932088,0.530686055052092,0.670815281467178,0.539248416063397
"bcc03050",11,43,44,0.764064309563166,0.643196529073203,0.731069082762923,0.545031072165958
"bcc03050",11,44,45,0.711559632148422,0.639220110414661,0.762039515872657,0.59173154018929
"bcc03050",11,45,46,0.640291310546179,0.68609674992779,0.70838460201191,0.439274925387003
"bcc03050",11,46,47,0.483173405077618,0.710564444628762,0.590462392301089,0.304135025235046
"bcc03050",142,168,169,0.306173603074979,0.235456630318435,0.274864199528657,0.180206661575386
"bcc03050",142,169,170,0.272034452383375,0.316239585969138,0.265815212176054,0.12231343911996
"bcc03050",142,170,171,0.367602342738163,0.294994648696094,0.314346161505975,-0.0280302385342347
"bcc03050",142,171,172,0.358981728202093,0.531279183085047,0.488146123817412,0.0924211096709767
"bcc03050",142,172,173,0.349367135051231,0.354221810889425,0.372312681383061,0.152637127525242
"bcc03050",142,173,174,0.203046390147303,0.371221587162276,0.266522222894038,0.0914931922931118
"bcc03050",142,174,175,0.333788937212698,0.394070652849398,0.12007043053709,-0.0366129086176644
"bcc03050",142,175,176,0.298215065350809,0.204944200137033,0.311077373015312,0.179657395910508
"bcc03050",142,176,177,0.290455671695421,0.542766385719877,0.34075579223466,0.0555563159006775
"bcc03050",142,177,178,0.249916089445567,0.513368346177644,0.264966519364388,0.101987815759036
"bcc03050",89,110,111,0.475181062037541,0.429935639531987,0.465996536912937,0.310539574984029
"bcc03050",89,111,112,0.446873795961926,0.504543129351026,0.435134617522375,0.282585850167329
"bcc03050",89,112,113,0.486934520681528,0.473917420945683,0.490442514573423,0.241783204662672
"bcc03050",89,113,114,0.476691508254445,0.557384461335952,0.56275599149214,0.240711021329683
"bcc03050",89,114,115,0.405708618051813,0.417376341366586,0.477806100247568,0.311104140579703
"bcc03050",89,115,116,0.488996111524896,0.365280906946996,0.366856559562246,0.279335460385742
"bcc03050",89,116,117,0.49607401120532,0.464882657057055,0.521947783344347,0.267896713340178
"bcc03050",89,117,118,0.503716695813866,0.483887217778638,0.49077039919213,0.205516055552217
"bcc03050",89,118,119,0.414063111297456,0.500454050700484,0.344332171944708,0.186695707883515
"bcc03050",89,119,120,0.243211040816524,0.429497273826768,0.335416627034651,0.0775275956688412
"bcc03050",206,223,224,0.529304800883278,0.612121436656592,0.506741868218454,0.271345559849321
"bcc03050",206,224,225,0.571604654618715,0.616146882585289,0.601115920890015,0.252139978255177
"bcc03050",206,225,226,0.504276207624229,0.494883054665849,0.487266361827049,0.40921923248679
"bcc03050",206,226,227,0.463625726177605,0.640312998276276,0.474404598556598,0.311299147180494
"bcc03050",206,227,228,0.5250261992732,0.66954596717872,0.408676057561877,0.195728168570202
"bcc03050",206,228,229,0.355640637533858,0.525394661393011,0.444674699420219,0.320877034567272
"bcc03050",206,229,230,0.444121382106177,0.451556354847738,0.481405125861383,0.34411381770172
"bcc03050",206,230,231,0.574984382551444,0.696640632759012,0.375009630243704,0.170228554037702
"bcc03050",206,231,232,0.408652201691528,0.546622687349122,0.502499315892628,0.352526583794568
"bcc03050",206,232,233,0.506899161162749,0.662060617278058,0.50974668302985,0.159456675195956
"bcc03050",252,254,255,0.516853667193506,0.4440772829866,0.467687165140405,0.35847386711339
"bcc03050",252,255,256,0.458113580221804,0.459434813966173,0.530678177123135,0.353855099613749
"bcc03050",252,256,257,0.517349548198699,0.471474822746314,0.283198669827546,0.185109730225061
"bcc03050",252,257,258,0.313053354557996,0.311763544092163,0.438782400633481,0.251480365541719
"bcc03050",252,258,259,0.431965574763907,0.441410388812985,0.631747182455278,0.245956723531185
"bcc03050",252,259,260,0.583739306364792,0.539765742854778,0.563598177269694,0.41381222629176
"bcc03050",252,260,261,0.609768157572142,0.67412984440859,0.375476748300622,0.169496388148263
"bcc03050",252,261,262,0.427462030651627,0.302703529499199,0.440171086639,0.173754323719946
"bcc03050",252,262,263,0.414483230209366,0.411663544226663,0.512570642517008,0.263583318826497
"bcc03050",252,263,264,0.531519308768063,0.458717050344972,0.390643017609648,0.200235029942194
"bcc03050",75,76,77,0.593029977747361,0.485539967075195,0.0410296114881521,0.24516238915477
"bcc03050",75,77,78,0.41596244967351,0.409699441835352,0.363695454621289,0.454096330381044
"bcc03050",75,78,79,0.467364661657599,0.151725395180855,0.29756528895191,0.277257289531127
"bcc03050",75,79,80,0.272618012521915,0.492805389712086,0.498606149590713,0.109392829190387
"bcc03050",75,80,81,0.437105912462384,0.421701596017902,0.457664940739016,0.304861126418034
"bcc03050",75,81,82,0.402093340909034,0.401898245018147,0.412995652639849,0.30325147685618
"bcc03050",75,82,83,0.394918199278758,0.51604145945169,0.363509890700105,0.250216796625163
"bcc03050",75,83,84,0.32435813638517,0.46097497093995,0.319194998321588,0.371427108306122
"bcc03050",75,84,85,0.411975453366682,0.412326646084085,0.370194860355363,0.40329426663403
"bcc03050",75,85,86,0.397455432206058,0.465647409692173,0.475817978448241,0.20722602126108
"bcc04036",105,132,133,0.380280178624957,0.652203441525544,0.239079067004176,0.0895882189996587
"bcc04036",105,133,134,0.15187495520434,0.129814413252991,0.245916184430376,0.383020840533353
"bcc04036",105,134,135,0.1159850810556,0.489823142243236,0.398172916644648,0.106323870790278
"bcc04036",105,135,136,0.0412691736097189,0.485794926530815,0.278789030426258,0.327730027867627
"bcc04036",105,136,137,0.363902930563589,0.604786208161548,0.0688415733990234,0.405545719475784
"bcc04036",105,137,138,0.421489316017545,0.478463430042191,0.33490361594529,0.339341099597213
"bcc04036",105,138,139,0.10984749163248,0.425272184703287,0.407293555614686,0.25222505202739
"bcc04036",105,139,140,-0.116045911745568,0.547634962809056,0.298568782364674,0.157465256135219
"bcc04036",105,140,141,0.0591894491551493,0.709167878809692,0.25299212586526,0.473080885795973
"bcc04036",105,141,142,0.293872974926794,0.611066085526082,0.336165834486491,0.594817971417636
"bcc04036",52,73,74,0.0347421707875675,0.29690852307242,-0.397455169958662,-0.0768103027848449
"bcc04036",52,74,75,-0.0217901944023916,0.196010529706815,0.00839112679138252,-0.206408277154445
"bcc04036",52,75,76,0.166031816952824,0.161263278590714,0.100845444923235,-0.239220828655807
"bcc04036",52,76,77,0.661329583827916,0.639360262882111,0.371183079439884,0.14383638093035
"bcc04036",52,77,78,0.773209845111891,0.762375321326181,0.494235203092666,0.302208003008793
"bcc04036",52,78,79,0.590455039705879,0.707648436465208,0.418231399514769,0.511126208513494
"bcc04036",52,79,80,0.0163896531902993,0.617448616594384,-0.0339289617841601,0.251987552209276
"bcc04036",52,80,81,-0.139691055748195,0.535566330496566,0.0453975989397752,0.296876194434024
"bcc04036",52,81,82,0.0129952637691545,0.366468481914013,0.161471224526426,-0.00185765649544398
"bcc04036",52,82,83,0.127218228063931,0.424957308528651,0.240115348444118,0.160148734825857
"bcc04036",1,21,22,0.750760065561947,0.681549871607104,0.605149557496759,0.365091634380066
"bcc04036",1,22,23,0.586111280015194,0.421811885316021,0.34608955802117,0.360089234838151
"bcc04036",1,23,24,0.362105262358885,0.265691845906805,0.433311212341767,0.371964449086448
"bcc04036",1,24,25,0.511152294991147,0.187716870899926,0.478918637450746,0.315434709249944
"bcc04036",1,25,26,0.489825552065151,0.443266184785428,0.371844040242901,0.370769003884886
"bcc04036",1,26,27,0.344963263241508,0.377739367954496,0.334804963912131,0.368238739596295
"bcc04036",1,27,28,0.208160878644905,0.327422156589134,0.278859805414702,0.289893483857771
"bcc04036",1,28,29,0.282089204356923,0.336549089972088,0.321651376573969,0.376361349342422
"bcc04036",1,29,30,0.345132273429053,0.363309614517633,0.0662191209212318,0.113661349200113
"bcc04036",1,30,31,0.00569093333570916,-0.0241573878941133,0.365819809925111,0.0445238224713735
"bcc04036",171,184,185,-0.0119887603980555,0.624988803946439,0.0269239697392009,0.270856823143772
"bcc04036",171,185,186,-0.0676468530614243,0.460963623223404,0.205049570610871,0.268658096648724
"bcc04036",171,186,187,0.265145434124614,0.569667652210457,0.444138671275566,0.184784824523468
"bcc04036",171,187,188,0.505331191577288,0.532053398014017,0.121049996266064,0.218078346958793
"bcc04036",171,188,189,0.211258093411542,0.330395713158598,0.000788757789018411,0.152899419931424
"bcc04036",171,189,190,0.205841811385666,0.168714062628139,0.0929333740512101,0.0478909485180043
"bcc04036",171,190,191,0.0643572768161328,0.246167137874402,0.013141890416728,-0.10422392309051
"bcc04036",171,191,192,-0.253715339631933,0.429886201728519,-0.0358790647393864,-0.0674327987882814
"bcc04036",171,192,193,-0.202528026645636,0.589294652619024,-0.18210916825463,0.29406964817158
"bcc04036",171,193,194,-0.193190187111532,0.333573737818541,-0.164355547143782,0.263075154006744
"bcc05143",94,103,104,0.389835638317513,0.854273873786393,0.491433327836652,0.442472165112036
"bcc05143",94,104,105,0.385562585430137,0.693809585656277,0.486964617954397,0.65837788026296
"bcc05143",94,105,106,0.299534286851205,0.764065246345801,0.369847399069188,0.518113016844264
"bcc05143",94,106,107,0.250265926988927,0.591135391706795,0.144272428422347,0.235381270144841
"bcc05143",94,107,108,0.162077289745923,0.706284263606287,0.282555935434187,0.244223938336375
"bcc05143",94,108,109,0.0067431001531547,0.512140574223801,0.212437202683181,0.399778047299794
"bcc05143",94,109,110,0.047835921297534,0.271109005761115,0.231735278264708,0.332298977968456
"bcc05143",94,110,111,0.234398388575912,0.528330811338244,0.235670756391821,0.225291758815827
"bcc05143",94,111,112,0.34050912726384,0.586756132849522,0.365682961963926,0.52019093325892
"bcc05143",94,112,113,0.409846835293622,0.722704320213424,0.330594761930454,0.588949869825874
"bcc05143",123,132,133,0.3245326590578,0.53618902853576,0.30767776605618,0.460683810422906
"bcc05143",123,133,134,0.294032262654373,0.374659012502049,0.255141562124809,0.233558207905209
"bcc05143",123,134,135,0.251650048414105,0.244412886722973,0.20319387952163,0.271327574438748
"bcc05143",123,135,136,0.320954346702827,0.518137341932803,0.227703181677256,0.292054763316966
"bcc05143",123,136,137,0.30041520794657,0.741979790486696,0.18745469085038,0.178340866250983
"bcc05143",123,137,138,0.315494987344743,0.441017847631992,0.00370998146268084,0.270741052458443
"bcc05143",123,138,139,0.590078584409991,0.51893522302677,0.349382122568512,0.176872981773708
"bcc05143",123,139,140,0.183342752003722,0.6490039108544,0.0476255265313905,-0.0783007692922725
"bcc05143",123,140,141,0.0805754925428012,0.587448142739721,0.0392175123712598,-0.0458165947991677
"bcc05143",123,141,142,0.222685138756603,0.660743352963854,0.481932343788804,0.20135379440738
"bcc05143",41,49,50,0.221443420544387,0.0840547268303528,0.191824451819285,0.157163193180842
"bcc05143",41,50,51,0.159931441877887,0.325976748190536,0.100232579849698,0.236299028093849
"bcc05143",41,51,52,0.560086204202087,0.704399702797006,-0.215048239189964,0.465633253760052
"bcc05143",41,52,53,0.719481397876259,0.9147056369332,0.0869409844879053,0.275357724991507
"bcc05143",41,53,54,0.559135432836173,0.788612655262275,0.146085111610837,0.46346886304009
"bcc05143",41,54,55,0.0736389599472554,0.4925318334592,0.248795566347721,0.516466080894638
"bcc05143",41,55,56,0.213115928360344,0.360802740043838,0.20861776797586,0.184932908283607
"bcc05143",41,56,57,0.194743314739382,0.336366867267797,0.200664276936897,0.211623133961448
"bcc05143",41,57,58,-0.0300044178782204,0.606909143594461,0.0887997753883746,0.337137630384405
"bcc05143",41,58,59,-0.192379291960611,0.604981971286113,-0.0397377465624751,0.0487586314201573
"bcc05143",68,75,76,0.226858715280963,0.651620720994797,0.318683094368723,-0.134557158040054
"bcc05143",68,76,77,-0.462288370996054,0.314724276595877,0.463707141407433,-0.411328895260651
"bcc05143",68,77,78,-0.265339223270355,0.549673264298121,0.374475295513901,-0.0677476339983246
"bcc05143",68,78,79,0.348582805788185,0.456986014982755,0.389724541894932,0.258548953320706
"bcc05143",68,79,80,0.282453659504644,0.350143860046778,0.18716967962066,0.140837575995231
"bcc05143",68,80,81,-0.0882284851606602,0.375212544145779,0.0299003826836116,0.271116937937181
"bcc05143",68,81,82,-0.0249417893855991,0.583763364918022,0.0251676842309067,0.11304430096592
"bcc05143",68,82,83,-0.0978433798558177,0.375563046635513,0.189062462124944,-0.331539792789903
"bcc05143",68,83,84,0.0693609080719798,0.2122767080885,0.236107141062351,-0.0962329828668035
"bcc05143",68,84,85,-0.0448878474143385,0.288178150099889,0.145293152356371,-0.0621142902939536
"bcc05143",16,23,24,-0.163953544251452,0.419833405812115,-0.289356580953558,0.114691241574669
"bcc05143",16,24,25,0.0991337572884144,0.363574593183028,0.229460912395328,-0.230752428128418
"bcc05143",16,25,26,-0.113872021708593,0.250550252363344,0.134480260663201,-0.0441563583984515
"bcc05143",16,26,27,-0.0508880309178537,0.28184294779276,0.00763485081442994,0.176693353457525
"bcc05143",16,27,28,-0.177594016284213,0.32570088212349,-0.117871323861797,0.294480400900833
"bcc05143",16,28,29,-0.0230486500020439,0.275906335067815,-0.158957873196274,0.287038634218061
"bcc05143",16,29,30,0.118077189825704,0.324302431257082,-0.207384670031861,0.0815533336866162
"bcc05143",16,30,31,0.10494876391609,0.636302727694078,-0.0739342713422087,0.23862520086807
"bcc05143",16,31,32,0.178334979236593,0.562119863448941,0.0264970680073612,0.5012452051345
"bcc05143",16,32,33,0.160332497621156,0.623257349023401,0.0912207093430498,0.355438876702095
"bcc05143",157,164,165,0.168557583162229,0.342747148998712,0.248188825586229,0.385360301898355
"bcc05143",157,165,166,0.158842769848333,0.438282200706961,0.2515687619092,0.295634391937705
"bcc05143",157,166,167,0.22055699834931,0.218804019437745,0.201526955319969,0.38487504918006
"bcc05143",157,167,168,0.224112022494878,0.401823722476722,0.169601286452808,-0.199759876680278
"bcc05143",157,168,169,0.292472101179356,-0.396693083585598,0.202305060239737,-0.330092296205667
"bcc05143",157,169,170,0.191681156519597,-0.262737780556555,0.257720661313188,-0.111013261556383
"bcc05143",157,170,171,0.148017737964629,0.370618718581098,0.262545511427744,0.267322689299602
"bcc05143",157,171,172,0.186922568038143,0.434589517518513,0.151293991852162,0.458939705988515
"bcc05143",157,172,173,0.270937007385379,0.4479728243389,0.067523007414689,0.253703015314255
"bcc05143",157,173,174,0.252125292584611,0.429309617924241,-0.231847749957488,-0.159867881736528
"bcc06099",107,153,154,0.386523614570941,0.522504053978822,0.371631319050665,0.167712588078533
"bcc06099",107,154,155,0.323159462069703,0.268277140759867,0.237400059010105,0.354975593725656
"bcc06099",107,155,156,0.231772560700397,0.549889912187132,0.301978882216698,0.282768158335652
"bcc06099",107,156,157,0.223311841241721,0.690825405634507,0.178234472458933,0.255206277885457
"bcc06099",107,157,158,0.148470513880565,0.495740275793992,0.0697227469197585,0.308583044963903
"bcc06099",107,158,159,0.170515652416127,0.498218245440278,0.214522267208052,0.0806847057070926
"bcc06099",107,159,160,0.263565304376278,0.382348144974054,0.289243998516031,0.274344829198048
"bcc06099",107,160,161,0.208420514485642,0.289734038483925,0.274454357070698,0.182506181398946
"bcc06099",107,161,162,0.209457507038042,0.375531599327116,0.360189037977933,0.201118358505202
"bcc06099",107,162,163,0.341623023776439,0.519753237969026,0.3945051056621,0.138270435896054
"bcc06099",55,75,76,-0.0534233420976364,0.243972905364774,0.0211334198328415,0.159549759209123
"bcc06099",55,76,77,0.170706451450784,0.551200015574494,0.111746759888387,0.109490359573047
"bcc06099",55,77,78,0.129730369810693,0.291568784999555,0.0620220924437308,-0.108833180629804
"bcc06099",55,78,79,0.150316511515818,0.354256386309493,0.0599061867542922,0.0805844681510058
"bcc06099",55,79,80,0.091362956176555,0.308320737692551,0.132447323482139,0.193025037428725
"bcc06099",55,80,81,0.213958014984017,0.158091021258559,0.291702744936806,0.0591797717429243
"bcc06099",55,81,82,0.155410745287431,0.315436856309814,0.268961744050584,-0.172688728776932
"bcc06099",55,82,83,0.141959215004155,0.52220019125734,0.0889665688279442,0.178836830170449
"bcc06099",55,83,84,0.145544391828939,0.418647539250346,0.11445294336837,0.241456329145701
"bcc06099",55,84,85,0.102676411877295,0.339544470413461,0.151645669645396,0.272056993922615
"bcc06099",25,34,35,0.148618133201814,0.479144168441365,0.172782027035952,0.231994041299188
"bcc06099",25,35,36,0.157637125404616,0.45369529606193,0.118348411955505,0.339795062714278
"bcc06099",25,36,37,0.28026364438217,0.650311610253009,0.222183852464644,0.367931792854582
"bcc06099",25,37,38,0.0210199703800148,0.598927759191565,0.316948978450348,0.181596226578623
"bcc06099",25,38,39,0.247323863212623,0.518307304059956,0.174081755505998,0.42736922590995
"bcc06099",25,39,40,0.295616236431877,0.421712945199101,0.246188207215453,0.328201244156288
"bcc06099",25,40,41,0.401681085794483,0.511200832918026,0.358730092252458,0.342424963971229
"bcc06099",25,41,42,0.259249973849648,0.487078819721314,0.378729929355029,0.332680298110052
"bcc06099",25,42,43,0.286899524155331,0.376215170727512,0.310012093120426,0.119073931165763
"bcc06099",25,43,44,0.181948290226749,0.134812119326499,0.232983565926477,-0.0729092251358862
"bcc06099",1,3,4,0.186505633057572,0.55529136099778,0.189114941861479,0.277945405742629
"bcc06099",1,4,5,0.198302052463374,0.568183966998569,0.208066025176518,0.39814159326999
"bcc06099",1,5,6,0.361752665959829,0.714383000069492,0.248282943905161,0.465307242577407
"bcc06099",1,6,7,0.366528361643941,0.712507431505623,0.115290162973865,0.479832854475623
"bcc06099",1,7,8,0.237386749790711,0.74629014212821,0.0905174809629053,0.367967587161167
"bcc06099",1,8,9,0.160035700437334,0.524570690407485,0.0768679400315791,0.427817379710755
"bcc06099",1,9,10,0.21906000486659,0.518557226575143,0.277412946703465,0.431019104365686
"bcc06099",1,10,11,0.355671199994596,0.468009137023277,0.3130441531087,0.342766127662311
"bcc06099",1,11,12,0.281059983500312,0.349447781248405,0.282475862851659,0.406536148790149
"bcc06099",1,12,13,0.138817808668887,0.419865536432036,-0.0476946231736829,0.37438332891334
"bcc06099",17,17,18,0.337797865754311,0.486548149004478,0.302740821582291,0.55295754562614
"bcc06099",17,18,19,-0.117676860325046,0.587430173680471,0.18822763028606,0.480638402386788
"bcc06099",17,19,20,0.125881170227456,0.58292281278079,0.025859584057823,0.45016928437446
"bcc06099",17,20,21,0.0921591590076822,0.709436366025142,0.0301212978569929,0.549937496896796
"bcc06099",17,21,22,0.188559209507982,0.733613832248837,-0.0376114602622527,0.303121294924834
"bcc06099",17,22,23,0.632123098035515,0.770130043320238,0.220182140125277,0.249426122186182
"bcc06099",17,23,24,0.730536942439562,0.734011115472964,0.503399311818049,0.651858159849643
"bcc06161",27,52,53,0.301496707792458,0.215781337456778,0.203782820411383,0.134759623633032
"bcc06161",27,53,54,0.477663920253562,0.495832257888242,0.293459717702609,0.050202937532774
"bcc06161",27,54,55,0.154203216961548,0.30374116262098,0.178759765686131,0.111104358437915
"bcc06161",27,55,56,0.0298532273795438,0.482490469981083,-0.0649509597349672,0.191036565475911
"bcc06161",27,56,57,0.107150444877717,0.478431773729875,-0.0948074730982937,-0.0194788691057548
"bcc06161",27,57,58,0.0556588151986666,0.271953596567292,0.0678048191461817,0.36572022054271
"bcc06161",27,58,59,0.00996358854573885,0.20069084058497,-0.0839869125601113,0.324155518947478
"bcc06161",27,59,60,0.10569892297192,0.333026175770158,0.246015075882777,0.0588308848842968
"bcc06161",27,60,61,0.257458939766442,0.198880922315332,0.161458277907271,-0.0368156209973703
"bcc06161",27,61,62,0.22615141837184,0.403298078793095,0.0204428377063412,-0.282313539608325
"bcc06161",1,8,9,0.341459028852839,0.685408795255406,0.350119276915359,0.282685476968408
"bcc06161",1,9,10,0.40106758220502,0.54990784214541,0.324577359973579,0.100435188845001
"bcc06161",1,10,11,0.253297281590442,0.417774606657102,0.314396667830278,0.151259679161657
"bcc06161",1,11,12,0.286877029589604,0.347664596159617,0.265502229371164,0.18559659284879
"bcc06161",1,12,13,0.337845808946456,0.630510134125534,0.306955448928185,0.177578703829639
"bcc06161",1,13,14,0.246921194256048,0.637929955411675,0.264138233795175,0.178480047545831
"bcc06161",1,14,15,0.252001627214301,0.558081745133821,0.304326424904995,0.297585356524411
"bcc06161",1,15,16,0.291160847841371,0.657612231031444,0.168958084889245,0.234854208244227
"bcc06161",1,16,17,0.202703064334187,0.592230850502989,0.111532957452601,0.250827305318918
"bcc06161",1,17,18,0.0383664297598322,0.572413926680605,0.110629006086256,0.446256743354548
"bcc06161",89,93,94,0.160633744026274,0.692063977693906,0.23567639437558,0.413287407888232
"bcc06161",89,94,95,0.0242830477285543,0.592701484762844,0.286166293353006,0.538532516646208
"bcc06161",89,95,96,0.24386701063461,0.613800617305481,0.268197361352368,0.232744207311667
"bcc06161",89,96,97,0.164229938724879,0.444767817458523,0.205957782283791,0.121312457531706
"bcc06161",89,97,98,0.043095329803989,0.575330025152185,0.145650457367917,0.398574731658649
"bcc06161",89,98,99,0.179917201429168,0.553346050405353,0.309743714650627,0.451493716942284
"bcc06161",89,99,100,0.454723106863001,0.594348267136451,0.429194675153358,0.612506081123898
"bcc06161",89,100,101,0.563893163528126,0.650217897674235,0.330224197575335,0.331728511246413
"bcc06161",89,101,102,0.504623485469797,0.452019006405524,0.131826161050875,-0.0333942544107685
"bcc06161",89,102,103,0.353294040136906,0.297609582245518,0.263584319551982,-0.15902685563015
"bcc06161",108,111,112,0.216283848843647,0.619260632458769,0.171778395109937,0.223458028326846
"bcc06161",108,112,113,0.222740905131238,0.417930517497969,0.0226067159290501,0.352214090104577
"bcc06161",108,113,114,0.298142069547541,0.542818921852443,0.0954519701370779,-0.0832941106851796
"bcc06161",108,114,115,0.338525834569009,0.51068083758763,0.108079920529123,-0.0868706136484492
"bcc06161",108,115,116,0.231547465884561,0.465553331901887,0.21262103463645,0.0685835952241067
"bcc06161",108,116,117,0.391313495429754,0.3912370005912,0.245412141304229,0.0754479039825269
"bcc06161",108,117,118,0.445782701084449,0.54745713072676,0.26759481920182,0.18370672947385
"bcc06161",108,118,119,0.238843148128883,0.477952974700693,-0.00774625835658217,0.122879744753961
"bcc06161",108,119,120,-0.00161862845971058,0.53203912657566,0.0931246263280601,-0.0738797466458852
"bcc06161",108,120,121,0.271430352947167,0.309030565512952,0.142206785656308,-0.221834115972396
"bcc06161",126,129,130,0.12761591501909,0.186301577398058,0.266431714500347,-0.0768482466186473
"bcc06161",126,130,131,0.300370901413382,0.56143778208644,0.213668357856497,-0.0166223505806488
"bcc06161",126,131,132,0.319295615896756,0.586149070316148,0.316763146561879,0.174367023351215
"bcc06161",126,132,133,0.275521050271926,0.365301782007541,0.251333251506443,0.390984579356745
"bcc06161",126,133,134,0.247663107952995,0.519989994863238,0.32054106698156,0.296655634116173
"bcc06161",126,134,135,-0.101077370305262,0.502623815516076,0.147585896742152,0.342410309638818
"bcc06161",126,135,136,0.223737109128406,0.74251132275116,0.0462482937486311,0.252925963284118
"bcc06161",126,136,137,0.213676539232882,0.621107059656084,0.143047245330017,0.300272718688742
"bcc06161",126,137,138,0.214098052245597,0.414358057482971,0.253860042599335,0.0537197658980842
"bcc06161",126,138,139,-0.123049206463803,0.40497228561998,0.1175823635774,0.185483733199418
"bcc06161",144,147,148,0.241448870648435,0.464387034753503,0.224505028795907,0.102852185785957
"bcc06161",144,148,149,0.272025868037138,0.499848334530258,0.140488201775954,-0.0223811735855168
"bcc06161",144,149,150,0.147377826919734,0.132280434253076,0.301919489344993,0.0793055025410265
"bcc06161",144,150,151,0.315986477093237,0.301955609067589,0.232125497907715,-0.0362027282876103
"bcc06161",144,151,152,0.132251062432248,0.38989721245716,0.32916010972688,-0.141172112653269
"bcc06161",144,152,153,0.332261026720107,0.534251596840094,0.0633001842578995,0.0549734935162633
"bcc06161",144,153,154,0.13131004865172,0.425490983661479,-0.0237316349155974,0.396486975489274
"bcc06161",144,154,155,0.117846134149246,0.315125455433443,0.260487979186282,0.248526043610722
"bcc06161",144,155,156,0.261492692345105,0.349077618389346,0.266700944633465,0.0491652244307143
"bcc06161",144,156,157,0.292732562996105,0.457273752818305,0.412106424741358,-0.0788364780117962
"bcc06176",35,47,48,0.371434916038628,0.569545621999698,0.288717060727544,0.187656383369722
"bcc06176",35,48,49,0.068719324107904,0.474788678479041,0.211937130189839,0.260694745796217
"bcc06176",35,49,50,0.0765952797774904,0.458740237005836,0.115412050733467,0.30478634392211
"bcc06176",35,50,51,0.157595555774665,0.566255706553256,0.198674338512965,0.0533709139767902
"bcc06176",35,51,52,0.432418835318517,0.541433170582946,0.335171315179348,0.224471478720288
"bcc06176",35,52,53,0.166661042459982,0.372256819814425,0.182709523783183,0.48943696190144
"bcc06176",35,53,54,0.198429094292933,0.714804827437794,0.319123905577766,0.0904791518595348
"bcc06176",35,54,55,0.399103374496386,0.527118313252377,0.522212079884258,0.372456818545058
"bcc06176",35,55,56,0.346529409124247,0.446445476844664,0.299755262209549,0.48429791816178
"bcc06176",35,56,57,0.390459149561193,0.5508409287799,0.162596364249883,0.198056985462974
"bcc06176",174,186,187,0.377345608555039,0.452727221372795,0.390232883209179,0.195973292027417
"bcc06176",174,187,188,0.436339929424115,0.270718434439269,0.38120755539389,0.308698944415769
"bcc06176",174,188,189,0.316601627366239,0.415491239689212,0.150522186638318,0.135289372594436
"bcc06176",174,189,190,0.161495964755093,0.392576652168094,0.143338447092689,0.274212459808776
"bcc06176",174,190,191,-0.0524292954892507,0.734188217168073,0.0719884684711494,-0.0496817545627814
"bcc06176",174,191,192,-0.011246985424212,0.563971110042376,0.0334159438048198,0.222593852726235
"bcc06176",174,192,193,0.0337638662711864,0.602199630878976,0.137539822298575,0.237990282110458
"bcc06176",174,193,194,0.244480546839565,0.451076518652447,0.195124327280463,0.0771813747250619
"bcc06176",174,194,195,0.400721039088435,0.418967326934614,0.319322737234534,0.204438842053299
"bcc06176",174,195,196,0.329114523307955,0.375934193826535,0.250853700051323,0.421793958990367
"bcc06176",139,151,152,0.16610224922086,0.454450195720966,0.267313446212863,0.223581676213323
"bcc06176",139,152,153,0.337840334400673,0.412859294299589,0.26510028345157,0.209869297601095
"bcc06176",139,153,154,0.294915622691142,0.463861836652474,0.389743913811202,0.331949508820545
"bcc06176",139,154,155,0.219610991795331,0.570047603988753,0.215131402642505,0.216179059563726
"bcc06176",139,155,156,0.180420772333059,0.500080308430139,0.175512496562369,0.438909578058712
"bcc06176",139,156,157,0.278143962404029,0.513247855499368,0.230069930985107,0.380846238086855
"bcc06176",139,157,158,0.164819388332995,0.519328620176468,0.28905837801073,0.285276926662903
"bcc06176",139,158,159,0.173476393379881,0.400497802585195,0.200243726296159,0.258033831467263
"bcc06176",139,159,160,0.254226828377515,0.408991056139616,0.233018793355826,0.259331619988788
"bcc06176",139,160,161,0.304389323002238,0.378561972341093,0.242943503218725,0.267282778385351
"bcc06176",210,222,223,0.283347194092776,0.301024351069308,0.147064296333844,0.22221367361944
"bcc06176",210,223,224,0.454796029881557,0.479527511339449,0.182950623567576,0.23807439646485
"bcc06176",210,224,225,0.351562565289045,0.406051034030811,0.375073057520149,0.209301058280937
"bcc06176",210,225,226,0.0329638102565008,0.626563161480967,0.278798637713285,0.145002139289369
"bcc06176",210,226,227,0.0207456240013788,0.262991830838451,0.00492233207742719,0.335702510684606
"bcc06176",210,227,228,-0.0126068344527462,0.601575365072835,0.0824908321449462,-0.114193867486355
"bcc06176",210,228,229,0.00352338808593562,0.490469331613154,0.0996342914046968,0.185679313894938
"bcc06176",210,229,230,0.103386213068293,0.472856151913819,0.115298518505734,0.297182892805883
"bcc06176",210,230,231,0.0907976497398046,0.346100528650516,0.260807209038956,0.223993536851853
"bcc06176",210,231,232,0.363162220188152,0.347433816676896,0.236381953241938,0.308394270693718
"bcc06176",1,12,13,-0.0266905945549091,0.618992420722339,0.269672824688535,-0.00632600424310265
"bcc06176",1,13,14,0.123873245150081,0.405018159718474,0.149281594502819,0.19255755389497
"bcc06176",1,14,15,0.375210623866191,0.429500200677632,0.278544975621838,0.294516199652295
"bcc06176",1,15,16,0.406225315669989,0.413649284598035,0.370343623166485,0.26585953248714
"bcc06176",1,16,17,0.384493267280051,0.296762343349696,0.398274115343136,0.330336564718848
"bcc06176",1,17,18,0.295188586897161,0.414007980498885,0.321879073020337,0.053779549131224
"bcc06176",1,18,19,0.261927071176027,0.399876778342434,0.255220258060959,0.060669700414796
"bcc06176",1,19,20,0.26990716043956,0.389030808216209,0.374217453967006,0.146765195721553
"bcc06176",1,20,21,0.2920906826571,0.544827999750108,0.410430043534693,0.210966102592018
"bcc06176",1,21,22,0.436956655871451,0.365918554297094,0.444877606092264,0.404616210738312
"bcc06176",71,82,83,0.0266858922004174,0.518589571499979,0.209121552382304,0.177939624409569
"bcc06176",71,83,84,0.244695197687856,0.335062379962417,0.114597264034733,0.240153483931912
"bcc06176",71,84,85,0.265432934435659,0.45475576429771,0.395368929461902,0.157429027507984
"bcc06176",71,85,86,-0.0518266897572391,0.58412651262963,0.322145460087943,-0.013368518823711
"bcc06176",71,86,87,0.0345852945471386,0.483835377865309,0.085647948378732,0.289492179263885
"bcc06176",71,87,88,0.316127295494633,0.654661640466515,0.0925591888138932,0.239608450508747
"bcc06176",71,88,89,0.115644400560941,0.678086568159065,0.0441992989323094,0.0421914637230957
"bcc06176",71,89,90,-0.0388223674712303,0.656880683566192,0.142122229427754,0.161069830456028
"bcc06176",71,90,91,-0.0302499502040613,0.439805771841034,0.132457815944644,0.241206564444983
"bcc06176",71,91,92,0.23866879993614,0.342744971628663,0.39392312611542,0.242072315328449
"bcc10004",97,115,116,0.118343517861675,0.306113725957504,0.262677535467065,0.14281693282537
"bcc10004",97,116,117,0.268107923683061,0.202388593498362,0.131919829370362,0.0714696342959435
"bcc10004",97,117,118,0.338116846036285,0.280398050273956,0.171293755473991,0.00838931785419176
"bcc10004",97,118,119,0.309215990299831,0.242382191762258,0.200302554331787,0.139477152757058
"bcc10004",97,119,120,0.350829935156649,0.278528472496861,0.229205908872232,0.12492954803488
"bcc10004",97,120,121,0.171691941613557,0.277761304065832,0.342595063532498,0.160468176021849
"bcc10004",97,121,122,0.322488458004831,0.233144313044509,0.242237245114087,0.193478298502124
"bcc10004",97,122,123,0.267110930749089,0.259384613681695,0.226447079935058,0.14595624868856
"bcc10004",97,123,124,0.231300508863407,0.275525191060057,0.248898269645389,0.163720433414306
"bcc10004",97,124,125,0.345314875287177,0.204478431290447,0.23355779597848,0.0324578539972008
"bcc10004",12,28,29,0.149017681016769,0.360584397021641,0.280491632249345,0.0355507296407288
"bcc10004",12,29,30,0.168214349518882,0.356921366126988,0.132217322658221,-0.0324724182218785
"bcc10004",12,30,31,0.106003066353557,0.354608891221172,0.187143041361927,0.101195279223036
"bcc10004",12,31,32,0.0793779056213967,0.375807101786601,0.208835211950673,0.216897496837867
"bcc10004",12,32,33,0.143252022693336,0.381122788471503,0.118369408744594,0.1939119190578
"bcc10004",12,33,34,0.218756437857559,0.362230801998936,0.200940868897828,0.0847575379467736
"bcc10004",12,34,35,0.247286532561087,0.249414326601008,0.253280365133986,0.141125559855982
"bcc10004",12,35,36,0.235223634026372,0.303981034479859,0.184912308143606,0.156725323673483
"bcc10004",12,36,37,0.0387718672629831,0.313915047656688,0.0965605395083406,0.23641677343616
"bcc10004",12,37,38,0.086979987045546,0.349346751225924,0.0311802751248262,0.143323008855444
"bcc10004",145,161,162,0.138827922173848,0.280051186498551,0.150120933550758,0.134723113026264
"bcc10004",145,162,163,0.203754011227315,0.393448179989333,0.208655825532899,0.204793846383125
"bcc10004",145,163,164,0.242259941163718,0.491729500908123,0.190764928015506,0.228120795395817
"bcc10004",145,164,165,0.234852728478069,0.430376980691055,0.112336874258829,0.0846663022115663
"bcc10004",145,165,166,0.0746986396124538,0.304019105978978,0.0961780564318864,0.105249271471598
"bcc10004",145,166,167,0.0641070873645975,0.270046961398795,0.155245505090763,0.204414581249089
"bcc10004",145,167,168,0.161178856846965,0.300641500388017,0.108018096014855,0.19223573635544
"bcc10004",145,168,169,0.139650959130287,0.333035167933503,0.113371782952099,0.231472241546475
"bcc10004",145,169,170,0.0764470062934829,0.387803362610811,0.00524829462027214,0.303391211977412
"bcc10004",145,170,171,0.101745610061258,0.456771923827667,-0.0253511667319616,0.187734728406444
"bcc10004",55,70,71,-0.0730431661656158,0.183542095965169,-0.0798160958873742,-0.103349074144686
"bcc10004",55,71,72,0.0970562865228883,0.232235175880936,-0.10124990613321,-0.0592907076577452
"bcc10004",55,72,73,0.249511533171772,0.279263467399797,0.118721954799591,0.224841594568191
"bcc10004",55,73,74,0.192658754046789,0.274226111643278,0.207529642278965,0.242069761300847
"bcc10004",55,74,75,0.162188185248958,0.331772220219813,0.150952383670886,0.250943540924483
"bcc10004",55,75,76,0.156243058448103,0.269337962416406,0.160346743817448,0.237235779707444
"bcc10004",55,76,77,0.136227562889754,0.297713574121365,0.22933201932028,0.266173548141374
"bcc10004",55,77,78,0.127647920283415,0.417230772409205,0.240745246930685,0.170856816246777
"bcc10004",55,78,79,0.171999396453811,0.463400533947593,0.229700383361976,0.0488540588943585
"bcc10004",55,79,80,0.183221346638959,0.381284880431209,0.249283937687418,0.118272017238152
"bcc10004",1,1,2,0.0879082116818131,0.155737808683259,0.223155136785964,-0.0621855348773339
"bcc10004",1,2,3,0.123924349914629,0.0910830152807952,0.328649228461946,-0.113767198116905
"bcc10004",1,3,4,0.0822355083253109,0.498702237489894,0.0274019077558091,0.0919184029169424
"bcc10004",1,4,5,0.00658649207772893,0.485166024147389,0.140995500066959,0.0959837653093212
"bcc10004",1,5,6,-0.044083022255831,0.560350856430892,0.103339745516758,0.0624025998085939
"bcc10004",1,6,7,0.246527811058643,0.585364699112355,-0.0608454875695819,-0.0101100515823138
"bcc10004",1,7,8,0.222652337188312,0.611263749754078,-0.0575058177126224,0.00863497604208532
"bcc10004",1,8,9,0.0276945511930208,0.586153928076291,-0.0273888485467221,0.0311639362262739
"bcc10004",1,9,10,0.0550943127253623,0.484401893999972,0.108547063744293,0.14814270966108
"bcc10004",1,10,11,0.172096214499369,0.541552706156639,0.109202917294811,0.14078820915712
"bcc10012",128,150,151,0.0779837194245719,0.427061235685426,0.192309088616872,0.154423030218869
"bcc10012",128,151,152,0.0725950053407495,0.438905459108957,0.105079325868822,0.306402535128697
"bcc10012",128,152,153,0.093906657935707,0.550088031720089,0.11368480738916,0.339235518889958
"bcc10012",128,153,154,0.131588911135105,0.450232359296853,0.218827515613159,0.213574928046903
"bcc10012",128,154,155,0.222878052226382,0.427704959291914,0.215415517982958,0.240518984140644
"bcc10012",128,155,156,0.29930080494583,0.387750073414091,0.157689566613378,0.203307764562376
"bcc10012",128,156,157,0.156951755034159,0.428608881975683,0.190195738286104,0.289609686755746
"bcc10012",128,157,158,0.247360235863695,0.443347525054982,0.141363782296914,0.262076385752784
"bcc10012",128,158,159,0.235579686959142,0.356952080548395,0.255487848905919,0.168726981294557
"bcc10012",128,159,160,0.130693880704604,0.51338952806792,0.167795322609948,0.152323908393101
"bcc10012",1,8,9,-0.00162165039014505,0.369161678302769,0.0590855513089029,0.186248630076775
"bcc10012",1,9,10,0.107530774896003,0.485485464424108,0.103630876489655,0.26482899200711
"bcc10012",1,10,11,0.198924981002346,0.442444331812899,0.241411890465333,0.370843190440221
"bcc10012",1,11,12,0.237779582732028,0.453544958147564,0.175899270135583,0.318836969360943
"bcc10012",1,12,13,0.0439658898243449,0.436759848638412,0.152276040919418,0.232853822707156
"bcc10012",1,13,14,0.174195288515596,0.325996525905006,0.160609960448832,0.335397822350634
"bcc10012",1,14,15,0.423447953384216,0.320840684596151,0.167325186763976,-0.0140252868867786
"bcc10012",1,15,16,0.138267280902886,0.486610778087426,-0.0701388484381305,0.107407220805428
"bcc10012",1,16,17,-0.00260637869617027,0.665442230697731,-0.0639384187573852,0.200284994840642
"bcc10012",1,17,18,0.0388321707806847,0.634325569455155,-0.0256465830264482,0.253635799044101
"bcc10013",76,90,91,0.0923991165948015,0.32047252790209,0.147578088910361,-0.0206728653224755
"bcc10013",76,91,92,0.0283822743496099,0.162687771938488,0.0993304835912496,0.207362735283102
"bcc10013",76,92,93,0.101765598774861,0.307626313179462,0.114293934887846,0.0273491293480595
"bcc10013",76,93,94,0.136938091214697,0.0767826078709683,0.168499326988442,0.235126800138304
"bcc10013",76,94,95,0.117829756077639,0.2548803453607,0.0772485463182366,-0.077116587165231
"bcc10013",76,95,96,-0.00313246814953315,0.273842672257512,0.0914212867313212,-0.0572614004063183
"bcc10013",76,96,97,0.196345155773116,0.106787705731273,0.138659770677827,-0.108910789669701
"bcc10013",76,97,98,0.181536842324482,0.139386311954364,0.231866312552557,-0.0264551340384785
"bcc10013",76,98,99,0.283419673942955,0.336408269558086,0.150006483689893,0.13810699296211
"bcc10013",76,99,100,0.165349609561095,0.432037694397162,0.134950203017456,0.117166100448694
"bcc10013",170,184,185,0.115994162042695,0.262480748195283,0.110412472938573,-0.0585796132606701
"bcc10013",170,185,186,0.133036053628036,0.279953417047837,0.174260906201793,-0.040813326883989
"bcc10013",170,186,187,0.238228630002306,0.242395968835414,0.302445561066988,-0.12251660911456
"bcc10013",170,187,188,0.257132603695626,0.0706468749354563,0.207936573230267,-0.0258103705629154
"bcc10013",170,188,189,0.218063316721081,0.0719693140780719,0.213871574114502,0.00664826656512304
"bcc10013",170,189,190,0.302603772800722,0.0253469800528936,0.231161590850156,-0.138973109720265
"bcc10013",170,190,191,0.219517472259695,0.0509641440923862,0.209099561835675,-0.117480058356826
"bcc10013",170,191,192,0.202053607425871,-0.025244361865971,0.247550642325436,-0.103048978341646
"bcc10013",170,192,193,0.276069236415472,0.0465954761678379,0.235300686894505,-0.0658319881316569
"bcc10013",170,193,194,0.229291199004783,-0.00485133068571126,0.227686872203549,-0.152654050832721
"bcc10013",210,224,225,0.181438666475258,-0.030339285003285,0.197324693706519,-0.0482311555935587
"bcc10013",210,225,226,0.363686658069825,0.0698293444005892,0.181969050544857,-0.085818671442949
"bcc10013",210,226,227,0.157856364892918,0.13093467000038,0.338421024841136,-0.184188633188734
"bcc10013",210,227,228,0.252352150524946,0.212709792505904,0.227705495461648,-0.216032357708058
"bcc10013",210,228,229,0.185911143991464,0.0799364847791178,0.241402464740366,-0.156129663529293
"bcc10013",210,229,230,0.278596687650376,0.263142286050296,0.161189917001695,-0.0890640119078473
"bcc10013",210,230,231,0.292933804887927,0.108222085343001,0.0838739415667464,-0.108449957081621
"bcc10013",210,231,232,0.124138723966112,0.20870345980568,0.100782906266475,0.0620184029266245
"bcc10013",210,232,233,0.138059627816899,0.15709052886741,0.133844807717414,0.0935353906679178
"bcc10013",210,233,234,0.185085532161137,0.300110741896816,0.100339434792538,-0.0601231931370335
"bcc10013",37,45,46,0.0554026990777343,0.408295821872293,0.15886790323259,0.0785967836229136
"bcc10013",37,46,47,0.0872088818611761,0.330974482057109,0.18246270286324,0.0973820656422779
"bcc10013",37,47,48,0.0694427428672009,0.217989510705491,0.0959412777908681,0.194453963872304
"bcc10013",37,48,49,0.0701307258283582,0.123710632723841,0.126164873050486,-0.016097815032313
"bcc10013",37,49,50,0.0158695395080815,0.118499153143538,0.115183439187921,-0.031539232343549
"bcc10013",37,50,51,0.0555023842478507,0.150551259174532,0.0256495911284054,0.0460444887453869
"bcc10013",37,51,52,0.00850528388527089,0.250037387347911,0.00415727213878344,-0.0241545824678972
"bcc10013",37,52,53,-0.0336462765929193,-0.0656663652217505,0.0874337340541371,0.0664884064636886
"bcc10013",37,53,54,0.0997560999061078,0.110446603874176,0.162089611392407,-0.099162420710542
"bcc10013",37,54,55,0.121132227375685,0.290381583235398,0.00354949515345861,0.00812662395957681
"bcc10013",116,123,124,0.245698959947688,0.136401831465312,0.0890181048946624,0.0984656127125109
"bcc10013",116,124,125,0.0879464483207659,0.281185583888467,0.179589090440164,0.129176114779844
"bcc10013",116,125,126,0.119102057678699,0.239638224047732,-0.133899750248543,0.18601021077352
"bcc10013",116,126,127,-0.044286181268777,0.378963170159697,-0.00992915335261919,0.0141673183269594
"bcc10013",116,127,128,0.108007417299943,0.345083118540897,0.0953271568255419,0.0955743371635916
"bcc10013",116,128,129,0.223141271588791,0.307538274670099,0.238326686464614,0.0737389553007242
"bcc10013",116,129,130,0.370537250372888,0.042720554271948,0.250617893237792,-0.00431068329240645
"bcc10013",116,130,131,0.339557969639608,0.149309931804117,0.0189005644524525,0.023255896004743
"bcc10013",116,131,132,-0.0218909304542972,0.284179493730849,0.0377134902624194,0.116359400420595
"bcc10013",116,132,133,0.123612321692592,0.375610519413079,0.0134184573522276,0.100105171217841
"bcc10013",12,19,20,-0.136513652205787,0.583716488493309,-0.0485143589046974,0.0621185971232381
"bcc10013",12,20,21,-0.27720382271712,0.42897755556978,-0.308425730222164,0.232104319229038
"bcc10013",12,21,22,-0.0569902352502385,0.58231909202262,-0.258024040064431,0.231002523133781
"bcc10013",12,22,23,0.0688113476258125,0.316306355200271,0.0593664832595731,0.209161405248646
"bcc10013",12,23,24,-0.0106266553564073,0.17116844663105,-0.0278631853361513,0.124707092309047
"bcc10013",12,24,25,0.066024897100895,0.354228505973622,-0.0315317738714063,0.176206624465807
"bcc10013",12,25,26,0.0663503685050006,0.325005357806278,0.184141978027627,0.0390247275112633
"bcc10013",12,26,27,0.0477665405801602,0.280536792457246,0.0617633780860123,0.0263874373010233
"bcc10013",12,27,28,0.0191806021000799,0.246112377816937,0.0270512051128844,0.198532260407005
"bcc10013",12,28,29,0.0295581136160057,0.220216680652818,0.184298500106768,0.179802238675744
"bcc11102",107,114,115,0.413840938485023,0.331026600246055,0.415713383054009,0.319411388447067
"bcc11102",107,115,116,0.393744901275672,0.331666103027184,0.422731743999418,0.309522449026657
"bcc11102",107,116,117,0.396357322382946,0.301937603963127,0.394645222941412,0.275499106060003
"bcc11102",107,117,118,0.401106206363715,0.318126310428427,0.393229526652091,0.318211457294977
"bcc11102",107,118,119,0.401357920171766,0.337450900405168,0.398225394288525,0.303120779247236
"bcc11102",107,119,120,0.415343540245122,0.335061451711477,0.416185731248197,0.337094837170382
"bcc11102",107,120,121,0.405719897550256,0.345033620688724,0.403033765244192,0.317135525769921
"bcc11102",107,121,122,0.346357096925423,0.238978275761904,0.351438629384429,0.261652606454682
"bcc11102",107,122,123,0.398944941675596,0.295018368389516,0.400732524739225,0.301919247055215
"bcc11102",107,123,124,0.413635243919979,0.282282334326176,0.404548806669281,0.318963644607869
"bcc11102",133,140,141,0.415252179936339,0.317550317023927,0.398705802858584,0.342492077538891
"bcc11102",133,141,142,0.394969063750392,0.339478594218662,0.39315060150243,0.319356577379038
"bcc11102",133,142,143,0.396537101480394,0.332572569044307,0.403219345409489,0.315479194353123
"bcc11102",133,143,144,0.393780886867998,0.343059153269016,0.383290925006866,0.30380517472016
"bcc11102",133,144,145,0.368507266440672,0.329312997147334,0.388054844385415,0.306093746001093
"bcc11102",133,145,146,0.359905450933331,0.276296608085207,0.354449340211545,0.289828658935093
"bcc11102",133,146,147,0.375643118503266,0.292383085667694,0.393278448851488,0.331813392713407
"bcc11102",133,147,148,0.400126060437841,0.293255469874459,0.373856276934188,0.332166972838979
"bcc11102",133,148,149,0.411944063096411,0.342169338824661,0.410306702581458,0.326469299222704
"bcc11102",133,149,150,0.401298319961836,0.345218774048577,0.415803596628296,0.298342683134997
"bcc11102",63,69,70,0.37405496358695,0.319850416546357,0.390028036587695,0.302235086972877
"bcc11102",63,70,71,0.370564744333266,0.329760792631221,0.381278297419022,0.303294633001199
"bcc11102",63,71,72,0.374011340982137,0.329204005933542,0.393401625878249,0.306599431912488
"bcc11102",63,72,73,0.382042665124315,0.278186495258901,0.371387409675047,0.263260949766493
"bcc11102",63,73,74,0.39673140714947,0.284027581167393,0.389725784992218,0.322092383966404
"bcc11102",63,74,75,0.407686197226437,0.310332366358107,0.392900519470957,0.347119955708522
"bcc11102",63,75,76,0.365236919900111,0.311154691597152,0.372882678344729,0.304507087600896
"bcc11102",63,76,77,0.374337697560567,0.293655592613518,0.381547676220599,0.324240722928608
"bcc11102",63,77,78,0.350844111520225,0.273133456023084,0.362430005277508,0.27682623037225
"bcc11102",63,78,79,0.38782302719408,0.292654638714457,0.37075535278642,0.295253293458225
"bcc11102",41,46,47,0.346547394014933,0.237745960426497,0.36774025651695,0.261064026270394
"bcc11102",41,47,48,0.361896772152791,0.311899060434671,0.368434151917647,0.304420232979888
"bcc11102",41,48,49,0.397808445481445,0.329303536337261,0.392078477377528,0.311908023548161
"bcc11102",41,49,50,0.370618426875986,0.253056047784993,0.394700700690705,0.295983777713699
"bcc11102",41,50,51,0.373693293147731,0.289336406314313,0.383176458997017,0.290083445045189
"bcc11102",41,51,52,0.390498215428448,0.289996013419641,0.395798788124757,0.305996452747238
"bcc11102",41,52,53,0.384987825584516,0.327481157403196,0.356337831884326,0.265842417624461
"bcc11102",41,53,54,0.344816019065794,0.236615364259037,0.347850431759325,0.256943094452082
"bcc11102",41,54,55,0.364528975419437,0.271196890707207,0.36024377476859,0.322811615770951
"bcc11102",41,55,56,0.401343962752993,0.303796241980453,0.40211283066735,0.291890798514213
"bcc11102",182,187,188,0.405320434586142,0.322268843034356,0.387397389552652,0.296424831814651
"bcc11102",182,188,189,0.414064497314573,0.298963192517982,0.411014567747761,0.30342339881846
"bcc11102",182,189,190,0.387401848722921,0.330522115034397,0.417479096409332,0.307311893989776
"bcc11102",182,190,191,0.37017449087631,0.358585713378239,0.381054252801912,0.29236876027068
"bcc11102",182,191,192,0.374814938838193,0.264409783017462,0.390802768272353,0.258450649648975
"bcc11102",182,192,193,0.35543889482669,0.291848139735225,0.390040183508374,0.258718577873665
"bcc11102",182,193,194,0.287640456159681,0.209036155224917,0.339198747627291,0.275718760315613
"bcc11102",182,194,195,0.309193074016088,0.301483139503021,0.323934846794607,0.244169472311379
"bcc11102",182,195,196,0.387852397238782,0.290387032380051,0.380709734067046,0.301519671450339
"bcc11102",182,196,197,0.400747801973478,0.308525546663405,0.409440630687229,0.322190774866949
"bcc11102",204,209,210,0.361604915852782,0.342990405959142,0.373982540708416,0.319429767340593
"bcc11102",204,210,211,0.377960116600977,0.337041387480196,0.363361255870809,0.318103809750922
"bcc11102",204,211,212,0.361345190974688,0.32649973881791,0.358698123996894,0.301450796044869
"bcc11102",204,212,213,0.302910295931718,0.244056270529559,0.353008124253722,0.289781585449226
"bcc11102",204,213,214,0.332107730622039,0.287550116294296,0.310942690821943,0.283582469159861
"bcc11102",204,214,215,0.371817793677161,0.262705057985455,0.350865508126622,0.300688446620896
"bcc11102",204,215,216,0.285151016818697,0.213999936918858,0.274609972148742,0.184320767039457
"bcc11102",204,216,217,0.373370301623934,0.284568689637986,0.3614291455726,0.297140887290205
"bcc11102",204,217,218,0.345605007222926,0.36916995828629,0.375407860580192,0.312513584125431
"bcc11102",204,218,219,0.330908282996987,0.351366665316806,0.340031875941903,0.278175614059966
"bcc159",98,121,122,0.319725531530517,0.566727244723252,0.426663831620328,0.382203877661501
"bcc159",98,122,123,0.162765121933032,0.675214654884389,0.51169380974111,0.18856740073597
"bcc159",98,123,124,-0.0291609108161346,0.69983476729744,0.655692264538762,0.0411462231326383
"bcc159",98,124,125,-0.120256338779272,0.686206605933438,0.338906329406621,0.0710338646571365
"bcc159",98,125,126,-0.420804930679699,0.657080088270398,0.227597310309216,0.314234051402814
"bcc159",98,126,127,-0.0168813352902049,0.693409832992813,-0.193463716664963,0.364381337694105
"bcc159",98,127,128,0.504817955223943,0.906745471992293,-0.0157606453578654,0.129953748677705
"bcc159",98,128,129,0.673634437912427,0.905024612552699,0.179023525486587,0.118929543468981
"bcc159",98,129,130,0.607334531737244,0.657424562537329,0.301529471793318,0.385310997631204
"bcc159",98,130,131,0.691198847724948,0.40661320246358,0.391569198899157,0.581122907673743
"bcc159",155,171,172,0.0599144867414122,0.880382556163469,0.0845297413725888,0.738636635425374
"bcc159",155,172,173,0.055949157418788,0.842076421434328,0.0820186906550677,0.796307118440823
"bcc159",155,173,174,0.239089665257757,0.752770198822998,-0.00205391481394516,0.595624695768093
"bcc159",155,174,175,0.319600074639075,0.846994226192583,0.179746823530123,0.627586820166648
"bcc159",155,175,176,0.284355865079192,0.861255561741952,0.255507950830057,0.591484256874926
"bcc159",155,176,177,0.189679432856985,0.879091856279067,0.356419503781919,0.58011523281164
"bcc159",155,177,178,0.0741781917162333,0.889046512156319,0.18306236756565,0.789111148709993
"bcc159",155,178,179,-0.0123563900213302,0.926614445672464,0.0961427541266402,0.803983393307963
"bcc159",155,179,180,-0.188446161441021,0.922550542510569,0.00290652723075266,0.82142028542394
"bcc159",155,180,181,-0.541878768980894,0.896231199364865,-0.111473335412901,0.748942456933765
"bcc159",1,10,11,0.413794503861947,0.916167293742127,0.362826630163369,0.737503684580359
"bcc159",1,11,12,0.405165629044315,0.824103162556017,0.148253699712351,0.446049374848998
"bcc159",1,12,13,0.546371641621959,0.409148813863207,-0.139349180738907,0.188756170462253
"bcc159",1,13,14,-0.00568136214249182,0.42151562599458,0.199141468151355,0.243552251964779
"bcc159",1,14,15,0.134491965823309,0.338598908614332,0.469432952886869,0.282349209270338
"bcc159",1,15,16,-0.149702520638277,0.877261855068814,0.405557657709275,0.115918224640177
"bcc159",1,16,17,0.00938433955800424,0.922211282515141,0.2342360655075,0.538065190103236
"bcc159",1,17,18,0.179462704848851,0.941100906942422,0.135411429102261,0.754569500010325
"bcc159",1,18,19,0.381629917478084,0.87262904433422,-0.140780079164616,0.5852930662227
"bcc159",1,19,20,0.0409130957870009,0.709669740062316,0.0689740777086423,0.787240873040365
"bcc159",198,205,206,0.392088265622616,0.749505014669179,0.487495360527879,0.571506009763136
"bcc159",198,206,207,0.484775974625471,0.740287859533233,0.53550807419576,0.670955309348897
"bcc159",198,207,208,0.515813699849483,0.604820591670111,0.561032804625948,0.690560433195371
"bcc159",198,208,209,0.507299106447347,0.684641064291116,0.699907601821035,0.669578237560223
"bcc159",198,209,210,0.712819624064444,0.749047200892051,0.688892508692628,0.778901080764866
"bcc159",198,210,211,0.628039124700742,0.690954727472499,0.815302058048393,0.80029444267056
"bcc159",198,211,212,0.221339194736449,0.701556171557264,0.925053091491292,0.758442132608765
"bcc159",198,212,213,0.912957838551753,0.760130100161979,0.0932943042460644,0.581729342893159
"bcc159",198,213,214,0.534623884427573,0.901916632502168,0.599990536458144,0.426334352312718
"bcc159",198,214,215,0.545878893293521,0.838209158239096,0.442847366297842,0.383655876058887
"bcc159",75,81,82,0.284761561094746,0.730105405765562,0.361748636458433,0.788081799390841
"bcc159",75,82,83,0.293350563864625,0.828161605151677,0.24730494971595,0.761559609256332
"bcc159",75,83,84,0.124872842579978,0.790692438302569,0.281930717894975,0.63360647719476
"bcc159",75,84,85,0.144882002778888,0.69533324023297,0.0982027722792587,0.720655049370606
"bcc159",75,85,86,0.251274509311787,0.803262991905536,0.148547245686904,0.671132811524475
"bcc159",75,86,87,0.143702589416914,0.780739656386777,0.252467578433027,0.776105289486804
"bcc159",75,87,88,0.306718121954071,0.83690882332852,0.105862068405574,0.753180764286452
"bcc159",75,88,89,-0.191127261548443,0.591633187456028,0.428871954039475,0.626163109929692
"bcc159",75,89,90,0.612617225493443,0.663911158221164,-0.16670465919603,0.559210180833025
"bcc159",75,90,91,0.484748893758034,0.914982426220996,0.382230298402659,0.813341504794251
"bcc159",31,36,37,0.314334935332395,0.630105893786075,0.463744694330567,0.369200674070392
"bcc159",31,37,38,0.569113878924444,0.930897709184648,0.716055666327698,0.628461564510804
"bcc159",31,38,39,0.429174141733832,0.884582742007877,0.5532050046573,0.537440730789757
"bcc159",31,39,40,0.414065713198112,0.869202831465059,0.404821172859661,0.676226225292326
"bcc159",31,40,41,0.546408239154035,0.729873111052859,0.304075571023436,0.513867233798431
"bcc159",31,41,42,0.452734736535406,0.679481802948351,0.395762396721837,0.352392236497871
"bcc159",31,42,43,0.252105164124862,0.541493538368087,0.411252540884008,0.550424236000952
"bcc159",31,43,44,0.283675707034233,0.583620950157899,0.455348482496612,0.331476060309661
"bcc159",31,44,45,0.258837117349987,0.575362682423046,0.425174325602051,0.205775208629406
"bcc159",31,45,46,0.332540949268045,0.620607069108912,0.288662009694509,0.466730650764284
"bcc16",50,56,57,0.211910459950077,0.371057950461516,0.237542547520565,0.642003781592155
"bcc16",50,57,58,0.201130133284261,0.376430639758092,0.286359073631544,0.579441661070106
"bcc16",50,58,59,0.127030116755657,0.416471419515533,0.197261707386559,0.486546918858741
"bcc16",50,59,60,0.0689913703541298,0.32075758991861,0.192610057360635,0.437500068769038
"bcc16",50,60,61,0.183055040034482,0.290643205674651,0.291898829291479,0.497930158256886
"bcc16",50,61,62,0.163598648947721,0.267417771101533,0.295716754788068,0.461726650276225
"bcc16",50,62,63,0.16711149549604,0.156577771887938,0.255857713593883,0.413547934926701
"bcc16",50,63,64,0.193624633707216,0.112311725636403,0.202434806403971,0.354136889341103
"bcc16",50,64,65,0.132398605848565,0.136415494549349,0.145811876777674,0.365459369112023
"bcc16",50,65,66,0.109496147688415,0.171316182484289,0.0941067840325594,0.360795518468664
"bcc16",16,19,20,0.0387669464348598,0.140077479036383,0.124685880985304,0.194237019814908
"bcc16",16,20,21,0.00456092327691365,0.13211072365207,0.122618671522433,0.402628117075603
"bcc16",16,21,22,0.0530977493353764,0.0496430806344561,0.218585097473803,0.388093244767025
"bcc16",16,22,23,0.132019392186379,-0.0378966568994519,0.337108768091989,0.549764843189856
"bcc16",16,23,24,0.16342919728466,-0.000493251620166505,0.351796974203468,0.568073285778815
"bcc16",16,24,25,-0.0575027284118806,-0.143786452295326,0.236772365228272,0.622377135228042
"bcc16",16,25,26,-0.114490968771832,-0.153866806889709,0.175192601474985,0.594812570187595
"bcc16",16,26,27,0.0428252921912495,0.0320865371409719,0.160105276096942,0.742247351015423
"bcc16",16,27,28,0.168019020446537,0.319841311957542,0.343025599282399,0.778980337345519
"bcc16",16,28,29,0.275791384386317,0.528210138518556,0.392821336714761,0.747989559370104
"bcc16",33,36,37,0.306729643251203,0.340623364943724,0.0456303469532856,0.685768843524512
"bcc16",33,37,38,0.179312836552948,0.177461182087694,0.028144095682009,0.575756472995618
"bcc16",33,38,39,0.155486753464045,0.0441638045559655,-0.0826028168948623,0.509029712632385
"bcc16",33,39,40,0.18502090642416,-0.0190551351498648,-0.108349051910066,0.405130286734683
"bcc16",33,40,41,0.167761091115027,0.0471367154461668,0.0513428060761901,0.449556720310511
"bcc16",33,41,42,0.1612435519572,-0.0106545633289806,0.190155229361541,0.487599795658428
"bcc16",33,42,43,0.295663521563021,-0.180593275001945,0.418037906776689,0.327582552952209
"bcc16",33,43,44,0.221549433724127,-0.226498529374723,0.359809491059693,0.474087492587586
"bcc16",33,44,45,0.188294636663239,0.0371784095318515,0.351956358024548,0.556143894554112
"bcc16",33,45,46,0.198198365374285,0.231790706779832,0.48307890437379,0.503289377509509
"bcc16",1,3,4,0.422640226668881,0.250703525932737,0.554946390807969,0.784457974157081
"bcc16",1,4,5,0.48233013797035,0.327860757258789,0.505648450435457,0.778839839858664
"bcc16",1,5,6,0.383735104061966,0.117611506852032,0.353067693640157,0.69348586510435
"bcc16",1,6,7,0.198463339187993,-0.0776982356711531,0.270548421092055,0.561714854803528
"bcc16",1,7,8,0.159164759385008,0.0241783233162753,0.319876606846559,0.593994496068324
"bcc16",1,8,9,0.281636898513984,0.183790287317011,0.453780764184972,0.62688173514173
"bcc16",1,9,10,0.316465547255591,0.214328781899191,0.466741295297697,0.600809329684282
"bcc16",1,10,11,0.214061933437569,0.181703742560499,0.364499748894393,0.665829746599418
"bcc16",1,11,12,0.109603499166369,0.214345311188483,0.23402933863325,0.378464940720982
"bcc16",1,12,13,0.0990142693714858,0.188767842472311,0.157263210746067,0.295189065309806
"bcc171",21,26,27,0.129568017791003,0.443274806775101,0.220002739191162,0.292588438267411
"bcc171",21,27,28,0.134459087486878,0.353724634158097,0.263072735737206,0.32091329698886
"bcc171",21,28,29,0.303134585326039,0.393959087756363,0.284454214481466,0.268382573914129
"bcc171",21,29,30,0.301951465034798,0.411400365200406,0.333119757811482,0.284747747329036
"bcc171",21,30,31,0.393515594096242,0.314124521004952,0.158423938684332,0.282654540674968
"bcc171",21,31,32,0.13845948173101,0.241843048648422,0.326280952050385,0.36001794524605
"bcc171",21,32,33,0.262281010234554,0.381822591770663,0.249348270338691,0.303557291273223
"bcc171",21,33,34,0.257304076026344,0.488503870519058,0.296646465202614,0.318056173019886
"bcc171",21,34,35,0.256731488164885,0.521559708121541,0.201900838109983,0.341178154753514
"bcc171",21,35,36,0.19177405965751,0.44678718796393,0.170155661445802,0.309096236170347
"bcc171",1,5,6,0.567792525792909,0.68334312151086,0.585622543036123,0.418964080381461
"bcc171",1,6,7,0.59961977881899,0.635516422948981,0.565786414329848,0.495055749343992
"bcc171",1,7,8,0.630997172744893,0.715615225403783,0.572178608094083,0.454719306235139
"bcc171",1,8,9,0.566948035665268,0.624429532473108,0.564502620981154,0.499479088627169
"bcc171",1,9,10,0.469378609217489,0.663732620659686,0.509814889336657,0.478945509571895
"bcc171",1,10,11,0.356236783175861,0.671247920122303,0.435665571455143,0.557171614546947
"bcc171",1,11,12,0.365036665068515,0.60546328545402,0.376076039645292,0.41985334062626
"bcc171",1,12,13,0.45084148520625,0.681508296584961,0.472179670529427,0.404499030019797
"bcc171",1,13,14,0.390409452348816,0.736217057202201,0.47732413671087,0.418158201884224
"bcc171",1,14,15,0.282055864932902,0.642121267560524,0.244805613181179,0.360460447334478
"bcc171",70,73,74,0.357289308777943,0.515698334329775,0.273671967292468,0.175309796001965
"bcc171",70,74,75,0.353696541013658,0.630710130244584,0.285141247360255,0.327874319427064
"bcc171",70,75,76,0.223856797222124,0.661147536857705,0.351352328333229,0.448403218749032
"bcc171",70,76,77,0.33014233546202,0.570893686314148,0.331270094636908,0.499621155357303
"bcc171",70,77,78,0.387719846906291,0.784337421083524,0.354637847967959,0.320406028743612
"bcc171",70,78,79,0.198727003520032,0.734545907082218,0.251127235117092,0.277132628274887
"bcc171",70,79,80,0.148402092520699,0.556025964162015,0.162228520028791,0.389656997047526
"bcc171",70,80,81,0.341024156802258,0.519277503141974,0.370398071829511,0.331236454732847
"bcc171",70,81,82,0.538639761206619,0.663040621492271,0.46755425513974,0.304394464616918
"bcc171",70,82,83,0.555705042409075,0.617826250572449,0.449029521974219,0.260398990641045
"bcc171",88,88,89,0.0647790081981544,0.517600708285943,0.156018895222121,-0.0468146494371776
"bcc171",88,89,90,0.0489881436208116,0.37193780872014,0.036383777696402,0.0470689866114032
"bcc171",88,90,91,0.186446731928192,0.299744610428768,0.20569504589988,0.0520280889221245
"bcc171",88,91,92,0.449013460967095,0.316875877557939,0.309769519978045,0.0425653991614687
"bcc171",88,92,93,0.388130299379506,0.241902332007364,0.321114303627547,0.0146960235212587
"bcc171",88,93,94,0.209060050023784,0.596612414681234,0.16296960231473,0.14529522905426
"bcc171",88,94,95,-0.00936945919504812,0.42926345195256,0.251770862357388,0.199627842622708
"bcc171",88,95,96,0.0772540321105582,0.587496972212042,0.109185511799176,0.487016768246575
"bcc171",88,96,97,0.229790658302959,0.643441081328112,0.0894526208594966,0.469906157418665
"bcc171",88,97,98,0.370923391486609,0.679307641814083,0.222130077559429,0.298581158597636
"bcc171",51,51,52,0.294219417938173,0.595756287655916,0.321948285821196,0.485927457420248
"bcc171",51,52,53,0.201791502912712,0.615182302065799,0.115562885570637,0.382984237401807
"bcc171",51,53,54,0.197790192180399,0.700852122323714,0.405451362446803,0.0369284567358059
"bcc171",51,54,55,0.280668486744236,0.678747476756703,0.240212981746239,0.0707515220893452
"bcc171",51,55,56,0.187942986111724,0.297975612125335,-0.0942163629397444,0.227792398177854
"bcc171",51,56,57,0.040082364750038,0.265441180382797,0.0666973009416356,0.356242512856993
"bcc171",51,57,58,0.233406749623135,0.632006863672184,0.176848106179056,0.402499364776003
"bcc171",51,58,59,0.325969011958063,0.717680950922306,0.218929419875884,0.263654850807728
"bcc171",51,59,60,0.387013924328282,0.657015938432616,0.274680430312559,0.190165284803837
"bcc171",100,100,101,-0.120411364045171,0.450723788661849,0.00527032175265956,-0.109725106639869
"bcc171",100,101,102,0.135213888235387,0.919268190889279,0.209584650790675,-0.283893275610564
"bcc171",100,102,103,0.253705022221278,0.669101679259205,0.205190355654699,-0.176197628695861
"bcc171",100,103,104,0.027778448295518,0.491196502119195,0.170076091012755,-0.055849242952008
"bcc171",100,104,105,-0.0615911240091973,0.467831808366379,0.178904803181494,0.0178806382881321
"bcc171",100,105,106,-0.0687587050473102,0.710097118251189,-0.0125339813447158,0.058198414708284
"bcc171",100,106,107,-0.0962695943403082,0.834686826852476,-0.0406171355108772,0.0355571312561372
"bcc171",100,107,108,-0.082770433884275,0.728510282251114,-0.00606841320927111,-0.0170088208773329
"bcc171",100,108,109,0.233509321408947,0.577212672879039,0.0345689034834159,0.0273126015466476
"bcc177",1,5,6,0.671485718283908,0.85493328624067,0.546444876496852,0.741972795982911
"bcc177",1,6,7,0.511723382372828,0.785614739631992,0.109166670523794,-0.0606957581992289
"bcc177",1,7,8,,,,
"bcc177",1,8,9,0.268274351405909,0.7299463873091,0.444210279414396,0.266175687794526
"bcc177",1,9,10,0.572296709749247,0.744096159234509,0.601212377806205,0.52383771694313
"bcc177",1,10,11,0.686959512737147,0.785786362195392,0.219316131451589,0.148888112392153
"bcc177",1,11,12,0.311508129587907,0.595987168079973,0.240199929796077,0.381733109340949
"bcc177",1,12,13,-0.0457698035696713,0.715165859579732,0.538083051611122,0.40843383844154
"bcc177",1,13,14,0.443555416632064,0.77225226237508,0.648331962599906,0.378939865381998
"bcc177",1,14,15,0.527068063185791,0.620490176722786,0.334462912273374,0.511073497572705
"bcc177",82,85,86,0.245050634381246,0.823871465255196,0.0668631154285115,0.626562916291149
"bcc177",82,86,87,0.194276523486435,0.769427508687815,0.252544353746503,0.75611660954916
"bcc177",82,87,88,0.173804145777609,0.801490044218067,0.189782253111549,0.746374788442046
"bcc177",82,88,89,0.348202244870418,0.730069660412707,0.205244827320505,0.649707835684684
"bcc177",82,89,90,0.36832411545247,0.75471105970704,0.321551101064811,0.614345450309113
"bcc177",82,90,91,0.357912031211803,0.761654693311182,0.382044244174288,0.586061303734946
"bcc177",82,91,92,0.26178314315312,0.82153936734649,0.457516238466582,0.633059035045583
"bcc177",82,92,93,,,,
"bcc177",82,93,94,0.265145474313506,0.724370708735119,0.413480384188268,0.687334394764627
"bcc177",82,94,95,0.0208989802178956,0.706161856759489,0.250348893080463,0.633667254075353
"bcc177",100,102,103,0.332085119637798,0.501967944290644,0.486945134732923,0.290150580605339
"bcc177",100,103,104,0.506366645081028,0.453657837726251,0.436950806120397,0.538677033348922
"bcc177",100,104,105,,,,
"bcc177",100,105,106,0.369479033510072,0.627331336251618,0.3556923741324,0.584461498212913
"bcc177",100,106,107,0.343506138351175,0.694278734446492,0.25720169791318,0.504779400725356
"bcc177",100,107,108,0.278196593442796,0.617386685871405,0.330085605297027,0.499103987847598
"bcc177",100,108,109,0.319647962532534,0.668540238913804,0.399354244952471,0.581597130718594
"bcc177",100,109,110,0.377641012954113,0.599073213670938,0.549322747671738,0.460734214129063
"bcc177",100,110,111,0.537681424272868,0.587526926989369,0.437480405685222,0.451187225759346
"bcc177",100,111,112,,,,
"bcc177",20,21,22,0.212940847107739,0.749199018623002,0.269125121561865,-0.025280075824634
"bcc177",20,22,23,0.0618687170230536,0.789720169339283,0.0126456956688677,0.0267327989705887
"bcc177",20,23,24,-0.347259846028021,0.631895755759453,0.0613760268448401,0.0615156759745512
"bcc177",20,24,25,0.015500222095106,0.60581413403641,-0.158646392275069,0.120768241674618
"bcc177",20,25,26,0.160198828550309,0.5676724641382,-0.101034026274775,0.349572861673346
"bcc177",20,26,27,-0.0791161319861987,0.526865223554731,0.108595626205939,0.33308480219571
"bcc177",20,27,28,0.0422309995519175,0.498504164784633,-0.129450238499657,0.0464596325422156
"bcc177",20,28,29,-0.126678318912682,0.404073117421873,-0.152009205821236,0.392174559511156
"bcc177",20,29,30,-0.0296278749661117,0.659724354006025,-0.182170204359204,0.216633385727918
"bcc177",20,30,31,-0.225663961564551,0.546062913310214,-0.301838345343733,0.121063659538479
"bcc177",34,34,35,,,,
"bcc177",34,35,36,0.164097660267837,0.857215740790335,0.672390137937454,0.401818069077523
"bcc177",34,36,37,0.531782616212522,0.895519027753253,0.62559464466555,0.590470655248171
"bcc177",34,37,38,0.508907842583426,0.808458915573342,0.534124243268326,0.510423353856978
"bcc177",34,38,39,0.546970785359386,0.773447922287958,0.545053139840607,0.64082125858677
"bcc177",34,39,40,0.500718066590621,0.746539535003843,0.512433214542394,0.681058479737798
"bcc177",34,40,41,,,,
"bcc177",34,41,42,,,,
"bcc177",34,42,43,,,,
"bcc177",34,43,44,,,,
"bcc177",46,46,47,0.347051151073868,0.562595860835419,-0.0999397061309102,0.117675272691115
"bcc177",46,47,48,,0.430861361805444,0.0975627661399788,
"bcc177",46,48,49,,,,
"bcc177",46,49,50,,,,
"bcc177",46,50,51,-0.160150585708012,0.738667495192312,0.362547874545402,0.170566366844446
"bcc177",46,51,52,0.0623439179946346,0.696956884312101,0.185926619688666,0.53738932300407
"bcc177",46,52,53,0.271950207299497,0.76675418215441,0.115544801137061,0.631384050313522
"bcc177",46,53,54,0.328718202750267,0.729828708010669,0.151341615633558,0.733166845412877
"bcc177",46,54,55,0.379196300868418,0.773966994495001,0.191474559109485,0.702999563193838
"bcc217",1,25,26,0.486891746784484,0.443530244835322,0.421543957333129,0.455436405899967
"bcc217",1,26,27,0.357911192105832,0.549934039735882,0.486328115307188,0.396686743909528
"bcc217",1,27,28,0.381414540159468,0.588307817280145,0.397585689380278,0.389395127704622
"bcc217",1,28,29,0.388744346395327,0.625822032992625,0.334806614045232,0.401986220317809
"bcc217",1,29,30,0.170484082357988,0.489885185650275,0.244441747110378,0.37505567618804
"bcc217",1,30,31,0.221600104969126,0.540091410409195,0.212989393396076,0.279585728933877
"bcc217",1,31,32,0.270437870522772,0.426538697443021,0.0889449777257026,0.293657815366609
"bcc217",1,32,33,0.0864052678339838,0.561963785992589,0.164405185073881,0.311857431554704
"bcc217",1,33,34,0.00944988001665345,0.634246851356008,0.259607044517295,0.262286229209407
"bcc217",1,34,35,0.199934190588757,0.505027369187688,0.263822046607875,0.373574520980743
"bcc217",129,134,135,,,,
"bcc217",129,135,136,,,,
"bcc217",129,136,137,,,,
"bcc217",129,137,138,,,,
"bcc217",129,138,139,,,,
"bcc217",129,139,140,,,,
"bcc217",129,140,141,,,,
"bcc217",129,141,142,,,,
"bcc217",129,142,143,,,,
"bcc217",129,143,144,,,,
"bcc217",63,67,68,0.331143244208189,0.533478585607987,0.265167191148762,0.357124976741386
"bcc217",63,68,69,0.33170985252573,0.521321148413668,0.172703189266491,0.389293305037492
"bcc217",63,69,70,0.223058485914365,0.536103127377364,0.328678801442028,0.351551697476672
"bcc217",63,70,71,0.253533550251942,0.495343210647757,0.33544622147478,0.328275620544525
"bcc217",63,71,72,0.404264209840123,0.28853208128981,0.238266326354807,0.37486290974409
"bcc217",63,72,73,0.410234198994437,0.66201929594666,0.306834982277755,0.323123599449989
"bcc217",63,73,74,0.381721017655719,0.619805038979052,0.32954989919209,0.406406527888086
"bcc217",63,74,75,0.227637032484816,0.569347214759002,0.172487174464103,0.251001866245704
"bcc217",63,75,76,0.258975828302739,0.450832130007298,0.254197549163615,0.36675660975353
"bcc217",63,76,77,0.343997804584573,0.486694818687796,0.287570496211225,0.459917085256145
"bcc217",83,87,88,0.375561217712696,0.542640506115286,0.318705312129646,0.10025149640022
"bcc217",83,88,89,0.274534461197266,0.579360834756805,0.21048598300974,0.215805887522896
"bcc217",83,89,90,-0.0373699424577954,0.546171873029815,0.159905735298697,0.344273851420213
"bcc217",83,90,91,-0.0587514073159896,0.604268780562862,0.0418954741569691,0.295724569519501
"bcc217",83,91,92,-0.083334230182947,0.537868468818287,-0.043971464485255,0.52459944210732
"bcc217",83,92,93,0.0400827299628168,0.538304612204583,0.0621306084100414,0.366937944332112
"bcc217",83,93,94,0.168341409075216,0.58095682211487,0.0606780009610549,0.413206092527236
"bcc217",83,94,95,0.23362747014028,0.672105854492625,0.054414276653227,0.393417267265198
"bcc217",83,95,96,0.245272334113313,0.507854043179527,0.131056154721882,0.381848486300641
"bcc217",83,96,97,0.408527183335232,0.493175154027058,0.35891014910033,0.343151269492093
"bcc217",102,106,107,0.146777341352649,0.588656693563408,0.163279882491663,0.446830515857615
"bcc217",102,107,108,0.241853308448427,0.568244932691918,0.235450869840686,0.464582574011191
"bcc217",102,108,109,0.240467630897051,0.559808917342226,0.272796003931414,0.373840957761037
"bcc217",102,109,110,0.290874437082119,0.514512657203022,0.271447837777251,0.405832643512397
"bcc217",102,110,111,0.343226595000222,0.541222019049634,0.303400528207765,0.419424381927719
"bcc217",102,111,112,0.35297269383721,0.482118601527502,0.285762614664213,0.425288860894991
"bcc217",102,112,113,0.293962399648782,0.471039028115668,0.324479864934084,0.339891267721984
"bcc217",102,113,114,0.201639701923752,0.587503933687877,0.259894397759748,0.404350886070453
"bcc217",102,114,115,0.2421475478589,0.508069061108571,0.136921819034014,0.469402710355866
"bcc217",102,115,116,0.416267207996315,0.433381441111809,0.259481562458047,0.265908150104257
"bcc217",121,121,122,0.199687196735574,0.599696170040238,0.233103478484234,0.445072834486314
"bcc217",121,122,123,0.327359996292783,0.560076761432071,0.188309185009831,0.478166848230571
"bcc217",121,123,124,0.258154467020107,0.606045109900831,0.211910749647515,0.371948895790308
"bcc217",121,124,125,0.276212567558019,0.523754180179141,0.2318386054212,0.446153893558018
"bcc217",121,125,126,0.188657030646509,0.575260858990496,0.278018831546121,0.311759980616277
"bcc217",121,126,127,0.323527021891442,0.526479630413573,0.260226153906126,0.402480320436517
"bcc217",121,127,128,0.339360585712046,0.563654994772421,0.264190142164392,0.429716157842842
"bcc23",8,8,9,0.271145044959824,0.345053752212054,0.139940219866169,0.685929225300773
"bcc23",8,9,10,0.282113743647118,0.337312012634598,0.16831951268117,0.448630121009282
"bcc23",8,10,11,0.209984506956221,0.376421514344107,0.148940121474397,0.614873890647676
"bcc23",8,11,12,0.210078442454143,0.141902658627956,-0.0252176374969934,0.365759317858165
"bcc23",8,12,13,0.0660164801295215,0.330894221533781,-0.0369895097778078,0.369360158202921
"bcc23",8,13,14,-0.0543623388676046,-0.0313291221812631,0.0725707031424145,0.346915260364668
"bcc23",8,14,15,0.0760006484803057,0.0671829226236421,0.0327398514963823,0.481434865248499
"bcc23",8,15,16,0.175683891721845,0.228869534292164,0.180514497553923,0.405993993340177
"bcc23",8,16,17,0.136993244408745,0.178654033039937,0.245254743545829,0.254075111643827
"bcc23",25,25,26,-0.345618264993063,0.540585857825426,0.0836950542756372,0.76552027785738
"bcc23",25,26,27,-0.222290519773575,0.15685680063043,0.052650217764668,0.758637533221859
"bcc23",25,27,28,0.142283667085127,0.0534312198890975,-0.00310159936895444,0.482231576220224
"bcc23",25,28,29,-0.0592357391967657,0.282315513741204,-0.126084107578439,0.571571242618655
"bcc23",25,29,30,-0.212622312577587,0.238076168769917,-0.00277806514428111,0.599511990235717
"bcc23",25,30,31,-0.148869362539106,-0.169715607870673,0.0125282254201313,0.321227194210094
"bcc23",25,31,32,0.0409206381518938,0.118005734381396,0.158973710847592,0.408082766816823
"bcc23",1,1,2,0.0334091060097891,0.494014563504118,0.0461932209135648,0.749294333404355
"bcc23",1,2,3,0.0306065769818899,0.380557362339187,0.207635041131945,0.651510892026638
"bcc23",1,3,4,-0.0135118092620844,0.386144803824791,0.0984566497581894,0.637078785561506
"bcc23",1,4,5,0.083628711160096,0.359430249541811,0.0506437260956313,0.281837388866943
"bcc23",1,5,6,0.202143361844801,0.389370125143031,0.192053268185381,0.715540719925667
"bcc23",1,6,7,0.307078406275407,0.53311915189243,0.322529852621093,0.749707792169226
"bcc23",18,18,19,0.05675965594372,0.217025413462126,0.161584953382303,0.330493910802317
"bcc23",18,19,20,0.137158308254284,0.0735909046989851,0.160575552267675,0.364631234211266
"bcc23",18,20,21,0.150916674848712,-0.0144588723911225,0.0687267589785712,0.783269723994391
"bcc23",18,21,22,-0.111275907033701,0.165943600297968,-0.271962116936157,0.709060461635359
"bcc23",18,22,23,-0.437499361443314,0.619210756272623,-0.464281878905978,0.821991878077681
"bcc23",18,23,24,-0.294304212156629,0.539806994981061,-0.330351381830694,0.714337545282164
"bcc24",8,8,9,-0.145377867301594,0.383229315934066,-0.0490782835255577,0.562719332098124
"bcc24",8,9,10,-0.084454551038949,0.422575470398601,-0.142568346234247,0.56809525220858
"bcc24",8,10,11,-0.0221796805699924,0.423455441499257,-0.125378807401817,0.484457484195203
"bcc24",8,11,12,0.0230162513499409,0.302762724988814,-0.071549253751576,0.595704935168027
"bcc24",8,12,13,-0.13795289838764,0.487696486962383,-0.129241425811875,0.649511740802226
"bcc24",8,13,14,-0.154764461257179,0.444034434741124,-0.222879911442671,0.510985969411775
"bcc24",8,14,15,-0.257402461232107,0.482503346842618,-0.153989289733205,0.76063346214413
"bcc24",8,15,16,-0.0611252294701767,0.432172948220222,-0.151515712986206,0.599173428263898
"bcc24",8,16,17,0.101557595891894,0.0607948702526409,-0.0789951019903351,0.668957295878635
"bcc24",8,17,18,0.143471307068382,0.32941817543009,0.123700049090471,0.596004847245333
"bcc24",25,25,26,0.0761792459000642,0.510673672804389,0.084160076485901,0.242515791307282
"bcc24",25,26,27,0.266644036544249,0.36241808390264,0.164033167801322,0.531941951608407
"bcc24",25,27,28,0.262185670784745,0.249376071015653,0.110591161166135,0.434292134713773
"bcc24",25,28,29,0.0659746642743504,0.433790195477202,0.0224427123412335,0.444471135944812
"bcc24",25,29,30,-0.0175975099129406,0.429303371566464,-0.00775433765295098,0.625869024360385
"bcc24",25,30,31,-0.0201927731323651,0.220746250689729,0.0651406135787056,0.426544576425085
"bcc24",25,31,32,-0.0450796230941733,0.226586246834476,0.0736899649724953,0.597358393835608
"bcc24",1,1,2,0.00755526575798484,0.25126891503214,-0.0717225294815263,0.378780727488666
"bcc24",1,2,3,-0.122875636644617,0.311394140580883,-0.0786484406981166,0.482525728553868
"bcc24",1,3,4,-0.128439587586283,0.265499093757696,-0.0355693557209224,0.497400777323969
"bcc24",1,4,5,-0.0247662096126913,0.244298589513039,-0.0756807547581121,0.535988579915599
"bcc24",1,5,6,-0.0468173540695587,0.246122392581746,0.0626767580123518,0.424105097938142
"bcc24",1,6,7,0.0757382410183466,0.159989355176956,0.309361235506665,0.507300638283585
"bcc24",62,62,63,0.0473151184238266,0.495317681734768,0.270415556991992,0.609045223743026
"bcc24",62,63,64,-0.0257464328285207,0.477461978174383,0.00566369855851379,0.737513851675701
"bcc24",62,64,65,-0.254643459657781,0.646352823326361,-0.0986938578774177,0.794483145184067
"bcc24",62,65,66,-0.0325298053383445,0.540678470127294,-0.0844241624714293,0.84584533174428
"bcc24",62,66,67,0.293802969237838,0.308536840732755,-0.211354927805813,0.836345818447381
"bcc24",62,67,68,0.13029726410414,0.0551386384558261,0.012917171686109,0.762355313285635
"bcc24",19,19,20,0.196245835764751,0.186826583159592,0.401782272232059,0.377771852308821
"bcc24",19,20,21,0.314099130011766,0.435176213447918,0.235676708298623,0.587916383783787
"bcc24",19,21,22,0.185871066909533,0.428519155468961,0.172030078028014,0.584397941458017
"bcc24",19,22,23,0.0384294452958782,0.185712081379544,0.146743286087582,0.645614711978798
"bcc24",19,23,24,0.102149485733344,0.349681239569286,0.0969189739567355,0.456265518987306
"bcc24",34,34,35,0.334070887593306,0.143299523476281,0.258426592647672,0.396622813630797
"bcc24",34,35,36,0.344854869389437,0.165729247210205,0.241035211280432,0.4558139849542
"bcc24",34,36,37,0.12890358303882,0.166244679347425,0.346348865802928,0.410825989396939
"bcc24",34,37,38,0.121671603067906,0.312795229407294,0.255885508884617,0.452996798936932
"bcc24",34,38,39,0.265500336428734,0.224925641154357,0.25074322379588,0.423852347915978
"bcc248",61,66,67,0.00277032535499595,0.513016581153852,0.154673048962346,0.494942999080527
"bcc248",61,67,68,0.119259652755514,0.682835872432294,0.058025637650056,0.453276782202409
"bcc248",61,68,69,0.230062809999032,0.697131985876998,0.111011426785939,0.341423219639185
"bcc248",61,69,70,0.0998687987495876,0.497541932163873,0.130573127848877,0.209707359935517
"bcc248",61,70,71,0.2120661776325,0.500801418086236,0.322598354831438,0.299353273644237
"bcc248",61,71,72,0.205173762259022,0.4363004625699,0.244202263496203,0.352892784588363
"bcc248",61,72,73,0.158266834884697,0.47895877763608,0.262681603399651,0.391802983831988
"bcc248",61,73,74,0.242562824418004,0.420694657503334,0.308878089824799,0.30590077003962
"bcc248",61,74,75,0.119059185766616,0.190578170987177,0.111238215821711,0.086494510147573
"bcc248",61,75,76,0.25205220266444,0.340722139737711,0.256827446282281,0.378188410836544
"bcc248",82,86,87,0.323970398868281,0.471125248991956,0.36428913169702,0.346492734193831
"bcc248",82,87,88,0.266774147504034,0.425973474985032,0.233219261165825,0.239579912752216
"bcc248",82,88,89,0.1822025377214,0.446577500063015,0.0488826565933262,0.259164622861745
"bcc248",82,89,90,-0.0362312625050226,0.280967137898265,0.123333472871654,0.201267691224573
"bcc248",82,90,91,0.253060857290795,0.239993001665269,0.234439507758571,0.375727293671932
"bcc248",82,91,92,0.275415957712726,0.481282190011068,0.303278787722888,0.252062540181407
"bcc248",82,92,93,0.274240931024913,0.514394422842253,0.193115885092615,0.308529471354174
"bcc248",82,93,94,0.108366607848256,0.506776067412959,0.0983328294099306,0.390310702080885
"bcc248",82,94,95,-0.129446676196956,0.469971056326853,-0.0696260912102744,0.416880287076559
"bcc248",82,95,96,-0.140254849261905,0.417462499627342,0.0403060510985424,0.472846781038705
"bcc248",35,38,39,0.15658746476658,0.37949094100137,0.120139155481964,0.150675225378732
"bcc248",35,39,40,0.0532163226928383,0.417460620867745,0.051031953770558,0.0217842332681549
"bcc248",35,40,41,0.157378383616812,0.504305644741368,0.135225877720375,0.38024644336187
"bcc248",35,41,42,0.104984733395517,0.557191447275358,0.120255451054712,0.516962349826098
"bcc248",35,42,43,0.286514460864463,0.491171571927091,0.261489336708304,0.41765039696579
"bcc248",35,43,44,0.41391956110378,0.391236798814903,0.331224997557398,0.316148968079606
"bcc248",35,44,45,0.255670152175916,0.388937213574366,0.214405949257389,0.236540094049247
"bcc248",35,45,46,0.182913394238375,0.512699152178858,0.408107906532205,0.276138358539292
"bcc248",35,46,47,0.212061320079922,0.388448630898615,0.36662863461605,0.303951359373112
"bcc248",35,47,48,0.308346727553546,0.385665317053171,0.224488451621076,0.122007581399515
"bcc248",20,22,23,0.349449870721292,0.411675767296829,0.429449785155248,0.223601060502258
"bcc248",20,23,24,0.405653799570545,0.391739957279833,0.363762467664396,0.255445801757142
"bcc248",20,24,25,0.134215446211586,0.334434759716259,0.21160767179786,0.198505401999236
"bcc248",20,25,26,0.131166499107705,0.396606866420839,0.109378702419858,0.313010548372439
"bcc248",20,26,27,0.257005666479134,0.465853380493983,0.134202536984462,0.174544186821707
"bcc248",20,27,28,0.272347478975327,0.342358453471791,0.31824240267612,0.235037668594258
"bcc248",20,28,29,0.20402364156193,0.482094807575781,0.279407152005107,0.221559357431889
"bcc248",20,29,30,-0.0438268895808434,0.379763932321002,0.0991144991024189,0.115701448444997
"bcc248",20,30,31,0.178742236859522,0.412815118131215,0.111770489474272,0.151444031837604
"bcc248",20,31,32,0.161154487131509,0.291688243534563,0.138448885359796,0.322329568958945
"bcc248",102,103,104,0.279494856513833,0.283932173876258,0.274730675012627,0.258316806604138
"bcc248",102,104,105,0.0550746534804143,0.339701680494204,-0.058438983898904,0.217225571466168
"bcc248",102,105,106,0.0810659996464744,0.557333293592275,-0.0658652158302921,0.329525125896594
"bcc248",102,106,107,-0.0490404179853059,0.559439454293546,-0.120309951207684,0.494861880524344
"bcc248",102,107,108,-0.116787754830973,0.604553156702679,-0.075721562543102,0.482430749003399
"bcc248",102,108,109,0.0588038558518231,0.602845641745213,0.0788761184422486,0.406710288527703
"bcc248",102,109,110,0.292264356542148,0.506214055333467,0.20113076125076,0.349822396548384
"bcc248",102,110,111,0.274534122083623,0.402810389072997,0.251301348484559,0.36513864932691
"bcc248",102,111,112,0.287984691484907,0.424701576450349,0.22553295907888,0.367015096442434
"bcc248",102,112,113,0.212950232903659,0.495423220304345,0.142028638046548,0.275307937763014
"bcc248",52,52,53,0.136154420019253,0.397356284826473,0.300728340632642,0.221246839567798
"bcc248",52,53,54,0.117691760104513,0.520497573054586,-0.00239392424878532,0.356576857308262
"bcc248",52,54,55,0.0157492018593127,0.297773367100997,-0.151779066699619,0.424161839685834
"bcc248",52,55,56,0.0253838253691864,0.550481684961934,0.249199496689984,0.0304305958808994
"bcc248",52,56,57,0.113047817933402,0.349079955900582,0.0458201820366961,0.449158633969206
"bcc248",52,57,58,-0.0697804923082175,0.466347165129823,0.0308497692180626,0.432924547785002
"bcc248",52,58,59,0.122062797763036,0.54910402664854,0.00471428681751956,0.456782907515171
"bcc248",52,59,60,-0.14303261502199,0.229887771781643,-0.0442465132267806,0.364553188412934
"bcc25",56,62,63,0.641904410369929,0.379247628967308,0.429697235807295,0.300517257565228
"bcc25",56,63,64,0.529583159382309,0.252806989477848,0.589354871871289,0.297486478530084
"bcc25",56,64,65,0.548084492789168,0.311990544054162,0.533989873520024,0.323565243554899
"bcc25",56,65,66,0.655512991897464,0.405725638458155,0.411605745007783,0.485383416404223
"bcc25",56,66,67,0.539331603850618,0.465539231438304,0.412810718173717,0.334179736596144
"bcc25",56,67,68,0.580574397618741,0.388962750502126,0.568775392394316,0.437939152376826
"bcc25",56,68,69,0.515924872870856,0.434166724669334,0.560886011979914,0.423026438200463
"bcc25",56,69,70,0.572196159340871,0.523249359039269,0.491548529769446,0.487170733521282
"bcc25",56,70,71,0.540440068482614,0.465438538967559,0.543854800483679,0.519367735294948
"bcc25",56,71,72,0.485500979060445,0.418252813560141,0.468534705424771,0.325761537477127
"bcc25",19,23,24,0.501864889375481,0.281320231916202,0.326608418119367,0.445039858954078
"bcc25",19,24,25,0.441603915733112,0.375701949530537,0.346871044018957,0.330155172128525
"bcc25",19,25,26,0.329249386255457,0.330631816607074,0.257366280182587,0.26767149833634
"bcc25",19,26,27,0.168727671977073,0.272438365422132,0.0520529227451318,0.189849010874934
"bcc25",19,27,28,0.249653867869324,0.183067488948922,0.102887994639124,0.297215505115583
"bcc25",19,28,29,0.461452057148528,0.396102857183407,0.484935237080551,0.439763338732259
"bcc25",19,29,30,0.465784641409021,0.459294771707627,0.470916645911911,0.411101583264227
"bcc25",19,30,31,0.42559648818251,0.384588479731603,0.409149873443781,0.441391851416516
"bcc25",19,31,32,0.418706026380417,0.430207707263567,0.372120094429999,0.447247976107089
"bcc25",19,32,33,0.440766673079235,0.444211796230252,0.43448401436489,0.40879704068076
"bcc25",1,4,5,-0.180038327870179,0.127953559660111,-0.180927875375506,0.161619548709771
"bcc25",1,5,6,-0.1991182404304,0.161143902081923,-0.221238099915104,0.174968847839096
"bcc25",1,6,7,-0.233106699319218,0.255502943173109,-0.261448337344708,0.178989851554615
"bcc25",1,7,8,-0.271518563741305,0.238908468070632,-0.273959163949255,0.21346062395429
"bcc25",1,8,9,-0.360113865204026,0.208263416458561,-0.359593222062559,0.22558529551737
"bcc25",1,9,10,-0.202227180160105,0.345901443191235,-0.246688880902784,0.175618536403367
"bcc25",1,10,11,-0.146536323209294,0.161900042686781,-0.0887991380711122,0.336242982571367
"bcc25",1,11,12,0.00421516838100362,0.380264884379059,-0.0361176124787307,0.300856799629521
"bcc25",1,12,13,0.151143002752927,0.274543160855552,0.0184775440781667,0.391960291679823
"bcc25",1,13,14,0.12992015242039,0.258717946837724,0.176866637107422,0.271172386068817
"bcc25",38,41,42,0.507176047752772,0.258496712519149,0.479008793734531,0.332634263668358
"bcc25",38,42,43,0.52806527270663,0.39187090267665,0.495132239055972,0.344287813670025
"bcc25",38,43,44,0.445389894210976,0.397926535340287,0.490832398402922,0.433610245876055
"bcc25",38,44,45,0.46677187374245,0.295805739872137,0.469551448869037,0.411789310554394
"bcc25",38,45,46,0.539933605944358,0.302492338435448,0.446221356637279,0.287339929085654
"bcc25",38,46,47,0.441235358050529,0.294023485557413,0.36305917992539,0.184844567584854
"bcc25",38,47,48,0.233162300772564,0.251628572573947,0.278436488556935,0.267699487729393
"bcc25",38,48,49,0.189958110280952,0.180453860099382,0.314633473142008,0.205445100720009
"bcc25",38,49,50,0.266772815806502,0.297636155176861,0.335008049365338,0.246089667818798
"bcc25",38,50,51,0.362847749339518,0.306394353363246,0.181694729381622,0.343449161853252
"bcc270",42,50,51,0.208732666790561,0.13823657347695,0.388320230147823,0.306390860838073
"bcc270",42,51,52,0.296231935894955,0.510560611254167,0.258974671672935,0.000576208815707631
"bcc270",42,52,53,0.174718871615163,0.413947220352162,0.310505302475932,0.266946368543392
"bcc270",42,53,54,0.133636006108205,0.453865144116547,0.248234805465676,0.172194510409057
"bcc270",42,54,55,0.0633444931008735,0.399244530486006,0.2521597592458,0.0610851184048713
"bcc270",42,55,56,0.123885131957034,0.492660436772857,0.170526322491648,0.220691666205
"bcc270",42,56,57,0.301292946601888,0.650042990335958,0.386000140221553,0.176329135038709
"bcc270",42,57,58,0.351563435522539,0.557883412974151,0.397136292677087,0.169470462288108
"bcc270",42,58,59,0.368322604069293,0.396277181851006,0.480863257497984,0.305884248228012
"bcc270",42,59,60,0.358987814191826,0.612262438453351,0.570126039877989,0.141502700325051
"bcc270",91,94,95,0.0988308138339129,0.656996792238142,0.138303411493995,0.46354868245646
"bcc270",91,95,96,0.0918549251330565,0.74114746902407,0.26653802356197,0.468121209356347
"bcc270",91,96,97,0.137235156472382,0.69773968868254,0.20452561717741,0.348284879924868
"bcc270",91,97,98,0.0605105774520129,0.681683344467181,0.136112498631617,0.569898956646588
"bcc270",91,98,99,0.108136832302429,0.62495184296321,0.12510636698332,0.54654232117593
"bcc270",91,99,100,0.254166427274828,0.582996908213962,0.226558959561435,0.448388167817121
"bcc270",91,100,101,0.269999008131377,0.47650684406623,0.0715952085934685,0.381185731690855
"bcc270",91,101,102,0.21738520088411,0.667377911406339,0.0552068947253261,0.539956543642991
"bcc270",91,102,103,0.131797673998943,0.735002729635458,0.124577103123808,0.598305384637429
"bcc270",91,103,104,0.0512523536851214,0.752116392851115,0.1457266886715,0.46778235019497
"bcc270",27,29,30,0.160586617978897,0.716959850257024,0.282222241294823,0.297113527022018
"bcc270",27,30,31,0.144018387458609,0.740292829939755,0.0823397504294327,0.423125287708311
"bcc270",27,31,32,0.135599735355564,0.613080780394686,0.137457687418358,0.507550349301916
"bcc270",27,32,33,0.341556250097629,0.611144528805474,0.139603945540513,0.447395610699118
"bcc270",27,33,34,0.305935531261443,0.571644174611637,0.19842328678041,0.220808549813047
"bcc270",27,34,35,0.450278630616327,0.720242817164027,0.295106204338637,0.163692658986225
"bcc270",27,35,36,0.526672951553228,0.697824202266024,0.431710821619422,0.400203875970636
"bcc270",27,36,37,0.444777413605185,0.629596549408015,0.410152558080238,0.575871016928588
"bcc270",27,37,38,0.34989003418287,0.530385049582413,0.303951179812181,0.391425354146065
"bcc270",27,38,39,0.509346922661289,0.676735898349343,0.224346618199444,0.341793581185067
"bcc270",185,187,188,0.0449051143163653,0.613417224182322,0.104747862189956,0.323495229653162
"bcc270",185,188,189,0.122822485858776,0.53308753295105,0.109474934110094,0.151811095582009
"bcc270",185,189,190,0.355327952829403,0.610429225648019,0.151471855366753,-0.0351590243916698
"bcc270",185,190,191,0.332608469268367,0.679902103198606,0.247921046054749,0.228048779739483
"bcc270",185,191,192,0.216939304901222,0.605525658554363,0.268795228099472,0.211434503837104
"bcc270",185,192,193,0.0797633508705754,0.433281013326857,0.166660917067458,0.22851017674601
"bcc270",185,193,194,0.268298325002442,0.496741187797099,0.271941558008967,0.265275881899235
"bcc270",185,194,195,0.0353207085999658,0.68515852598195,0.355030692552461,0.0558599722016765
"bcc270",185,195,196,0.121448713321476,0.589751635591441,0.261638216330827,0.202704797248269
"bcc270",185,196,197,0.15322023915463,0.52133737118616,0.116739347030944,0.170522270345223
"bcc270",108,108,109,0.417545690085105,0.56994440643847,0.159176179898591,0.266028884100212
"bcc270",108,109,110,0.257093775876545,0.637932070099876,0.320304573725988,0.497541526753515
"bcc270",108,110,111,0.186664386244563,0.564484052830226,0.177517825723282,0.552170216075582
"bcc270",108,111,112,0.267124439764967,0.571828396663681,0.249492679439173,0.49167030167388
"bcc270",108,112,113,0.239550039947288,0.480837640528874,0.297763473004051,0.412194274051657
"bcc270",108,113,114,0.184822963466652,0.603779009484995,0.165853653414533,0.389764468635051
"bcc270",108,114,115,0.0750907530070565,0.590449935812612,0.0670894434075683,0.604560469269528
"bcc270",108,115,116,0.0896590666548027,0.607722979345956,0.0300163426094501,0.549156682633627
"bcc270",108,116,117,0.198382734938464,0.747407846623855,-0.101274134236298,0.440181120740695
"bcc270",108,117,118,0.432192195223856,0.7530609236756,0.031538490604963,0.381331274724251
"bcc270",130,130,131,0.339363864592253,0.381148021921656,0.298103876851441,0.37639263296574
"bcc270",130,131,132,0.283651424717787,0.493242138402313,0.28369792009794,0.27443864895297
"bcc270",130,132,133,0.120014251109503,0.577186669249047,0.221318111826823,0.262890909513398
"bcc270",130,133,134,0.0995295108545902,0.632070829410164,0.22256028108928,0.229180745425938
"bcc270",130,134,135,0.16698732434992,0.640470826196854,0.285387275699801,0.0696281882617886
"bcc270",130,135,136,0.208846979202105,0.760638629147471,0.055392621575613,-0.0279242590458343
"bcc270",130,136,137,0.200629635693224,0.79172455023182,0.0275574493302778,0.265389578596138
"bcc270",130,137,138,0.164736574248585,0.615117946448432,0.0577289380668119,0.524516833304083
"bcc270",130,138,139,0.326794564348329,0.734160900811495,0.318654748993024,0.450259135009217
"bcc270",130,139,140,0.280915758800855,0.611195079152102,0.348819206994083,0.47726726016851
"bcc278",37,43,44,-0.334459741126693,0.727991607910771,-0.31283426421561,0.55782682994876
"bcc278",37,44,45,-0.213919141471232,0.821930362690586,-0.42470036067941,0.408468908718784
"bcc278",37,45,46,0.0220764687686094,0.858012561919344,-0.300907340314361,0.319627664007938
"bcc278",37,46,47,0.0975934633865042,0.847967437464664,-0.0576202148438424,0.216270138127785
"bcc278",37,47,48,-0.100673029164891,0.842404800694549,0.186369714169576,0.0276415521629563
"bcc278",37,48,49,0.0614230142899206,0.638141340446109,0.228207911824543,0.0584915546979186
"bcc278",37,49,50,0.151311180361577,0.845379253756374,0.290960494594176,0.27457316522776
"bcc278",37,50,51,0.202332167302648,0.667551497844569,0.0154406998169487,0.179401492289063
"bcc278",37,51,52,0.142668691722651,0.359865876701795,-0.0842617210989109,-0.0901768150427736
"bcc278",37,52,53,0.0333727251003336,0.505194326310515,0.0281585438588071,0.118904767184958
"bcc278",91,96,97,0.0316257003088536,0.757434253173703,0.340781990224965,0.512636835593621
"bcc278",91,97,98,0.129493090142068,0.714173499831941,0.13525323415385,0.629356068921537
"bcc278",91,98,99,0.287804906292338,0.755395946236628,0.0141994754194722,0.510542403102557
"bcc278",91,99,100,0.407110998273483,0.774388392143304,0.0637884838325746,0.489305987097352
"bcc278",91,100,101,0.447604704284703,0.734535084914496,0.306192903807821,0.59779138224848
"bcc278",91,101,102,0.551039759150351,0.805062039701205,0.585818176942937,0.765494678207009
"bcc278",91,102,103,0.561552434898822,0.88905026797131,0.628328764438646,0.791379368366832
"bcc278",91,103,104,0.639670693030869,0.861173415835098,0.595659513735157,0.781529849216308
"bcc278",91,104,105,0.620657788496232,0.823983061103682,0.660432444751823,0.82704945768955
"bcc278",91,105,106,0.553186785696318,0.895547666941071,0.643811845186064,0.727793931589945
"bcc278",1,6,7,0.00482222048028764,0.806173536501775,0.0342015736634731,-0.00982295247332477
"bcc278",1,7,8,-0.145893714039446,0.540288889855821,0.0493302514149065,0.0922509098270188
"bcc278",1,8,9,0.171253701412415,0.636238857062833,-0.0469926586431286,-0.136310636649776
"bcc278",1,9,10,0.242780208014313,0.621082122457515,0.134646349785045,0.0813539896055044
"bcc278",1,10,11,0.123870221313915,0.476034688393416,0.17900515211457,0.268313618639336
"bcc278",1,11,12,0.108099196068711,0.752057528733646,0.126414343300975,0.1565442064401
"bcc278",1,12,13,0.136686861312317,0.71252719417945,0.140526100965158,0.347169840510278
"bcc278",1,13,14,0.156470581078532,0.720546311868515,0.11053021154583,0.3808879997467
"bcc278",1,14,15,0.19310706468955,0.854237197041415,0.235741831470525,0.411291419957832
"bcc278",1,15,16,0.325225812828292,0.71216768775547,0.407860392457803,0.397768546000125
"bcc278",73,76,77,-0.107320256614372,0.767302136189174,0.245143813588897,0.0559523163678326
"bcc278",73,77,78,-0.407254459414303,0.711885868250059,0.0507207887830814,-0.000615997065152144
"bcc278",73,78,79,-0.379239750968682,0.836882961787178,-0.35897776063688,0.369820425299318
"bcc278",73,79,80,-0.382004253095202,0.868644261599538,-0.440159395075577,0.559575411081378
"bcc278",73,80,81,-0.426288697390987,0.842124265543749,-0.398816288416696,0.572867989706361
"bcc278",73,81,82,-0.318847418064644,0.797538759668118,-0.17665282834341,0.4132323348368
"bcc278",73,82,83,-0.156238908200947,0.771371372394951,0.0178656151626467,0.186766255077804
"bcc278",73,83,84,0.0186373058640588,0.883265109060417,0.179729290463189,0.227063123782139
"bcc278",73,84,85,0.238807806592176,0.7432872275366,0.158183031309426,0.0675887037506614
"bcc278",73,85,86,-0.0384079945223049,0.840031482269085,-0.200147772142119,-0.00396593002374519
"bcc278",113,116,117,0.156113622067492,0.714019478974468,0.207984012091007,0.51254637987949
"bcc278",113,117,118,0.152062359396275,0.69967811411118,0.181912740058872,0.60677161313275
"bcc278",113,118,119,0.00949898695752155,0.657195197469791,0.203977275360655,0.506886720752515
"bcc278",113,119,120,-0.112781521286518,0.707563583509919,0.0199542874873827,0.552240954172697
"bcc278",113,120,121,-0.404528276769899,0.495866107285859,-0.104658844496743,0.46501946043643
"bcc278",113,121,122,-0.22823730211954,0.594018819379053,-0.425726856446305,0.580013140749464
"bcc278",113,122,123,-0.00853608867994987,0.552616274546583,-0.193081690800618,0.337485498033922
"bcc278",113,123,124,-0.0383510722752095,0.61994948517101,0.0227902415999432,0.297118491832013
"bcc278",113,124,125,0.243139596676532,0.657331837094056,-0.0668284578077589,0.0853272233024892
"bcc278",113,125,126,0.163246069478577,0.577802186341245,0.0518739569717966,0.105529113183984
"bcc278",22,24,25,0.23049161117898,0.555608583603654,0.13569192031547,-0.119689734966605
"bcc278",22,25,26,0.221936033703343,0.666514095138319,0.136877899568313,-0.179822320592713
"bcc278",22,26,27,0.00409238485044789,0.577762420743602,-0.0137722517896588,0.0861597645504083
"bcc278",22,27,28,0.00719455178481531,0.60091475383042,-0.152897546003544,0.114895275796977
"bcc278",22,28,29,0.14248753563561,0.547050091230756,0.164792033389745,0.292108695365143
"bcc278",22,29,30,0.350232809605669,0.517830916669198,0.214097800056506,0.301533985810057
"bcc278",22,30,31,0.33274594698176,0.826894840183856,0.416452472186942,0.0449315141030269
"bcc278",22,31,32,-0.0321914617964216,0.661908663098757,0.0510778304627299,-0.162954547559372
"bcc278",22,32,33,-0.157444334366946,0.742492573089321,0.0249994972647032,0.0730626100686937
"bcc278",22,33,34,-0.0948842187975292,0.84637659180016,0.267803526570851,0.266299865850472
"bcc315",121,126,127,-0.000465191259321835,0.425346988470765,-0.14466912479117,0.367364419226711
"bcc315",121,127,128,0.222665532732099,0.773101206011726,0.43903296662105,0.329486366081312
"bcc315",121,128,129,0.319907080960592,0.874902342467257,0.503562121971877,0.429825021135647
"bcc315",121,129,130,0.2188831684859,0.86047452429053,0.355508245279351,0.601999166304674
"bcc315",121,130,131,0.115813331075961,0.855190536297336,0.0134661767006459,0.644276508243793
"bcc315",121,131,132,0.181297681156034,0.834152630098595,0.00940082275852692,0.666860049069187
"bcc315",121,132,133,0.280151334793353,0.798075181305139,0.0781353992198948,0.581539876300162
"bcc315",121,133,134,0.232244838330965,0.805893964053755,0.163190969854944,0.683009528760672
"bcc315",121,134,135,0.127599315390739,0.891005421946457,0.169277204987996,0.766882324505009
"bcc315",121,135,136,0.153708627016017,0.919510877097124,0.31906020998562,0.708892889388058
"bcc315",18,21,22,,,,
"bcc315",18,22,23,,,,
"bcc315",18,23,24,,,,
"bcc315",18,24,25,,,,
"bcc315",18,25,26,,,,
"bcc315",18,26,27,,,,
"bcc315",18,27,28,,,,
"bcc315",18,28,29,,,,
"bcc315",18,29,30,,,,
"bcc315",18,30,31,,,,
"bcc315",1,4,5,,,,
"bcc315",1,5,6,,,,
"bcc315",1,6,7,,,,
"bcc315",1,7,8,,,,
"bcc315",1,8,9,,,,
"bcc315",1,9,10,,,,
"bcc315",1,10,11,,,,
"bcc315",1,11,12,,,,
"bcc315",1,12,13,,,,
"bcc315",1,13,14,,,,
"bcc315",83,85,86,0.20002703571637,0.793527427460788,0.139174390049708,0.631271331687153
"bcc315",83,86,87,0.410989299757988,0.711684377180916,0.0925339059889609,0.502498864683211
"bcc315",83,87,88,0.464025495443416,0.85052883599623,0.282726730940322,0.635406043033712
"bcc315",83,88,89,0.421479371406197,0.829828354094048,0.416819638170096,0.78805592237761
"bcc315",83,89,90,0.461479804442715,0.812644736240304,0.372629907752767,0.81281502518703
"bcc315",83,90,91,0.577314189482959,0.786048191226389,0.491690240308565,0.723193063224412
"bcc315",83,91,92,0.531157479698677,0.782566462549399,0.574755027160997,0.77605532576288
"bcc315",83,92,93,0.366030533933533,0.86887232721506,0.395994536051845,0.721430137178083
"bcc315",83,93,94,0.0936687912058693,0.833797387088856,0.245634729796234,0.707201867528942
"bcc315",83,94,95,-0.0803461194282998,0.902110148273333,0.043275772563818,0.639598974630821
"bcc315",98,100,101,0.299908770016699,0.876640853359974,0.195649205696285,0.296525909643871
"bcc315",98,101,102,0.238007168328771,0.737665792540229,0.457328194728878,0.54039519877986
"bcc315",98,102,103,0.166983696827122,0.73969464292042,0.574181411049105,0.549107300717538
"bcc315",98,103,104,0.187525487484395,0.796932385653135,0.42038344944987,0.390294888179071
"bcc315",98,104,105,-0.0361139041497638,0.736815588980313,0.239973557912351,0.489121933264334
"bcc315",98,105,106,0.277547404210603,0.86421108049911,0.0928769055529738,0.626826490678306
"bcc315",98,106,107,0.357624433096523,0.835188328633913,0.150105098436599,0.672233512216752
"bcc315",98,107,108,0.463744857979361,0.839127715016502,0.355768224648822,0.699591575387754
"bcc315",98,108,109,0.432004926353839,0.917083371916749,0.472569848097303,0.773003950406872
"bcc315",98,109,110,0.19531608624331,0.88748610120771,0.433721862894827,0.68321781645322
"bcc315",142,144,145,0.405697561337582,0.820128396837135,0.436796618148723,0.739578734350448
"bcc315",142,145,146,0.384658856408117,0.856588493636297,0.364127584534635,0.70844270336487
"bcc315",142,146,147,0.260133191653627,0.832561109186691,0.351682697437687,0.615791190644265
"bcc315",142,147,148,0.00913089127121848,0.798456706590059,0.22569923683153,0.602984572789525
"bcc315",142,148,149,-0.0100508981893348,0.889591498234852,-0.0402690560113454,0.449304435807616
"bcc315",142,149,150,0.0276226506903469,0.81099353131319,-0.256517294826208,0.494245272793243
"bcc315",142,150,151,0.307028114978718,0.765451684779348,-0.151366857642403,0.503495411990343
"bcc315",142,151,152,0.126947151140467,0.730740388775089,0.276329019544198,0.69192155402565
"bcc315",142,152,153,0.236683875143676,0.80324098380237,0.466511831072469,0.521729397139967
"bcc315",142,153,154,0.236914005191385,0.785106445286231,0.271114188009196,0.419533238847695
"bcc528",53,76,77,0.401433007398471,0.551383210816181,0.36876699326236,0.455654134426605
"bcc528",53,77,78,0.47613874899769,0.423742902499307,0.301222930226713,0.2303256607792
"bcc528",53,78,79,0.487207996407688,0.5654075739386,0.384314358162321,0.0815998737888091
"bcc528",53,79,80,0.405090731025671,0.517203139691376,0.524413026039574,0.149102048132635
"bcc528",53,80,81,0.450511703015208,0.675137193533987,0.516438496547419,0.322122881669332
"bcc528",53,81,82,0.468369963736288,0.59951500767875,0.489595949261127,0.484839036842336
"bcc528",53,82,83,0.318491742904795,0.608509440755194,0.359668546607024,0.425869087142268
"bcc528",53,83,84,0.0859029420446551,0.573362778398714,0.37816778661095,0.341229675049336
"bcc528",53,84,85,0.117977858013453,0.50089372590225,0.264166168884039,0.381656788383066
"bcc528",53,85,86,0.143882927978526,0.424909594068914,0.0767813759152076,0.376377305929464
"bcc528",164,186,187,0.406677782005217,0.687838843141136,0.353850395022859,0.15158421025483
"bcc528",164,187,188,0.493664096978303,0.569896510906773,0.361349835979128,0.401471471903553
"bcc528",164,188,189,0.170991856030872,0.72318925838234,0.188070552934727,0.490256156763467
"bcc528",164,189,190,0.0112177569521284,0.683287202661089,0.129005994660137,0.382767843292365
"bcc528",164,190,191,0.0423571963530843,0.682888047315196,-0.0436552518962321,0.084044043961826
"bcc528",164,191,192,0.0497154254179276,0.349431024192993,0.147355362052461,0.0767023647173632
"bcc528",164,192,193,0.264155576968789,0.329240134751026,0.406744719245424,0.128991760619678
"bcc528",164,193,194,0.464126481463197,0.140846999055708,0.468810614898556,0.116072430828174
"bcc528",164,194,195,0.418090161566062,0.0945919315553954,0.435996291863826,0.292475506541221
"bcc528",164,195,196,0.227430538755662,0.483097446797458,0.375358432201118,0.195629240552114
"bcc528",110,131,132,0.534605941063847,0.376138699130004,0.436934278069361,0.327948294006154
"bcc528",110,132,133,0.24576297054736,0.465455303629532,0.289435478372531,0.183796143754587
"bcc528",110,133,134,0.153787313617337,0.492030278947318,0.240871169992489,0.155443330807007
"bcc528",110,134,135,0.305082253941021,0.553502951889143,0.190180658977864,0.157043497280303
"bcc528",110,135,136,0.37913156395121,0.613183491636879,0.213072072388049,-0.206198271931343
"bcc528",110,136,137,0.202625043525376,0.531656734798315,-0.0850274374580765,-0.29367317808738
"bcc528",110,137,138,-0.207164339385171,0.526393939076306,-0.124850007636144,0.285434013319779
"bcc528",110,138,139,-0.179674884066115,0.50102625062097,0.208173790224261,0.205186260621737
"bcc528",110,139,140,-0.17501787613042,0.503257291132789,0.228050517009299,0.064907488876201
"bcc528",110,140,141,0.035200193287406,0.653901952455175,0.0913453770096776,0.390402197250284
"bcc528",1,21,22,0.2784954782488,0.503697345959682,0.41136759764696,0.245485133152824
"bcc528",1,22,23,0.302149755535801,0.504681128080953,0.363517624901443,0.523141294203847
"bcc528",1,23,24,0.451376347595463,0.476209499756029,0.39267580949514,0.379061257969608
"bcc528",1,24,25,0.458295633271237,0.429050720876879,0.443613759542262,0.429349932076969
"bcc528",1,25,26,0.49482055627174,0.464663870436034,0.440489389857497,0.438935696459323
"bcc528",1,26,27,0.375238332607565,0.499565892288351,0.571591219778421,0.402285895576143
"bcc528",1,27,28,0.4376416485862,0.696793683070142,0.540843070747793,0.451711529696411
"bcc528",1,28,29,0.648957920313023,0.694987678988454,0.53895590072415,0.51820146785621
"bcc528",1,29,30,0.545029607514665,0.692836468714662,0.468904111866809,0.478422694977404
"bcc528",1,30,31,0.507213475365057,0.760143156444633,0.287648956566747,0.460674807265372
"bcc644",54,76,77,0.0975887192079258,0.829139831214163,0.243500342378219,0.398830394141537
"bcc644",54,77,78,0.229821636789429,0.730255835659363,0.280793899592793,0.440472319324922
"bcc644",54,78,79,0.309429749017994,0.604074731703085,0.393819387632312,0.445048327342776
"bcc644",54,79,80,0.436837674113509,0.603351605474213,0.348210939254051,0.384478562354546
"bcc644",54,80,81,0.201679900261864,0.522007987071894,0.246158912384235,0.281689742951812
"bcc644",54,81,82,0.234572049282692,0.482728566078286,0.32803301587552,0.0629403658095174
"bcc644",54,82,83,0.182414562008123,0.362503560038797,0.408843311399647,-0.120666082939331
"bcc644",54,83,84,0.225420022114538,0.469644342113219,0.296325585239009,-0.0797726119335164
"bcc644",54,84,85,0.269796422226195,0.577988908014799,0.266667636776839,0.0732051792945463
"bcc644",54,85,86,0.339452456290184,0.401862425487125,0.340707017301805,0.161413065145581
"bcc644",1,22,23,0.0428379067666122,0.540243786070028,0.162934815434132,0.136452618775303
"bcc644",1,23,24,-0.0130873351065193,0.506671362705772,-0.113070422260062,0.317492303263344
"bcc644",1,24,25,0.0513107735998829,0.587239591528547,-0.214371515481954,0.248587645045373
"bcc644",1,25,26,-0.0483914789056887,0.515454873022502,-0.0728337340823321,0.314037511531269
"bcc644",1,26,27,-0.0216806846549135,0.523535528646935,0.00337218955933552,0.379390433782878
"bcc644",1,27,28,-0.0448026653953345,0.681047716486655,0.262046419041465,0.0948368041369739
"bcc644",1,28,29,0.0921458731514308,0.543316195144012,0.292463005285997,0.0949282444057116
"bcc644",1,29,30,0.299392323677608,0.346239273724868,0.0768322450723039,-0.117002491721885
"bcc644",1,30,31,0.119927147712785,0.576751296498244,0.0949298440524335,0.0888860937863942
"bcc644",1,31,32,-0.00808227066281864,0.723794916100257,0.178663132539239,0.53283017438678
"bcc644",109,129,130,0.499567624618384,0.375054291282622,0.25467190317316,-0.0516380436372392
"bcc644",109,130,131,0.323202974118198,0.646224968049876,0.37540837358922,0.118637743827634
"bcc644",109,131,132,0.440879793848048,0.562087449120323,0.314345261901518,0.26942195040127
"bcc644",109,132,133,0.417760194711843,0.474593520615043,0.35943711944214,0.335344151450334
"bcc644",109,133,134,0.335699612144256,0.589836215248168,0.350431211523099,0.149392968008447
"bcc644",109,134,135,0.0870979004070555,0.638190672742371,0.231658257234088,0.0833847830079386
"bcc644",109,135,136,-0.282991396404933,0.603568446438951,0.00376613854270579,0.207441030715243
"bcc644",109,136,137,-0.129711421835023,0.402683609643447,-0.0843803647548758,0.126994173811868
"bcc644",109,137,138,0.371628829947917,0.487837607087142,0.209836441499767,0.0375096784479414
"bcc644",109,138,139,0.437994636841007,0.507929934921141,0.288495385865668,0.135823696717362
"bcc644",161,181,182,-0.0367016620069492,0.428616927644449,0.162479738117226,0.473072569072234
"bcc644",161,182,183,0.282679860342994,0.716752747700663,0.119679887111519,0.202465291035621
"bcc644",161,183,184,0.408709400893717,0.739875696904087,0.36645897005056,0.284471276261001
"bcc644",161,184,185,0.110431693501866,0.654597864047557,0.291349082439341,0.413732551717149
"bcc644",161,185,186,0.339336990389409,0.787541134722845,0.16858410571044,0.523610787016739
"bcc644",161,186,187,0.338488247816177,0.796069532777678,0.336962631046033,0.692589193613088
"bcc644",161,187,188,0.359031684890788,0.827096194043016,0.281400888786055,0.729957815494892
"bcc644",161,188,189,0.387907129716129,0.790320735181919,0.234929838741262,0.634799652586816
"bcc644",161,189,190,0.290259539575004,0.676158375915408,0.339302561070429,0.479649982739318
"bcc644",161,190,191,0.114791687672985,0.487451759568774,0.352025367155588,0.265591242862924
"bcc644",212,228,229,0.118302482567537,0.72917095254851,0.0872418077819574,0.398904838704914
"bcc644",212,229,230,0.0912705058273088,0.621027199961264,-0.0207149548552875,0.40028044668215
"bcc644",212,230,231,-0.00938474961577062,0.50117861790281,-0.0946879085299859,0.445417182029433
"bcc644",212,231,232,0.0224960614013365,0.700632898377008,-0.0642814104824914,0.403535638920604
"bcc644",212,232,233,-0.0752408884906784,0.643087022879786,-0.17260331333072,0.405917843038675
"bcc644",212,233,234,-0.280994649569563,0.645962107903998,-0.205319224282648,0.45906423228616
"bcc644",212,234,235,-0.147763778229996,0.496649996734513,-0.225167278615303,0.421906492313698
"bcc644",212,235,236,-0.157841904834579,0.57128621683511,-0.112628843548077,0.432633573359975
"bcc644",212,236,237,-0.175414047115372,0.609380473900575,-0.245043381788731,0.489666040313912
"bcc644",212,237,238,-0.158512916535972,0.630514945228131,-0.200914512057043,0.476925823452635
"bcc72",68,98,99,0.275960613490898,0.490766593229822,0.304518232169108,0.513138001680683
"bcc72",68,99,100,0.204052998004169,0.505352084047403,0.260342367683457,0.537107911722874
"bcc72",68,100,101,0.213020208948112,0.27878620614449,0.0978900888062478,0.359966723599243
"bcc72",68,101,102,0.186967060032548,0.267451242181733,0.0247580280317225,0.433474783326046
"bcc72",68,102,103,0.0715470912576859,0.421613673395187,0.104335903957898,0.397116802231956
"bcc72",68,103,104,0.218457243886763,0.238300270218235,0.172710288406377,0.364675318151708
"bcc72",68,104,105,0.314711918751144,0.220813090685837,0.288315352045346,0.247244429801797
"bcc72",68,105,106,0.360821945520789,0.279343731124125,0.430970527341689,0.445709608286004
"bcc72",68,106,107,0.0671499132909157,0.433471215950351,0.256284405595122,0.585602604839106
"bcc72",68,107,108,0.208196686646341,0.373596647714775,0.0790014118246456,0.545702855039512
"bcc72",1,29,30,0.192654587468392,0.340634781981339,0.18646939423444,0.333635193120461
"bcc72",1,30,31,0.27003882602209,0.357574016103735,0.304219458592783,0.4015017687942
"bcc72",1,31,32,0.382098988225068,0.282487302574633,0.30384917548435,0.444898848642235
"bcc72",1,32,33,0.304890568003935,0.389911434270757,0.263299410222822,0.511961969979857
"bcc72",1,33,34,0.23600520811775,0.451700284644826,0.275324540644889,0.487069095109788
"bcc72",1,34,35,0.292725145806838,0.425039009302355,0.328346575027822,0.440295055368303
"bcc72",1,35,36,0.369968845856746,0.360816633345559,0.371729559542318,0.464295683042498
"bcc72",1,36,37,0.378024579365224,0.265693984706303,0.293635080923694,0.519248203600274
"bcc72",1,37,38,0.376590148628784,0.45686228747786,0.223148661201892,0.581330630447713
"bcc72",1,38,39,0.318828239504762,0.502483272538089,0.234796185708948,0.658944923121792
"bcc738",102,125,126,-0.0795778073492147,0.428989402324493,0.180653252028579,0.196554366867493
"bcc738",102,126,127,0.304673480821172,0.535452155799606,0.083647651227411,0.315343028476387
"bcc738",102,127,128,0.30326928153249,0.666721862994044,0.111227072150969,0.390063191028781
"bcc738",102,128,129,0.261020555210764,0.357974678497324,0.270255947226024,0.410151247149877
"bcc738",102,129,130,0.279891063827459,0.57707886938594,0.253737584889339,0.215649517166593
"bcc738",102,130,131,0.273788025593209,0.426405898322268,0.214987365573026,0.220018958509271
"bcc738",102,131,132,0.200778646617384,0.441906596331768,0.120520880660289,0.289542540163988
"bcc738",102,132,133,0.200882867102767,0.562017838518468,0.169581321496358,0.260592133930676
"bcc738",102,133,134,0.238486017696232,0.547399318932167,0.227860674318704,0.0888634296792487
"bcc738",102,134,135,0.116688371745905,0.640967636083439,0.203953862956869,0.265282771970794
"bcc738",1,17,18,0.042125750107984,0.548096778753849,0.144099487898766,0.188021310227126
"bcc738",1,18,19,0.064062607118973,0.575795150118872,0.194484688566214,0.0511612543648268
"bcc738",1,19,20,0.12915342393607,0.655739746370144,0.141070645223957,0.124613139741569
"bcc738",1,20,21,0.0283006077154459,0.605258593561197,0.0823983640976767,0.265886626433755
"bcc738",1,21,22,0.118859278706159,0.663122703210723,0.17371622300497,0.227019046693828
"bcc738",1,22,23,0.0623967739773713,0.678537069884259,0.11600515545276,0.284756023203021
"bcc738",1,23,24,0.1353032115057,0.724783907868091,0.0485108336675594,0.303312933174778
"bcc738",1,24,25,0.295855951233816,0.741090971232783,0.09124289874997,0.278386232054114
"bcc738",1,25,26,0.176431269720594,0.577666408034181,0.0871542523621591,0.378235745341941
"bcc738",1,26,27,0.149567868675209,0.396980941124363,0.053401606033946,0.34643853476492
"bcc738",44,57,58,0.216393486330874,0.670953805842207,0.105160250622618,0.44919449110236
"bcc738",44,58,59,0.143536738307434,0.765029608488639,-0.0469026855446675,0.0963938932433338
"bcc738",44,59,60,0.165555067324031,0.719180598139382,0.0597980710483652,-0.0294855405575918
"bcc738",44,60,61,0.179712768268788,0.266222332150037,0.172082653421836,0.101027304335174
"bcc738",44,61,62,0.183693900649218,0.451538109734516,0.0433235031583321,0.0671360233948468
"bcc738",44,62,63,0.278689851567419,0.604893413690871,0.0893268901859854,0.174772654571279
"bcc738",44,63,64,0.275577543057106,0.472964392609007,0.176560253524936,0.212618657187153
"bcc738",44,64,65,0.170505410453693,0.476170299250278,0.0696837998782419,0.387226785103334
"bcc738",44,65,66,0.184014400583215,0.636347568943369,0.369819905096955,0.341669472904989
"bcc738",44,66,67,0.222492064954614,0.631471129166063,0.285933386720357,0.32249815119122
"bcc738",198,205,206,0.116346548359792,0.66661904585126,0.214782157823522,0.244634584329741
"bcc738",198,206,207,-0.0915196799511592,0.80643781464023,0.267517236619449,0.239985864618504
"bcc738",198,207,208,-0.226807827175373,0.803795304282853,0.204910769459615,0.294009865462079
"bcc738",198,208,209,-0.0460768142615718,0.701041318401948,0.0162556214594501,0.370770479395933
"bcc738",198,209,210,0.0739262533735747,0.424991856451995,-0.163843654878443,0.0590522970842281
"bcc738",198,210,211,0.249758956076155,0.356426426237935,0.273880449881688,-0.0118812914446971
"bcc738",198,211,212,0.318418852563394,0.50342526367536,0.314210351922084,0.118003620398446
"bcc738",198,212,213,0.242087799844054,0.37396711674525,0.153503320529179,0.250776804501243
"bcc738",198,213,214,0.0879171271496806,0.375297646029337,0.111231779726731,0.407028331222193
"bcc738",198,214,215,0.0498674423515509,0.614205634567589,0.0242185353388025,0.330333509875206
"bcc738",81,86,87,0.178626781767222,0.347447536804321,0.225017987198412,0.220122370950655
"bcc738",81,87,88,0.184161628181424,0.507789480695217,0.165733557338397,0.334585218453371
"bcc738",81,88,89,0.124952081378333,0.667568740220829,0.180720167804347,0.259840862047995
"bcc738",81,89,90,0.160348606360716,0.696938061788147,0.12747519611008,0.294480203878218
"bcc738",81,90,91,0.272912348723371,0.560881299555618,0.0943699739753747,0.422603198141598
"bcc738",81,91,92,0.181239521077754,0.498231056625113,0.251741875887569,0.34032218988476
"bcc738",81,92,93,0.11835932019173,0.228401194951327,0.263054724948177,0.449690856883808
"bcc738",81,93,94,0.349047953286485,0.472898681870118,0.118979012551256,0.162647273137928
"bcc738",81,94,95,0.262786379423405,0.397461335282981,0.20353724694426,0.141694449896312
"bcc738",81,95,96,0.0211772309110034,0.605899707715976,0.342627501109669,0.0742812978634269
"bcc738",159,164,165,0.217500462284561,0.412829797029394,0.180759948811937,0.378655008102844
"bcc738",159,165,166,0.355765395406215,0.470342512205044,0.35484381982376,0.491086406190371
"bcc738",159,166,167,0.00249479306519035,0.519459403418233,0.460788615413593,0.164068973309923
"bcc738",159,167,168,0.0969610079574093,0.554856388169697,0.419671707167113,-0.0333124030986328
"bcc738",159,168,169,0.287825003248734,0.568181659848861,0.18888459329491,0.495882062514133
"bcc738",159,169,170,0.165297936236394,0.553973105669109,0.112222580865951,0.298144477877201
"bcc738",159,170,171,0.563268219013828,0.710874475212658,0.278919657466574,0.0469184548917807
"bcc738",159,171,172,0.248125872838892,0.726599176011506,0.0868635618392016,-0.375249322568565
"bcc738",159,172,173,-0.0410732578400182,0.679857260980286,0.147214144397952,-0.0821799280720318
"bcc738",159,173,174,-0.018769297406624,0.714781447608955,-0.0441097421570164,-0.0965551487020156
"bcc861",1,12,13,0.211228370817686,0.585523220220453,0.358782499832882,-0.402555521816623
"bcc861",1,13,14,0.154473060289674,0.399207944555029,0.0738363088185204,0.179653797581073
"bcc861",1,14,15,0.433141665592202,0.489153110736334,0.128987910790409,-0.055989403611918
"bcc861",1,15,16,0.177321779002263,0.399890008185124,0.275845928629489,0.369178075588524
"bcc861",1,16,17,0.303218347408328,0.132484152988164,0.195120086916731,0.383382024644812
"bcc861",1,17,18,0.255298882503653,0.36021038508754,0.0985160128962742,0.202006906433776
"bcc861",1,18,19,-0.252289246519516,0.225560812101203,-0.0618752174341452,0.236833147357164
"bcc861",1,19,20,0.0634158532243583,0.283215207794094,-0.294465315365436,0.0706092781335101
"bcc861",1,20,21,-0.213531261947637,0.136779758991045,-0.0470064353701654,0.217238128921592
"bcc861",1,21,22,-0.0259512056714113,0.150216772551662,-0.00591371669292143,-0.250750682062709
"bcc861",35,43,44,0.424044967209631,0.646587709496657,0.232351040440803,0.134093353335473
"bcc861",35,44,45,0.250914308786204,0.330429491295157,0.32983686162446,0.409336748574998
"bcc861",35,45,46,-0.261654105814758,0.293984009950968,-0.240531970265463,0.00900218535715534
"bcc861",35,46,47,-0.1934265517626,0.497516383692531,-0.322784598744416,0.216785620667402
"bcc861",35,47,48,-0.16167365661181,0.794268865800884,-0.138521106868601,0.175519607321555
"bcc861",35,48,49,0.089179944669544,0.737203863511434,-0.199060514334322,0.443147008122849
"bcc861",35,49,50,0.229700788581158,0.682753658121021,0.452740125565837,-0.0483625922658576
"bcc861",35,50,51,0.402178484370315,0.561316698504058,0.548137642315528,0.444347295389227
"bcc861",35,51,52,0.243011984866857,0.458669680356895,0.128629506312714,-0.0948212283914478
"bcc861",35,52,53,-0.258941080588333,0.183432320343389,0.219687301113259,0.136228454950878
"bcc861",62,69,70,0.305275419049084,0.468165345202431,0.0781950699778722,0.262156087205003
"bcc861",62,70,71,0.103870108985018,0.501490905173004,0.318858811647147,0.142661627130234
"bcc861",62,71,72,0.372562893379237,0.53281617469928,0.145831107459755,0.200048724997032
"bcc861",62,72,73,0.692915836282245,0.776244133231215,0.514435404854268,0.435713404559703
"bcc861",62,73,74,0.57615329060046,0.69553127067146,0.416341657549107,-0.0374342283343299
"bcc861",62,74,75,0.213685913795485,0.0604676787100942,0.428663249083255,0.0277785243502696
"bcc861",62,75,76,-0.107260663396566,0.690182827489079,0.280894883824322,-0.257312392077917
"bcc861",62,76,77,-0.0672478471729046,0.517794831961338,-0.116553012249545,-0.0857878950577696
"bcc861",62,77,78,-0.0262378484315783,0.585125761492213,-0.0683480075670629,0.0974295907932617
"bcc861",62,78,79,0.162102377412713,0.496539181879779,0.347249624653548,0.313384500833231
"bcc861",87,93,94,0.307314945892265,0.111848261986923,0.207025572004433,0.17321604943444
"bcc861",87,94,95,0.312106707965043,0.581244917728607,0.0842200042684604,0.209525029011225
"bcc861",87,95,96,-0.333209474513224,0.350042341045978,-0.277161371080391,0.264661904127018
"bcc861",87,96,97,0.0231962691607515,0.470035864100554,-0.148539937567605,0.0323414533213352
"bcc861",87,97,98,0.237098215985439,0.370485591248866,0.057146056020094,-0.308709757324775
"bcc861",87,98,99,0.570012028590746,0.642385177210428,0.591105723499484,0.188913610952419
"bcc861",87,99,100,0.591501686428341,0.545088559711713,0.599578773156755,0.466786413154401
"bcc861",87,100,101,0.287997423392503,0.350057235755237,0.364044720449331,0.351206052062994
"bcc861",87,101,102,0.133553013297249,0.0227803385036636,0.201883517417179,0.266563583137644
"bcc861",87,102,103,0.179688459976172,0.601809176285125,0.0635585031665533,-0.131667249330029
"bcc861",110,115,116,0.115147319487293,0.326940894592977,0.192077562544963,0.246900918747095
"bcc861",110,116,117,0.375923466863403,0.397089029868643,0.306867632140068,0.312212069784103
"bcc861",110,117,118,0.343755263216875,0.479223335741923,0.281964426108932,0.445195244490089
"bcc861",110,118,119,0.344725406282963,0.453487871654397,0.281483774982723,0.0194128294957456
"bcc861",110,119,120,0.176058195618843,0.148828073045641,0.212110859508042,0.163315883660983
"bcc861",110,120,121,0.0974119432552448,0.183554608734935,0.214895832518571,0.0998399191068851
"bcc861",110,121,122,0.40789544394362,0.303957024752838,0.279114861503881,0.343621662554396
"bcc861",110,122,123,0.50759423391249,0.75239772115688,0.201193086715618,0.00894809228439873
"bcc861",110,123,124,0.170080086542859,0.719616359027398,-0.116205396106796,0.329277506027306
"bcc861",110,124,125,-0.0134245906455373,0.518447064981979,0.119760349477885,0.499834187421709
"bcc861",153,158,159,0.377875228068885,0.358170894120817,0.261073857843536,0.36734856979258
"bcc861",153,159,160,0.388198390739813,0.782278562833656,0.381239115786308,0.03015937053705
"bcc861",153,160,161,-0.197455853689783,-0.119313043415065,0.11056848886879,-0.110084454956401
"bcc861",153,161,162,-0.106939898866148,0.416744485757195,0.0187054475263913,0.182205386652496
"bcc861",153,162,163,0.205628677026839,0.642773167895475,0.00318948897156728,0.388680184977987
"bcc861",153,163,164,0.313863913920894,0.58073679958479,0.26350423687087,0.362321586364668
"bcc861",153,164,165,0.116290044874119,0.337816314515573,0.169063186629934,0.501470034674079
"bcc861",153,165,166,0.325230504457046,0.601868306041498,0.0898175496194621,0.0431770079204241
"bcc861",153,166,167,0.0922005536567454,0.386600282258903,0.0854351508493275,0.20193351340968
"bcc861",153,167,168,0.0882130798744391,0.335424464793234,-0.0555119640626677,0.120321265079119
"bcc87",171,200,201,0.105314192907349,0.00572539898317184,-0.111475417222202,0.415993466005175
"bcc87",171,201,202,0.311312320321224,0.235227648603851,0.0769678754411001,0.643605546553882
"bcc87",171,202,203,-0.0257742804740255,-0.023052977342911,-0.28944176903164,0.485004906359326
"bcc87",171,203,204,0.0823497032357095,0.15510970756513,0.0739581830409461,0.424182758140398
"bcc87",171,204,205,0.200319344061538,0.0226427742473178,-0.201172828869323,0.399627730309187
"bcc87",171,205,206,0.324206939743508,0.00168593653145801,-0.189272208526779,0.59309048979875
"bcc87",171,206,207,0.434818469439399,0.171743924317724,-0.200199881067974,0.713577628945354
"bcc87",171,207,208,0.122635777479656,0.127593623058325,-0.158559451083145,0.494331858067917
"bcc87",171,208,209,0.326710806996093,0.19525685497033,0.00792432307686154,0.217216068556222
"bcc87",171,209,210,0.237908052140794,-0.102653357447216,0.00814689271015604,0.268088368900673
"bcc87",104,132,133,0.118892837405229,0.282860840883428,0.128168905370623,0.578495769405371
"bcc87",104,133,134,0.0609371242025927,-0.150774899677963,0.0752020083723831,0.310555079128064
"bcc87",104,134,135,0.100568889114987,-0.168817221904426,-0.061390101784533,0.246184880229544
"bcc87",104,135,136,0.198006640095141,-0.0737890882888828,-0.195001003120189,0.204440209247608
"bcc87",104,136,137,0.266506926364621,-0.0945342104008176,-0.130906846104546,0.334632812304281
"bcc87",104,137,138,0.476916549584121,-0.330125519461572,-0.0563819430047091,0.651363901628482
"bcc87",104,138,139,0.27792445715042,-0.402050775379063,-0.238454339704316,0.460400863908061
"bcc87",104,139,140,-0.163827854565866,-0.0693545037056293,0.195825909159591,0.130860003482933
"bcc87",104,140,141,-0.249350544407011,-0.0505573145822935,0.194275096523647,0.379052067545144
"bcc87",104,141,142,-0.422775837717102,-0.265017660928814,0.162415023621474,0.443762341258222
"bcc87",241,267,268,-0.0224374881395456,0.0225485009334509,-0.236403788324084,0.253621974915906
"bcc87",241,268,269,0.0674638183399512,0.0151117262411641,-0.146725443132357,0.0917828860294113
"bcc87",241,269,270,0.346048825096288,-0.0921136166297153,-0.393056425572373,0.601855052943993
"bcc87",241,270,271,0.436924176221432,0.158875636533369,-0.038505009401766,0.659074768728432
"bcc87",241,271,272,0.268624174824382,0.127837098457202,-0.125866382495022,0.378992211215677
"bcc87",241,272,273,0.0353932456705899,0.133005828388635,0.0989208097044296,0.0409381256607199
"bcc87",241,273,274,0.00256458827114504,0.164028925350135,0.124964814648734,0.274271903055586
"bcc87",241,274,275,0.231936764171934,0.162555280725501,0.159612821770993,0.535449909932142
"bcc87",241,275,276,-0.0249815737785974,-0.0139742818346777,0.170085140281699,0.415303757805704
"bcc87",241,276,277,0.00519687301609998,-0.131808939037217,0.327104023715463,0.330871458173843
"bcc87",305,315,316,-0.270993703092629,-0.0237484376758985,-0.065304440895386,0.336342110496406
"bcc87",305,316,317,-0.243238537099065,0.0487924258131595,0.0582122325367808,0.151219735995942
"bcc87",305,317,318,0.247365016460572,-0.013973879742692,0.101654188753127,0.340849581826938
"bcc87",305,318,319,0.263612659181362,0.24721507662989,0.344379019909372,0.271475386656067
"bcc87",305,319,320,0.0988666145498895,0.366299076681939,0.175170586505008,0.654524510662733
"bcc87",305,320,321,-0.186021890581194,0.256162923407868,0.0807043784093898,0.573710067219374
"bcc87",305,321,322,-0.187786784139206,0.123858858304423,-0.0640878615277048,0.294651062011869
"bcc87",305,322,323,0.128073839171536,0.0498852918041059,0.0196643025566997,0.232588291834644
"bcc87",305,323,324,0.141195127262285,-0.0820624530197733,0.0176490422640672,0.165013060351819
"bcc87",305,324,325,0.126030029109002,0.051830534055453,0.0818337927115354,0.146158686839234
"bcc88",35,58,59,0.262863247746063,0.262437798533094,0.00168063788748803,0.56148418784629
"bcc88",35,59,60,0.153858929119156,0.414335100015228,0.231101422575836,0.286773874643463
"bcc88",35,60,61,0.0859847833009783,0.502444082553253,0.29925705426757,0.625848215809318
"bcc88",35,61,62,0.391567414686256,0.458613528857008,0.0846864111826459,0.611301599351768
"bcc88",35,62,63,0.314730153700829,0.62948316755559,0.327400560791311,0.629838292992866
"bcc88",35,63,64,0.262030669748176,0.663641952229717,0.245022965925894,0.637377797177406
"bcc88",35,64,65,0.358652017027442,0.375875513662092,0.0684544321251838,0.598959997970739
"bcc88",35,65,66,0.236366415555469,0.0659603495624735,-0.0515330014259713,0.476168941320551
"bcc88",35,66,67,0.210457473301111,0.241844832017758,0.0989963893929675,0.299319575984381
"bcc88",35,67,68,0.221805964426231,0.279080429491657,0.00912901273589992,0.178649950737205
"bcc88",93,114,115,0.172359866938871,0.213752559152773,0.123171638094431,0.207167805625119
"bcc88",93,115,116,0.0188264697095494,0.176112922439749,0.0355219215156477,0.191194902904473
"bcc88",93,116,117,0.122798961239931,0.146802784482003,0.0742882796931738,0.181127887163187
"bcc88",93,117,118,0.283698712596472,0.239895233360253,0.182718545932431,0.241981212117913
"bcc88",93,118,119,0.144974538385033,0.313286719621961,0.156897045155142,0.435102797517281
"bcc88",93,119,120,0.0832890336784144,0.239175357352847,-0.120197576047987,0.445407637052147
"bcc88",93,120,121,0.230481683843522,0.0488930287846038,0.115925339712708,0.403078128679436
"bcc88",93,121,122,0.276930614032437,0.177700107637594,0.174010416928783,0.329470283750087
"bcc88",93,122,123,0.259303826172016,0.0692035113208218,0.270988686393125,0.310574906390253
"bcc88",93,123,124,0.162523988278392,0.404771758526594,0.144257701961785,0.29181586767928
"bcc88",275,294,295,0.0743150823404481,0.138346044019666,0.268197725885673,0.35388373545697
"bcc88",275,295,296,0.206559736694434,0.11706428951034,0.115966179118019,0.275314004670196
"bcc88",275,296,297,0.0155568322975979,0.153203048094021,0.12770610148944,0.269082858077041
"bcc88",275,297,298,-0.151359823577348,0.194875947929459,0.122101876094173,0.525390574731662
"bcc88",275,298,299,-0.0795238360727415,0.317217156492566,0.223836698174723,0.595616916914436
"bcc88",275,299,300,0.0885999405740657,0.440298591988678,0.246359966312888,0.53780781393026
"bcc88",275,300,301,0.151685458171649,0.511758229425363,0.287847576458503,0.466020460590452
"bcc88",275,301,302,0.275582638725035,0.358423345748624,0.394033727972868,0.347396936991264
"bcc88",275,302,303,0.16813774829849,0.337743389773499,0.26122038316603,0.453656009057037
"bcc88",275,303,304,0.156247663632863,0.538478104224303,0.155750098099546,0.688244811044906
"bcc88",1,10,11,0.0625987698538665,0.234438553643828,0.127106882155467,0.322320018441704
"bcc88",1,11,12,0.0184700516652705,0.291387287961591,0.294967440044733,0.243889161317531
"bcc88",1,12,13,0.191613797637704,0.298143945882389,0.253362234543294,0.401565294843579
"bcc88",1,13,14,0.302659003515128,0.444250192329051,0.099778843275211,0.540449563932145
"bcc88",1,14,15,0.0234111926963727,0.633593443264309,0.135903784526596,0.534624681861874
"bcc88",1,15,16,0.0466178308089451,0.587076987286056,-0.0374845343315573,0.729273106217696
"bcc88",1,16,17,0.0907620094984251,0.634903930761974,0.0776902033807211,0.611536892670691
"bcc88",1,17,18,0.015698580556484,0.626149044037357,0.197884147078046,0.528938955472559
"bcc88",1,18,19,0.063532325898644,0.533233231631652,0.0411604855407941,0.627501168859341
"bcc88",1,19,20,0.248323388716726,0.550414746520095,0.108307588840522,0.462036265417205
"bcc91078",24,48,49,0.270688488480903,0.528180027497337,0.0397655703521375,0.184090911728045
"bcc91078",24,49,50,0.141585391118104,0.565580063423631,-0.0344883981744724,0.221082083341138
"bcc91078",24,50,51,0.269791187869684,0.781053225934151,0.383584153444619,0.13058655424865
"bcc91078",24,51,52,-0.140515316346329,0.626745752866652,0.195023408127008,-0.140985244310726
"bcc91078",24,52,53,-0.162241844525719,0.650281222433757,-0.191113203486104,0.146034866369157
"bcc91078",24,53,54,-0.0673723425537319,0.785327015384561,-0.200558276820592,0.0785406635017087
"bcc91078",24,54,55,-0.0350738713147711,0.618588445873927,-0.121528345721667,-0.0697374926313434
"bcc91078",24,55,56,0.049507635922641,0.621076931215042,-0.000970800208776599,0.0267731604788535
"bcc91078",24,56,57,0.145827768252164,0.61152133895965,-0.135300770492632,-0.277640528711268
"bcc91078",24,57,58,-0.0646004595303273,0.613670028661911,-0.229026415978641,-0.103529964025179
"bcc91078",84,108,109,-0.145289548889037,0.322966818771981,-0.127022837949523,0.0887746911342391
"bcc91078",84,109,110,0.0723779297725135,0.462860688050426,0.428107722925453,-0.0308599007532247
"bcc91078",84,110,111,0.0564159560152563,0.443542258788734,0.305040617446554,-0.271932473119241
"bcc91078",84,111,112,0.208405373501505,0.648245295358452,0.296116514768673,-0.00292954627602671
"bcc91078",84,112,113,0.495554042977726,0.703884458784466,0.438690122246003,0.423844771007412
"bcc91078",84,113,114,0.361969661534996,0.65461497267664,0.299965178485827,0.567789734516489
"bcc91078",84,114,115,0.334951814144945,0.821499089318916,0.376134143794076,0.526208189753811
"bcc91078",84,115,116,0.322366836069972,0.757179249513453,0.230862327588611,0.298201882540504
"bcc91078",84,116,117,0.25125713136856,0.442730639745508,0.100126571972258,0.185421700867754
"bcc91078",84,117,118,0.146906701365762,0.242433107614053,-0.0800919689496759,0.0348266523423334
"bcc91078",144,166,167,0.190061100631035,0.577834717336211,0.218050428305542,0.425702104689175
"bcc91078",144,167,168,0.135479044712782,0.384427736650861,0.174629221803707,0.250420617997806
"bcc91078",144,168,169,0.256058444592658,0.100599687637937,0.237351758587905,0.0509071238042927
"bcc91078",144,169,170,0.242232084236836,-0.035873116924385,0.264699384120915,0.169973406036476
"bcc91078",144,170,171,0.337642827723132,0.410666379717776,0.264091495573726,0.133848338675617
"bcc91078",144,171,172,0.257304969491177,0.474651936503568,0.315912606460623,0.41987026793147
"bcc91078",144,172,173,0.26228981297131,0.703995431260099,0.576969129025876,0.458907725118424
"bcc91078",144,173,174,-0.00624361546934053,0.751072998669021,0.431462303606939,0.245550028429903
"bcc91078",144,174,175,-0.229638555145969,0.670154290144209,0.0589766933274477,0.453416661526581
"bcc91078",144,175,176,-0.139001502353811,0.603070371828603,-0.318937895744976,0.59297555013528
"bcc91078",1,7,8,0.321436621892311,0.704316747494729,0.518127541265655,0.313879170918218
"bcc91078",1,8,9,0.255050227415236,0.750689697525133,0.455313510146719,0.438023079604744
"bcc91078",1,9,10,-0.0809090968093596,0.612482998493409,0.0288845137100467,-0.0564171934795961
"bcc91078",1,10,11,0.0846225047143521,0.490676511987041,0.174841688673376,-0.173510791730015
"bcc91078",1,11,12,0.0432140297943947,0.464053312050608,0.195565418036864,-0.127757047019779
"bcc91078",1,12,13,0.335906508316403,0.627384963365037,-0.129943296686788,-0.0159528369466836
"bcc91078",1,13,14,0.602845600381008,0.827615358851626,-0.237579956313641,0.0926729348917593
"bcc91078",1,14,15,0.335383353126301,0.815458786046866,-0.183703397737514,-0.0429802613962078
"bcc91078",1,15,16,0.232811924645078,0.745042255328344,-0.231623986530715,-0.0197756701426597
"bcc91078",1,16,17,0.49979217536298,0.814874522764735,0.16066934558561,0.317360179323122
"bcc91078",200,205,206,-0.246985278138134,0.600693887686993,0.410045985222002,-0.449562004774692
"bcc91078",200,206,207,-0.339293083976019,0.690564145445299,0.333355083288382,-0.449048421157931
"bcc91078",200,207,208,0.122476736550742,0.615460470545136,0.0678282006648854,0.354101106268022
"bcc91078",200,208,209,0.189438187001442,0.687115408577725,0.0932732530731694,0.494835235748759
"bcc91078",200,209,210,0.206590126998592,0.861886281444172,0.426017331814233,0.626622149289064
"bcc91078",200,210,211,0.457085603481617,0.904614232838861,0.662600314341271,0.740041860592427
"bcc91078",200,211,212,0.688515050804165,0.901677931175003,0.706599515311848,0.855156774506594
"bcc91078",200,212,213,0.592068733938599,0.893549671798637,0.51779157337827,0.740854734481816
"bcc91078",200,213,214,0.445002554589802,0.84295339191603,0.256071630937971,0.569354408801945
"bcc91078",200,214,215,0.229781915402982,0.812653205082841,0.0787633147888331,0.535791537872307
"bcc93080",82,124,125,-0.0244036864393204,0.0458254053569152,-0.0326051819784838,0.364969773804082
"bcc93080",82,125,126,0.537247625239409,0.0101642960326357,-0.504187770134986,0.027877798966432
"bcc93080",82,126,127,0.628951437872594,0.357773442643362,0.314616841756709,-0.0373879252902363
"bcc93080",82,127,128,0.530266321101394,0.676139003117994,-0.204377757089259,-0.156702048997004
"bcc93080",82,128,129,-0.213195862946926,0.388574276257445,0.0129265121909952,-0.0887605913625109
"bcc93080",82,129,130,0.291599898302105,0.595408423639136,0.245449263930898,-0.154151509965003
"bcc93080",82,130,131,0.392230623359126,0.569065434149485,0.134801211471088,-0.0350520783831593
"bcc93080",82,131,132,0.359778710217156,0.327926380403972,0.0824075379664334,-0.0864230613673099
"bcc93080",82,132,133,0.185964492681898,0.409275189338598,0.450972751901284,0.142585864895463
"bcc93080",82,133,134,0.192462959197596,0.26236323398497,0.105541799648389,0.0326263710429224
"bcc93080",1,22,23,0.290142754566666,0.0399686178886963,0.354011691607492,0.0329209849759302
"bcc93080",1,23,24,0.318695904973835,0.197888698204882,0.326448314217948,0.0526788051786142
"bcc93080",1,24,25,0.268114376394835,0.418314422927986,0.346754148104062,0.134488939074975
"bcc93080",1,25,26,0.244662127385374,0.498890413004265,0.369056290841079,0.225941773110628
"bcc93080",1,26,27,-0.00913646343518177,0.426167497438105,0.0797307272428593,0.295441305029907
"bcc93080",1,27,28,0.0899960372049199,0.427033526118506,0.0459096039005647,0.252825177668394
"bcc93080",1,28,29,0.147876191040699,0.592910645953059,0.0825583825160621,0.094685349342523
"bcc93080",1,29,30,0.145749642836286,0.221689207435947,0.207753567502849,0.165022269507851
"bcc93080",1,30,31,0.426419952210991,0.398558017611848,0.445497223116145,-0.0856785627567775
"bcc93080",1,31,32,0.51942262076629,0.261459728143842,0.345150281257094,0.0753554025446027
"bcc93080",68,69,70,0.453910219387615,0.814412853966486,0.341422894427211,0.339784406812915
"bcc93080",68,70,71,0.189465197140155,0.593052461874704,-0.175779300391398,-0.0528666389444349
"bcc93080",68,71,72,-0.248719272245603,0.359075481510827,-0.261036842192734,0.518243941989443
"bcc93080",68,72,73,0.109014560541809,0.739165088008529,-0.424374977515452,0.0887350173677302
"bcc93080",68,73,74,-0.297493867144475,0.709960007571033,-0.547896620626057,0.586300562101108
"bcc93080",68,74,75,-0.503161826355667,0.63377221429395,-0.247833291353958,0.126571313061076
"bcc93080",68,75,76,-0.208295258010633,0.686944392957865,0.0320346250019285,-0.0932968656721552
"bcc93080",68,76,77,-0.0109839235991726,0.591642647891681,-0.266775668033194,0.48910495649632
"bcc93080",68,77,78,-0.464778155704346,0.311612163781802,0.546923974480989,0.349021233550169
"bcc93080",68,78,79,0.263822122031926,0.65762785647896,0.164464709721454,0.047396110985856
"bcc93080",60,60,61,-0.0957057383114505,0.246919752181322,-0.105685593213631,0.0949265256564547
"bcc93080",60,61,62,-0.176780358323281,0.243144309422626,-0.0432881581226451,0.177739621290541
"bcc93080",60,62,63,-0.144812273728719,0.521670183032232,-0.0911762123848925,0.269716276153691
"bcc93080",60,63,64,-0.132293100794996,0.587717166059909,0.0755923245551925,-0.0115592204638703
"bcc93080",60,64,65,0.316448107777028,-0.0566178755278957,0.0315892668065849,0.124447986855971
"bcc93080",60,65,66,0.202859357032586,0.39083346073033,0.204031258947244,0.00980485602296256
"bcc93080",60,66,67,0.126936969133355,0.375773600348276,0.204536109121335,0.084985375605087
"bcc93082",130,162,163,0.166119536063814,0.610470218576419,0.101363508015325,0.550587985903064
"bcc93082",130,163,164,0.269275950743309,0.59636991012308,0.167051773437913,0.52119127284221
"bcc93082",130,164,165,0.250364686952139,0.511188139802478,0.204128183168704,0.440021328698366
"bcc93082",130,165,166,0.493499743365778,0.611401411257804,0.483610646173195,0.625166514094829
"bcc93082",130,166,167,0.371629831262383,0.535384087442542,0.383014281778212,0.438320715221161
"bcc93082",130,167,168,0.385213951142487,0.506508998597098,0.410901709636588,0.382273206029902
"bcc93082",130,168,169,0.404136415481641,0.441413135134018,0.410868963546118,0.43292242391978
"bcc93082",130,169,170,0.358619955883518,0.489433206068754,0.343774920000301,0.493169759598961
"bcc93082",130,170,171,0.279200052591358,0.472924870617363,0.331516440880465,0.400574195446505
"bcc93082",130,171,172,0.454375814592546,0.518437405166562,0.394211856412029,0.512155542030242
"bcc93082",90,104,105,0.367073037443038,0.291112032538302,0.172743505210752,0.341642496246235
"bcc93082",90,105,106,0.326388547901473,0.439904749761528,0.404299955258449,0.367444439516631
"bcc93082",90,106,107,0.590799789134728,0.689536788402198,0.463803571605313,0.243785919615003
"bcc93082",90,107,108,0.304241665567973,0.334866662681424,0.443155447864468,0.169005437786336
"bcc93082",90,108,109,0.258978756523238,0.340913574550366,0.051900507640942,0.411970884779042
"bcc93082",90,109,110,0.10285241632661,0.754775320870116,0.2140787214085,0.231101141490522
"bcc93082",90,110,111,0.19134694860898,0.780383661523187,-0.118608780973958,0.186189184981649
"bcc93082",90,111,112,-0.0212004604041814,0.259607506802124,0.132364088824341,0.391905900959466
"bcc93082",90,112,113,0.404453921675841,0.397573907538635,0.317360731006504,0.151292108540978
"bcc93082",90,113,114,0.192792217000741,0.285139501945402,0.374745762617742,0.177859019169673
"bcc93082",51,65,66,0.00405615233068111,0.205468540549705,0.223942948822685,0.39384924953279
"bcc93082",51,66,67,0.431599159592032,0.668656551049029,-0.0703206730277453,-0.00989159374491785
"bcc93082",51,67,68,0.455817347857071,0.581722702377353,0.347363428209146,0.361691967419888
"bcc93082",51,68,69,0.244156427252517,0.572705276902004,0.1499799139562,0.0595387889188976
"bcc93082",51,69,70,-0.0119784550507641,0.559317970200221,0.398360803129826,0.214863652551333
"bcc93082",51,70,71,0.346688479894319,0.539875032545959,0.262638703133846,-0.0260641989325676
"bcc93082",51,71,72,0.0761363341443429,0.282617430035829,0.32706032525217,0.321374307947177
"bcc93082",51,72,73,0.339027595067484,0.622907190389337,0.284302457369074,0.252712897333955
"bcc93082",51,73,74,0.304382444869849,0.425713146764737,0.268833244277855,0.353093444855567
"bcc93082",51,74,75,0.314584068997807,0.529823925345428,0.22988873755261,0.321690413995189
"bcc93082",1,13,14,0.102983212729101,0.678398295663271,-0.0176559587849061,0.335002426308012
"bcc93082",1,14,15,-0.0105326704715147,0.643043446948958,0.0462311446638215,0.184015076946677
"bcc93082",1,15,16,-0.3022780159351,0.560882455036155,0.195870281052873,0.0651140286355967
"bcc93082",1,16,17,-0.164559539633666,0.607325020155895,0.0591894253381432,0.0151457840289663
"bcc93082",1,17,18,0.021052199956325,0.422069006184746,-0.0553290826105822,0.429794111650859
"bcc93082",1,18,19,0.211143509749177,0.325387093764006,0.240312347953257,0.392145467148427
"bcc93082",1,19,20,0.479028721887087,0.418385707278916,0.576773759594288,0.1735230737152
"bcc93082",1,20,21,0.489946954030432,0.401733151825617,0.489807076695826,0.509794387224517
"bcc93082",1,21,22,0.363838888933934,0.528637690065064,0.309321505831518,0.235365350450811
"bcc93082",1,22,23,0.408224686677712,0.58078980659842,0.0572829790880897,0.251003146265613
"bcc93082",36,38,39,0.250037388053179,0.199746606827942,0.283556863523911,0.357985457106712
"bcc93082",36,39,40,0.347296756915487,0.529483475293689,0.374421786721034,0.437085216405896
"bcc93082",36,40,41,0.427100945417616,0.643632320451616,0.223650760351166,0.296072109771153
"bcc93082",36,41,42,0.306379687754898,0.584382913004181,0.153476478544849,0.0917524931994945
"bcc93082",36,42,43,-0.219737368969488,0.462278802758173,0.120443188656344,0.118824124002335
"bcc93082",36,43,44,-0.142710898061032,0.520561719357786,0.0476261578800088,0.293481219880907
"bcc93082",36,44,45,0.16042548998344,0.340952523494392,0.12034196763233,0.314375046874078
"bcc93082",36,45,46,0.30737519093469,0.329726225731687,0.257458562135811,0.36054485443834
"bcc93082",36,46,47,0.217605765628539,0.373527007022293,0.265153700384533,0.27944744960517
"bcc93082",36,47,48,0.310540438225873,0.472137737301981,0.404776199368893,0.402498841128952
"bcc94037",159,178,179,0.662357245492751,0.70027258209248,0.66419138539878,0.61045621778993
"bcc94037",159,179,180,0.584867320853605,0.631126886408844,0.677504076063684,0.649610836325083
"bcc94037",159,180,181,0.635382812689187,0.689298182517681,0.673769096054611,0.536231466131151
"bcc94037",159,181,182,0.606393338707526,0.734822614879491,0.697330160767562,0.569190277772347
"bcc94037",159,182,183,0.625307422974664,0.810849229179982,0.656360438005538,0.708552956944211
"bcc94037",159,183,184,0.660785772555718,0.817518090365525,0.650124873263693,0.793326874334591
"bcc94037",159,184,185,0.656153179213051,0.830032008415519,0.693523028091888,0.774661425865087
"bcc94037",159,185,186,0.696823504756235,0.807619635121385,0.707269115850445,0.768324882094907
"bcc94037",159,186,187,0.598136454185282,0.745724936138148,0.766397322725862,0.673102629487658
"bcc94037",159,187,188,0.710679225597049,0.728111592149091,0.673949369587245,0.664764855815523
"bcc94037",39,57,58,0.709724895364272,0.400587931260228,0.672134158965413,0.308606874427634
"bcc94037",39,58,59,0.746772571941762,0.428817773227511,0.707523898298218,0.245997731483526
"bcc94037",39,59,60,0.752247234480086,0.411373830610414,0.753145298502886,0.341164952551654
"bcc94037",39,60,61,0.760409640645528,0.434155875001114,0.766537047118426,0.390770467131216
"bcc94037",39,61,62,0.756717473811209,0.362042061739505,0.74684939979006,0.354536755702015
"bcc94037",39,62,63,0.761085743163907,0.393453616255728,0.722549826355615,0.343509821083449
"bcc94037",39,63,64,0.727437534869861,0.382783215141717,0.751505796455087,0.372939175304943
"bcc94037",39,64,65,0.766357741695664,0.399492143738251,0.77391472173507,0.399955271996275
"bcc94037",39,65,66,0.677305356793703,0.386144132773842,0.749083438294572,0.267673147535544
"bcc94037",39,66,67,0.659483092326212,0.258110110924246,0.668267840557671,0.223405471691698
"bcc94037",116,132,133,0.662708768937185,0.531490571447533,0.712344228126847,0.322651724042067
"bcc94037",116,133,134,0.62451947734677,0.494696533123547,0.66937356688442,0.348429543644569
"bcc94037",116,134,135,0.635080841158495,0.494374657897077,0.616919620153446,0.329738940544784
"bcc94037",116,135,136,0.544974988207647,0.514282809103568,0.50800701239777,0.330189158742745
"bcc94037",116,136,137,0.524691753412666,0.369613504461937,0.49115238638787,0.284456454176214
"bcc94037",116,137,138,0.59252521499301,0.44644364058609,0.617008597391681,0.0920168528235688
"bcc94037",116,138,139,0.605824339522195,0.451654231846598,0.541660858092793,0.289540822537705
"bcc94037",116,139,140,0.582883026589333,0.376721514554119,0.558784162857154,0.322123425894896
"bcc94037",116,140,141,0.612047450409421,0.439508824084141,0.6938410539522,0.251343170998779
"bcc94037",116,141,142,0.670982636058927,0.567881231944286,0.671514557264933,0.412173643352245
"bcc94037",86,95,96,0.737596087136358,0.780185987287838,0.633950991839973,0.691770930969221
"bcc94037",86,96,97,0.619625170518881,0.729172629134519,0.688788221492669,0.699585960285855
"bcc94037",86,97,98,0.583140860144642,0.723559046984698,0.730871371494663,0.622677934604847
"bcc94037",86,98,99,0.679261185921536,0.786451704885536,0.644959997838819,0.675111586158866
"bcc94037",86,99,100,0.695848859217882,0.767699154354877,0.716127031411327,0.769616960433654
"bcc94037",86,100,101,0.75794425252861,0.741601134513318,0.760169198471554,0.723375643457164
"bcc94037",86,101,102,0.745358507316607,0.754178482887296,0.732002789003603,0.696759766509077
"bcc94037",86,102,103,0.713174282665076,0.706492763705071,0.732065199393307,0.686115784963509
"bcc94037",86,103,104,0.72847629409706,0.739019351495861,0.712116083846178,0.640427906205944
"bcc94037",86,104,105,0.706601545610817,0.717611094613663,0.717882431235346,0.661297619524156
"bcc94037",18,23,24,0.723017973205043,0.555971398989458,0.620994811378396,0.556909571314048
"bcc94037",18,24,25,0.644098375487432,0.564906886345433,0.745347125953582,0.433184284446371
"bcc94037",18,25,26,0.736271840625772,0.486963277250646,0.611710604871148,0.482876302472531
"bcc94037",18,26,27,0.707120954234995,0.51575063285375,0.723554215463914,0.551368857049125
"bcc94037",18,27,28,0.749668889232883,0.553063988317027,0.738479935838174,0.422454901248485
"bcc94037",18,28,29,0.67596270315789,0.407682950155376,0.688834743631175,0.523427846438981
"bcc94037",18,29,30,0.682342932566368,0.546876976339736,0.663317657610943,0.507999699543531
"bcc94037",18,30,31,0.703175111361432,0.64851448035052,0.678511404264319,0.522787099343412
"bcc94037",18,31,32,0.699054468620195,0.70873584963518,0.68732152296141,0.510184180403545
"bcc94037",18,32,33,0.669515588656792,0.639389000578526,0.725206441932857,0.643814205539055
"bcc94037",1,4,5,0.75375347020851,0.00168123107969689,0.782618831808213,-0.0800899050985828
"bcc94037",1,5,6,0.825200685620109,0.270541688633803,0.764798955702479,-0.0229298659219914
"bcc94037",1,6,7,0.715486912899561,0.0583152130279545,0.753822210477986,0.274960766583698
"bcc94037",1,7,8,0.713211035293484,0.0427589028542443,0.737846397066627,-0.00254651123245762
"bcc94037",1,8,9,0.729525018281324,-0.0174479691609016,0.645926576761923,-0.00330692803238619
"bcc94037",1,9,10,0.688597183679434,0.159560051274838,0.640675995824013,0.00220658184738461
"bcc94037",1,10,11,0.689413278304662,0.228103011141879,0.742910275418601,0.0269447995667006
"bcc94037",1,11,12,0.738908810695254,0.164647592597596,0.772574174732305,0.117449483054949
"bcc94037",1,12,13,0.773821103238412,0.196224862049116,0.790611185434748,0.156233511223713
"bcc94037",1,13,14,0.704096422630947,0.324999682578558,0.785634566127095,0.075656799433253
"bcc96011",1,20,21,0.442764930127044,0.449791524409312,0.421337157777511,0.372476411332857
"bcc96011",1,21,22,0.529690174705663,0.821752468370087,0.320128061216869,-0.199366283440951
"bcc96011",1,22,23,0.114501681429167,0.676953018892965,0.310192036308754,-0.332829421324522
"bcc96011",1,23,24,-0.0184139309470088,0.678049923167266,0.142910482869793,0.00720202033164832
"bcc96011",1,24,25,0.178981157902896,0.513181664038483,-0.0941133983270368,0.00098867845422313
"bcc96011",1,25,26,0.355631591886393,0.504027437649414,0.166375193321993,0.270980341373543
"bcc96011",1,26,27,0.439192824229137,0.755432723384169,0.443927824276564,0.342373833666886
"bcc96011",1,27,28,0.322021111248593,0.693205840754506,0.581557789913776,-0.0620386334629925
"bcc96011",1,28,29,0.123376503243484,0.731280111618905,0.207292918989743,0.217975753883684
"bcc96011",1,29,30,0.141892727474821,0.845771704255958,-0.283805913398666,0.24363959734505
"bcc96011",50,65,66,-0.361842190439789,0.491191224972605,-0.387655719708173,0.0629460824337288
"bcc96011",50,66,67,0.321724870737681,0.75186498716073,0.412722984657114,0.340978638282783
"bcc96011",50,67,68,0.414077483735839,0.831753202291971,0.357758388383308,-0.261186229960534
"bcc96011",50,68,69,-0.0872516122233353,0.490064987898035,0.0230670911894496,-0.340883425120653
"bcc96011",50,69,70,0.457392789131958,0.594605351201755,0.589974669172195,0.0168894985753216
"bcc96011",50,70,71,0.605798954414916,0.729635003698743,0.51715137303324,0.392457313422789
"bcc96011",50,71,72,0.242147249426265,0.710833821288004,0.16402624566615,0.447273663285432
"bcc96011",50,72,73,-0.0759243940938079,0.667502273471857,-0.00812715021579484,0.472980031942588
"bcc96011",50,73,74,-0.0875689631899222,0.687998460155404,0.0303625436426407,0.391135486706233
"bcc96011",50,74,75,-0.0984258460569199,0.656198040781707,-0.0245311293383216,0.558323386288875
"bcc96011",92,105,106,0.329391997628837,0.516972379328822,0.440678685635568,0.506765352016627
"bcc96011",92,106,107,0.427270419527918,0.792222740598998,0.591761171354864,0.157803698522538
"bcc96011",92,107,108,0.293894681353325,0.698722572621928,0.0480933955137859,-0.0384078418842941
"bcc96011",92,108,109,0.0948644318587242,0.754603612657975,0.0624602743427637,0.227686684897331
"bcc96011",92,109,110,-0.0522936624907754,0.669439828216579,0.278794371258369,0.0415581744942692
"bcc96011",92,110,111,-0.131677090586142,0.776242262120254,0.405558417447956,-0.0833602666340244
"bcc96011",92,111,112,-0.518128419421842,0.740310234664274,0.22791980706706,-0.164549456904713
"bcc96011",92,112,113,-0.0749246327899601,0.943201191334144,0.422571580203242,0.30012589102923
"bcc96011",92,113,114,-0.0662207143747786,0.805362123651399,0.292824884977211,0.506993506290424
"bcc96011",92,114,115,-0.143097585741367,0.476022067411963,-0.0376411511907864,0.39915412952054
"bcc96011",129,132,133,0.462578454472624,0.679041150886567,0.40386969743423,0.492673474060507
"bcc96011",129,133,134,0.505106415523617,0.589769197233922,0.366309719372904,0.468041240888935
"bcc96011",129,134,135,0.35931013707012,0.530945441232211,0.392304053340036,0.586585992514293
"bcc96011",129,135,136,0.437740843852475,0.665006781003364,0.335402849815007,0.462377566715938
"bcc96011",129,136,137,0.456254335814116,0.589211294951293,0.421781215599354,0.565300962138099
"bcc96011",129,137,138,0.536255955005402,0.703417326226733,0.502215282907908,0.678021765393769
"bcc96011",129,138,139,0.485664395683453,0.672276057867545,0.507407015332545,0.66312379706222
"bcc96011",129,139,140,0.215094979655886,0.657709579419835,0.27043550470707,0.608654388577435
"bcc96011",129,140,141,0.0973110045105584,0.605400773338702,-0.00627513160684961,0.454890262295854
"bcc96011",129,141,142,-0.0523513656169526,0.50764338393972,-0.200253077875307,0.208269425848661
"bcc96011",147,149,150,-0.768731723885127,0.880236275246817,0.528134003475111,-0.519814366589999
"bcc96011",147,150,151,-0.377786260883854,0.917495737718618,0.751735839136299,-0.153406491813934
"bcc96011",147,151,152,0.0894623863615227,0.892159245708972,0.768169365653471,0.445419661110315
"bcc96011",147,152,153,0.133762864582973,0.833619813728018,0.508068751920896,0.472196773024148
"bcc96011",147,153,154,0.432271961110006,0.711474527672467,0.585085486569776,0.47687723679211
"bcc96011",147,154,155,0.488007214504461,0.620463538759965,0.634438852026866,0.263494793995761
"bcc96011",147,155,156,0.544213617151646,0.710714120011445,0.344053582001445,0.227960816687146
"bcc96011",147,156,157,0.317305727548135,0.58133351796565,0.384953608244834,0.267703894731684
"bcc96011",147,157,158,0.306256950378005,0.566745446687527,0.314776594424983,0.0913570710216115
"bcc96011",147,158,159,0.390565959503659,0.457653427114745,0.291260460720363,0.41618305621827
"bcc96011",162,162,163,-0.0235142158377985,0.541441776834626,-0.0282154053855253,0.4778754348203
"bcc96011",162,163,164,-0.397106374149227,0.586180987386379,-0.473530936918729,0.43369057756711
"bcc96011",162,164,165,-0.179441351481082,0.833537088099839,-0.411014302551613,0.34282286213229
"bcc96011",162,165,166,-0.253377454300255,0.725167560450278,-0.158674745111958,0.458060397279976
"bcc96011",162,166,167,-0.509321103971149,0.784064525035116,-0.373807912566509,0.543326104447707
"bcc96011",162,167,168,-0.49318740165463,0.850200683909564,0.147440865601879,0.108448715094266
"bcc96011",162,168,169,-0.498159519136859,0.742044937528588,0.164358465181767,-0.352750486649138
"bcc96011",162,169,170,0.0913619286265065,0.853615258283707,0.681684748246169,0.0178351455283911
"bcc96011",162,170,171,0.534853582757034,0.728093275846249,0.65405763811941,0.134514866780234
"bcc96047",124,159,160,0.281747722534365,0.707191696064719,-0.2305297231791,-0.0674171860229614
"bcc96047",124,160,161,0.189559026313336,0.418418875033947,0.0639803245852458,0.0886427380804543
"bcc96047",124,161,162,-0.036386426074594,0.729731935769709,0.353511072868357,-0.300386312988435
"bcc96047",124,162,163,-0.106272408291198,0.741821929355525,0.554565961540325,-0.281173966057184
"bcc96047",124,163,164,-0.29645299857441,0.738785280126749,0.53153554157525,-0.218957645058945
"bcc96047",124,164,165,-0.0948193637961022,0.507318208243445,0.0396151447656035,-0.23747880401826
"bcc96047",124,165,166,-0.095979105090936,0.507262052493452,0.267110237093231,-0.0571946846717637
"bcc96047",124,166,167,0.5584441170024,0.707342003428509,-0.332432233262894,-0.293531998669306
"bcc96047",124,167,168,0.286828603561132,0.220594542476979,0.374461802414941,0.151794078716101
"bcc96047",124,168,169,0.2988937549499,0.805743700372196,0.572333490796887,0.169490338899992
"bcc96047",39,64,65,0.670971438781928,0.707885068020206,0.186602354334261,0.208976132926804
"bcc96047",39,65,66,0.382220814853024,0.546177072062576,-0.0413151697612504,-0.282545656104121
"bcc96047",39,66,67,0.0666362378035396,0.48496539788042,-0.436321992872566,-0.0898148826955723
"bcc96047",39,67,68,-0.180636113656384,0.788559030082678,-0.0431795408206335,-0.174638567177556
"bcc96047",39,68,69,-0.120702300651295,0.623831632507102,-0.245660405916057,-0.15843919898084
"bcc96047",39,69,70,-0.246790294330068,0.367305391551474,0.0360903620622522,-0.111946858891148
"bcc96047",39,70,71,-0.253746365885573,0.497690593043053,0.0161065767208397,-0.350853622209633
"bcc96047",39,71,72,-0.15708268935303,0.563418132863819,-0.410222337399579,0.289112037108678
"bcc96047",39,72,73,0.084547466140176,0.656516852390775,-0.233414690995102,0.142813891059934
"bcc96047",39,73,74,0.148554780549025,0.609330961865666,-0.426814108078614,-0.176688329007139
"bcc96047",111,112,113,-0.352831512399875,0.614366029000494,0.316174325763984,-0.399132859562631
"bcc96047",111,113,114,-0.343391258371966,0.589014608856057,0.387477912858268,-0.384006286789575
"bcc96047",111,114,115,0.0688451186683392,0.765027182268097,0.37071874242934,0.261269334691936
"bcc96047",111,115,116,-0.0936901431099643,0.693906703433663,-0.0108228708699195,0.366172058199766
"bcc96047",111,116,117,0.592826691313223,0.798215990045555,0.337938494274479,0.432236415099089
"bcc96047",111,117,118,0.339539650454025,0.712544004185561,-0.0255132924246633,0.28504098720327
"bcc96047",111,118,119,0.183783376344538,0.720270587900886,-0.183141736932075,0.026559918044973
"bcc96047",111,119,120,0.169283806477832,0.838987588177511,-0.060739674678636,0.460365166029273
"bcc96047",111,120,121,-0.456781773936927,0.629928058141512,-0.260932031902491,0.258070355622305
"bcc96047",111,121,122,0.51594519100508,0.643120387247324,0.324401219145588,0.377933071620583
"bcc96047",101,101,102,0.148135398034481,0.852990771433693,-0.211204214749184,0.743847136836938
"bcc96047",101,102,103,0.461621449866796,0.875684622769298,0.00457842904309514,0.189898298633343
"bcc96047",101,103,104,0.60144680757044,0.807745374814158,0.53774700451815,0.837923470343257
"bcc96047",101,104,105,0.623806778668454,0.815040572588379,0.540316262102327,0.712752562369096
"bcc96047",101,105,106,0.488017051052063,0.682330833906663,0.515248907573379,0.461901580941705
"bcc96047",101,106,107,0.511435414006141,0.672584014929244,0.559577425355521,0.588322943648544
"bcc96047",101,107,108,0.496743364396306,0.686586808034829,-0.407065189610842,-0.256841718908249
"bcc96047",101,108,109,0.170020106926568,0.761648252954703,-0.347692290206334,-0.510922300909201
"bcc96047",101,109,110,0.236562281079894,0.688575616143642,-0.100809630742279,-0.166562422029003
"bcc96047",1,1,2,0.4385310528335,0.413028389361339,0.418415277716163,0.417613851454636
"bcc96047",1,2,3,0.526598546774379,0.739911091959208,0.481149511297591,0.26459949503594
"bcc96047",1,3,4,0.571597800639297,0.744768406664463,0.423711789453856,0.396784852813782
"bcc96047",1,4,5,0.365288259580043,0.765665322960908,0.479375796098315,0.434447969493032
"bcc96047",1,5,6,0.341899548018665,0.490807890705065,0.238996755181471,0.332518322907401
"bcc96047",1,6,7,0.230402091776282,0.674073356139648,0.204073294826752,0.243467778409923
"bcc96047",1,7,8,0.254909320589534,0.367196519123853,0.112787637375774,0.0807548450260521
"bcc96047",1,8,9,0.244305108762868,0.669382727685197,0.123117055029418,0.335575156189011
"bcc96047",17,17,18,0.265493747763353,0.620396991198055,0.33248510937735,0.585207015639645
"bcc96047",17,18,19,0.316886313713725,0.602875840168555,0.484065480891621,0.332250521221915
"bcc96047",17,19,20,0.506373458378589,0.546013171291253,0.26634588193913,0.380431961157784
"bcc96047",17,20,21,0.366799787861925,0.586125628866022,0.341103956695204,0.493431597567282
"bcc96047",17,21,22,0.341129542348734,0.535632918325328,0.295265865207032,0.471783054319223
"bcc96047",17,22,23,0.341933761967231,0.789854328188726,0.247380375187125,0.453369628887658
"bcc96047",17,23,24,-0.174232463970075,0.818335255357228,0.116971457162467,0.602672831086515
"bcc97155",47,72,73,-0.0289534199403963,0.725922493592259,-0.0416012036452078,0.490426812288238
"bcc97155",47,73,74,-0.201918993522711,0.634310004524511,-0.244379274750388,0.407741822888214
"bcc97155",47,74,75,-0.287178088342545,0.670721469260554,-0.353941099502592,0.459928243377971
"bcc97155",47,75,76,-0.275708886582187,0.684572313858489,-0.198861834004355,0.48141291960325
"bcc97155",47,76,77,-0.116691578233274,0.700269805477935,-0.171564016417072,0.444295795421129
"bcc97155",47,77,78,-0.187267301125707,0.629134545831192,-0.225193637088331,0.493204713316021
"bcc97155",47,78,79,-0.298231176058766,0.690296818359833,-0.349584677162303,0.448528961073038
"bcc97155",47,79,80,-0.253785041249533,0.683250983477638,-0.288990248586008,0.480109843397756
"bcc97155",47,80,81,-0.155318946406874,0.662364673657521,-0.270424157701078,0.516195189316422
"bcc97155",47,81,82,-0.21551995648289,0.753552658580406,-0.225748651358468,0.373149400970957
"bcc97155",109,131,132,0.15090139597755,0.80115953532407,0.337623936235243,0.658548010626931
"bcc97155",109,132,133,0.106840976636852,0.830741833502717,0.28337350600486,0.615603871288644
"bcc97155",109,133,134,-0.0064427494238161,0.819257386444628,-0.00184204531514265,0.656014187851343
"bcc97155",109,134,135,0.150069145699641,0.833384306917758,0.0319670819636566,0.72293671485875
"bcc97155",109,135,136,0.278186224682768,0.872824204106461,0.15251673723692,0.545805867924249
"bcc97155",109,136,137,0.289209350140553,0.790977783664545,0.190498167994944,0.545747422797432
"bcc97155",109,137,138,0.323412897837764,0.763186214793368,0.275826081954644,0.510603918666474
"bcc97155",109,138,139,0.127198292364828,0.800497267474481,0.325642144547069,0.34497294782436
"bcc97155",109,139,140,0.184452403759073,0.781492045737133,0.233288297824071,0.548229598539921
"bcc97155",109,140,141,0.301992824146794,0.786276739219048,0.0532617052745823,0.60973040348808
"bcc97155",164,184,185,-0.292572620558005,0.752065833331864,-0.366329893067678,0.622242786692159
"bcc97155",164,185,186,-0.27297298844768,0.747130829875082,-0.344326275294722,0.694695295547317
"bcc97155",164,186,187,-0.347446294806848,0.760206888354259,-0.333864980561496,0.660152343015385
"bcc97155",164,187,188,-0.38959921425738,0.783964606692277,-0.334143486372033,0.668199445414658
"bcc97155",164,188,189,-0.231628658472414,0.838941960303649,-0.341629841462593,0.545727289788317
"bcc97155",164,189,190,-0.141363122476912,0.76170268664708,-0.175218766751388,0.598719876407475
"bcc97155",164,190,191,-0.138770742044692,0.763895067686132,-0.140146084993127,0.416044707708851
"bcc97155",164,191,192,-0.313612271589265,0.817426011019737,-0.258754167254001,0.338134294708002
"bcc97155",164,192,193,-0.433813355921437,0.741216587711037,-0.392200009003103,0.500189750791612
"bcc97155",164,193,194,-0.365704643675644,0.742645433249415,-0.317850821628984,0.466431718778241
"bcc97155",1,7,8,0.141678212266873,0.453989493674603,0.145606986417921,0.386896337109736
"bcc97155",1,8,9,0.122184409632045,0.537661456509765,0.133509805148706,0.42344500045524
"bcc97155",1,9,10,0.122599788600064,0.509030885490922,0.0767801504427932,0.368172819258778
"bcc97155",1,10,11,0.0607857237783107,0.491321619452139,0.040513874109203,0.366161103758604
"bcc97155",1,11,12,0.0265398170785565,0.445685493807762,0.0262655126407788,0.465968637272639
"bcc97155",1,12,13,0.049134878885149,0.468011788171477,0.0310620386414653,0.374413337751849
"bcc97155",1,13,14,0.0251944763131256,0.467082952932821,0.0246352388861867,0.423630284591366
"bcc97155",1,14,15,0.0220259005680198,0.478235954656478,-0.0840370645693779,0.446587802729134
"bcc97155",1,15,16,-0.0585772896006583,0.561663677077703,-0.0780003600089352,0.325635828721951
"bcc97155",1,16,17,-0.0883351251654626,0.551208725037534,-0.156378335716453,0.341800299522156
"bcc97155",24,30,31,0.148188722980737,0.698832066378312,0.0858999115834895,0.642378770283
"bcc97155",24,31,32,0.276398314759382,0.732084984997994,0.115763318461995,0.694154451086804
"bcc97155",24,32,33,0.230764907336368,0.777256348092833,0.27720396736009,0.765928342281829
"bcc97155",24,33,34,0.0731063337260606,0.797955803414074,0.170187274024696,0.744845138233895
"bcc97155",24,34,35,0.0770097479442292,0.783612674642611,0.0594784027396559,0.731255129179864
"bcc97155",24,35,36,0.181027900082068,0.796046321499903,0.190287242639353,0.758483825995803
"bcc97155",24,36,37,0.142897393445205,0.812805439144028,0.267690966079789,0.69315709380609
"bcc97155",24,37,38,0.0672992706402335,0.832182189020157,0.226038412021059,0.659365647745373
"bcc97155",24,38,39,0.118828470551117,0.738890643968254,0.0593118529698888,0.729339852553776
"bcc97155",24,39,40,0.0343351641196262,0.74344889929132,0.0536855072245974,0.74273178158071
"bcc98",48,57,58,0.162541156537313,0.63657933631531,0.0986317645810168,0.493729702003789
"bcc98",48,58,59,0.312124941367754,0.540710252726733,0.181061253118266,0.391734854086627
"bcc98",48,59,60,0.319172419767827,0.728296134451517,0.245367933721177,0.194657695405104
"bcc98",48,60,61,0.00805960356780669,0.80101064320804,0.234475351080514,0.296871272978293
"bcc98",48,61,62,0.188278563617294,0.587900186576094,0.0420516590978034,0.224585403701943
"bcc98",48,62,63,0.487459808131557,0.730630777759835,0.560083883287751,0.485641522601406
"bcc98",48,63,64,0.385346073871737,0.758523780418459,0.550486059929012,0.149223591304128
"bcc98",48,64,65,0.252013369588906,0.59502182619584,0.448628570990593,0.279027401239344
"bcc98",48,65,66,0.268002301713448,0.523121876545096,0.392910836656816,0.307215180262395
"bcc98",48,66,67,0.0814582322701121,0.603035020026871,0.357568823350591,0.180713675044471
"bcc98",19,28,29,-0.17165415807472,0.722483674026063,0.0872316160111669,0.102374718489986
"bcc98",19,29,30,-0.105339390671101,0.649557039897575,0.181353366560272,0.144192107025012
"bcc98",19,30,31,0.0625866735512495,0.650313048277256,0.114588939756663,0.0781765179370415
"bcc98",19,31,32,0.380659679741984,0.738262352372998,0.378655739222601,0.142920246734464
"bcc98",19,32,33,0.537123600676257,0.616800057476747,0.449743663682482,0.459827551387243
"bcc98",19,33,34,0.26959282752093,0.576532054639528,0.321063580185737,0.405459058132657
"bcc98",19,34,35,0.214828725354841,0.599834494173176,0.201892655133867,0.341877745289848
"bcc98",19,35,36,0.224401895582678,0.660494622428977,0.195003948397115,0.356922948687753
"bcc98",19,36,37,0.083065900387867,0.564648623011568,0.218938596028131,0.364058755938231
"bcc98",19,37,38,0.108966960271161,0.349897238833055,0.0427393546794781,0.364346763449203
"bcc98",105,114,115,0.436195977526308,0.564730452988646,0.30790407704658,0.377483230790493
"bcc98",105,115,116,0.357921105158295,0.444353998557816,0.348765082952078,0.485826659946236
"bcc98",105,116,117,0.381933011243965,0.606698252393589,0.238042810317784,0.354246746585788
"bcc98",105,117,118,0.21023859757581,0.460025084040453,0.351320793331372,0.434432725374614
"bcc98",105,118,119,0.256503229335935,0.655656403805086,0.452348191740336,0.132857003525124
"bcc98",105,119,120,0.241024494776294,0.72340758674544,0.272449596374719,0.147082944797532
"bcc98",105,120,121,0.240945573676584,0.506693188434166,0.152628631252822,0.359275956698656
"bcc98",105,121,122,0.247183852840681,0.467248722193187,0.246255693917478,0.354500875815875
"bcc98",105,122,123,0.403281315615605,0.498501468147754,0.370759314115352,0.360739223484303
"bcc98",105,123,124,0.514295669074815,0.727831430232893,0.649414219290019,0.36571631435996
"bcc98",78,86,87,0.343572482242863,0.642197370399212,0.256947931983694,0.324198875004715
"bcc98",78,87,88,0.447271806130403,0.835888843018631,0.365039115405027,0.22370434171972
"bcc98",78,88,89,0.421908851118577,0.795092857044786,0.450399645914556,0.538380165688786
"bcc98",78,89,90,-0.0251054236902542,0.569025592956158,-0.0690433927138088,0.22472502060057
"bcc98",78,90,91,-0.201987314185859,0.790774946492479,-0.0617186365851795,0.435794133582694
"bcc98",78,91,92,0.0496578209659024,0.845846670157865,0.224616735979689,0.0499910169125343
"bcc98",78,92,93,0.416495268261274,0.545450925224651,0.299255207242415,0.510854458996524
"bcc98",78,93,94,0.335356482957436,0.490314437432594,0.248131778920225,0.538410642436836
"bcc98",78,94,95,0.367551461777396,0.511712114998498,0.349701377298594,0.453973059463815
"bcc98",78,95,96,0.348687728447216,0.397710840886447,0.319187570222725,0.363869169887339
"bcc98",134,139,140,0.393729489790595,0.503405558187685,0.36307995782536,0.540112758919897
"bcc98",134,140,141,0.387679150580656,0.595554614012388,0.357969081584644,0.464968637806666
"bcc98",134,141,142,0.16042519321095,0.497760904616797,0.266430951759601,0.431915630729155
"bcc98",134,142,143,0.139764445760856,0.481422211710435,0.197567074428761,0.393320512372699
"bcc98",134,143,144,0.188616256874047,0.436962632931685,0.303664861463557,0.340751135004539
"bcc98",134,144,145,0.354486111169544,0.528750066024373,0.344474593045437,0.444086988312901
"bcc98",134,145,146,0.417111676969757,0.599564188254158,0.336865682329166,0.482428122111372
"bcc98",134,146,147,0.35464333029345,0.558127829725076,0.305172553782281,0.478529451768661
"bcc98",134,147,148,0.217513858262489,0.527977186849705,0.313580924989836,0.498506699718143
"bcc98",134,148,149,0.221641079373603,0.55040991504187,0.262222778548918,0.462087731892914
"bcc98",1,1,2,0.12394626915519,0.453969529116268,0.135354351140044,0.356547841983714
"bcc98",1,2,3,0.112680188579075,0.725792771151511,0.17726558709888,0.277029790357775
"bcc98",1,3,4,0.0984763567871804,0.81657369188718,0.243995219738891,0.0863239000075473
"bcc98",1,4,5,0.308665563793221,0.781180684209174,0.141865596398212,0.226170856581283
"bcc98",1,5,6,0.403387945513041,0.729006571339925,0.115788882633847,0.515022932407099
"bcc98",1,6,7,0.299965367744356,0.742474031310504,0.162292490589583,0.559788929592917
"bcc98",1,7,8,0.212296789726912,0.678177978487099,0.0971228372694515,0.591580906436008
"bcc98",1,8,9,0.317215749371786,0.707004773753652,0.0594476499248055,0.358089393916387
"bcc98",1,9,10,0.237390729378618,0.617810819827376,0.175011333294535,0.506755617115034
"bcc98032",160,174,175,0.208322860862814,0.217180219591839,0.272156696104807,0.255277326203663
"bcc98032",160,175,176,0.276698378518096,0.294613681226702,0.224162330611555,0.206171235626353
"bcc98032",160,176,177,0.189882654530067,0.193236745237022,0.125262151738019,0.264172311516783
"bcc98032",160,177,178,0.230219640177134,0.230567557563294,0.289533915887643,0.0924349068171131
"bcc98032",160,178,179,0.312910761262041,0.276063227326633,0.294467232470965,0.110275805139687
"bcc98032",160,179,180,0.241696867151077,0.244758975021994,0.240921650597767,0.25393972527892
"bcc98032",160,180,181,0.230473292327223,0.381159672855479,0.216507315846794,0.252519198353184
"bcc98032",160,181,182,0.133652136293214,0.40400929062632,0.1850588753054,0.316196119011911
"bcc98032",160,182,183,0.0653299291645858,0.345239672696906,0.130413814978845,0.374912250510304
"bcc98032",160,183,184,0.175378426590559,0.39407150061317,0.091233291729544,0.302180714326188
"bcc98032",199,213,214,0.0353950326461453,0.756361088364791,0.0172997159206619,0.753453735831881
"bcc98032",199,214,215,0.0211615641559291,0.716337960410218,0.0509504664239182,0.682470940268232
"bcc98032",199,215,216,0.0177544268455909,0.753149349008728,0.0292936553194832,0.733014986658892
"bcc98032",199,216,217,-0.0347411481505391,0.781794532006281,-0.0779405225598258,0.774292241673548
"bcc98032",199,217,218,-0.0429040090697812,0.770556340972013,-0.068101705646084,0.773325108044749
"bcc98032",199,218,219,-0.116652620521268,0.770994510651837,-0.11693369402018,0.782428039583933
"bcc98032",199,219,220,0.0911136687189913,0.811129326475809,0.00405955390579895,0.782774292057276
"bcc98032",199,220,221,-0.00488315418054388,0.763932492338608,0.026472244858642,0.793500483865752
"bcc98032",199,221,222,0.0927402829243319,0.798217291953634,0.0532418351242262,0.759469747306742
"bcc98032",199,222,223,0.027581713799766,0.780934765016444,0.0414215426858119,0.770977745374476
"bcc98032",238,252,253,-0.373284818655834,0.679963954143277,-0.393100698499705,0.654549533871693
"bcc98032",238,253,254,-0.363855902705941,0.725784729010566,-0.347292112430301,0.678987281547632
"bcc98032",238,254,255,-0.34224455735908,0.727485373282383,-0.325816824461865,0.699814615778776
"bcc98032",238,255,256,-0.333253815501736,0.73370251986656,-0.323699961139573,0.722296816508543
"bcc98032",238,256,257,-0.306437052476345,0.733520232044884,-0.310958946971383,0.709451667108746
"bcc98032",238,257,258,-0.371578433521931,0.721624290343657,-0.310112163471756,0.725642192747746
"bcc98032",238,258,259,-0.258000729488742,0.699560578668113,-0.312076117375389,0.706974638025272
"bcc98032",238,259,260,-0.300402252280248,0.703007586887579,-0.261110363343333,0.696114489236205
"bcc98032",238,260,261,-0.318238035825405,0.742729685420252,-0.360601372203174,0.723090110546036
"bcc98032",238,261,262,-0.30352968578363,0.730816162733589,-0.36699749082349,0.677837990945933
"bcc98032",82,90,91,-0.466223664055026,0.741160816872956,-0.456637469592515,0.767176350165459
"bcc98032",82,91,92,-0.456340744831944,0.728217081154888,-0.419749638272573,0.748003591799612
"bcc98032",82,92,93,-0.437612435806413,0.759356905417235,-0.393998801663369,0.662284334542928
"bcc98032",82,93,94,-0.428654595267733,0.721239889056509,-0.420803545397564,0.633362216095438
"bcc98032",82,94,95,-0.412062617145998,0.674181753656868,-0.461402150172473,0.783703470456361
"bcc98032",82,95,96,-0.367667842994206,0.701853212915346,-0.354848505244047,0.75755988710532
"bcc98032",82,96,97,-0.368910327602583,0.735365928167162,-0.390445134786248,0.61830406479731
"bcc98032",82,97,98,-0.407119018975155,0.741114024677001,-0.412310935705447,0.713014704489795
"bcc98032",82,98,99,-0.450142813638641,0.731163638460749,-0.418432177773105,0.692539580164885
"bcc98032",82,99,100,-0.428539545925145,0.732385718151821,-0.418372470736665,0.739809562558644
"bcc98032",109,116,117,-0.199133923758489,0.844857820138706,-0.214622224122294,0.875530867757162
"bcc98032",109,117,118,-0.171318290646732,0.854399043613203,-0.170452820186665,0.855129774825753
"bcc98032",109,118,119,-0.0703701432201592,0.823148240431183,-0.113030504837916,0.795158568010272
"bcc98032",109,119,120,-0.0790638900796824,0.848912176350615,-0.112068901543445,0.780323027135662
"bcc98032",109,120,121,-0.062266429934229,0.856758454037109,-0.0562451916643238,0.853350516892449
"bcc98032",109,121,122,-0.286670331024829,0.848949497601019,-0.154543351450976,0.861730529513135
"bcc98032",109,122,123,-0.235295349887258,0.860614957508186,-0.205017476841491,0.862390652785026
"bcc98032",109,123,124,-0.237246411762808,0.837662864338721,-0.322599970778172,0.852309375616291
"bcc98032",109,124,125,-0.182144236472411,0.837957802302804,-0.193465516162519,0.838009692131963
"bcc98032",109,125,126,-0.247763285592022,0.863097291328242,-0.183132929587505,0.843330127988649
"bcc98032",135,142,143,-0.384287185713529,0.676936970324305,-0.418639803248822,0.683341426372515
"bcc98032",135,143,144,-0.360897620190734,0.691884498388414,-0.326068878081142,0.668716443799895
"bcc98032",135,144,145,-0.396384161020102,0.726953643421795,-0.430653173501068,0.736391913733164
"bcc98032",135,145,146,-0.449678741478279,0.735132447573727,-0.421963002566664,0.736284315118065
"bcc98032",135,146,147,-0.450762803887686,0.723596662548133,-0.525801900155763,0.657833636929283
"bcc98032",135,147,148,-0.464710906112354,0.760805610987978,-0.509523426274923,0.73973049263291
"bcc98032",135,148,149,-0.457014373799247,0.76202649010391,-0.502720016132516,0.806750769854783
"bcc98032",135,149,150,-0.376773504640242,0.759115408304917,-0.375960181926533,0.639953766080864
"bcc98032",135,150,151,-0.40237172145666,0.678602537300418,-0.446593630253933,0.570167149302184
"bcc98032",135,151,152,-0.477843036560356,0.746215620802663,-0.408527972856322,0.675164017859653
"bcf07060",137,140,141,0.037522756896481,0.121783262936647,0.319705328473034,-0.0885045226663205
"bcf07060",137,141,142,0.27552707033686,-0.117723415368469,0.204806822955231,-0.139112065024166
"bcf07060",137,142,143,0.252723062082774,-0.12110742256276,0.0860933159435134,0.319000808109098
"bcf07060",137,143,144,-0.077448089100491,0.596722093453093,-0.269602454395173,0.116536948060252
"bcf07060",137,144,145,0.0602217128540613,0.52673677818795,-0.0299828541498151,0.0659477179526475
"bcf07060",137,145,146,0.116813567938773,0.472259330604381,0.360263386811524,-0.138185863061519
"bcf07060",137,146,147,-0.0809830566325458,0.275732248108334,0.152327650096482,-0.348070381735092
"bcf07060",137,147,148,0.0863040643971395,0.114086724886746,-0.0563890586451255,-0.284762798503376
"bcf07060",137,148,149,-0.19047812285456,0.516858410185207,0.0550554932138458,0.226107080626967
"bcf07060",137,149,150,-0.0977084586902662,0.63892787663668,0.114356912073377,0.24831959288773
"bcf07060",154,157,158,,0.574650782908473,,0.70925400197897
"bcf07060",154,158,159,0.116802423352043,0.613150984195033,0.0796327350241726,0.597041829465104
"bcf07060",154,159,160,0.107129273248545,0.668732010245688,0.100621159159242,0.370483815978939
"bcf07060",154,160,161,0.130692363131263,0.0607928588144285,-0.00519030488800037,0.364815130500109
"bcf07060",154,161,162,-0.0274672565380576,0.168020713363221,0.0724432736025929,0.341510250761472
"bcf07060",154,162,163,0.00916247772849689,0.432764178412562,0.0109412965596155,0.353050575625094
"bcf07060",154,163,164,-0.0335459640075836,0.414050732621228,0.0437294979969225,0.223683988807905
"bcf07060",154,164,165,0.0928316679562345,0.107787059993344,0.00404965908939543,0.554541550195416
"bcf07060",154,165,166,-0.011079273411246,0.166974130403313,0.0326619410278945,0.00593255721418322
"bcf07060",154,166,167,0.0108539561134411,0.0683168121160162,0.00787715716341876,0.0968013042046717
"bcf07060",195,197,198,-0.452732932173493,0.526279765062962,-0.0928243382951485,-0.343754058172366
"bcf07060",195,198,199,0.0944524917631188,0.353035203751719,-0.331293357755774,-0.272799353372543
"bcf07060",195,199,200,0.276389584225132,0.743216426977503,0.130586740397532,0.238614499524678
"bcf07060",195,200,201,0.247164096071836,0.612385136562646,0.114905401301362,0.52295078025549
"bcf07060",195,201,202,0.103019949503628,0.615999078066645,0.15617308869389,-0.045699637216973
"bcf07060",195,202,203,,0.231005817607629,,0.182392638938647
"bcf07060",195,203,204,0.132624413705512,0.344881956602115,-0.158572244624579,0.183738832648082
"bcf07060",195,204,205,-0.0261502662885925,-0.10066674214786,0.134415587353312,-0.131578876056824
"bcf07060",195,205,206,,-0.0607565739083512,,-0.0970994557789312
"bcf07060",195,206,207,-0.020411972446058,0.45956537899346,0.00543989431377348,0.0545328526670498
"bcf07060",113,113,114,0.289764045230526,-0.218582682925134,0.186721939185953,-0.252779932876803
"bcf07060",113,114,115,0.101022523093911,-0.180891675800809,0.25137840972732,0.217466198993818
"bcf07060",113,115,116,0.010652073192842,0.500827087711371,0.0638647655312058,0.112057646771292
"bcf07060",113,116,117,0.0777997667858212,0.312489587940257,-0.128997673464883,-0.305408159302658
"bcf07060",113,117,118,0.176303507903131,0.482091226618307,-0.242748230397537,-0.0455444808691575
"bcf07060",113,118,119,0.252729587927823,0.512395534294423,0.158802442264753,0.123592869016699
"bcf07060",113,119,120,-0.0818944408801677,0.395753054826226,0.389141630581861,0.224410892675594
"bcf07060",113,120,121,0.106293192748822,0.224909804350901,0.320915151102428,0.142888765388115
"bcf07060",113,121,122,0.075795546830877,0.523424264319597,0.162622116670326,-0.0567889371646866
"bcf07060",113,122,123,0.319012565689066,-0.0840889939210326,0.0448601431023092,-0.127442438584693
"bcf07060",125,125,126,0.375599591827758,0.385796192638492,0.321891267690454,0.0880130697434727
"bcf07060",125,126,127,-0.0498682479805203,0.7337266626723,0.481273648958336,0.314884729646208
"bcf07060",125,127,128,0.0810153803504363,0.470985984366463,-0.0362010028742963,0.133212540644966
"bcf07060",125,128,129,-0.229313626837901,0.444755515131156,0.0640932797036201,-0.124505473834448
"bcf07060",125,129,130,-0.146761560362512,0.221613764067519,-0.135690929199084,-0.110063633558966
"bcf07060",125,130,131,-0.0378738564845464,0.142802959100458,0.243414623766525,-0.365057638559555
"bcf07060",125,131,132,0.0170451952599012,0.123286935205478,-0.0761202082424113,0.0664135528431017
"bcf07060",125,132,133,0.00891858628487032,0.186552657714801,0.0724215560631532,0.0648867257421927
"bcf07060",125,133,134,0.0876069411655825,0.0501991255395964,0.00752824601868105,0.232021178331029
"bcf07060",125,134,135,0.00663066927054169,0.0923392046561682,0.0414010843278549,0.14153927242677
"bcf07060",70,70,71,0.297441519749208,0.537942850311522,0.0105835197702077,0.193810913943301
"bcf07060",70,71,72,-0.0210726945681179,0.260645319544067,0.360651953124032,-0.154048847896609
"bcf07060",70,72,73,-0.0722647611796303,0.100544995804266,0.0670540497403483,-0.178520974815131
"bcf07060",70,73,74,-0.472081438901169,0.571580034594286,0.0178979161103258,-0.20425084010944
"bcf07060",70,74,75,0.394164656173632,0.0936548599390033,-0.510249485116243,0.00220895978603995
"bcf07060",70,75,76,-0.350912744886528,0.184303050639405,-0.231587908831975,0.228676986688666
"bcf07060",70,76,77,-0.329247814456847,0.359537647403076,-0.374565889468453,-0.380939552476775
"bcf07060",70,77,78,-0.672009017365824,-0.0780670192969677,0.143799490656026,-0.613073710122347
"bcf07060",70,78,79,-0.191666406879054,0.271696930714754,-0.0837601698258285,-0.0476272999799142
"bcf07060",70,79,80,-0.109152797248824,-0.0562742459033952,-0.22279619932678,0.139895546079547
