"film_roll","measured","state","retrieved"
"bc4130",FALSE,"not_sampled","2026-09-18"
"bc4131",FALSE,"not_sampled","2026-09-18"
"bc4132",FALSE,"not_sampled","2026-09-18"
"bc4133",FALSE,"not_sampled","2026-09-18"
"bc4134",FALSE,"not_sampled","2026-09-18"
"bc4135",FALSE,"not_sampled","2026-09-18"
"bc4136",FALSE,"not_sampled","2026-09-18"
"bc4137",FALSE,"not_sampled","2026-09-18"
"bc4138",FALSE,"not_sampled","2026-09-18"
"bc4139",FALSE,"not_sampled","2026-09-18"
"bc4140",FALSE,"not_sampled","2026-09-18"
"bc4141",FALSE,"not_sampled","2026-09-18"
"bc4142",FALSE,"not_sampled","2026-09-18"
"bc4143",FALSE,"not_sampled","2026-09-18"
"bc4144",FALSE,"not_sampled","2026-09-18"
"bc4145",FALSE,"not_sampled","2026-09-18"
"bc4146",FALSE,"not_sampled","2026-09-18"
"bc4147",FALSE,"not_sampled","2026-09-18"
"bc4148",FALSE,"not_sampled","2026-09-18"
"bc4149",FALSE,"not_sampled","2026-09-18"
"bc4150",FALSE,"not_sampled","2026-09-18"
"bc4151",FALSE,"not_sampled","2026-09-18"
"bc4152",FALSE,"not_sampled","2026-09-18"
"bc4153",FALSE,"not_sampled","2026-09-18"
"bc4154",FALSE,"not_sampled","2026-09-18"
"bc4155",FALSE,"not_sampled","2026-09-18"
"bc4156",FALSE,"not_sampled","2026-09-18"
"bc4157",TRUE,"thumbnails_unavailable","2026-10-02"
"bc4158",FALSE,"not_sampled","2026-09-18"
"bc4159",FALSE,"not_sampled","2026-09-18"
"bc4160",FALSE,"not_sampled","2026-09-18"
"bc4161",FALSE,"not_sampled","2026-09-18"
"bc4162",FALSE,"not_sampled","2026-09-18"
"bc4163",FALSE,"not_sampled","2026-09-18"
"bc4164",FALSE,"not_sampled","2026-09-18"
"bc4165",FALSE,"not_sampled","2026-09-18"
"bc4166",FALSE,"not_sampled","2026-09-18"
"bc4167",FALSE,"not_sampled","2026-09-18"
"bc4168",FALSE,"not_sampled","2026-09-18"
"bc4169",FALSE,"not_sampled","2026-09-18"
"bc4170",FALSE,"not_sampled","2026-09-18"
"bc4171",FALSE,"not_sampled","2026-09-18"
"bc4172",FALSE,"not_sampled","2026-09-18"
"bc4173",FALSE,"not_sampled","2026-09-18"
"bc4174",TRUE,"thumbnails_unavailable","2026-10-02"
"bc4175",FALSE,"not_sampled","2026-09-18"
"bc4176",FALSE,"not_sampled","2026-09-18"
"bc4177",FALSE,"not_sampled","2026-09-18"
"bc4178",FALSE,"not_sampled","2026-09-18"
"bc4179",FALSE,"not_sampled","2026-09-18"
"bc4180",FALSE,"not_sampled","2026-09-18"
"bc4181",FALSE,"not_sampled","2026-09-18"
"bc4182",FALSE,"not_sampled","2026-09-18"
"bc4183",FALSE,"not_sampled","2026-09-18"
"bc4184",FALSE,"not_sampled","2026-09-18"
"bc4185",FALSE,"not_sampled","2026-09-18"
"bc4186",FALSE,"not_sampled","2026-09-18"
"bc4187",FALSE,"not_sampled","2026-09-18"
"bc4188",FALSE,"not_sampled","2026-09-18"
"bc4189",FALSE,"not_sampled","2026-09-18"
"bc4190",FALSE,"not_sampled","2026-09-18"
"bc4191",FALSE,"not_sampled","2026-09-18"
"bc4192",FALSE,"not_sampled","2026-09-18"
"bc4193",FALSE,"not_sampled","2026-09-18"
"bc4194",FALSE,"not_sampled","2026-09-18"
"bc4195",FALSE,"not_sampled","2026-09-18"
"bc4196",TRUE,"thumbnails_unavailable","2026-10-02"
"bc4197",FALSE,"not_sampled","2026-09-18"
"bc4198",FALSE,"not_sampled","2026-09-18"
"bc4199",FALSE,"one_qualifying_leg","2026-09-18"
"bc4200",TRUE,"thumbnails_unavailable","2026-10-02"
"bc4201",FALSE,"not_sampled","2026-09-18"
"bc4202",TRUE,"thumbnails_unavailable","2026-10-02"
"bc4203",FALSE,"not_sampled","2026-09-18"
"bc4204",FALSE,"not_sampled","2026-09-18"
"bc4205",FALSE,"not_sampled","2026-09-18"
"bc4206",FALSE,"not_sampled","2026-09-18"
"bc4207",FALSE,"not_sampled","2026-09-18"
"bc4208",FALSE,"not_sampled","2026-09-18"
"bc4209",FALSE,"not_sampled","2026-09-18"
"bc4210",FALSE,"not_sampled","2026-09-18"
"bc4211",FALSE,"not_sampled","2026-09-18"
"bc4212",FALSE,"not_sampled","2026-09-18"
"bc4213",FALSE,"not_sampled","2026-09-18"
"bc4214",FALSE,"not_sampled","2026-09-18"
"bc4215",FALSE,"not_sampled","2026-09-18"
"bc4216",FALSE,"not_sampled","2026-09-18"
"bc4217",FALSE,"not_sampled","2026-09-18"
"bc4222",FALSE,"not_sampled","2026-09-18"
"bc4223",FALSE,"not_sampled","2026-09-18"
"bc4224",FALSE,"not_sampled","2026-09-18"
"bc4225",FALSE,"not_sampled","2026-09-18"
"bc4226",FALSE,"not_sampled","2026-09-18"
"bc4227",FALSE,"not_sampled","2026-09-18"
"bc4228",FALSE,"not_sampled","2026-09-18"
"bc4229",FALSE,"not_sampled","2026-09-18"
"bc4230",FALSE,"not_sampled","2026-09-18"
"bc4231",FALSE,"not_sampled","2026-09-18"
"bc4232",FALSE,"not_sampled","2026-09-18"
"bc4233",FALSE,"not_sampled","2026-09-18"
"bc4235",FALSE,"not_sampled","2026-09-18"
"bc4236",FALSE,"not_sampled","2026-09-18"
"bc4237",FALSE,"not_sampled","2026-09-18"
"bc4238",FALSE,"not_sampled","2026-09-18"
"bc4239",FALSE,"not_sampled","2026-09-18"
"bc4240",FALSE,"not_sampled","2026-09-18"
"bc4241",FALSE,"not_sampled","2026-09-18"
"bc4242",FALSE,"not_sampled","2026-09-18"
"bc4243",FALSE,"not_sampled","2026-09-18"
"bc4244",FALSE,"not_sampled","2026-09-18"
"bc4245",FALSE,"not_sampled","2026-09-18"
"bc4246",FALSE,"not_sampled","2026-09-18"
"bc4247",FALSE,"not_sampled","2026-09-18"
"bc4248",FALSE,"not_sampled","2026-09-18"
"bc4249",FALSE,"not_sampled","2026-09-18"
"bc4250",FALSE,"not_sampled","2026-09-18"
"bc4251",FALSE,"not_sampled","2026-09-18"
"bc4252",FALSE,"not_sampled","2026-09-18"
"bc4253",FALSE,"not_sampled","2026-09-18"
"bc4254",FALSE,"not_sampled","2026-09-18"
"bc4255",FALSE,"not_sampled","2026-09-18"
"bc4256",FALSE,"not_sampled","2026-09-18"
"bc4257",FALSE,"not_sampled","2026-09-18"
"bc4258",FALSE,"not_sampled","2026-09-18"
"bc4259",FALSE,"not_sampled","2026-09-18"
"bc4260",FALSE,"not_sampled","2026-09-18"
"bc4262",FALSE,"not_sampled","2026-09-18"
"bc4263",FALSE,"not_sampled","2026-09-18"
"bc4264",FALSE,"not_sampled","2026-09-18"
"bc4265",FALSE,"not_sampled","2026-09-18"
"bc4266",FALSE,"not_sampled","2026-09-18"
"bc4267",FALSE,"not_sampled","2026-09-18"
"bc4269",FALSE,"not_sampled","2026-09-18"
"bc4270",FALSE,"not_sampled","2026-09-18"
"bc4271",FALSE,"not_sampled","2026-09-18"
"bc4272",FALSE,"not_sampled","2026-09-18"
"bc4273",FALSE,"not_sampled","2026-09-18"
"bc4274",FALSE,"not_sampled","2026-09-18"
"bc4275",FALSE,"not_sampled","2026-09-18"
"bc4276",FALSE,"not_sampled","2026-09-18"
"bc4277",FALSE,"not_sampled","2026-09-18"
"bc4278",FALSE,"not_sampled","2026-09-18"
"bc4279",FALSE,"not_sampled","2026-09-18"
"bc4280",FALSE,"not_sampled","2026-09-18"
"bc4281",FALSE,"not_sampled","2026-09-18"
"bc4282",FALSE,"not_sampled","2026-09-18"
"bc4283",FALSE,"not_sampled","2026-09-18"
"bc4284",FALSE,"not_sampled","2026-09-18"
"bc4285",FALSE,"not_sampled","2026-09-18"
"bc4286",FALSE,"not_sampled","2026-09-18"
"bc4288",FALSE,"one_qualifying_leg","2026-09-18"
"bc4289",FALSE,"not_sampled","2026-09-18"
"bc4290",FALSE,"not_sampled","2026-09-18"
"bc4291",FALSE,"not_sampled","2026-09-18"
"bc4292",FALSE,"single_direction","2026-09-18"
"bc4293",FALSE,"not_sampled","2026-09-18"
"bc4294",FALSE,"not_sampled","2026-09-18"
"bc4295",FALSE,"not_sampled","2026-09-18"
"bc4296",FALSE,"not_sampled","2026-09-18"
"bc4297",FALSE,"not_sampled","2026-09-18"
"bc4298",FALSE,"not_sampled","2026-09-18"
"bc4299",FALSE,"not_sampled","2026-09-18"
"bc4300",FALSE,"not_sampled","2026-09-18"
"bc4301",FALSE,"not_sampled","2026-09-18"
"bc4302",FALSE,"not_sampled","2026-09-18"
"bc4303",FALSE,"not_sampled","2026-09-18"
"bc4304",FALSE,"not_sampled","2026-09-18"
"bc4305",FALSE,"not_sampled","2026-09-18"
"bc4306",FALSE,"not_sampled","2026-09-18"
"bc4307",FALSE,"not_sampled","2026-09-18"
"bc4308",FALSE,"not_sampled","2026-09-18"
"bc4309",FALSE,"not_sampled","2026-09-18"
"bc4310",FALSE,"not_sampled","2026-09-18"
"bc4311",FALSE,"not_sampled","2026-09-18"
"bc4312",FALSE,"not_sampled","2026-09-18"
"bc4313",FALSE,"not_sampled","2026-09-18"
"bc4314",FALSE,"not_sampled","2026-09-18"
"bc4315",FALSE,"not_sampled","2026-09-18"
"bc4316",FALSE,"not_sampled","2026-09-18"
"bc4317",FALSE,"not_sampled","2026-09-18"
"bc4318",FALSE,"not_sampled","2026-09-18"
"bc4319",FALSE,"not_sampled","2026-09-18"
"bc4320",FALSE,"not_sampled","2026-09-18"
"bc4321",FALSE,"not_sampled","2026-09-18"
"bc4322",FALSE,"not_sampled","2026-09-18"
"bc4323",FALSE,"not_sampled","2026-09-18"
"bc4324",FALSE,"not_sampled","2026-09-18"
"bc4325",FALSE,"not_sampled","2026-09-18"
"bc4326",FALSE,"not_sampled","2026-09-18"
"bc4327",FALSE,"not_sampled","2026-09-18"
"bc4328",FALSE,"not_sampled","2026-09-18"
"bc4329",FALSE,"not_sampled","2026-09-18"
"bc4330",FALSE,"not_sampled","2026-09-18"
"bc4331",FALSE,"not_sampled","2026-09-18"
"bc4332",FALSE,"not_sampled","2026-09-18"
"bc4333",FALSE,"not_sampled","2026-09-18"
"bc4334",FALSE,"not_sampled","2026-09-18"
"bc4335",FALSE,"not_sampled","2026-09-18"
"bc4336",FALSE,"not_sampled","2026-09-18"
"bc4337",FALSE,"not_sampled","2026-09-18"
"bc4338",FALSE,"not_sampled","2026-09-18"
"bc4339",FALSE,"not_sampled","2026-09-18"
"bc4340",FALSE,"not_sampled","2026-09-18"
"bc4341",FALSE,"not_sampled","2026-09-18"
"bc4342",FALSE,"not_sampled","2026-09-18"
"bc4343",FALSE,"not_sampled","2026-09-18"
"bc4344",FALSE,"not_sampled","2026-09-18"
"bc4345",FALSE,"not_sampled","2026-09-18"
"bc4346",FALSE,"not_sampled","2026-09-18"
"bc4347",FALSE,"not_sampled","2026-09-18"
"bc4348",FALSE,"not_sampled","2026-09-18"
"bc4349",FALSE,"not_sampled","2026-09-18"
"bc4350",FALSE,"not_sampled","2026-09-18"
"bc4351",FALSE,"not_sampled","2026-09-18"
"bc4352",FALSE,"not_sampled","2026-09-18"
"bc4353",FALSE,"not_sampled","2026-09-18"
"bc4354",FALSE,"not_sampled","2026-09-18"
"bc4355",FALSE,"not_sampled","2026-09-18"
"bc4356",FALSE,"not_sampled","2026-09-18"
"bc4357",FALSE,"not_sampled","2026-09-18"
"bc4358",FALSE,"not_sampled","2026-09-18"
"bc4359",FALSE,"not_sampled","2026-09-18"
"bc4361",FALSE,"not_sampled","2026-09-18"
"bc4362",FALSE,"not_sampled","2026-09-18"
"bc4363",FALSE,"not_sampled","2026-09-18"
"bc4364",FALSE,"not_sampled","2026-09-18"
"bc4365",FALSE,"not_sampled","2026-09-18"
"bc4366",FALSE,"not_sampled","2026-09-18"
"bc4367",FALSE,"not_sampled","2026-09-18"
"bc4368",FALSE,"not_sampled","2026-09-18"
"bc4369",FALSE,"not_sampled","2026-09-18"
"bc4370",FALSE,"not_sampled","2026-09-18"
"bc4371",FALSE,"not_sampled","2026-09-18"
"bc4372",FALSE,"not_sampled","2026-09-18"
"bc4373",FALSE,"not_sampled","2026-09-18"
"bc4374",FALSE,"not_sampled","2026-09-18"
"bc4375",FALSE,"not_sampled","2026-09-18"
"bc4376",FALSE,"not_sampled","2026-09-18"
"bc4377",FALSE,"not_sampled","2026-09-18"
"bc4378",FALSE,"not_sampled","2026-09-18"
"bc4379",FALSE,"not_sampled","2026-09-18"
"bc4380",FALSE,"not_sampled","2026-09-18"
"bc4381",FALSE,"not_sampled","2026-09-18"
"bc4382",FALSE,"not_sampled","2026-09-18"
"bc4383",FALSE,"not_sampled","2026-09-18"
"bc4384",FALSE,"one_qualifying_leg","2026-09-18"
"bc4385",FALSE,"not_sampled","2026-09-18"
"bc4386",FALSE,"not_sampled","2026-09-18"
"bc4387",FALSE,"not_sampled","2026-09-18"
"bc4388",FALSE,"not_sampled","2026-09-18"
"bc4389",FALSE,"not_sampled","2026-09-18"
"bc4390",FALSE,"not_sampled","2026-09-18"
"bc4391",FALSE,"not_sampled","2026-09-18"
"bc4392",FALSE,"not_sampled","2026-09-18"
"bc4393",FALSE,"not_sampled","2026-09-18"
"bc4394",FALSE,"not_sampled","2026-09-18"
"bc4395",FALSE,"not_sampled","2026-09-18"
"bc4396",FALSE,"not_sampled","2026-09-18"
"bc4397",FALSE,"not_sampled","2026-09-18"
"bc4398",FALSE,"not_sampled","2026-09-18"
"bc4399",FALSE,"not_sampled","2026-09-18"
"bc4400",FALSE,"not_sampled","2026-09-18"
"bc4401",FALSE,"not_sampled","2026-09-18"
"bc4402",FALSE,"not_sampled","2026-09-18"
"bc4403",FALSE,"not_sampled","2026-09-18"
"bc4404",FALSE,"not_sampled","2026-09-18"
"bc4405",FALSE,"not_sampled","2026-09-18"
"bc4406",FALSE,"not_sampled","2026-09-18"
"bc4407",FALSE,"not_sampled","2026-09-18"
"bc4408",FALSE,"not_sampled","2026-09-18"
"bc4409",FALSE,"not_sampled","2026-09-18"
"bc4410",FALSE,"not_sampled","2026-09-18"
"bc4411",FALSE,"not_sampled","2026-09-18"
"bc4412",FALSE,"not_sampled","2026-09-18"
"bc4413",FALSE,"not_sampled","2026-09-18"
"bc4414",FALSE,"not_sampled","2026-09-18"
"bc4415",FALSE,"not_sampled","2026-09-18"
"bc4416",FALSE,"not_sampled","2026-09-18"
"bc4417",FALSE,"not_sampled","2026-09-18"
"bc4418",FALSE,"not_sampled","2026-09-18"
"bc4419",FALSE,"not_sampled","2026-09-18"
"bc4420",FALSE,"not_sampled","2026-09-18"
"bc4421",FALSE,"not_sampled","2026-09-18"
"bc4422",FALSE,"not_sampled","2026-09-18"
"bc4423",FALSE,"not_sampled","2026-09-18"
"bc4424",FALSE,"not_sampled","2026-09-18"
"bc4425",FALSE,"not_sampled","2026-09-18"
"bc4426",FALSE,"not_sampled","2026-09-18"
"bc4427",FALSE,"not_sampled","2026-09-18"
"bc4428",FALSE,"not_sampled","2026-09-18"
"bc4429",FALSE,"not_sampled","2026-09-18"
"bc4430",FALSE,"not_sampled","2026-09-18"
"bc4431",FALSE,"not_sampled","2026-09-18"
"bc4432",FALSE,"not_sampled","2026-09-18"
"bc4433",FALSE,"not_sampled","2026-09-18"
"bc4434",FALSE,"not_sampled","2026-09-18"
"bc4435",FALSE,"not_sampled","2026-09-18"
"bc4436",FALSE,"not_sampled","2026-09-18"
"bc4437",FALSE,"not_sampled","2026-09-18"
"bc4438",FALSE,"not_sampled","2026-09-18"
"bc4439",FALSE,"not_sampled","2026-09-18"
"bc4440",FALSE,"not_sampled","2026-09-18"
"bc4441",FALSE,"not_sampled","2026-09-18"
"bc4442",FALSE,"not_sampled","2026-09-18"
"bc5059",FALSE,"not_sampled","2026-09-18"
"bc5060",FALSE,"not_sampled","2026-09-18"
"bc5061",FALSE,"not_sampled","2026-09-18"
"bc5062",FALSE,"not_sampled","2026-09-18"
"bc5063",FALSE,"not_sampled","2026-09-18"
"bc5064",FALSE,"not_sampled","2026-09-18"
"bc5065",FALSE,"not_sampled","2026-09-18"
"bc5066",FALSE,"not_sampled","2026-09-18"
"bc5067",FALSE,"not_sampled","2026-09-18"
"bc5068",FALSE,"not_sampled","2026-09-18"
"bc5069",FALSE,"not_sampled","2026-09-18"
"bc5070",FALSE,"not_sampled","2026-09-18"
"bc5071",FALSE,"not_sampled","2026-09-18"
"bc5072",FALSE,"not_sampled","2026-09-18"
"bc5073",FALSE,"single_direction","2026-09-18"
"bc5075",FALSE,"not_sampled","2026-09-18"
"bc5078",FALSE,"not_sampled","2026-09-18"
"bc5079",TRUE,"thumbnails_unavailable","2026-10-02"
"bc5080",FALSE,"not_sampled","2026-09-18"
"bc5081",FALSE,"not_sampled","2026-09-18"
"bc5082",TRUE,"thumbnails_unavailable","2026-10-02"
"bc5083",FALSE,"not_sampled","2026-09-18"
"bc5084",FALSE,"not_sampled","2026-09-18"
"bc5085",FALSE,"not_sampled","2026-09-18"
"bc5086",FALSE,"not_sampled","2026-09-18"
"bc5091",FALSE,"not_sampled","2026-09-18"
"bc5097",FALSE,"not_sampled","2026-09-18"
"bc5099",FALSE,"not_sampled","2026-09-18"
"bc5100",FALSE,"one_qualifying_leg","2026-09-18"
"bc5101",FALSE,"not_sampled","2026-09-18"
"bc5102",FALSE,"not_sampled","2026-09-18"
"bc5103",FALSE,"not_sampled","2026-09-18"
"bc5104",TRUE,"thumbnails_unavailable","2026-10-02"
"bc5105",FALSE,"not_sampled","2026-09-18"
"bc5106",TRUE,"thumbnails_unavailable","2026-10-02"
"bc5107",FALSE,"not_sampled","2026-09-18"
"bc5108",FALSE,"not_sampled","2026-09-18"
"bc5109",FALSE,"not_sampled","2026-09-18"
"bc5110",FALSE,"not_sampled","2026-09-18"
"bc5111",FALSE,"not_sampled","2026-09-18"
"bc5112",FALSE,"not_sampled","2026-09-18"
"bc5113",FALSE,"not_sampled","2026-09-18"
"bc5114",FALSE,"not_sampled","2026-09-18"
"bc5116",FALSE,"not_sampled","2026-09-18"
"bc5117",FALSE,"not_sampled","2026-09-18"
"bc5118",FALSE,"not_sampled","2026-09-18"
"bc5119",FALSE,"not_sampled","2026-09-18"
"bc5120",FALSE,"not_sampled","2026-09-18"
"bc5121",FALSE,"not_sampled","2026-09-18"
"bc5136",FALSE,"not_sampled","2026-09-18"
"bc5137",TRUE,"no_decisive_leg","2026-10-02"
"bc5138",FALSE,"not_sampled","2026-09-18"
"bc5139",FALSE,"not_sampled","2026-09-18"
"bc5140",FALSE,"not_sampled","2026-09-18"
"bc5141",FALSE,"not_sampled","2026-09-18"
"bc5142",FALSE,"not_sampled","2026-09-18"
"bc5143",FALSE,"not_sampled","2026-09-18"
"bc5144",FALSE,"not_sampled","2026-09-18"
"bc5145",FALSE,"not_sampled","2026-09-18"
"bc5146",FALSE,"not_sampled","2026-09-18"
"bc5147",FALSE,"not_sampled","2026-09-18"
"bc5148",FALSE,"not_sampled","2026-09-18"
"bc5149",FALSE,"not_sampled","2026-09-18"
"bc5150",FALSE,"not_sampled","2026-09-18"
"bc5151",FALSE,"not_sampled","2026-09-18"
"bc5152",FALSE,"not_sampled","2026-09-18"
"bc5154",FALSE,"not_sampled","2026-09-18"
"bc5155",FALSE,"not_sampled","2026-09-18"
"bc5157",FALSE,"not_sampled","2026-09-18"
"bc5158",FALSE,"single_direction","2026-09-18"
"bc5159",FALSE,"single_direction","2026-09-18"
"bc5160",FALSE,"not_sampled","2026-09-18"
"bc5165",FALSE,"not_sampled","2026-09-18"
"bc5166",FALSE,"not_sampled","2026-09-18"
"bc5167",FALSE,"one_qualifying_leg","2026-09-18"
"bc5168",FALSE,"not_sampled","2026-09-18"
"bc5169",FALSE,"not_sampled","2026-09-18"
"bc5170",FALSE,"one_qualifying_leg","2026-09-18"
"bc5180",FALSE,"not_sampled","2026-09-18"
"bc5181",FALSE,"not_sampled","2026-09-18"
"bc5182",FALSE,"not_sampled","2026-09-18"
"bc5183",FALSE,"not_sampled","2026-09-18"
"bc5184",FALSE,"not_sampled","2026-09-18"
"bc5186",FALSE,"not_sampled","2026-09-18"
"bc5194",FALSE,"not_sampled","2026-09-18"
"bc5196",FALSE,"not_sampled","2026-09-18"
"bc5198",FALSE,"not_sampled","2026-09-18"
"bc5199",FALSE,"not_sampled","2026-09-18"
"bc5200",FALSE,"not_sampled","2026-09-18"
"bc5203",FALSE,"not_sampled","2026-09-18"
"bc5205",FALSE,"not_sampled","2026-09-18"
"bc5207",FALSE,"not_sampled","2026-09-18"
"bc5212",FALSE,"not_sampled","2026-09-18"
"bc5213",FALSE,"not_sampled","2026-09-18"
"bc5214",FALSE,"single_direction","2026-09-18"
"bc5215",FALSE,"not_sampled","2026-09-18"
"bc5217",FALSE,"not_sampled","2026-09-18"
"bc5219",FALSE,"not_sampled","2026-09-18"
"bc5220",FALSE,"not_sampled","2026-09-18"
"bc5221",FALSE,"not_sampled","2026-09-18"
"bc5223",FALSE,"not_sampled","2026-09-18"
"bc5224",FALSE,"not_sampled","2026-09-18"
"bc5225",FALSE,"not_sampled","2026-09-18"
"bc5226",FALSE,"not_sampled","2026-09-18"
"bc5227",FALSE,"not_sampled","2026-09-18"
"bc5228",FALSE,"not_sampled","2026-09-18"
"bc5229",FALSE,"not_sampled","2026-09-18"
"bc5230",FALSE,"not_sampled","2026-09-18"
"bc5231",FALSE,"not_sampled","2026-09-18"
"bc5232",FALSE,"not_sampled","2026-09-18"
"bc5233",FALSE,"not_sampled","2026-09-18"
"bc5234",FALSE,"not_sampled","2026-09-18"
"bc5235",FALSE,"not_sampled","2026-09-18"
"bc5236",FALSE,"not_sampled","2026-09-18"
"bc5237",FALSE,"not_sampled","2026-09-18"
"bc5238",FALSE,"not_sampled","2026-09-18"
"bc5239",FALSE,"not_sampled","2026-09-18"
"bc5240",FALSE,"not_sampled","2026-09-18"
"bc5241",FALSE,"not_sampled","2026-09-18"
"bc5242",FALSE,"not_sampled","2026-09-18"
"bc5243",FALSE,"not_sampled","2026-09-18"
"bc5244",FALSE,"not_sampled","2026-09-18"
"bc5245",FALSE,"not_sampled","2026-09-18"
"bc5246",FALSE,"not_sampled","2026-09-18"
"bc5247",FALSE,"not_sampled","2026-09-18"
"bc5248",FALSE,"not_sampled","2026-09-18"
"bc5249",FALSE,"not_sampled","2026-09-18"
"bc5250",FALSE,"not_sampled","2026-09-18"
"bc5251",FALSE,"not_sampled","2026-09-18"
"bc5252",FALSE,"not_sampled","2026-09-18"
"bc5253",FALSE,"not_sampled","2026-09-18"
"bc5254",FALSE,"not_sampled","2026-09-18"
"bc5255",FALSE,"not_sampled","2026-09-18"
"bc5256",FALSE,"not_sampled","2026-09-18"
"bc5257",FALSE,"not_sampled","2026-09-18"
"bc5258",FALSE,"not_sampled","2026-09-18"
"bc5259",FALSE,"not_sampled","2026-09-18"
"bc5260",FALSE,"not_sampled","2026-09-18"
"bc5261",FALSE,"not_sampled","2026-09-18"
"bc5262",FALSE,"not_sampled","2026-09-18"
"bc5263",FALSE,"not_sampled","2026-09-18"
"bc5264",FALSE,"not_sampled","2026-09-18"
"bc5265",FALSE,"not_sampled","2026-09-18"
"bc5266",FALSE,"not_sampled","2026-09-18"
"bc5267",FALSE,"not_sampled","2026-09-18"
"bc5268",FALSE,"not_sampled","2026-09-18"
"bc5269",FALSE,"not_sampled","2026-09-18"
"bc5271",FALSE,"not_sampled","2026-09-18"
"bc5272",FALSE,"not_sampled","2026-09-18"
"bc5273",FALSE,"not_sampled","2026-09-18"
"bc5274",FALSE,"not_sampled","2026-09-18"
"bc5275",FALSE,"not_sampled","2026-09-18"
"bc5276",FALSE,"not_sampled","2026-09-18"
"bc5277",FALSE,"not_sampled","2026-09-18"
"bc5278",FALSE,"not_sampled","2026-09-18"
"bc5279",FALSE,"not_sampled","2026-09-18"
"bc5280",FALSE,"not_sampled","2026-09-18"
"bc5281",FALSE,"not_sampled","2026-09-18"
"bc5283",FALSE,"not_sampled","2026-09-18"
"bc5285",FALSE,"not_sampled","2026-09-18"
"bc5286",FALSE,"not_sampled","2026-09-18"
"bc5287",FALSE,"not_sampled","2026-09-18"
"bc5288",FALSE,"not_sampled","2026-09-18"
"bc5289",FALSE,"not_sampled","2026-09-18"
"bc5290",FALSE,"not_sampled","2026-09-18"
"bc5291",FALSE,"not_sampled","2026-09-18"
"bc5292",FALSE,"not_sampled","2026-09-18"
"bc5293",FALSE,"not_sampled","2026-09-18"
"bc5294",FALSE,"not_sampled","2026-09-18"
"bc5295",FALSE,"not_sampled","2026-09-18"
"bc5296",FALSE,"not_sampled","2026-09-18"
"bc5297",FALSE,"not_sampled","2026-09-18"
"bc5298",FALSE,"not_sampled","2026-09-18"
"bc5299",FALSE,"not_sampled","2026-09-18"
"bc5300",FALSE,"not_sampled","2026-09-18"
"bc5301",FALSE,"not_sampled","2026-09-18"
"bc5302",FALSE,"not_sampled","2026-09-18"
"bc5303",FALSE,"not_sampled","2026-09-18"
"bc5304",FALSE,"not_sampled","2026-09-18"
"bc5305",FALSE,"not_sampled","2026-09-18"
"bc5306",FALSE,"not_sampled","2026-09-18"
"bc5307",FALSE,"not_sampled","2026-09-18"
"bc5308",FALSE,"not_sampled","2026-09-18"
"bc5309",FALSE,"not_sampled","2026-09-18"
"bc5310",FALSE,"not_sampled","2026-09-18"
"bc5311",FALSE,"not_sampled","2026-09-18"
"bc5312",FALSE,"not_sampled","2026-09-18"
"bc5313",FALSE,"not_sampled","2026-09-18"
"bc5314",FALSE,"not_sampled","2026-09-18"
"bc5315",FALSE,"not_sampled","2026-09-18"
"bc5316",FALSE,"not_sampled","2026-09-18"
"bc5317",FALSE,"not_sampled","2026-09-18"
"bc5318",FALSE,"not_sampled","2026-09-18"
"bc5319",FALSE,"not_sampled","2026-09-18"
"bc5320",FALSE,"not_sampled","2026-09-18"
"bc5321",FALSE,"not_sampled","2026-09-18"
"bc5322",FALSE,"not_sampled","2026-09-18"
"bc5323",FALSE,"not_sampled","2026-09-18"
"bc5325",FALSE,"not_sampled","2026-09-18"
"bc5326",FALSE,"not_sampled","2026-09-18"
"bc5327",FALSE,"not_sampled","2026-09-18"
"bc5329",FALSE,"not_sampled","2026-09-18"
"bc5330",FALSE,"not_sampled","2026-09-18"
"bc5331",FALSE,"not_sampled","2026-09-18"
"bc5332",FALSE,"not_sampled","2026-09-18"
"bc5333",FALSE,"not_sampled","2026-09-18"
"bc5334",FALSE,"not_sampled","2026-09-18"
"bc5335",FALSE,"not_sampled","2026-09-18"
"bc5336",FALSE,"not_sampled","2026-09-18"
"bc5337",FALSE,"not_sampled","2026-09-18"
"bc5338",FALSE,"not_sampled","2026-09-18"
"bc5339",FALSE,"not_sampled","2026-09-18"
"bc5340",FALSE,"not_sampled","2026-09-18"
"bc5341",FALSE,"not_sampled","2026-09-18"
"bc5342",FALSE,"not_sampled","2026-09-18"
"bc5343",FALSE,"not_sampled","2026-09-18"
"bc5344",FALSE,"not_sampled","2026-09-18"
"bc5345",FALSE,"not_sampled","2026-09-18"
"bc5346",FALSE,"not_sampled","2026-09-18"
"bc5347",FALSE,"not_sampled","2026-09-18"
"bc5348",FALSE,"not_sampled","2026-09-18"
"bc5349",FALSE,"not_sampled","2026-09-18"
"bc5350",FALSE,"not_sampled","2026-09-18"
"bc5351",FALSE,"not_sampled","2026-09-18"
"bc5352",FALSE,"not_sampled","2026-09-18"
"bc5353",FALSE,"not_sampled","2026-09-18"
"bc5354",FALSE,"not_sampled","2026-09-18"
"bc5355",FALSE,"not_sampled","2026-09-18"
"bc5356",FALSE,"not_sampled","2026-09-18"
"bc5357",FALSE,"not_sampled","2026-09-18"
"bc5358",FALSE,"not_sampled","2026-09-18"
"bc5359",FALSE,"not_sampled","2026-09-18"
"bc5360",FALSE,"not_sampled","2026-09-18"
"bc5361",FALSE,"not_sampled","2026-09-18"
"bc5362",FALSE,"not_sampled","2026-09-18"
"bc5363",FALSE,"not_sampled","2026-09-18"
"bc5364",FALSE,"not_sampled","2026-09-18"
"bc5365",FALSE,"not_sampled","2026-09-18"
"bc5366",FALSE,"not_sampled","2026-09-18"
"bc5367",FALSE,"not_sampled","2026-09-18"
"bc5368",FALSE,"not_sampled","2026-09-18"
"bc5381",FALSE,"not_sampled","2026-09-18"
"bc5382",FALSE,"not_sampled","2026-09-18"
"bc5383",FALSE,"not_sampled","2026-09-18"
"bc5384",FALSE,"not_sampled","2026-09-18"
"bc5392",FALSE,"one_qualifying_leg","2026-09-18"
"bc5393",FALSE,"not_sampled","2026-09-18"
"bc5394",FALSE,"not_sampled","2026-09-18"
"bc5415",FALSE,"one_qualifying_leg","2026-09-18"
"bc5416",FALSE,"not_sampled","2026-09-18"
"bc5417",FALSE,"one_qualifying_leg","2026-09-18"
"bc5420",FALSE,"not_sampled","2026-09-18"
"bc5421",FALSE,"not_sampled","2026-09-18"
"bc5422",FALSE,"not_sampled","2026-09-18"
"bc5423",FALSE,"not_sampled","2026-09-18"
"bc5425",FALSE,"single_direction","2026-09-18"
"bc5426",FALSE,"not_sampled","2026-09-18"
"bc5427",FALSE,"not_sampled","2026-09-18"
"bc5428",FALSE,"not_sampled","2026-09-18"
"bc5429",FALSE,"not_sampled","2026-09-18"
"bc5432",FALSE,"not_sampled","2026-09-18"
"bc5433",FALSE,"not_sampled","2026-09-18"
"bc5434",FALSE,"not_sampled","2026-09-18"
"bc5435",FALSE,"not_sampled","2026-09-18"
"bc5438",FALSE,"not_sampled","2026-09-18"
"bc5439",FALSE,"not_sampled","2026-09-18"
"bc5440",FALSE,"not_sampled","2026-09-18"
"bc5441",FALSE,"not_sampled","2026-09-18"
"bc5442",FALSE,"no_qualifying_leg","2026-09-18"
"bc5449",FALSE,"not_sampled","2026-09-18"
"bc5453",FALSE,"no_qualifying_leg","2026-09-18"
"bc5457",FALSE,"not_sampled","2026-09-18"
"bc5458",FALSE,"one_qualifying_leg","2026-09-18"
"bc5461",FALSE,"no_qualifying_leg","2026-09-18"
"bc5462",FALSE,"not_sampled","2026-09-18"
"bc5463",FALSE,"not_sampled","2026-09-18"
"bc5469",FALSE,"one_qualifying_leg","2026-09-18"
"bc5473",FALSE,"not_sampled","2026-09-18"
"bc5474",FALSE,"one_qualifying_leg","2026-09-18"
"bc5475",FALSE,"no_qualifying_leg","2026-09-18"
"bc5479",FALSE,"no_qualifying_leg","2026-09-18"
"bc5481",FALSE,"not_sampled","2026-09-18"
"bc5484",FALSE,"not_sampled","2026-09-18"
"bc5486",FALSE,"not_sampled","2026-09-18"
"bc5494",FALSE,"one_qualifying_leg","2026-09-18"
"bc5495",FALSE,"not_sampled","2026-09-18"
"bc5499",FALSE,"not_sampled","2026-09-18"
"bc5500",FALSE,"not_sampled","2026-09-18"
"bc5501",FALSE,"single_direction","2026-09-18"
"bc5502",FALSE,"one_qualifying_leg","2026-09-18"
"bc5503",FALSE,"not_sampled","2026-09-18"
"bc5504",FALSE,"not_sampled","2026-09-18"
"bc5505",FALSE,"not_sampled","2026-09-18"
"bc5506",FALSE,"not_sampled","2026-09-18"
"bc5507",FALSE,"not_sampled","2026-09-18"
"bc5508",FALSE,"not_sampled","2026-09-18"
"bc5509",FALSE,"not_sampled","2026-09-18"
"bc5510",FALSE,"not_sampled","2026-09-18"
"bc5511",FALSE,"not_sampled","2026-09-18"
"bc5512",FALSE,"not_sampled","2026-09-18"
"bc5517",FALSE,"not_sampled","2026-09-18"
"bc5518",FALSE,"single_direction","2026-09-18"
"bc5523",FALSE,"not_sampled","2026-09-18"
"bc5524",FALSE,"not_sampled","2026-09-18"
"bc5528",FALSE,"not_sampled","2026-09-18"
"bc5529",FALSE,"not_sampled","2026-09-18"
"bc5535",FALSE,"one_qualifying_leg","2026-09-18"
"bc5536",FALSE,"one_qualifying_leg","2026-09-18"
"bc5540",FALSE,"no_qualifying_leg","2026-09-18"
"bc5541",FALSE,"single_direction","2026-09-18"
"bc5544",FALSE,"not_sampled","2026-09-18"
"bc5546",FALSE,"one_qualifying_leg","2026-09-18"
"bc5547",FALSE,"no_qualifying_leg","2026-09-18"
"bc5548",FALSE,"not_sampled","2026-09-18"
"bc5549",FALSE,"not_sampled","2026-09-18"
"bc5552",FALSE,"no_qualifying_leg","2026-09-18"
"bc5556",FALSE,"not_sampled","2026-09-18"
"bc5557",FALSE,"single_direction","2026-09-18"
"bc5561",FALSE,"not_sampled","2026-09-18"
"bc5563",FALSE,"not_sampled","2026-09-18"
"bc5566",FALSE,"not_sampled","2026-09-18"
"bc5567",FALSE,"not_sampled","2026-09-18"
"bc5570",FALSE,"one_qualifying_leg","2026-09-18"
"bc5572",FALSE,"not_sampled","2026-09-18"
"bc5573",FALSE,"not_sampled","2026-09-18"
"bc5574",FALSE,"not_sampled","2026-09-18"
"bc5575",FALSE,"not_sampled","2026-09-18"
"bc5577",FALSE,"not_sampled","2026-09-18"
"bc5580",FALSE,"not_sampled","2026-09-18"
"bc5581",FALSE,"not_sampled","2026-09-18"
"bc5582",FALSE,"not_sampled","2026-09-18"
"bc5583",FALSE,"not_sampled","2026-09-18"
"bc5584",FALSE,"not_sampled","2026-09-18"
"bc5585",FALSE,"not_sampled","2026-09-18"
"bc5586",FALSE,"not_sampled","2026-09-18"
"bc5587",FALSE,"not_sampled","2026-09-18"
"bc5588",FALSE,"not_sampled","2026-09-18"
"bc5589",FALSE,"not_sampled","2026-09-18"
"bc5590",FALSE,"not_sampled","2026-09-18"
"bc5591",FALSE,"not_sampled","2026-09-18"
"bc5592",FALSE,"one_qualifying_leg","2026-09-18"
"bc5593",FALSE,"not_sampled","2026-09-18"
"bc5594",FALSE,"not_sampled","2026-09-18"
"bc5595",FALSE,"not_sampled","2026-09-18"
"bc5596",FALSE,"not_sampled","2026-09-18"
"bc5597",FALSE,"not_sampled","2026-09-18"
"bc5598",FALSE,"not_sampled","2026-09-18"
"bc5599",FALSE,"not_sampled","2026-09-18"
"bc5600",FALSE,"not_sampled","2026-09-18"
"bc5601",FALSE,"not_sampled","2026-09-18"
"bc5602",FALSE,"not_sampled","2026-09-18"
"bc5603",FALSE,"not_sampled","2026-09-18"
"bc5604",FALSE,"not_sampled","2026-09-18"
"bc5605",FALSE,"not_sampled","2026-09-18"
"bc5606",FALSE,"not_sampled","2026-09-18"
"bc5607",FALSE,"not_sampled","2026-09-18"
"bc5609",FALSE,"not_sampled","2026-09-18"
"bc5610",FALSE,"not_sampled","2026-09-18"
"bc5611",FALSE,"not_sampled","2026-09-18"
"bc5612",FALSE,"not_sampled","2026-09-18"
"bc5613",FALSE,"not_sampled","2026-09-18"
"bc5614",FALSE,"not_sampled","2026-09-18"
"bc5615",FALSE,"not_sampled","2026-09-18"
"bc5616",FALSE,"not_sampled","2026-09-18"
"bc5617",FALSE,"not_sampled","2026-09-18"
"bc5618",TRUE,"thumbnails_unavailable","2026-10-02"
"bc5619",FALSE,"not_sampled","2026-09-18"
"bc5620",FALSE,"one_qualifying_leg","2026-09-18"
"bc5622",FALSE,"not_sampled","2026-09-18"
"bc5623",FALSE,"not_sampled","2026-09-18"
"bc5624",FALSE,"not_sampled","2026-09-18"
"bc5625",FALSE,"not_sampled","2026-09-18"
"bc5626",FALSE,"not_sampled","2026-09-18"
"bc5627",FALSE,"no_qualifying_leg","2026-09-18"
"bc5628",FALSE,"not_sampled","2026-09-18"
"bc5632",FALSE,"not_sampled","2026-09-18"
"bc5633",FALSE,"not_sampled","2026-09-18"
"bc5634",FALSE,"not_sampled","2026-09-18"
"bc5635",FALSE,"not_sampled","2026-09-18"
"bc5636",FALSE,"not_sampled","2026-09-18"
"bc5638",FALSE,"not_sampled","2026-09-18"
"bc5640",FALSE,"not_sampled","2026-09-18"
"bc5641",FALSE,"not_sampled","2026-09-18"
"bc5642",FALSE,"not_sampled","2026-09-18"
"bc5644",FALSE,"not_sampled","2026-09-18"
"bc5645",FALSE,"not_sampled","2026-09-18"
"bc5647",FALSE,"not_sampled","2026-09-18"
"bc5648",FALSE,"not_sampled","2026-09-18"
"bc5649",FALSE,"not_sampled","2026-09-18"
"bc5650",TRUE,"one_decisive_leg","2026-10-02"
"bc5651",FALSE,"not_sampled","2026-09-18"
"bc5652",FALSE,"not_sampled","2026-09-18"
"bc5653",FALSE,"one_qualifying_leg","2026-09-18"
"bc5654",FALSE,"not_sampled","2026-09-18"
"bc5655",FALSE,"not_sampled","2026-09-18"
"bc5656",FALSE,"not_sampled","2026-09-18"
"bc5657",FALSE,"no_qualifying_leg","2026-09-18"
"bc5658",FALSE,"not_sampled","2026-09-18"
"bc5659",FALSE,"not_sampled","2026-09-18"
"bc5660",FALSE,"not_sampled","2026-09-18"
"bc5661",FALSE,"not_sampled","2026-09-18"
"bc5662",FALSE,"not_sampled","2026-09-18"
"bc5663",FALSE,"not_sampled","2026-09-18"
"bc5664",FALSE,"not_sampled","2026-09-18"
"bc5665",FALSE,"not_sampled","2026-09-18"
"bc5666",FALSE,"not_sampled","2026-09-18"
"bc5667",FALSE,"not_sampled","2026-09-18"
"bc5668",FALSE,"not_sampled","2026-09-18"
"bc5669",FALSE,"not_sampled","2026-09-18"
"bc5670",FALSE,"not_sampled","2026-09-18"
"bc5671",FALSE,"not_sampled","2026-09-18"
"bc5672",FALSE,"not_sampled","2026-09-18"
"bc5673",FALSE,"not_sampled","2026-09-18"
"bc5674",FALSE,"not_sampled","2026-09-18"
"bc5675",FALSE,"not_sampled","2026-09-18"
"bc5677",FALSE,"one_qualifying_leg","2026-09-18"
"bc5678",FALSE,"not_sampled","2026-09-18"
"bc5679",FALSE,"not_sampled","2026-09-18"
"bc5680",FALSE,"not_sampled","2026-09-18"
"bc5683",FALSE,"not_sampled","2026-09-18"
"bc5684",FALSE,"not_sampled","2026-09-18"
"bc5685",FALSE,"not_sampled","2026-09-18"
"bc5687",FALSE,"not_sampled","2026-09-18"
"bc5688",FALSE,"not_sampled","2026-09-18"
"bc5689",FALSE,"not_sampled","2026-09-18"
"bc5690",FALSE,"not_sampled","2026-09-18"
"bc5691",FALSE,"not_sampled","2026-09-18"
"bc5692",FALSE,"not_sampled","2026-09-18"
"bc5693",FALSE,"not_sampled","2026-09-18"
"bc5695",FALSE,"not_sampled","2026-09-18"
"bc5697",FALSE,"not_sampled","2026-09-18"
"bc5698",FALSE,"not_sampled","2026-09-18"
"bc5699",FALSE,"not_sampled","2026-09-18"
"bc5700",FALSE,"not_sampled","2026-09-18"
"bc5701",FALSE,"not_sampled","2026-09-18"
"bc5702",FALSE,"not_sampled","2026-09-18"
"bc5703",FALSE,"not_sampled","2026-09-18"
"bc5704",FALSE,"not_sampled","2026-09-18"
"bc5705",FALSE,"not_sampled","2026-09-18"
"bc5706",FALSE,"not_sampled","2026-09-18"
"bc5707",FALSE,"not_sampled","2026-09-18"
"bc5708",FALSE,"not_sampled","2026-09-18"
"bc5709",FALSE,"not_sampled","2026-09-18"
"bc5710",FALSE,"not_sampled","2026-09-18"
"bc5711",FALSE,"not_sampled","2026-09-18"
"bc5712",FALSE,"not_sampled","2026-09-18"
"bc5713",FALSE,"not_sampled","2026-09-18"
"bc5714",FALSE,"not_sampled","2026-09-18"
"bc5715",FALSE,"not_sampled","2026-09-18"
"bc5716",FALSE,"not_sampled","2026-09-18"
"bc5717",FALSE,"not_sampled","2026-09-18"
"bc5718",FALSE,"single_direction","2026-09-18"
"bc5719",FALSE,"not_sampled","2026-09-18"
"bc5720",FALSE,"not_sampled","2026-09-18"
"bc5721",TRUE,"no_decisive_leg","2026-10-02"
"bc5722",FALSE,"not_sampled","2026-09-18"
"bc5723",FALSE,"not_sampled","2026-09-18"
"bc5724",FALSE,"not_sampled","2026-09-18"
"bc5725",FALSE,"not_sampled","2026-09-18"
"bc5727",FALSE,"not_sampled","2026-09-18"
"bc5729",FALSE,"not_sampled","2026-09-18"
"bc5732",FALSE,"not_sampled","2026-09-18"
"bc5734",FALSE,"one_qualifying_leg","2026-09-18"
"bc5736",FALSE,"no_qualifying_leg","2026-09-18"
"bc5737",FALSE,"not_sampled","2026-09-18"
"bc5738",FALSE,"not_sampled","2026-09-18"
"bc5739",FALSE,"one_qualifying_leg","2026-09-18"
"bc5740",FALSE,"not_sampled","2026-09-18"
"bc5741",FALSE,"not_sampled","2026-09-18"
"bc5742",FALSE,"not_sampled","2026-09-18"
"bc5743",FALSE,"not_sampled","2026-09-18"
"bc5744",FALSE,"not_sampled","2026-09-18"
"bc5745",FALSE,"not_sampled","2026-09-18"
"bc5746",FALSE,"not_sampled","2026-09-18"
"bc5748",FALSE,"not_sampled","2026-09-18"
"bc5749",FALSE,"not_sampled","2026-09-18"
"bc5750",FALSE,"not_sampled","2026-09-18"
"bc5751",FALSE,"not_sampled","2026-09-18"
"bc5753",FALSE,"not_sampled","2026-09-18"
"bc5755",FALSE,"not_sampled","2026-09-18"
"bc5756",FALSE,"not_sampled","2026-09-18"
"bc5757",FALSE,"not_sampled","2026-09-18"
"bc5758",FALSE,"not_sampled","2026-09-18"
"bc5760",FALSE,"not_sampled","2026-09-18"
"bc5761",FALSE,"not_sampled","2026-09-18"
"bc7002",FALSE,"not_sampled","2026-09-18"
"bc7003",FALSE,"not_sampled","2026-09-18"
"bc7004",FALSE,"not_sampled","2026-09-18"
"bc7005",FALSE,"not_sampled","2026-09-18"
"bc7006",FALSE,"not_sampled","2026-09-18"
"bc7007",FALSE,"not_sampled","2026-09-18"
"bc7011",FALSE,"not_sampled","2026-09-18"
"bc7013",FALSE,"not_sampled","2026-09-18"
"bc7014",FALSE,"not_sampled","2026-09-18"
"bc7015",FALSE,"not_sampled","2026-09-18"
"bc7016",FALSE,"not_sampled","2026-09-18"
"bc7017",FALSE,"not_sampled","2026-09-18"
"bc7018",FALSE,"not_sampled","2026-09-18"
"bc7019",FALSE,"not_sampled","2026-09-18"
"bc7020",FALSE,"not_sampled","2026-09-18"
"bc7021",FALSE,"not_sampled","2026-09-18"
"bc7022",FALSE,"not_sampled","2026-09-18"
"bc7023",FALSE,"not_sampled","2026-09-18"
"bc7024",FALSE,"not_sampled","2026-09-18"
"bc7025",FALSE,"not_sampled","2026-09-18"
"bc7026",FALSE,"not_sampled","2026-09-18"
"bc7027",FALSE,"not_sampled","2026-09-18"
"bc7028",FALSE,"not_sampled","2026-09-18"
"bc7029",FALSE,"not_sampled","2026-09-18"
"bc7030",FALSE,"not_sampled","2026-09-18"
"bc7031",FALSE,"not_sampled","2026-09-18"
"bc7032",FALSE,"not_sampled","2026-09-18"
"bc7033",FALSE,"not_sampled","2026-09-18"
"bc7034",FALSE,"not_sampled","2026-09-18"
"bc7035",FALSE,"not_sampled","2026-09-18"
"bc7036",FALSE,"not_sampled","2026-09-18"
"bc7037",FALSE,"not_sampled","2026-09-18"
"bc7038",FALSE,"not_sampled","2026-09-18"
"bc7039",FALSE,"not_sampled","2026-09-18"
"bc7040",FALSE,"not_sampled","2026-09-18"
"bc7041",FALSE,"not_sampled","2026-09-18"
"bc7042",FALSE,"not_sampled","2026-09-18"
"bc7043",FALSE,"not_sampled","2026-09-18"
"bc7044",FALSE,"not_sampled","2026-09-18"
"bc7045",FALSE,"not_sampled","2026-09-18"
"bc7046",FALSE,"not_sampled","2026-09-18"
"bc7047",FALSE,"not_sampled","2026-09-18"
"bc7048",FALSE,"not_sampled","2026-09-18"
"bc7050",FALSE,"not_sampled","2026-09-18"
"bc7051",FALSE,"not_sampled","2026-09-18"
"bc7052",FALSE,"not_sampled","2026-09-18"
"bc7053",FALSE,"not_sampled","2026-09-18"
"bc7054",FALSE,"not_sampled","2026-09-18"
"bc7055",FALSE,"not_sampled","2026-09-18"
"bc7056",FALSE,"not_sampled","2026-09-18"
"bc7057",FALSE,"not_sampled","2026-09-18"
"bc7058",FALSE,"not_sampled","2026-09-18"
"bc7059",FALSE,"not_sampled","2026-09-18"
"bc7060",FALSE,"not_sampled","2026-09-18"
"bc7061",FALSE,"not_sampled","2026-09-18"
"bc7062",FALSE,"not_sampled","2026-09-18"
"bc7063",FALSE,"not_sampled","2026-09-18"
"bc7064",FALSE,"not_sampled","2026-09-18"
"bc7065",FALSE,"not_sampled","2026-09-18"
"bc7066",FALSE,"not_sampled","2026-09-18"
"bc7067",FALSE,"not_sampled","2026-09-18"
"bc7068",FALSE,"not_sampled","2026-09-18"
"bc7069",FALSE,"not_sampled","2026-09-18"
"bc7070",FALSE,"not_sampled","2026-09-18"
"bc7071",FALSE,"not_sampled","2026-09-18"
"bc7072",FALSE,"not_sampled","2026-09-18"
"bc7073",FALSE,"not_sampled","2026-09-18"
"bc7074",FALSE,"not_sampled","2026-09-18"
"bc7075",FALSE,"not_sampled","2026-09-18"
"bc7076",FALSE,"not_sampled","2026-09-18"
"bc7077",FALSE,"not_sampled","2026-09-18"
"bc7078",FALSE,"not_sampled","2026-09-18"
"bc7079",FALSE,"not_sampled","2026-09-18"
"bc7080",FALSE,"not_sampled","2026-09-18"
"bc7081",FALSE,"not_sampled","2026-09-18"
"bc7082",FALSE,"not_sampled","2026-09-18"
"bc7083",FALSE,"not_sampled","2026-09-18"
"bc7084",FALSE,"not_sampled","2026-09-18"
"bc7085",FALSE,"not_sampled","2026-09-18"
"bc7086",FALSE,"not_sampled","2026-09-18"
"bc7087",FALSE,"not_sampled","2026-09-18"
"bc7088",FALSE,"not_sampled","2026-09-18"
"bc7089",FALSE,"not_sampled","2026-09-18"
"bc7090",FALSE,"not_sampled","2026-09-18"
"bc7091",FALSE,"not_sampled","2026-09-18"
"bc7092",FALSE,"not_sampled","2026-09-18"
"bc7093",FALSE,"not_sampled","2026-09-18"
"bc7094",FALSE,"not_sampled","2026-09-18"
"bc7095",FALSE,"not_sampled","2026-09-18"
"bc7096",FALSE,"not_sampled","2026-09-18"
"bc7097",FALSE,"not_sampled","2026-09-18"
"bc7098",FALSE,"not_sampled","2026-09-18"
"bc7099",FALSE,"not_sampled","2026-09-18"
"bc7100",FALSE,"not_sampled","2026-09-18"
"bc7101",FALSE,"not_sampled","2026-09-18"
"bc7102",FALSE,"not_sampled","2026-09-18"
"bc7103",FALSE,"not_sampled","2026-09-18"
"bc7104",FALSE,"not_sampled","2026-09-18"
"bc7105",FALSE,"not_sampled","2026-09-18"
"bc7106",FALSE,"not_sampled","2026-09-18"
"bc7107",FALSE,"not_sampled","2026-09-18"
"bc7108",FALSE,"not_sampled","2026-09-18"
"bc7109",FALSE,"not_sampled","2026-09-18"
"bc7110",FALSE,"not_sampled","2026-09-18"
"bc7111",FALSE,"not_sampled","2026-09-18"
"bc7112",FALSE,"not_sampled","2026-09-18"
"bc7113",FALSE,"not_sampled","2026-09-18"
"bc7114",FALSE,"not_sampled","2026-09-18"
"bc7115",FALSE,"not_sampled","2026-09-18"
"bc7116",FALSE,"not_sampled","2026-09-18"
"bc7117",FALSE,"not_sampled","2026-09-18"
"bc7118",FALSE,"one_qualifying_leg","2026-09-18"
"bc7119",FALSE,"not_sampled","2026-09-18"
"bc7120",FALSE,"not_sampled","2026-09-18"
"bc7121",FALSE,"one_qualifying_leg","2026-09-18"
"bc7122",FALSE,"not_sampled","2026-09-18"
"bc7123",FALSE,"not_sampled","2026-09-18"
"bc7124",FALSE,"not_sampled","2026-09-18"
"bc7125",FALSE,"not_sampled","2026-09-18"
"bc7126",FALSE,"not_sampled","2026-09-18"
"bc7127",FALSE,"not_sampled","2026-09-18"
"bc7128",FALSE,"not_sampled","2026-09-18"
"bc7129",FALSE,"not_sampled","2026-09-18"
"bc7130",FALSE,"not_sampled","2026-09-18"
"bc7131",FALSE,"not_sampled","2026-09-18"
"bc7132",FALSE,"not_sampled","2026-09-18"
"bc7133",FALSE,"not_sampled","2026-09-18"
"bc7134",FALSE,"not_sampled","2026-09-18"
"bc7135",FALSE,"not_sampled","2026-09-18"
"bc7136",FALSE,"not_sampled","2026-09-18"
"bc7137",FALSE,"not_sampled","2026-09-18"
"bc7138",FALSE,"not_sampled","2026-09-18"
"bc7139",FALSE,"not_sampled","2026-09-18"
"bc7140",FALSE,"not_sampled","2026-09-18"
"bc7141",FALSE,"not_sampled","2026-09-18"
"bc7142",FALSE,"not_sampled","2026-09-18"
"bc7143",FALSE,"not_sampled","2026-09-18"
"bc7144",FALSE,"not_sampled","2026-09-18"
"bc7145",FALSE,"not_sampled","2026-09-18"
"bc7146",FALSE,"not_sampled","2026-09-18"
"bc7147",FALSE,"not_sampled","2026-09-18"
"bc7148",FALSE,"not_sampled","2026-09-18"
"bc7149",FALSE,"not_sampled","2026-09-18"
"bc7150",FALSE,"not_sampled","2026-09-18"
"bc7151",FALSE,"not_sampled","2026-09-18"
"bc7152",FALSE,"not_sampled","2026-09-18"
"bc7153",FALSE,"not_sampled","2026-09-18"
"bc7154",FALSE,"not_sampled","2026-09-18"
"bc7155",FALSE,"not_sampled","2026-09-18"
"bc7156",FALSE,"not_sampled","2026-09-18"
"bc7157",FALSE,"not_sampled","2026-09-18"
"bc7158",FALSE,"not_sampled","2026-09-18"
"bc7159",FALSE,"not_sampled","2026-09-18"
"bc7160",FALSE,"not_sampled","2026-09-18"
"bc7161",FALSE,"not_sampled","2026-09-18"
"bc7162",FALSE,"not_sampled","2026-09-18"
"bc7163",FALSE,"not_sampled","2026-09-18"
"bc7164",FALSE,"not_sampled","2026-09-18"
"bc7165",FALSE,"not_sampled","2026-09-18"
"bc7166",FALSE,"not_sampled","2026-09-18"
"bc7167",FALSE,"not_sampled","2026-09-18"
"bc7168",FALSE,"not_sampled","2026-09-18"
"bc7169",FALSE,"not_sampled","2026-09-18"
"bc7170",FALSE,"not_sampled","2026-09-18"
"bc7171",FALSE,"not_sampled","2026-09-18"
"bc7172",FALSE,"not_sampled","2026-09-18"
"bc7173",FALSE,"not_sampled","2026-09-18"
"bc7174",FALSE,"not_sampled","2026-09-18"
"bc7175",FALSE,"not_sampled","2026-09-18"
"bc7176",FALSE,"not_sampled","2026-09-18"
"bc7177",FALSE,"not_sampled","2026-09-18"
"bc7178",FALSE,"not_sampled","2026-09-18"
"bc7179",FALSE,"not_sampled","2026-09-18"
"bc7180",FALSE,"not_sampled","2026-09-18"
"bc7181",FALSE,"not_sampled","2026-09-18"
"bc7182",FALSE,"not_sampled","2026-09-18"
"bc7183",FALSE,"not_sampled","2026-09-18"
"bc7184",FALSE,"not_sampled","2026-09-18"
"bc7185",FALSE,"not_sampled","2026-09-18"
"bc7186",FALSE,"not_sampled","2026-09-18"
"bc7187",FALSE,"not_sampled","2026-09-18"
"bc7188",FALSE,"not_sampled","2026-09-18"
"bc7189",FALSE,"not_sampled","2026-09-18"
"bc7190",FALSE,"not_sampled","2026-09-18"
"bc7191",FALSE,"not_sampled","2026-09-18"
"bc7192",FALSE,"not_sampled","2026-09-18"
"bc7193",FALSE,"not_sampled","2026-09-18"
"bc7194",FALSE,"not_sampled","2026-09-18"
"bc7195",FALSE,"not_sampled","2026-09-18"
"bc7196",FALSE,"not_sampled","2026-09-18"
"bc7197",FALSE,"not_sampled","2026-09-18"
"bc7198",FALSE,"not_sampled","2026-09-18"
"bc7199",FALSE,"not_sampled","2026-09-18"
"bc7200",FALSE,"not_sampled","2026-09-18"
"bc7201",FALSE,"not_sampled","2026-09-18"
"bc7202",FALSE,"not_sampled","2026-09-18"
"bc7203",FALSE,"not_sampled","2026-09-18"
"bc7204",FALSE,"not_sampled","2026-09-18"
"bc7205",FALSE,"not_sampled","2026-09-18"
"bc7206",FALSE,"not_sampled","2026-09-18"
"bc7207",FALSE,"not_sampled","2026-09-18"
"bc7208",FALSE,"not_sampled","2026-09-18"
"bc7209",FALSE,"not_sampled","2026-09-18"
"bc7210",FALSE,"not_sampled","2026-09-18"
"bc7211",FALSE,"not_sampled","2026-09-18"
"bc7212",FALSE,"not_sampled","2026-09-18"
"bc7213",FALSE,"not_sampled","2026-09-18"
"bc7214",FALSE,"not_sampled","2026-09-18"
"bc7215",FALSE,"not_sampled","2026-09-18"
"bc7216",FALSE,"not_sampled","2026-09-18"
"bc7217",FALSE,"not_sampled","2026-09-18"
"bc7218",FALSE,"not_sampled","2026-09-18"
"bc7219",FALSE,"not_sampled","2026-09-18"
"bc7220",FALSE,"not_sampled","2026-09-18"
"bc7221",FALSE,"not_sampled","2026-09-18"
"bc7222",FALSE,"not_sampled","2026-09-18"
"bc7223",FALSE,"not_sampled","2026-09-18"
"bc7224",FALSE,"not_sampled","2026-09-18"
"bc7231",FALSE,"not_sampled","2026-09-18"
"bc7233",FALSE,"not_sampled","2026-09-18"
"bc7234",FALSE,"not_sampled","2026-09-18"
"bc7237",FALSE,"not_sampled","2026-09-18"
"bc7238",FALSE,"not_sampled","2026-09-18"
"bc7239",FALSE,"not_sampled","2026-09-18"
"bc7242",FALSE,"not_sampled","2026-09-18"
"bc7244",FALSE,"not_sampled","2026-09-18"
"bc7245",FALSE,"not_sampled","2026-09-18"
"bc7246",FALSE,"not_sampled","2026-09-18"
"bc7249",FALSE,"not_sampled","2026-09-18"
"bc7251",FALSE,"not_sampled","2026-09-18"
"bc7252",FALSE,"not_sampled","2026-09-18"
"bc7253",FALSE,"not_sampled","2026-09-18"
"bc7254",FALSE,"not_sampled","2026-09-18"
"bc7255",FALSE,"not_sampled","2026-09-18"
"bc7256",FALSE,"not_sampled","2026-09-18"
"bc7258",FALSE,"not_sampled","2026-09-18"
"bc7259",FALSE,"not_sampled","2026-09-18"
"bc7260",FALSE,"one_qualifying_leg","2026-09-18"
"bc7261",FALSE,"not_sampled","2026-09-18"
"bc7262",FALSE,"not_sampled","2026-09-18"
"bc7263",FALSE,"one_qualifying_leg","2026-09-18"
"bc7264",FALSE,"not_sampled","2026-09-18"
"bc7265",FALSE,"not_sampled","2026-09-18"
"bc7266",FALSE,"not_sampled","2026-09-18"
"bc7267",FALSE,"not_sampled","2026-09-18"
"bc7268",FALSE,"not_sampled","2026-09-18"
"bc7269",FALSE,"not_sampled","2026-09-18"
"bc7270",FALSE,"not_sampled","2026-09-18"
"bc7271",FALSE,"not_sampled","2026-09-18"
"bc7272",FALSE,"not_sampled","2026-09-18"
"bc7273",FALSE,"not_sampled","2026-09-18"
"bc7274",FALSE,"not_sampled","2026-09-18"
"bc7275",FALSE,"not_sampled","2026-09-18"
"bc7276",FALSE,"not_sampled","2026-09-18"
"bc7277",FALSE,"not_sampled","2026-09-18"
"bc7278",FALSE,"not_sampled","2026-09-18"
"bc7279",FALSE,"not_sampled","2026-09-18"
"bc7280",FALSE,"not_sampled","2026-09-18"
"bc7281",FALSE,"not_sampled","2026-09-18"
"bc7282",FALSE,"not_sampled","2026-09-18"
"bc7283",FALSE,"not_sampled","2026-09-18"
"bc7284",FALSE,"not_sampled","2026-09-18"
"bc7285",FALSE,"not_sampled","2026-09-18"
"bc7286",FALSE,"not_sampled","2026-09-18"
"bc7287",FALSE,"not_sampled","2026-09-18"
"bc7288",FALSE,"not_sampled","2026-09-18"
"bc7289",FALSE,"not_sampled","2026-09-18"
"bc7290",FALSE,"not_sampled","2026-09-18"
"bc7291",FALSE,"not_sampled","2026-09-18"
"bc7292",FALSE,"not_sampled","2026-09-18"
"bc7293",FALSE,"not_sampled","2026-09-18"
"bc7294",FALSE,"not_sampled","2026-09-18"
"bc7295",FALSE,"not_sampled","2026-09-18"
"bc7296",FALSE,"not_sampled","2026-09-18"
"bc7297",FALSE,"not_sampled","2026-09-18"
"bc7298",FALSE,"not_sampled","2026-09-18"
"bc7299",FALSE,"not_sampled","2026-09-18"
"bc7300",FALSE,"not_sampled","2026-09-18"
"bc7301",FALSE,"not_sampled","2026-09-18"
"bc7302",FALSE,"not_sampled","2026-09-18"
"bc7303",FALSE,"not_sampled","2026-09-18"
"bc7304",FALSE,"not_sampled","2026-09-18"
"bc7305",FALSE,"not_sampled","2026-09-18"
"bc7306",FALSE,"single_direction","2026-09-18"
"bc7307",FALSE,"not_sampled","2026-09-18"
"bc7309",FALSE,"not_sampled","2026-09-18"
"bc7310",FALSE,"not_sampled","2026-09-18"
"bc7317",FALSE,"not_sampled","2026-09-18"
"bc7318",FALSE,"not_sampled","2026-09-18"
"bc7319",FALSE,"not_sampled","2026-09-18"
"bc7320",FALSE,"not_sampled","2026-09-18"
"bc7321",FALSE,"not_sampled","2026-09-18"
"bc7322",FALSE,"not_sampled","2026-09-18"
"bc7323",FALSE,"not_sampled","2026-09-18"
"bc7324",FALSE,"not_sampled","2026-09-18"
"bc7325",FALSE,"not_sampled","2026-09-18"
"bc7326",FALSE,"not_sampled","2026-09-18"
"bc7327",FALSE,"not_sampled","2026-09-18"
"bc7328",FALSE,"not_sampled","2026-09-18"
"bc7329",FALSE,"not_sampled","2026-09-18"
"bc7330",FALSE,"not_sampled","2026-09-18"
"bc7331",FALSE,"not_sampled","2026-09-18"
"bc7332",TRUE,"thumbnails_unavailable","2026-10-02"
"bc7333",FALSE,"not_sampled","2026-09-18"
"bc7334",FALSE,"not_sampled","2026-09-18"
"bc7335",FALSE,"not_sampled","2026-09-18"
"bc7336",FALSE,"not_sampled","2026-09-18"
"bc7337",FALSE,"not_sampled","2026-09-18"
"bc7338",FALSE,"not_sampled","2026-09-18"
"bc7339",FALSE,"not_sampled","2026-09-18"
"bc7340",FALSE,"not_sampled","2026-09-18"
"bc7341",FALSE,"not_sampled","2026-09-18"
"bc7342",FALSE,"single_direction","2026-09-18"
"bc7343",FALSE,"not_sampled","2026-09-18"
"bc7344",FALSE,"not_sampled","2026-09-18"
"bc7345",FALSE,"not_sampled","2026-09-18"
"bc7346",FALSE,"not_sampled","2026-09-18"
"bc7347",FALSE,"not_sampled","2026-09-18"
"bc7348",FALSE,"not_sampled","2026-09-18"
"bc7349",FALSE,"not_sampled","2026-09-18"
"bc7350",FALSE,"not_sampled","2026-09-18"
"bc7351",FALSE,"not_sampled","2026-09-18"
"bc7352",FALSE,"not_sampled","2026-09-18"
"bc7353",FALSE,"not_sampled","2026-09-18"
"bc7354",FALSE,"not_sampled","2026-09-18"
"bc7355",FALSE,"not_sampled","2026-09-18"
"bc7356",FALSE,"not_sampled","2026-09-18"
"bc7357",FALSE,"not_sampled","2026-09-18"
"bc7358",FALSE,"not_sampled","2026-09-18"
"bc7359",FALSE,"not_sampled","2026-09-18"
"bc7360",FALSE,"not_sampled","2026-09-18"
"bc7361",FALSE,"not_sampled","2026-09-18"
"bc7362",FALSE,"not_sampled","2026-09-18"
"bc7363",FALSE,"not_sampled","2026-09-18"
"bc7364",FALSE,"not_sampled","2026-09-18"
"bc7365",FALSE,"not_sampled","2026-09-18"
"bc7366",FALSE,"not_sampled","2026-09-18"
"bc7367",FALSE,"not_sampled","2026-09-18"
"bc7368",FALSE,"not_sampled","2026-09-18"
"bc7369",FALSE,"not_sampled","2026-09-18"
"bc7370",FALSE,"not_sampled","2026-09-18"
"bc7371",FALSE,"not_sampled","2026-09-18"
"bc7372",FALSE,"not_sampled","2026-09-18"
"bc7373",FALSE,"not_sampled","2026-09-18"
"bc7374",FALSE,"not_sampled","2026-09-18"
"bc7375",FALSE,"not_sampled","2026-09-18"
"bc7376",FALSE,"not_sampled","2026-09-18"
"bc7377",FALSE,"not_sampled","2026-09-18"
"bc7378",FALSE,"not_sampled","2026-09-18"
"bc7379",FALSE,"not_sampled","2026-09-18"
"bc7380",FALSE,"not_sampled","2026-09-18"
"bc7381",FALSE,"not_sampled","2026-09-18"
"bc7382",FALSE,"not_sampled","2026-09-18"
"bc7383",FALSE,"single_direction","2026-09-18"
"bc7384",FALSE,"single_direction","2026-09-18"
"bc7385",FALSE,"not_sampled","2026-09-18"
"bc7390",FALSE,"not_sampled","2026-09-18"
"bc7391",FALSE,"not_sampled","2026-09-18"
"bc7392",FALSE,"not_sampled","2026-09-18"
"bc7393",FALSE,"not_sampled","2026-09-18"
"bc7394",FALSE,"not_sampled","2026-09-18"
"bc7395",FALSE,"not_sampled","2026-09-18"
"bc7396",FALSE,"not_sampled","2026-09-18"
"bc7397",TRUE,"one_decisive_leg","2026-10-02"
"bc7399",FALSE,"not_sampled","2026-09-18"
"bc7400",FALSE,"not_sampled","2026-09-18"
"bc7401",FALSE,"not_sampled","2026-09-18"
"bc7402",FALSE,"not_sampled","2026-09-18"
"bc7403",FALSE,"not_sampled","2026-09-18"
"bc7404",FALSE,"not_sampled","2026-09-18"
"bc7405",FALSE,"not_sampled","2026-09-18"
"bc7406",FALSE,"not_sampled","2026-09-18"
"bc7407",FALSE,"not_sampled","2026-09-18"
"bc7408",FALSE,"not_sampled","2026-09-18"
"bc7409",FALSE,"not_sampled","2026-09-18"
"bc7410",FALSE,"not_sampled","2026-09-18"
"bc7411",FALSE,"not_sampled","2026-09-18"
"bc7412",FALSE,"not_sampled","2026-09-18"
"bc7415",FALSE,"not_sampled","2026-09-18"
"bc7416",FALSE,"not_sampled","2026-09-18"
"bc7417",FALSE,"not_sampled","2026-09-18"
"bc7418",FALSE,"not_sampled","2026-09-18"
"bc7419",FALSE,"not_sampled","2026-09-18"
"bc7420",FALSE,"not_sampled","2026-09-18"
"bc7421",FALSE,"not_sampled","2026-09-18"
"bc7422",FALSE,"not_sampled","2026-09-18"
"bc7423",FALSE,"not_sampled","2026-09-18"
"bc7424",FALSE,"not_sampled","2026-09-18"
"bc7425",FALSE,"not_sampled","2026-09-18"
"bc7429",FALSE,"not_sampled","2026-09-18"
"bc7430",FALSE,"not_sampled","2026-09-18"
"bc7431",FALSE,"not_sampled","2026-09-18"
"bc7432",FALSE,"not_sampled","2026-09-18"
"bc7433",FALSE,"not_sampled","2026-09-18"
"bc7434",FALSE,"not_sampled","2026-09-18"
"bc7435",FALSE,"not_sampled","2026-09-18"
"bc7436",FALSE,"not_sampled","2026-09-18"
"bc7437",FALSE,"not_sampled","2026-09-18"
"bc7438",FALSE,"not_sampled","2026-09-18"
"bc7439",FALSE,"not_sampled","2026-09-18"
"bc7440",FALSE,"not_sampled","2026-09-18"
"bc7441",FALSE,"not_sampled","2026-09-18"
"bc7442",FALSE,"not_sampled","2026-09-18"
"bc7443",FALSE,"not_sampled","2026-09-18"
"bc7444",FALSE,"not_sampled","2026-09-18"
"bc7445",FALSE,"not_sampled","2026-09-18"
"bc7446",FALSE,"not_sampled","2026-09-18"
"bc7447",FALSE,"not_sampled","2026-09-18"
"bc7448",FALSE,"not_sampled","2026-09-18"
"bc7452",FALSE,"not_sampled","2026-09-18"
"bc7454",FALSE,"not_sampled","2026-09-18"
"bc7460",FALSE,"one_qualifying_leg","2026-09-18"
"bc7461",FALSE,"one_qualifying_leg","2026-09-18"
"bc7462",FALSE,"not_sampled","2026-09-18"
"bc7463",FALSE,"one_qualifying_leg","2026-09-18"
"bc7464",FALSE,"not_sampled","2026-09-18"
"bc7465",FALSE,"not_sampled","2026-09-18"
"bc7466",FALSE,"not_sampled","2026-09-18"
"bc7467",FALSE,"not_sampled","2026-09-18"
"bc7474",FALSE,"one_qualifying_leg","2026-09-18"
"bc7478",FALSE,"not_sampled","2026-09-18"
"bc7479",FALSE,"not_sampled","2026-09-18"
"bc7480",FALSE,"not_sampled","2026-09-18"
"bc7481",FALSE,"not_sampled","2026-09-18"
"bc7482",FALSE,"not_sampled","2026-09-18"
"bc7483",FALSE,"not_sampled","2026-09-18"
"bc7484",FALSE,"not_sampled","2026-09-18"
"bc7485",FALSE,"not_sampled","2026-09-18"
"bc7486",FALSE,"not_sampled","2026-09-18"
"bc7487",FALSE,"not_sampled","2026-09-18"
"bc7488",FALSE,"not_sampled","2026-09-18"
"bc7489",FALSE,"not_sampled","2026-09-18"
"bc7490",FALSE,"not_sampled","2026-09-18"
"bc7491",FALSE,"not_sampled","2026-09-18"
"bc7492",FALSE,"not_sampled","2026-09-18"
"bc7493",FALSE,"not_sampled","2026-09-18"
"bc7494",FALSE,"not_sampled","2026-09-18"
"bc7495",FALSE,"not_sampled","2026-09-18"
"bc7496",FALSE,"not_sampled","2026-09-18"
"bc7497",FALSE,"one_qualifying_leg","2026-09-18"
"bc7498",FALSE,"not_sampled","2026-09-18"
"bc7499",FALSE,"not_sampled","2026-09-18"
"bc7500",FALSE,"not_sampled","2026-09-18"
"bc7501",FALSE,"not_sampled","2026-09-18"
"bc7502",FALSE,"not_sampled","2026-09-18"
"bc7503",FALSE,"not_sampled","2026-09-18"
"bc7504",FALSE,"not_sampled","2026-09-18"
"bc7505",FALSE,"not_sampled","2026-09-18"
"bc7507",FALSE,"not_sampled","2026-09-18"
"bc7508",FALSE,"not_sampled","2026-09-18"
"bc7509",FALSE,"not_sampled","2026-09-18"
"bc7510",FALSE,"not_sampled","2026-09-18"
"bc7511",FALSE,"not_sampled","2026-09-18"
"bc7512",FALSE,"not_sampled","2026-09-18"
"bc7513",FALSE,"not_sampled","2026-09-18"
"bc7514",FALSE,"not_sampled","2026-09-18"
"bc7515",FALSE,"not_sampled","2026-09-18"
"bc7516",FALSE,"not_sampled","2026-09-18"
"bc7517",FALSE,"not_sampled","2026-09-18"
"bc7519",FALSE,"single_direction","2026-09-18"
"bc7520",FALSE,"not_sampled","2026-09-18"
"bc7521",FALSE,"not_sampled","2026-09-18"
"bc7522",FALSE,"no_qualifying_leg","2026-09-18"
"bc7523",FALSE,"not_sampled","2026-09-18"
"bc7524",FALSE,"not_sampled","2026-09-18"
"bc7525",FALSE,"not_sampled","2026-09-18"
"bc7526",FALSE,"not_sampled","2026-09-18"
"bc7527",FALSE,"not_sampled","2026-09-18"
"bc7528",FALSE,"not_sampled","2026-09-18"
"bc7529",FALSE,"not_sampled","2026-09-18"
"bc7530",FALSE,"not_sampled","2026-09-18"
"bc7531",FALSE,"not_sampled","2026-09-18"
"bc7532",FALSE,"not_sampled","2026-09-18"
"bc7533",FALSE,"not_sampled","2026-09-18"
"bc7534",FALSE,"not_sampled","2026-09-18"
"bc7535",FALSE,"not_sampled","2026-09-18"
"bc7536",FALSE,"not_sampled","2026-09-18"
"bc7537",FALSE,"not_sampled","2026-09-18"
"bc7538",FALSE,"not_sampled","2026-09-18"
"bc7539",FALSE,"not_sampled","2026-09-18"
"bc7540",FALSE,"not_sampled","2026-09-18"
"bc7541",FALSE,"not_sampled","2026-09-18"
"bc7542",FALSE,"not_sampled","2026-09-18"
"bc7543",FALSE,"not_sampled","2026-09-18"
"bc7544",FALSE,"not_sampled","2026-09-18"
"bc7545",FALSE,"not_sampled","2026-09-18"
"bc7546",FALSE,"not_sampled","2026-09-18"
"bc7547",FALSE,"not_sampled","2026-09-18"
"bc7548",FALSE,"not_sampled","2026-09-18"
"bc7549",FALSE,"not_sampled","2026-09-18"
"bc7550",FALSE,"not_sampled","2026-09-18"
"bc7551",FALSE,"not_sampled","2026-09-18"
"bc7552",FALSE,"not_sampled","2026-09-18"
"bc7553",FALSE,"not_sampled","2026-09-18"
"bc7554",FALSE,"not_sampled","2026-09-18"
"bc7555",FALSE,"not_sampled","2026-09-18"
"bc7556",FALSE,"not_sampled","2026-09-18"
"bc7558",FALSE,"not_sampled","2026-09-18"
"bc7559",FALSE,"not_sampled","2026-09-18"
"bc7560",FALSE,"not_sampled","2026-09-18"
"bc7563",FALSE,"not_sampled","2026-09-18"
"bc7565",FALSE,"not_sampled","2026-09-18"
"bc7566",FALSE,"not_sampled","2026-09-18"
"bc7567",FALSE,"not_sampled","2026-09-18"
"bc7568",FALSE,"not_sampled","2026-09-18"
"bc7569",FALSE,"not_sampled","2026-09-18"
"bc7570",FALSE,"not_sampled","2026-09-18"
"bc7571",FALSE,"not_sampled","2026-09-18"
"bc7572",FALSE,"not_sampled","2026-09-18"
"bc7573",FALSE,"not_sampled","2026-09-18"
"bc7574",FALSE,"not_sampled","2026-09-18"
"bc7575",FALSE,"not_sampled","2026-09-18"
"bc7576",FALSE,"not_sampled","2026-09-18"
"bc7577",FALSE,"not_sampled","2026-09-18"
"bc7578",FALSE,"not_sampled","2026-09-18"
"bc7579",FALSE,"not_sampled","2026-09-18"
"bc7580",FALSE,"not_sampled","2026-09-18"
"bc7582",FALSE,"not_sampled","2026-09-18"
"bc7583",FALSE,"not_sampled","2026-09-18"
"bc7584",FALSE,"not_sampled","2026-09-18"
"bc7585",FALSE,"not_sampled","2026-09-18"
"bc7586",FALSE,"not_sampled","2026-09-18"
"bc7587",FALSE,"not_sampled","2026-09-18"
"bc7588",FALSE,"not_sampled","2026-09-18"
"bc7589",FALSE,"not_sampled","2026-09-18"
"bc7590",FALSE,"not_sampled","2026-09-18"
"bc7591",FALSE,"not_sampled","2026-09-18"
"bc7592",FALSE,"not_sampled","2026-09-18"
"bc7593",FALSE,"not_sampled","2026-09-18"
"bc7594",FALSE,"not_sampled","2026-09-18"
"bc7595",FALSE,"not_sampled","2026-09-18"
"bc7596",FALSE,"not_sampled","2026-09-18"
"bc7597",FALSE,"not_sampled","2026-09-18"
"bc7598",FALSE,"not_sampled","2026-09-18"
"bc7599",FALSE,"not_sampled","2026-09-18"
"bc7600",FALSE,"not_sampled","2026-09-18"
"bc7601",FALSE,"not_sampled","2026-09-18"
"bc7602",FALSE,"not_sampled","2026-09-18"
"bc7603",FALSE,"not_sampled","2026-09-18"
"bc7604",FALSE,"not_sampled","2026-09-18"
"bc7605",FALSE,"not_sampled","2026-09-18"
"bc7606",FALSE,"not_sampled","2026-09-18"
"bc7607",FALSE,"not_sampled","2026-09-18"
"bc7608",FALSE,"not_sampled","2026-09-18"
"bc7609",FALSE,"not_sampled","2026-09-18"
"bc7610",FALSE,"not_sampled","2026-09-18"
"bc7611",FALSE,"not_sampled","2026-09-18"
"bc7612",FALSE,"not_sampled","2026-09-18"
"bc7613",FALSE,"not_sampled","2026-09-18"
"bc7614",FALSE,"not_sampled","2026-09-18"
"bc7615",FALSE,"not_sampled","2026-09-18"
"bc7617",FALSE,"not_sampled","2026-09-18"
"bc7618",FALSE,"not_sampled","2026-09-18"
"bc7619",FALSE,"not_sampled","2026-09-18"
"bc7620",FALSE,"not_sampled","2026-09-18"
"bc7621",FALSE,"not_sampled","2026-09-18"
"bc7622",FALSE,"not_sampled","2026-09-18"
"bc7623",FALSE,"not_sampled","2026-09-18"
"bc7624",FALSE,"not_sampled","2026-09-18"
"bc7625",FALSE,"not_sampled","2026-09-18"
"bc7626",FALSE,"not_sampled","2026-09-18"
"bc7627",FALSE,"not_sampled","2026-09-18"
"bc7628",FALSE,"not_sampled","2026-09-18"
"bc7629",FALSE,"not_sampled","2026-09-18"
"bc7630",FALSE,"not_sampled","2026-09-18"
"bc7631",FALSE,"not_sampled","2026-09-18"
"bc7632",FALSE,"not_sampled","2026-09-18"
"bc7633",FALSE,"not_sampled","2026-09-18"
"bc7634",FALSE,"not_sampled","2026-09-18"
"bc7635",FALSE,"not_sampled","2026-09-18"
"bc7636",FALSE,"not_sampled","2026-09-18"
"bc7637",FALSE,"not_sampled","2026-09-18"
"bc7638",FALSE,"not_sampled","2026-09-18"
"bc7639",FALSE,"not_sampled","2026-09-18"
"bc7640",FALSE,"not_sampled","2026-09-18"
"bc7641",FALSE,"not_sampled","2026-09-18"
"bc7642",FALSE,"not_sampled","2026-09-18"
"bc7643",FALSE,"not_sampled","2026-09-18"
"bc7644",FALSE,"not_sampled","2026-09-18"
"bc7645",FALSE,"single_direction","2026-09-18"
"bc7646",FALSE,"not_sampled","2026-09-18"
"bc7647",FALSE,"not_sampled","2026-09-18"
"bc7648",FALSE,"not_sampled","2026-09-18"
"bc7649",FALSE,"not_sampled","2026-09-18"
"bc7650",FALSE,"not_sampled","2026-09-18"
"bc7651",FALSE,"not_sampled","2026-09-18"
"bc7652",FALSE,"not_sampled","2026-09-18"
"bc7653",FALSE,"not_sampled","2026-09-18"
"bc7654",FALSE,"not_sampled","2026-09-18"
"bc7655",FALSE,"not_sampled","2026-09-18"
"bc7656",FALSE,"not_sampled","2026-09-18"
"bc7657",FALSE,"not_sampled","2026-09-18"
"bc7658",FALSE,"not_sampled","2026-09-18"
"bc7659",FALSE,"not_sampled","2026-09-18"
"bc7660",FALSE,"not_sampled","2026-09-18"
"bc7662",FALSE,"not_sampled","2026-09-18"
"bc7663",FALSE,"not_sampled","2026-09-18"
"bc7664",FALSE,"not_sampled","2026-09-18"
"bc7665",FALSE,"not_sampled","2026-09-18"
"bc7666",FALSE,"not_sampled","2026-09-18"
"bc7667",FALSE,"not_sampled","2026-09-18"
"bc7668",FALSE,"not_sampled","2026-09-18"
"bc7669",FALSE,"not_sampled","2026-09-18"
"bc7670",FALSE,"not_sampled","2026-09-18"
"bc7671",FALSE,"not_sampled","2026-09-18"
"bc7672",FALSE,"not_sampled","2026-09-18"
"bc7673",FALSE,"not_sampled","2026-09-18"
"bc7674",FALSE,"not_sampled","2026-09-18"
"bc7675",FALSE,"not_sampled","2026-09-18"
"bc7676",FALSE,"not_sampled","2026-09-18"
"bc7677",FALSE,"not_sampled","2026-09-18"
"bc7678",FALSE,"not_sampled","2026-09-18"
"bc7679",FALSE,"not_sampled","2026-09-18"
"bc7681",FALSE,"not_sampled","2026-09-18"
"bc7682",FALSE,"not_sampled","2026-09-18"
"bc7683",FALSE,"not_sampled","2026-09-18"
"bc7684",FALSE,"not_sampled","2026-09-18"
"bc7685",FALSE,"not_sampled","2026-09-18"
"bc7686",FALSE,"not_sampled","2026-09-18"
"bc7687",FALSE,"not_sampled","2026-09-18"
"bc7688",FALSE,"not_sampled","2026-09-18"
"bc7689",FALSE,"not_sampled","2026-09-18"
"bc7690",FALSE,"not_sampled","2026-09-18"
"bc7691",FALSE,"not_sampled","2026-09-18"
"bc7692",FALSE,"not_sampled","2026-09-18"
"bc7693",FALSE,"not_sampled","2026-09-18"
"bc7694",FALSE,"not_sampled","2026-09-18"
"bc7695",FALSE,"not_sampled","2026-09-18"
"bc7696",FALSE,"not_sampled","2026-09-18"
"bc7697",FALSE,"not_sampled","2026-09-18"
"bc7698",FALSE,"not_sampled","2026-09-18"
"bc7699",FALSE,"not_sampled","2026-09-18"
"bc7700",FALSE,"not_sampled","2026-09-18"
"bc77001",FALSE,"not_sampled","2026-09-18"
"bc77002",FALSE,"not_sampled","2026-09-18"
"bc77004",FALSE,"not_sampled","2026-09-18"
"bc77005",FALSE,"not_sampled","2026-09-18"
"bc77006",FALSE,"not_sampled","2026-09-18"
"bc7701",FALSE,"not_sampled","2026-09-18"
"bc77010",FALSE,"not_sampled","2026-09-18"
"bc77011",FALSE,"not_sampled","2026-09-18"
"bc77012",FALSE,"not_sampled","2026-09-18"
"bc77013",FALSE,"not_sampled","2026-09-18"
"bc77014",FALSE,"not_sampled","2026-09-18"
"bc77015",FALSE,"not_sampled","2026-09-18"
"bc77016",FALSE,"not_sampled","2026-09-18"
"bc77019",FALSE,"not_sampled","2026-09-18"
"bc7702",FALSE,"not_sampled","2026-09-18"
"bc77021",FALSE,"not_sampled","2026-09-18"
"bc77022",FALSE,"not_sampled","2026-09-18"
"bc77023",FALSE,"not_sampled","2026-09-18"
"bc77024",FALSE,"not_sampled","2026-09-18"
"bc77025",FALSE,"not_sampled","2026-09-18"
"bc77026",FALSE,"not_sampled","2026-09-18"
"bc77028",FALSE,"single_direction","2026-09-18"
"bc77029",FALSE,"not_sampled","2026-09-18"
"bc7703",FALSE,"not_sampled","2026-09-18"
"bc77030",FALSE,"not_sampled","2026-09-18"
"bc77031",FALSE,"one_qualifying_leg","2026-09-18"
"bc77032",FALSE,"not_sampled","2026-09-18"
"bc77033",FALSE,"not_sampled","2026-09-18"
"bc77034",FALSE,"not_sampled","2026-09-18"
"bc77035",FALSE,"not_sampled","2026-09-18"
"bc77036",FALSE,"not_sampled","2026-09-18"
"bc77038",FALSE,"not_sampled","2026-09-18"
"bc77039",FALSE,"not_sampled","2026-09-18"
"bc77040",FALSE,"not_sampled","2026-09-18"
"bc77041",FALSE,"not_sampled","2026-09-18"
"bc77042",FALSE,"not_sampled","2026-09-18"
"bc77043",FALSE,"not_sampled","2026-09-18"
"bc77044",FALSE,"not_sampled","2026-09-18"
"bc77046",FALSE,"not_sampled","2026-09-18"
"bc77047",FALSE,"not_sampled","2026-09-18"
"bc77048",FALSE,"not_sampled","2026-09-18"
"bc77049",FALSE,"not_sampled","2026-09-18"
"bc7705",FALSE,"not_sampled","2026-09-18"
"bc77050",FALSE,"not_sampled","2026-09-18"
"bc77051",FALSE,"not_sampled","2026-09-18"
"bc77052",FALSE,"not_sampled","2026-09-18"
"bc77053",FALSE,"not_sampled","2026-09-18"
"bc77054",FALSE,"not_sampled","2026-09-18"
"bc77056",FALSE,"not_sampled","2026-09-18"
"bc77057",FALSE,"not_sampled","2026-09-18"
"bc77058",FALSE,"not_sampled","2026-09-18"
"bc7706",FALSE,"not_sampled","2026-09-18"
"bc77061",FALSE,"not_sampled","2026-09-18"
"bc7707",FALSE,"not_sampled","2026-09-18"
"bc77070",FALSE,"not_sampled","2026-09-18"
"bc77071",FALSE,"not_sampled","2026-09-18"
"bc77072",FALSE,"not_sampled","2026-09-18"
"bc77073",FALSE,"not_sampled","2026-09-18"
"bc77078",FALSE,"not_sampled","2026-09-18"
"bc7708",FALSE,"not_sampled","2026-09-18"
"bc77082",FALSE,"not_sampled","2026-09-18"
"bc77083",FALSE,"not_sampled","2026-09-18"
"bc77084",FALSE,"not_sampled","2026-09-18"
"bc77085",FALSE,"not_sampled","2026-09-18"
"bc77086",FALSE,"not_sampled","2026-09-18"
"bc77087",FALSE,"not_sampled","2026-09-18"
"bc77088",FALSE,"not_sampled","2026-09-18"
"bc77089",FALSE,"not_sampled","2026-09-18"
"bc77090",FALSE,"not_sampled","2026-09-18"
"bc77091",FALSE,"not_sampled","2026-09-18"
"bc77092",FALSE,"one_qualifying_leg","2026-09-18"
"bc77096",FALSE,"not_sampled","2026-09-18"
"bc77099",FALSE,"not_sampled","2026-09-18"
"bc77100",FALSE,"not_sampled","2026-09-18"
"bc77103",FALSE,"not_sampled","2026-09-18"
"bc77104",FALSE,"not_sampled","2026-09-18"
"bc77105",FALSE,"not_sampled","2026-09-18"
"bc77108",FALSE,"not_sampled","2026-09-18"
"bc77109",FALSE,"single_direction","2026-09-18"
"bc77110",FALSE,"not_sampled","2026-09-18"
"bc77111",FALSE,"not_sampled","2026-09-18"
"bc77112",FALSE,"not_sampled","2026-09-18"
"bc77113",FALSE,"not_sampled","2026-09-18"
"bc77114",FALSE,"not_sampled","2026-09-18"
"bc77115",FALSE,"not_sampled","2026-09-18"
"bc77116",FALSE,"not_sampled","2026-09-18"
"bc7716",FALSE,"not_sampled","2026-09-18"
"bc7717",FALSE,"not_sampled","2026-09-18"
"bc7718",FALSE,"not_sampled","2026-09-18"
"bc7719",FALSE,"not_sampled","2026-09-18"
"bc7721",FALSE,"not_sampled","2026-09-18"
"bc7723",FALSE,"not_sampled","2026-09-18"
"bc7724",FALSE,"not_sampled","2026-09-18"
"bc7725",FALSE,"not_sampled","2026-09-18"
"bc7726",FALSE,"not_sampled","2026-09-18"
"bc7727",FALSE,"not_sampled","2026-09-18"
"bc7728",FALSE,"not_sampled","2026-09-18"
"bc7729",FALSE,"not_sampled","2026-09-18"
"bc7730",FALSE,"not_sampled","2026-09-18"
"bc7731",FALSE,"not_sampled","2026-09-18"
"bc7732",FALSE,"not_sampled","2026-09-18"
"bc7733",FALSE,"not_sampled","2026-09-18"
"bc7734",FALSE,"not_sampled","2026-09-18"
"bc7735",FALSE,"not_sampled","2026-09-18"
"bc7736",FALSE,"not_sampled","2026-09-18"
"bc7737",FALSE,"not_sampled","2026-09-18"
"bc7738",FALSE,"not_sampled","2026-09-18"
"bc7739",FALSE,"not_sampled","2026-09-18"
"bc7740",FALSE,"not_sampled","2026-09-18"
"bc7741",FALSE,"not_sampled","2026-09-18"
"bc7742",FALSE,"not_sampled","2026-09-18"
"bc7743",FALSE,"not_sampled","2026-09-18"
"bc7744",FALSE,"not_sampled","2026-09-18"
"bc7745",FALSE,"single_direction","2026-09-18"
"bc7746",FALSE,"not_sampled","2026-09-18"
"bc7747",FALSE,"not_sampled","2026-09-18"
"bc7748",FALSE,"not_sampled","2026-09-18"
"bc7749",FALSE,"not_sampled","2026-09-18"
"bc7750",FALSE,"not_sampled","2026-09-18"
"bc7751",FALSE,"not_sampled","2026-09-18"
"bc7754",FALSE,"not_sampled","2026-09-18"
"bc7756",FALSE,"not_sampled","2026-09-18"
"bc7757",FALSE,"not_sampled","2026-09-18"
"bc7758",FALSE,"not_sampled","2026-09-18"
"bc7759",FALSE,"not_sampled","2026-09-18"
"bc7760",FALSE,"not_sampled","2026-09-18"
"bc7761",FALSE,"not_sampled","2026-09-18"
"bc7763",FALSE,"not_sampled","2026-09-18"
"bc7768",FALSE,"not_sampled","2026-09-18"
"bc7769",FALSE,"not_sampled","2026-09-18"
"bc7770",FALSE,"not_sampled","2026-09-18"
"bc7771",FALSE,"not_sampled","2026-09-18"
"bc7774",FALSE,"one_qualifying_leg","2026-09-18"
"bc7777",FALSE,"not_sampled","2026-09-18"
"bc7778",FALSE,"not_sampled","2026-09-18"
"bc7779",FALSE,"not_sampled","2026-09-18"
"bc7780",FALSE,"not_sampled","2026-09-18"
"bc7781",FALSE,"not_sampled","2026-09-18"
"bc7787",FALSE,"not_sampled","2026-09-18"
"bc7788",FALSE,"not_sampled","2026-09-18"
"bc7789",FALSE,"not_sampled","2026-09-18"
"bc7790",FALSE,"not_sampled","2026-09-18"
"bc7793",FALSE,"not_sampled","2026-09-18"
"bc7796",FALSE,"not_sampled","2026-09-18"
"bc7797",FALSE,"not_sampled","2026-09-18"
"bc7798",FALSE,"not_sampled","2026-09-18"
"bc7799",FALSE,"not_sampled","2026-09-18"
"bc7800",FALSE,"not_sampled","2026-09-18"
"bc78001",FALSE,"not_sampled","2026-09-18"
"bc78002",FALSE,"not_sampled","2026-09-18"
"bc78003",FALSE,"not_sampled","2026-09-18"
"bc78004",FALSE,"not_sampled","2026-09-18"
"bc78005",FALSE,"not_sampled","2026-09-18"
"bc78006",FALSE,"not_sampled","2026-09-18"
"bc78007",FALSE,"not_sampled","2026-09-18"
"bc78008",FALSE,"not_sampled","2026-09-18"
"bc78009",FALSE,"not_sampled","2026-09-18"
"bc7801",FALSE,"not_sampled","2026-09-18"
"bc78010",FALSE,"not_sampled","2026-09-18"
"bc78011",FALSE,"not_sampled","2026-09-18"
"bc78012",FALSE,"not_sampled","2026-09-18"
"bc78013",FALSE,"not_sampled","2026-09-18"
"bc78014",FALSE,"not_sampled","2026-09-18"
"bc78015",FALSE,"not_sampled","2026-09-18"
"bc78016",FALSE,"not_sampled","2026-09-18"
"bc78017",FALSE,"not_sampled","2026-09-18"
"bc78018",FALSE,"not_sampled","2026-09-18"
"bc78019",FALSE,"not_sampled","2026-09-18"
"bc7802",FALSE,"not_sampled","2026-09-18"
"bc78020",FALSE,"not_sampled","2026-09-18"
"bc78021",FALSE,"not_sampled","2026-09-18"
"bc78022",FALSE,"not_sampled","2026-09-18"
"bc78023",FALSE,"not_sampled","2026-09-18"
"bc78024",FALSE,"not_sampled","2026-09-18"
"bc78025",FALSE,"not_sampled","2026-09-18"
"bc78026",FALSE,"not_sampled","2026-09-18"
"bc78027",FALSE,"not_sampled","2026-09-18"
"bc78028",FALSE,"not_sampled","2026-09-18"
"bc78029",FALSE,"not_sampled","2026-09-18"
"bc7803",FALSE,"not_sampled","2026-09-18"
"bc78030",FALSE,"not_sampled","2026-09-18"
"bc78031",FALSE,"not_sampled","2026-09-18"
"bc78032",FALSE,"not_sampled","2026-09-18"
"bc78033",FALSE,"not_sampled","2026-09-18"
"bc78034",FALSE,"not_sampled","2026-09-18"
"bc78035",FALSE,"not_sampled","2026-09-18"
"bc78036",FALSE,"not_sampled","2026-09-18"
"bc78037",FALSE,"not_sampled","2026-09-18"
"bc78038",FALSE,"not_sampled","2026-09-18"
"bc78039",FALSE,"not_sampled","2026-09-18"
"bc7804",FALSE,"not_sampled","2026-09-18"
"bc78040",FALSE,"not_sampled","2026-09-18"
"bc78041",FALSE,"not_sampled","2026-09-18"
"bc78043",FALSE,"not_sampled","2026-09-18"
"bc78044",FALSE,"not_sampled","2026-09-18"
"bc78046",FALSE,"not_sampled","2026-09-18"
"bc78047",FALSE,"not_sampled","2026-09-18"
"bc78048",FALSE,"not_sampled","2026-09-18"
"bc78049",FALSE,"not_sampled","2026-09-18"
"bc7805",FALSE,"not_sampled","2026-09-18"
"bc78050",FALSE,"not_sampled","2026-09-18"
"bc78051",FALSE,"not_sampled","2026-09-18"
"bc78052",FALSE,"not_sampled","2026-09-18"
"bc78055",FALSE,"not_sampled","2026-09-18"
"bc78056",FALSE,"not_sampled","2026-09-18"
"bc78057",FALSE,"not_sampled","2026-09-18"
"bc78058",FALSE,"not_sampled","2026-09-18"
"bc78059",FALSE,"not_sampled","2026-09-18"
"bc7806",FALSE,"not_sampled","2026-09-18"
"bc78060",FALSE,"not_sampled","2026-09-18"
"bc78061",FALSE,"not_sampled","2026-09-18"
"bc78062",FALSE,"not_sampled","2026-09-18"
"bc78063",FALSE,"not_sampled","2026-09-18"
"bc78064",FALSE,"not_sampled","2026-09-18"
"bc78065",FALSE,"not_sampled","2026-09-18"
"bc78066",FALSE,"not_sampled","2026-09-18"
"bc78067",FALSE,"not_sampled","2026-09-18"
"bc78068",FALSE,"not_sampled","2026-09-18"
"bc78069",FALSE,"not_sampled","2026-09-18"
"bc7807",FALSE,"not_sampled","2026-09-18"
"bc78070",FALSE,"not_sampled","2026-09-18"
"bc78071",FALSE,"not_sampled","2026-09-18"
"bc78072",FALSE,"not_sampled","2026-09-18"
"bc78073",FALSE,"not_sampled","2026-09-18"
"bc78074",FALSE,"not_sampled","2026-09-18"
"bc78077",FALSE,"not_sampled","2026-09-18"
"bc78078",FALSE,"not_sampled","2026-09-18"
"bc7808",FALSE,"not_sampled","2026-09-18"
"bc78081",FALSE,"not_sampled","2026-09-18"
"bc78082",FALSE,"not_sampled","2026-09-18"
"bc78083",FALSE,"not_sampled","2026-09-18"
"bc78084",FALSE,"not_sampled","2026-09-18"
"bc78085",FALSE,"not_sampled","2026-09-18"
"bc78086",FALSE,"not_sampled","2026-09-18"
"bc78088",FALSE,"not_sampled","2026-09-18"
"bc78089",FALSE,"not_sampled","2026-09-18"
"bc7809",FALSE,"single_direction","2026-09-18"
"bc78090",FALSE,"not_sampled","2026-09-18"
"bc78091",FALSE,"not_sampled","2026-09-18"
"bc78094",FALSE,"not_sampled","2026-09-18"
"bc78095",FALSE,"not_sampled","2026-09-18"
"bc78097",FALSE,"not_sampled","2026-09-18"
"bc78098",FALSE,"not_sampled","2026-09-18"
"bc78099",FALSE,"not_sampled","2026-09-18"
"bc78101",FALSE,"not_sampled","2026-09-18"
"bc78102",FALSE,"not_sampled","2026-09-18"
"bc78103",FALSE,"not_sampled","2026-09-18"
"bc78104",FALSE,"not_sampled","2026-09-18"
"bc78105",FALSE,"not_sampled","2026-09-18"
"bc78106",FALSE,"no_qualifying_leg","2026-09-18"
"bc78107",FALSE,"not_sampled","2026-09-18"
"bc78108",FALSE,"not_sampled","2026-09-18"
"bc78109",FALSE,"not_sampled","2026-09-18"
"bc78110",FALSE,"not_sampled","2026-09-18"
"bc78114",FALSE,"not_sampled","2026-09-18"
"bc78116",FALSE,"not_sampled","2026-09-18"
"bc78117",FALSE,"not_sampled","2026-09-18"
"bc78118",FALSE,"not_sampled","2026-09-18"
"bc78119",FALSE,"not_sampled","2026-09-18"
"bc78120",FALSE,"not_sampled","2026-09-18"
"bc78122",FALSE,"not_sampled","2026-09-18"
"bc78124",FALSE,"single_direction","2026-09-18"
"bc78125",FALSE,"not_sampled","2026-09-18"
"bc78126",FALSE,"not_sampled","2026-09-18"
"bc78127",FALSE,"not_sampled","2026-09-18"
"bc78128",FALSE,"not_sampled","2026-09-18"
"bc78129",FALSE,"not_sampled","2026-09-18"
"bc7813",FALSE,"single_direction","2026-09-18"
"bc78130",FALSE,"not_sampled","2026-09-18"
"bc78131",FALSE,"not_sampled","2026-09-18"
"bc78132",FALSE,"not_sampled","2026-09-18"
"bc78133",FALSE,"not_sampled","2026-09-18"
"bc78135",FALSE,"not_sampled","2026-09-18"
"bc78136",FALSE,"not_sampled","2026-09-18"
"bc78137",FALSE,"not_sampled","2026-09-18"
"bc78138",FALSE,"not_sampled","2026-09-18"
"bc78139",FALSE,"not_sampled","2026-09-18"
"bc78141",FALSE,"not_sampled","2026-09-18"
"bc78142",FALSE,"not_sampled","2026-09-18"
"bc78143",FALSE,"not_sampled","2026-09-18"
"bc78144",FALSE,"not_sampled","2026-09-18"
"bc78145",FALSE,"not_sampled","2026-09-18"
"bc78146",FALSE,"not_sampled","2026-09-18"
"bc78147",FALSE,"not_sampled","2026-09-18"
"bc78148",FALSE,"not_sampled","2026-09-18"
"bc78149",FALSE,"not_sampled","2026-09-18"
"bc78150",FALSE,"not_sampled","2026-09-18"
"bc78151",FALSE,"not_sampled","2026-09-18"
"bc78152",FALSE,"not_sampled","2026-09-18"
"bc78153",FALSE,"not_sampled","2026-09-18"
"bc78154",FALSE,"not_sampled","2026-09-18"
"bc78155",FALSE,"not_sampled","2026-09-18"
"bc78156",FALSE,"not_sampled","2026-09-18"
"bc7816",FALSE,"one_qualifying_leg","2026-09-18"
"bc7817",FALSE,"not_sampled","2026-09-18"
"bc7818",FALSE,"not_sampled","2026-09-18"
"bc7819",FALSE,"not_sampled","2026-09-18"
"bc7820",FALSE,"not_sampled","2026-09-18"
"bc7821",FALSE,"not_sampled","2026-09-18"
"bc7822",FALSE,"not_sampled","2026-09-18"
"bc7823",FALSE,"not_sampled","2026-09-18"
"bc7824",FALSE,"not_sampled","2026-09-18"
"bc7826",FALSE,"not_sampled","2026-09-18"
"bc7829",FALSE,"not_sampled","2026-09-18"
"bc7830",FALSE,"not_sampled","2026-09-18"
"bc7831",FALSE,"not_sampled","2026-09-18"
"bc7832",FALSE,"not_sampled","2026-09-18"
"bc7834",FALSE,"not_sampled","2026-09-18"
"bc7835",FALSE,"not_sampled","2026-09-18"
"bc7836",FALSE,"not_sampled","2026-09-18"
"bc7838",FALSE,"no_qualifying_leg","2026-09-18"
"bc7842",FALSE,"not_sampled","2026-09-18"
"bc7843",FALSE,"not_sampled","2026-09-18"
"bc7845",FALSE,"not_sampled","2026-09-18"
"bc7846",FALSE,"not_sampled","2026-09-18"
"bc7847",FALSE,"not_sampled","2026-09-18"
"bc7848",FALSE,"not_sampled","2026-09-18"
"bc7849",FALSE,"not_sampled","2026-09-18"
"bc7851",FALSE,"not_sampled","2026-09-18"
"bc7856",FALSE,"not_sampled","2026-09-18"
"bc7857",FALSE,"not_sampled","2026-09-18"
"bc7858",FALSE,"not_sampled","2026-09-18"
"bc7860",FALSE,"not_sampled","2026-09-18"
"bc7866",FALSE,"not_sampled","2026-09-18"
"bc7868",FALSE,"no_qualifying_leg","2026-09-18"
"bc7870",FALSE,"not_sampled","2026-09-18"
"bc7878",FALSE,"not_sampled","2026-09-18"
"bc7879",FALSE,"not_sampled","2026-09-18"
"bc7880",FALSE,"not_sampled","2026-09-18"
"bc7882",FALSE,"not_sampled","2026-09-18"
"bc7886",FALSE,"not_sampled","2026-09-18"
"bc7889",FALSE,"not_sampled","2026-09-18"
"bc7890",FALSE,"not_sampled","2026-09-18"
"bc7892",FALSE,"not_sampled","2026-09-18"
"bc7893",FALSE,"not_sampled","2026-09-18"
"bc7894",FALSE,"not_sampled","2026-09-18"
"bc7895",FALSE,"not_sampled","2026-09-18"
"bc7897",FALSE,"not_sampled","2026-09-18"
"bc7898",FALSE,"not_sampled","2026-09-18"
"bc7899",FALSE,"not_sampled","2026-09-18"
"bc7900",FALSE,"not_sampled","2026-09-18"
"bc79001",FALSE,"not_sampled","2026-09-18"
"bc79009",FALSE,"not_sampled","2026-09-18"
"bc79011",FALSE,"not_sampled","2026-09-18"
"bc79012",FALSE,"not_sampled","2026-09-18"
"bc79013",FALSE,"not_sampled","2026-09-18"
"bc79014",FALSE,"not_sampled","2026-09-18"
"bc79015",FALSE,"not_sampled","2026-09-18"
"bc79016",FALSE,"not_sampled","2026-09-18"
"bc79017",FALSE,"not_sampled","2026-09-18"
"bc79018",FALSE,"not_sampled","2026-09-18"
"bc79019",FALSE,"not_sampled","2026-09-18"
"bc79020",FALSE,"not_sampled","2026-09-18"
"bc79021",FALSE,"not_sampled","2026-09-18"
"bc79022",FALSE,"not_sampled","2026-09-18"
"bc79023",FALSE,"not_sampled","2026-09-18"
"bc79024",FALSE,"not_sampled","2026-09-18"
"bc79025",FALSE,"not_sampled","2026-09-18"
"bc79026",FALSE,"not_sampled","2026-09-18"
"bc79027",FALSE,"not_sampled","2026-09-18"
"bc79028",FALSE,"not_sampled","2026-09-18"
"bc79029",FALSE,"not_sampled","2026-09-18"
"bc79030",FALSE,"not_sampled","2026-09-18"
"bc79031",FALSE,"not_sampled","2026-09-18"
"bc79032",FALSE,"not_sampled","2026-09-18"
"bc79033",FALSE,"not_sampled","2026-09-18"
"bc79034",FALSE,"not_sampled","2026-09-18"
"bc79035",FALSE,"not_sampled","2026-09-18"
"bc79036",FALSE,"not_sampled","2026-09-18"
"bc79037",FALSE,"not_sampled","2026-09-18"
"bc79039",FALSE,"not_sampled","2026-09-18"
"bc79040",FALSE,"not_sampled","2026-09-18"
"bc79041",FALSE,"not_sampled","2026-09-18"
"bc79042",FALSE,"not_sampled","2026-09-18"
"bc79043",FALSE,"not_sampled","2026-09-18"
"bc79045",FALSE,"not_sampled","2026-09-18"
"bc79046",FALSE,"not_sampled","2026-09-18"
"bc79048",FALSE,"not_sampled","2026-09-18"
"bc79049",FALSE,"not_sampled","2026-09-18"
"bc79050",FALSE,"not_sampled","2026-09-18"
"bc79051",FALSE,"not_sampled","2026-09-18"
"bc79052",FALSE,"not_sampled","2026-09-18"
"bc79053",FALSE,"not_sampled","2026-09-18"
"bc79054",FALSE,"not_sampled","2026-09-18"
"bc79056",FALSE,"not_sampled","2026-09-18"
"bc79057",FALSE,"not_sampled","2026-09-18"
"bc79058",FALSE,"not_sampled","2026-09-18"
"bc79059",FALSE,"not_sampled","2026-09-18"
"bc79060",FALSE,"not_sampled","2026-09-18"
"bc79061",FALSE,"not_sampled","2026-09-18"
"bc79062",FALSE,"one_qualifying_leg","2026-09-18"
"bc79063",FALSE,"not_sampled","2026-09-18"
"bc79064",FALSE,"not_sampled","2026-09-18"
"bc79065",FALSE,"not_sampled","2026-09-18"
"bc79066",FALSE,"not_sampled","2026-09-18"
"bc79067",FALSE,"not_sampled","2026-09-18"
"bc79069",FALSE,"not_sampled","2026-09-18"
"bc79070",FALSE,"not_sampled","2026-09-18"
"bc79072",FALSE,"not_sampled","2026-09-18"
"bc79074",FALSE,"not_sampled","2026-09-18"
"bc79075",FALSE,"not_sampled","2026-09-18"
"bc79077",FALSE,"not_sampled","2026-09-18"
"bc79079",FALSE,"not_sampled","2026-09-18"
"bc79086",FALSE,"not_sampled","2026-09-18"
"bc79087",FALSE,"not_sampled","2026-09-18"
"bc79088",FALSE,"not_sampled","2026-09-18"
"bc79091",FALSE,"not_sampled","2026-09-18"
"bc79092",FALSE,"not_sampled","2026-09-18"
"bc79093",FALSE,"not_sampled","2026-09-18"
"bc79094",FALSE,"not_sampled","2026-09-18"
"bc79095",FALSE,"not_sampled","2026-09-18"
"bc79096",FALSE,"not_sampled","2026-09-18"
"bc79097",FALSE,"single_direction","2026-09-18"
"bc79099",FALSE,"not_sampled","2026-09-18"
"bc79100",FALSE,"not_sampled","2026-09-18"
"bc79101",FALSE,"not_sampled","2026-09-18"
"bc79102",FALSE,"not_sampled","2026-09-18"
"bc79103",FALSE,"not_sampled","2026-09-18"
"bc79104",FALSE,"not_sampled","2026-09-18"
"bc79105",FALSE,"not_sampled","2026-09-18"
"bc79106",FALSE,"not_sampled","2026-09-18"
"bc79107",FALSE,"not_sampled","2026-09-18"
"bc79108",FALSE,"not_sampled","2026-09-18"
"bc79109",FALSE,"not_sampled","2026-09-18"
"bc79110",FALSE,"not_sampled","2026-09-18"
"bc79111",FALSE,"not_sampled","2026-09-18"
"bc79112",FALSE,"not_sampled","2026-09-18"
"bc79113",FALSE,"not_sampled","2026-09-18"
"bc79114",FALSE,"not_sampled","2026-09-18"
"bc79115",FALSE,"not_sampled","2026-09-18"
"bc79116",FALSE,"not_sampled","2026-09-18"
"bc79117",FALSE,"not_sampled","2026-09-18"
"bc79118",FALSE,"not_sampled","2026-09-18"
"bc79119",FALSE,"not_sampled","2026-09-18"
"bc79120",FALSE,"not_sampled","2026-09-18"
"bc79121",FALSE,"not_sampled","2026-09-18"
"bc79122",FALSE,"not_sampled","2026-09-18"
"bc79123",FALSE,"not_sampled","2026-09-18"
"bc79124",FALSE,"not_sampled","2026-09-18"
"bc79125",FALSE,"not_sampled","2026-09-18"
"bc79126",FALSE,"not_sampled","2026-09-18"
"bc79127",FALSE,"not_sampled","2026-09-18"
"bc79128",FALSE,"not_sampled","2026-09-18"
"bc79129",FALSE,"not_sampled","2026-09-18"
"bc79130",FALSE,"not_sampled","2026-09-18"
"bc79131",FALSE,"not_sampled","2026-09-18"
"bc79133",FALSE,"not_sampled","2026-09-18"
"bc79134",FALSE,"not_sampled","2026-09-18"
"bc79135",FALSE,"not_sampled","2026-09-18"
"bc79136",FALSE,"not_sampled","2026-09-18"
"bc79137",FALSE,"not_sampled","2026-09-18"
"bc79138",FALSE,"not_sampled","2026-09-18"
"bc79139",FALSE,"not_sampled","2026-09-18"
"bc79140",FALSE,"not_sampled","2026-09-18"
"bc79141",FALSE,"not_sampled","2026-09-18"
"bc79142",FALSE,"not_sampled","2026-09-18"
"bc79143",FALSE,"not_sampled","2026-09-18"
"bc79144",FALSE,"not_sampled","2026-09-18"
"bc79145",FALSE,"not_sampled","2026-09-18"
"bc79146",FALSE,"not_sampled","2026-09-18"
"bc79147",FALSE,"not_sampled","2026-09-18"
"bc79148",FALSE,"not_sampled","2026-09-18"
"bc79149",FALSE,"not_sampled","2026-09-18"
"bc79150",FALSE,"not_sampled","2026-09-18"
"bc79151",FALSE,"not_sampled","2026-09-18"
"bc79152",FALSE,"not_sampled","2026-09-18"
"bc79153",FALSE,"not_sampled","2026-09-18"
"bc79154",FALSE,"not_sampled","2026-09-18"
"bc79155",FALSE,"not_sampled","2026-09-18"
"bc79156",FALSE,"not_sampled","2026-09-18"
"bc79157",FALSE,"not_sampled","2026-09-18"
"bc79158",FALSE,"not_sampled","2026-09-18"
"bc79159",FALSE,"not_sampled","2026-09-18"
"bc79160",FALSE,"not_sampled","2026-09-18"
"bc79161",FALSE,"not_sampled","2026-09-18"
"bc79162",FALSE,"not_sampled","2026-09-18"
"bc79163",FALSE,"not_sampled","2026-09-18"
"bc79164",FALSE,"not_sampled","2026-09-18"
"bc79165",FALSE,"not_sampled","2026-09-18"
"bc79166",FALSE,"not_sampled","2026-09-18"
"bc79167",FALSE,"not_sampled","2026-09-18"
"bc79168",FALSE,"not_sampled","2026-09-18"
"bc79169",FALSE,"not_sampled","2026-09-18"
"bc79170",FALSE,"not_sampled","2026-09-18"
"bc79171",FALSE,"not_sampled","2026-09-18"
"bc79172",FALSE,"not_sampled","2026-09-18"
"bc79173",FALSE,"not_sampled","2026-09-18"
"bc79174",FALSE,"not_sampled","2026-09-18"
"bc79175",FALSE,"not_sampled","2026-09-18"
"bc79176",FALSE,"not_sampled","2026-09-18"
"bc79177",FALSE,"not_sampled","2026-09-18"
"bc79178",FALSE,"not_sampled","2026-09-18"
"bc79179",FALSE,"not_sampled","2026-09-18"
"bc79180",FALSE,"not_sampled","2026-09-18"
"bc79181",FALSE,"not_sampled","2026-09-18"
"bc79182",FALSE,"not_sampled","2026-09-18"
"bc79183",FALSE,"not_sampled","2026-09-18"
"bc79184",FALSE,"not_sampled","2026-09-18"
"bc79185",FALSE,"not_sampled","2026-09-18"
"bc79186",FALSE,"not_sampled","2026-09-18"
"bc79187",FALSE,"not_sampled","2026-09-18"
"bc79188",FALSE,"not_sampled","2026-09-18"
"bc79189",FALSE,"not_sampled","2026-09-18"
"bc79190",FALSE,"not_sampled","2026-09-18"
"bc79191",FALSE,"not_sampled","2026-09-18"
"bc79192",FALSE,"not_sampled","2026-09-18"
"bc79193",FALSE,"not_sampled","2026-09-18"
"bc79194",FALSE,"not_sampled","2026-09-18"
"bc79195",FALSE,"not_sampled","2026-09-18"
"bc79203",FALSE,"not_sampled","2026-09-18"
"bc79204",FALSE,"not_sampled","2026-09-18"
"bc79205",FALSE,"not_sampled","2026-09-18"
"bc79206",FALSE,"not_sampled","2026-09-18"
"bc79207",FALSE,"not_sampled","2026-09-18"
"bc79208",FALSE,"not_sampled","2026-09-18"
"bc79209",FALSE,"not_sampled","2026-09-18"
"bc79210",FALSE,"not_sampled","2026-09-18"
"bc79212",FALSE,"not_sampled","2026-09-18"
"bc79213",FALSE,"not_sampled","2026-09-18"
"bc80001",FALSE,"not_sampled","2026-09-18"
"bc80002",FALSE,"not_sampled","2026-09-18"
"bc80003",FALSE,"not_sampled","2026-09-18"
"bc80004",FALSE,"not_sampled","2026-09-18"
"bc80005",FALSE,"not_sampled","2026-09-18"
"bc80006",FALSE,"not_sampled","2026-09-18"
"bc80007",FALSE,"not_sampled","2026-09-18"
"bc80008",FALSE,"not_sampled","2026-09-18"
"bc80009",FALSE,"not_sampled","2026-09-18"
"bc80010",FALSE,"not_sampled","2026-09-18"
"bc80011",FALSE,"not_sampled","2026-09-18"
"bc80012",FALSE,"not_sampled","2026-09-18"
"bc80013",FALSE,"not_sampled","2026-09-18"
"bc80014",FALSE,"not_sampled","2026-09-18"
"bc80015",FALSE,"not_sampled","2026-09-18"
"bc80016",FALSE,"not_sampled","2026-09-18"
"bc80017",FALSE,"not_sampled","2026-09-18"
"bc80018",FALSE,"not_sampled","2026-09-18"
"bc80019",FALSE,"not_sampled","2026-09-18"
"bc80020",FALSE,"not_sampled","2026-09-18"
"bc80021",FALSE,"not_sampled","2026-09-18"
"bc80022",FALSE,"not_sampled","2026-09-18"
"bc80023",FALSE,"not_sampled","2026-09-18"
"bc80024",FALSE,"not_sampled","2026-09-18"
"bc80025",FALSE,"not_sampled","2026-09-18"
"bc80026",FALSE,"not_sampled","2026-09-18"
"bc80027",FALSE,"not_sampled","2026-09-18"
"bc80028",FALSE,"not_sampled","2026-09-18"
"bc80029",FALSE,"not_sampled","2026-09-18"
"bc80030",FALSE,"not_sampled","2026-09-18"
"bc80031",FALSE,"not_sampled","2026-09-18"
"bc80032",FALSE,"not_sampled","2026-09-18"
"bc80033",FALSE,"not_sampled","2026-09-18"
"bc80034",FALSE,"not_sampled","2026-09-18"
"bc80035",FALSE,"not_sampled","2026-09-18"
"bc80036",FALSE,"not_sampled","2026-09-18"
"bc80037",FALSE,"not_sampled","2026-09-18"
"bc80038",FALSE,"not_sampled","2026-09-18"
"bc80039",FALSE,"not_sampled","2026-09-18"
"bc80040",FALSE,"not_sampled","2026-09-18"
"bc80041",FALSE,"not_sampled","2026-09-18"
"bc80042",FALSE,"not_sampled","2026-09-18"
"bc80043",FALSE,"not_sampled","2026-09-18"
"bc80044",FALSE,"not_sampled","2026-09-18"
"bc80045",FALSE,"not_sampled","2026-09-18"
"bc80046",FALSE,"not_sampled","2026-09-18"
"bc80047",FALSE,"not_sampled","2026-09-18"
"bc80048",FALSE,"not_sampled","2026-09-18"
"bc80049",FALSE,"not_sampled","2026-09-18"
"bc80050",FALSE,"not_sampled","2026-09-18"
"bc80051",FALSE,"not_sampled","2026-09-18"
"bc80052",FALSE,"not_sampled","2026-09-18"
"bc80053",FALSE,"not_sampled","2026-09-18"
"bc80054",FALSE,"not_sampled","2026-09-18"
"bc80055",FALSE,"not_sampled","2026-09-18"
"bc80056",FALSE,"not_sampled","2026-09-18"
"bc80057",FALSE,"not_sampled","2026-09-18"
"bc80058",FALSE,"not_sampled","2026-09-18"
"bc80059",FALSE,"not_sampled","2026-09-18"
"bc80060",FALSE,"not_sampled","2026-09-18"
"bc80062",FALSE,"not_sampled","2026-09-18"
"bc80063",FALSE,"not_sampled","2026-09-18"
"bc80064",FALSE,"not_sampled","2026-09-18"
"bc80065",FALSE,"not_sampled","2026-09-18"
"bc80066",FALSE,"not_sampled","2026-09-18"
"bc80067",FALSE,"not_sampled","2026-09-18"
"bc80068",FALSE,"not_sampled","2026-09-18"
"bc80069",FALSE,"not_sampled","2026-09-18"
"bc80070",FALSE,"not_sampled","2026-09-18"
"bc80071",FALSE,"not_sampled","2026-09-18"
"bc80076",FALSE,"not_sampled","2026-09-18"
"bc80077",FALSE,"not_sampled","2026-09-18"
"bc80078",FALSE,"not_sampled","2026-09-18"
"bc80079",FALSE,"not_sampled","2026-09-18"
"bc80084",FALSE,"not_sampled","2026-09-18"
"bc80085",FALSE,"not_sampled","2026-09-18"
"bc80086",FALSE,"not_sampled","2026-09-18"
"bc80087",FALSE,"not_sampled","2026-09-18"
"bc80088",FALSE,"one_qualifying_leg","2026-09-18"
"bc80089",FALSE,"not_sampled","2026-09-18"
"bc80090",FALSE,"not_sampled","2026-09-18"
"bc80092",FALSE,"not_sampled","2026-09-18"
"bc80093",FALSE,"not_sampled","2026-09-18"
"bc80094",FALSE,"not_sampled","2026-09-18"
"bc80097",FALSE,"not_sampled","2026-09-18"
"bc80098",FALSE,"not_sampled","2026-09-18"
"bc80099",FALSE,"not_sampled","2026-09-18"
"bc80100",FALSE,"not_sampled","2026-09-18"
"bc80101",FALSE,"not_sampled","2026-09-18"
"bc80102",FALSE,"not_sampled","2026-09-18"
"bc80104",FALSE,"not_sampled","2026-09-18"
"bc80105",FALSE,"not_sampled","2026-09-18"
"bc80106",FALSE,"not_sampled","2026-09-18"
"bc80107",FALSE,"not_sampled","2026-09-18"
"bc80108",FALSE,"not_sampled","2026-09-18"
"bc80109",FALSE,"not_sampled","2026-09-18"
"bc80110",FALSE,"not_sampled","2026-09-18"
"bc80111",FALSE,"not_sampled","2026-09-18"
"bc80112",FALSE,"not_sampled","2026-09-18"
"bc80113",FALSE,"not_sampled","2026-09-18"
"bc80114",FALSE,"not_sampled","2026-09-18"
"bc80115",FALSE,"not_sampled","2026-09-18"
"bc80116",FALSE,"not_sampled","2026-09-18"
"bc80117",FALSE,"not_sampled","2026-09-18"
"bc80118",FALSE,"not_sampled","2026-09-18"
"bc80119",FALSE,"not_sampled","2026-09-18"
"bc80120",FALSE,"not_sampled","2026-09-18"
"bc80121",FALSE,"not_sampled","2026-09-18"
"bc80122",FALSE,"not_sampled","2026-09-18"
"bc80123",FALSE,"not_sampled","2026-09-18"
"bc80124",FALSE,"not_sampled","2026-09-18"
"bc80125",FALSE,"not_sampled","2026-09-18"
"bc80126",FALSE,"not_sampled","2026-09-18"
"bc80127",FALSE,"not_sampled","2026-09-18"
"bc80132",FALSE,"not_sampled","2026-09-18"
"bc80133",FALSE,"not_sampled","2026-09-18"
"bc80134",FALSE,"not_sampled","2026-09-18"
"bc80135",FALSE,"not_sampled","2026-09-18"
"bc80136",FALSE,"not_sampled","2026-09-18"
"bc80137",FALSE,"not_sampled","2026-09-18"
"bc80138",FALSE,"not_sampled","2026-09-18"
"bc80139",FALSE,"not_sampled","2026-09-18"
"bc80140",FALSE,"not_sampled","2026-09-18"
"bc80141",FALSE,"not_sampled","2026-09-18"
"bc81001",FALSE,"not_sampled","2026-09-18"
"bc81002",FALSE,"not_sampled","2026-09-18"
"bc81003",FALSE,"not_sampled","2026-09-18"
"bc81004",FALSE,"not_sampled","2026-09-18"
"bc81005",FALSE,"not_sampled","2026-09-18"
"bc81006",FALSE,"not_sampled","2026-09-18"
"bc81007",FALSE,"not_sampled","2026-09-18"
"bc81008",FALSE,"not_sampled","2026-09-18"
"bc81009",FALSE,"not_sampled","2026-09-18"
"bc81010",FALSE,"not_sampled","2026-09-18"
"bc81011",FALSE,"not_sampled","2026-09-18"
"bc81012",FALSE,"not_sampled","2026-09-18"
"bc81013",FALSE,"not_sampled","2026-09-18"
"bc81014",FALSE,"not_sampled","2026-09-18"
"bc81015",FALSE,"not_sampled","2026-09-18"
"bc81016",FALSE,"not_sampled","2026-09-18"
"bc81017",FALSE,"not_sampled","2026-09-18"
"bc81018",FALSE,"not_sampled","2026-09-18"
"bc81019",FALSE,"not_sampled","2026-09-18"
"bc81020",FALSE,"not_sampled","2026-09-18"
"bc81021",FALSE,"not_sampled","2026-09-18"
"bc81022",FALSE,"not_sampled","2026-09-18"
"bc81023",FALSE,"not_sampled","2026-09-18"
"bc81024",FALSE,"not_sampled","2026-09-18"
"bc81025",FALSE,"not_sampled","2026-09-18"
"bc81026",FALSE,"not_sampled","2026-09-18"
"bc81027",FALSE,"not_sampled","2026-09-18"
"bc81029",FALSE,"not_sampled","2026-09-18"
"bc81030",FALSE,"not_sampled","2026-09-18"
"bc81031",FALSE,"not_sampled","2026-09-18"
"bc81032",FALSE,"not_sampled","2026-09-18"
"bc81033",FALSE,"not_sampled","2026-09-18"
"bc81034",FALSE,"not_sampled","2026-09-18"
"bc81035",FALSE,"not_sampled","2026-09-18"
"bc81036",FALSE,"not_sampled","2026-09-18"
"bc81037",FALSE,"not_sampled","2026-09-18"
"bc81038",FALSE,"not_sampled","2026-09-18"
"bc81039",FALSE,"not_sampled","2026-09-18"
"bc81040",FALSE,"not_sampled","2026-09-18"
"bc81041",FALSE,"not_sampled","2026-09-18"
"bc81042",FALSE,"not_sampled","2026-09-18"
"bc81043",FALSE,"not_sampled","2026-09-18"
"bc81044",FALSE,"not_sampled","2026-09-18"
"bc81045",FALSE,"not_sampled","2026-09-18"
"bc81046",FALSE,"not_sampled","2026-09-18"
"bc81047",FALSE,"not_sampled","2026-09-18"
"bc81048",FALSE,"not_sampled","2026-09-18"
"bc81049",FALSE,"not_sampled","2026-09-18"
"bc81050",FALSE,"not_sampled","2026-09-18"
"bc81051",FALSE,"not_sampled","2026-09-18"
"bc81052",FALSE,"not_sampled","2026-09-18"
"bc81053",FALSE,"not_sampled","2026-09-18"
"bc81054",FALSE,"not_sampled","2026-09-18"
"bc81055",FALSE,"single_direction","2026-09-18"
"bc81056",FALSE,"not_sampled","2026-09-18"
"bc81058",FALSE,"not_sampled","2026-09-18"
"bc81060",TRUE,"no_decisive_leg","2026-10-02"
"bc81061",FALSE,"not_sampled","2026-09-18"
"bc81062",FALSE,"not_sampled","2026-09-18"
"bc81063",FALSE,"not_sampled","2026-09-18"
"bc81064",FALSE,"not_sampled","2026-09-18"
"bc81065",FALSE,"not_sampled","2026-09-18"
"bc81066",FALSE,"not_sampled","2026-09-18"
"bc81069",FALSE,"not_sampled","2026-09-18"
"bc81070",FALSE,"not_sampled","2026-09-18"
"bc81071",FALSE,"not_sampled","2026-09-18"
"bc81072",FALSE,"not_sampled","2026-09-18"
"bc81073",FALSE,"not_sampled","2026-09-18"
"bc81075",FALSE,"not_sampled","2026-09-18"
"bc81076",FALSE,"not_sampled","2026-09-18"
"bc81077",FALSE,"not_sampled","2026-09-18"
"bc81078",FALSE,"not_sampled","2026-09-18"
"bc81080",FALSE,"not_sampled","2026-09-18"
"bc81081",FALSE,"not_sampled","2026-09-18"
"bc81082",FALSE,"not_sampled","2026-09-18"
"bc81083",FALSE,"not_sampled","2026-09-18"
"bc81084",FALSE,"not_sampled","2026-09-18"
"bc81085",FALSE,"not_sampled","2026-09-18"
"bc81086",FALSE,"not_sampled","2026-09-18"
"bc81087",FALSE,"not_sampled","2026-09-18"
"bc81088",FALSE,"not_sampled","2026-09-18"
"bc81089",FALSE,"not_sampled","2026-09-18"
"bc81092",FALSE,"not_sampled","2026-09-18"
"bc81093",FALSE,"not_sampled","2026-09-18"
"bc81094",FALSE,"not_sampled","2026-09-18"
"bc81095",FALSE,"not_sampled","2026-09-18"
"bc81096",FALSE,"not_sampled","2026-09-18"
"bc81097",FALSE,"not_sampled","2026-09-18"
"bc81098",FALSE,"not_sampled","2026-09-18"
"bc81099",FALSE,"not_sampled","2026-09-18"
"bc81100",FALSE,"not_sampled","2026-09-18"
"bc81101",FALSE,"not_sampled","2026-09-18"
"bc81102",FALSE,"not_sampled","2026-09-18"
"bc81103",FALSE,"not_sampled","2026-09-18"
"bc81104",FALSE,"not_sampled","2026-09-18"
"bc81105",FALSE,"not_sampled","2026-09-18"
"bc81106",FALSE,"not_sampled","2026-09-18"
"bc81107",FALSE,"not_sampled","2026-09-18"
"bc81108",FALSE,"not_sampled","2026-09-18"
"bc81109",FALSE,"not_sampled","2026-09-18"
"bc81110",FALSE,"not_sampled","2026-09-18"
"bc81111",FALSE,"not_sampled","2026-09-18"
"bc81112",FALSE,"not_sampled","2026-09-18"
"bc81113",FALSE,"not_sampled","2026-09-18"
"bc81114",FALSE,"not_sampled","2026-09-18"
"bc81115",FALSE,"not_sampled","2026-09-18"
"bc81116",FALSE,"not_sampled","2026-09-18"
"bc81117",FALSE,"not_sampled","2026-09-18"
"bc81118",FALSE,"not_sampled","2026-09-18"
"bc81119",FALSE,"not_sampled","2026-09-18"
"bc81120",FALSE,"not_sampled","2026-09-18"
"bc81121",FALSE,"not_sampled","2026-09-18"
"bc81122",FALSE,"not_sampled","2026-09-18"
"bc81124",FALSE,"not_sampled","2026-09-18"
"bc81125",FALSE,"not_sampled","2026-09-18"
"bc81126",FALSE,"not_sampled","2026-09-18"
"bc82001",FALSE,"single_direction","2026-09-18"
"bc82002",FALSE,"not_sampled","2026-09-18"
"bc82003",FALSE,"not_sampled","2026-09-18"
"bc82004",FALSE,"not_sampled","2026-09-18"
"bc82005",FALSE,"single_direction","2026-09-18"
"bc82006",FALSE,"not_sampled","2026-09-18"
"bc82007",FALSE,"not_sampled","2026-09-18"
"bc82008",FALSE,"not_sampled","2026-09-18"
"bc82009",FALSE,"not_sampled","2026-09-18"
"bc82010",FALSE,"not_sampled","2026-09-18"
"bc82011",FALSE,"not_sampled","2026-09-18"
"bc82012",FALSE,"not_sampled","2026-09-18"
"bc82013",FALSE,"not_sampled","2026-09-18"
"bc82014",FALSE,"not_sampled","2026-09-18"
"bc82015",FALSE,"not_sampled","2026-09-18"
"bc82016",FALSE,"not_sampled","2026-09-18"
"bc82017",FALSE,"not_sampled","2026-09-18"
"bc82018",FALSE,"not_sampled","2026-09-18"
"bc82019",FALSE,"not_sampled","2026-09-18"
"bc82020",FALSE,"not_sampled","2026-09-18"
"bc82021",FALSE,"not_sampled","2026-09-18"
"bc82022",FALSE,"not_sampled","2026-09-18"
"bc82023",FALSE,"single_direction","2026-09-18"
"bc82024",FALSE,"not_sampled","2026-09-18"
"bc82025",FALSE,"not_sampled","2026-09-18"
"bc82026",FALSE,"not_sampled","2026-09-18"
"bc82027",FALSE,"not_sampled","2026-09-18"
"bc82028",FALSE,"not_sampled","2026-09-18"
"bc82029",FALSE,"not_sampled","2026-09-18"
"bc82030",FALSE,"not_sampled","2026-09-18"
"bc82031",FALSE,"not_sampled","2026-09-18"
"bc82032",FALSE,"not_sampled","2026-09-18"
"bc82033",FALSE,"not_sampled","2026-09-18"
"bc82034",FALSE,"not_sampled","2026-09-18"
"bc82035",FALSE,"not_sampled","2026-09-18"
"bc82036",FALSE,"not_sampled","2026-09-18"
"bc82037",FALSE,"not_sampled","2026-09-18"
"bc82038",FALSE,"not_sampled","2026-09-18"
"bc82039",FALSE,"not_sampled","2026-09-18"
"bc82040",FALSE,"not_sampled","2026-09-18"
"bc82041",FALSE,"not_sampled","2026-09-18"
"bc82042",FALSE,"not_sampled","2026-09-18"
"bc82043",FALSE,"not_sampled","2026-09-18"
"bc82044",FALSE,"not_sampled","2026-09-18"
"bc82045",FALSE,"not_sampled","2026-09-18"
"bc82046",FALSE,"not_sampled","2026-09-18"
"bc82047",FALSE,"not_sampled","2026-09-18"
"bc82048",FALSE,"not_sampled","2026-09-18"
"bc82049",FALSE,"not_sampled","2026-09-18"
"bc82050",FALSE,"not_sampled","2026-09-18"
"bc82051",FALSE,"not_sampled","2026-09-18"
"bc82052",FALSE,"not_sampled","2026-09-18"
"bc82053",FALSE,"not_sampled","2026-09-18"
"bc82057",FALSE,"not_sampled","2026-09-18"
"bc82058",FALSE,"not_sampled","2026-09-18"
"bc82059",FALSE,"not_sampled","2026-09-18"
"bc82060",FALSE,"not_sampled","2026-09-18"
"bc82061",FALSE,"not_sampled","2026-09-18"
"bc82062",FALSE,"not_sampled","2026-09-18"
"bc82063",FALSE,"not_sampled","2026-09-18"
"bc83001",FALSE,"not_sampled","2026-09-18"
"bc83002",FALSE,"not_sampled","2026-09-18"
"bc83005",FALSE,"not_sampled","2026-09-18"
"bc83006",FALSE,"not_sampled","2026-09-18"
"bc83007",FALSE,"not_sampled","2026-09-18"
"bc83008",FALSE,"not_sampled","2026-09-18"
"bc83009",FALSE,"not_sampled","2026-09-18"
"bc83010",FALSE,"not_sampled","2026-09-18"
"bc83011",FALSE,"not_sampled","2026-09-18"
"bc83012",FALSE,"not_sampled","2026-09-18"
"bc83013",FALSE,"not_sampled","2026-09-18"
"bc83014",FALSE,"not_sampled","2026-09-18"
"bc83015",FALSE,"not_sampled","2026-09-18"
"bc83016",FALSE,"not_sampled","2026-09-18"
"bc83017",FALSE,"not_sampled","2026-09-18"
"bc83018",FALSE,"not_sampled","2026-09-18"
"bc83019",FALSE,"not_sampled","2026-09-18"
"bc83020",FALSE,"not_sampled","2026-09-18"
"bc83021",FALSE,"not_sampled","2026-09-18"
"bc83022",FALSE,"not_sampled","2026-09-18"
"bc83023",FALSE,"not_sampled","2026-09-18"
"bc83024",FALSE,"not_sampled","2026-09-18"
"bc83033",FALSE,"not_sampled","2026-09-18"
"bc83034",FALSE,"not_sampled","2026-09-18"
"bc83035",FALSE,"not_sampled","2026-09-18"
"bc83036",FALSE,"not_sampled","2026-09-18"
"bc83037",FALSE,"not_sampled","2026-09-18"
"bc83041",FALSE,"not_sampled","2026-09-18"
"bc83042",FALSE,"not_sampled","2026-09-18"
"bc83044",FALSE,"not_sampled","2026-09-18"
"bc83046",FALSE,"not_sampled","2026-09-18"
"bc83047",FALSE,"not_sampled","2026-09-18"
"bc83048",FALSE,"not_sampled","2026-09-18"
"bc83051",FALSE,"not_sampled","2026-09-18"
"bc83052",FALSE,"not_sampled","2026-09-18"
"bc83053",FALSE,"not_sampled","2026-09-18"
"bc83054",FALSE,"not_sampled","2026-09-18"
"bc83055",FALSE,"not_sampled","2026-09-18"
"bc83056",FALSE,"not_sampled","2026-09-18"
"bc83057",FALSE,"not_sampled","2026-09-18"
"bc83058",FALSE,"not_sampled","2026-09-18"
"bc83059",FALSE,"not_sampled","2026-09-18"
"bc83060",FALSE,"not_sampled","2026-09-18"
"bc83061",FALSE,"not_sampled","2026-09-18"
"bc83063",FALSE,"single_direction","2026-09-18"
"bc84001",FALSE,"not_sampled","2026-09-18"
"bc84002",FALSE,"single_direction","2026-09-18"
"bc84012",FALSE,"one_qualifying_leg","2026-09-18"
"bc84014",FALSE,"not_sampled","2026-09-18"
"bc84015",FALSE,"not_sampled","2026-09-18"
"bc84016",FALSE,"not_sampled","2026-09-18"
"bc84020",FALSE,"not_sampled","2026-09-18"
"bc84021",FALSE,"not_sampled","2026-09-18"
"bc84022",FALSE,"not_sampled","2026-09-18"
"bc84024",FALSE,"not_sampled","2026-09-18"
"bc84025",FALSE,"not_sampled","2026-09-18"
"bc84026",FALSE,"not_sampled","2026-09-18"
"bc84027",FALSE,"not_sampled","2026-09-18"
"bc84028",FALSE,"not_sampled","2026-09-18"
"bc84029",FALSE,"not_sampled","2026-09-18"
"bc84030",FALSE,"not_sampled","2026-09-18"
"bc84031",FALSE,"single_direction","2026-09-18"
"bc84034",FALSE,"not_sampled","2026-09-18"
"bc84035",FALSE,"not_sampled","2026-09-18"
"bc84036",FALSE,"not_sampled","2026-09-18"
"bc84037",FALSE,"not_sampled","2026-09-18"
"bc84041",FALSE,"not_sampled","2026-09-18"
"bc84042",FALSE,"not_sampled","2026-09-18"
"bc84043",FALSE,"not_sampled","2026-09-18"
"bc84044",FALSE,"not_sampled","2026-09-18"
"bc84045",FALSE,"not_sampled","2026-09-18"
"bc84053",FALSE,"not_sampled","2026-09-18"
"bc84065",FALSE,"not_sampled","2026-09-18"
"bc84068",FALSE,"not_sampled","2026-09-18"
"bc84073",FALSE,"not_sampled","2026-09-18"
"bc84074",FALSE,"not_sampled","2026-09-18"
"bc84075",FALSE,"one_qualifying_leg","2026-09-18"
"bc84079",FALSE,"not_sampled","2026-09-18"
"bc84081",FALSE,"not_sampled","2026-09-18"
"bc84082",FALSE,"not_sampled","2026-09-18"
"bc84085",FALSE,"not_sampled","2026-09-18"
"bc84091",FALSE,"not_sampled","2026-09-18"
"bc84096",FALSE,"not_sampled","2026-09-18"
"bc85001",FALSE,"not_sampled","2026-09-18"
"bc85002",FALSE,"not_sampled","2026-09-18"
"bc85003",FALSE,"not_sampled","2026-09-18"
"bc85004",FALSE,"not_sampled","2026-09-18"
"bc85005",FALSE,"not_sampled","2026-09-18"
"bc85006",FALSE,"not_sampled","2026-09-18"
"bc85007",FALSE,"not_sampled","2026-09-18"
"bc85008",FALSE,"not_sampled","2026-09-18"
"bc85009",FALSE,"not_sampled","2026-09-18"
"bc85010",FALSE,"not_sampled","2026-09-18"
"bc85011",FALSE,"not_sampled","2026-09-18"
"bc85012",FALSE,"not_sampled","2026-09-18"
"bc85013",FALSE,"not_sampled","2026-09-18"
"bc85014",FALSE,"not_sampled","2026-09-18"
"bc85015",FALSE,"not_sampled","2026-09-18"
"bc85016",FALSE,"not_sampled","2026-09-18"
"bc85017",FALSE,"not_sampled","2026-09-18"
"bc85018",FALSE,"not_sampled","2026-09-18"
"bc85019",FALSE,"not_sampled","2026-09-18"
"bc85020",FALSE,"not_sampled","2026-09-18"
"bc85021",FALSE,"not_sampled","2026-09-18"
"bc85022",FALSE,"not_sampled","2026-09-18"
"bc85023",FALSE,"not_sampled","2026-09-18"
"bc85024",FALSE,"not_sampled","2026-09-18"
"bc85025",FALSE,"not_sampled","2026-09-18"
"bc85028",FALSE,"not_sampled","2026-09-18"
"bc85029",FALSE,"not_sampled","2026-09-18"
"bc85030",FALSE,"not_sampled","2026-09-18"
"bc85031",FALSE,"not_sampled","2026-09-18"
"bc85032",FALSE,"not_sampled","2026-09-18"
"bc85033",FALSE,"not_sampled","2026-09-18"
"bc85034",FALSE,"not_sampled","2026-09-18"
"bc85035",FALSE,"not_sampled","2026-09-18"
"bc85036",FALSE,"not_sampled","2026-09-18"
"bc85037",FALSE,"not_sampled","2026-09-18"
"bc85038",FALSE,"not_sampled","2026-09-18"
"bc85039",FALSE,"not_sampled","2026-09-18"
"bc85040",FALSE,"not_sampled","2026-09-18"
"bc85041",FALSE,"not_sampled","2026-09-18"
"bc85042",FALSE,"not_sampled","2026-09-18"
"bc85043",FALSE,"not_sampled","2026-09-18"
"bc85044",FALSE,"not_sampled","2026-09-18"
"bc85045",FALSE,"not_sampled","2026-09-18"
"bc85046",FALSE,"not_sampled","2026-09-18"
"bc85047",FALSE,"not_sampled","2026-09-18"
"bc85048",FALSE,"not_sampled","2026-09-18"
"bc85049",FALSE,"not_sampled","2026-09-18"
"bc85050",FALSE,"not_sampled","2026-09-18"
"bc85051",FALSE,"not_sampled","2026-09-18"
"bc85052",FALSE,"not_sampled","2026-09-18"
"bc85053",FALSE,"not_sampled","2026-09-18"
"bc85054",FALSE,"not_sampled","2026-09-18"
"bc85055",FALSE,"not_sampled","2026-09-18"
"bc85056",FALSE,"not_sampled","2026-09-18"
"bc85057",FALSE,"not_sampled","2026-09-18"
"bc85058",FALSE,"not_sampled","2026-09-18"
"bc85059",FALSE,"not_sampled","2026-09-18"
"bc85060",FALSE,"not_sampled","2026-09-18"
"bc85061",FALSE,"not_sampled","2026-09-18"
"bc85062",FALSE,"not_sampled","2026-09-18"
"bc85063",FALSE,"not_sampled","2026-09-18"
"bc85064",FALSE,"not_sampled","2026-09-18"
"bc85065",FALSE,"not_sampled","2026-09-18"
"bc85066",FALSE,"not_sampled","2026-09-18"
"bc85067",FALSE,"not_sampled","2026-09-18"
"bc85068",FALSE,"not_sampled","2026-09-18"
"bc85069",FALSE,"not_sampled","2026-09-18"
"bc85070",FALSE,"not_sampled","2026-09-18"
"bc85071",FALSE,"not_sampled","2026-09-18"
"bc85072",FALSE,"not_sampled","2026-09-18"
"bc85073",FALSE,"not_sampled","2026-09-18"
"bc85074",FALSE,"not_sampled","2026-09-18"
"bc85075",FALSE,"not_sampled","2026-09-18"
"bc85076",FALSE,"not_sampled","2026-09-18"
"bc85077",FALSE,"not_sampled","2026-09-18"
"bc85078",FALSE,"not_sampled","2026-09-18"
"bc85079",FALSE,"not_sampled","2026-09-18"
"bc85080",FALSE,"not_sampled","2026-09-18"
"bc85081",FALSE,"not_sampled","2026-09-18"
"bc85082",FALSE,"not_sampled","2026-09-18"
"bc85083",FALSE,"not_sampled","2026-09-18"
"bc85084",FALSE,"not_sampled","2026-09-18"
"bc85085",FALSE,"not_sampled","2026-09-18"
"bc85086",FALSE,"not_sampled","2026-09-18"
"bc85087",FALSE,"not_sampled","2026-09-18"
"bc85088",FALSE,"not_sampled","2026-09-18"
"bc85089",FALSE,"not_sampled","2026-09-18"
"bc85090",FALSE,"not_sampled","2026-09-18"
"bc85091",FALSE,"not_sampled","2026-09-18"
"bc85092",FALSE,"not_sampled","2026-09-18"
"bc85093",FALSE,"not_sampled","2026-09-18"
"bc86001",FALSE,"not_sampled","2026-09-18"
"bc86002",FALSE,"not_sampled","2026-09-18"
"bc86003",FALSE,"not_sampled","2026-09-18"
"bc86004",FALSE,"not_sampled","2026-09-18"
"bc86005",FALSE,"not_sampled","2026-09-18"
"bc86006",FALSE,"not_sampled","2026-09-18"
"bc86007",FALSE,"not_sampled","2026-09-18"
"bc86008",FALSE,"not_sampled","2026-09-18"
"bc86009",FALSE,"not_sampled","2026-09-18"
"bc86010",FALSE,"not_sampled","2026-09-18"
"bc86011",FALSE,"not_sampled","2026-09-18"
"bc86012",FALSE,"not_sampled","2026-09-18"
"bc86013",FALSE,"not_sampled","2026-09-18"
"bc86014",FALSE,"not_sampled","2026-09-18"
"bc86016",FALSE,"not_sampled","2026-09-18"
"bc86017",FALSE,"not_sampled","2026-09-18"
"bc86018",FALSE,"not_sampled","2026-09-18"
"bc86019",FALSE,"not_sampled","2026-09-18"
"bc86020",FALSE,"not_sampled","2026-09-18"
"bc86021",FALSE,"not_sampled","2026-09-18"
"bc86022",FALSE,"not_sampled","2026-09-18"
"bc86023",FALSE,"not_sampled","2026-09-18"
"bc86024",FALSE,"not_sampled","2026-09-18"
"bc86025",FALSE,"not_sampled","2026-09-18"
"bc86026",FALSE,"not_sampled","2026-09-18"
"bc86027",FALSE,"not_sampled","2026-09-18"
"bc86028",FALSE,"not_sampled","2026-09-18"
"bc86029",FALSE,"not_sampled","2026-09-18"
"bc86030",FALSE,"not_sampled","2026-09-18"
"bc86031",FALSE,"not_sampled","2026-09-18"
"bc86032",FALSE,"not_sampled","2026-09-18"
"bc86033",FALSE,"not_sampled","2026-09-18"
"bc86034",FALSE,"not_sampled","2026-09-18"
"bc86035",FALSE,"not_sampled","2026-09-18"
"bc86036",FALSE,"not_sampled","2026-09-18"
"bc86037",FALSE,"not_sampled","2026-09-18"
"bc86038",FALSE,"not_sampled","2026-09-18"
"bc86039",FALSE,"not_sampled","2026-09-18"
"bc86040",FALSE,"not_sampled","2026-09-18"
"bc86041",FALSE,"not_sampled","2026-09-18"
"bc86042",FALSE,"not_sampled","2026-09-18"
"bc86043",FALSE,"not_sampled","2026-09-18"
"bc86044",FALSE,"not_sampled","2026-09-18"
"bc86045",FALSE,"not_sampled","2026-09-18"
"bc86046",FALSE,"not_sampled","2026-09-18"
"bc86047",FALSE,"not_sampled","2026-09-18"
"bc86048",FALSE,"not_sampled","2026-09-18"
"bc86049",FALSE,"not_sampled","2026-09-18"
"bc86050",FALSE,"not_sampled","2026-09-18"
"bc86051",FALSE,"not_sampled","2026-09-18"
"bc86052",FALSE,"not_sampled","2026-09-18"
"bc86053",FALSE,"not_sampled","2026-09-18"
"bc86054",FALSE,"not_sampled","2026-09-18"
"bc86055",FALSE,"not_sampled","2026-09-18"
"bc86056",FALSE,"not_sampled","2026-09-18"
"bc86057",FALSE,"not_sampled","2026-09-18"
"bc86058",FALSE,"not_sampled","2026-09-18"
"bc86059",FALSE,"not_sampled","2026-09-18"
"bc86060",FALSE,"not_sampled","2026-09-18"
"bc86061",FALSE,"not_sampled","2026-09-18"
"bc86062",FALSE,"not_sampled","2026-09-18"
"bc86063",FALSE,"not_sampled","2026-09-18"
"bc86064",FALSE,"not_sampled","2026-09-18"
"bc86065",FALSE,"not_sampled","2026-09-18"
"bc86066",FALSE,"not_sampled","2026-09-18"
"bc86067",FALSE,"not_sampled","2026-09-18"
"bc86068",FALSE,"not_sampled","2026-09-18"
"bc86069",FALSE,"not_sampled","2026-09-18"
"bc86070",FALSE,"not_sampled","2026-09-18"
"bc86071",FALSE,"not_sampled","2026-09-18"
"bc86072",FALSE,"not_sampled","2026-09-18"
"bc86073",FALSE,"not_sampled","2026-09-18"
"bc86074",FALSE,"not_sampled","2026-09-18"
"bc86075",FALSE,"not_sampled","2026-09-18"
"bc86076",FALSE,"not_sampled","2026-09-18"
"bc86077",FALSE,"not_sampled","2026-09-18"
"bc86078",FALSE,"not_sampled","2026-09-18"
"bc86079",FALSE,"not_sampled","2026-09-18"
"bc86080",FALSE,"not_sampled","2026-09-18"
"bc86081",FALSE,"not_sampled","2026-09-18"
"bc86082",FALSE,"not_sampled","2026-09-18"
"bc86083",FALSE,"not_sampled","2026-09-18"
"bc86084",FALSE,"not_sampled","2026-09-18"
"bc86085",FALSE,"not_sampled","2026-09-18"
"bc86086",FALSE,"not_sampled","2026-09-18"
"bc86087",FALSE,"not_sampled","2026-09-18"
"bc86088",FALSE,"not_sampled","2026-09-18"
"bc86089",FALSE,"not_sampled","2026-09-18"
"bc86090",FALSE,"not_sampled","2026-09-18"
"bc86091",FALSE,"not_sampled","2026-09-18"
"bc86092",FALSE,"not_sampled","2026-09-18"
"bc86093",FALSE,"not_sampled","2026-09-18"
"bc86094",FALSE,"not_sampled","2026-09-18"
"bc86096",FALSE,"not_sampled","2026-09-18"
"bc86097",FALSE,"not_sampled","2026-09-18"
"bc86098",FALSE,"not_sampled","2026-09-18"
"bc86099",FALSE,"not_sampled","2026-09-18"
"bc86100",FALSE,"not_sampled","2026-09-18"
"bc86101",FALSE,"not_sampled","2026-09-18"
"bc86102",FALSE,"not_sampled","2026-09-18"
"bc86103",FALSE,"not_sampled","2026-09-18"
"bc86104",FALSE,"not_sampled","2026-09-18"
"bc86105",FALSE,"not_sampled","2026-09-18"
"bc86106",FALSE,"one_qualifying_leg","2026-09-18"
"bc86107",FALSE,"not_sampled","2026-09-18"
"bc86108",FALSE,"not_sampled","2026-09-18"
"bc86109",FALSE,"not_sampled","2026-09-18"
"bc86110",FALSE,"not_sampled","2026-09-18"
"bc86111",FALSE,"not_sampled","2026-09-18"
"bc86112",FALSE,"not_sampled","2026-09-18"
"bc86113",FALSE,"not_sampled","2026-09-18"
"bc86114",FALSE,"not_sampled","2026-09-18"
"bc86115",FALSE,"not_sampled","2026-09-18"
"bc87001",FALSE,"not_sampled","2026-09-18"
"bc87002",FALSE,"not_sampled","2026-09-18"
"bc87004",FALSE,"not_sampled","2026-09-18"
"bc87005",FALSE,"not_sampled","2026-09-18"
"bc87006",FALSE,"not_sampled","2026-09-18"
"bc87007",FALSE,"not_sampled","2026-09-18"
"bc87008",FALSE,"not_sampled","2026-09-18"
"bc87009",FALSE,"not_sampled","2026-09-18"
"bc87010",FALSE,"not_sampled","2026-09-18"
"bc87011",FALSE,"not_sampled","2026-09-18"
"bc87012",FALSE,"not_sampled","2026-09-18"
"bc87013",FALSE,"not_sampled","2026-09-18"
"bc87014",FALSE,"not_sampled","2026-09-18"
"bc87015",FALSE,"not_sampled","2026-09-18"
"bc87016",FALSE,"not_sampled","2026-09-18"
"bc87017",FALSE,"not_sampled","2026-09-18"
"bc87018",FALSE,"not_sampled","2026-09-18"
"bc87019",FALSE,"not_sampled","2026-09-18"
"bc87020",FALSE,"not_sampled","2026-09-18"
"bc87021",FALSE,"not_sampled","2026-09-18"
"bc87022",FALSE,"not_sampled","2026-09-18"
"bc87023",FALSE,"not_sampled","2026-09-18"
"bc87024",FALSE,"not_sampled","2026-09-18"
"bc87025",FALSE,"not_sampled","2026-09-18"
"bc87027",FALSE,"not_sampled","2026-09-18"
"bc87028",FALSE,"not_sampled","2026-09-18"
"bc87029",FALSE,"not_sampled","2026-09-18"
"bc87030",FALSE,"not_sampled","2026-09-18"
"bc87031",FALSE,"not_sampled","2026-09-18"
"bc87032",FALSE,"not_sampled","2026-09-18"
"bc87033",FALSE,"not_sampled","2026-09-18"
"bc87034",FALSE,"not_sampled","2026-09-18"
"bc87035",FALSE,"not_sampled","2026-09-18"
"bc87036",FALSE,"not_sampled","2026-09-18"
"bc87037",FALSE,"not_sampled","2026-09-18"
"bc87038",FALSE,"not_sampled","2026-09-18"
"bc87039",FALSE,"not_sampled","2026-09-18"
"bc87040",FALSE,"not_sampled","2026-09-18"
"bc87041",FALSE,"not_sampled","2026-09-18"
"bc87042",FALSE,"not_sampled","2026-09-18"
"bc87043",FALSE,"not_sampled","2026-09-18"
"bc87044",FALSE,"not_sampled","2026-09-18"
"bc87045",FALSE,"not_sampled","2026-09-18"
"bc87046",FALSE,"not_sampled","2026-09-18"
"bc87048",FALSE,"not_sampled","2026-09-18"
"bc87049",FALSE,"not_sampled","2026-09-18"
"bc87050",FALSE,"not_sampled","2026-09-18"
"bc87051",FALSE,"not_sampled","2026-09-18"
"bc87052",FALSE,"not_sampled","2026-09-18"
"bc87053",FALSE,"not_sampled","2026-09-18"
"bc87054",FALSE,"not_sampled","2026-09-18"
"bc87055",FALSE,"not_sampled","2026-09-18"
"bc87056",FALSE,"not_sampled","2026-09-18"
"bc87057",FALSE,"not_sampled","2026-09-18"
"bc87058",FALSE,"not_sampled","2026-09-18"
"bc87059",FALSE,"not_sampled","2026-09-18"
"bc87060",FALSE,"not_sampled","2026-09-18"
"bc87061",FALSE,"not_sampled","2026-09-18"
"bc87062",FALSE,"not_sampled","2026-09-18"
"bc87063",FALSE,"not_sampled","2026-09-18"
"bc87064",FALSE,"not_sampled","2026-09-18"
"bc87065",FALSE,"not_sampled","2026-09-18"
"bc87066",FALSE,"not_sampled","2026-09-18"
"bc87067",FALSE,"not_sampled","2026-09-18"
"bc87068",FALSE,"not_sampled","2026-09-18"
"bc87069",FALSE,"not_sampled","2026-09-18"
"bc87070",FALSE,"not_sampled","2026-09-18"
"bc87071",FALSE,"not_sampled","2026-09-18"
"bc87072",FALSE,"not_sampled","2026-09-18"
"bc87073",FALSE,"not_sampled","2026-09-18"
"bc87074",FALSE,"not_sampled","2026-09-18"
"bc87075",FALSE,"not_sampled","2026-09-18"
"bc87076",FALSE,"not_sampled","2026-09-18"
"bc87077",FALSE,"not_sampled","2026-09-18"
"bc87078",FALSE,"not_sampled","2026-09-18"
"bc87079",FALSE,"not_sampled","2026-09-18"
"bc87080",FALSE,"not_sampled","2026-09-18"
"bc87081",FALSE,"not_sampled","2026-09-18"
"bc87082",FALSE,"not_sampled","2026-09-18"
"bc87083",FALSE,"not_sampled","2026-09-18"
"bc87084",FALSE,"not_sampled","2026-09-18"
"bc87086",FALSE,"not_sampled","2026-09-18"
"bc87087",FALSE,"not_sampled","2026-09-18"
"bc87088",FALSE,"not_sampled","2026-09-18"
"bc87089",FALSE,"not_sampled","2026-09-18"
"bc87090",FALSE,"not_sampled","2026-09-18"
"bc87091",FALSE,"not_sampled","2026-09-18"
"bc87092",FALSE,"not_sampled","2026-09-18"
"bc87093",FALSE,"not_sampled","2026-09-18"
"bc87094",FALSE,"not_sampled","2026-09-18"
"bc87095",FALSE,"not_sampled","2026-09-18"
"bc87096",FALSE,"not_sampled","2026-09-18"
"bc87097",FALSE,"not_sampled","2026-09-18"
"bc87098",FALSE,"not_sampled","2026-09-18"
"bc87099",FALSE,"not_sampled","2026-09-18"
"bc87100",FALSE,"not_sampled","2026-09-18"
"bc87101",FALSE,"not_sampled","2026-09-18"
"bc87102",FALSE,"not_sampled","2026-09-18"
"bc87103",FALSE,"not_sampled","2026-09-18"
"bc87104",FALSE,"not_sampled","2026-09-18"
"bc87105",FALSE,"not_sampled","2026-09-18"
"bc88002",FALSE,"not_sampled","2026-09-18"
"bc88003",FALSE,"not_sampled","2026-09-18"
"bc88004",FALSE,"not_sampled","2026-09-18"
"bc88005",FALSE,"not_sampled","2026-09-18"
"bc88006",FALSE,"not_sampled","2026-09-18"
"bc88007",FALSE,"not_sampled","2026-09-18"
"bc88008",FALSE,"not_sampled","2026-09-18"
"bc88009",FALSE,"not_sampled","2026-09-18"
"bc88010",FALSE,"not_sampled","2026-09-18"
"bc88011",FALSE,"not_sampled","2026-09-18"
"bc88012",FALSE,"not_sampled","2026-09-18"
"bc88013",FALSE,"not_sampled","2026-09-18"
"bc88014",FALSE,"not_sampled","2026-09-18"
"bc88015",FALSE,"not_sampled","2026-09-18"
"bc88016",FALSE,"not_sampled","2026-09-18"
"bc88017",FALSE,"not_sampled","2026-09-18"
"bc88018",FALSE,"not_sampled","2026-09-18"
"bc88019",FALSE,"not_sampled","2026-09-18"
"bc88020",FALSE,"not_sampled","2026-09-18"
"bc88021",FALSE,"not_sampled","2026-09-18"
"bc88022",FALSE,"not_sampled","2026-09-18"
"bc88023",FALSE,"not_sampled","2026-09-18"
"bc88024",FALSE,"not_sampled","2026-09-18"
"bc88025",FALSE,"not_sampled","2026-09-18"
"bc88026",FALSE,"not_sampled","2026-09-18"
"bc88027",FALSE,"not_sampled","2026-09-18"
"bc88028",FALSE,"not_sampled","2026-09-18"
"bc88029",FALSE,"not_sampled","2026-09-18"
"bc88030",FALSE,"not_sampled","2026-09-18"
"bc88031",FALSE,"not_sampled","2026-09-18"
"bc88032",FALSE,"not_sampled","2026-09-18"
"bc88033",FALSE,"not_sampled","2026-09-18"
"bc88034",FALSE,"not_sampled","2026-09-18"
"bc88035",FALSE,"not_sampled","2026-09-18"
"bc88036",FALSE,"not_sampled","2026-09-18"
"bc88037",FALSE,"not_sampled","2026-09-18"
"bc88042",FALSE,"not_sampled","2026-09-18"
"bc88043",FALSE,"not_sampled","2026-09-18"
"bc88045",FALSE,"not_sampled","2026-09-18"
"bc88046",FALSE,"not_sampled","2026-09-18"
"bc88048",FALSE,"not_sampled","2026-09-18"
"bc88049",FALSE,"not_sampled","2026-09-18"
"bc88050",FALSE,"not_sampled","2026-09-18"
"bc88051",FALSE,"not_sampled","2026-09-18"
"bc88052",FALSE,"not_sampled","2026-09-18"
"bc88053",FALSE,"not_sampled","2026-09-18"
"bc88054",FALSE,"not_sampled","2026-09-18"
"bc88055",FALSE,"not_sampled","2026-09-18"
"bc88056",FALSE,"not_sampled","2026-09-18"
"bc88057",FALSE,"not_sampled","2026-09-18"
"bc88058",FALSE,"not_sampled","2026-09-18"
"bc88059",FALSE,"not_sampled","2026-09-18"
"bc88061",FALSE,"not_sampled","2026-09-18"
"bc88064",FALSE,"not_sampled","2026-09-18"
"bc88065",FALSE,"not_sampled","2026-09-18"
"bc88066",FALSE,"not_sampled","2026-09-18"
"bc88067",FALSE,"not_sampled","2026-09-18"
"bc88068",FALSE,"not_sampled","2026-09-18"
"bc88069",FALSE,"not_sampled","2026-09-18"
"bc88070",FALSE,"not_sampled","2026-09-18"
"bc88071",FALSE,"not_sampled","2026-09-18"
"bc88076",FALSE,"not_sampled","2026-09-18"
"bc88081",FALSE,"not_sampled","2026-09-18"
"bc88082",FALSE,"not_sampled","2026-09-18"
"bc88083",FALSE,"not_sampled","2026-09-18"
"bc88084",FALSE,"not_sampled","2026-09-18"
"bc88085",FALSE,"not_sampled","2026-09-18"
"bc88086",FALSE,"not_sampled","2026-09-18"
"bc88087",FALSE,"not_sampled","2026-09-18"
"bc88088",FALSE,"not_sampled","2026-09-18"
"bc88089",FALSE,"not_sampled","2026-09-18"
"bc88090",FALSE,"not_sampled","2026-09-18"
"bc88091",FALSE,"not_sampled","2026-09-18"
"bc88092",FALSE,"not_sampled","2026-09-18"
"bc88093",FALSE,"not_sampled","2026-09-18"
"bc88094",FALSE,"not_sampled","2026-09-18"
"bc88095",FALSE,"not_sampled","2026-09-18"
"bc88096",FALSE,"not_sampled","2026-09-18"
"bc88097",FALSE,"single_direction","2026-09-18"
"bc88098",FALSE,"not_sampled","2026-09-18"
"bc88099",FALSE,"not_sampled","2026-09-18"
"bc88100",FALSE,"one_qualifying_leg","2026-09-18"
"bc88101",FALSE,"not_sampled","2026-09-18"
"bc88102",FALSE,"not_sampled","2026-09-18"
"bc89001",FALSE,"not_sampled","2026-09-18"
"bc89002",FALSE,"not_sampled","2026-09-18"
"bc89003",FALSE,"not_sampled","2026-09-18"
"bc89004",FALSE,"not_sampled","2026-09-18"
"bc89005",FALSE,"not_sampled","2026-09-18"
"bc89007",FALSE,"not_sampled","2026-09-18"
"bc89008",FALSE,"not_sampled","2026-09-18"
"bc89009",FALSE,"not_sampled","2026-09-18"
"bc89010",FALSE,"not_sampled","2026-09-18"
"bc89011",FALSE,"not_sampled","2026-09-18"
"bc89012",FALSE,"not_sampled","2026-09-18"
"bc89013",FALSE,"not_sampled","2026-09-18"
"bc89014",FALSE,"not_sampled","2026-09-18"
"bc89015",FALSE,"not_sampled","2026-09-18"
"bc89016",FALSE,"not_sampled","2026-09-18"
"bc89017",FALSE,"not_sampled","2026-09-18"
"bc89018",FALSE,"not_sampled","2026-09-18"
"bc89019",FALSE,"not_sampled","2026-09-18"
"bc89020",FALSE,"not_sampled","2026-09-18"
"bc89021",FALSE,"not_sampled","2026-09-18"
"bc89022",FALSE,"not_sampled","2026-09-18"
"bc89023",FALSE,"not_sampled","2026-09-18"
"bc89024",FALSE,"not_sampled","2026-09-18"
"bc89025",FALSE,"not_sampled","2026-09-18"
"bc89026",FALSE,"not_sampled","2026-09-18"
"bc89027",FALSE,"one_qualifying_leg","2026-09-18"
"bc89028",FALSE,"not_sampled","2026-09-18"
"bc89029",FALSE,"not_sampled","2026-09-18"
"bc89030",FALSE,"not_sampled","2026-09-18"
"bc89031",FALSE,"not_sampled","2026-09-18"
"bc89032",FALSE,"not_sampled","2026-09-18"
"bc89033",FALSE,"not_sampled","2026-09-18"
"bc89034",FALSE,"not_sampled","2026-09-18"
"bc89035",FALSE,"not_sampled","2026-09-18"
"bc89036",FALSE,"not_sampled","2026-09-18"
"bc89037",FALSE,"not_sampled","2026-09-18"
"bc89038",FALSE,"not_sampled","2026-09-18"
"bc89039",FALSE,"not_sampled","2026-09-18"
"bc89040",FALSE,"not_sampled","2026-09-18"
"bc89041",FALSE,"not_sampled","2026-09-18"
"bc89042",FALSE,"not_sampled","2026-09-18"
"bc89043",FALSE,"not_sampled","2026-09-18"
"bc89044",FALSE,"not_sampled","2026-09-18"
"bc89045",FALSE,"not_sampled","2026-09-18"
"bc89046",FALSE,"single_direction","2026-09-18"
"bc89047",FALSE,"not_sampled","2026-09-18"
"bc89048",FALSE,"not_sampled","2026-09-18"
"bc89049",FALSE,"not_sampled","2026-09-18"
"bc89050",FALSE,"not_sampled","2026-09-18"
"bc89051",FALSE,"not_sampled","2026-09-18"
"bc89052",FALSE,"not_sampled","2026-09-18"
"bc89053",FALSE,"not_sampled","2026-09-18"
"bc89054",FALSE,"not_sampled","2026-09-18"
"bc89055",FALSE,"not_sampled","2026-09-18"
"bc89056",FALSE,"not_sampled","2026-09-18"
"bc89057",FALSE,"not_sampled","2026-09-18"
"bc89058",FALSE,"not_sampled","2026-09-18"
"bc89059",FALSE,"not_sampled","2026-09-18"
"bc89060",FALSE,"not_sampled","2026-09-18"
"bc89061",FALSE,"not_sampled","2026-09-18"
"bc89062",FALSE,"not_sampled","2026-09-18"
"bc89063",FALSE,"not_sampled","2026-09-18"
"bc89064",FALSE,"not_sampled","2026-09-18"
"bc89065",FALSE,"not_sampled","2026-09-18"
"bc89066",FALSE,"not_sampled","2026-09-18"
"bc89068",FALSE,"not_sampled","2026-09-18"
"bc89069",FALSE,"not_sampled","2026-09-18"
"bc89070",FALSE,"not_sampled","2026-09-18"
"bc89071",FALSE,"not_sampled","2026-09-18"
"bc89072",FALSE,"not_sampled","2026-09-18"
"bc89073",FALSE,"not_sampled","2026-09-18"
"bc89074",FALSE,"not_sampled","2026-09-18"
"bc89075",FALSE,"not_sampled","2026-09-18"
"bc89076",FALSE,"not_sampled","2026-09-18"
"bc89077",FALSE,"not_sampled","2026-09-18"
"bc89078",FALSE,"not_sampled","2026-09-18"
"bc89079",FALSE,"not_sampled","2026-09-18"
"bc89080",FALSE,"not_sampled","2026-09-18"
"bc89081",FALSE,"not_sampled","2026-09-18"
"bc89082",FALSE,"not_sampled","2026-09-18"
"bc89083",FALSE,"not_sampled","2026-09-18"
"bcb00001",FALSE,"not_sampled","2026-09-18"
"bcb00002",FALSE,"not_sampled","2026-09-18"
"bcb00003",FALSE,"not_sampled","2026-09-18"
"bcb00004",FALSE,"not_sampled","2026-09-18"
"bcb00005",FALSE,"not_sampled","2026-09-18"
"bcb00006",FALSE,"not_sampled","2026-09-18"
"bcb00007",FALSE,"not_sampled","2026-09-18"
"bcb00008",FALSE,"not_sampled","2026-09-18"
"bcb00009",FALSE,"not_sampled","2026-09-18"
"bcb00010",FALSE,"not_sampled","2026-09-18"
"bcb00011",FALSE,"not_sampled","2026-09-18"
"bcb00012",FALSE,"not_sampled","2026-09-18"
"bcb00013",FALSE,"not_sampled","2026-09-18"
"bcb00014",FALSE,"not_sampled","2026-09-18"
"bcb00015",FALSE,"one_qualifying_leg","2026-09-18"
"bcb00020",FALSE,"not_sampled","2026-09-18"
"bcb00021",FALSE,"not_sampled","2026-09-18"
"bcb00022",FALSE,"not_sampled","2026-09-18"
"bcb00023",FALSE,"not_sampled","2026-09-18"
"bcb00024",FALSE,"not_sampled","2026-09-18"
"bcb00025",FALSE,"not_sampled","2026-09-18"
"bcb00026",FALSE,"not_sampled","2026-09-18"
"bcb00029",FALSE,"not_sampled","2026-09-18"
"bcb00030",FALSE,"not_sampled","2026-09-18"
"bcb00031",FALSE,"not_sampled","2026-09-18"
"bcb00032",FALSE,"not_sampled","2026-09-18"
"bcb00033",FALSE,"not_sampled","2026-09-18"
"bcb00034",FALSE,"not_sampled","2026-09-18"
"bcb00035",FALSE,"not_sampled","2026-09-18"
"bcb00036",FALSE,"not_sampled","2026-09-18"
"bcb00037",TRUE,"one_decisive_leg","2026-10-02"
"bcb00038",FALSE,"not_sampled","2026-09-18"
"bcb00039",FALSE,"not_sampled","2026-09-18"
"bcb00040",FALSE,"not_sampled","2026-09-18"
"bcb00041",FALSE,"not_sampled","2026-09-18"
"bcb00042",FALSE,"not_sampled","2026-09-18"
"bcb00043",FALSE,"not_sampled","2026-09-18"
"bcb01001",FALSE,"not_sampled","2026-09-18"
"bcb01002",FALSE,"not_sampled","2026-09-18"
"bcb01003",FALSE,"not_sampled","2026-09-18"
"bcb01004",FALSE,"not_sampled","2026-09-18"
"bcb01005",FALSE,"not_sampled","2026-09-18"
"bcb01006",FALSE,"not_sampled","2026-09-18"
"bcb01007",FALSE,"not_sampled","2026-09-18"
"bcb01008",FALSE,"not_sampled","2026-09-18"
"bcb01009",FALSE,"not_sampled","2026-09-18"
"bcb01010",FALSE,"not_sampled","2026-09-18"
"bcb01011",FALSE,"not_sampled","2026-09-18"
"bcb01012",FALSE,"not_sampled","2026-09-18"
"bcb01013",FALSE,"not_sampled","2026-09-18"
"bcb01014",FALSE,"not_sampled","2026-09-18"
"bcb01016",FALSE,"not_sampled","2026-09-18"
"bcb01017",FALSE,"not_sampled","2026-09-18"
"bcb01019",FALSE,"not_sampled","2026-09-18"
"bcb01020",FALSE,"not_sampled","2026-09-18"
"bcb01021",FALSE,"not_sampled","2026-09-18"
"bcb01022",FALSE,"not_sampled","2026-09-18"
"bcb01023",FALSE,"not_sampled","2026-09-18"
"bcb01024",FALSE,"not_sampled","2026-09-18"
"bcb01025",FALSE,"not_sampled","2026-09-18"
"bcb01026",FALSE,"not_sampled","2026-09-18"
"bcb01027",FALSE,"not_sampled","2026-09-18"
"bcb01029",FALSE,"not_sampled","2026-09-18"
"bcb01030",FALSE,"not_sampled","2026-09-18"
"bcb01031",FALSE,"not_sampled","2026-09-18"
"bcb01032",FALSE,"not_sampled","2026-09-18"
"bcb01033",FALSE,"not_sampled","2026-09-18"
"bcb01034",FALSE,"not_sampled","2026-09-18"
"bcb01035",FALSE,"not_sampled","2026-09-18"
"bcb01036",FALSE,"not_sampled","2026-09-18"
"bcb01037",FALSE,"not_sampled","2026-09-18"
"bcb03001",FALSE,"not_sampled","2026-09-18"
"bcb03002",FALSE,"not_sampled","2026-09-18"
"bcb03007",FALSE,"not_sampled","2026-09-18"
"bcb03008",FALSE,"not_sampled","2026-09-18"
"bcb03009",FALSE,"not_sampled","2026-09-18"
"bcb03010",FALSE,"not_sampled","2026-09-18"
"bcb04001",FALSE,"not_sampled","2026-09-18"
"bcb05001",TRUE,"one_decisive_leg","2026-10-02"
"bcb90001",FALSE,"not_sampled","2026-09-18"
"bcb90002",FALSE,"not_sampled","2026-09-18"
"bcb90003",FALSE,"not_sampled","2026-09-18"
"bcb90004",FALSE,"not_sampled","2026-09-18"
"bcb90005",FALSE,"not_sampled","2026-09-18"
"bcb90006",FALSE,"not_sampled","2026-09-18"
"bcb90007",FALSE,"not_sampled","2026-09-18"
"bcb90008",FALSE,"not_sampled","2026-09-18"
"bcb90009",FALSE,"not_sampled","2026-09-18"
"bcb90010",FALSE,"not_sampled","2026-09-18"
"bcb90011",FALSE,"not_sampled","2026-09-18"
"bcb90012",FALSE,"not_sampled","2026-09-18"
"bcb90013",FALSE,"not_sampled","2026-09-18"
"bcb90014",FALSE,"not_sampled","2026-09-18"
"bcb90015",FALSE,"not_sampled","2026-09-18"
"bcb90016",FALSE,"not_sampled","2026-09-18"
"bcb90017",FALSE,"not_sampled","2026-09-18"
"bcb90018",FALSE,"not_sampled","2026-09-18"
"bcb90019",FALSE,"not_sampled","2026-09-18"
"bcb90020",FALSE,"not_sampled","2026-09-18"
"bcb90021",FALSE,"not_sampled","2026-09-18"
"bcb90022",FALSE,"not_sampled","2026-09-18"
"bcb90023",FALSE,"not_sampled","2026-09-18"
"bcb90024",FALSE,"not_sampled","2026-09-18"
"bcb90025",FALSE,"not_sampled","2026-09-18"
"bcb90026",FALSE,"not_sampled","2026-09-18"
"bcb90027",FALSE,"not_sampled","2026-09-18"
"bcb90028",FALSE,"not_sampled","2026-09-18"
"bcb90029",FALSE,"not_sampled","2026-09-18"
"bcb90030",FALSE,"not_sampled","2026-09-18"
"bcb90031",FALSE,"not_sampled","2026-09-18"
"bcb90032",FALSE,"not_sampled","2026-09-18"
"bcb90033",FALSE,"not_sampled","2026-09-18"
"bcb90034",FALSE,"not_sampled","2026-09-18"
"bcb90035",FALSE,"not_sampled","2026-09-18"
"bcb90036",FALSE,"not_sampled","2026-09-18"
"bcb90037",FALSE,"not_sampled","2026-09-18"
"bcb90039",FALSE,"not_sampled","2026-09-18"
"bcb90040",FALSE,"not_sampled","2026-09-18"
"bcb90041",FALSE,"not_sampled","2026-09-18"
"bcb90042",FALSE,"not_sampled","2026-09-18"
"bcb90043",FALSE,"not_sampled","2026-09-18"
"bcb90044",FALSE,"not_sampled","2026-09-18"
"bcb90045",FALSE,"not_sampled","2026-09-18"
"bcb90046",FALSE,"not_sampled","2026-09-18"
"bcb90047",FALSE,"not_sampled","2026-09-18"
"bcb90048",FALSE,"not_sampled","2026-09-18"
"bcb90049",FALSE,"not_sampled","2026-09-18"
"bcb90050",FALSE,"not_sampled","2026-09-18"
"bcb90051",FALSE,"not_sampled","2026-09-18"
"bcb90052",FALSE,"not_sampled","2026-09-18"
"bcb90053",FALSE,"not_sampled","2026-09-18"
"bcb90054",FALSE,"not_sampled","2026-09-18"
"bcb90055",FALSE,"not_sampled","2026-09-18"
"bcb90056",FALSE,"not_sampled","2026-09-18"
"bcb90057",FALSE,"not_sampled","2026-09-18"
"bcb90058",FALSE,"not_sampled","2026-09-18"
"bcb90059",FALSE,"not_sampled","2026-09-18"
"bcb90060",FALSE,"not_sampled","2026-09-18"
"bcb90061",FALSE,"not_sampled","2026-09-18"
"bcb90062",FALSE,"not_sampled","2026-09-18"
"bcb90063",FALSE,"not_sampled","2026-09-18"
"bcb90064",FALSE,"not_sampled","2026-09-18"
"bcb90065",FALSE,"not_sampled","2026-09-18"
"bcb90066",FALSE,"not_sampled","2026-09-18"
"bcb90067",FALSE,"not_sampled","2026-09-18"
"bcb90068",FALSE,"not_sampled","2026-09-18"
"bcb90069",FALSE,"not_sampled","2026-09-18"
"bcb90070",FALSE,"not_sampled","2026-09-18"
"bcb90071",FALSE,"not_sampled","2026-09-18"
"bcb90072",FALSE,"not_sampled","2026-09-18"
"bcb90073",FALSE,"not_sampled","2026-09-18"
"bcb90074",FALSE,"not_sampled","2026-09-18"
"bcb90075",FALSE,"not_sampled","2026-09-18"
"bcb90076",FALSE,"not_sampled","2026-09-18"
"bcb90077",FALSE,"not_sampled","2026-09-18"
"bcb90078",FALSE,"not_sampled","2026-09-18"
"bcb90079",FALSE,"not_sampled","2026-09-18"
"bcb90080",FALSE,"not_sampled","2026-09-18"
"bcb90081",FALSE,"not_sampled","2026-09-18"
"bcb90082",FALSE,"not_sampled","2026-09-18"
"bcb90083",FALSE,"not_sampled","2026-09-18"
"bcb90084",FALSE,"not_sampled","2026-09-18"
"bcb90085",FALSE,"not_sampled","2026-09-18"
"bcb90086",FALSE,"not_sampled","2026-09-18"
"bcb90087",FALSE,"not_sampled","2026-09-18"
"bcb90088",FALSE,"not_sampled","2026-09-18"
"bcb90089",FALSE,"not_sampled","2026-09-18"
"bcb90090",FALSE,"not_sampled","2026-09-18"
"bcb90091",FALSE,"not_sampled","2026-09-18"
"bcb90092",FALSE,"not_sampled","2026-09-18"
"bcb90093",FALSE,"not_sampled","2026-09-18"
"bcb90094",FALSE,"not_sampled","2026-09-18"
"bcb90095",FALSE,"not_sampled","2026-09-18"
"bcb90096",FALSE,"not_sampled","2026-09-18"
"bcb90097",FALSE,"not_sampled","2026-09-18"
"bcb90098",FALSE,"not_sampled","2026-09-18"
"bcb90099",FALSE,"not_sampled","2026-09-18"
"bcb90100",FALSE,"not_sampled","2026-09-18"
"bcb90101",FALSE,"not_sampled","2026-09-18"
"bcb90102",FALSE,"not_sampled","2026-09-18"
"bcb90103",FALSE,"not_sampled","2026-09-18"
"bcb90104",FALSE,"not_sampled","2026-09-18"
"bcb90105",FALSE,"not_sampled","2026-09-18"
"bcb90106",FALSE,"not_sampled","2026-09-18"
"bcb90107",FALSE,"not_sampled","2026-09-18"
"bcb90108",FALSE,"not_sampled","2026-09-18"
"bcb90109",FALSE,"not_sampled","2026-09-18"
"bcb90110",FALSE,"not_sampled","2026-09-18"
"bcb90111",FALSE,"not_sampled","2026-09-18"
"bcb90112",FALSE,"not_sampled","2026-09-18"
"bcb90113",FALSE,"not_sampled","2026-09-18"
"bcb90114",FALSE,"not_sampled","2026-09-18"
"bcb90115",FALSE,"not_sampled","2026-09-18"
"bcb90116",FALSE,"not_sampled","2026-09-18"
"bcb90117",FALSE,"not_sampled","2026-09-18"
"bcb90118",FALSE,"not_sampled","2026-09-18"
"bcb90119",FALSE,"not_sampled","2026-09-18"
"bcb90120",FALSE,"not_sampled","2026-09-18"
"bcb90121",FALSE,"not_sampled","2026-09-18"
"bcb90122",FALSE,"not_sampled","2026-09-18"
"bcb90123",FALSE,"not_sampled","2026-09-18"
"bcb90124",FALSE,"not_sampled","2026-09-18"
"bcb90127",FALSE,"not_sampled","2026-09-18"
"bcb90128",FALSE,"not_sampled","2026-09-18"
"bcb90129",FALSE,"not_sampled","2026-09-18"
"bcb90130",FALSE,"not_sampled","2026-09-18"
"bcb90131",FALSE,"not_sampled","2026-09-18"
"bcb90132",FALSE,"not_sampled","2026-09-18"
"bcb90133",FALSE,"not_sampled","2026-09-18"
"bcb90134",FALSE,"not_sampled","2026-09-18"
"bcb90135",FALSE,"not_sampled","2026-09-18"
"bcb90141",FALSE,"not_sampled","2026-09-18"
"bcb90142",FALSE,"not_sampled","2026-09-18"
"bcb90143",FALSE,"not_sampled","2026-09-18"
"bcb90144",FALSE,"not_sampled","2026-09-18"
"bcb90145",FALSE,"not_sampled","2026-09-18"
"bcb90146",FALSE,"not_sampled","2026-09-18"
"bcb90147",FALSE,"not_sampled","2026-09-18"
"bcb90148",FALSE,"not_sampled","2026-09-18"
"bcb90149",FALSE,"not_sampled","2026-09-18"
"bcb90150",FALSE,"not_sampled","2026-09-18"
"bcb91002",FALSE,"not_sampled","2026-09-18"
"bcb91004",FALSE,"single_direction","2026-09-18"
"bcb91005",TRUE,"one_decisive_leg","2026-10-02"
"bcb91006",FALSE,"not_sampled","2026-09-18"
"bcb91007",FALSE,"not_sampled","2026-09-18"
"bcb91008",FALSE,"not_sampled","2026-09-18"
"bcb91009",FALSE,"not_sampled","2026-09-18"
"bcb91010",FALSE,"single_direction","2026-09-18"
"bcb91014",FALSE,"one_qualifying_leg","2026-09-18"
"bcb91016",FALSE,"single_direction","2026-09-18"
"bcb91018",FALSE,"not_sampled","2026-09-18"
"bcb91019",FALSE,"not_sampled","2026-09-18"
"bcb91020",FALSE,"not_sampled","2026-09-18"
"bcb91021",FALSE,"not_sampled","2026-09-18"
"bcb91022",FALSE,"not_sampled","2026-09-18"
"bcb91023",FALSE,"not_sampled","2026-09-18"
"bcb91024",FALSE,"not_sampled","2026-09-18"
"bcb91025",FALSE,"not_sampled","2026-09-18"
"bcb91027",FALSE,"not_sampled","2026-09-18"
"bcb91031",FALSE,"not_sampled","2026-09-18"
"bcb91032",FALSE,"not_sampled","2026-09-18"
"bcb91033",FALSE,"not_sampled","2026-09-18"
"bcb91034",FALSE,"not_sampled","2026-09-18"
"bcb91035",FALSE,"not_sampled","2026-09-18"
"bcb91036",FALSE,"not_sampled","2026-09-18"
"bcb91037",FALSE,"not_sampled","2026-09-18"
"bcb91038",FALSE,"not_sampled","2026-09-18"
"bcb91039",FALSE,"not_sampled","2026-09-18"
"bcb91040",FALSE,"not_sampled","2026-09-18"
"bcb91041",FALSE,"not_sampled","2026-09-18"
"bcb91046",FALSE,"not_sampled","2026-09-18"
"bcb91047",FALSE,"not_sampled","2026-09-18"
"bcb91048",FALSE,"not_sampled","2026-09-18"
"bcb91051",FALSE,"not_sampled","2026-09-18"
"bcb91052",FALSE,"not_sampled","2026-09-18"
"bcb91055",FALSE,"not_sampled","2026-09-18"
"bcb91056",FALSE,"not_sampled","2026-09-18"
"bcb91057",FALSE,"not_sampled","2026-09-18"
"bcb91058",FALSE,"not_sampled","2026-09-18"
"bcb91059",FALSE,"not_sampled","2026-09-18"
"bcb91060",FALSE,"not_sampled","2026-09-18"
"bcb91061",FALSE,"not_sampled","2026-09-18"
"bcb91062",FALSE,"not_sampled","2026-09-18"
"bcb91063",FALSE,"not_sampled","2026-09-18"
"bcb91064",FALSE,"not_sampled","2026-09-18"
"bcb91065",FALSE,"not_sampled","2026-09-18"
"bcb91066",FALSE,"not_sampled","2026-09-18"
"bcb91067",FALSE,"not_sampled","2026-09-18"
"bcb91068",FALSE,"not_sampled","2026-09-18"
"bcb91069",FALSE,"not_sampled","2026-09-18"
"bcb91079",FALSE,"not_sampled","2026-09-18"
"bcb91080",FALSE,"not_sampled","2026-09-18"
"bcb91081",FALSE,"not_sampled","2026-09-18"
"bcb91082",FALSE,"not_sampled","2026-09-18"
"bcb91083",FALSE,"not_sampled","2026-09-18"
"bcb91085",FALSE,"not_sampled","2026-09-18"
"bcb91086",FALSE,"not_sampled","2026-09-18"
"bcb91087",FALSE,"not_sampled","2026-09-18"
"bcb91088",FALSE,"not_sampled","2026-09-18"
"bcb91089",FALSE,"not_sampled","2026-09-18"
"bcb91090",FALSE,"not_sampled","2026-09-18"
"bcb91093",FALSE,"not_sampled","2026-09-18"
"bcb91094",FALSE,"not_sampled","2026-09-18"
"bcb91095",FALSE,"not_sampled","2026-09-18"
"bcb91096",FALSE,"not_sampled","2026-09-18"
"bcb91097",FALSE,"not_sampled","2026-09-18"
"bcb91098",FALSE,"not_sampled","2026-09-18"
"bcb91099",FALSE,"not_sampled","2026-09-18"
"bcb91100",FALSE,"not_sampled","2026-09-18"
"bcb91101",FALSE,"not_sampled","2026-09-18"
"bcb91102",FALSE,"not_sampled","2026-09-18"
"bcb91103",FALSE,"not_sampled","2026-09-18"
"bcb91104",FALSE,"not_sampled","2026-09-18"
"bcb91105",FALSE,"not_sampled","2026-09-18"
"bcb91117",FALSE,"not_sampled","2026-09-18"
"bcb91118",FALSE,"not_sampled","2026-09-18"
"bcb91119",FALSE,"not_sampled","2026-09-18"
"bcb91120",FALSE,"not_sampled","2026-09-18"
"bcb91121",FALSE,"not_sampled","2026-09-18"
"bcb91127",FALSE,"not_sampled","2026-09-18"
"bcb91133",FALSE,"not_sampled","2026-09-18"
"bcb91146",FALSE,"not_sampled","2026-09-18"
"bcb91153",FALSE,"not_sampled","2026-09-18"
"bcb91154",FALSE,"one_qualifying_leg","2026-09-18"
"bcb91157",FALSE,"not_sampled","2026-09-18"
"bcb91159",FALSE,"not_sampled","2026-09-18"
"bcb91160",FALSE,"not_sampled","2026-09-18"
"bcb91161",FALSE,"not_sampled","2026-09-18"
"bcb91162",FALSE,"not_sampled","2026-09-18"
"bcb92001",FALSE,"not_sampled","2026-09-18"
"bcb92002",FALSE,"not_sampled","2026-09-18"
"bcb92003",FALSE,"not_sampled","2026-09-18"
"bcb92004",FALSE,"not_sampled","2026-09-18"
"bcb92005",FALSE,"not_sampled","2026-09-18"
"bcb92006",FALSE,"not_sampled","2026-09-18"
"bcb92008",FALSE,"not_sampled","2026-09-18"
"bcb92009",FALSE,"not_sampled","2026-09-18"
"bcb92010",FALSE,"not_sampled","2026-09-18"
"bcb92011",FALSE,"not_sampled","2026-09-18"
"bcb92013",FALSE,"not_sampled","2026-09-18"
"bcb92014",FALSE,"not_sampled","2026-09-18"
"bcb92015",FALSE,"not_sampled","2026-09-18"
"bcb92016",FALSE,"not_sampled","2026-09-18"
"bcb92017",FALSE,"not_sampled","2026-09-18"
"bcb92018",FALSE,"not_sampled","2026-09-18"
"bcb92019",FALSE,"not_sampled","2026-09-18"
"bcb92020",FALSE,"not_sampled","2026-09-18"
"bcb92021",FALSE,"not_sampled","2026-09-18"
"bcb92022",FALSE,"not_sampled","2026-09-18"
"bcb92023",FALSE,"not_sampled","2026-09-18"
"bcb92024",FALSE,"not_sampled","2026-09-18"
"bcb92025",FALSE,"not_sampled","2026-09-18"
"bcb92026",FALSE,"not_sampled","2026-09-18"
"bcb92027",FALSE,"not_sampled","2026-09-18"
"bcb92028",FALSE,"not_sampled","2026-09-18"
"bcb92029",FALSE,"not_sampled","2026-09-18"
"bcb92030",FALSE,"not_sampled","2026-09-18"
"bcb92031",FALSE,"not_sampled","2026-09-18"
"bcb92032",FALSE,"not_sampled","2026-09-18"
"bcb92033",FALSE,"not_sampled","2026-09-18"
"bcb92034",FALSE,"not_sampled","2026-09-18"
"bcb92035",FALSE,"not_sampled","2026-09-18"
"bcb92036",FALSE,"not_sampled","2026-09-18"
"bcb92037",FALSE,"not_sampled","2026-09-18"
"bcb92038",FALSE,"not_sampled","2026-09-18"
"bcb92039",FALSE,"not_sampled","2026-09-18"
"bcb92040",FALSE,"not_sampled","2026-09-18"
"bcb92041",FALSE,"not_sampled","2026-09-18"
"bcb92042",FALSE,"not_sampled","2026-09-18"
"bcb92043",FALSE,"not_sampled","2026-09-18"
"bcb92044",FALSE,"not_sampled","2026-09-18"
"bcb92045",FALSE,"not_sampled","2026-09-18"
"bcb92046",FALSE,"not_sampled","2026-09-18"
"bcb92047",FALSE,"not_sampled","2026-09-18"
"bcb92048",FALSE,"not_sampled","2026-09-18"
"bcb92049",FALSE,"not_sampled","2026-09-18"
"bcb92050",FALSE,"not_sampled","2026-09-18"
"bcb92051",FALSE,"not_sampled","2026-09-18"
"bcb92052",FALSE,"not_sampled","2026-09-18"
"bcb92053",FALSE,"not_sampled","2026-09-18"
"bcb92054",FALSE,"not_sampled","2026-09-18"
"bcb92055",FALSE,"not_sampled","2026-09-18"
"bcb92056",FALSE,"not_sampled","2026-09-18"
"bcb92057",FALSE,"not_sampled","2026-09-18"
"bcb92058",FALSE,"not_sampled","2026-09-18"
"bcb92059",FALSE,"not_sampled","2026-09-18"
"bcb92060",FALSE,"not_sampled","2026-09-18"
"bcb92061",FALSE,"not_sampled","2026-09-18"
"bcb92062",FALSE,"not_sampled","2026-09-18"
"bcb92063",FALSE,"not_sampled","2026-09-18"
"bcb92064",FALSE,"not_sampled","2026-09-18"
"bcb92065",FALSE,"not_sampled","2026-09-18"
"bcb92066",FALSE,"not_sampled","2026-09-18"
"bcb92067",FALSE,"not_sampled","2026-09-18"
"bcb92068",FALSE,"not_sampled","2026-09-18"
"bcb92069",FALSE,"not_sampled","2026-09-18"
"bcb92070",FALSE,"not_sampled","2026-09-18"
"bcb92071",FALSE,"not_sampled","2026-09-18"
"bcb92072",FALSE,"not_sampled","2026-09-18"
"bcb92073",FALSE,"not_sampled","2026-09-18"
"bcb92074",FALSE,"not_sampled","2026-09-18"
"bcb92075",FALSE,"not_sampled","2026-09-18"
"bcb92076",FALSE,"not_sampled","2026-09-18"
"bcb92077",FALSE,"not_sampled","2026-09-18"
"bcb92078",FALSE,"not_sampled","2026-09-18"
"bcb92079",FALSE,"not_sampled","2026-09-18"
"bcb92080",FALSE,"not_sampled","2026-09-18"
"bcb92081",FALSE,"not_sampled","2026-09-18"
"bcb92082",FALSE,"not_sampled","2026-09-18"
"bcb92083",FALSE,"not_sampled","2026-09-18"
"bcb92084",FALSE,"not_sampled","2026-09-18"
"bcb92085",FALSE,"not_sampled","2026-09-18"
"bcb92086",FALSE,"not_sampled","2026-09-18"
"bcb92087",FALSE,"not_sampled","2026-09-18"
"bcb92088",FALSE,"not_sampled","2026-09-18"
"bcb92089",FALSE,"not_sampled","2026-09-18"
"bcb92090",FALSE,"not_sampled","2026-09-18"
"bcb92091",FALSE,"not_sampled","2026-09-18"
"bcb92092",FALSE,"not_sampled","2026-09-18"
"bcb92093",FALSE,"not_sampled","2026-09-18"
"bcb92094",FALSE,"not_sampled","2026-09-18"
"bcb92095",FALSE,"not_sampled","2026-09-18"
"bcb92096",FALSE,"not_sampled","2026-09-18"
"bcb92097",FALSE,"not_sampled","2026-09-18"
"bcb92098",FALSE,"not_sampled","2026-09-18"
"bcb92099",FALSE,"not_sampled","2026-09-18"
"bcb92100",FALSE,"not_sampled","2026-09-18"
"bcb92101",FALSE,"not_sampled","2026-09-18"
"bcb92102",FALSE,"not_sampled","2026-09-18"
"bcb92103",FALSE,"not_sampled","2026-09-18"
"bcb92104",FALSE,"not_sampled","2026-09-18"
"bcb92105",FALSE,"not_sampled","2026-09-18"
"bcb92106",FALSE,"not_sampled","2026-09-18"
"bcb92107",FALSE,"not_sampled","2026-09-18"
"bcb92108",FALSE,"not_sampled","2026-09-18"
"bcb92109",FALSE,"not_sampled","2026-09-18"
"bcb92110",FALSE,"not_sampled","2026-09-18"
"bcb92111",FALSE,"not_sampled","2026-09-18"
"bcb92112",FALSE,"not_sampled","2026-09-18"
"bcb92113",FALSE,"not_sampled","2026-09-18"
"bcb92114",FALSE,"not_sampled","2026-09-18"
"bcb92115",FALSE,"not_sampled","2026-09-18"
"bcb92116",FALSE,"not_sampled","2026-09-18"
"bcb92117",FALSE,"not_sampled","2026-09-18"
"bcb92118",FALSE,"not_sampled","2026-09-18"
"bcb92119",FALSE,"not_sampled","2026-09-18"
"bcb92120",FALSE,"not_sampled","2026-09-18"
"bcb92121",FALSE,"not_sampled","2026-09-18"
"bcb92122",FALSE,"not_sampled","2026-09-18"
"bcb92123",FALSE,"not_sampled","2026-09-18"
"bcb92124",FALSE,"not_sampled","2026-09-18"
"bcb92125",FALSE,"not_sampled","2026-09-18"
"bcb92126",FALSE,"not_sampled","2026-09-18"
"bcb92127",FALSE,"not_sampled","2026-09-18"
"bcb92128",FALSE,"not_sampled","2026-09-18"
"bcb92129",FALSE,"not_sampled","2026-09-18"
"bcb92130",FALSE,"not_sampled","2026-09-18"
"bcb92131",FALSE,"not_sampled","2026-09-18"
"bcb92132",FALSE,"not_sampled","2026-09-18"
"bcb92133",FALSE,"not_sampled","2026-09-18"
"bcb92134",FALSE,"not_sampled","2026-09-18"
"bcb92135",FALSE,"not_sampled","2026-09-18"
"bcb92136",FALSE,"not_sampled","2026-09-18"
"bcb92137",FALSE,"not_sampled","2026-09-18"
"bcb92138",FALSE,"not_sampled","2026-09-18"
"bcb92139",FALSE,"not_sampled","2026-09-18"
"bcb92140",FALSE,"not_sampled","2026-09-18"
"bcb92141",FALSE,"not_sampled","2026-09-18"
"bcb93001",FALSE,"not_sampled","2026-09-18"
"bcb93002",FALSE,"not_sampled","2026-09-18"
"bcb93003",FALSE,"not_sampled","2026-09-18"
"bcb93004",FALSE,"not_sampled","2026-09-18"
"bcb93005",FALSE,"single_direction","2026-09-18"
"bcb93006",FALSE,"not_sampled","2026-09-18"
"bcb93007",FALSE,"not_sampled","2026-09-18"
"bcb93008",FALSE,"not_sampled","2026-09-18"
"bcb93009",FALSE,"not_sampled","2026-09-18"
"bcb93010",FALSE,"not_sampled","2026-09-18"
"bcb93011",FALSE,"not_sampled","2026-09-18"
"bcb93012",FALSE,"not_sampled","2026-09-18"
"bcb93013",FALSE,"not_sampled","2026-09-18"
"bcb93015",FALSE,"not_sampled","2026-09-18"
"bcb93016",FALSE,"not_sampled","2026-09-18"
"bcb93017",FALSE,"not_sampled","2026-09-18"
"bcb93018",FALSE,"not_sampled","2026-09-18"
"bcb93019",FALSE,"not_sampled","2026-09-18"
"bcb93020",FALSE,"not_sampled","2026-09-18"
"bcb93021",FALSE,"not_sampled","2026-09-18"
"bcb93022",FALSE,"not_sampled","2026-09-18"
"bcb93023",FALSE,"not_sampled","2026-09-18"
"bcb93024",FALSE,"not_sampled","2026-09-18"
"bcb93025",FALSE,"not_sampled","2026-09-18"
"bcb93026",FALSE,"not_sampled","2026-09-18"
"bcb93027",FALSE,"not_sampled","2026-09-18"
"bcb93028",FALSE,"not_sampled","2026-09-18"
"bcb93029",FALSE,"not_sampled","2026-09-18"
"bcb93030",FALSE,"not_sampled","2026-09-18"
"bcb93031",FALSE,"not_sampled","2026-09-18"
"bcb93032",FALSE,"not_sampled","2026-09-18"
"bcb93033",FALSE,"not_sampled","2026-09-18"
"bcb93034",FALSE,"not_sampled","2026-09-18"
"bcb93035",FALSE,"not_sampled","2026-09-18"
"bcb93036",FALSE,"not_sampled","2026-09-18"
"bcb93037",FALSE,"not_sampled","2026-09-18"
"bcb93038",FALSE,"not_sampled","2026-09-18"
"bcb93039",FALSE,"not_sampled","2026-09-18"
"bcb93040",FALSE,"not_sampled","2026-09-18"
"bcb93041",FALSE,"not_sampled","2026-09-18"
"bcb93042",FALSE,"not_sampled","2026-09-18"
"bcb93043",FALSE,"single_direction","2026-09-18"
"bcb93046",FALSE,"not_sampled","2026-09-18"
"bcb93047",FALSE,"not_sampled","2026-09-18"
"bcb93048",FALSE,"not_sampled","2026-09-18"
"bcb93049",FALSE,"not_sampled","2026-09-18"
"bcb93050",FALSE,"not_sampled","2026-09-18"
"bcb93051",FALSE,"not_sampled","2026-09-18"
"bcb93052",FALSE,"not_sampled","2026-09-18"
"bcb93053",FALSE,"not_sampled","2026-09-18"
"bcb93054",FALSE,"not_sampled","2026-09-18"
"bcb93055",FALSE,"not_sampled","2026-09-18"
"bcb93056",FALSE,"not_sampled","2026-09-18"
"bcb93057",FALSE,"not_sampled","2026-09-18"
"bcb93058",FALSE,"not_sampled","2026-09-18"
"bcb93059",FALSE,"not_sampled","2026-09-18"
"bcb93060",FALSE,"not_sampled","2026-09-18"
"bcb93061",FALSE,"not_sampled","2026-09-18"
"bcb93062",FALSE,"not_sampled","2026-09-18"
"bcb93063",FALSE,"not_sampled","2026-09-18"
"bcb93064",FALSE,"not_sampled","2026-09-18"
"bcb93065",FALSE,"not_sampled","2026-09-18"
"bcb93066",FALSE,"not_sampled","2026-09-18"
"bcb93067",FALSE,"not_sampled","2026-09-18"
"bcb93068",FALSE,"not_sampled","2026-09-18"
"bcb93069",FALSE,"not_sampled","2026-09-18"
"bcb93070",FALSE,"not_sampled","2026-09-18"
"bcb93071",FALSE,"not_sampled","2026-09-18"
"bcb93072",FALSE,"not_sampled","2026-09-18"
"bcb93073",FALSE,"not_sampled","2026-09-18"
"bcb93074",FALSE,"not_sampled","2026-09-18"
"bcb93075",FALSE,"not_sampled","2026-09-18"
"bcb93076",FALSE,"not_sampled","2026-09-18"
"bcb93077",FALSE,"not_sampled","2026-09-18"
"bcb93078",FALSE,"not_sampled","2026-09-18"
"bcb93079",FALSE,"not_sampled","2026-09-18"
"bcb93080",FALSE,"not_sampled","2026-09-18"
"bcb93081",FALSE,"not_sampled","2026-09-18"
"bcb93082",FALSE,"not_sampled","2026-09-18"
"bcb93083",FALSE,"not_sampled","2026-09-18"
"bcb93084",FALSE,"not_sampled","2026-09-18"
"bcb93085",FALSE,"not_sampled","2026-09-18"
"bcb93086",FALSE,"not_sampled","2026-09-18"
"bcb93087",FALSE,"not_sampled","2026-09-18"
"bcb93088",FALSE,"not_sampled","2026-09-18"
"bcb93089",FALSE,"not_sampled","2026-09-18"
"bcb93090",FALSE,"not_sampled","2026-09-18"
"bcb93091",FALSE,"not_sampled","2026-09-18"
"bcb93092",FALSE,"one_qualifying_leg","2026-09-18"
"bcb93093",FALSE,"not_sampled","2026-09-18"
"bcb93094",FALSE,"not_sampled","2026-09-18"
"bcb93095",FALSE,"not_sampled","2026-09-18"
"bcb93096",FALSE,"not_sampled","2026-09-18"
"bcb93097",FALSE,"not_sampled","2026-09-18"
"bcb93098",FALSE,"not_sampled","2026-09-18"
"bcb93099",FALSE,"not_sampled","2026-09-18"
"bcb94001",FALSE,"not_sampled","2026-09-18"
"bcb94002",FALSE,"not_sampled","2026-09-18"
"bcb94003",FALSE,"not_sampled","2026-09-18"
"bcb94004",FALSE,"not_sampled","2026-09-18"
"bcb94006",FALSE,"not_sampled","2026-09-18"
"bcb94007",FALSE,"not_sampled","2026-09-18"
"bcb94008",FALSE,"not_sampled","2026-09-18"
"bcb94009",FALSE,"not_sampled","2026-09-18"
"bcb94010",FALSE,"not_sampled","2026-09-18"
"bcb94011",FALSE,"not_sampled","2026-09-18"
"bcb94012",FALSE,"not_sampled","2026-09-18"
"bcb94013",FALSE,"not_sampled","2026-09-18"
"bcb94014",FALSE,"not_sampled","2026-09-18"
"bcb94015",FALSE,"not_sampled","2026-09-18"
"bcb94016",FALSE,"single_direction","2026-09-18"
"bcb94017",FALSE,"not_sampled","2026-09-18"
"bcb94018",FALSE,"not_sampled","2026-09-18"
"bcb94019",FALSE,"not_sampled","2026-09-18"
"bcb94020",FALSE,"not_sampled","2026-09-18"
"bcb94021",FALSE,"not_sampled","2026-09-18"
"bcb94022",TRUE,"one_decisive_leg","2026-10-02"
"bcb94023",FALSE,"not_sampled","2026-09-18"
"bcb94024",FALSE,"not_sampled","2026-09-18"
"bcb94025",FALSE,"not_sampled","2026-09-18"
"bcb94026",FALSE,"not_sampled","2026-09-18"
"bcb94027",FALSE,"not_sampled","2026-09-18"
"bcb94028",FALSE,"not_sampled","2026-09-18"
"bcb94029",FALSE,"not_sampled","2026-09-18"
"bcb94030",FALSE,"not_sampled","2026-09-18"
"bcb94031",FALSE,"single_direction","2026-09-18"
"bcb94032",FALSE,"not_sampled","2026-09-18"
"bcb94033",FALSE,"not_sampled","2026-09-18"
"bcb94034",FALSE,"not_sampled","2026-09-18"
"bcb94035",FALSE,"not_sampled","2026-09-18"
"bcb94036",FALSE,"not_sampled","2026-09-18"
"bcb94037",FALSE,"not_sampled","2026-09-18"
"bcb94038",FALSE,"not_sampled","2026-09-18"
"bcb94039",FALSE,"not_sampled","2026-09-18"
"bcb94040",FALSE,"not_sampled","2026-09-18"
"bcb94041",FALSE,"not_sampled","2026-09-18"
"bcb94042",FALSE,"not_sampled","2026-09-18"
"bcb94043",FALSE,"not_sampled","2026-09-18"
"bcb94044",FALSE,"not_sampled","2026-09-18"
"bcb94045",FALSE,"not_sampled","2026-09-18"
"bcb94046",FALSE,"not_sampled","2026-09-18"
"bcb94047",FALSE,"not_sampled","2026-09-18"
"bcb94048",FALSE,"not_sampled","2026-09-18"
"bcb94049",FALSE,"not_sampled","2026-09-18"
"bcb94050",FALSE,"not_sampled","2026-09-18"
"bcb94051",FALSE,"not_sampled","2026-09-18"
"bcb94052",FALSE,"not_sampled","2026-09-18"
"bcb94053",FALSE,"not_sampled","2026-09-18"
"bcb94054",FALSE,"not_sampled","2026-09-18"
"bcb94055",FALSE,"not_sampled","2026-09-18"
"bcb94056",FALSE,"not_sampled","2026-09-18"
"bcb94057",FALSE,"not_sampled","2026-09-18"
"bcb94058",FALSE,"not_sampled","2026-09-18"
"bcb94059",FALSE,"not_sampled","2026-09-18"
"bcb94060",FALSE,"not_sampled","2026-09-18"
"bcb94061",FALSE,"not_sampled","2026-09-18"
"bcb94062",FALSE,"not_sampled","2026-09-18"
"bcb94063",FALSE,"not_sampled","2026-09-18"
"bcb94064",FALSE,"not_sampled","2026-09-18"
"bcb94065",FALSE,"not_sampled","2026-09-18"
"bcb94066",FALSE,"not_sampled","2026-09-18"
"bcb94067",FALSE,"not_sampled","2026-09-18"
"bcb94068",FALSE,"not_sampled","2026-09-18"
"bcb94070",FALSE,"not_sampled","2026-09-18"
"bcb94071",FALSE,"not_sampled","2026-09-18"
"bcb94072",FALSE,"not_sampled","2026-09-18"
"bcb94076",FALSE,"not_sampled","2026-09-18"
"bcb94077",FALSE,"not_sampled","2026-09-18"
"bcb94078",FALSE,"not_sampled","2026-09-18"
"bcb94079",FALSE,"not_sampled","2026-09-18"
"bcb94080",FALSE,"not_sampled","2026-09-18"
"bcb94081",FALSE,"not_sampled","2026-09-18"
"bcb94082",FALSE,"not_sampled","2026-09-18"
"bcb94083",FALSE,"not_sampled","2026-09-18"
"bcb94084",FALSE,"not_sampled","2026-09-18"
"bcb94085",FALSE,"not_sampled","2026-09-18"
"bcb94086",FALSE,"not_sampled","2026-09-18"
"bcb94087",FALSE,"not_sampled","2026-09-18"
"bcb94088",FALSE,"not_sampled","2026-09-18"
"bcb94089",FALSE,"not_sampled","2026-09-18"
"bcb94090",FALSE,"not_sampled","2026-09-18"
"bcb94091",FALSE,"not_sampled","2026-09-18"
"bcb94093",FALSE,"not_sampled","2026-09-18"
"bcb94094",FALSE,"not_sampled","2026-09-18"
"bcb94095",FALSE,"not_sampled","2026-09-18"
"bcb94096",FALSE,"not_sampled","2026-09-18"
"bcb94097",FALSE,"not_sampled","2026-09-18"
"bcb95001",FALSE,"not_sampled","2026-09-18"
"bcb95002",FALSE,"not_sampled","2026-09-18"
"bcb95003",FALSE,"not_sampled","2026-09-18"
"bcb95004",FALSE,"not_sampled","2026-09-18"
"bcb95005",FALSE,"not_sampled","2026-09-18"
"bcb95006",FALSE,"not_sampled","2026-09-18"
"bcb95007",FALSE,"not_sampled","2026-09-18"
"bcb95008",FALSE,"not_sampled","2026-09-18"
"bcb95009",FALSE,"not_sampled","2026-09-18"
"bcb95010",FALSE,"not_sampled","2026-09-18"
"bcb95011",FALSE,"not_sampled","2026-09-18"
"bcb95012",FALSE,"not_sampled","2026-09-18"
"bcb95013",FALSE,"not_sampled","2026-09-18"
"bcb95014",FALSE,"not_sampled","2026-09-18"
"bcb95018",FALSE,"not_sampled","2026-09-18"
"bcb95023",FALSE,"not_sampled","2026-09-18"
"bcb95024",FALSE,"not_sampled","2026-09-18"
"bcb95025",FALSE,"single_direction","2026-09-18"
"bcb95026",FALSE,"not_sampled","2026-09-18"
"bcb95027",FALSE,"not_sampled","2026-09-18"
"bcb95028",FALSE,"not_sampled","2026-09-18"
"bcb95029",FALSE,"not_sampled","2026-09-18"
"bcb95030",FALSE,"not_sampled","2026-09-18"
"bcb95031",FALSE,"not_sampled","2026-09-18"
"bcb95032",FALSE,"not_sampled","2026-09-18"
"bcb95033",FALSE,"not_sampled","2026-09-18"
"bcb95034",FALSE,"not_sampled","2026-09-18"
"bcb95035",FALSE,"not_sampled","2026-09-18"
"bcb95036",FALSE,"not_sampled","2026-09-18"
"bcb95037",FALSE,"not_sampled","2026-09-18"
"bcb95038",FALSE,"not_sampled","2026-09-18"
"bcb95039",FALSE,"not_sampled","2026-09-18"
"bcb95040",FALSE,"not_sampled","2026-09-18"
"bcb95041",FALSE,"not_sampled","2026-09-18"
"bcb95042",FALSE,"not_sampled","2026-09-18"
"bcb95043",FALSE,"not_sampled","2026-09-18"
"bcb95044",FALSE,"not_sampled","2026-09-18"
"bcb95045",FALSE,"not_sampled","2026-09-18"
"bcb95046",FALSE,"not_sampled","2026-09-18"
"bcb95047",FALSE,"not_sampled","2026-09-18"
"bcb95048",FALSE,"not_sampled","2026-09-18"
"bcb95049",FALSE,"not_sampled","2026-09-18"
"bcb95050",FALSE,"not_sampled","2026-09-18"
"bcb95051",FALSE,"not_sampled","2026-09-18"
"bcb95052",FALSE,"not_sampled","2026-09-18"
"bcb95053",FALSE,"not_sampled","2026-09-18"
"bcb95054",FALSE,"not_sampled","2026-09-18"
"bcb95055",FALSE,"not_sampled","2026-09-18"
"bcb95056",FALSE,"not_sampled","2026-09-18"
"bcb95057",FALSE,"not_sampled","2026-09-18"
"bcb95058",FALSE,"not_sampled","2026-09-18"
"bcb95059",FALSE,"not_sampled","2026-09-18"
"bcb95060",FALSE,"not_sampled","2026-09-18"
"bcb95061",FALSE,"not_sampled","2026-09-18"
"bcb95062",FALSE,"not_sampled","2026-09-18"
"bcb95064",FALSE,"not_sampled","2026-09-18"
"bcb95066",FALSE,"not_sampled","2026-09-18"
"bcb95067",FALSE,"not_sampled","2026-09-18"
"bcb95068",FALSE,"not_sampled","2026-09-18"
"bcb95069",FALSE,"not_sampled","2026-09-18"
"bcb95070",FALSE,"not_sampled","2026-09-18"
"bcb95071",FALSE,"not_sampled","2026-09-18"
"bcb95072",FALSE,"not_sampled","2026-09-18"
"bcb95073",FALSE,"not_sampled","2026-09-18"
"bcb95074",FALSE,"not_sampled","2026-09-18"
"bcb95075",FALSE,"not_sampled","2026-09-18"
"bcb95076",FALSE,"not_sampled","2026-09-18"
"bcb95077",FALSE,"not_sampled","2026-09-18"
"bcb95078",FALSE,"not_sampled","2026-09-18"
"bcb95079",FALSE,"not_sampled","2026-09-18"
"bcb95080",FALSE,"not_sampled","2026-09-18"
"bcb95081",FALSE,"not_sampled","2026-09-18"
"bcb95082",FALSE,"not_sampled","2026-09-18"
"bcb95083",FALSE,"not_sampled","2026-09-18"
"bcb95084",FALSE,"not_sampled","2026-09-18"
"bcb95085",FALSE,"not_sampled","2026-09-18"
"bcb95086",FALSE,"not_sampled","2026-09-18"
"bcb95087",FALSE,"not_sampled","2026-09-18"
"bcb95088",FALSE,"not_sampled","2026-09-18"
"bcb95090",FALSE,"not_sampled","2026-09-18"
"bcb95091",FALSE,"not_sampled","2026-09-18"
"bcb95092",FALSE,"not_sampled","2026-09-18"
"bcb95093",FALSE,"not_sampled","2026-09-18"
"bcb95094",FALSE,"not_sampled","2026-09-18"
"bcb95095",FALSE,"not_sampled","2026-09-18"
"bcb95096",FALSE,"not_sampled","2026-09-18"
"bcb95097",FALSE,"not_sampled","2026-09-18"
"bcb95098",FALSE,"not_sampled","2026-09-18"
"bcb95099",FALSE,"not_sampled","2026-09-18"
"bcb95100",FALSE,"not_sampled","2026-09-18"
"bcb95101",FALSE,"not_sampled","2026-09-18"
"bcb95102",FALSE,"not_sampled","2026-09-18"
"bcb95103",FALSE,"not_sampled","2026-09-18"
"bcb95104",FALSE,"not_sampled","2026-09-18"
"bcb95105",FALSE,"not_sampled","2026-09-18"
"bcb95106",FALSE,"not_sampled","2026-09-18"
"bcb95107",FALSE,"not_sampled","2026-09-18"
"bcb95108",FALSE,"not_sampled","2026-09-18"
"bcb95109",FALSE,"not_sampled","2026-09-18"
"bcb95110",FALSE,"not_sampled","2026-09-18"
"bcb95111",FALSE,"not_sampled","2026-09-18"
"bcb95112",FALSE,"not_sampled","2026-09-18"
"bcb95113",FALSE,"not_sampled","2026-09-18"
"bcb95114",FALSE,"not_sampled","2026-09-18"
"bcb95115",FALSE,"not_sampled","2026-09-18"
"bcb95116",FALSE,"not_sampled","2026-09-18"
"bcb95117",FALSE,"not_sampled","2026-09-18"
"bcb95118",FALSE,"not_sampled","2026-09-18"
"bcb95119",FALSE,"not_sampled","2026-09-18"
"bcb95120",FALSE,"not_sampled","2026-09-18"
"bcb95121",FALSE,"not_sampled","2026-09-18"
"bcb95122",FALSE,"single_direction","2026-09-18"
"bcb96001",FALSE,"not_sampled","2026-09-18"
"bcb96002",FALSE,"not_sampled","2026-09-18"
"bcb96003",FALSE,"not_sampled","2026-09-18"
"bcb96004",FALSE,"not_sampled","2026-09-18"
"bcb96005",FALSE,"not_sampled","2026-09-18"
"bcb96006",FALSE,"not_sampled","2026-09-18"
"bcb96007",FALSE,"not_sampled","2026-09-18"
"bcb96008",FALSE,"not_sampled","2026-09-18"
"bcb96009",FALSE,"not_sampled","2026-09-18"
"bcb96010",FALSE,"not_sampled","2026-09-18"
"bcb96011",FALSE,"not_sampled","2026-09-18"
"bcb96012",FALSE,"not_sampled","2026-09-18"
"bcb96013",FALSE,"not_sampled","2026-09-18"
"bcb96014",FALSE,"not_sampled","2026-09-18"
"bcb96015",FALSE,"not_sampled","2026-09-18"
"bcb96016",FALSE,"not_sampled","2026-09-18"
"bcb96017",FALSE,"not_sampled","2026-09-18"
"bcb96018",FALSE,"not_sampled","2026-09-18"
"bcb96019",FALSE,"one_qualifying_leg","2026-09-18"
"bcb96020",FALSE,"not_sampled","2026-09-18"
"bcb96021",FALSE,"not_sampled","2026-09-18"
"bcb96022",FALSE,"not_sampled","2026-09-18"
"bcb96023",FALSE,"not_sampled","2026-09-18"
"bcb96024",FALSE,"not_sampled","2026-09-18"
"bcb96025",FALSE,"not_sampled","2026-09-18"
"bcb96026",FALSE,"not_sampled","2026-09-18"
"bcb96027",FALSE,"not_sampled","2026-09-18"
"bcb96028",FALSE,"not_sampled","2026-09-18"
"bcb96029",FALSE,"not_sampled","2026-09-18"
"bcb96030",FALSE,"not_sampled","2026-09-18"
"bcb96031",FALSE,"not_sampled","2026-09-18"
"bcb96032",FALSE,"not_sampled","2026-09-18"
"bcb96033",FALSE,"not_sampled","2026-09-18"
"bcb96034",FALSE,"not_sampled","2026-09-18"
"bcb96035",FALSE,"not_sampled","2026-09-18"
"bcb96036",FALSE,"not_sampled","2026-09-18"
"bcb96037",FALSE,"not_sampled","2026-09-18"
"bcb96038",FALSE,"not_sampled","2026-09-18"
"bcb96039",FALSE,"not_sampled","2026-09-18"
"bcb96040",FALSE,"not_sampled","2026-09-18"
"bcb96041",FALSE,"not_sampled","2026-09-18"
"bcb96042",FALSE,"not_sampled","2026-09-18"
"bcb96043",FALSE,"not_sampled","2026-09-18"
"bcb96044",FALSE,"not_sampled","2026-09-18"
"bcb96045",FALSE,"not_sampled","2026-09-18"
"bcb96046",FALSE,"not_sampled","2026-09-18"
"bcb96047",FALSE,"not_sampled","2026-09-18"
"bcb96048",FALSE,"not_sampled","2026-09-18"
"bcb96049",FALSE,"not_sampled","2026-09-18"
"bcb96050",FALSE,"not_sampled","2026-09-18"
"bcb96051",FALSE,"not_sampled","2026-09-18"
"bcb96052",FALSE,"not_sampled","2026-09-18"
"bcb96053",FALSE,"not_sampled","2026-09-18"
"bcb96054",FALSE,"one_qualifying_leg","2026-09-18"
"bcb96055",FALSE,"not_sampled","2026-09-18"
"bcb96056",FALSE,"not_sampled","2026-09-18"
"bcb96057",FALSE,"not_sampled","2026-09-18"
"bcb96058",FALSE,"not_sampled","2026-09-18"
"bcb96059",FALSE,"not_sampled","2026-09-18"
"bcb96060",FALSE,"not_sampled","2026-09-18"
"bcb96061",FALSE,"one_qualifying_leg","2026-09-18"
"bcb96062",FALSE,"not_sampled","2026-09-18"
"bcb96063",FALSE,"not_sampled","2026-09-18"
"bcb96064",FALSE,"not_sampled","2026-09-18"
"bcb96065",FALSE,"not_sampled","2026-09-18"
"bcb96067",FALSE,"not_sampled","2026-09-18"
"bcb96068",FALSE,"not_sampled","2026-09-18"
"bcb96069",FALSE,"not_sampled","2026-09-18"
"bcb96070",FALSE,"not_sampled","2026-09-18"
"bcb96071",FALSE,"not_sampled","2026-09-18"
"bcb96072",FALSE,"not_sampled","2026-09-18"
"bcb96073",FALSE,"one_qualifying_leg","2026-09-18"
"bcb96074",FALSE,"not_sampled","2026-09-18"
"bcb96075",FALSE,"not_sampled","2026-09-18"
"bcb96076",FALSE,"not_sampled","2026-09-18"
"bcb96077",FALSE,"not_sampled","2026-09-18"
"bcb96078",FALSE,"not_sampled","2026-09-18"
"bcb96079",FALSE,"not_sampled","2026-09-18"
"bcb96080",FALSE,"not_sampled","2026-09-18"
"bcb96081",FALSE,"not_sampled","2026-09-18"
"bcb96082",FALSE,"not_sampled","2026-09-18"
"bcb96083",FALSE,"not_sampled","2026-09-18"
"bcb96085",FALSE,"not_sampled","2026-09-18"
"bcb96086",FALSE,"not_sampled","2026-09-18"
"bcb96087",FALSE,"not_sampled","2026-09-18"
"bcb96088",FALSE,"not_sampled","2026-09-18"
"bcb96089",FALSE,"not_sampled","2026-09-18"
"bcb96090",FALSE,"not_sampled","2026-09-18"
"bcb96091",FALSE,"not_sampled","2026-09-18"
"bcb96092",FALSE,"not_sampled","2026-09-18"
"bcb96093",FALSE,"not_sampled","2026-09-18"
"bcb96094",FALSE,"not_sampled","2026-09-18"
"bcb96095",FALSE,"not_sampled","2026-09-18"
"bcb96096",FALSE,"not_sampled","2026-09-18"
"bcb96097",FALSE,"not_sampled","2026-09-18"
"bcb96098",FALSE,"not_sampled","2026-09-18"
"bcb96099",FALSE,"not_sampled","2026-09-18"
"bcb96100",FALSE,"not_sampled","2026-09-18"
"bcb96101",FALSE,"not_sampled","2026-09-18"
"bcb96102",FALSE,"not_sampled","2026-09-18"
"bcb96103",FALSE,"not_sampled","2026-09-18"
"bcb96104",FALSE,"not_sampled","2026-09-18"
"bcb96105",FALSE,"not_sampled","2026-09-18"
"bcb96106",FALSE,"not_sampled","2026-09-18"
"bcb97001",FALSE,"not_sampled","2026-09-18"
"bcb97003",FALSE,"not_sampled","2026-09-18"
"bcb97004",FALSE,"not_sampled","2026-09-18"
"bcb97005",FALSE,"not_sampled","2026-09-18"
"bcb97006",FALSE,"not_sampled","2026-09-18"
"bcb97007",FALSE,"not_sampled","2026-09-18"
"bcb97008",FALSE,"not_sampled","2026-09-18"
"bcb97009",FALSE,"not_sampled","2026-09-18"
"bcb97010",FALSE,"not_sampled","2026-09-18"
"bcb97011",FALSE,"not_sampled","2026-09-18"
"bcb97012",FALSE,"not_sampled","2026-09-18"
"bcb97013",FALSE,"not_sampled","2026-09-18"
"bcb97014",FALSE,"not_sampled","2026-09-18"
"bcb97015",FALSE,"not_sampled","2026-09-18"
"bcb97016",FALSE,"not_sampled","2026-09-18"
"bcb97017",FALSE,"not_sampled","2026-09-18"
"bcb97018",FALSE,"not_sampled","2026-09-18"
"bcb97019",FALSE,"not_sampled","2026-09-18"
"bcb97020",FALSE,"not_sampled","2026-09-18"
"bcb97021",FALSE,"not_sampled","2026-09-18"
"bcb97022",FALSE,"not_sampled","2026-09-18"
"bcb97023",FALSE,"not_sampled","2026-09-18"
"bcb97024",FALSE,"not_sampled","2026-09-18"
"bcb97025",FALSE,"not_sampled","2026-09-18"
"bcb97026",FALSE,"not_sampled","2026-09-18"
"bcb97027",FALSE,"not_sampled","2026-09-18"
"bcb97028",FALSE,"not_sampled","2026-09-18"
"bcb97029",FALSE,"not_sampled","2026-09-18"
"bcb97030",FALSE,"not_sampled","2026-09-18"
"bcb97031",FALSE,"not_sampled","2026-09-18"
"bcb97032",FALSE,"not_sampled","2026-09-18"
"bcb97033",FALSE,"not_sampled","2026-09-18"
"bcb97034",FALSE,"not_sampled","2026-09-18"
"bcb97035",FALSE,"not_sampled","2026-09-18"
"bcb97036",FALSE,"not_sampled","2026-09-18"
"bcb97037",FALSE,"not_sampled","2026-09-18"
"bcb97038",FALSE,"not_sampled","2026-09-18"
"bcb97039",FALSE,"not_sampled","2026-09-18"
"bcb97040",FALSE,"not_sampled","2026-09-18"
"bcb97041",FALSE,"not_sampled","2026-09-18"
"bcb97042",FALSE,"not_sampled","2026-09-18"
"bcb97043",FALSE,"not_sampled","2026-09-18"
"bcb97044",FALSE,"not_sampled","2026-09-18"
"bcb97045",FALSE,"not_sampled","2026-09-18"
"bcb97046",FALSE,"not_sampled","2026-09-18"
"bcb97047",FALSE,"not_sampled","2026-09-18"
"bcb97048",FALSE,"not_sampled","2026-09-18"
"bcb97049",FALSE,"not_sampled","2026-09-18"
"bcb97050",FALSE,"not_sampled","2026-09-18"
"bcb97051",FALSE,"not_sampled","2026-09-18"
"bcb97052",FALSE,"not_sampled","2026-09-18"
"bcb97053",FALSE,"not_sampled","2026-09-18"
"bcb97054",FALSE,"not_sampled","2026-09-18"
"bcb97055",FALSE,"not_sampled","2026-09-18"
"bcb97056",FALSE,"not_sampled","2026-09-18"
"bcb97057",FALSE,"not_sampled","2026-09-18"
"bcb97058",FALSE,"not_sampled","2026-09-18"
"bcb97059",FALSE,"not_sampled","2026-09-18"
"bcb97060",FALSE,"not_sampled","2026-09-18"
"bcb97061",FALSE,"not_sampled","2026-09-18"
"bcb97062",FALSE,"not_sampled","2026-09-18"
"bcb97063",FALSE,"not_sampled","2026-09-18"
"bcb97064",FALSE,"not_sampled","2026-09-18"
"bcb97065",FALSE,"not_sampled","2026-09-18"
"bcb97066",FALSE,"not_sampled","2026-09-18"
"bcb97067",FALSE,"not_sampled","2026-09-18"
"bcb97068",FALSE,"not_sampled","2026-09-18"
"bcb97069",FALSE,"not_sampled","2026-09-18"
"bcb97070",FALSE,"not_sampled","2026-09-18"
"bcb97071",FALSE,"not_sampled","2026-09-18"
"bcb97072",FALSE,"not_sampled","2026-09-18"
"bcb97073",FALSE,"not_sampled","2026-09-18"
"bcb97074",FALSE,"not_sampled","2026-09-18"
"bcb97075",FALSE,"not_sampled","2026-09-18"
"bcb97076",FALSE,"not_sampled","2026-09-18"
"bcb97077",FALSE,"not_sampled","2026-09-18"
"bcb97078",FALSE,"not_sampled","2026-09-18"
"bcb97079",FALSE,"not_sampled","2026-09-18"
"bcb97080",FALSE,"not_sampled","2026-09-18"
"bcb97081",FALSE,"not_sampled","2026-09-18"
"bcb97082",FALSE,"not_sampled","2026-09-18"
"bcb97083",FALSE,"not_sampled","2026-09-18"
"bcb97084",FALSE,"not_sampled","2026-09-18"
"bcb97085",FALSE,"not_sampled","2026-09-18"
"bcb97086",FALSE,"not_sampled","2026-09-18"
"bcb97087",FALSE,"not_sampled","2026-09-18"
"bcb97088",FALSE,"not_sampled","2026-09-18"
"bcb97089",FALSE,"not_sampled","2026-09-18"
"bcb97090",FALSE,"not_sampled","2026-09-18"
"bcb97091",FALSE,"not_sampled","2026-09-18"
"bcb97092",FALSE,"not_sampled","2026-09-18"
"bcb97093",FALSE,"not_sampled","2026-09-18"
"bcb97094",FALSE,"not_sampled","2026-09-18"
"bcb97096",FALSE,"not_sampled","2026-09-18"
"bcb97097",FALSE,"not_sampled","2026-09-18"
"bcb97098",FALSE,"not_sampled","2026-09-18"
"bcb97099",FALSE,"not_sampled","2026-09-18"
"bcb97100",FALSE,"not_sampled","2026-09-18"
"bcb97101",FALSE,"not_sampled","2026-09-18"
"bcb97102",FALSE,"not_sampled","2026-09-18"
"bcb97103",FALSE,"not_sampled","2026-09-18"
"bcb97104",FALSE,"not_sampled","2026-09-18"
"bcb97105",FALSE,"not_sampled","2026-09-18"
"bcb97106",FALSE,"not_sampled","2026-09-18"
"bcb97107",FALSE,"not_sampled","2026-09-18"
"bcb97108",FALSE,"not_sampled","2026-09-18"
"bcb97109",FALSE,"not_sampled","2026-09-18"
"bcb97110",FALSE,"not_sampled","2026-09-18"
"bcb98001",FALSE,"single_direction","2026-09-18"
"bcb98002",FALSE,"not_sampled","2026-09-18"
"bcb98003",FALSE,"not_sampled","2026-09-18"
"bcb98004",FALSE,"not_sampled","2026-09-18"
"bcb98005",FALSE,"not_sampled","2026-09-18"
"bcb98006",FALSE,"not_sampled","2026-09-18"
"bcb98007",FALSE,"not_sampled","2026-09-18"
"bcb98008",FALSE,"not_sampled","2026-09-18"
"bcb98009",FALSE,"not_sampled","2026-09-18"
"bcb98010",FALSE,"single_direction","2026-09-18"
"bcb98011",FALSE,"not_sampled","2026-09-18"
"bcb98012",FALSE,"not_sampled","2026-09-18"
"bcb98013",FALSE,"not_sampled","2026-09-18"
"bcb98014",FALSE,"not_sampled","2026-09-18"
"bcb98015",FALSE,"not_sampled","2026-09-18"
"bcb98016",FALSE,"not_sampled","2026-09-18"
"bcb98017",FALSE,"not_sampled","2026-09-18"
"bcb98018",FALSE,"not_sampled","2026-09-18"
"bcb98019",FALSE,"not_sampled","2026-09-18"
"bcb98020",FALSE,"not_sampled","2026-09-18"
"bcb98021",FALSE,"not_sampled","2026-09-18"
"bcb98022",FALSE,"not_sampled","2026-09-18"
"bcb98023",FALSE,"not_sampled","2026-09-18"
"bcb98024",FALSE,"not_sampled","2026-09-18"
"bcb99001",FALSE,"single_direction","2026-09-18"
"bcb99003",FALSE,"not_sampled","2026-09-18"
"bcb99004",FALSE,"not_sampled","2026-09-18"
"bcb99005",FALSE,"not_sampled","2026-09-18"
"bcb99006",FALSE,"not_sampled","2026-09-18"
"bcb99007",FALSE,"not_sampled","2026-09-18"
"bcb99008",FALSE,"not_sampled","2026-09-18"
"bcb99009",FALSE,"not_sampled","2026-09-18"
"bcb99010",FALSE,"not_sampled","2026-09-18"
"bcb99011",FALSE,"not_sampled","2026-09-18"
"bcb99012",FALSE,"not_sampled","2026-09-18"
"bcb99013",FALSE,"not_sampled","2026-09-18"
"bcb99014",FALSE,"not_sampled","2026-09-18"
"bcb99015",FALSE,"not_sampled","2026-09-18"
"bcb99016",FALSE,"not_sampled","2026-09-18"
"bcb99017",FALSE,"not_sampled","2026-09-18"
"bcb99018",FALSE,"not_sampled","2026-09-18"
"bcb99019",FALSE,"not_sampled","2026-09-18"
"bcb99020",FALSE,"not_sampled","2026-09-18"
"bcb99021",FALSE,"not_sampled","2026-09-18"
"bcb99022",FALSE,"not_sampled","2026-09-18"
"bcb99023",FALSE,"not_sampled","2026-09-18"
"bcb99024",FALSE,"not_sampled","2026-09-18"
"bcb99025",FALSE,"not_sampled","2026-09-18"
"bcb99026",FALSE,"not_sampled","2026-09-18"
"bcb99027",FALSE,"not_sampled","2026-09-18"
"bcb99028",FALSE,"not_sampled","2026-09-18"
"bcb99029",FALSE,"not_sampled","2026-09-18"
"bcb99030",FALSE,"not_sampled","2026-09-18"
"bcb99032",FALSE,"not_sampled","2026-09-18"
"bcb99033",FALSE,"not_sampled","2026-09-18"
"bcb99034",FALSE,"not_sampled","2026-09-18"
"bcb99035",FALSE,"not_sampled","2026-09-18"
"bcb99036",FALSE,"not_sampled","2026-09-18"
"bcb99037",FALSE,"not_sampled","2026-09-18"
"bcb99038",FALSE,"not_sampled","2026-09-18"
"bcb99039",FALSE,"not_sampled","2026-09-18"
"bcb99040",FALSE,"not_sampled","2026-09-18"
"bcb99041",FALSE,"not_sampled","2026-09-18"
"bcb99042",FALSE,"not_sampled","2026-09-18"
"bcb99043",FALSE,"not_sampled","2026-09-18"
"bcb99044",FALSE,"not_sampled","2026-09-18"
"bcb99045",FALSE,"not_sampled","2026-09-18"
"bcb99046",FALSE,"not_sampled","2026-09-18"
"bcb99047",FALSE,"not_sampled","2026-09-18"
"bcb99048",FALSE,"not_sampled","2026-09-18"
"bcc00001",FALSE,"not_sampled","2026-09-18"
"bcc00002",FALSE,"not_sampled","2026-09-18"
"bcc00003",FALSE,"not_sampled","2026-09-18"
"bcc00004",FALSE,"not_sampled","2026-09-18"
"bcc00005",FALSE,"not_sampled","2026-09-18"
"bcc00006",FALSE,"not_sampled","2026-09-18"
"bcc00007",FALSE,"not_sampled","2026-09-18"
"bcc00008",FALSE,"not_sampled","2026-09-18"
"bcc00009",FALSE,"not_sampled","2026-09-18"
"bcc00010",FALSE,"not_sampled","2026-09-18"
"bcc00011",FALSE,"not_sampled","2026-09-18"
"bcc00012",FALSE,"not_sampled","2026-09-18"
"bcc00013",FALSE,"not_sampled","2026-09-18"
"bcc00014",FALSE,"not_sampled","2026-09-18"
"bcc00015",FALSE,"not_sampled","2026-09-18"
"bcc00016",FALSE,"not_sampled","2026-09-18"
"bcc00017",FALSE,"not_sampled","2026-09-18"
"bcc00018",FALSE,"not_sampled","2026-09-18"
"bcc00019",FALSE,"not_sampled","2026-09-18"
"bcc00020",FALSE,"not_sampled","2026-09-18"
"bcc00022",FALSE,"not_sampled","2026-09-18"
"bcc00023",FALSE,"not_sampled","2026-09-18"
"bcc00024",FALSE,"not_sampled","2026-09-18"
"bcc00025",FALSE,"not_sampled","2026-09-18"
"bcc00026",FALSE,"not_sampled","2026-09-18"
"bcc00027",FALSE,"not_sampled","2026-09-18"
"bcc00028",FALSE,"not_sampled","2026-09-18"
"bcc00029",FALSE,"not_sampled","2026-09-18"
"bcc00030",FALSE,"not_sampled","2026-09-18"
"bcc00031",FALSE,"not_sampled","2026-09-18"
"bcc00032",FALSE,"not_sampled","2026-09-18"
"bcc00033",FALSE,"not_sampled","2026-09-18"
"bcc00034",FALSE,"not_sampled","2026-09-18"
"bcc00035",FALSE,"not_sampled","2026-09-18"
"bcc00036",FALSE,"not_sampled","2026-09-18"
"bcc00037",FALSE,"not_sampled","2026-09-18"
"bcc00038",FALSE,"not_sampled","2026-09-18"
"bcc00039",FALSE,"not_sampled","2026-09-18"
"bcc00040",FALSE,"not_sampled","2026-09-18"
"bcc00041",FALSE,"not_sampled","2026-09-18"
"bcc00042",FALSE,"not_sampled","2026-09-18"
"bcc00043",FALSE,"not_sampled","2026-09-18"
"bcc00044",FALSE,"not_sampled","2026-09-18"
"bcc00045",FALSE,"not_sampled","2026-09-18"
"bcc00046",FALSE,"not_sampled","2026-09-18"
"bcc00047",FALSE,"not_sampled","2026-09-18"
"bcc00048",FALSE,"not_sampled","2026-09-18"
"bcc00049",FALSE,"not_sampled","2026-09-18"
"bcc00050",FALSE,"not_sampled","2026-09-18"
"bcc00051",FALSE,"not_sampled","2026-09-18"
"bcc00052",FALSE,"not_sampled","2026-09-18"
"bcc00053",FALSE,"not_sampled","2026-09-18"
"bcc00054",FALSE,"not_sampled","2026-09-18"
"bcc00055",FALSE,"not_sampled","2026-09-18"
"bcc00056",FALSE,"not_sampled","2026-09-18"
"bcc00057",FALSE,"not_sampled","2026-09-18"
"bcc00058",FALSE,"not_sampled","2026-09-18"
"bcc00059",FALSE,"not_sampled","2026-09-18"
"bcc00060",FALSE,"not_sampled","2026-09-18"
"bcc00061",FALSE,"not_sampled","2026-09-18"
"bcc00062",FALSE,"not_sampled","2026-09-18"
"bcc00063",FALSE,"not_sampled","2026-09-18"
"bcc00064",FALSE,"not_sampled","2026-09-18"
"bcc00065",FALSE,"not_sampled","2026-09-18"
"bcc00066",FALSE,"not_sampled","2026-09-18"
"bcc00067",FALSE,"not_sampled","2026-09-18"
"bcc00068",FALSE,"not_sampled","2026-09-18"
"bcc00069",FALSE,"not_sampled","2026-09-18"
"bcc00070",FALSE,"not_sampled","2026-09-18"
"bcc00071",FALSE,"not_sampled","2026-09-18"
"bcc00072",FALSE,"not_sampled","2026-09-18"
"bcc00073",FALSE,"not_sampled","2026-09-18"
"bcc00074",FALSE,"not_sampled","2026-09-18"
"bcc00075",FALSE,"not_sampled","2026-09-18"
"bcc00076",FALSE,"not_sampled","2026-09-18"
"bcc00077",FALSE,"not_sampled","2026-09-18"
"bcc00078",FALSE,"not_sampled","2026-09-18"
"bcc00079",FALSE,"not_sampled","2026-09-18"
"bcc00080",FALSE,"not_sampled","2026-09-18"
"bcc00081",FALSE,"not_sampled","2026-09-18"
"bcc00082",FALSE,"not_sampled","2026-09-18"
"bcc00083",FALSE,"not_sampled","2026-09-18"
"bcc00084",FALSE,"not_sampled","2026-09-18"
"bcc00085",FALSE,"not_sampled","2026-09-18"
"bcc00086",FALSE,"not_sampled","2026-09-18"
"bcc00087",FALSE,"not_sampled","2026-09-18"
"bcc00088",FALSE,"not_sampled","2026-09-18"
"bcc00089",FALSE,"not_sampled","2026-09-18"
"bcc00090",FALSE,"not_sampled","2026-09-18"
"bcc00091",FALSE,"not_sampled","2026-09-18"
"bcc00092",FALSE,"not_sampled","2026-09-18"
"bcc00093",FALSE,"not_sampled","2026-09-18"
"bcc00094",FALSE,"not_sampled","2026-09-18"
"bcc00095",FALSE,"not_sampled","2026-09-18"
"bcc00096",FALSE,"not_sampled","2026-09-18"
"bcc00097",FALSE,"not_sampled","2026-09-18"
"bcc00098",FALSE,"not_sampled","2026-09-18"
"bcc00099",FALSE,"not_sampled","2026-09-18"
"bcc00100",FALSE,"not_sampled","2026-09-18"
"bcc00101",FALSE,"not_sampled","2026-09-18"
"bcc00102",FALSE,"not_sampled","2026-09-18"
"bcc00103",FALSE,"not_sampled","2026-09-18"
"bcc00104",FALSE,"not_sampled","2026-09-18"
"bcc00105",FALSE,"not_sampled","2026-09-18"
"bcc00106",FALSE,"not_sampled","2026-09-18"
"bcc00107",FALSE,"not_sampled","2026-09-18"
"bcc00108",FALSE,"not_sampled","2026-09-18"
"bcc00109",FALSE,"not_sampled","2026-09-18"
"bcc00110",FALSE,"not_sampled","2026-09-18"
"bcc00111",FALSE,"one_qualifying_leg","2026-09-18"
"bcc00112",FALSE,"not_sampled","2026-09-18"
"bcc00113",FALSE,"not_sampled","2026-09-18"
"bcc00114",FALSE,"not_sampled","2026-09-18"
"bcc00115",FALSE,"not_sampled","2026-09-18"
"bcc00117",FALSE,"not_sampled","2026-09-18"
"bcc01001",FALSE,"not_sampled","2026-09-18"
"bcc01002",FALSE,"not_sampled","2026-09-18"
"bcc01003",FALSE,"not_sampled","2026-09-18"
"bcc01004",FALSE,"not_sampled","2026-09-18"
"bcc01005",FALSE,"not_sampled","2026-09-18"
"bcc01006",FALSE,"not_sampled","2026-09-18"
"bcc01008",FALSE,"not_sampled","2026-09-18"
"bcc01009",FALSE,"not_sampled","2026-09-18"
"bcc01010",FALSE,"not_sampled","2026-09-18"
"bcc01011",FALSE,"not_sampled","2026-09-18"
"bcc01012",FALSE,"not_sampled","2026-09-18"
"bcc01013",FALSE,"not_sampled","2026-09-18"
"bcc01014",FALSE,"not_sampled","2026-09-18"
"bcc01015",FALSE,"not_sampled","2026-09-18"
"bcc01016",FALSE,"not_sampled","2026-09-18"
"bcc01017",FALSE,"not_sampled","2026-09-18"
"bcc01018",FALSE,"not_sampled","2026-09-18"
"bcc01019",FALSE,"not_sampled","2026-09-18"
"bcc01020",FALSE,"not_sampled","2026-09-18"
"bcc01021",FALSE,"not_sampled","2026-09-18"
"bcc01022",FALSE,"not_sampled","2026-09-18"
"bcc01023",FALSE,"not_sampled","2026-09-18"
"bcc01024",FALSE,"not_sampled","2026-09-18"
"bcc01025",FALSE,"not_sampled","2026-09-18"
"bcc01026",FALSE,"not_sampled","2026-09-18"
"bcc01027",FALSE,"not_sampled","2026-09-18"
"bcc01028",FALSE,"not_sampled","2026-09-18"
"bcc01029",FALSE,"not_sampled","2026-09-18"
"bcc01030",FALSE,"not_sampled","2026-09-18"
"bcc01031",FALSE,"not_sampled","2026-09-18"
"bcc01032",FALSE,"not_sampled","2026-09-18"
"bcc01033",FALSE,"not_sampled","2026-09-18"
"bcc01034",FALSE,"no_qualifying_leg","2026-09-18"
"bcc01035",FALSE,"not_sampled","2026-09-18"
"bcc02001",FALSE,"not_sampled","2026-09-18"
"bcc02002",FALSE,"not_sampled","2026-09-18"
"bcc02003",FALSE,"not_sampled","2026-09-18"
"bcc02004",FALSE,"not_sampled","2026-09-18"
"bcc02005",FALSE,"not_sampled","2026-09-18"
"bcc02006",FALSE,"not_sampled","2026-09-18"
"bcc02007",FALSE,"not_sampled","2026-09-18"
"bcc02008",FALSE,"not_sampled","2026-09-18"
"bcc02010",FALSE,"not_sampled","2026-09-18"
"bcc02011",FALSE,"not_sampled","2026-09-18"
"bcc02012",FALSE,"not_sampled","2026-09-18"
"bcc02013",FALSE,"not_sampled","2026-09-18"
"bcc02014",FALSE,"not_sampled","2026-09-18"
"bcc02015",FALSE,"not_sampled","2026-09-18"
"bcc02016",FALSE,"not_sampled","2026-09-18"
"bcc02017",FALSE,"single_direction","2026-09-18"
"bcc02021",FALSE,"not_sampled","2026-09-18"
"bcc02022",FALSE,"not_sampled","2026-09-18"
"bcc02024",FALSE,"not_sampled","2026-09-18"
"bcc02025",FALSE,"not_sampled","2026-09-18"
"bcc02026",FALSE,"not_sampled","2026-09-18"
"bcc02027",FALSE,"not_sampled","2026-09-18"
"bcc02028",FALSE,"not_sampled","2026-09-18"
"bcc02029",FALSE,"not_sampled","2026-09-18"
"bcc02030",FALSE,"not_sampled","2026-09-18"
"bcc02031",FALSE,"not_sampled","2026-09-18"
"bcc02032",FALSE,"not_sampled","2026-09-18"
"bcc02033",FALSE,"not_sampled","2026-09-18"
"bcc02034",FALSE,"not_sampled","2026-09-18"
"bcc02035",FALSE,"not_sampled","2026-09-18"
"bcc02036",FALSE,"not_sampled","2026-09-18"
"bcc02037",FALSE,"not_sampled","2026-09-18"
"bcc02038",FALSE,"not_sampled","2026-09-18"
"bcc02039",FALSE,"not_sampled","2026-09-18"
"bcc02040",FALSE,"not_sampled","2026-09-18"
"bcc03004",FALSE,"not_sampled","2026-09-18"
"bcc03006",FALSE,"not_sampled","2026-09-18"
"bcc03007",FALSE,"not_sampled","2026-09-18"
"bcc03008",FALSE,"not_sampled","2026-09-18"
"bcc03009",FALSE,"not_sampled","2026-09-18"
"bcc03010",FALSE,"not_sampled","2026-09-18"
"bcc03011",FALSE,"not_sampled","2026-09-18"
"bcc03013",FALSE,"not_sampled","2026-09-18"
"bcc03016",FALSE,"not_sampled","2026-09-18"
"bcc03017",FALSE,"not_sampled","2026-09-18"
"bcc03018",FALSE,"not_sampled","2026-09-18"
"bcc03019",FALSE,"not_sampled","2026-09-18"
"bcc03020",FALSE,"not_sampled","2026-09-18"
"bcc03021",FALSE,"one_qualifying_leg","2026-09-18"
"bcc03022",FALSE,"not_sampled","2026-09-18"
"bcc03023",FALSE,"not_sampled","2026-09-18"
"bcc03024",FALSE,"not_sampled","2026-09-18"
"bcc03025",FALSE,"not_sampled","2026-09-18"
"bcc03026",FALSE,"not_sampled","2026-09-18"
"bcc03027",FALSE,"not_sampled","2026-09-18"
"bcc03028",FALSE,"not_sampled","2026-09-18"
"bcc03029",FALSE,"not_sampled","2026-09-18"
"bcc03030",FALSE,"not_sampled","2026-09-18"
"bcc03031",FALSE,"not_sampled","2026-09-18"
"bcc03032",FALSE,"not_sampled","2026-09-18"
"bcc03033",FALSE,"not_sampled","2026-09-18"
"bcc03034",FALSE,"not_sampled","2026-09-18"
"bcc03035",FALSE,"not_sampled","2026-09-18"
"bcc03036",FALSE,"not_sampled","2026-09-18"
"bcc03037",FALSE,"not_sampled","2026-09-18"
"bcc03038",FALSE,"not_sampled","2026-09-18"
"bcc03039",FALSE,"not_sampled","2026-09-18"
"bcc03040",FALSE,"not_sampled","2026-09-18"
"bcc03041",FALSE,"not_sampled","2026-09-18"
"bcc03042",FALSE,"not_sampled","2026-09-18"
"bcc03043",FALSE,"not_sampled","2026-09-18"
"bcc03044",FALSE,"not_sampled","2026-09-18"
"bcc03045",FALSE,"not_sampled","2026-09-18"
"bcc03046",FALSE,"not_sampled","2026-09-18"
"bcc03047",FALSE,"not_sampled","2026-09-18"
"bcc03048",FALSE,"not_sampled","2026-09-18"
"bcc03049",FALSE,"not_sampled","2026-09-18"
"bcc03050",TRUE,"one_decisive_leg","2026-10-02"
"bcc03051",FALSE,"not_sampled","2026-09-18"
"bcc03052",FALSE,"not_sampled","2026-09-18"
"bcc03053",FALSE,"not_sampled","2026-09-18"
"bcc03054",FALSE,"not_sampled","2026-09-18"
"bcc03055",FALSE,"not_sampled","2026-09-18"
"bcc03056",FALSE,"not_sampled","2026-09-18"
"bcc03057",FALSE,"not_sampled","2026-09-18"
"bcc03058",FALSE,"not_sampled","2026-09-18"
"bcc03059",FALSE,"not_sampled","2026-09-18"
"bcc03060",FALSE,"not_sampled","2026-09-18"
"bcc03061",FALSE,"not_sampled","2026-09-18"
"bcc03062",FALSE,"not_sampled","2026-09-18"
"bcc03063",FALSE,"not_sampled","2026-09-18"
"bcc03064",FALSE,"not_sampled","2026-09-18"
"bcc03065",FALSE,"not_sampled","2026-09-18"
"bcc04001",FALSE,"not_sampled","2026-09-18"
"bcc04002",FALSE,"not_sampled","2026-09-18"
"bcc04003",FALSE,"not_sampled","2026-09-18"
"bcc04004",FALSE,"not_sampled","2026-09-18"
"bcc04005",FALSE,"not_sampled","2026-09-18"
"bcc04006",FALSE,"not_sampled","2026-09-18"
"bcc04007",FALSE,"not_sampled","2026-09-18"
"bcc04008",FALSE,"not_sampled","2026-09-18"
"bcc04009",FALSE,"not_sampled","2026-09-18"
"bcc04010",FALSE,"not_sampled","2026-09-18"
"bcc04011",FALSE,"not_sampled","2026-09-18"
"bcc04012",FALSE,"not_sampled","2026-09-18"
"bcc04013",FALSE,"not_sampled","2026-09-18"
"bcc04014",FALSE,"not_sampled","2026-09-18"
"bcc04015",FALSE,"not_sampled","2026-09-18"
"bcc04016",FALSE,"single_direction","2026-09-18"
"bcc04017",FALSE,"not_sampled","2026-09-18"
"bcc04018",FALSE,"not_sampled","2026-09-18"
"bcc04019",FALSE,"not_sampled","2026-09-18"
"bcc04020",FALSE,"not_sampled","2026-09-18"
"bcc04021",FALSE,"not_sampled","2026-09-18"
"bcc04022",FALSE,"not_sampled","2026-09-18"
"bcc04023",FALSE,"not_sampled","2026-09-18"
"bcc04024",FALSE,"not_sampled","2026-09-18"
"bcc04025",FALSE,"not_sampled","2026-09-18"
"bcc04026",FALSE,"not_sampled","2026-09-18"
"bcc04027",FALSE,"not_sampled","2026-09-18"
"bcc04028",FALSE,"not_sampled","2026-09-18"
"bcc04029",FALSE,"not_sampled","2026-09-18"
"bcc04030",FALSE,"not_sampled","2026-09-18"
"bcc04031",FALSE,"not_sampled","2026-09-18"
"bcc04032",FALSE,"not_sampled","2026-09-18"
"bcc04033",FALSE,"not_sampled","2026-09-18"
"bcc04034",FALSE,"not_sampled","2026-09-18"
"bcc04035",FALSE,"not_sampled","2026-09-18"
"bcc04037",FALSE,"not_sampled","2026-09-18"
"bcc04038",FALSE,"single_direction","2026-09-18"
"bcc04039",FALSE,"not_sampled","2026-09-18"
"bcc04040",FALSE,"not_sampled","2026-09-18"
"bcc04041",FALSE,"not_sampled","2026-09-18"
"bcc04042",FALSE,"not_sampled","2026-09-18"
"bcc04043",FALSE,"not_sampled","2026-09-18"
"bcc04044",FALSE,"not_sampled","2026-09-18"
"bcc04045",FALSE,"not_sampled","2026-09-18"
"bcc04046",FALSE,"not_sampled","2026-09-18"
"bcc04047",FALSE,"not_sampled","2026-09-18"
"bcc04048",FALSE,"not_sampled","2026-09-18"
"bcc04049",FALSE,"not_sampled","2026-09-18"
"bcc04050",FALSE,"not_sampled","2026-09-18"
"bcc04051",FALSE,"not_sampled","2026-09-18"
"bcc04052",FALSE,"not_sampled","2026-09-18"
"bcc04053",FALSE,"not_sampled","2026-09-18"
"bcc04054",FALSE,"not_sampled","2026-09-18"
"bcc04055",FALSE,"not_sampled","2026-09-18"
"bcc05001",FALSE,"not_sampled","2026-09-18"
"bcc05002",FALSE,"not_sampled","2026-09-18"
"bcc05003",FALSE,"not_sampled","2026-09-18"
"bcc05004",FALSE,"not_sampled","2026-09-18"
"bcc05005",FALSE,"not_sampled","2026-09-18"
"bcc05006",FALSE,"not_sampled","2026-09-18"
"bcc05007",FALSE,"not_sampled","2026-09-18"
"bcc05008",FALSE,"not_sampled","2026-09-18"
"bcc05009",FALSE,"not_sampled","2026-09-18"
"bcc05010",FALSE,"not_sampled","2026-09-18"
"bcc05011",FALSE,"not_sampled","2026-09-18"
"bcc05012",FALSE,"not_sampled","2026-09-18"
"bcc05013",FALSE,"not_sampled","2026-09-18"
"bcc05014",FALSE,"not_sampled","2026-09-18"
"bcc05015",FALSE,"not_sampled","2026-09-18"
"bcc05016",FALSE,"not_sampled","2026-09-18"
"bcc05017",FALSE,"not_sampled","2026-09-18"
"bcc05018",FALSE,"not_sampled","2026-09-18"
"bcc05019",FALSE,"not_sampled","2026-09-18"
"bcc05020",FALSE,"not_sampled","2026-09-18"
"bcc05021",FALSE,"not_sampled","2026-09-18"
"bcc05022",FALSE,"not_sampled","2026-09-18"
"bcc05023",FALSE,"not_sampled","2026-09-18"
"bcc05024",FALSE,"not_sampled","2026-09-18"
"bcc05025",FALSE,"not_sampled","2026-09-18"
"bcc05026",FALSE,"not_sampled","2026-09-18"
"bcc05027",FALSE,"not_sampled","2026-09-18"
"bcc05028",FALSE,"not_sampled","2026-09-18"
"bcc05029",FALSE,"not_sampled","2026-09-18"
"bcc05030",FALSE,"not_sampled","2026-09-18"
"bcc05031",FALSE,"not_sampled","2026-09-18"
"bcc05032",FALSE,"not_sampled","2026-09-18"
"bcc05033",FALSE,"not_sampled","2026-09-18"
"bcc05034",FALSE,"not_sampled","2026-09-18"
"bcc05035",FALSE,"not_sampled","2026-09-18"
"bcc05036",FALSE,"not_sampled","2026-09-18"
"bcc05037",FALSE,"not_sampled","2026-09-18"
"bcc05038",FALSE,"not_sampled","2026-09-18"
"bcc05039",FALSE,"not_sampled","2026-09-18"
"bcc05040",FALSE,"not_sampled","2026-09-18"
"bcc05041",FALSE,"not_sampled","2026-09-18"
"bcc05042",FALSE,"not_sampled","2026-09-18"
"bcc05043",FALSE,"not_sampled","2026-09-18"
"bcc05044",FALSE,"not_sampled","2026-09-18"
"bcc05045",FALSE,"not_sampled","2026-09-18"
"bcc05046",FALSE,"not_sampled","2026-09-18"
"bcc05047",FALSE,"not_sampled","2026-09-18"
"bcc05048",FALSE,"not_sampled","2026-09-18"
"bcc05049",FALSE,"not_sampled","2026-09-18"
"bcc05050",FALSE,"not_sampled","2026-09-18"
"bcc05051",FALSE,"not_sampled","2026-09-18"
"bcc05052",FALSE,"not_sampled","2026-09-18"
"bcc05053",FALSE,"not_sampled","2026-09-18"
"bcc05054",FALSE,"not_sampled","2026-09-18"
"bcc05055",FALSE,"not_sampled","2026-09-18"
"bcc05056",FALSE,"not_sampled","2026-09-18"
"bcc05057",FALSE,"not_sampled","2026-09-18"
"bcc05058",FALSE,"not_sampled","2026-09-18"
"bcc05059",FALSE,"not_sampled","2026-09-18"
"bcc05060",FALSE,"not_sampled","2026-09-18"
"bcc05061",FALSE,"not_sampled","2026-09-18"
"bcc05062",FALSE,"not_sampled","2026-09-18"
"bcc05063",FALSE,"not_sampled","2026-09-18"
"bcc05064",FALSE,"not_sampled","2026-09-18"
"bcc05065",FALSE,"not_sampled","2026-09-18"
"bcc05066",FALSE,"not_sampled","2026-09-18"
"bcc05067",FALSE,"single_direction","2026-09-18"
"bcc05068",FALSE,"not_sampled","2026-09-18"
"bcc05069",FALSE,"not_sampled","2026-09-18"
"bcc05070",FALSE,"not_sampled","2026-09-18"
"bcc05071",FALSE,"not_sampled","2026-09-18"
"bcc05072",FALSE,"not_sampled","2026-09-18"
"bcc05073",FALSE,"not_sampled","2026-09-18"
"bcc05074",FALSE,"not_sampled","2026-09-18"
"bcc05075",FALSE,"not_sampled","2026-09-18"
"bcc05076",FALSE,"not_sampled","2026-09-18"
"bcc05077",FALSE,"not_sampled","2026-09-18"
"bcc05078",FALSE,"not_sampled","2026-09-18"
"bcc05079",FALSE,"not_sampled","2026-09-18"
"bcc05080",FALSE,"not_sampled","2026-09-18"
"bcc05081",FALSE,"not_sampled","2026-09-18"
"bcc05082",FALSE,"not_sampled","2026-09-18"
"bcc05083",FALSE,"not_sampled","2026-09-18"
"bcc05084",FALSE,"not_sampled","2026-09-18"
"bcc05085",FALSE,"not_sampled","2026-09-18"
"bcc05086",FALSE,"not_sampled","2026-09-18"
"bcc05087",FALSE,"not_sampled","2026-09-18"
"bcc05088",FALSE,"not_sampled","2026-09-18"
"bcc05089",FALSE,"not_sampled","2026-09-18"
"bcc05090",FALSE,"not_sampled","2026-09-18"
"bcc05091",FALSE,"not_sampled","2026-09-18"
"bcc05092",FALSE,"not_sampled","2026-09-18"
"bcc05093",FALSE,"not_sampled","2026-09-18"
"bcc05094",FALSE,"not_sampled","2026-09-18"
"bcc05095",FALSE,"not_sampled","2026-09-18"
"bcc05096",FALSE,"not_sampled","2026-09-18"
"bcc05097",FALSE,"not_sampled","2026-09-18"
"bcc05098",FALSE,"not_sampled","2026-09-18"
"bcc05099",FALSE,"not_sampled","2026-09-18"
"bcc05100",FALSE,"not_sampled","2026-09-18"
"bcc05101",FALSE,"not_sampled","2026-09-18"
"bcc05102",FALSE,"not_sampled","2026-09-18"
"bcc05103",FALSE,"not_sampled","2026-09-18"
"bcc05104",FALSE,"not_sampled","2026-09-18"
"bcc05105",FALSE,"not_sampled","2026-09-18"
"bcc05106",FALSE,"not_sampled","2026-09-18"
"bcc05107",FALSE,"not_sampled","2026-09-18"
"bcc05108",FALSE,"not_sampled","2026-09-18"
"bcc05109",FALSE,"not_sampled","2026-09-18"
"bcc05110",FALSE,"not_sampled","2026-09-18"
"bcc05111",FALSE,"not_sampled","2026-09-18"
"bcc05112",FALSE,"not_sampled","2026-09-18"
"bcc05113",FALSE,"not_sampled","2026-09-18"
"bcc05114",FALSE,"not_sampled","2026-09-18"
"bcc05115",FALSE,"not_sampled","2026-09-18"
"bcc05116",FALSE,"not_sampled","2026-09-18"
"bcc05117",FALSE,"not_sampled","2026-09-18"
"bcc05118",FALSE,"not_sampled","2026-09-18"
"bcc05119",FALSE,"not_sampled","2026-09-18"
"bcc05120",FALSE,"not_sampled","2026-09-18"
"bcc05121",FALSE,"not_sampled","2026-09-18"
"bcc05122",FALSE,"not_sampled","2026-09-18"
"bcc05123",FALSE,"not_sampled","2026-09-18"
"bcc05124",FALSE,"not_sampled","2026-09-18"
"bcc05125",FALSE,"not_sampled","2026-09-18"
"bcc05126",FALSE,"not_sampled","2026-09-18"
"bcc05127",FALSE,"not_sampled","2026-09-18"
"bcc05128",FALSE,"not_sampled","2026-09-18"
"bcc05129",FALSE,"not_sampled","2026-09-18"
"bcc05130",FALSE,"not_sampled","2026-09-18"
"bcc05131",FALSE,"not_sampled","2026-09-18"
"bcc05132",FALSE,"not_sampled","2026-09-18"
"bcc05133",FALSE,"not_sampled","2026-09-18"
"bcc05134",FALSE,"not_sampled","2026-09-18"
"bcc05135",FALSE,"not_sampled","2026-09-18"
"bcc05136",FALSE,"not_sampled","2026-09-18"
"bcc05137",FALSE,"not_sampled","2026-09-18"
"bcc05138",FALSE,"not_sampled","2026-09-18"
"bcc05139",FALSE,"not_sampled","2026-09-18"
"bcc05140",FALSE,"not_sampled","2026-09-18"
"bcc05142",FALSE,"not_sampled","2026-09-18"
"bcc06001",FALSE,"not_sampled","2026-09-18"
"bcc06002",FALSE,"not_sampled","2026-09-18"
"bcc06003",FALSE,"not_sampled","2026-09-18"
"bcc06004",FALSE,"not_sampled","2026-09-18"
"bcc06005",FALSE,"not_sampled","2026-09-18"
"bcc06006",FALSE,"not_sampled","2026-09-18"
"bcc06007",FALSE,"not_sampled","2026-09-18"
"bcc06008",FALSE,"not_sampled","2026-09-18"
"bcc06009",FALSE,"not_sampled","2026-09-18"
"bcc06010",FALSE,"not_sampled","2026-09-18"
"bcc06011",FALSE,"not_sampled","2026-09-18"
"bcc06012",FALSE,"not_sampled","2026-09-18"
"bcc06013",FALSE,"not_sampled","2026-09-18"
"bcc06014",FALSE,"not_sampled","2026-09-18"
"bcc06015",FALSE,"not_sampled","2026-09-18"
"bcc06016",FALSE,"not_sampled","2026-09-18"
"bcc06017",FALSE,"not_sampled","2026-09-18"
"bcc06018",FALSE,"not_sampled","2026-09-18"
"bcc06019",FALSE,"not_sampled","2026-09-18"
"bcc06020",FALSE,"not_sampled","2026-09-18"
"bcc06021",FALSE,"not_sampled","2026-09-18"
"bcc06022",FALSE,"not_sampled","2026-09-18"
"bcc06023",FALSE,"not_sampled","2026-09-18"
"bcc06024",FALSE,"not_sampled","2026-09-18"
"bcc06025",FALSE,"not_sampled","2026-09-18"
"bcc06026",FALSE,"not_sampled","2026-09-18"
"bcc06027",FALSE,"not_sampled","2026-09-18"
"bcc06028",FALSE,"not_sampled","2026-09-18"
"bcc06029",FALSE,"single_direction","2026-09-18"
"bcc06030",FALSE,"not_sampled","2026-09-18"
"bcc06031",FALSE,"not_sampled","2026-09-18"
"bcc06032",FALSE,"not_sampled","2026-09-18"
"bcc06033",FALSE,"not_sampled","2026-09-18"
"bcc06034",FALSE,"not_sampled","2026-09-18"
"bcc06035",FALSE,"not_sampled","2026-09-18"
"bcc06036",FALSE,"not_sampled","2026-09-18"
"bcc06037",FALSE,"not_sampled","2026-09-18"
"bcc06038",FALSE,"not_sampled","2026-09-18"
"bcc06039",FALSE,"not_sampled","2026-09-18"
"bcc06040",FALSE,"not_sampled","2026-09-18"
"bcc06041",FALSE,"not_sampled","2026-09-18"
"bcc06042",FALSE,"not_sampled","2026-09-18"
"bcc06043",FALSE,"not_sampled","2026-09-18"
"bcc06044",FALSE,"not_sampled","2026-09-18"
"bcc06045",FALSE,"not_sampled","2026-09-18"
"bcc06046",FALSE,"not_sampled","2026-09-18"
"bcc06047",FALSE,"not_sampled","2026-09-18"
"bcc06048",FALSE,"not_sampled","2026-09-18"
"bcc06049",FALSE,"not_sampled","2026-09-18"
"bcc06050",FALSE,"not_sampled","2026-09-18"
"bcc06051",FALSE,"not_sampled","2026-09-18"
"bcc06052",FALSE,"not_sampled","2026-09-18"
"bcc06053",FALSE,"not_sampled","2026-09-18"
"bcc06054",FALSE,"not_sampled","2026-09-18"
"bcc06055",FALSE,"not_sampled","2026-09-18"
"bcc06056",FALSE,"not_sampled","2026-09-18"
"bcc06057",FALSE,"not_sampled","2026-09-18"
"bcc06058",FALSE,"not_sampled","2026-09-18"
"bcc06059",FALSE,"not_sampled","2026-09-18"
"bcc06060",FALSE,"not_sampled","2026-09-18"
"bcc06061",FALSE,"not_sampled","2026-09-18"
"bcc06062",FALSE,"not_sampled","2026-09-18"
"bcc06063",FALSE,"not_sampled","2026-09-18"
"bcc06064",FALSE,"not_sampled","2026-09-18"
"bcc06065",FALSE,"not_sampled","2026-09-18"
"bcc06066",FALSE,"not_sampled","2026-09-18"
"bcc06067",FALSE,"not_sampled","2026-09-18"
"bcc06068",FALSE,"not_sampled","2026-09-18"
"bcc06069",FALSE,"not_sampled","2026-09-18"
"bcc06070",FALSE,"not_sampled","2026-09-18"
"bcc06071",FALSE,"not_sampled","2026-09-18"
"bcc06072",FALSE,"not_sampled","2026-09-18"
"bcc06073",FALSE,"not_sampled","2026-09-18"
"bcc06074",FALSE,"not_sampled","2026-09-18"
"bcc06075",FALSE,"not_sampled","2026-09-18"
"bcc06076",FALSE,"not_sampled","2026-09-18"
"bcc06077",FALSE,"not_sampled","2026-09-18"
"bcc06078",FALSE,"not_sampled","2026-09-18"
"bcc06079",FALSE,"not_sampled","2026-09-18"
"bcc06080",FALSE,"not_sampled","2026-09-18"
"bcc06081",FALSE,"not_sampled","2026-09-18"
"bcc06082",FALSE,"not_sampled","2026-09-18"
"bcc06083",FALSE,"not_sampled","2026-09-18"
"bcc06084",FALSE,"not_sampled","2026-09-18"
"bcc06085",FALSE,"not_sampled","2026-09-18"
"bcc06086",FALSE,"not_sampled","2026-09-18"
"bcc06087",FALSE,"not_sampled","2026-09-18"
"bcc06088",FALSE,"not_sampled","2026-09-18"
"bcc06089",FALSE,"not_sampled","2026-09-18"
"bcc06090",FALSE,"not_sampled","2026-09-18"
"bcc06091",FALSE,"not_sampled","2026-09-18"
"bcc06092",FALSE,"not_sampled","2026-09-18"
"bcc06093",FALSE,"not_sampled","2026-09-18"
"bcc06094",FALSE,"not_sampled","2026-09-18"
"bcc06095",FALSE,"not_sampled","2026-09-18"
"bcc06096",FALSE,"not_sampled","2026-09-18"
"bcc06097",FALSE,"not_sampled","2026-09-18"
"bcc06098",FALSE,"not_sampled","2026-09-18"
"bcc06100",FALSE,"single_direction","2026-09-18"
"bcc06101",FALSE,"not_sampled","2026-09-18"
"bcc06102",FALSE,"not_sampled","2026-09-18"
"bcc06103",FALSE,"not_sampled","2026-09-18"
"bcc06104",FALSE,"not_sampled","2026-09-18"
"bcc06105",FALSE,"not_sampled","2026-09-18"
"bcc06106",FALSE,"not_sampled","2026-09-18"
"bcc06107",FALSE,"not_sampled","2026-09-18"
"bcc06108",FALSE,"not_sampled","2026-09-18"
"bcc06109",FALSE,"not_sampled","2026-09-18"
"bcc06110",FALSE,"not_sampled","2026-09-18"
"bcc06111",FALSE,"not_sampled","2026-09-18"
"bcc06112",FALSE,"not_sampled","2026-09-18"
"bcc06113",FALSE,"not_sampled","2026-09-18"
"bcc06114",FALSE,"not_sampled","2026-09-18"
"bcc06115",FALSE,"not_sampled","2026-09-18"
"bcc06116",FALSE,"not_sampled","2026-09-18"
"bcc06117",FALSE,"not_sampled","2026-09-18"
"bcc06118",FALSE,"not_sampled","2026-09-18"
"bcc06119",FALSE,"not_sampled","2026-09-18"
"bcc06120",FALSE,"not_sampled","2026-09-18"
"bcc06121",FALSE,"not_sampled","2026-09-18"
"bcc06122",FALSE,"not_sampled","2026-09-18"
"bcc06123",FALSE,"not_sampled","2026-09-18"
"bcc06124",FALSE,"not_sampled","2026-09-18"
"bcc06125",FALSE,"not_sampled","2026-09-18"
"bcc06126",FALSE,"not_sampled","2026-09-18"
"bcc06127",FALSE,"not_sampled","2026-09-18"
"bcc06128",FALSE,"not_sampled","2026-09-18"
"bcc06129",FALSE,"not_sampled","2026-09-18"
"bcc06130",FALSE,"not_sampled","2026-09-18"
"bcc06131",FALSE,"not_sampled","2026-09-18"
"bcc06132",FALSE,"not_sampled","2026-09-18"
"bcc06133",FALSE,"not_sampled","2026-09-18"
"bcc06134",FALSE,"not_sampled","2026-09-18"
"bcc06135",FALSE,"not_sampled","2026-09-18"
"bcc06136",FALSE,"not_sampled","2026-09-18"
"bcc06137",FALSE,"not_sampled","2026-09-18"
"bcc06138",FALSE,"not_sampled","2026-09-18"
"bcc06139",FALSE,"not_sampled","2026-09-18"
"bcc06140",FALSE,"not_sampled","2026-09-18"
"bcc06141",FALSE,"not_sampled","2026-09-18"
"bcc06142",FALSE,"not_sampled","2026-09-18"
"bcc06143",FALSE,"not_sampled","2026-09-18"
"bcc06144",FALSE,"not_sampled","2026-09-18"
"bcc06145",FALSE,"not_sampled","2026-09-18"
"bcc06146",FALSE,"not_sampled","2026-09-18"
"bcc06147",FALSE,"not_sampled","2026-09-18"
"bcc06148",FALSE,"not_sampled","2026-09-18"
"bcc06149",FALSE,"not_sampled","2026-09-18"
"bcc06150",FALSE,"not_sampled","2026-09-18"
"bcc06151",FALSE,"not_sampled","2026-09-18"
"bcc06152",FALSE,"not_sampled","2026-09-18"
"bcc06153",FALSE,"not_sampled","2026-09-18"
"bcc06154",FALSE,"not_sampled","2026-09-18"
"bcc06155",FALSE,"not_sampled","2026-09-18"
"bcc06156",FALSE,"not_sampled","2026-09-18"
"bcc06157",FALSE,"not_sampled","2026-09-18"
"bcc06158",FALSE,"not_sampled","2026-09-18"
"bcc06159",FALSE,"not_sampled","2026-09-18"
"bcc06160",FALSE,"not_sampled","2026-09-18"
"bcc06162",FALSE,"not_sampled","2026-09-18"
"bcc06163",FALSE,"not_sampled","2026-09-18"
"bcc06164",FALSE,"not_sampled","2026-09-18"
"bcc06165",FALSE,"not_sampled","2026-09-18"
"bcc06166",FALSE,"not_sampled","2026-09-18"
"bcc06167",FALSE,"not_sampled","2026-09-18"
"bcc06168",FALSE,"not_sampled","2026-09-18"
"bcc06169",FALSE,"not_sampled","2026-09-18"
"bcc06170",FALSE,"not_sampled","2026-09-18"
"bcc06171",FALSE,"not_sampled","2026-09-18"
"bcc06172",FALSE,"not_sampled","2026-09-18"
"bcc06173",FALSE,"not_sampled","2026-09-18"
"bcc06174",FALSE,"not_sampled","2026-09-18"
"bcc06175",FALSE,"one_qualifying_leg","2026-09-18"
"bcc06176",TRUE,"single_direction","2026-10-02"
"bcc06177",FALSE,"not_sampled","2026-09-18"
"bcc06178",FALSE,"not_sampled","2026-09-18"
"bcc06179",FALSE,"not_sampled","2026-09-18"
"bcc06180",FALSE,"not_sampled","2026-09-18"
"bcc06181",FALSE,"not_sampled","2026-09-18"
"bcc06182",FALSE,"not_sampled","2026-09-18"
"bcc06183",FALSE,"not_sampled","2026-09-18"
"bcc06185",FALSE,"not_sampled","2026-09-18"
"bcc06186",FALSE,"not_sampled","2026-09-18"
"bcc06187",FALSE,"not_sampled","2026-09-18"
"bcc06188",FALSE,"not_sampled","2026-09-18"
"bcc07001",FALSE,"not_sampled","2026-09-18"
"bcc07002",FALSE,"not_sampled","2026-09-18"
"bcc07003",FALSE,"not_sampled","2026-09-18"
"bcc07004",FALSE,"not_sampled","2026-09-18"
"bcc07005",FALSE,"not_sampled","2026-09-18"
"bcc07006",FALSE,"not_sampled","2026-09-18"
"bcc07007",FALSE,"not_sampled","2026-09-18"
"bcc07008",FALSE,"not_sampled","2026-09-18"
"bcc07009",FALSE,"not_sampled","2026-09-18"
"bcc07010",FALSE,"not_sampled","2026-09-18"
"bcc07011",FALSE,"not_sampled","2026-09-18"
"bcc07012",FALSE,"not_sampled","2026-09-18"
"bcc07013",FALSE,"not_sampled","2026-09-18"
"bcc07014",FALSE,"not_sampled","2026-09-18"
"bcc07015",FALSE,"not_sampled","2026-09-18"
"bcc07016",FALSE,"not_sampled","2026-09-18"
"bcc07017",FALSE,"not_sampled","2026-09-18"
"bcc07018",FALSE,"not_sampled","2026-09-18"
"bcc07019",FALSE,"not_sampled","2026-09-18"
"bcc07020",FALSE,"not_sampled","2026-09-18"
"bcc07021",FALSE,"not_sampled","2026-09-18"
"bcc07044",FALSE,"not_sampled","2026-09-18"
"bcc07045",FALSE,"not_sampled","2026-09-18"
"bcc07046",FALSE,"not_sampled","2026-09-18"
"bcc07047",FALSE,"not_sampled","2026-09-18"
"bcc07048",FALSE,"not_sampled","2026-09-18"
"bcc07049",FALSE,"not_sampled","2026-09-18"
"bcc07050",FALSE,"not_sampled","2026-09-18"
"bcc07051",FALSE,"not_sampled","2026-09-18"
"bcc07052",FALSE,"not_sampled","2026-09-18"
"bcc07053",FALSE,"not_sampled","2026-09-18"
"bcc07054",FALSE,"not_sampled","2026-09-18"
"bcc07055",FALSE,"not_sampled","2026-09-18"
"bcc07056",FALSE,"not_sampled","2026-09-18"
"bcc07057",FALSE,"not_sampled","2026-09-18"
"bcc07058",FALSE,"not_sampled","2026-09-18"
"bcc07059",FALSE,"not_sampled","2026-09-18"
"bcc07061",FALSE,"not_sampled","2026-09-18"
"bcc07062",FALSE,"not_sampled","2026-09-18"
"bcc07063",FALSE,"not_sampled","2026-09-18"
"bcc07064",FALSE,"not_sampled","2026-09-18"
"bcc07065",FALSE,"not_sampled","2026-09-18"
"bcc07066",FALSE,"not_sampled","2026-09-18"
"bcc07067",FALSE,"not_sampled","2026-09-18"
"bcc07068",FALSE,"not_sampled","2026-09-18"
"bcc07069",FALSE,"not_sampled","2026-09-18"
"bcc07070",FALSE,"not_sampled","2026-09-18"
"bcc07071",FALSE,"not_sampled","2026-09-18"
"bcc07072",FALSE,"not_sampled","2026-09-18"
"bcc07073",FALSE,"not_sampled","2026-09-18"
"bcc07074",FALSE,"not_sampled","2026-09-18"
"bcc07075",FALSE,"not_sampled","2026-09-18"
"bcc07076",FALSE,"not_sampled","2026-09-18"
"bcc07077",FALSE,"not_sampled","2026-09-18"
"bcc07078",FALSE,"not_sampled","2026-09-18"
"bcc07079",FALSE,"not_sampled","2026-09-18"
"bcc07080",FALSE,"not_sampled","2026-09-18"
"bcc07081",FALSE,"not_sampled","2026-09-18"
"bcc07082",FALSE,"not_sampled","2026-09-18"
"bcc07083",FALSE,"not_sampled","2026-09-18"
"bcc07085",FALSE,"not_sampled","2026-09-18"
"bcc07086",FALSE,"not_sampled","2026-09-18"
"bcc07087",FALSE,"not_sampled","2026-09-18"
"bcc08001",FALSE,"not_sampled","2026-09-18"
"bcc08002",FALSE,"not_sampled","2026-09-18"
"bcc08003",FALSE,"not_sampled","2026-09-18"
"bcc08004",FALSE,"not_sampled","2026-09-18"
"bcc08005",FALSE,"not_sampled","2026-09-18"
"bcc08006",FALSE,"not_sampled","2026-09-18"
"bcc08007",FALSE,"not_sampled","2026-09-18"
"bcc08008",FALSE,"not_sampled","2026-09-18"
"bcc08009",FALSE,"not_sampled","2026-09-18"
"bcc08010",FALSE,"not_sampled","2026-09-18"
"bcc08011",FALSE,"not_sampled","2026-09-18"
"bcc08012",FALSE,"not_sampled","2026-09-18"
"bcc08013",FALSE,"not_sampled","2026-09-18"
"bcc09001",FALSE,"not_sampled","2026-09-18"
"bcc09002",FALSE,"not_sampled","2026-09-18"
"bcc09003",FALSE,"not_sampled","2026-09-18"
"bcc09004",FALSE,"not_sampled","2026-09-18"
"bcc09005",FALSE,"not_sampled","2026-09-18"
"bcc09006",FALSE,"not_sampled","2026-09-18"
"bcc09007",FALSE,"not_sampled","2026-09-18"
"bcc09008",FALSE,"not_sampled","2026-09-18"
"bcc09009",FALSE,"not_sampled","2026-09-18"
"bcc09010",FALSE,"not_sampled","2026-09-18"
"bcc09011",FALSE,"not_sampled","2026-09-18"
"bcc09012",FALSE,"not_sampled","2026-09-18"
"bcc09013",FALSE,"not_sampled","2026-09-18"
"bcc09014",FALSE,"not_sampled","2026-09-18"
"bcc09015",FALSE,"not_sampled","2026-09-18"
"bcc09016",FALSE,"not_sampled","2026-09-18"
"bcc09017",FALSE,"not_sampled","2026-09-18"
"bcc09018",FALSE,"not_sampled","2026-09-18"
"bcc09019",FALSE,"not_sampled","2026-09-18"
"bcc09020",FALSE,"not_sampled","2026-09-18"
"bcc09021",FALSE,"not_sampled","2026-09-18"
"bcc09022",FALSE,"not_sampled","2026-09-18"
"bcc09023",FALSE,"not_sampled","2026-09-18"
"bcc09024",FALSE,"not_sampled","2026-09-18"
"bcc09025",FALSE,"not_sampled","2026-09-18"
"bcc09026",FALSE,"not_sampled","2026-09-18"
"bcc09027",FALSE,"not_sampled","2026-09-18"
"bcc09028",FALSE,"not_sampled","2026-09-18"
"bcc09030",FALSE,"not_sampled","2026-09-18"
"bcc09031",FALSE,"not_sampled","2026-09-18"
"bcc09032",FALSE,"not_sampled","2026-09-18"
"bcc09033",FALSE,"not_sampled","2026-09-18"
"bcc09034",FALSE,"not_sampled","2026-09-18"
"bcc09035",FALSE,"not_sampled","2026-09-18"
"bcc100",FALSE,"not_sampled","2026-09-18"
"bcc1000",FALSE,"not_sampled","2026-09-18"
"bcc10001",FALSE,"not_sampled","2026-09-18"
"bcc10002",FALSE,"not_sampled","2026-09-18"
"bcc10003",FALSE,"not_sampled","2026-09-18"
"bcc10005",FALSE,"not_sampled","2026-09-18"
"bcc10006",FALSE,"not_sampled","2026-09-18"
"bcc10007",FALSE,"not_sampled","2026-09-18"
"bcc10008",FALSE,"not_sampled","2026-09-18"
"bcc10009",FALSE,"not_sampled","2026-09-18"
"bcc1001",FALSE,"not_sampled","2026-09-18"
"bcc10010",FALSE,"not_sampled","2026-09-18"
"bcc10011",FALSE,"not_sampled","2026-09-18"
"bcc10012",TRUE,"single_direction","2026-10-02"
"bcc10013",TRUE,"one_decisive_leg","2026-10-02"
"bcc10014",FALSE,"not_sampled","2026-09-18"
"bcc10015",FALSE,"not_sampled","2026-09-18"
"bcc1002",FALSE,"not_sampled","2026-09-18"
"bcc1003",FALSE,"not_sampled","2026-09-18"
"bcc1004",FALSE,"not_sampled","2026-09-18"
"bcc1005",FALSE,"not_sampled","2026-09-18"
"bcc1006",FALSE,"not_sampled","2026-09-18"
"bcc1007",FALSE,"not_sampled","2026-09-18"
"bcc1008",FALSE,"not_sampled","2026-09-18"
"bcc1009",FALSE,"not_sampled","2026-09-18"
"bcc101",FALSE,"not_sampled","2026-09-18"
"bcc1010",FALSE,"not_sampled","2026-09-18"
"bcc1011",FALSE,"not_sampled","2026-09-18"
"bcc1012",FALSE,"not_sampled","2026-09-18"
"bcc1013",FALSE,"not_sampled","2026-09-18"
"bcc1014",FALSE,"not_sampled","2026-09-18"
"bcc1015",FALSE,"not_sampled","2026-09-18"
"bcc1016",FALSE,"not_sampled","2026-09-18"
"bcc1017",FALSE,"not_sampled","2026-09-18"
"bcc1018",FALSE,"not_sampled","2026-09-18"
"bcc1019",FALSE,"not_sampled","2026-09-18"
"bcc1020",FALSE,"not_sampled","2026-09-18"
"bcc1021",FALSE,"not_sampled","2026-09-18"
"bcc1022",FALSE,"not_sampled","2026-09-18"
"bcc1023",FALSE,"not_sampled","2026-09-18"
"bcc1024",FALSE,"not_sampled","2026-09-18"
"bcc1025",FALSE,"not_sampled","2026-09-18"
"bcc1026",FALSE,"not_sampled","2026-09-18"
"bcc1027",FALSE,"not_sampled","2026-09-18"
"bcc1028",FALSE,"not_sampled","2026-09-18"
"bcc103",FALSE,"not_sampled","2026-09-18"
"bcc1034",FALSE,"not_sampled","2026-09-18"
"bcc1035",FALSE,"not_sampled","2026-09-18"
"bcc1036",FALSE,"not_sampled","2026-09-18"
"bcc1037",FALSE,"not_sampled","2026-09-18"
"bcc1038",FALSE,"not_sampled","2026-09-18"
"bcc1039",FALSE,"not_sampled","2026-09-18"
"bcc104",FALSE,"not_sampled","2026-09-18"
"bcc1040",FALSE,"not_sampled","2026-09-18"
"bcc1041",FALSE,"not_sampled","2026-09-18"
"bcc1042",FALSE,"not_sampled","2026-09-18"
"bcc1043",FALSE,"not_sampled","2026-09-18"
"bcc1044",FALSE,"not_sampled","2026-09-18"
"bcc1045",FALSE,"not_sampled","2026-09-18"
"bcc1046",FALSE,"not_sampled","2026-09-18"
"bcc1047",FALSE,"not_sampled","2026-09-18"
"bcc1048",FALSE,"not_sampled","2026-09-18"
"bcc1049",FALSE,"not_sampled","2026-09-18"
"bcc105",FALSE,"not_sampled","2026-09-18"
"bcc1050",FALSE,"not_sampled","2026-09-18"
"bcc1051",FALSE,"not_sampled","2026-09-18"
"bcc106",FALSE,"not_sampled","2026-09-18"
"bcc1061",FALSE,"not_sampled","2026-09-18"
"bcc1062",FALSE,"not_sampled","2026-09-18"
"bcc1063",FALSE,"not_sampled","2026-09-18"
"bcc11101",FALSE,"not_sampled","2026-09-18"
"bcc11102",TRUE,"no_decisive_leg","2026-10-02"
"bcc11103",FALSE,"not_sampled","2026-09-18"
"bcc11104",FALSE,"not_sampled","2026-09-18"
"bcc11105",FALSE,"not_sampled","2026-09-18"
"bcc11106",FALSE,"not_sampled","2026-09-18"
"bcc11107",FALSE,"not_sampled","2026-09-18"
"bcc11108",FALSE,"not_sampled","2026-09-18"
"bcc11109",FALSE,"not_sampled","2026-09-18"
"bcc11110",FALSE,"not_sampled","2026-09-18"
"bcc11111",FALSE,"not_sampled","2026-09-18"
"bcc112",FALSE,"single_direction","2026-09-18"
"bcc113",FALSE,"not_sampled","2026-09-18"
"bcc130",FALSE,"not_sampled","2026-09-18"
"bcc131",FALSE,"not_sampled","2026-09-18"
"bcc132",FALSE,"not_sampled","2026-09-18"
"bcc135",FALSE,"not_sampled","2026-09-18"
"bcc136",FALSE,"not_sampled","2026-09-18"
"bcc137",FALSE,"not_sampled","2026-09-18"
"bcc139",FALSE,"not_sampled","2026-09-18"
"bcc140",FALSE,"not_sampled","2026-09-18"
"bcc141",FALSE,"not_sampled","2026-09-18"
"bcc143",FALSE,"not_sampled","2026-09-18"
"bcc144",FALSE,"not_sampled","2026-09-18"
"bcc145",FALSE,"not_sampled","2026-09-18"
"bcc146",FALSE,"not_sampled","2026-09-18"
"bcc147",FALSE,"not_sampled","2026-09-18"
"bcc148",FALSE,"not_sampled","2026-09-18"
"bcc149",FALSE,"not_sampled","2026-09-18"
"bcc150",FALSE,"not_sampled","2026-09-18"
"bcc151",FALSE,"not_sampled","2026-09-18"
"bcc152",FALSE,"not_sampled","2026-09-18"
"bcc153",FALSE,"not_sampled","2026-09-18"
"bcc154",FALSE,"not_sampled","2026-09-18"
"bcc155",FALSE,"not_sampled","2026-09-18"
"bcc156",FALSE,"not_sampled","2026-09-18"
"bcc157",FALSE,"not_sampled","2026-09-18"
"bcc158",FALSE,"not_sampled","2026-09-18"
"bcc160",FALSE,"not_sampled","2026-09-18"
"bcc161",FALSE,"not_sampled","2026-09-18"
"bcc162",FALSE,"not_sampled","2026-09-18"
"bcc163",FALSE,"not_sampled","2026-09-18"
"bcc164",FALSE,"not_sampled","2026-09-18"
"bcc165",FALSE,"not_sampled","2026-09-18"
"bcc166",FALSE,"not_sampled","2026-09-18"
"bcc167",FALSE,"not_sampled","2026-09-18"
"bcc168",FALSE,"not_sampled","2026-09-18"
"bcc169",FALSE,"not_sampled","2026-09-18"
"bcc170",FALSE,"not_sampled","2026-09-18"
"bcc172",FALSE,"not_sampled","2026-09-18"
"bcc173",FALSE,"not_sampled","2026-09-18"
"bcc174",FALSE,"not_sampled","2026-09-18"
"bcc175",FALSE,"not_sampled","2026-09-18"
"bcc176",FALSE,"not_sampled","2026-09-18"
"bcc178",FALSE,"not_sampled","2026-09-18"
"bcc179",FALSE,"not_sampled","2026-09-18"
"bcc180",FALSE,"not_sampled","2026-09-18"
"bcc181",FALSE,"not_sampled","2026-09-18"
"bcc182",FALSE,"not_sampled","2026-09-18"
"bcc183",FALSE,"not_sampled","2026-09-18"
"bcc184",FALSE,"not_sampled","2026-09-18"
"bcc185",FALSE,"not_sampled","2026-09-18"
"bcc186",FALSE,"not_sampled","2026-09-18"
"bcc187",FALSE,"not_sampled","2026-09-18"
"bcc189",FALSE,"not_sampled","2026-09-18"
"bcc190",FALSE,"not_sampled","2026-09-18"
"bcc192",FALSE,"not_sampled","2026-09-18"
"bcc193",FALSE,"not_sampled","2026-09-18"
"bcc194",FALSE,"not_sampled","2026-09-18"
"bcc195",FALSE,"not_sampled","2026-09-18"
"bcc196",FALSE,"not_sampled","2026-09-18"
"bcc197",FALSE,"not_sampled","2026-09-18"
"bcc198",FALSE,"not_sampled","2026-09-18"
"bcc199",FALSE,"not_sampled","2026-09-18"
"bcc200",FALSE,"not_sampled","2026-09-18"
"bcc201",FALSE,"not_sampled","2026-09-18"
"bcc202",FALSE,"not_sampled","2026-09-18"
"bcc203",FALSE,"not_sampled","2026-09-18"
"bcc204",FALSE,"not_sampled","2026-09-18"
"bcc205",FALSE,"not_sampled","2026-09-18"
"bcc206",FALSE,"not_sampled","2026-09-18"
"bcc207",FALSE,"not_sampled","2026-09-18"
"bcc208",FALSE,"not_sampled","2026-09-18"
"bcc209",FALSE,"not_sampled","2026-09-18"
"bcc210",FALSE,"not_sampled","2026-09-18"
"bcc211",FALSE,"not_sampled","2026-09-18"
"bcc212",FALSE,"not_sampled","2026-09-18"
"bcc213",FALSE,"not_sampled","2026-09-18"
"bcc214",FALSE,"not_sampled","2026-09-18"
"bcc215",FALSE,"not_sampled","2026-09-18"
"bcc216",FALSE,"not_sampled","2026-09-18"
"bcc218",FALSE,"not_sampled","2026-09-18"
"bcc219",FALSE,"not_sampled","2026-09-18"
"bcc22",TRUE,"thumbnails_unavailable","2026-10-02"
"bcc220",FALSE,"not_sampled","2026-09-18"
"bcc221",FALSE,"not_sampled","2026-09-18"
"bcc222",FALSE,"not_sampled","2026-09-18"
"bcc223",FALSE,"not_sampled","2026-09-18"
"bcc224",FALSE,"not_sampled","2026-09-18"
"bcc225",FALSE,"not_sampled","2026-09-18"
"bcc226",FALSE,"not_sampled","2026-09-18"
"bcc227",FALSE,"not_sampled","2026-09-18"
"bcc228",FALSE,"not_sampled","2026-09-18"
"bcc229",FALSE,"not_sampled","2026-09-18"
"bcc230",FALSE,"not_sampled","2026-09-18"
"bcc231",FALSE,"not_sampled","2026-09-18"
"bcc232",FALSE,"not_sampled","2026-09-18"
"bcc233",FALSE,"not_sampled","2026-09-18"
"bcc234",FALSE,"not_sampled","2026-09-18"
"bcc235",FALSE,"not_sampled","2026-09-18"
"bcc236",FALSE,"not_sampled","2026-09-18"
"bcc237",FALSE,"not_sampled","2026-09-18"
"bcc238",FALSE,"not_sampled","2026-09-18"
"bcc239",FALSE,"not_sampled","2026-09-18"
"bcc240",FALSE,"not_sampled","2026-09-18"
"bcc241",FALSE,"not_sampled","2026-09-18"
"bcc242",FALSE,"not_sampled","2026-09-18"
"bcc243",FALSE,"not_sampled","2026-09-18"
"bcc244",FALSE,"not_sampled","2026-09-18"
"bcc245",FALSE,"not_sampled","2026-09-18"
"bcc246",FALSE,"not_sampled","2026-09-18"
"bcc247",FALSE,"not_sampled","2026-09-18"
"bcc25",TRUE,"no_decisive_leg","2026-10-02"
"bcc250",FALSE,"not_sampled","2026-09-18"
"bcc251",FALSE,"not_sampled","2026-09-18"
"bcc252",FALSE,"not_sampled","2026-09-18"
"bcc253",FALSE,"not_sampled","2026-09-18"
"bcc254",FALSE,"not_sampled","2026-09-18"
"bcc261",FALSE,"not_sampled","2026-09-18"
"bcc262",FALSE,"not_sampled","2026-09-18"
"bcc263",FALSE,"not_sampled","2026-09-18"
"bcc264",FALSE,"not_sampled","2026-09-18"
"bcc265",FALSE,"not_sampled","2026-09-18"
"bcc266",FALSE,"not_sampled","2026-09-18"
"bcc267",FALSE,"not_sampled","2026-09-18"
"bcc268",FALSE,"not_sampled","2026-09-18"
"bcc269",FALSE,"not_sampled","2026-09-18"
"bcc271",FALSE,"not_sampled","2026-09-18"
"bcc272",FALSE,"not_sampled","2026-09-18"
"bcc273",FALSE,"not_sampled","2026-09-18"
"bcc274",FALSE,"not_sampled","2026-09-18"
"bcc275",FALSE,"not_sampled","2026-09-18"
"bcc276",FALSE,"not_sampled","2026-09-18"
"bcc277",FALSE,"not_sampled","2026-09-18"
"bcc279",FALSE,"not_sampled","2026-09-18"
"bcc280",FALSE,"not_sampled","2026-09-18"
"bcc281",FALSE,"not_sampled","2026-09-18"
"bcc282",FALSE,"not_sampled","2026-09-18"
"bcc283",FALSE,"not_sampled","2026-09-18"
"bcc284",FALSE,"not_sampled","2026-09-18"
"bcc285",FALSE,"not_sampled","2026-09-18"
"bcc286",FALSE,"not_sampled","2026-09-18"
"bcc287",FALSE,"not_sampled","2026-09-18"
"bcc288",FALSE,"not_sampled","2026-09-18"
"bcc289",FALSE,"not_sampled","2026-09-18"
"bcc290",FALSE,"not_sampled","2026-09-18"
"bcc291",FALSE,"not_sampled","2026-09-18"
"bcc292",FALSE,"not_sampled","2026-09-18"
"bcc293",FALSE,"not_sampled","2026-09-18"
"bcc294",FALSE,"not_sampled","2026-09-18"
"bcc295",FALSE,"not_sampled","2026-09-18"
"bcc296",FALSE,"not_sampled","2026-09-18"
"bcc297",FALSE,"not_sampled","2026-09-18"
"bcc298",FALSE,"not_sampled","2026-09-18"
"bcc299",FALSE,"not_sampled","2026-09-18"
"bcc300",FALSE,"not_sampled","2026-09-18"
"bcc301",FALSE,"not_sampled","2026-09-18"
"bcc302",FALSE,"not_sampled","2026-09-18"
"bcc303",FALSE,"not_sampled","2026-09-18"
"bcc304",FALSE,"not_sampled","2026-09-18"
"bcc305",FALSE,"single_direction","2026-09-18"
"bcc306",FALSE,"not_sampled","2026-09-18"
"bcc307",FALSE,"single_direction","2026-09-18"
"bcc308",FALSE,"not_sampled","2026-09-18"
"bcc309",FALSE,"not_sampled","2026-09-18"
"bcc310",FALSE,"not_sampled","2026-09-18"
"bcc311",FALSE,"not_sampled","2026-09-18"
"bcc312",FALSE,"not_sampled","2026-09-18"
"bcc313",FALSE,"not_sampled","2026-09-18"
"bcc314",FALSE,"not_sampled","2026-09-18"
"bcc315",TRUE,"single_direction","2026-10-02"
"bcc316",FALSE,"single_direction","2026-09-18"
"bcc317",FALSE,"not_sampled","2026-09-18"
"bcc318",FALSE,"not_sampled","2026-09-18"
"bcc319",FALSE,"not_sampled","2026-09-18"
"bcc320",FALSE,"not_sampled","2026-09-18"
"bcc323",FALSE,"not_sampled","2026-09-18"
"bcc324",FALSE,"not_sampled","2026-09-18"
"bcc325",FALSE,"not_sampled","2026-09-18"
"bcc326",FALSE,"not_sampled","2026-09-18"
"bcc331",FALSE,"not_sampled","2026-09-18"
"bcc332",FALSE,"not_sampled","2026-09-18"
"bcc333",FALSE,"not_sampled","2026-09-18"
"bcc334",FALSE,"not_sampled","2026-09-18"
"bcc336",FALSE,"not_sampled","2026-09-18"
"bcc337",FALSE,"not_sampled","2026-09-18"
"bcc338",FALSE,"not_sampled","2026-09-18"
"bcc339",FALSE,"not_sampled","2026-09-18"
"bcc340",FALSE,"not_sampled","2026-09-18"
"bcc341",FALSE,"not_sampled","2026-09-18"
"bcc342",FALSE,"not_sampled","2026-09-18"
"bcc343",FALSE,"not_sampled","2026-09-18"
"bcc344",FALSE,"not_sampled","2026-09-18"
"bcc345",FALSE,"not_sampled","2026-09-18"
"bcc346",FALSE,"not_sampled","2026-09-18"
"bcc347",FALSE,"not_sampled","2026-09-18"
"bcc348",FALSE,"not_sampled","2026-09-18"
"bcc349",FALSE,"not_sampled","2026-09-18"
"bcc350",FALSE,"not_sampled","2026-09-18"
"bcc351",FALSE,"not_sampled","2026-09-18"
"bcc352",FALSE,"not_sampled","2026-09-18"
"bcc353",FALSE,"not_sampled","2026-09-18"
"bcc354",FALSE,"not_sampled","2026-09-18"
"bcc355",FALSE,"not_sampled","2026-09-18"
"bcc356",FALSE,"not_sampled","2026-09-18"
"bcc357",FALSE,"not_sampled","2026-09-18"
"bcc358",FALSE,"not_sampled","2026-09-18"
"bcc359",FALSE,"not_sampled","2026-09-18"
"bcc360",FALSE,"not_sampled","2026-09-18"
"bcc361",FALSE,"not_sampled","2026-09-18"
"bcc362",FALSE,"not_sampled","2026-09-18"
"bcc363",FALSE,"not_sampled","2026-09-18"
"bcc364",FALSE,"not_sampled","2026-09-18"
"bcc365",FALSE,"not_sampled","2026-09-18"
"bcc367",FALSE,"not_sampled","2026-09-18"
"bcc368",FALSE,"not_sampled","2026-09-18"
"bcc369",FALSE,"not_sampled","2026-09-18"
"bcc370",FALSE,"not_sampled","2026-09-18"
"bcc371",FALSE,"not_sampled","2026-09-18"
"bcc372",FALSE,"not_sampled","2026-09-18"
"bcc373",FALSE,"not_sampled","2026-09-18"
"bcc374",FALSE,"not_sampled","2026-09-18"
"bcc375",FALSE,"not_sampled","2026-09-18"
"bcc376",FALSE,"not_sampled","2026-09-18"
"bcc381",FALSE,"not_sampled","2026-09-18"
"bcc382",FALSE,"not_sampled","2026-09-18"
"bcc383",FALSE,"not_sampled","2026-09-18"
"bcc384",FALSE,"not_sampled","2026-09-18"
"bcc385",FALSE,"not_sampled","2026-09-18"
"bcc386",FALSE,"not_sampled","2026-09-18"
"bcc387",FALSE,"not_sampled","2026-09-18"
"bcc388",FALSE,"not_sampled","2026-09-18"
"bcc389",FALSE,"not_sampled","2026-09-18"
"bcc390",FALSE,"not_sampled","2026-09-18"
"bcc391",FALSE,"not_sampled","2026-09-18"
"bcc392",FALSE,"not_sampled","2026-09-18"
"bcc393",FALSE,"not_sampled","2026-09-18"
"bcc394",FALSE,"not_sampled","2026-09-18"
"bcc395",FALSE,"not_sampled","2026-09-18"
"bcc396",FALSE,"not_sampled","2026-09-18"
"bcc397",FALSE,"not_sampled","2026-09-18"
"bcc398",FALSE,"not_sampled","2026-09-18"
"bcc399",FALSE,"not_sampled","2026-09-18"
"bcc4",TRUE,"thumbnails_unavailable","2026-10-02"
"bcc400",FALSE,"not_sampled","2026-09-18"
"bcc401",FALSE,"not_sampled","2026-09-18"
"bcc402",FALSE,"not_sampled","2026-09-18"
"bcc403",FALSE,"not_sampled","2026-09-18"
"bcc404",FALSE,"not_sampled","2026-09-18"
"bcc405",FALSE,"not_sampled","2026-09-18"
"bcc406",FALSE,"not_sampled","2026-09-18"
"bcc407",FALSE,"not_sampled","2026-09-18"
"bcc408",FALSE,"not_sampled","2026-09-18"
"bcc409",FALSE,"not_sampled","2026-09-18"
"bcc410",FALSE,"not_sampled","2026-09-18"
"bcc411",FALSE,"not_sampled","2026-09-18"
"bcc412",FALSE,"not_sampled","2026-09-18"
"bcc413",FALSE,"not_sampled","2026-09-18"
"bcc414",FALSE,"not_sampled","2026-09-18"
"bcc415",FALSE,"not_sampled","2026-09-18"
"bcc416",FALSE,"not_sampled","2026-09-18"
"bcc417",FALSE,"not_sampled","2026-09-18"
"bcc418",FALSE,"not_sampled","2026-09-18"
"bcc419",FALSE,"not_sampled","2026-09-18"
"bcc420",FALSE,"not_sampled","2026-09-18"
"bcc421",FALSE,"not_sampled","2026-09-18"
"bcc422",FALSE,"not_sampled","2026-09-18"
"bcc423",FALSE,"not_sampled","2026-09-18"
"bcc424",FALSE,"not_sampled","2026-09-18"
"bcc425",FALSE,"not_sampled","2026-09-18"
"bcc426",FALSE,"not_sampled","2026-09-18"
"bcc427",FALSE,"not_sampled","2026-09-18"
"bcc428",FALSE,"not_sampled","2026-09-18"
"bcc429",FALSE,"not_sampled","2026-09-18"
"bcc430",FALSE,"not_sampled","2026-09-18"
"bcc431",FALSE,"not_sampled","2026-09-18"
"bcc432",FALSE,"not_sampled","2026-09-18"
"bcc433",FALSE,"not_sampled","2026-09-18"
"bcc434",FALSE,"not_sampled","2026-09-18"
"bcc435",FALSE,"not_sampled","2026-09-18"
"bcc436",FALSE,"not_sampled","2026-09-18"
"bcc437",FALSE,"not_sampled","2026-09-18"
"bcc438",FALSE,"not_sampled","2026-09-18"
"bcc439",FALSE,"not_sampled","2026-09-18"
"bcc440",FALSE,"not_sampled","2026-09-18"
"bcc441",FALSE,"not_sampled","2026-09-18"
"bcc442",FALSE,"not_sampled","2026-09-18"
"bcc443",FALSE,"not_sampled","2026-09-18"
"bcc444",FALSE,"not_sampled","2026-09-18"
"bcc445",FALSE,"not_sampled","2026-09-18"
"bcc446",FALSE,"not_sampled","2026-09-18"
"bcc447",FALSE,"not_sampled","2026-09-18"
"bcc448",FALSE,"not_sampled","2026-09-18"
"bcc449",FALSE,"not_sampled","2026-09-18"
"bcc450",FALSE,"not_sampled","2026-09-18"
"bcc451",FALSE,"not_sampled","2026-09-18"
"bcc452",FALSE,"not_sampled","2026-09-18"
"bcc453",FALSE,"not_sampled","2026-09-18"
"bcc454",FALSE,"not_sampled","2026-09-18"
"bcc455",FALSE,"not_sampled","2026-09-18"
"bcc456",FALSE,"not_sampled","2026-09-18"
"bcc457",FALSE,"not_sampled","2026-09-18"
"bcc458",FALSE,"not_sampled","2026-09-18"
"bcc459",FALSE,"not_sampled","2026-09-18"
"bcc460",FALSE,"not_sampled","2026-09-18"
"bcc461",FALSE,"not_sampled","2026-09-18"
"bcc462",FALSE,"not_sampled","2026-09-18"
"bcc463",FALSE,"not_sampled","2026-09-18"
"bcc464",FALSE,"not_sampled","2026-09-18"
"bcc465",FALSE,"not_sampled","2026-09-18"
"bcc466",FALSE,"not_sampled","2026-09-18"
"bcc467",FALSE,"not_sampled","2026-09-18"
"bcc468",FALSE,"not_sampled","2026-09-18"
"bcc469",FALSE,"not_sampled","2026-09-18"
"bcc470",FALSE,"not_sampled","2026-09-18"
"bcc471",FALSE,"not_sampled","2026-09-18"
"bcc472",FALSE,"not_sampled","2026-09-18"
"bcc473",FALSE,"not_sampled","2026-09-18"
"bcc474",FALSE,"not_sampled","2026-09-18"
"bcc475",FALSE,"not_sampled","2026-09-18"
"bcc476",FALSE,"not_sampled","2026-09-18"
"bcc477",FALSE,"not_sampled","2026-09-18"
"bcc478",FALSE,"not_sampled","2026-09-18"
"bcc479",FALSE,"not_sampled","2026-09-18"
"bcc480",FALSE,"not_sampled","2026-09-18"
"bcc481",FALSE,"not_sampled","2026-09-18"
"bcc482",FALSE,"not_sampled","2026-09-18"
"bcc483",FALSE,"not_sampled","2026-09-18"
"bcc484",FALSE,"not_sampled","2026-09-18"
"bcc485",FALSE,"not_sampled","2026-09-18"
"bcc486",FALSE,"not_sampled","2026-09-18"
"bcc487",FALSE,"not_sampled","2026-09-18"
"bcc488",FALSE,"not_sampled","2026-09-18"
"bcc489",FALSE,"not_sampled","2026-09-18"
"bcc490",FALSE,"not_sampled","2026-09-18"
"bcc491",FALSE,"not_sampled","2026-09-18"
"bcc492",FALSE,"not_sampled","2026-09-18"
"bcc493",FALSE,"not_sampled","2026-09-18"
"bcc494",FALSE,"not_sampled","2026-09-18"
"bcc495",FALSE,"not_sampled","2026-09-18"
"bcc496",FALSE,"not_sampled","2026-09-18"
"bcc497",FALSE,"not_sampled","2026-09-18"
"bcc498",FALSE,"not_sampled","2026-09-18"
"bcc499",FALSE,"not_sampled","2026-09-18"
"bcc500",FALSE,"not_sampled","2026-09-18"
"bcc501",FALSE,"not_sampled","2026-09-18"
"bcc502",FALSE,"not_sampled","2026-09-18"
"bcc503",FALSE,"not_sampled","2026-09-18"
"bcc504",FALSE,"not_sampled","2026-09-18"
"bcc505",FALSE,"not_sampled","2026-09-18"
"bcc506",FALSE,"not_sampled","2026-09-18"
"bcc508",FALSE,"not_sampled","2026-09-18"
"bcc509",FALSE,"not_sampled","2026-09-18"
"bcc510",FALSE,"not_sampled","2026-09-18"
"bcc511",FALSE,"not_sampled","2026-09-18"
"bcc512",FALSE,"not_sampled","2026-09-18"
"bcc513",FALSE,"not_sampled","2026-09-18"
"bcc514",FALSE,"not_sampled","2026-09-18"
"bcc515",FALSE,"not_sampled","2026-09-18"
"bcc516",FALSE,"not_sampled","2026-09-18"
"bcc518",FALSE,"not_sampled","2026-09-18"
"bcc519",FALSE,"not_sampled","2026-09-18"
"bcc520",FALSE,"not_sampled","2026-09-18"
"bcc521",FALSE,"not_sampled","2026-09-18"
"bcc522",FALSE,"not_sampled","2026-09-18"
"bcc523",FALSE,"not_sampled","2026-09-18"
"bcc524",FALSE,"not_sampled","2026-09-18"
"bcc525",FALSE,"not_sampled","2026-09-18"
"bcc526",FALSE,"not_sampled","2026-09-18"
"bcc527",FALSE,"not_sampled","2026-09-18"
"bcc529",FALSE,"not_sampled","2026-09-18"
"bcc530",FALSE,"not_sampled","2026-09-18"
"bcc531",FALSE,"not_sampled","2026-09-18"
"bcc533",FALSE,"not_sampled","2026-09-18"
"bcc534",FALSE,"not_sampled","2026-09-18"
"bcc535",FALSE,"not_sampled","2026-09-18"
"bcc536",FALSE,"not_sampled","2026-09-18"
"bcc537",FALSE,"not_sampled","2026-09-18"
"bcc538",FALSE,"not_sampled","2026-09-18"
"bcc539",FALSE,"not_sampled","2026-09-18"
"bcc540",FALSE,"not_sampled","2026-09-18"
"bcc541",FALSE,"not_sampled","2026-09-18"
"bcc542",FALSE,"not_sampled","2026-09-18"
"bcc543",FALSE,"not_sampled","2026-09-18"
"bcc544",FALSE,"not_sampled","2026-09-18"
"bcc545",FALSE,"not_sampled","2026-09-18"
"bcc546",FALSE,"not_sampled","2026-09-18"
"bcc547",FALSE,"not_sampled","2026-09-18"
"bcc548",FALSE,"not_sampled","2026-09-18"
"bcc549",FALSE,"not_sampled","2026-09-18"
"bcc550",FALSE,"not_sampled","2026-09-18"
"bcc551",FALSE,"not_sampled","2026-09-18"
"bcc552",FALSE,"not_sampled","2026-09-18"
"bcc553",FALSE,"not_sampled","2026-09-18"
"bcc554",FALSE,"not_sampled","2026-09-18"
"bcc555",FALSE,"not_sampled","2026-09-18"
"bcc556",FALSE,"not_sampled","2026-09-18"
"bcc557",FALSE,"not_sampled","2026-09-18"
"bcc558",FALSE,"not_sampled","2026-09-18"
"bcc559",FALSE,"not_sampled","2026-09-18"
"bcc560",FALSE,"not_sampled","2026-09-18"
"bcc561",FALSE,"not_sampled","2026-09-18"
"bcc562",FALSE,"not_sampled","2026-09-18"
"bcc563",FALSE,"not_sampled","2026-09-18"
"bcc564",FALSE,"not_sampled","2026-09-18"
"bcc565",FALSE,"not_sampled","2026-09-18"
"bcc566",FALSE,"not_sampled","2026-09-18"
"bcc567",FALSE,"not_sampled","2026-09-18"
"bcc568",FALSE,"not_sampled","2026-09-18"
"bcc569",FALSE,"not_sampled","2026-09-18"
"bcc570",FALSE,"not_sampled","2026-09-18"
"bcc571",FALSE,"not_sampled","2026-09-18"
"bcc572",FALSE,"not_sampled","2026-09-18"
"bcc573",FALSE,"not_sampled","2026-09-18"
"bcc574",FALSE,"not_sampled","2026-09-18"
"bcc575",FALSE,"not_sampled","2026-09-18"
"bcc576",FALSE,"not_sampled","2026-09-18"
"bcc577",FALSE,"not_sampled","2026-09-18"
"bcc578",FALSE,"not_sampled","2026-09-18"
"bcc579",FALSE,"not_sampled","2026-09-18"
"bcc580",FALSE,"not_sampled","2026-09-18"
"bcc581",FALSE,"not_sampled","2026-09-18"
"bcc582",FALSE,"not_sampled","2026-09-18"
"bcc583",FALSE,"not_sampled","2026-09-18"
"bcc584",FALSE,"not_sampled","2026-09-18"
"bcc585",FALSE,"not_sampled","2026-09-18"
"bcc586",FALSE,"not_sampled","2026-09-18"
"bcc587",FALSE,"not_sampled","2026-09-18"
"bcc588",FALSE,"not_sampled","2026-09-18"
"bcc589",FALSE,"not_sampled","2026-09-18"
"bcc590",FALSE,"not_sampled","2026-09-18"
"bcc591",FALSE,"not_sampled","2026-09-18"
"bcc592",FALSE,"not_sampled","2026-09-18"
"bcc593",FALSE,"not_sampled","2026-09-18"
"bcc594",FALSE,"not_sampled","2026-09-18"
"bcc595",FALSE,"not_sampled","2026-09-18"
"bcc596",FALSE,"not_sampled","2026-09-18"
"bcc597",FALSE,"not_sampled","2026-09-18"
"bcc598",FALSE,"not_sampled","2026-09-18"
"bcc599",FALSE,"not_sampled","2026-09-18"
"bcc600",FALSE,"not_sampled","2026-09-18"
"bcc601",FALSE,"not_sampled","2026-09-18"
"bcc602",FALSE,"not_sampled","2026-09-18"
"bcc603",FALSE,"not_sampled","2026-09-18"
"bcc604",FALSE,"not_sampled","2026-09-18"
"bcc605",FALSE,"not_sampled","2026-09-18"
"bcc606",FALSE,"not_sampled","2026-09-18"
"bcc607",FALSE,"not_sampled","2026-09-18"
"bcc608",FALSE,"not_sampled","2026-09-18"
"bcc609",FALSE,"not_sampled","2026-09-18"
"bcc610",FALSE,"not_sampled","2026-09-18"
"bcc611",FALSE,"not_sampled","2026-09-18"
"bcc612",FALSE,"not_sampled","2026-09-18"
"bcc613",FALSE,"not_sampled","2026-09-18"
"bcc614",FALSE,"not_sampled","2026-09-18"
"bcc615",FALSE,"not_sampled","2026-09-18"
"bcc616",FALSE,"not_sampled","2026-09-18"
"bcc617",FALSE,"not_sampled","2026-09-18"
"bcc618",FALSE,"not_sampled","2026-09-18"
"bcc619",FALSE,"not_sampled","2026-09-18"
"bcc620",FALSE,"not_sampled","2026-09-18"
"bcc621",FALSE,"not_sampled","2026-09-18"
"bcc622",FALSE,"not_sampled","2026-09-18"
"bcc623",FALSE,"not_sampled","2026-09-18"
"bcc624",FALSE,"not_sampled","2026-09-18"
"bcc625",FALSE,"not_sampled","2026-09-18"
"bcc626",FALSE,"not_sampled","2026-09-18"
"bcc627",FALSE,"not_sampled","2026-09-18"
"bcc628",FALSE,"not_sampled","2026-09-18"
"bcc629",FALSE,"not_sampled","2026-09-18"
"bcc630",FALSE,"not_sampled","2026-09-18"
"bcc631",FALSE,"not_sampled","2026-09-18"
"bcc632",FALSE,"not_sampled","2026-09-18"
"bcc633",FALSE,"not_sampled","2026-09-18"
"bcc634",FALSE,"not_sampled","2026-09-18"
"bcc635",FALSE,"not_sampled","2026-09-18"
"bcc636",FALSE,"not_sampled","2026-09-18"
"bcc637",FALSE,"not_sampled","2026-09-18"
"bcc638",FALSE,"not_sampled","2026-09-18"
"bcc639",FALSE,"not_sampled","2026-09-18"
"bcc640",FALSE,"not_sampled","2026-09-18"
"bcc641",FALSE,"not_sampled","2026-09-18"
"bcc642",FALSE,"not_sampled","2026-09-18"
"bcc643",FALSE,"not_sampled","2026-09-18"
"bcc645",FALSE,"not_sampled","2026-09-18"
"bcc646",FALSE,"not_sampled","2026-09-18"
"bcc647",FALSE,"not_sampled","2026-09-18"
"bcc648",FALSE,"not_sampled","2026-09-18"
"bcc649",FALSE,"not_sampled","2026-09-18"
"bcc650",FALSE,"not_sampled","2026-09-18"
"bcc651",FALSE,"not_sampled","2026-09-18"
"bcc652",FALSE,"not_sampled","2026-09-18"
"bcc653",FALSE,"not_sampled","2026-09-18"
"bcc654",FALSE,"not_sampled","2026-09-18"
"bcc655",FALSE,"not_sampled","2026-09-18"
"bcc656",FALSE,"not_sampled","2026-09-18"
"bcc657",FALSE,"not_sampled","2026-09-18"
"bcc658",FALSE,"not_sampled","2026-09-18"
"bcc659",FALSE,"not_sampled","2026-09-18"
"bcc660",FALSE,"not_sampled","2026-09-18"
"bcc661",FALSE,"not_sampled","2026-09-18"
"bcc662",FALSE,"not_sampled","2026-09-18"
"bcc663",FALSE,"not_sampled","2026-09-18"
"bcc664",FALSE,"not_sampled","2026-09-18"
"bcc665",FALSE,"not_sampled","2026-09-18"
"bcc666",FALSE,"not_sampled","2026-09-18"
"bcc667",FALSE,"not_sampled","2026-09-18"
"bcc668",FALSE,"not_sampled","2026-09-18"
"bcc669",FALSE,"not_sampled","2026-09-18"
"bcc670",FALSE,"not_sampled","2026-09-18"
"bcc671",FALSE,"not_sampled","2026-09-18"
"bcc672",FALSE,"not_sampled","2026-09-18"
"bcc673",FALSE,"not_sampled","2026-09-18"
"bcc674",FALSE,"not_sampled","2026-09-18"
"bcc675",FALSE,"not_sampled","2026-09-18"
"bcc676",FALSE,"not_sampled","2026-09-18"
"bcc677",FALSE,"not_sampled","2026-09-18"
"bcc678",FALSE,"not_sampled","2026-09-18"
"bcc679",FALSE,"not_sampled","2026-09-18"
"bcc680",FALSE,"not_sampled","2026-09-18"
"bcc681",FALSE,"not_sampled","2026-09-18"
"bcc682",FALSE,"not_sampled","2026-09-18"
"bcc683",FALSE,"not_sampled","2026-09-18"
"bcc684",FALSE,"not_sampled","2026-09-18"
"bcc685",FALSE,"not_sampled","2026-09-18"
"bcc686",FALSE,"not_sampled","2026-09-18"
"bcc687",FALSE,"not_sampled","2026-09-18"
"bcc688",FALSE,"not_sampled","2026-09-18"
"bcc689",FALSE,"not_sampled","2026-09-18"
"bcc690",FALSE,"not_sampled","2026-09-18"
"bcc691",FALSE,"not_sampled","2026-09-18"
"bcc692",FALSE,"not_sampled","2026-09-18"
"bcc693",FALSE,"not_sampled","2026-09-18"
"bcc694",FALSE,"not_sampled","2026-09-18"
"bcc695",FALSE,"not_sampled","2026-09-18"
"bcc696",FALSE,"not_sampled","2026-09-18"
"bcc697",FALSE,"not_sampled","2026-09-18"
"bcc698",FALSE,"not_sampled","2026-09-18"
"bcc699",FALSE,"not_sampled","2026-09-18"
"bcc7",TRUE,"thumbnails_unavailable","2026-10-02"
"bcc70",FALSE,"not_sampled","2026-09-18"
"bcc700",FALSE,"not_sampled","2026-09-18"
"bcc701",FALSE,"not_sampled","2026-09-18"
"bcc702",FALSE,"not_sampled","2026-09-18"
"bcc703",FALSE,"not_sampled","2026-09-18"
"bcc704",FALSE,"not_sampled","2026-09-18"
"bcc705",FALSE,"not_sampled","2026-09-18"
"bcc706",FALSE,"not_sampled","2026-09-18"
"bcc707",FALSE,"not_sampled","2026-09-18"
"bcc708",FALSE,"not_sampled","2026-09-18"
"bcc709",FALSE,"not_sampled","2026-09-18"
"bcc71",FALSE,"not_sampled","2026-09-18"
"bcc710",FALSE,"not_sampled","2026-09-18"
"bcc711",FALSE,"not_sampled","2026-09-18"
"bcc712",FALSE,"not_sampled","2026-09-18"
"bcc713",FALSE,"not_sampled","2026-09-18"
"bcc714",FALSE,"not_sampled","2026-09-18"
"bcc715",FALSE,"not_sampled","2026-09-18"
"bcc716",FALSE,"not_sampled","2026-09-18"
"bcc717",FALSE,"not_sampled","2026-09-18"
"bcc718",FALSE,"not_sampled","2026-09-18"
"bcc719",FALSE,"not_sampled","2026-09-18"
"bcc720",FALSE,"not_sampled","2026-09-18"
"bcc721",FALSE,"not_sampled","2026-09-18"
"bcc722",FALSE,"not_sampled","2026-09-18"
"bcc723",FALSE,"not_sampled","2026-09-18"
"bcc724",FALSE,"not_sampled","2026-09-18"
"bcc725",FALSE,"not_sampled","2026-09-18"
"bcc726",FALSE,"not_sampled","2026-09-18"
"bcc727",FALSE,"not_sampled","2026-09-18"
"bcc728",FALSE,"not_sampled","2026-09-18"
"bcc729",FALSE,"not_sampled","2026-09-18"
"bcc73",FALSE,"not_sampled","2026-09-18"
"bcc730",FALSE,"not_sampled","2026-09-18"
"bcc731",FALSE,"not_sampled","2026-09-18"
"bcc732",FALSE,"not_sampled","2026-09-18"
"bcc733",FALSE,"not_sampled","2026-09-18"
"bcc734",FALSE,"not_sampled","2026-09-18"
"bcc735",FALSE,"not_sampled","2026-09-18"
"bcc736",FALSE,"not_sampled","2026-09-18"
"bcc737",FALSE,"not_sampled","2026-09-18"
"bcc739",FALSE,"not_sampled","2026-09-18"
"bcc74",FALSE,"not_sampled","2026-09-18"
"bcc740",FALSE,"not_sampled","2026-09-18"
"bcc741",FALSE,"not_sampled","2026-09-18"
"bcc742",FALSE,"not_sampled","2026-09-18"
"bcc743",FALSE,"not_sampled","2026-09-18"
"bcc744",FALSE,"not_sampled","2026-09-18"
"bcc745",FALSE,"not_sampled","2026-09-18"
"bcc746",FALSE,"not_sampled","2026-09-18"
"bcc747",FALSE,"not_sampled","2026-09-18"
"bcc748",FALSE,"not_sampled","2026-09-18"
"bcc749",FALSE,"not_sampled","2026-09-18"
"bcc75",FALSE,"not_sampled","2026-09-18"
"bcc750",FALSE,"not_sampled","2026-09-18"
"bcc751",FALSE,"not_sampled","2026-09-18"
"bcc752",FALSE,"not_sampled","2026-09-18"
"bcc753",FALSE,"not_sampled","2026-09-18"
"bcc754",FALSE,"not_sampled","2026-09-18"
"bcc755",FALSE,"not_sampled","2026-09-18"
"bcc756",FALSE,"not_sampled","2026-09-18"
"bcc757",FALSE,"not_sampled","2026-09-18"
"bcc758",FALSE,"not_sampled","2026-09-18"
"bcc759",FALSE,"not_sampled","2026-09-18"
"bcc76",FALSE,"not_sampled","2026-09-18"
"bcc760",FALSE,"not_sampled","2026-09-18"
"bcc761",FALSE,"not_sampled","2026-09-18"
"bcc762",FALSE,"not_sampled","2026-09-18"
"bcc763",FALSE,"not_sampled","2026-09-18"
"bcc764",FALSE,"not_sampled","2026-09-18"
"bcc765",FALSE,"not_sampled","2026-09-18"
"bcc766",FALSE,"not_sampled","2026-09-18"
"bcc767",FALSE,"not_sampled","2026-09-18"
"bcc768",FALSE,"not_sampled","2026-09-18"
"bcc769",FALSE,"not_sampled","2026-09-18"
"bcc77",FALSE,"not_sampled","2026-09-18"
"bcc770",FALSE,"not_sampled","2026-09-18"
"bcc771",FALSE,"not_sampled","2026-09-18"
"bcc772",FALSE,"not_sampled","2026-09-18"
"bcc773",FALSE,"not_sampled","2026-09-18"
"bcc774",FALSE,"not_sampled","2026-09-18"
"bcc775",FALSE,"not_sampled","2026-09-18"
"bcc776",FALSE,"not_sampled","2026-09-18"
"bcc777",FALSE,"not_sampled","2026-09-18"
"bcc778",FALSE,"not_sampled","2026-09-18"
"bcc779",FALSE,"not_sampled","2026-09-18"
"bcc78",FALSE,"not_sampled","2026-09-18"
"bcc780",FALSE,"not_sampled","2026-09-18"
"bcc781",FALSE,"not_sampled","2026-09-18"
"bcc782",FALSE,"not_sampled","2026-09-18"
"bcc783",FALSE,"not_sampled","2026-09-18"
"bcc784",FALSE,"not_sampled","2026-09-18"
"bcc785",FALSE,"not_sampled","2026-09-18"
"bcc786",FALSE,"not_sampled","2026-09-18"
"bcc787",FALSE,"not_sampled","2026-09-18"
"bcc788",FALSE,"not_sampled","2026-09-18"
"bcc789",FALSE,"not_sampled","2026-09-18"
"bcc790",FALSE,"not_sampled","2026-09-18"
"bcc791",FALSE,"not_sampled","2026-09-18"
"bcc792",FALSE,"not_sampled","2026-09-18"
"bcc793",FALSE,"not_sampled","2026-09-18"
"bcc794",FALSE,"not_sampled","2026-09-18"
"bcc795",FALSE,"not_sampled","2026-09-18"
"bcc796",FALSE,"not_sampled","2026-09-18"
"bcc797",FALSE,"not_sampled","2026-09-18"
"bcc798",FALSE,"not_sampled","2026-09-18"
"bcc799",FALSE,"not_sampled","2026-09-18"
"bcc8",TRUE,"thumbnails_unavailable","2026-10-02"
"bcc800",FALSE,"not_sampled","2026-09-18"
"bcc801",FALSE,"not_sampled","2026-09-18"
"bcc802",FALSE,"not_sampled","2026-09-18"
"bcc803",FALSE,"not_sampled","2026-09-18"
"bcc804",FALSE,"not_sampled","2026-09-18"
"bcc805",FALSE,"not_sampled","2026-09-18"
"bcc806",FALSE,"not_sampled","2026-09-18"
"bcc807",FALSE,"not_sampled","2026-09-18"
"bcc808",FALSE,"not_sampled","2026-09-18"
"bcc809",FALSE,"not_sampled","2026-09-18"
"bcc810",FALSE,"not_sampled","2026-09-18"
"bcc811",FALSE,"not_sampled","2026-09-18"
"bcc812",FALSE,"not_sampled","2026-09-18"
"bcc813",FALSE,"not_sampled","2026-09-18"
"bcc814",FALSE,"not_sampled","2026-09-18"
"bcc815",FALSE,"not_sampled","2026-09-18"
"bcc816",FALSE,"not_sampled","2026-09-18"
"bcc817",FALSE,"not_sampled","2026-09-18"
"bcc818",FALSE,"not_sampled","2026-09-18"
"bcc819",FALSE,"not_sampled","2026-09-18"
"bcc820",FALSE,"not_sampled","2026-09-18"
"bcc821",FALSE,"not_sampled","2026-09-18"
"bcc822",FALSE,"not_sampled","2026-09-18"
"bcc823",FALSE,"not_sampled","2026-09-18"
"bcc824",FALSE,"not_sampled","2026-09-18"
"bcc825",FALSE,"not_sampled","2026-09-18"
"bcc826",FALSE,"not_sampled","2026-09-18"
"bcc827",FALSE,"not_sampled","2026-09-18"
"bcc828",FALSE,"not_sampled","2026-09-18"
"bcc829",FALSE,"not_sampled","2026-09-18"
"bcc830",FALSE,"not_sampled","2026-09-18"
"bcc831",FALSE,"not_sampled","2026-09-18"
"bcc832",FALSE,"not_sampled","2026-09-18"
"bcc833",FALSE,"not_sampled","2026-09-18"
"bcc834",FALSE,"not_sampled","2026-09-18"
"bcc835",FALSE,"not_sampled","2026-09-18"
"bcc836",FALSE,"not_sampled","2026-09-18"
"bcc837",FALSE,"not_sampled","2026-09-18"
"bcc838",FALSE,"not_sampled","2026-09-18"
"bcc839",FALSE,"not_sampled","2026-09-18"
"bcc84",FALSE,"not_sampled","2026-09-18"
"bcc840",FALSE,"not_sampled","2026-09-18"
"bcc841",FALSE,"not_sampled","2026-09-18"
"bcc842",FALSE,"not_sampled","2026-09-18"
"bcc843",FALSE,"not_sampled","2026-09-18"
"bcc844",FALSE,"not_sampled","2026-09-18"
"bcc845",FALSE,"not_sampled","2026-09-18"
"bcc846",FALSE,"not_sampled","2026-09-18"
"bcc847",FALSE,"not_sampled","2026-09-18"
"bcc848",FALSE,"not_sampled","2026-09-18"
"bcc849",FALSE,"not_sampled","2026-09-18"
"bcc850",FALSE,"not_sampled","2026-09-18"
"bcc851",FALSE,"not_sampled","2026-09-18"
"bcc852",FALSE,"not_sampled","2026-09-18"
"bcc853",FALSE,"not_sampled","2026-09-18"
"bcc854",FALSE,"not_sampled","2026-09-18"
"bcc855",FALSE,"not_sampled","2026-09-18"
"bcc856",FALSE,"not_sampled","2026-09-18"
"bcc857",FALSE,"not_sampled","2026-09-18"
"bcc858",FALSE,"not_sampled","2026-09-18"
"bcc859",FALSE,"not_sampled","2026-09-18"
"bcc860",FALSE,"not_sampled","2026-09-18"
"bcc862",FALSE,"not_sampled","2026-09-18"
"bcc863",FALSE,"not_sampled","2026-09-18"
"bcc864",FALSE,"not_sampled","2026-09-18"
"bcc865",FALSE,"not_sampled","2026-09-18"
"bcc866",FALSE,"not_sampled","2026-09-18"
"bcc867",FALSE,"not_sampled","2026-09-18"
"bcc868",FALSE,"not_sampled","2026-09-18"
"bcc869",FALSE,"not_sampled","2026-09-18"
"bcc870",FALSE,"not_sampled","2026-09-18"
"bcc871",FALSE,"not_sampled","2026-09-18"
"bcc872",FALSE,"not_sampled","2026-09-18"
"bcc873",FALSE,"not_sampled","2026-09-18"
"bcc874",FALSE,"not_sampled","2026-09-18"
"bcc875",FALSE,"not_sampled","2026-09-18"
"bcc876",FALSE,"not_sampled","2026-09-18"
"bcc877",FALSE,"not_sampled","2026-09-18"
"bcc878",FALSE,"not_sampled","2026-09-18"
"bcc879",FALSE,"not_sampled","2026-09-18"
"bcc88",TRUE,"no_decisive_leg","2026-10-02"
"bcc880",FALSE,"not_sampled","2026-09-18"
"bcc881",FALSE,"not_sampled","2026-09-18"
"bcc882",FALSE,"not_sampled","2026-09-18"
"bcc883",FALSE,"not_sampled","2026-09-18"
"bcc884",FALSE,"not_sampled","2026-09-18"
"bcc885",FALSE,"not_sampled","2026-09-18"
"bcc886",FALSE,"not_sampled","2026-09-18"
"bcc887",FALSE,"not_sampled","2026-09-18"
"bcc888",FALSE,"not_sampled","2026-09-18"
"bcc889",FALSE,"not_sampled","2026-09-18"
"bcc890",FALSE,"not_sampled","2026-09-18"
"bcc891",FALSE,"not_sampled","2026-09-18"
"bcc892",FALSE,"not_sampled","2026-09-18"
"bcc893",FALSE,"not_sampled","2026-09-18"
"bcc894",FALSE,"not_sampled","2026-09-18"
"bcc895",FALSE,"not_sampled","2026-09-18"
"bcc896",FALSE,"not_sampled","2026-09-18"
"bcc897",FALSE,"not_sampled","2026-09-18"
"bcc898",FALSE,"not_sampled","2026-09-18"
"bcc899",FALSE,"not_sampled","2026-09-18"
"bcc900",FALSE,"not_sampled","2026-09-18"
"bcc90001",FALSE,"not_sampled","2026-09-18"
"bcc90002",FALSE,"not_sampled","2026-09-18"
"bcc90003",FALSE,"not_sampled","2026-09-18"
"bcc90004",FALSE,"not_sampled","2026-09-18"
"bcc90005",FALSE,"not_sampled","2026-09-18"
"bcc90006",FALSE,"not_sampled","2026-09-18"
"bcc90007",FALSE,"not_sampled","2026-09-18"
"bcc90011",FALSE,"not_sampled","2026-09-18"
"bcc90013",FALSE,"not_sampled","2026-09-18"
"bcc90014",FALSE,"not_sampled","2026-09-18"
"bcc90015",FALSE,"not_sampled","2026-09-18"
"bcc90016",FALSE,"not_sampled","2026-09-18"
"bcc90017",FALSE,"not_sampled","2026-09-18"
"bcc90018",FALSE,"not_sampled","2026-09-18"
"bcc90019",FALSE,"not_sampled","2026-09-18"
"bcc90020",FALSE,"not_sampled","2026-09-18"
"bcc90021",FALSE,"not_sampled","2026-09-18"
"bcc90022",FALSE,"not_sampled","2026-09-18"
"bcc90023",FALSE,"not_sampled","2026-09-18"
"bcc90024",FALSE,"not_sampled","2026-09-18"
"bcc90025",FALSE,"not_sampled","2026-09-18"
"bcc90026",FALSE,"not_sampled","2026-09-18"
"bcc90027",FALSE,"not_sampled","2026-09-18"
"bcc90028",FALSE,"not_sampled","2026-09-18"
"bcc90029",FALSE,"not_sampled","2026-09-18"
"bcc90030",FALSE,"not_sampled","2026-09-18"
"bcc90031",FALSE,"not_sampled","2026-09-18"
"bcc90032",FALSE,"not_sampled","2026-09-18"
"bcc90033",FALSE,"not_sampled","2026-09-18"
"bcc90034",FALSE,"not_sampled","2026-09-18"
"bcc90035",FALSE,"not_sampled","2026-09-18"
"bcc90036",FALSE,"not_sampled","2026-09-18"
"bcc90038",FALSE,"not_sampled","2026-09-18"
"bcc90039",FALSE,"not_sampled","2026-09-18"
"bcc90040",FALSE,"not_sampled","2026-09-18"
"bcc90041",FALSE,"not_sampled","2026-09-18"
"bcc90042",FALSE,"not_sampled","2026-09-18"
"bcc90043",FALSE,"not_sampled","2026-09-18"
"bcc90044",FALSE,"not_sampled","2026-09-18"
"bcc90045",FALSE,"not_sampled","2026-09-18"
"bcc90046",FALSE,"not_sampled","2026-09-18"
"bcc90047",FALSE,"not_sampled","2026-09-18"
"bcc90048",FALSE,"not_sampled","2026-09-18"
"bcc90049",FALSE,"not_sampled","2026-09-18"
"bcc90055",FALSE,"not_sampled","2026-09-18"
"bcc90056",FALSE,"not_sampled","2026-09-18"
"bcc90057",FALSE,"not_sampled","2026-09-18"
"bcc90058",FALSE,"not_sampled","2026-09-18"
"bcc90059",FALSE,"not_sampled","2026-09-18"
"bcc90060",FALSE,"not_sampled","2026-09-18"
"bcc90061",FALSE,"not_sampled","2026-09-18"
"bcc90062",FALSE,"not_sampled","2026-09-18"
"bcc90063",FALSE,"not_sampled","2026-09-18"
"bcc90064",FALSE,"not_sampled","2026-09-18"
"bcc90065",FALSE,"not_sampled","2026-09-18"
"bcc90066",FALSE,"not_sampled","2026-09-18"
"bcc90067",FALSE,"not_sampled","2026-09-18"
"bcc90068",FALSE,"not_sampled","2026-09-18"
"bcc90069",FALSE,"not_sampled","2026-09-18"
"bcc90070",FALSE,"not_sampled","2026-09-18"
"bcc90071",FALSE,"not_sampled","2026-09-18"
"bcc90072",FALSE,"not_sampled","2026-09-18"
"bcc90073",FALSE,"not_sampled","2026-09-18"
"bcc90076",FALSE,"not_sampled","2026-09-18"
"bcc90077",FALSE,"not_sampled","2026-09-18"
"bcc90078",FALSE,"not_sampled","2026-09-18"
"bcc90079",FALSE,"not_sampled","2026-09-18"
"bcc90080",FALSE,"not_sampled","2026-09-18"
"bcc90081",FALSE,"not_sampled","2026-09-18"
"bcc90082",FALSE,"not_sampled","2026-09-18"
"bcc90083",FALSE,"not_sampled","2026-09-18"
"bcc90084",FALSE,"not_sampled","2026-09-18"
"bcc90085",FALSE,"not_sampled","2026-09-18"
"bcc90086",FALSE,"not_sampled","2026-09-18"
"bcc90087",FALSE,"not_sampled","2026-09-18"
"bcc90088",FALSE,"not_sampled","2026-09-18"
"bcc90089",FALSE,"not_sampled","2026-09-18"
"bcc90090",FALSE,"not_sampled","2026-09-18"
"bcc90091",FALSE,"not_sampled","2026-09-18"
"bcc90092",FALSE,"not_sampled","2026-09-18"
"bcc90093",FALSE,"not_sampled","2026-09-18"
"bcc90094",FALSE,"not_sampled","2026-09-18"
"bcc90095",FALSE,"not_sampled","2026-09-18"
"bcc901",FALSE,"not_sampled","2026-09-18"
"bcc902",FALSE,"not_sampled","2026-09-18"
"bcc903",FALSE,"not_sampled","2026-09-18"
"bcc904",FALSE,"not_sampled","2026-09-18"
"bcc905",FALSE,"not_sampled","2026-09-18"
"bcc906",FALSE,"not_sampled","2026-09-18"
"bcc907",FALSE,"not_sampled","2026-09-18"
"bcc908",FALSE,"not_sampled","2026-09-18"
"bcc909",FALSE,"not_sampled","2026-09-18"
"bcc910",FALSE,"not_sampled","2026-09-18"
"bcc91010",FALSE,"not_sampled","2026-09-18"
"bcc91011",FALSE,"not_sampled","2026-09-18"
"bcc91012",FALSE,"not_sampled","2026-09-18"
"bcc91013",FALSE,"not_sampled","2026-09-18"
"bcc91014",FALSE,"not_sampled","2026-09-18"
"bcc91015",FALSE,"not_sampled","2026-09-18"
"bcc91016",FALSE,"not_sampled","2026-09-18"
"bcc91017",FALSE,"not_sampled","2026-09-18"
"bcc91021",FALSE,"not_sampled","2026-09-18"
"bcc91022",FALSE,"not_sampled","2026-09-18"
"bcc91023",FALSE,"not_sampled","2026-09-18"
"bcc91024",FALSE,"not_sampled","2026-09-18"
"bcc91025",FALSE,"not_sampled","2026-09-18"
"bcc91026",FALSE,"not_sampled","2026-09-18"
"bcc91027",FALSE,"not_sampled","2026-09-18"
"bcc91028",FALSE,"not_sampled","2026-09-18"
"bcc91029",FALSE,"not_sampled","2026-09-18"
"bcc91033",FALSE,"not_sampled","2026-09-18"
"bcc91034",FALSE,"not_sampled","2026-09-18"
"bcc91035",FALSE,"not_sampled","2026-09-18"
"bcc91041",FALSE,"not_sampled","2026-09-18"
"bcc91042",FALSE,"not_sampled","2026-09-18"
"bcc91043",FALSE,"not_sampled","2026-09-18"
"bcc91044",FALSE,"not_sampled","2026-09-18"
"bcc91045",FALSE,"not_sampled","2026-09-18"
"bcc91046",FALSE,"not_sampled","2026-09-18"
"bcc91047",FALSE,"not_sampled","2026-09-18"
"bcc91048",FALSE,"not_sampled","2026-09-18"
"bcc91049",FALSE,"not_sampled","2026-09-18"
"bcc91050",FALSE,"not_sampled","2026-09-18"
"bcc91051",FALSE,"not_sampled","2026-09-18"
"bcc91052",FALSE,"not_sampled","2026-09-18"
"bcc91053",FALSE,"not_sampled","2026-09-18"
"bcc91054",FALSE,"not_sampled","2026-09-18"
"bcc91058",FALSE,"not_sampled","2026-09-18"
"bcc91059",FALSE,"not_sampled","2026-09-18"
"bcc91060",FALSE,"one_qualifying_leg","2026-09-18"
"bcc91061",FALSE,"not_sampled","2026-09-18"
"bcc91062",FALSE,"one_qualifying_leg","2026-09-18"
"bcc91063",FALSE,"not_sampled","2026-09-18"
"bcc91064",FALSE,"not_sampled","2026-09-18"
"bcc91065",FALSE,"not_sampled","2026-09-18"
"bcc91066",FALSE,"not_sampled","2026-09-18"
"bcc91067",FALSE,"not_sampled","2026-09-18"
"bcc91068",FALSE,"not_sampled","2026-09-18"
"bcc91069",FALSE,"not_sampled","2026-09-18"
"bcc91070",FALSE,"not_sampled","2026-09-18"
"bcc91071",FALSE,"not_sampled","2026-09-18"
"bcc91072",FALSE,"not_sampled","2026-09-18"
"bcc91073",FALSE,"not_sampled","2026-09-18"
"bcc91074",FALSE,"not_sampled","2026-09-18"
"bcc91075",FALSE,"not_sampled","2026-09-18"
"bcc91076",FALSE,"not_sampled","2026-09-18"
"bcc91077",FALSE,"not_sampled","2026-09-18"
"bcc91079",FALSE,"not_sampled","2026-09-18"
"bcc91080",FALSE,"not_sampled","2026-09-18"
"bcc91081",FALSE,"not_sampled","2026-09-18"
"bcc91082",FALSE,"not_sampled","2026-09-18"
"bcc91083",FALSE,"not_sampled","2026-09-18"
"bcc91084",FALSE,"not_sampled","2026-09-18"
"bcc91085",FALSE,"not_sampled","2026-09-18"
"bcc91086",FALSE,"not_sampled","2026-09-18"
"bcc91087",FALSE,"not_sampled","2026-09-18"
"bcc91088",FALSE,"not_sampled","2026-09-18"
"bcc91089",FALSE,"not_sampled","2026-09-18"
"bcc91090",FALSE,"not_sampled","2026-09-18"
"bcc91094",FALSE,"not_sampled","2026-09-18"
"bcc91095",FALSE,"not_sampled","2026-09-18"
"bcc91096",FALSE,"not_sampled","2026-09-18"
"bcc91097",FALSE,"not_sampled","2026-09-18"
"bcc91098",FALSE,"not_sampled","2026-09-18"
"bcc911",FALSE,"not_sampled","2026-09-18"
"bcc91104",FALSE,"not_sampled","2026-09-18"
"bcc912",FALSE,"not_sampled","2026-09-18"
"bcc913",FALSE,"not_sampled","2026-09-18"
"bcc914",FALSE,"not_sampled","2026-09-18"
"bcc915",FALSE,"not_sampled","2026-09-18"
"bcc916",FALSE,"not_sampled","2026-09-18"
"bcc917",FALSE,"not_sampled","2026-09-18"
"bcc918",FALSE,"not_sampled","2026-09-18"
"bcc919",FALSE,"not_sampled","2026-09-18"
"bcc92",FALSE,"not_sampled","2026-09-18"
"bcc920",FALSE,"not_sampled","2026-09-18"
"bcc92001",FALSE,"not_sampled","2026-09-18"
"bcc92002",FALSE,"not_sampled","2026-09-18"
"bcc92003",FALSE,"not_sampled","2026-09-18"
"bcc92004",FALSE,"not_sampled","2026-09-18"
"bcc92005",FALSE,"not_sampled","2026-09-18"
"bcc92006",FALSE,"not_sampled","2026-09-18"
"bcc92007",FALSE,"single_direction","2026-09-18"
"bcc92008",FALSE,"not_sampled","2026-09-18"
"bcc92009",FALSE,"not_sampled","2026-09-18"
"bcc92010",FALSE,"not_sampled","2026-09-18"
"bcc92011",FALSE,"not_sampled","2026-09-18"
"bcc92012",FALSE,"not_sampled","2026-09-18"
"bcc92013",FALSE,"not_sampled","2026-09-18"
"bcc92014",FALSE,"not_sampled","2026-09-18"
"bcc92015",FALSE,"not_sampled","2026-09-18"
"bcc92016",FALSE,"not_sampled","2026-09-18"
"bcc92017",FALSE,"not_sampled","2026-09-18"
"bcc92018",FALSE,"not_sampled","2026-09-18"
"bcc92019",FALSE,"not_sampled","2026-09-18"
"bcc92020",FALSE,"not_sampled","2026-09-18"
"bcc92021",FALSE,"not_sampled","2026-09-18"
"bcc92022",FALSE,"not_sampled","2026-09-18"
"bcc92023",FALSE,"not_sampled","2026-09-18"
"bcc92024",FALSE,"not_sampled","2026-09-18"
"bcc92025",FALSE,"not_sampled","2026-09-18"
"bcc92026",FALSE,"not_sampled","2026-09-18"
"bcc92027",FALSE,"not_sampled","2026-09-18"
"bcc92028",FALSE,"not_sampled","2026-09-18"
"bcc92029",FALSE,"not_sampled","2026-09-18"
"bcc92030",FALSE,"not_sampled","2026-09-18"
"bcc92031",FALSE,"not_sampled","2026-09-18"
"bcc92032",FALSE,"not_sampled","2026-09-18"
"bcc92033",FALSE,"not_sampled","2026-09-18"
"bcc92034",FALSE,"not_sampled","2026-09-18"
"bcc92035",FALSE,"not_sampled","2026-09-18"
"bcc92036",FALSE,"not_sampled","2026-09-18"
"bcc92037",FALSE,"not_sampled","2026-09-18"
"bcc92038",FALSE,"not_sampled","2026-09-18"
"bcc92040",FALSE,"not_sampled","2026-09-18"
"bcc92041",FALSE,"not_sampled","2026-09-18"
"bcc92042",FALSE,"not_sampled","2026-09-18"
"bcc92043",FALSE,"not_sampled","2026-09-18"
"bcc92044",FALSE,"not_sampled","2026-09-18"
"bcc92045",FALSE,"not_sampled","2026-09-18"
"bcc92046",FALSE,"not_sampled","2026-09-18"
"bcc92047",FALSE,"not_sampled","2026-09-18"
"bcc92048",FALSE,"not_sampled","2026-09-18"
"bcc92049",FALSE,"not_sampled","2026-09-18"
"bcc92050",FALSE,"not_sampled","2026-09-18"
"bcc92051",FALSE,"not_sampled","2026-09-18"
"bcc92052",FALSE,"not_sampled","2026-09-18"
"bcc92053",FALSE,"not_sampled","2026-09-18"
"bcc92054",FALSE,"not_sampled","2026-09-18"
"bcc92055",FALSE,"not_sampled","2026-09-18"
"bcc92056",FALSE,"not_sampled","2026-09-18"
"bcc92057",FALSE,"not_sampled","2026-09-18"
"bcc92058",FALSE,"not_sampled","2026-09-18"
"bcc92059",FALSE,"not_sampled","2026-09-18"
"bcc92060",FALSE,"not_sampled","2026-09-18"
"bcc92061",FALSE,"not_sampled","2026-09-18"
"bcc92062",FALSE,"not_sampled","2026-09-18"
"bcc92063",FALSE,"not_sampled","2026-09-18"
"bcc92064",FALSE,"not_sampled","2026-09-18"
"bcc92065",FALSE,"not_sampled","2026-09-18"
"bcc92066",FALSE,"not_sampled","2026-09-18"
"bcc92067",FALSE,"not_sampled","2026-09-18"
"bcc92068",FALSE,"not_sampled","2026-09-18"
"bcc92069",FALSE,"not_sampled","2026-09-18"
"bcc92070",FALSE,"not_sampled","2026-09-18"
"bcc92071",FALSE,"not_sampled","2026-09-18"
"bcc92072",FALSE,"not_sampled","2026-09-18"
"bcc92073",FALSE,"not_sampled","2026-09-18"
"bcc92074",FALSE,"not_sampled","2026-09-18"
"bcc92075",FALSE,"not_sampled","2026-09-18"
"bcc92076",FALSE,"not_sampled","2026-09-18"
"bcc92077",FALSE,"not_sampled","2026-09-18"
"bcc92078",FALSE,"not_sampled","2026-09-18"
"bcc92079",FALSE,"not_sampled","2026-09-18"
"bcc92080",FALSE,"not_sampled","2026-09-18"
"bcc92081",FALSE,"not_sampled","2026-09-18"
"bcc92082",FALSE,"not_sampled","2026-09-18"
"bcc92083",FALSE,"not_sampled","2026-09-18"
"bcc92084",FALSE,"not_sampled","2026-09-18"
"bcc92085",FALSE,"not_sampled","2026-09-18"
"bcc92086",FALSE,"not_sampled","2026-09-18"
"bcc92087",FALSE,"not_sampled","2026-09-18"
"bcc92088",FALSE,"not_sampled","2026-09-18"
"bcc92089",FALSE,"not_sampled","2026-09-18"
"bcc92090",FALSE,"not_sampled","2026-09-18"
"bcc92091",FALSE,"not_sampled","2026-09-18"
"bcc92092",FALSE,"not_sampled","2026-09-18"
"bcc92093",FALSE,"not_sampled","2026-09-18"
"bcc92094",FALSE,"not_sampled","2026-09-18"
"bcc92095",FALSE,"not_sampled","2026-09-18"
"bcc92096",FALSE,"not_sampled","2026-09-18"
"bcc92097",FALSE,"not_sampled","2026-09-18"
"bcc92098",FALSE,"not_sampled","2026-09-18"
"bcc92099",FALSE,"not_sampled","2026-09-18"
"bcc921",FALSE,"not_sampled","2026-09-18"
"bcc92100",FALSE,"not_sampled","2026-09-18"
"bcc92101",FALSE,"not_sampled","2026-09-18"
"bcc92102",FALSE,"not_sampled","2026-09-18"
"bcc92103",FALSE,"not_sampled","2026-09-18"
"bcc92104",FALSE,"not_sampled","2026-09-18"
"bcc92105",FALSE,"not_sampled","2026-09-18"
"bcc92106",FALSE,"not_sampled","2026-09-18"
"bcc92107",FALSE,"not_sampled","2026-09-18"
"bcc92108",FALSE,"not_sampled","2026-09-18"
"bcc92109",FALSE,"not_sampled","2026-09-18"
"bcc92110",FALSE,"not_sampled","2026-09-18"
"bcc92111",FALSE,"not_sampled","2026-09-18"
"bcc92123",FALSE,"not_sampled","2026-09-18"
"bcc92124",FALSE,"not_sampled","2026-09-18"
"bcc92125",FALSE,"one_qualifying_leg","2026-09-18"
"bcc92140",FALSE,"not_sampled","2026-09-18"
"bcc922",FALSE,"not_sampled","2026-09-18"
"bcc923",FALSE,"not_sampled","2026-09-18"
"bcc924",FALSE,"not_sampled","2026-09-18"
"bcc925",FALSE,"not_sampled","2026-09-18"
"bcc926",FALSE,"not_sampled","2026-09-18"
"bcc927",FALSE,"not_sampled","2026-09-18"
"bcc928",FALSE,"not_sampled","2026-09-18"
"bcc929",FALSE,"not_sampled","2026-09-18"
"bcc93",FALSE,"not_sampled","2026-09-18"
"bcc930",FALSE,"not_sampled","2026-09-18"
"bcc93001",FALSE,"not_sampled","2026-09-18"
"bcc93002",FALSE,"not_sampled","2026-09-18"
"bcc93003",FALSE,"not_sampled","2026-09-18"
"bcc93004",FALSE,"not_sampled","2026-09-18"
"bcc93005",FALSE,"not_sampled","2026-09-18"
"bcc93006",FALSE,"not_sampled","2026-09-18"
"bcc93007",FALSE,"not_sampled","2026-09-18"
"bcc93008",FALSE,"not_sampled","2026-09-18"
"bcc93009",FALSE,"not_sampled","2026-09-18"
"bcc93010",FALSE,"not_sampled","2026-09-18"
"bcc93011",FALSE,"not_sampled","2026-09-18"
"bcc93012",FALSE,"not_sampled","2026-09-18"
"bcc93013",FALSE,"not_sampled","2026-09-18"
"bcc93014",FALSE,"not_sampled","2026-09-18"
"bcc93015",FALSE,"not_sampled","2026-09-18"
"bcc93016",FALSE,"not_sampled","2026-09-18"
"bcc93017",FALSE,"not_sampled","2026-09-18"
"bcc93018",FALSE,"not_sampled","2026-09-18"
"bcc93019",FALSE,"not_sampled","2026-09-18"
"bcc93024",FALSE,"not_sampled","2026-09-18"
"bcc93025",FALSE,"single_direction","2026-09-18"
"bcc93026",FALSE,"not_sampled","2026-09-18"
"bcc93027",FALSE,"not_sampled","2026-09-18"
"bcc93028",FALSE,"not_sampled","2026-09-18"
"bcc93029",FALSE,"not_sampled","2026-09-18"
"bcc93030",FALSE,"not_sampled","2026-09-18"
"bcc93031",FALSE,"not_sampled","2026-09-18"
"bcc93032",FALSE,"not_sampled","2026-09-18"
"bcc93033",FALSE,"not_sampled","2026-09-18"
"bcc93034",FALSE,"not_sampled","2026-09-18"
"bcc93035",FALSE,"not_sampled","2026-09-18"
"bcc93036",FALSE,"not_sampled","2026-09-18"
"bcc93037",FALSE,"not_sampled","2026-09-18"
"bcc93038",FALSE,"not_sampled","2026-09-18"
"bcc93039",FALSE,"not_sampled","2026-09-18"
"bcc93040",FALSE,"not_sampled","2026-09-18"
"bcc93041",FALSE,"not_sampled","2026-09-18"
"bcc93042",FALSE,"not_sampled","2026-09-18"
"bcc93043",FALSE,"not_sampled","2026-09-18"
"bcc93044",FALSE,"not_sampled","2026-09-18"
"bcc93045",FALSE,"not_sampled","2026-09-18"
"bcc93046",FALSE,"not_sampled","2026-09-18"
"bcc93047",FALSE,"not_sampled","2026-09-18"
"bcc93048",FALSE,"not_sampled","2026-09-18"
"bcc93049",FALSE,"not_sampled","2026-09-18"
"bcc93050",FALSE,"not_sampled","2026-09-18"
"bcc93051",FALSE,"not_sampled","2026-09-18"
"bcc93052",FALSE,"not_sampled","2026-09-18"
"bcc93053",FALSE,"not_sampled","2026-09-18"
"bcc93054",FALSE,"not_sampled","2026-09-18"
"bcc93055",FALSE,"not_sampled","2026-09-18"
"bcc93056",FALSE,"not_sampled","2026-09-18"
"bcc93057",FALSE,"not_sampled","2026-09-18"
"bcc93058",FALSE,"not_sampled","2026-09-18"
"bcc93059",FALSE,"not_sampled","2026-09-18"
"bcc93060",FALSE,"not_sampled","2026-09-18"
"bcc93061",FALSE,"not_sampled","2026-09-18"
"bcc93062",FALSE,"not_sampled","2026-09-18"
"bcc93063",FALSE,"not_sampled","2026-09-18"
"bcc93064",FALSE,"not_sampled","2026-09-18"
"bcc93065",FALSE,"not_sampled","2026-09-18"
"bcc93066",FALSE,"not_sampled","2026-09-18"
"bcc93067",FALSE,"not_sampled","2026-09-18"
"bcc93068",FALSE,"not_sampled","2026-09-18"
"bcc93069",FALSE,"not_sampled","2026-09-18"
"bcc93070",FALSE,"not_sampled","2026-09-18"
"bcc93071",FALSE,"not_sampled","2026-09-18"
"bcc93072",FALSE,"not_sampled","2026-09-18"
"bcc93073",FALSE,"not_sampled","2026-09-18"
"bcc93074",FALSE,"not_sampled","2026-09-18"
"bcc93075",FALSE,"not_sampled","2026-09-18"
"bcc93076",FALSE,"not_sampled","2026-09-18"
"bcc93077",FALSE,"not_sampled","2026-09-18"
"bcc93078",FALSE,"not_sampled","2026-09-18"
"bcc93079",FALSE,"not_sampled","2026-09-18"
"bcc93080",TRUE,"no_decisive_leg","2026-10-02"
"bcc93081",FALSE,"not_sampled","2026-09-18"
"bcc93082",TRUE,"no_decisive_leg","2026-10-02"
"bcc93083",FALSE,"not_sampled","2026-09-18"
"bcc93084",FALSE,"not_sampled","2026-09-18"
"bcc93085",FALSE,"not_sampled","2026-09-18"
"bcc93086",FALSE,"not_sampled","2026-09-18"
"bcc93087",FALSE,"not_sampled","2026-09-18"
"bcc93088",FALSE,"not_sampled","2026-09-18"
"bcc93089",FALSE,"not_sampled","2026-09-18"
"bcc93090",FALSE,"not_sampled","2026-09-18"
"bcc93091",FALSE,"not_sampled","2026-09-18"
"bcc93092",FALSE,"not_sampled","2026-09-18"
"bcc93093",FALSE,"not_sampled","2026-09-18"
"bcc93094",FALSE,"not_sampled","2026-09-18"
"bcc93095",FALSE,"not_sampled","2026-09-18"
"bcc93096",FALSE,"not_sampled","2026-09-18"
"bcc93097",FALSE,"not_sampled","2026-09-18"
"bcc93098",FALSE,"not_sampled","2026-09-18"
"bcc93099",FALSE,"not_sampled","2026-09-18"
"bcc931",FALSE,"not_sampled","2026-09-18"
"bcc93100",FALSE,"not_sampled","2026-09-18"
"bcc93101",FALSE,"not_sampled","2026-09-18"
"bcc93102",FALSE,"not_sampled","2026-09-18"
"bcc93103",FALSE,"not_sampled","2026-09-18"
"bcc93104",FALSE,"not_sampled","2026-09-18"
"bcc93105",FALSE,"not_sampled","2026-09-18"
"bcc93106",FALSE,"not_sampled","2026-09-18"
"bcc93107",FALSE,"not_sampled","2026-09-18"
"bcc93108",FALSE,"not_sampled","2026-09-18"
"bcc93109",FALSE,"not_sampled","2026-09-18"
"bcc93110",FALSE,"not_sampled","2026-09-18"
"bcc93111",FALSE,"not_sampled","2026-09-18"
"bcc93112",FALSE,"not_sampled","2026-09-18"
"bcc93113",FALSE,"not_sampled","2026-09-18"
"bcc93114",FALSE,"not_sampled","2026-09-18"
"bcc93115",FALSE,"not_sampled","2026-09-18"
"bcc93116",FALSE,"not_sampled","2026-09-18"
"bcc93117",FALSE,"not_sampled","2026-09-18"
"bcc93118",FALSE,"not_sampled","2026-09-18"
"bcc93119",FALSE,"not_sampled","2026-09-18"
"bcc93120",FALSE,"not_sampled","2026-09-18"
"bcc932",FALSE,"not_sampled","2026-09-18"
"bcc933",FALSE,"not_sampled","2026-09-18"
"bcc934",FALSE,"not_sampled","2026-09-18"
"bcc935",FALSE,"not_sampled","2026-09-18"
"bcc936",FALSE,"not_sampled","2026-09-18"
"bcc937",FALSE,"not_sampled","2026-09-18"
"bcc938",FALSE,"not_sampled","2026-09-18"
"bcc939",FALSE,"not_sampled","2026-09-18"
"bcc94",FALSE,"not_sampled","2026-09-18"
"bcc940",FALSE,"not_sampled","2026-09-18"
"bcc94001",FALSE,"not_sampled","2026-09-18"
"bcc94002",FALSE,"not_sampled","2026-09-18"
"bcc94003",FALSE,"not_sampled","2026-09-18"
"bcc94004",FALSE,"not_sampled","2026-09-18"
"bcc94005",FALSE,"not_sampled","2026-09-18"
"bcc94006",FALSE,"not_sampled","2026-09-18"
"bcc94007",FALSE,"not_sampled","2026-09-18"
"bcc94008",FALSE,"not_sampled","2026-09-18"
"bcc94009",FALSE,"not_sampled","2026-09-18"
"bcc94010",FALSE,"not_sampled","2026-09-18"
"bcc94011",FALSE,"not_sampled","2026-09-18"
"bcc94012",FALSE,"not_sampled","2026-09-18"
"bcc94013",FALSE,"not_sampled","2026-09-18"
"bcc94014",FALSE,"not_sampled","2026-09-18"
"bcc94015",FALSE,"not_sampled","2026-09-18"
"bcc94016",FALSE,"not_sampled","2026-09-18"
"bcc94017",FALSE,"not_sampled","2026-09-18"
"bcc94018",FALSE,"not_sampled","2026-09-18"
"bcc94019",FALSE,"not_sampled","2026-09-18"
"bcc94020",FALSE,"not_sampled","2026-09-18"
"bcc94021",FALSE,"not_sampled","2026-09-18"
"bcc94022",FALSE,"not_sampled","2026-09-18"
"bcc94023",FALSE,"not_sampled","2026-09-18"
"bcc94024",FALSE,"not_sampled","2026-09-18"
"bcc94025",FALSE,"not_sampled","2026-09-18"
"bcc94026",FALSE,"not_sampled","2026-09-18"
"bcc94027",FALSE,"not_sampled","2026-09-18"
"bcc94028",FALSE,"not_sampled","2026-09-18"
"bcc94029",FALSE,"not_sampled","2026-09-18"
"bcc94030",FALSE,"not_sampled","2026-09-18"
"bcc94031",FALSE,"not_sampled","2026-09-18"
"bcc94032",FALSE,"not_sampled","2026-09-18"
"bcc94033",FALSE,"not_sampled","2026-09-18"
"bcc94034",FALSE,"not_sampled","2026-09-18"
"bcc94035",FALSE,"not_sampled","2026-09-18"
"bcc94036",FALSE,"not_sampled","2026-09-18"
"bcc94037",TRUE,"no_decisive_leg","2026-10-02"
"bcc94038",FALSE,"not_sampled","2026-09-18"
"bcc94039",FALSE,"not_sampled","2026-09-18"
"bcc94040",FALSE,"not_sampled","2026-09-18"
"bcc94041",FALSE,"not_sampled","2026-09-18"
"bcc94042",FALSE,"not_sampled","2026-09-18"
"bcc94043",FALSE,"not_sampled","2026-09-18"
"bcc94044",FALSE,"not_sampled","2026-09-18"
"bcc94045",FALSE,"not_sampled","2026-09-18"
"bcc94046",FALSE,"not_sampled","2026-09-18"
"bcc94047",FALSE,"not_sampled","2026-09-18"
"bcc94048",FALSE,"not_sampled","2026-09-18"
"bcc94049",FALSE,"not_sampled","2026-09-18"
"bcc94050",FALSE,"not_sampled","2026-09-18"
"bcc94051",FALSE,"not_sampled","2026-09-18"
"bcc94052",FALSE,"single_direction","2026-09-18"
"bcc94053",FALSE,"not_sampled","2026-09-18"
"bcc94054",FALSE,"not_sampled","2026-09-18"
"bcc94055",FALSE,"not_sampled","2026-09-18"
"bcc94056",FALSE,"not_sampled","2026-09-18"
"bcc94057",FALSE,"not_sampled","2026-09-18"
"bcc94058",FALSE,"not_sampled","2026-09-18"
"bcc94059",FALSE,"not_sampled","2026-09-18"
"bcc94060",FALSE,"not_sampled","2026-09-18"
"bcc94061",FALSE,"not_sampled","2026-09-18"
"bcc94062",FALSE,"not_sampled","2026-09-18"
"bcc94063",FALSE,"not_sampled","2026-09-18"
"bcc94064",FALSE,"not_sampled","2026-09-18"
"bcc94065",FALSE,"not_sampled","2026-09-18"
"bcc94066",FALSE,"not_sampled","2026-09-18"
"bcc94067",FALSE,"not_sampled","2026-09-18"
"bcc94068",FALSE,"not_sampled","2026-09-18"
"bcc94069",FALSE,"not_sampled","2026-09-18"
"bcc94070",FALSE,"not_sampled","2026-09-18"
"bcc94071",FALSE,"not_sampled","2026-09-18"
"bcc94072",FALSE,"not_sampled","2026-09-18"
"bcc94073",FALSE,"not_sampled","2026-09-18"
"bcc94074",FALSE,"not_sampled","2026-09-18"
"bcc94075",FALSE,"not_sampled","2026-09-18"
"bcc94076",FALSE,"not_sampled","2026-09-18"
"bcc94077",FALSE,"not_sampled","2026-09-18"
"bcc94078",FALSE,"not_sampled","2026-09-18"
"bcc94079",FALSE,"not_sampled","2026-09-18"
"bcc94080",FALSE,"not_sampled","2026-09-18"
"bcc94081",FALSE,"not_sampled","2026-09-18"
"bcc94082",FALSE,"not_sampled","2026-09-18"
"bcc94083",FALSE,"not_sampled","2026-09-18"
"bcc94084",FALSE,"not_sampled","2026-09-18"
"bcc94085",FALSE,"not_sampled","2026-09-18"
"bcc94086",FALSE,"not_sampled","2026-09-18"
"bcc94087",FALSE,"not_sampled","2026-09-18"
"bcc94088",FALSE,"not_sampled","2026-09-18"
"bcc94089",FALSE,"not_sampled","2026-09-18"
"bcc94090",FALSE,"not_sampled","2026-09-18"
"bcc94091",FALSE,"not_sampled","2026-09-18"
"bcc94092",FALSE,"not_sampled","2026-09-18"
"bcc94093",FALSE,"not_sampled","2026-09-18"
"bcc94094",FALSE,"not_sampled","2026-09-18"
"bcc94095",FALSE,"not_sampled","2026-09-18"
"bcc94096",FALSE,"not_sampled","2026-09-18"
"bcc94097",FALSE,"not_sampled","2026-09-18"
"bcc94098",FALSE,"not_sampled","2026-09-18"
"bcc94099",FALSE,"not_sampled","2026-09-18"
"bcc941",FALSE,"not_sampled","2026-09-18"
"bcc94100",FALSE,"not_sampled","2026-09-18"
"bcc94101",FALSE,"not_sampled","2026-09-18"
"bcc94102",FALSE,"not_sampled","2026-09-18"
"bcc94103",FALSE,"not_sampled","2026-09-18"
"bcc94104",FALSE,"not_sampled","2026-09-18"
"bcc94105",FALSE,"not_sampled","2026-09-18"
"bcc94106",FALSE,"not_sampled","2026-09-18"
"bcc94107",FALSE,"not_sampled","2026-09-18"
"bcc94108",FALSE,"not_sampled","2026-09-18"
"bcc94109",FALSE,"not_sampled","2026-09-18"
"bcc94110",FALSE,"not_sampled","2026-09-18"
"bcc94111",FALSE,"not_sampled","2026-09-18"
"bcc94112",FALSE,"not_sampled","2026-09-18"
"bcc94113",FALSE,"not_sampled","2026-09-18"
"bcc94114",FALSE,"not_sampled","2026-09-18"
"bcc94115",FALSE,"not_sampled","2026-09-18"
"bcc94116",FALSE,"not_sampled","2026-09-18"
"bcc94117",FALSE,"not_sampled","2026-09-18"
"bcc94118",FALSE,"not_sampled","2026-09-18"
"bcc94119",FALSE,"not_sampled","2026-09-18"
"bcc94120",FALSE,"not_sampled","2026-09-18"
"bcc94121",FALSE,"not_sampled","2026-09-18"
"bcc94122",FALSE,"not_sampled","2026-09-18"
"bcc94123",FALSE,"not_sampled","2026-09-18"
"bcc94124",FALSE,"not_sampled","2026-09-18"
"bcc94125",FALSE,"not_sampled","2026-09-18"
"bcc94126",FALSE,"not_sampled","2026-09-18"
"bcc94127",FALSE,"not_sampled","2026-09-18"
"bcc94128",FALSE,"not_sampled","2026-09-18"
"bcc94129",FALSE,"not_sampled","2026-09-18"
"bcc94130",FALSE,"not_sampled","2026-09-18"
"bcc94131",FALSE,"not_sampled","2026-09-18"
"bcc94132",FALSE,"not_sampled","2026-09-18"
"bcc94133",FALSE,"not_sampled","2026-09-18"
"bcc94134",FALSE,"not_sampled","2026-09-18"
"bcc94135",FALSE,"not_sampled","2026-09-18"
"bcc94136",FALSE,"not_sampled","2026-09-18"
"bcc94137",FALSE,"not_sampled","2026-09-18"
"bcc94138",FALSE,"not_sampled","2026-09-18"
"bcc94139",FALSE,"not_sampled","2026-09-18"
"bcc94140",FALSE,"not_sampled","2026-09-18"
"bcc94141",FALSE,"not_sampled","2026-09-18"
"bcc94142",FALSE,"not_sampled","2026-09-18"
"bcc94143",FALSE,"not_sampled","2026-09-18"
"bcc94144",FALSE,"not_sampled","2026-09-18"
"bcc94145",FALSE,"not_sampled","2026-09-18"
"bcc94146",FALSE,"not_sampled","2026-09-18"
"bcc94147",FALSE,"not_sampled","2026-09-18"
"bcc94148",FALSE,"not_sampled","2026-09-18"
"bcc94151",FALSE,"not_sampled","2026-09-18"
"bcc94152",FALSE,"not_sampled","2026-09-18"
"bcc94153",FALSE,"not_sampled","2026-09-18"
"bcc94154",FALSE,"not_sampled","2026-09-18"
"bcc94155",FALSE,"not_sampled","2026-09-18"
"bcc94156",FALSE,"not_sampled","2026-09-18"
"bcc94157",FALSE,"not_sampled","2026-09-18"
"bcc94158",FALSE,"not_sampled","2026-09-18"
"bcc94159",FALSE,"not_sampled","2026-09-18"
"bcc94160",FALSE,"not_sampled","2026-09-18"
"bcc94161",FALSE,"not_sampled","2026-09-18"
"bcc94162",FALSE,"not_sampled","2026-09-18"
"bcc94163",FALSE,"not_sampled","2026-09-18"
"bcc94164",FALSE,"not_sampled","2026-09-18"
"bcc94165",FALSE,"not_sampled","2026-09-18"
"bcc94166",FALSE,"not_sampled","2026-09-18"
"bcc94167",FALSE,"not_sampled","2026-09-18"
"bcc94168",FALSE,"one_qualifying_leg","2026-09-18"
"bcc942",FALSE,"not_sampled","2026-09-18"
"bcc943",FALSE,"not_sampled","2026-09-18"
"bcc944",FALSE,"not_sampled","2026-09-18"
"bcc945",FALSE,"not_sampled","2026-09-18"
"bcc946",FALSE,"not_sampled","2026-09-18"
"bcc947",FALSE,"not_sampled","2026-09-18"
"bcc948",FALSE,"not_sampled","2026-09-18"
"bcc949",FALSE,"not_sampled","2026-09-18"
"bcc950",FALSE,"not_sampled","2026-09-18"
"bcc95001",FALSE,"not_sampled","2026-09-18"
"bcc95002",FALSE,"not_sampled","2026-09-18"
"bcc95003",FALSE,"not_sampled","2026-09-18"
"bcc95004",FALSE,"not_sampled","2026-09-18"
"bcc95005",FALSE,"not_sampled","2026-09-18"
"bcc95006",FALSE,"not_sampled","2026-09-18"
"bcc95007",FALSE,"not_sampled","2026-09-18"
"bcc95008",FALSE,"not_sampled","2026-09-18"
"bcc95009",FALSE,"not_sampled","2026-09-18"
"bcc95010",FALSE,"not_sampled","2026-09-18"
"bcc95011",FALSE,"not_sampled","2026-09-18"
"bcc95012",FALSE,"not_sampled","2026-09-18"
"bcc95013",FALSE,"not_sampled","2026-09-18"
"bcc95014",FALSE,"not_sampled","2026-09-18"
"bcc95015",FALSE,"not_sampled","2026-09-18"
"bcc95016",FALSE,"not_sampled","2026-09-18"
"bcc95017",FALSE,"not_sampled","2026-09-18"
"bcc95018",FALSE,"not_sampled","2026-09-18"
"bcc95019",FALSE,"not_sampled","2026-09-18"
"bcc95020",FALSE,"not_sampled","2026-09-18"
"bcc95021",FALSE,"not_sampled","2026-09-18"
"bcc95022",FALSE,"not_sampled","2026-09-18"
"bcc95023",FALSE,"not_sampled","2026-09-18"
"bcc95024",FALSE,"not_sampled","2026-09-18"
"bcc95025",FALSE,"not_sampled","2026-09-18"
"bcc95026",FALSE,"not_sampled","2026-09-18"
"bcc95027",FALSE,"not_sampled","2026-09-18"
"bcc95028",FALSE,"not_sampled","2026-09-18"
"bcc95029",FALSE,"not_sampled","2026-09-18"
"bcc95030",FALSE,"not_sampled","2026-09-18"
"bcc95031",FALSE,"not_sampled","2026-09-18"
"bcc95032",FALSE,"not_sampled","2026-09-18"
"bcc95033",FALSE,"not_sampled","2026-09-18"
"bcc95034",FALSE,"not_sampled","2026-09-18"
"bcc95035",FALSE,"not_sampled","2026-09-18"
"bcc95036",FALSE,"not_sampled","2026-09-18"
"bcc95037",FALSE,"not_sampled","2026-09-18"
"bcc95038",FALSE,"not_sampled","2026-09-18"
"bcc95039",FALSE,"not_sampled","2026-09-18"
"bcc95040",FALSE,"not_sampled","2026-09-18"
"bcc95041",FALSE,"not_sampled","2026-09-18"
"bcc95042",FALSE,"not_sampled","2026-09-18"
"bcc95043",FALSE,"not_sampled","2026-09-18"
"bcc95044",FALSE,"not_sampled","2026-09-18"
"bcc95045",FALSE,"not_sampled","2026-09-18"
"bcc95046",FALSE,"not_sampled","2026-09-18"
"bcc95047",FALSE,"not_sampled","2026-09-18"
"bcc95048",FALSE,"not_sampled","2026-09-18"
"bcc95049",FALSE,"not_sampled","2026-09-18"
"bcc95050",FALSE,"not_sampled","2026-09-18"
"bcc95051",FALSE,"not_sampled","2026-09-18"
"bcc95052",FALSE,"not_sampled","2026-09-18"
"bcc95053",FALSE,"not_sampled","2026-09-18"
"bcc95054",FALSE,"not_sampled","2026-09-18"
"bcc95055",FALSE,"not_sampled","2026-09-18"
"bcc95056",FALSE,"not_sampled","2026-09-18"
"bcc95057",FALSE,"not_sampled","2026-09-18"
"bcc95058",FALSE,"not_sampled","2026-09-18"
"bcc95059",FALSE,"not_sampled","2026-09-18"
"bcc95060",FALSE,"not_sampled","2026-09-18"
"bcc95061",FALSE,"not_sampled","2026-09-18"
"bcc95062",FALSE,"not_sampled","2026-09-18"
"bcc95063",FALSE,"not_sampled","2026-09-18"
"bcc95064",FALSE,"not_sampled","2026-09-18"
"bcc95065",FALSE,"not_sampled","2026-09-18"
"bcc95066",FALSE,"not_sampled","2026-09-18"
"bcc95067",FALSE,"not_sampled","2026-09-18"
"bcc95068",FALSE,"not_sampled","2026-09-18"
"bcc95069",FALSE,"not_sampled","2026-09-18"
"bcc95070",FALSE,"not_sampled","2026-09-18"
"bcc95071",FALSE,"not_sampled","2026-09-18"
"bcc95072",FALSE,"not_sampled","2026-09-18"
"bcc95073",FALSE,"not_sampled","2026-09-18"
"bcc95074",FALSE,"not_sampled","2026-09-18"
"bcc95075",FALSE,"not_sampled","2026-09-18"
"bcc95076",FALSE,"not_sampled","2026-09-18"
"bcc95077",FALSE,"not_sampled","2026-09-18"
"bcc95078",FALSE,"not_sampled","2026-09-18"
"bcc95079",FALSE,"not_sampled","2026-09-18"
"bcc95080",FALSE,"not_sampled","2026-09-18"
"bcc95081",FALSE,"not_sampled","2026-09-18"
"bcc95082",FALSE,"not_sampled","2026-09-18"
"bcc95083",FALSE,"not_sampled","2026-09-18"
"bcc95084",FALSE,"not_sampled","2026-09-18"
"bcc95085",FALSE,"not_sampled","2026-09-18"
"bcc95086",FALSE,"not_sampled","2026-09-18"
"bcc95087",FALSE,"not_sampled","2026-09-18"
"bcc95088",FALSE,"not_sampled","2026-09-18"
"bcc95089",FALSE,"not_sampled","2026-09-18"
"bcc95093",FALSE,"not_sampled","2026-09-18"
"bcc95094",FALSE,"not_sampled","2026-09-18"
"bcc95095",FALSE,"not_sampled","2026-09-18"
"bcc95096",FALSE,"not_sampled","2026-09-18"
"bcc95097",FALSE,"not_sampled","2026-09-18"
"bcc95098",FALSE,"not_sampled","2026-09-18"
"bcc95099",FALSE,"not_sampled","2026-09-18"
"bcc951",FALSE,"not_sampled","2026-09-18"
"bcc95100",FALSE,"not_sampled","2026-09-18"
"bcc95101",FALSE,"not_sampled","2026-09-18"
"bcc95102",FALSE,"not_sampled","2026-09-18"
"bcc95103",FALSE,"not_sampled","2026-09-18"
"bcc95104",FALSE,"not_sampled","2026-09-18"
"bcc95105",FALSE,"not_sampled","2026-09-18"
"bcc95106",FALSE,"not_sampled","2026-09-18"
"bcc95107",FALSE,"not_sampled","2026-09-18"
"bcc95108",FALSE,"not_sampled","2026-09-18"
"bcc95109",FALSE,"not_sampled","2026-09-18"
"bcc95110",FALSE,"not_sampled","2026-09-18"
"bcc95111",FALSE,"not_sampled","2026-09-18"
"bcc95112",FALSE,"not_sampled","2026-09-18"
"bcc95113",FALSE,"not_sampled","2026-09-18"
"bcc95114",FALSE,"not_sampled","2026-09-18"
"bcc95115",FALSE,"not_sampled","2026-09-18"
"bcc95116",FALSE,"not_sampled","2026-09-18"
"bcc95117",FALSE,"not_sampled","2026-09-18"
"bcc95118",FALSE,"not_sampled","2026-09-18"
"bcc95119",FALSE,"not_sampled","2026-09-18"
"bcc95120",FALSE,"not_sampled","2026-09-18"
"bcc95121",FALSE,"not_sampled","2026-09-18"
"bcc952",FALSE,"not_sampled","2026-09-18"
"bcc953",FALSE,"not_sampled","2026-09-18"
"bcc954",FALSE,"not_sampled","2026-09-18"
"bcc955",FALSE,"not_sampled","2026-09-18"
"bcc956",FALSE,"not_sampled","2026-09-18"
"bcc957",FALSE,"not_sampled","2026-09-18"
"bcc958",FALSE,"not_sampled","2026-09-18"
"bcc959",FALSE,"not_sampled","2026-09-18"
"bcc960",FALSE,"not_sampled","2026-09-18"
"bcc96001",FALSE,"not_sampled","2026-09-18"
"bcc96002",FALSE,"not_sampled","2026-09-18"
"bcc96003",FALSE,"not_sampled","2026-09-18"
"bcc96004",FALSE,"not_sampled","2026-09-18"
"bcc96005",FALSE,"not_sampled","2026-09-18"
"bcc96006",FALSE,"not_sampled","2026-09-18"
"bcc96007",FALSE,"not_sampled","2026-09-18"
"bcc96008",FALSE,"not_sampled","2026-09-18"
"bcc96009",FALSE,"not_sampled","2026-09-18"
"bcc96010",FALSE,"not_sampled","2026-09-18"
"bcc96012",FALSE,"not_sampled","2026-09-18"
"bcc96013",FALSE,"not_sampled","2026-09-18"
"bcc96014",FALSE,"not_sampled","2026-09-18"
"bcc96015",FALSE,"not_sampled","2026-09-18"
"bcc96016",FALSE,"not_sampled","2026-09-18"
"bcc96017",FALSE,"not_sampled","2026-09-18"
"bcc96018",FALSE,"not_sampled","2026-09-18"
"bcc96019",FALSE,"not_sampled","2026-09-18"
"bcc96020",FALSE,"not_sampled","2026-09-18"
"bcc96021",FALSE,"not_sampled","2026-09-18"
"bcc96022",FALSE,"not_sampled","2026-09-18"
"bcc96023",FALSE,"not_sampled","2026-09-18"
"bcc96024",FALSE,"not_sampled","2026-09-18"
"bcc96025",FALSE,"not_sampled","2026-09-18"
"bcc96026",FALSE,"not_sampled","2026-09-18"
"bcc96027",FALSE,"not_sampled","2026-09-18"
"bcc96028",FALSE,"not_sampled","2026-09-18"
"bcc96029",FALSE,"not_sampled","2026-09-18"
"bcc96030",FALSE,"not_sampled","2026-09-18"
"bcc96031",FALSE,"not_sampled","2026-09-18"
"bcc96032",FALSE,"single_direction","2026-09-18"
"bcc96033",FALSE,"not_sampled","2026-09-18"
"bcc96034",FALSE,"not_sampled","2026-09-18"
"bcc96035",FALSE,"not_sampled","2026-09-18"
"bcc96036",FALSE,"not_sampled","2026-09-18"
"bcc96037",FALSE,"not_sampled","2026-09-18"
"bcc96038",FALSE,"not_sampled","2026-09-18"
"bcc96039",FALSE,"not_sampled","2026-09-18"
"bcc96040",FALSE,"not_sampled","2026-09-18"
"bcc96041",FALSE,"not_sampled","2026-09-18"
"bcc96042",FALSE,"not_sampled","2026-09-18"
"bcc96043",FALSE,"not_sampled","2026-09-18"
"bcc96044",FALSE,"not_sampled","2026-09-18"
"bcc96045",FALSE,"not_sampled","2026-09-18"
"bcc96046",FALSE,"not_sampled","2026-09-18"
"bcc96048",FALSE,"not_sampled","2026-09-18"
"bcc96049",FALSE,"not_sampled","2026-09-18"
"bcc96050",FALSE,"not_sampled","2026-09-18"
"bcc96051",FALSE,"not_sampled","2026-09-18"
"bcc96052",FALSE,"not_sampled","2026-09-18"
"bcc96053",FALSE,"not_sampled","2026-09-18"
"bcc96054",FALSE,"not_sampled","2026-09-18"
"bcc96055",FALSE,"not_sampled","2026-09-18"
"bcc96056",FALSE,"not_sampled","2026-09-18"
"bcc96057",FALSE,"not_sampled","2026-09-18"
"bcc96058",FALSE,"not_sampled","2026-09-18"
"bcc96059",FALSE,"not_sampled","2026-09-18"
"bcc96060",FALSE,"not_sampled","2026-09-18"
"bcc96061",FALSE,"not_sampled","2026-09-18"
"bcc96062",FALSE,"not_sampled","2026-09-18"
"bcc96063",FALSE,"not_sampled","2026-09-18"
"bcc96064",FALSE,"not_sampled","2026-09-18"
"bcc96065",FALSE,"not_sampled","2026-09-18"
"bcc96066",FALSE,"not_sampled","2026-09-18"
"bcc96067",FALSE,"not_sampled","2026-09-18"
"bcc96068",FALSE,"not_sampled","2026-09-18"
"bcc96069",FALSE,"not_sampled","2026-09-18"
"bcc96070",FALSE,"not_sampled","2026-09-18"
"bcc96071",FALSE,"not_sampled","2026-09-18"
"bcc96072",FALSE,"not_sampled","2026-09-18"
"bcc96073",FALSE,"not_sampled","2026-09-18"
"bcc96074",FALSE,"not_sampled","2026-09-18"
"bcc96075",FALSE,"not_sampled","2026-09-18"
"bcc96076",FALSE,"not_sampled","2026-09-18"
"bcc96077",FALSE,"not_sampled","2026-09-18"
"bcc96078",FALSE,"not_sampled","2026-09-18"
"bcc96079",FALSE,"not_sampled","2026-09-18"
"bcc96080",FALSE,"not_sampled","2026-09-18"
"bcc96081",FALSE,"not_sampled","2026-09-18"
"bcc96082",FALSE,"not_sampled","2026-09-18"
"bcc96083",FALSE,"not_sampled","2026-09-18"
"bcc96084",FALSE,"not_sampled","2026-09-18"
"bcc96085",FALSE,"not_sampled","2026-09-18"
"bcc96086",FALSE,"not_sampled","2026-09-18"
"bcc96087",FALSE,"not_sampled","2026-09-18"
"bcc96088",FALSE,"not_sampled","2026-09-18"
"bcc96089",FALSE,"not_sampled","2026-09-18"
"bcc96090",FALSE,"not_sampled","2026-09-18"
"bcc96091",FALSE,"not_sampled","2026-09-18"
"bcc96092",FALSE,"not_sampled","2026-09-18"
"bcc96093",FALSE,"single_direction","2026-09-18"
"bcc96094",FALSE,"not_sampled","2026-09-18"
"bcc96095",FALSE,"not_sampled","2026-09-18"
"bcc96096",FALSE,"not_sampled","2026-09-18"
"bcc96097",FALSE,"not_sampled","2026-09-18"
"bcc96098",FALSE,"not_sampled","2026-09-18"
"bcc96099",FALSE,"not_sampled","2026-09-18"
"bcc961",FALSE,"not_sampled","2026-09-18"
"bcc96100",FALSE,"not_sampled","2026-09-18"
"bcc96101",FALSE,"not_sampled","2026-09-18"
"bcc96102",FALSE,"not_sampled","2026-09-18"
"bcc96103",FALSE,"not_sampled","2026-09-18"
"bcc96104",FALSE,"not_sampled","2026-09-18"
"bcc96105",FALSE,"not_sampled","2026-09-18"
"bcc96106",FALSE,"not_sampled","2026-09-18"
"bcc96107",FALSE,"not_sampled","2026-09-18"
"bcc96108",FALSE,"not_sampled","2026-09-18"
"bcc96109",FALSE,"not_sampled","2026-09-18"
"bcc96110",FALSE,"not_sampled","2026-09-18"
"bcc96111",FALSE,"not_sampled","2026-09-18"
"bcc96112",FALSE,"not_sampled","2026-09-18"
"bcc96113",FALSE,"not_sampled","2026-09-18"
"bcc96114",FALSE,"not_sampled","2026-09-18"
"bcc96115",FALSE,"not_sampled","2026-09-18"
"bcc96116",FALSE,"not_sampled","2026-09-18"
"bcc96117",FALSE,"not_sampled","2026-09-18"
"bcc96118",FALSE,"not_sampled","2026-09-18"
"bcc96119",FALSE,"not_sampled","2026-09-18"
"bcc96120",FALSE,"not_sampled","2026-09-18"
"bcc96121",FALSE,"not_sampled","2026-09-18"
"bcc96122",FALSE,"not_sampled","2026-09-18"
"bcc96123",FALSE,"not_sampled","2026-09-18"
"bcc96124",FALSE,"not_sampled","2026-09-18"
"bcc96125",FALSE,"not_sampled","2026-09-18"
"bcc96126",FALSE,"not_sampled","2026-09-18"
"bcc96127",FALSE,"not_sampled","2026-09-18"
"bcc96128",FALSE,"not_sampled","2026-09-18"
"bcc96129",FALSE,"not_sampled","2026-09-18"
"bcc96138",FALSE,"not_sampled","2026-09-18"
"bcc96139",FALSE,"not_sampled","2026-09-18"
"bcc96140",FALSE,"not_sampled","2026-09-18"
"bcc96141",FALSE,"not_sampled","2026-09-18"
"bcc96142",FALSE,"not_sampled","2026-09-18"
"bcc96143",FALSE,"not_sampled","2026-09-18"
"bcc96144",FALSE,"not_sampled","2026-09-18"
"bcc96145",FALSE,"not_sampled","2026-09-18"
"bcc96146",FALSE,"not_sampled","2026-09-18"
"bcc96147",FALSE,"not_sampled","2026-09-18"
"bcc96148",FALSE,"not_sampled","2026-09-18"
"bcc96149",FALSE,"not_sampled","2026-09-18"
"bcc96150",FALSE,"not_sampled","2026-09-18"
"bcc96151",FALSE,"not_sampled","2026-09-18"
"bcc96152",FALSE,"not_sampled","2026-09-18"
"bcc96153",FALSE,"not_sampled","2026-09-18"
"bcc96154",FALSE,"not_sampled","2026-09-18"
"bcc96155",FALSE,"not_sampled","2026-09-18"
"bcc96156",FALSE,"not_sampled","2026-09-18"
"bcc96157",FALSE,"one_qualifying_leg","2026-09-18"
"bcc96158",FALSE,"not_sampled","2026-09-18"
"bcc96159",FALSE,"not_sampled","2026-09-18"
"bcc96160",FALSE,"not_sampled","2026-09-18"
"bcc96161",FALSE,"single_direction","2026-09-18"
"bcc96162",FALSE,"not_sampled","2026-09-18"
"bcc96163",FALSE,"not_sampled","2026-09-18"
"bcc96164",FALSE,"not_sampled","2026-09-18"
"bcc96165",FALSE,"not_sampled","2026-09-18"
"bcc96166",FALSE,"not_sampled","2026-09-18"
"bcc96167",FALSE,"not_sampled","2026-09-18"
"bcc96168",FALSE,"not_sampled","2026-09-18"
"bcc96169",FALSE,"not_sampled","2026-09-18"
"bcc96170",FALSE,"not_sampled","2026-09-18"
"bcc96171",FALSE,"not_sampled","2026-09-18"
"bcc96172",FALSE,"not_sampled","2026-09-18"
"bcc962",FALSE,"not_sampled","2026-09-18"
"bcc963",FALSE,"not_sampled","2026-09-18"
"bcc964",FALSE,"not_sampled","2026-09-18"
"bcc965",FALSE,"not_sampled","2026-09-18"
"bcc966",FALSE,"not_sampled","2026-09-18"
"bcc967",FALSE,"not_sampled","2026-09-18"
"bcc968",FALSE,"not_sampled","2026-09-18"
"bcc969",FALSE,"not_sampled","2026-09-18"
"bcc970",FALSE,"not_sampled","2026-09-18"
"bcc97001",FALSE,"not_sampled","2026-09-18"
"bcc97002",FALSE,"not_sampled","2026-09-18"
"bcc97003",FALSE,"not_sampled","2026-09-18"
"bcc97004",FALSE,"not_sampled","2026-09-18"
"bcc97005",FALSE,"not_sampled","2026-09-18"
"bcc97006",FALSE,"not_sampled","2026-09-18"
"bcc97007",FALSE,"not_sampled","2026-09-18"
"bcc97008",FALSE,"not_sampled","2026-09-18"
"bcc97009",FALSE,"not_sampled","2026-09-18"
"bcc97010",FALSE,"not_sampled","2026-09-18"
"bcc97011",FALSE,"not_sampled","2026-09-18"
"bcc97012",FALSE,"not_sampled","2026-09-18"
"bcc97013",FALSE,"not_sampled","2026-09-18"
"bcc97014",FALSE,"not_sampled","2026-09-18"
"bcc97015",FALSE,"not_sampled","2026-09-18"
"bcc97016",FALSE,"not_sampled","2026-09-18"
"bcc97017",FALSE,"not_sampled","2026-09-18"
"bcc97018",FALSE,"not_sampled","2026-09-18"
"bcc97019",FALSE,"not_sampled","2026-09-18"
"bcc97020",FALSE,"not_sampled","2026-09-18"
"bcc97021",FALSE,"not_sampled","2026-09-18"
"bcc97022",FALSE,"not_sampled","2026-09-18"
"bcc97023",FALSE,"not_sampled","2026-09-18"
"bcc97024",FALSE,"not_sampled","2026-09-18"
"bcc97025",FALSE,"not_sampled","2026-09-18"
"bcc97026",FALSE,"not_sampled","2026-09-18"
"bcc97027",FALSE,"not_sampled","2026-09-18"
"bcc97028",FALSE,"not_sampled","2026-09-18"
"bcc97029",FALSE,"not_sampled","2026-09-18"
"bcc97030",FALSE,"not_sampled","2026-09-18"
"bcc97031",FALSE,"not_sampled","2026-09-18"
"bcc97032",FALSE,"single_direction","2026-09-18"
"bcc97033",FALSE,"not_sampled","2026-09-18"
"bcc97034",FALSE,"not_sampled","2026-09-18"
"bcc97035",FALSE,"not_sampled","2026-09-18"
"bcc97036",FALSE,"not_sampled","2026-09-18"
"bcc97037",FALSE,"not_sampled","2026-09-18"
"bcc97038",FALSE,"not_sampled","2026-09-18"
"bcc97039",FALSE,"not_sampled","2026-09-18"
"bcc97040",FALSE,"not_sampled","2026-09-18"
"bcc97041",FALSE,"not_sampled","2026-09-18"
"bcc97042",FALSE,"not_sampled","2026-09-18"
"bcc97043",FALSE,"not_sampled","2026-09-18"
"bcc97044",FALSE,"not_sampled","2026-09-18"
"bcc97045",FALSE,"not_sampled","2026-09-18"
"bcc97046",FALSE,"not_sampled","2026-09-18"
"bcc97047",FALSE,"not_sampled","2026-09-18"
"bcc97048",FALSE,"not_sampled","2026-09-18"
"bcc97049",FALSE,"not_sampled","2026-09-18"
"bcc97050",FALSE,"not_sampled","2026-09-18"
"bcc97051",FALSE,"not_sampled","2026-09-18"
"bcc97052",FALSE,"not_sampled","2026-09-18"
"bcc97053",FALSE,"not_sampled","2026-09-18"
"bcc97054",FALSE,"not_sampled","2026-09-18"
"bcc97055",FALSE,"not_sampled","2026-09-18"
"bcc97056",FALSE,"not_sampled","2026-09-18"
"bcc97057",FALSE,"not_sampled","2026-09-18"
"bcc97058",FALSE,"not_sampled","2026-09-18"
"bcc97059",FALSE,"not_sampled","2026-09-18"
"bcc97060",FALSE,"not_sampled","2026-09-18"
"bcc97061",FALSE,"not_sampled","2026-09-18"
"bcc97062",FALSE,"not_sampled","2026-09-18"
"bcc97063",FALSE,"not_sampled","2026-09-18"
"bcc97064",FALSE,"not_sampled","2026-09-18"
"bcc97065",FALSE,"not_sampled","2026-09-18"
"bcc97066",FALSE,"not_sampled","2026-09-18"
"bcc97067",FALSE,"not_sampled","2026-09-18"
"bcc97068",FALSE,"not_sampled","2026-09-18"
"bcc97069",FALSE,"not_sampled","2026-09-18"
"bcc97070",FALSE,"not_sampled","2026-09-18"
"bcc97071",FALSE,"not_sampled","2026-09-18"
"bcc97072",FALSE,"not_sampled","2026-09-18"
"bcc97073",FALSE,"not_sampled","2026-09-18"
"bcc97074",FALSE,"not_sampled","2026-09-18"
"bcc97075",FALSE,"not_sampled","2026-09-18"
"bcc97076",FALSE,"not_sampled","2026-09-18"
"bcc97077",FALSE,"not_sampled","2026-09-18"
"bcc97078",FALSE,"not_sampled","2026-09-18"
"bcc97079",FALSE,"not_sampled","2026-09-18"
"bcc97080",FALSE,"not_sampled","2026-09-18"
"bcc97081",FALSE,"not_sampled","2026-09-18"
"bcc97082",FALSE,"not_sampled","2026-09-18"
"bcc97083",FALSE,"not_sampled","2026-09-18"
"bcc97084",FALSE,"not_sampled","2026-09-18"
"bcc97085",FALSE,"not_sampled","2026-09-18"
"bcc97086",FALSE,"not_sampled","2026-09-18"
"bcc97087",FALSE,"not_sampled","2026-09-18"
"bcc97088",FALSE,"not_sampled","2026-09-18"
"bcc97089",FALSE,"not_sampled","2026-09-18"
"bcc97090",FALSE,"not_sampled","2026-09-18"
"bcc97091",FALSE,"not_sampled","2026-09-18"
"bcc97092",FALSE,"not_sampled","2026-09-18"
"bcc97093",FALSE,"not_sampled","2026-09-18"
"bcc97094",FALSE,"not_sampled","2026-09-18"
"bcc97095",FALSE,"not_sampled","2026-09-18"
"bcc97096",FALSE,"not_sampled","2026-09-18"
"bcc97097",FALSE,"not_sampled","2026-09-18"
"bcc97098",FALSE,"not_sampled","2026-09-18"
"bcc97099",FALSE,"not_sampled","2026-09-18"
"bcc971",FALSE,"not_sampled","2026-09-18"
"bcc97100",FALSE,"not_sampled","2026-09-18"
"bcc97101",FALSE,"not_sampled","2026-09-18"
"bcc97102",FALSE,"not_sampled","2026-09-18"
"bcc97103",FALSE,"not_sampled","2026-09-18"
"bcc97104",FALSE,"not_sampled","2026-09-18"
"bcc97105",FALSE,"not_sampled","2026-09-18"
"bcc97106",FALSE,"not_sampled","2026-09-18"
"bcc97107",FALSE,"not_sampled","2026-09-18"
"bcc97108",FALSE,"not_sampled","2026-09-18"
"bcc97109",FALSE,"not_sampled","2026-09-18"
"bcc97110",FALSE,"not_sampled","2026-09-18"
"bcc97111",FALSE,"not_sampled","2026-09-18"
"bcc97112",FALSE,"not_sampled","2026-09-18"
"bcc97113",FALSE,"not_sampled","2026-09-18"
"bcc97114",FALSE,"not_sampled","2026-09-18"
"bcc97115",FALSE,"not_sampled","2026-09-18"
"bcc97116",FALSE,"not_sampled","2026-09-18"
"bcc97117",FALSE,"not_sampled","2026-09-18"
"bcc97118",FALSE,"not_sampled","2026-09-18"
"bcc97119",FALSE,"not_sampled","2026-09-18"
"bcc97120",FALSE,"not_sampled","2026-09-18"
"bcc97121",FALSE,"not_sampled","2026-09-18"
"bcc97122",FALSE,"not_sampled","2026-09-18"
"bcc97123",FALSE,"not_sampled","2026-09-18"
"bcc97124",FALSE,"not_sampled","2026-09-18"
"bcc97125",FALSE,"not_sampled","2026-09-18"
"bcc97127",FALSE,"not_sampled","2026-09-18"
"bcc97128",FALSE,"not_sampled","2026-09-18"
"bcc97129",FALSE,"not_sampled","2026-09-18"
"bcc97130",FALSE,"not_sampled","2026-09-18"
"bcc97131",FALSE,"not_sampled","2026-09-18"
"bcc97132",FALSE,"not_sampled","2026-09-18"
"bcc97133",FALSE,"not_sampled","2026-09-18"
"bcc97134",FALSE,"not_sampled","2026-09-18"
"bcc97135",FALSE,"not_sampled","2026-09-18"
"bcc97136",FALSE,"not_sampled","2026-09-18"
"bcc97137",FALSE,"not_sampled","2026-09-18"
"bcc97138",FALSE,"not_sampled","2026-09-18"
"bcc97139",FALSE,"not_sampled","2026-09-18"
"bcc97140",FALSE,"not_sampled","2026-09-18"
"bcc97141",FALSE,"not_sampled","2026-09-18"
"bcc97142",FALSE,"not_sampled","2026-09-18"
"bcc97143",FALSE,"not_sampled","2026-09-18"
"bcc97144",FALSE,"not_sampled","2026-09-18"
"bcc97145",FALSE,"not_sampled","2026-09-18"
"bcc97146",FALSE,"not_sampled","2026-09-18"
"bcc97147",FALSE,"not_sampled","2026-09-18"
"bcc97148",FALSE,"not_sampled","2026-09-18"
"bcc97149",FALSE,"not_sampled","2026-09-18"
"bcc97150",FALSE,"not_sampled","2026-09-18"
"bcc97151",FALSE,"not_sampled","2026-09-18"
"bcc97152",FALSE,"not_sampled","2026-09-18"
"bcc97153",FALSE,"not_sampled","2026-09-18"
"bcc97154",FALSE,"not_sampled","2026-09-18"
"bcc97156",FALSE,"not_sampled","2026-09-18"
"bcc97157",FALSE,"not_sampled","2026-09-18"
"bcc97158",FALSE,"not_sampled","2026-09-18"
"bcc97159",FALSE,"not_sampled","2026-09-18"
"bcc97160",FALSE,"not_sampled","2026-09-18"
"bcc97161",FALSE,"not_sampled","2026-09-18"
"bcc97162",FALSE,"not_sampled","2026-09-18"
"bcc97163",FALSE,"not_sampled","2026-09-18"
"bcc97164",FALSE,"not_sampled","2026-09-18"
"bcc97165",FALSE,"not_sampled","2026-09-18"
"bcc97166",FALSE,"not_sampled","2026-09-18"
"bcc97167",FALSE,"not_sampled","2026-09-18"
"bcc97168",FALSE,"not_sampled","2026-09-18"
"bcc97169",FALSE,"not_sampled","2026-09-18"
"bcc97170",FALSE,"not_sampled","2026-09-18"
"bcc97171",FALSE,"not_sampled","2026-09-18"
"bcc97172",FALSE,"not_sampled","2026-09-18"
"bcc97173",FALSE,"not_sampled","2026-09-18"
"bcc97174",FALSE,"not_sampled","2026-09-18"
"bcc97175",FALSE,"not_sampled","2026-09-18"
"bcc97176",FALSE,"not_sampled","2026-09-18"
"bcc97177",FALSE,"single_direction","2026-09-18"
"bcc97178",FALSE,"not_sampled","2026-09-18"
"bcc97179",FALSE,"not_sampled","2026-09-18"
"bcc97180",FALSE,"not_sampled","2026-09-18"
"bcc97181",FALSE,"not_sampled","2026-09-18"
"bcc97182",FALSE,"not_sampled","2026-09-18"
"bcc97183",FALSE,"not_sampled","2026-09-18"
"bcc97184",FALSE,"not_sampled","2026-09-18"
"bcc97185",FALSE,"not_sampled","2026-09-18"
"bcc97186",FALSE,"not_sampled","2026-09-18"
"bcc97187",FALSE,"not_sampled","2026-09-18"
"bcc97188",FALSE,"not_sampled","2026-09-18"
"bcc97189",FALSE,"not_sampled","2026-09-18"
"bcc97190",FALSE,"not_sampled","2026-09-18"
"bcc97191",FALSE,"not_sampled","2026-09-18"
"bcc97192",FALSE,"not_sampled","2026-09-18"
"bcc97193",FALSE,"not_sampled","2026-09-18"
"bcc97194",FALSE,"not_sampled","2026-09-18"
"bcc97195",FALSE,"not_sampled","2026-09-18"
"bcc97196",FALSE,"not_sampled","2026-09-18"
"bcc97197",FALSE,"not_sampled","2026-09-18"
"bcc97198",FALSE,"not_sampled","2026-09-18"
"bcc97199",FALSE,"not_sampled","2026-09-18"
"bcc972",FALSE,"not_sampled","2026-09-18"
"bcc97200",FALSE,"not_sampled","2026-09-18"
"bcc97201",FALSE,"not_sampled","2026-09-18"
"bcc97202",FALSE,"not_sampled","2026-09-18"
"bcc97203",FALSE,"not_sampled","2026-09-18"
"bcc97204",FALSE,"not_sampled","2026-09-18"
"bcc97205",FALSE,"not_sampled","2026-09-18"
"bcc97210",FALSE,"not_sampled","2026-09-18"
"bcc97211",FALSE,"not_sampled","2026-09-18"
"bcc97212",FALSE,"not_sampled","2026-09-18"
"bcc97213",FALSE,"not_sampled","2026-09-18"
"bcc97214",FALSE,"not_sampled","2026-09-18"
"bcc97215",FALSE,"not_sampled","2026-09-18"
"bcc97217",FALSE,"not_sampled","2026-09-18"
"bcc97218",FALSE,"not_sampled","2026-09-18"
"bcc97219",FALSE,"not_sampled","2026-09-18"
"bcc97220",FALSE,"not_sampled","2026-09-18"
"bcc97221",FALSE,"not_sampled","2026-09-18"
"bcc97222",FALSE,"not_sampled","2026-09-18"
"bcc97223",FALSE,"not_sampled","2026-09-18"
"bcc97224",FALSE,"not_sampled","2026-09-18"
"bcc97225",FALSE,"not_sampled","2026-09-18"
"bcc97226",FALSE,"not_sampled","2026-09-18"
"bcc97227",FALSE,"not_sampled","2026-09-18"
"bcc97228",FALSE,"not_sampled","2026-09-18"
"bcc97229",FALSE,"not_sampled","2026-09-18"
"bcc973",FALSE,"not_sampled","2026-09-18"
"bcc974",FALSE,"not_sampled","2026-09-18"
"bcc975",FALSE,"not_sampled","2026-09-18"
"bcc976",FALSE,"not_sampled","2026-09-18"
"bcc977",FALSE,"not_sampled","2026-09-18"
"bcc978",FALSE,"not_sampled","2026-09-18"
"bcc979",FALSE,"not_sampled","2026-09-18"
"bcc980",FALSE,"not_sampled","2026-09-18"
"bcc98001",FALSE,"not_sampled","2026-09-18"
"bcc98002",FALSE,"not_sampled","2026-09-18"
"bcc98003",FALSE,"not_sampled","2026-09-18"
"bcc98004",FALSE,"not_sampled","2026-09-18"
"bcc98005",FALSE,"not_sampled","2026-09-18"
"bcc98006",FALSE,"not_sampled","2026-09-18"
"bcc98007",FALSE,"not_sampled","2026-09-18"
"bcc98008",FALSE,"not_sampled","2026-09-18"
"bcc98009",FALSE,"not_sampled","2026-09-18"
"bcc98010",FALSE,"not_sampled","2026-09-18"
"bcc98011",FALSE,"not_sampled","2026-09-18"
"bcc98012",FALSE,"not_sampled","2026-09-18"
"bcc98013",FALSE,"not_sampled","2026-09-18"
"bcc98014",FALSE,"not_sampled","2026-09-18"
"bcc98015",FALSE,"not_sampled","2026-09-18"
"bcc98016",FALSE,"not_sampled","2026-09-18"
"bcc98017",FALSE,"not_sampled","2026-09-18"
"bcc98018",FALSE,"not_sampled","2026-09-18"
"bcc98019",FALSE,"not_sampled","2026-09-18"
"bcc98020",FALSE,"not_sampled","2026-09-18"
"bcc98021",FALSE,"not_sampled","2026-09-18"
"bcc98022",FALSE,"not_sampled","2026-09-18"
"bcc98023",FALSE,"not_sampled","2026-09-18"
"bcc98024",FALSE,"not_sampled","2026-09-18"
"bcc98025",FALSE,"not_sampled","2026-09-18"
"bcc98026",FALSE,"not_sampled","2026-09-18"
"bcc98027",FALSE,"not_sampled","2026-09-18"
"bcc98028",FALSE,"not_sampled","2026-09-18"
"bcc98029",FALSE,"not_sampled","2026-09-18"
"bcc98030",FALSE,"not_sampled","2026-09-18"
"bcc98031",FALSE,"not_sampled","2026-09-18"
"bcc98032",TRUE,"no_decisive_leg","2026-10-02"
"bcc98033",FALSE,"not_sampled","2026-09-18"
"bcc98034",FALSE,"not_sampled","2026-09-18"
"bcc98035",FALSE,"not_sampled","2026-09-18"
"bcc98036",FALSE,"not_sampled","2026-09-18"
"bcc98037",FALSE,"not_sampled","2026-09-18"
"bcc98038",FALSE,"not_sampled","2026-09-18"
"bcc98039",FALSE,"not_sampled","2026-09-18"
"bcc98040",FALSE,"not_sampled","2026-09-18"
"bcc98041",FALSE,"not_sampled","2026-09-18"
"bcc98042",FALSE,"not_sampled","2026-09-18"
"bcc98043",FALSE,"not_sampled","2026-09-18"
"bcc98044",FALSE,"not_sampled","2026-09-18"
"bcc98045",FALSE,"not_sampled","2026-09-18"
"bcc98046",FALSE,"not_sampled","2026-09-18"
"bcc98047",FALSE,"not_sampled","2026-09-18"
"bcc98048",FALSE,"not_sampled","2026-09-18"
"bcc98049",FALSE,"not_sampled","2026-09-18"
"bcc98050",FALSE,"not_sampled","2026-09-18"
"bcc98051",FALSE,"not_sampled","2026-09-18"
"bcc98052",FALSE,"not_sampled","2026-09-18"
"bcc98053",FALSE,"not_sampled","2026-09-18"
"bcc98054",FALSE,"not_sampled","2026-09-18"
"bcc98055",FALSE,"not_sampled","2026-09-18"
"bcc98056",FALSE,"not_sampled","2026-09-18"
"bcc98057",FALSE,"not_sampled","2026-09-18"
"bcc98058",FALSE,"not_sampled","2026-09-18"
"bcc981",FALSE,"not_sampled","2026-09-18"
"bcc982",FALSE,"not_sampled","2026-09-18"
"bcc983",FALSE,"not_sampled","2026-09-18"
"bcc984",FALSE,"not_sampled","2026-09-18"
"bcc985",FALSE,"not_sampled","2026-09-18"
"bcc986",FALSE,"not_sampled","2026-09-18"
"bcc987",FALSE,"not_sampled","2026-09-18"
"bcc988",FALSE,"not_sampled","2026-09-18"
"bcc989",FALSE,"not_sampled","2026-09-18"
"bcc99",FALSE,"not_sampled","2026-09-18"
"bcc990",FALSE,"not_sampled","2026-09-18"
"bcc99001",FALSE,"not_sampled","2026-09-18"
"bcc99002",FALSE,"not_sampled","2026-09-18"
"bcc99003",FALSE,"not_sampled","2026-09-18"
"bcc99004",FALSE,"not_sampled","2026-09-18"
"bcc99005",FALSE,"not_sampled","2026-09-18"
"bcc99006",FALSE,"not_sampled","2026-09-18"
"bcc99007",FALSE,"not_sampled","2026-09-18"
"bcc99008",FALSE,"not_sampled","2026-09-18"
"bcc99009",FALSE,"not_sampled","2026-09-18"
"bcc99010",FALSE,"not_sampled","2026-09-18"
"bcc99011",FALSE,"not_sampled","2026-09-18"
"bcc99012",FALSE,"not_sampled","2026-09-18"
"bcc99013",FALSE,"not_sampled","2026-09-18"
"bcc99014",FALSE,"not_sampled","2026-09-18"
"bcc99015",FALSE,"not_sampled","2026-09-18"
"bcc99016",FALSE,"not_sampled","2026-09-18"
"bcc99017",FALSE,"not_sampled","2026-09-18"
"bcc99018",FALSE,"not_sampled","2026-09-18"
"bcc99019",FALSE,"not_sampled","2026-09-18"
"bcc99020",FALSE,"not_sampled","2026-09-18"
"bcc99021",FALSE,"not_sampled","2026-09-18"
"bcc99022",FALSE,"not_sampled","2026-09-18"
"bcc99023",FALSE,"not_sampled","2026-09-18"
"bcc99024",FALSE,"not_sampled","2026-09-18"
"bcc99025",FALSE,"not_sampled","2026-09-18"
"bcc99026",FALSE,"not_sampled","2026-09-18"
"bcc99027",FALSE,"not_sampled","2026-09-18"
"bcc99028",FALSE,"not_sampled","2026-09-18"
"bcc99029",FALSE,"not_sampled","2026-09-18"
"bcc99030",FALSE,"not_sampled","2026-09-18"
"bcc99031",FALSE,"not_sampled","2026-09-18"
"bcc99032",FALSE,"not_sampled","2026-09-18"
"bcc99033",FALSE,"not_sampled","2026-09-18"
"bcc99034",FALSE,"not_sampled","2026-09-18"
"bcc991",FALSE,"not_sampled","2026-09-18"
"bcc992",FALSE,"not_sampled","2026-09-18"
"bcc993",FALSE,"not_sampled","2026-09-18"
"bcc994",FALSE,"not_sampled","2026-09-18"
"bcc995",FALSE,"not_sampled","2026-09-18"
"bcc996",FALSE,"not_sampled","2026-09-18"
"bcc997",FALSE,"not_sampled","2026-09-18"
"bcc998",FALSE,"not_sampled","2026-09-18"
"bcc999",FALSE,"not_sampled","2026-09-18"
"bcf07060",TRUE,"one_decisive_leg","2026-10-02"
"bcf335",TRUE,"thumbnails_unavailable","2026-10-02"
"bcf517",FALSE,"one_qualifying_leg","2026-09-18"
"bcf96001",TRUE,"thumbnails_unavailable","2026-10-02"
"bcf96002",TRUE,"thumbnails_unavailable","2026-10-02"
"bcf97001",TRUE,"thumbnails_unavailable","2026-10-02"
"bcf97002",TRUE,"thumbnails_unavailable","2026-10-02"
"bcf97003",TRUE,"thumbnails_unavailable","2026-10-02"
"bci10",TRUE,"thumbnails_unavailable","2026-10-02"
"bci11",TRUE,"thumbnails_unavailable","2026-10-02"
"bci12",TRUE,"thumbnails_unavailable","2026-10-02"
"bci2",TRUE,"thumbnails_unavailable","2026-10-02"
"bci3",TRUE,"thumbnails_unavailable","2026-10-02"
"bci4",TRUE,"thumbnails_unavailable","2026-10-02"
"bci49",TRUE,"thumbnails_unavailable","2026-10-02"
"bci5",TRUE,"thumbnails_unavailable","2026-10-02"
"bci6",TRUE,"thumbnails_unavailable","2026-10-02"
"bci7",FALSE,"one_qualifying_leg","2026-09-18"
"bci8",TRUE,"thumbnails_unavailable","2026-10-02"
"bci80103",TRUE,"thumbnails_unavailable","2026-10-02"
"bci9",TRUE,"thumbnails_unavailable","2026-10-02"
"bci93044",TRUE,"thumbnails_unavailable","2026-10-02"
"bci93045",TRUE,"thumbnails_unavailable","2026-10-02"
"bci95063",TRUE,"thumbnails_unavailable","2026-10-02"
"bci96066",TRUE,"thumbnails_unavailable","2026-10-02"
