"airp_id","photo_year","film_roll","scale_n","focal_length","flying_height","elev","set"
237277,1994,"bcc94147",52000,305,5511,994.6,"lower_tail"
699759,1968,"bc5280",6000,153,457,83.9,"lower_tail"
699760,1968,"bc5280",6000,153,457,47.4,"lower_tail"
699761,1968,"bc5280",6000,153,457,22,"lower_tail"
724759,1980,"bc80001",10000,305,1524,30.5,"lower_tail"
724760,1980,"bc80001",10000,305,1524,40.5,"lower_tail"
724761,1980,"bc80001",10000,305,1524,47.3,"lower_tail"
724762,1980,"bc80001",10000,305,1524,47.5,"lower_tail"
724763,1980,"bc80001",10000,305,1524,41.7,"lower_tail"
724764,1980,"bc80001",10000,305,1524,35.7,"lower_tail"
724765,1980,"bc80001",10000,305,1524,37.3,"lower_tail"
724766,1980,"bc80001",10000,305,1524,49.8,"lower_tail"
724767,1980,"bc80001",10000,305,1524,70.9,"lower_tail"
724768,1980,"bc80001",10000,305,1524,97.1,"lower_tail"
724769,1980,"bc80001",10000,305,1524,94.7,"lower_tail"
724770,1980,"bc80001",10000,305,1524,95.2,"lower_tail"
724771,1980,"bc80001",10000,305,1524,94.4,"lower_tail"
724772,1980,"bc80001",10000,305,1524,92.9,"lower_tail"
724773,1980,"bc80001",10000,305,1524,91.2,"lower_tail"
724774,1980,"bc80001",10000,305,1524,87.7,"lower_tail"
724775,1980,"bc80001",10000,305,1524,81.6,"lower_tail"
724776,1980,"bc80001",10000,305,1524,72.5,"lower_tail"
724777,1980,"bc80001",10000,305,1524,59.9,"lower_tail"
724778,1980,"bc80001",10000,305,1524,45.8,"lower_tail"
724779,1980,"bc80001",10000,305,1524,32.8,"lower_tail"
724780,1980,"bc80001",10000,305,1524,25.1,"lower_tail"
724781,1980,"bc80001",10000,305,1524,20.8,"lower_tail"
724782,1980,"bc80001",10000,305,1524,13.5,"lower_tail"
724783,1980,"bc80001",10000,305,1524,6.7,"lower_tail"
724784,1980,"bc80001",10000,305,1524,4.5,"lower_tail"
724785,1980,"bc80001",10000,305,1524,2.7,"lower_tail"
724786,1980,"bc80001",10000,305,1524,6.1,"lower_tail"
724787,1980,"bc80001",10000,305,1524,12.3,"lower_tail"
724788,1980,"bc80001",10000,305,1524,-0.7,"lower_tail"
724789,1980,"bc80001",10000,305,1524,-0.7,"lower_tail"
724790,1980,"bc80001",10000,305,1524,1.7,"lower_tail"
724791,1980,"bc80001",10000,305,1524,5.5,"lower_tail"
724792,1980,"bc80001",10000,305,1524,7.8,"lower_tail"
724793,1980,"bc80001",10000,305,1524,9.4,"lower_tail"
724794,1980,"bc80001",10000,305,1524,13.8,"lower_tail"
724795,1980,"bc80001",10000,305,1524,22.6,"lower_tail"
724796,1980,"bc80001",10000,305,1524,36.1,"lower_tail"
724797,1980,"bc80001",10000,305,1524,48.1,"lower_tail"
724798,1980,"bc80001",10000,305,1524,54.8,"lower_tail"
724799,1980,"bc80001",10000,305,1524,59.9,"lower_tail"
724800,1980,"bc80001",10000,305,1524,65.6,"lower_tail"
724801,1980,"bc80001",10000,305,1524,30.8,"lower_tail"
724802,1980,"bc80001",10000,305,1524,16.1,"lower_tail"
724803,1980,"bc80001",10000,305,1524,5.2,"lower_tail"
724804,1980,"bc80001",10000,305,1524,2.6,"lower_tail"
724805,1980,"bc80001",10000,305,1524,2.3,"lower_tail"
724806,1980,"bc80001",10000,305,1524,1.6,"lower_tail"
724807,1980,"bc80001",10000,305,1524,0.4,"lower_tail"
724808,1980,"bc80001",10000,305,1524,-0.5,"lower_tail"
724809,1980,"bc80001",10000,305,1524,1.7,"lower_tail"
724810,1980,"bc80001",10000,305,1524,11.4,"lower_tail"
724811,1980,"bc80001",10000,305,1524,26.8,"lower_tail"
724812,1980,"bc80001",10000,305,1524,36.8,"lower_tail"
724813,1980,"bc80001",10000,305,1524,41,"lower_tail"
724814,1980,"bc80001",10000,305,1524,43.2,"lower_tail"
724815,1980,"bc80001",10000,305,1524,49.7,"lower_tail"
724816,1980,"bc80001",10000,305,1524,59.4,"lower_tail"
724817,1980,"bc80001",10000,305,1524,70.2,"lower_tail"
724818,1980,"bc80001",10000,305,1524,77.3,"lower_tail"
724819,1980,"bc80001",10000,305,1524,82.8,"lower_tail"
724820,1980,"bc80001",10000,305,1524,84.3,"lower_tail"
724821,1980,"bc80001",10000,305,1524,85.2,"lower_tail"
724822,1980,"bc80001",10000,305,1524,87.1,"lower_tail"
724823,1980,"bc80001",10000,305,1524,86.8,"lower_tail"
724824,1980,"bc80001",10000,305,1524,80.4,"lower_tail"
724825,1980,"bc80001",10000,305,1524,79.8,"lower_tail"
724826,1980,"bc80001",10000,305,1524,82.6,"lower_tail"
724827,1980,"bc80001",10000,305,1524,53.7,"lower_tail"
724828,1980,"bc80001",10000,305,1524,55.7,"lower_tail"
724829,1980,"bc80001",10000,305,1524,63.5,"lower_tail"
724830,1980,"bc80001",10000,305,1524,73.4,"lower_tail"
724831,1980,"bc80001",10000,305,1524,76.3,"lower_tail"
724832,1980,"bc80001",10000,305,1524,74.5,"lower_tail"
724833,1980,"bc80001",10000,305,1524,68.1,"lower_tail"
724834,1980,"bc80001",10000,305,1524,62.8,"lower_tail"
724835,1980,"bc80001",10000,305,1524,61,"lower_tail"
724836,1980,"bc80001",10000,305,1524,57.9,"lower_tail"
724837,1980,"bc80001",10000,305,1524,45.8,"lower_tail"
724838,1980,"bc80001",10000,305,1524,33.4,"lower_tail"
724839,1980,"bc80001",10000,305,1524,24.3,"lower_tail"
724840,1980,"bc80001",10000,305,1524,18.3,"lower_tail"
724841,1980,"bc80001",10000,305,1524,14.2,"lower_tail"
724842,1980,"bc80001",10000,305,1524,8.2,"lower_tail"
724843,1980,"bc80001",10000,305,1524,3,"lower_tail"
724844,1980,"bc80001",10000,305,1524,1,"lower_tail"
724845,1980,"bc80001",10000,305,1524,3.7,"lower_tail"
724846,1980,"bc80001",10000,305,1524,8.8,"lower_tail"
724847,1980,"bc80001",10000,305,1524,17.1,"lower_tail"
724848,1980,"bc80001",10000,305,1524,27.7,"lower_tail"
724849,1980,"bc80001",10000,305,1524,33.3,"lower_tail"
724850,1980,"bc80001",10000,305,1524,30,"lower_tail"
724851,1980,"bc80001",10000,305,1524,26.2,"lower_tail"
724852,1980,"bc80001",10000,305,1524,28.9,"lower_tail"
724853,1980,"bc80001",10000,305,1524,34.8,"lower_tail"
724854,1980,"bc80001",10000,305,1524,36,"lower_tail"
724855,1980,"bc80001",10000,305,1524,37,"lower_tail"
724856,1980,"bc80001",10000,305,1524,40.6,"lower_tail"
724857,1980,"bc80001",10000,305,1524,48.4,"lower_tail"
724858,1980,"bc80001",10000,305,1524,75.1,"lower_tail"
724859,1980,"bc80001",10000,305,1524,54.2,"lower_tail"
724860,1980,"bc80001",10000,305,1524,35,"lower_tail"
724861,1980,"bc80001",10000,305,1524,22,"lower_tail"
724862,1980,"bc80001",10000,305,1524,15.4,"lower_tail"
724863,1980,"bc80001",10000,305,1524,9,"lower_tail"
724864,1980,"bc80001",10000,305,1524,5.6,"lower_tail"
784419,1969,"bc7211",32000,305,4877,1805.9,"lower_tail"
784420,1969,"bc7211",32000,305,4877,1821.7,"lower_tail"
784421,1969,"bc7211",32000,305,4877,1834.8,"lower_tail"
784422,1969,"bc7211",32000,305,4877,1844.4,"lower_tail"
784423,1969,"bc7211",32000,305,4877,1842.5,"lower_tail"
784424,1969,"bc7211",32000,305,4877,1835.7,"lower_tail"
784425,1969,"bc7211",32000,305,4877,1832.4,"lower_tail"
784426,1969,"bc7211",32000,305,4877,1834.7,"lower_tail"
784427,1969,"bc7211",32000,305,4877,1834.7,"lower_tail"
784428,1969,"bc7211",32000,305,4877,1832.4,"lower_tail"
784429,1969,"bc7211",32000,305,4877,1833.7,"lower_tail"
784430,1969,"bc7211",32000,305,4877,1837.8,"lower_tail"
784431,1969,"bc7211",32000,305,4877,1843.2,"lower_tail"
784432,1969,"bc7211",32000,305,4877,1844.8,"lower_tail"
784433,1969,"bc7211",32000,305,4877,1838.7,"lower_tail"
784434,1969,"bc7211",32000,305,4877,1829.2,"lower_tail"
784435,1969,"bc7211",32000,305,4877,1818.2,"lower_tail"
784436,1969,"bc7211",32000,305,4877,1805.9,"lower_tail"
786960,1981,"bc81027",40000,153,732,1284.6,"lower_tail"
786961,1981,"bc81027",40000,153,732,1213.7,"lower_tail"
786962,1981,"bc81027",40000,153,732,1116.6,"lower_tail"
786963,1981,"bc81027",40000,153,732,1059.8,"lower_tail"
786964,1981,"bc81027",40000,153,732,1035,"lower_tail"
786965,1981,"bc81027",40000,153,732,912.3,"lower_tail"
786966,1981,"bc81027",40000,153,732,912.9,"lower_tail"
786967,1981,"bc81027",40000,153,732,971.4,"lower_tail"
786968,1981,"bc81027",40000,153,732,1013.7,"lower_tail"
786969,1981,"bc81027",40000,153,732,1106.5,"lower_tail"
786970,1981,"bc81027",40000,153,732,1000.8,"lower_tail"
786971,1981,"bc81027",40000,153,732,961.5,"lower_tail"
786972,1981,"bc81027",40000,153,732,982.2,"lower_tail"
786973,1981,"bc81027",40000,153,732,994.1,"lower_tail"
786974,1981,"bc81027",40000,153,732,1040.6,"lower_tail"
786975,1981,"bc81027",40000,153,732,1190.4,"lower_tail"
786976,1981,"bc81027",40000,153,732,1293.4,"lower_tail"
786977,1981,"bc81027",40000,153,732,1280.1,"lower_tail"
804218,1981,"bc81013",40000,153,823,617.4,"lower_tail"
804219,1981,"bc81013",40000,153,823,634,"lower_tail"
804220,1981,"bc81013",40000,153,823,707.6,"lower_tail"
804221,1981,"bc81013",40000,153,823,784.8,"lower_tail"
804222,1981,"bc81013",40000,153,823,772.6,"lower_tail"
804223,1981,"bc81013",40000,153,823,637.6,"lower_tail"
804224,1981,"bc81013",40000,153,823,548.1,"lower_tail"
804225,1981,"bc81013",40000,153,823,712.3,"lower_tail"
804226,1981,"bc81013",40000,153,823,1054.8,"lower_tail"
804227,1981,"bc81013",40000,153,823,1345.2,"lower_tail"
804228,1981,"bc81013",40000,153,823,1446.5,"lower_tail"
804229,1981,"bc81013",40000,153,823,1271.4,"lower_tail"
804230,1981,"bc81013",40000,153,823,1135.7,"lower_tail"
804231,1981,"bc81013",40000,153,823,1384.7,"lower_tail"
804232,1981,"bc81013",40000,153,823,1714.8,"lower_tail"
804233,1981,"bc81013",40000,153,823,1561.3,"lower_tail"
804234,1981,"bc81013",40000,153,823,1046.7,"lower_tail"
804235,1981,"bc81013",40000,153,823,705.6,"lower_tail"
804236,1981,"bc81013",40000,153,823,780.4,"lower_tail"
804237,1981,"bc81013",40000,153,823,1124.2,"lower_tail"
804238,1981,"bc81013",40000,153,823,1526.3,"lower_tail"
804239,1981,"bc81013",40000,153,823,966.5,"lower_tail"
804240,1981,"bc81013",40000,153,823,1042.7,"lower_tail"
804241,1981,"bc81013",40000,153,823,989,"lower_tail"
804242,1981,"bc81013",40000,153,823,814.6,"lower_tail"
804243,1981,"bc81013",40000,153,823,944.5,"lower_tail"
804244,1981,"bc81013",40000,153,823,1347.9,"lower_tail"
804245,1981,"bc81013",40000,153,823,1560.5,"lower_tail"
804246,1981,"bc81013",40000,153,823,1335.5,"lower_tail"
804247,1981,"bc81013",40000,153,823,1104.5,"lower_tail"
804248,1981,"bc81013",40000,153,823,1118.5,"lower_tail"
804249,1981,"bc81013",40000,153,823,1235.3,"lower_tail"
804250,1981,"bc81013",40000,153,823,1210.8,"lower_tail"
804251,1981,"bc81013",40000,153,823,1011.1,"lower_tail"
804252,1981,"bc81013",40000,153,823,762.8,"lower_tail"
804253,1981,"bc81013",40000,153,823,675.3,"lower_tail"
804254,1981,"bc81013",40000,153,823,732.3,"lower_tail"
804255,1981,"bc81013",40000,153,823,717.7,"lower_tail"
804256,1981,"bc81013",40000,153,823,727.9,"lower_tail"
804257,1981,"bc81013",40000,153,823,801,"lower_tail"
804258,1981,"bc81013",40000,153,823,739.4,"lower_tail"
804259,1981,"bc81013",40000,153,823,768.6,"lower_tail"
804260,1981,"bc81013",40000,153,823,1145.7,"lower_tail"
804261,1981,"bc81013",40000,153,823,1136.2,"lower_tail"
804262,1981,"bc81013",40000,153,823,1034.2,"lower_tail"
804263,1981,"bc81013",40000,153,823,906.3,"lower_tail"
804264,1981,"bc81013",40000,153,823,887.6,"lower_tail"
804265,1981,"bc81013",40000,153,823,982,"lower_tail"
804266,1981,"bc81013",40000,153,823,1024.5,"lower_tail"
804267,1981,"bc81013",40000,153,823,1167.6,"lower_tail"
804268,1981,"bc81013",40000,153,823,1411.9,"lower_tail"
804269,1981,"bc81013",40000,153,823,1466.1,"lower_tail"
804270,1981,"bc81013",40000,153,823,1359.5,"lower_tail"
804271,1981,"bc81013",40000,153,823,1196.4,"lower_tail"
804272,1981,"bc81013",40000,153,823,919.4,"lower_tail"
804273,1981,"bc81013",40000,153,823,847.7,"lower_tail"
804274,1981,"bc81013",40000,153,823,1161.5,"lower_tail"
804275,1981,"bc81013",40000,153,823,1465.9,"lower_tail"
804276,1981,"bc81013",40000,153,823,1446.1,"lower_tail"
809318,1981,"bc81026",5000,305,762,1.4,"lower_tail"
809319,1981,"bc81026",5000,305,762,2.7,"lower_tail"
809320,1981,"bc81026",5000,305,762,6.5,"lower_tail"
809321,1981,"bc81026",5000,305,762,9.8,"lower_tail"
809322,1981,"bc81026",5000,305,762,11.2,"lower_tail"
809323,1981,"bc81026",5000,305,762,11.2,"lower_tail"
809324,1981,"bc81026",5000,305,762,10.4,"lower_tail"
809325,1981,"bc81026",5000,305,762,11.6,"lower_tail"
809326,1981,"bc81026",5000,305,762,17.9,"lower_tail"
809327,1981,"bc81026",5000,305,762,29.9,"lower_tail"
809328,1981,"bc81026",5000,305,762,43,"lower_tail"
866288,1985,"bc85036",15000,305,686,1605.2,"lower_tail"
866289,1985,"bc85036",15000,305,686,2015.9,"lower_tail"
866290,1985,"bc85036",15000,305,686,2207.8,"lower_tail"
866291,1985,"bc85036",15000,305,686,2178.4,"lower_tail"
866292,1985,"bc85036",15000,305,686,2188.3,"lower_tail"
866293,1985,"bc85036",15000,305,686,2239,"lower_tail"
866294,1985,"bc85036",15000,305,686,2045.4,"lower_tail"
866295,1985,"bc85036",15000,305,686,1645.1,"lower_tail"
866296,1985,"bc85036",15000,305,686,1537.8,"lower_tail"
866297,1985,"bc85036",15000,305,686,1636.2,"lower_tail"
866298,1985,"bc85036",15000,305,686,1573.7,"lower_tail"
866299,1985,"bc85036",15000,305,686,1440.4,"lower_tail"
866300,1985,"bc85036",15000,305,686,1231.7,"lower_tail"
866301,1985,"bc85036",15000,305,686,1139.6,"lower_tail"
866302,1985,"bc85036",15000,305,686,1125.1,"lower_tail"
866303,1985,"bc85036",15000,305,686,1076.7,"lower_tail"
866304,1985,"bc85036",15000,305,686,1159.6,"lower_tail"
866305,1985,"bc85036",15000,305,686,1255.8,"lower_tail"
866306,1985,"bc85036",15000,305,686,1113,"lower_tail"
866307,1985,"bc85036",15000,305,686,877.4,"lower_tail"
866308,1985,"bc85036",15000,305,686,734.1,"lower_tail"
866309,1985,"bc85036",15000,305,686,691.6,"lower_tail"
866310,1985,"bc85036",15000,305,686,756.8,"lower_tail"
866311,1985,"bc85036",15000,305,686,978.7,"lower_tail"
866312,1985,"bc85036",15000,305,686,1336.5,"lower_tail"
866313,1985,"bc85036",15000,305,686,1602.5,"lower_tail"
866314,1985,"bc85036",15000,305,686,1392.9,"lower_tail"
866315,1985,"bc85036",15000,305,686,1236.7,"lower_tail"
866316,1985,"bc85036",15000,305,686,1502.9,"lower_tail"
866317,1985,"bc85036",15000,305,686,1700.9,"lower_tail"
866318,1985,"bc85036",15000,305,686,1790.9,"lower_tail"
866319,1985,"bc85036",15000,305,686,1807.3,"lower_tail"
866320,1985,"bc85036",15000,305,686,1674,"lower_tail"
866321,1985,"bc85036",15000,305,686,1453.2,"lower_tail"
896005,1986,"bcc401",10000,305,1219,1047.3,"lower_tail"
896006,1986,"bcc401",10000,305,1219,1018.7,"lower_tail"
896007,1986,"bcc401",10000,305,1219,1000.7,"lower_tail"
896008,1986,"bcc401",10000,305,1219,1003.5,"lower_tail"
896009,1986,"bcc401",10000,305,1219,1004.8,"lower_tail"
896010,1986,"bcc401",10000,305,1219,994,"lower_tail"
896011,1986,"bcc401",10000,305,1219,993.8,"lower_tail"
896012,1986,"bcc401",10000,305,1219,1016.3,"lower_tail"
896013,1986,"bcc401",10000,305,1219,1079.4,"lower_tail"
896014,1986,"bcc401",10000,305,1219,1148.4,"lower_tail"
896015,1986,"bcc401",10000,305,1219,1213.1,"lower_tail"
896016,1986,"bcc401",10000,305,1219,1260.5,"lower_tail"
919438,1987,"bc87070",23000,153,396,561.3,"lower_tail"
919439,1987,"bc87070",23000,153,396,472.4,"lower_tail"
919440,1987,"bc87070",23000,153,396,535.3,"lower_tail"
919441,1987,"bc87070",23000,153,396,616.5,"lower_tail"
919442,1987,"bc87070",23000,153,396,684.5,"lower_tail"
919443,1987,"bc87070",23000,153,396,786.7,"lower_tail"
919444,1987,"bc87070",23000,153,396,911.4,"lower_tail"
919445,1987,"bc87070",23000,153,396,950.3,"lower_tail"
919446,1987,"bc87070",23000,153,396,955.6,"lower_tail"
919447,1987,"bc87070",23000,153,396,994,"lower_tail"
919448,1987,"bc87070",23000,153,396,980.1,"lower_tail"
919449,1987,"bc87070",23000,153,396,983.4,"lower_tail"
919450,1987,"bc87070",23000,153,396,1061.8,"lower_tail"
919451,1987,"bc87070",23000,153,396,1216.8,"lower_tail"
919452,1987,"bc87070",23000,153,396,1468.3,"lower_tail"
919453,1987,"bc87070",23000,153,396,1684.5,"lower_tail"
919454,1987,"bc87070",23000,153,396,1818.5,"lower_tail"
919455,1987,"bc87070",23000,153,396,1884.3,"lower_tail"
919456,1987,"bc87070",23000,153,396,1844.3,"lower_tail"
919457,1987,"bc87070",23000,153,396,1712.9,"lower_tail"
919458,1987,"bc87070",23000,153,396,1556.1,"lower_tail"
919459,1987,"bc87070",23000,153,396,1379.4,"lower_tail"
919460,1987,"bc87070",23000,153,396,1111.1,"lower_tail"
919461,1987,"bc87070",23000,153,396,951.1,"lower_tail"
919462,1987,"bc87070",23000,153,396,903.8,"lower_tail"
919463,1987,"bc87070",23000,153,396,1047.1,"lower_tail"
919464,1987,"bc87070",23000,153,396,1241.5,"lower_tail"
919465,1987,"bc87070",23000,153,396,1361.5,"lower_tail"
919466,1987,"bc87070",23000,153,396,1317,"lower_tail"
919467,1987,"bc87070",23000,153,396,1254.2,"lower_tail"
919468,1987,"bc87070",23000,153,396,1232.8,"lower_tail"
919469,1987,"bc87070",23000,153,396,1339.2,"lower_tail"
919470,1987,"bc87070",23000,153,396,1436.6,"lower_tail"
919471,1987,"bc87070",23000,153,396,1443.9,"lower_tail"
974813,1988,"bc88054",15000,305,655,1059.9,"lower_tail"
974814,1988,"bc88054",15000,305,655,1101.3,"lower_tail"
974815,1988,"bc88054",15000,305,655,1163.5,"lower_tail"
974816,1988,"bc88054",15000,305,655,1377.7,"lower_tail"
974817,1988,"bc88054",15000,305,655,1566.4,"lower_tail"
974818,1988,"bc88054",15000,305,655,1584.7,"lower_tail"
974819,1988,"bc88054",15000,305,655,1424.3,"lower_tail"
974820,1988,"bc88054",15000,305,655,1463.6,"lower_tail"
974821,1988,"bc88054",15000,305,655,1648.9,"lower_tail"
974822,1988,"bc88054",15000,305,655,1738.5,"lower_tail"
974823,1988,"bc88054",15000,305,655,1859.6,"lower_tail"
974824,1988,"bc88054",15000,305,655,2002.1,"lower_tail"
974825,1988,"bc88054",15000,305,655,2050.4,"lower_tail"
974826,1988,"bc88054",15000,305,655,1877.8,"lower_tail"
974827,1988,"bc88054",15000,305,655,1790.7,"lower_tail"
974828,1988,"bc88054",15000,305,655,1977.7,"lower_tail"
974829,1988,"bc88054",15000,305,655,2076.9,"lower_tail"
1001089,1988,"bcc822",15000,305,701,1843.2,"lower_tail"
1001090,1988,"bcc822",15000,305,701,1986.2,"lower_tail"
1001091,1988,"bcc822",15000,305,701,2138.1,"lower_tail"
1001092,1988,"bcc822",15000,305,701,2095.5,"lower_tail"
1001093,1988,"bcc822",15000,305,701,1930.9,"lower_tail"
1001094,1988,"bcc822",15000,305,701,1987.9,"lower_tail"
1001095,1988,"bcc822",15000,305,701,2071.7,"lower_tail"
1001096,1988,"bcc822",15000,305,701,2063.3,"lower_tail"
1001097,1988,"bcc822",15000,305,701,1896.6,"lower_tail"
1001098,1988,"bcc822",15000,305,701,1576.5,"lower_tail"
1001099,1988,"bcc822",15000,305,701,1359.9,"lower_tail"
1108131,1979,"bc79067",50000,305,4770,629.3,"lower_tail"
1108132,1979,"bc79067",50000,305,4770,589.3,"lower_tail"
1108133,1979,"bc79067",50000,305,4770,563.3,"lower_tail"
1108134,1979,"bc79067",50000,305,4770,550.4,"lower_tail"
1108135,1979,"bc79067",50000,305,4770,531.8,"lower_tail"
1108136,1979,"bc79067",50000,305,4770,517,"lower_tail"
1108137,1979,"bc79067",50000,305,4770,509.7,"lower_tail"
1108138,1979,"bc79067",50000,305,4770,502.2,"lower_tail"
1108139,1979,"bc79067",50000,305,4770,494.2,"lower_tail"
1108140,1979,"bc79067",50000,305,4770,483.3,"lower_tail"
1108141,1979,"bc79067",50000,305,4770,498.4,"lower_tail"
1108142,1979,"bc79067",50000,305,4770,493.6,"lower_tail"
1108143,1979,"bc79067",50000,305,4770,499.4,"lower_tail"
1108144,1979,"bc79067",50000,305,4770,499.8,"lower_tail"
1108145,1979,"bc79067",50000,305,4770,495.1,"lower_tail"
1108146,1979,"bc79067",50000,305,4770,485.1,"lower_tail"
1108147,1979,"bc79067",50000,305,4770,481,"lower_tail"
1108148,1979,"bc79067",50000,305,4770,479.1,"lower_tail"
1108149,1979,"bc79067",50000,305,4770,466.2,"lower_tail"
1108150,1979,"bc79067",50000,305,4770,436.3,"lower_tail"
1108151,1979,"bc79067",50000,305,4770,402.3,"lower_tail"
1108152,1979,"bc79067",50000,305,4770,372.3,"lower_tail"
1108153,1979,"bc79067",50000,305,4770,361.2,"lower_tail"
1108154,1979,"bc79067",50000,305,4770,356.6,"lower_tail"
1108155,1979,"bc79067",50000,305,4770,359.9,"lower_tail"
1108156,1979,"bc79067",50000,305,4770,362.2,"lower_tail"
1108157,1979,"bc79067",50000,305,4770,365.9,"lower_tail"
1108158,1979,"bc79067",50000,305,4770,364.9,"lower_tail"
1108159,1979,"bc79067",50000,305,4770,420.5,"lower_tail"
1108160,1979,"bc79067",50000,305,4770,470.5,"lower_tail"
1108161,1979,"bc79067",50000,305,4770,487.7,"lower_tail"
1108162,1979,"bc79067",50000,305,4770,483.4,"lower_tail"
1108163,1979,"bc79067",50000,305,4770,473.1,"lower_tail"
1108164,1979,"bc79067",50000,305,4770,468.3,"lower_tail"
1108165,1979,"bc79067",50000,305,4770,468.1,"lower_tail"
1108166,1979,"bc79067",50000,305,4770,470.6,"lower_tail"
1108167,1979,"bc79067",50000,305,4770,501.9,"lower_tail"
1108168,1979,"bc79067",50000,305,4770,480.1,"lower_tail"
1108169,1979,"bc79067",50000,305,4770,454.1,"lower_tail"
1108170,1979,"bc79067",50000,305,4770,426.8,"lower_tail"
1108171,1979,"bc79067",50000,305,4770,417.5,"lower_tail"
1108172,1979,"bc79067",50000,305,4770,427.4,"lower_tail"
1108173,1979,"bc79067",50000,305,4770,487,"lower_tail"
1108174,1979,"bc79067",50000,305,4770,612.4,"lower_tail"
1108175,1979,"bc79067",50000,305,4770,695.5,"lower_tail"
1108176,1979,"bc79067",50000,305,4770,705.7,"lower_tail"
1108177,1979,"bc79067",50000,305,4770,668.6,"lower_tail"
1108178,1979,"bc79067",50000,305,5624,878.1,"lower_tail"
1108179,1979,"bc79067",50000,305,5624,933.4,"lower_tail"
1108180,1979,"bc79067",50000,305,5624,1045.8,"lower_tail"
1108181,1979,"bc79067",50000,305,5624,1178.5,"lower_tail"
1108182,1979,"bc79067",50000,305,5624,1265.3,"lower_tail"
1108183,1979,"bc79067",50000,305,5624,1400.1,"lower_tail"
1108184,1979,"bc79067",50000,305,5624,1349.9,"lower_tail"
1108185,1979,"bc79067",50000,305,5624,1318.5,"lower_tail"
1108186,1979,"bc79067",50000,305,5624,1301.8,"lower_tail"
1108187,1979,"bc79067",50000,305,5624,1383.2,"lower_tail"
1108188,1979,"bc79067",50000,305,5067,1123.2,"lower_tail"
1108189,1979,"bc79067",50000,305,5067,1030.9,"lower_tail"
1108190,1979,"bc79067",50000,305,5067,977.9,"lower_tail"
1108191,1979,"bc79067",50000,305,5067,881,"lower_tail"
1108192,1979,"bc79067",50000,305,5067,749.6,"lower_tail"
1108193,1979,"bc79067",50000,305,5067,609.1,"lower_tail"
1108194,1979,"bc79067",50000,305,5067,628.7,"lower_tail"
1108195,1979,"bc79067",50000,305,5067,750.6,"lower_tail"
1108196,1979,"bc79067",50000,305,4968,599.7,"lower_tail"
1108197,1979,"bc79067",50000,305,4968,632.7,"lower_tail"
1108198,1979,"bc79067",50000,305,4968,695.3,"lower_tail"
1108199,1979,"bc79067",50000,305,4968,705.8,"lower_tail"
1108200,1979,"bc79067",50000,305,4968,666.7,"lower_tail"
1108201,1979,"bc79067",50000,305,4968,660.8,"lower_tail"
1108202,1979,"bc79067",50000,305,4968,615.9,"lower_tail"
1108203,1979,"bc79067",50000,305,4968,606.8,"lower_tail"
1108204,1979,"bc79067",50000,305,4968,631.5,"lower_tail"
1108205,1979,"bc79067",50000,305,4968,637.7,"lower_tail"
1108206,1979,"bc79067",50000,305,4968,630.5,"lower_tail"
1108207,1979,"bc79067",50000,305,4968,634.1,"lower_tail"
1108208,1979,"bc79067",50000,305,4968,584.3,"lower_tail"
1108209,1979,"bc79067",50000,305,4968,568.2,"lower_tail"
1108210,1979,"bc79067",50000,305,4968,659.8,"lower_tail"
1108212,1979,"bc79067",50000,305,4968,603.5,"lower_tail"
1108213,1979,"bc79067",50000,305,4968,639.3,"lower_tail"
1108214,1979,"bc79067",50000,305,4968,685,"lower_tail"
1108215,1979,"bc79067",50000,305,4968,698.1,"lower_tail"
1108216,1979,"bc79067",50000,305,4968,697.9,"lower_tail"
1108217,1979,"bc79067",50000,305,4968,680.3,"lower_tail"
1108218,1979,"bc79067",50000,305,4968,674.4,"lower_tail"
1108219,1979,"bc79067",50000,305,4968,715.3,"lower_tail"
1108220,1979,"bc79067",50000,305,4968,669.9,"lower_tail"
1108221,1979,"bc79067",50000,305,4968,673.1,"lower_tail"
1108222,1979,"bc79067",50000,305,4968,681.4,"lower_tail"
1108223,1979,"bc79067",50000,305,4968,692.4,"lower_tail"
1108224,1979,"bc79067",50000,305,4968,717.7,"lower_tail"
1108225,1979,"bc79067",50000,305,4968,766.9,"lower_tail"
1108226,1979,"bc79067",50000,305,4968,764,"lower_tail"
1108227,1979,"bc79067",50000,305,4968,789,"lower_tail"
1108228,1979,"bc79067",50000,305,4968,784.6,"lower_tail"
1108229,1979,"bc79067",50000,305,4968,690.2,"lower_tail"
1108230,1979,"bc79067",50000,305,4968,672.3,"lower_tail"
1108231,1979,"bc79067",50000,305,4968,666.2,"lower_tail"
1108232,1979,"bc79067",50000,305,4968,670.3,"lower_tail"
1108233,1979,"bc79067",50000,305,4968,667.4,"lower_tail"
1108234,1979,"bc79067",50000,305,4968,677.5,"lower_tail"
1108235,1979,"bc79067",50000,305,4968,742,"lower_tail"
1108236,1979,"bc79067",50000,305,4968,668.1,"lower_tail"
1108237,1979,"bc79067",50000,305,4968,700,"lower_tail"
1108238,1979,"bc79067",50000,305,4968,727.4,"lower_tail"
1108239,1979,"bc79067",50000,305,4968,687.2,"lower_tail"
1108240,1979,"bc79067",50000,305,4968,634.7,"lower_tail"
1108241,1979,"bc79067",50000,305,4968,649.8,"lower_tail"
1108242,1979,"bc79067",50000,305,4968,646,"lower_tail"
1108243,1979,"bc79067",50000,305,4968,636.8,"lower_tail"
1108244,1979,"bc79067",50000,305,4968,644.4,"lower_tail"
1108245,1979,"bc79067",50000,305,4968,605.5,"lower_tail"
1108246,1979,"bc79067",50000,305,4968,600.2,"lower_tail"
1108247,1979,"bc79067",50000,305,4968,622,"lower_tail"
1108248,1979,"bc79067",50000,305,4968,653.4,"lower_tail"
1108249,1979,"bc79067",50000,305,4968,682.2,"lower_tail"
1108250,1979,"bc79067",50000,305,4968,709.4,"lower_tail"
1108251,1979,"bc79067",50000,305,4968,716.3,"lower_tail"
1108252,1979,"bc79067",50000,305,4968,717.2,"lower_tail"
1108253,1979,"bc79067",50000,305,4968,748.8,"lower_tail"
1108254,1979,"bc79067",50000,305,4968,741.4,"lower_tail"
1108255,1979,"bc79067",50000,305,4968,727.1,"lower_tail"
1108256,1979,"bc79067",50000,305,4968,706.5,"lower_tail"
1142701,1979,"bc79086",60000,305,6325,652.8,"lower_tail"
1142702,1979,"bc79086",60000,305,6325,620.8,"lower_tail"
1142703,1979,"bc79086",60000,305,6325,696.4,"lower_tail"
1142704,1979,"bc79086",60000,305,6325,841.8,"lower_tail"
1142705,1979,"bc79086",60000,305,6325,948.9,"lower_tail"
1142706,1979,"bc79086",60000,305,6325,966.7,"lower_tail"
1142707,1979,"bc79086",60000,305,6325,948.9,"lower_tail"
1142708,1979,"bc79086",60000,305,6325,968.7,"lower_tail"
1142709,1979,"bc79086",60000,305,6325,1092.8,"lower_tail"
1142710,1979,"bc79086",60000,305,6325,1203.1,"lower_tail"
1142711,1979,"bc79086",60000,305,6325,1180.6,"lower_tail"
1142712,1979,"bc79086",60000,305,6325,1071.1,"lower_tail"
1142713,1979,"bc79086",60000,305,6325,1003.1,"lower_tail"
1142714,1979,"bc79086",60000,305,6325,944.4,"lower_tail"
1142715,1979,"bc79086",60000,305,6325,985.2,"lower_tail"
1142716,1979,"bc79086",60000,305,6325,1039.5,"lower_tail"
1142717,1979,"bc79086",60000,305,6325,1052.5,"lower_tail"
1142718,1979,"bc79086",60000,305,6325,1085.2,"lower_tail"
1142719,1979,"bc79086",60000,305,6325,1180.9,"lower_tail"
1142720,1979,"bc79086",60000,305,6325,1212.5,"lower_tail"
1142721,1979,"bc79086",60000,305,6325,1178.8,"lower_tail"
1142722,1979,"bc79086",60000,305,6325,1217.4,"lower_tail"
1142723,1979,"bc79086",60000,305,6325,1174,"lower_tail"
1142724,1979,"bc79086",60000,305,6325,1139.4,"lower_tail"
1142725,1979,"bc79086",60000,305,6325,1166.7,"lower_tail"
1142726,1979,"bc79086",60000,305,6325,1174.1,"lower_tail"
1142727,1979,"bc79086",60000,305,6325,1068.6,"lower_tail"
1142728,1979,"bc79086",60000,305,6325,978.8,"lower_tail"
1142729,1979,"bc79086",60000,305,6325,1020.4,"lower_tail"
1142730,1979,"bc79086",60000,305,6325,1109.9,"lower_tail"
1142731,1979,"bc79086",60000,305,6325,1231.9,"lower_tail"
1142732,1979,"bc79086",60000,305,6325,1232,"lower_tail"
1142733,1979,"bc79086",60000,305,6325,1088.5,"lower_tail"
1142734,1979,"bc79086",60000,305,6325,968.1,"lower_tail"
1142735,1979,"bc79086",60000,305,6325,983.2,"lower_tail"
1142736,1979,"bc79086",60000,305,6325,1066.4,"lower_tail"
1142737,1979,"bc79086",60000,305,6325,1060.1,"lower_tail"
1142738,1979,"bc79086",60000,305,6325,942.6,"lower_tail"
1142739,1979,"bc79086",60000,305,6325,798.8,"lower_tail"
1142740,1979,"bc79086",60000,305,6325,675.4,"lower_tail"
1142741,1979,"bc79086",60000,305,6325,682.5,"lower_tail"
1142742,1979,"bc79086",60000,305,6325,752.3,"lower_tail"
1142743,1979,"bc79086",60000,305,6325,839.9,"lower_tail"
1142744,1979,"bc79086",60000,305,6325,699.3,"lower_tail"
1142745,1979,"bc79086",60000,305,6325,673.2,"lower_tail"
1142746,1979,"bc79086",60000,305,6325,872.7,"lower_tail"
1142747,1979,"bc79086",60000,305,6325,1080.7,"lower_tail"
1142748,1979,"bc79086",60000,305,6325,1160.6,"lower_tail"
1142749,1979,"bc79086",60000,305,6325,1065,"lower_tail"
1142750,1979,"bc79086",60000,305,6325,1002.2,"lower_tail"
1142751,1979,"bc79086",60000,305,6325,1026.8,"lower_tail"
1142752,1979,"bc79086",60000,305,6325,1134.1,"lower_tail"
1142753,1979,"bc79086",60000,305,6325,1253.8,"lower_tail"
1142754,1979,"bc79086",60000,305,6325,1284,"lower_tail"
1142755,1979,"bc79086",60000,305,6325,1198.3,"lower_tail"
1142756,1979,"bc79086",60000,305,6325,1089.4,"lower_tail"
1142757,1979,"bc79086",60000,305,6325,1035.9,"lower_tail"
1142758,1979,"bc79086",60000,305,6325,1091.7,"lower_tail"
1142759,1979,"bc79086",60000,305,6325,1212.7,"lower_tail"
1142760,1979,"bc79086",60000,305,6325,1270.3,"lower_tail"
1142761,1979,"bc79086",60000,305,6325,1261.4,"lower_tail"
1142762,1979,"bc79086",60000,305,6325,1263.7,"lower_tail"
1142763,1979,"bc79086",60000,305,6325,1290.1,"lower_tail"
1142764,1979,"bc79086",60000,305,6325,1298.7,"lower_tail"
1142765,1979,"bc79086",60000,305,6325,1357,"lower_tail"
1142766,1979,"bc79086",60000,305,6325,1326.2,"lower_tail"
1142767,1979,"bc79086",60000,305,6325,1319.1,"lower_tail"
1142768,1979,"bc79086",60000,305,6325,1321.7,"lower_tail"
1142769,1979,"bc79086",60000,305,6325,1289.1,"lower_tail"
1142770,1979,"bc79086",60000,305,6325,1228.1,"lower_tail"
1142771,1979,"bc79086",60000,305,6325,1164.5,"lower_tail"
1142772,1979,"bc79086",60000,305,6325,1148.6,"lower_tail"
1142773,1979,"bc79086",60000,305,6325,1148.3,"lower_tail"
1142774,1979,"bc79086",60000,305,6325,1162.5,"lower_tail"
1142775,1979,"bc79086",60000,305,6325,1254.6,"lower_tail"
1142776,1979,"bc79086",60000,305,6325,1270.1,"lower_tail"
1142777,1979,"bc79086",60000,305,6325,1221,"lower_tail"
1142778,1979,"bc79086",60000,305,6325,1134.5,"lower_tail"
1142779,1979,"bc79086",60000,305,6325,1128.6,"lower_tail"
1142780,1979,"bc79086",60000,305,6325,1185.9,"lower_tail"
1142781,1979,"bc79086",60000,305,6325,1239.7,"lower_tail"
1142782,1979,"bc79086",60000,305,6325,1122.6,"lower_tail"
1142783,1979,"bc79086",60000,305,6325,924.3,"lower_tail"
1142784,1979,"bc79086",60000,305,6325,689.5,"lower_tail"
1142785,1979,"bc79086",60000,305,6325,653.5,"lower_tail"
1142786,1979,"bc79086",60000,305,6325,804,"lower_tail"
1142787,1979,"bc79086",60000,305,6325,752.5,"lower_tail"
1142788,1979,"bc79086",60000,305,6325,670.8,"lower_tail"
1142789,1979,"bc79086",60000,305,6325,731.1,"lower_tail"
1142790,1979,"bc79086",60000,305,6325,963.6,"lower_tail"
1142791,1979,"bc79086",60000,305,6325,1153.8,"lower_tail"
1142792,1979,"bc79086",60000,305,6325,1239.6,"lower_tail"
1142793,1979,"bc79086",60000,305,6325,1209.3,"lower_tail"
1142794,1979,"bc79086",60000,305,6325,1203.6,"lower_tail"
1142795,1979,"bc79086",60000,305,6325,1266.4,"lower_tail"
1142796,1979,"bc79086",60000,305,6325,1299.4,"lower_tail"
1142797,1979,"bc79086",60000,305,6325,1260.3,"lower_tail"
1142798,1979,"bc79086",60000,305,6325,1165.4,"lower_tail"
1142799,1979,"bc79086",60000,305,6325,1189.2,"lower_tail"
1142800,1979,"bc79086",60000,305,6325,1223.9,"lower_tail"
1142801,1979,"bc79086",60000,305,6325,1220.6,"lower_tail"
1142802,1979,"bc79086",60000,305,6325,1192.5,"lower_tail"
1142803,1979,"bc79086",60000,305,6325,1225.3,"lower_tail"
1142804,1979,"bc79086",60000,305,6325,1248,"lower_tail"
1142805,1979,"bc79086",60000,305,6325,1258.8,"lower_tail"
1142806,1979,"bc79086",60000,305,6325,1277.4,"lower_tail"
1142807,1979,"bc79086",60000,305,6325,1307.3,"lower_tail"
1144412,1979,"bc79209",50000,305,7620,1.1,"lower_tail"
1144413,1979,"bc79209",50000,305,7620,4.2,"lower_tail"
1144414,1979,"bc79209",50000,305,7620,9.5,"lower_tail"
1144415,1979,"bc79209",50000,305,7620,16.8,"lower_tail"
1144416,1979,"bc79209",50000,305,7620,26.4,"lower_tail"
1144417,1979,"bc79209",50000,305,7620,42.3,"lower_tail"
1144418,1979,"bc79209",50000,305,7620,61.9,"lower_tail"
1144419,1979,"bc79209",50000,305,7620,78.2,"lower_tail"
1144420,1979,"bc79209",50000,305,7620,84.5,"lower_tail"
1144421,1979,"bc79209",50000,305,7620,80.6,"lower_tail"
1144422,1979,"bc79209",50000,305,7620,72,"lower_tail"
1144423,1979,"bc79209",50000,305,7620,56.6,"lower_tail"
1144424,1979,"bc79209",50000,305,7620,35.8,"lower_tail"
1144425,1979,"bc79209",50000,305,7620,24,"lower_tail"
1144426,1979,"bc79209",50000,305,7620,23.1,"lower_tail"
1144427,1979,"bc79209",50000,305,7620,15.6,"lower_tail"
1144428,1979,"bc79209",50000,305,7620,26.7,"lower_tail"
1144429,1979,"bc79209",50000,305,7620,52.3,"lower_tail"
1144430,1979,"bc79209",50000,305,7620,69.7,"lower_tail"
1144431,1979,"bc79209",50000,305,7620,85.7,"lower_tail"
1144432,1979,"bc79209",50000,305,7620,103.7,"lower_tail"
1144433,1979,"bc79209",50000,305,7620,88.2,"lower_tail"
1144434,1979,"bc79209",50000,305,7620,61.6,"lower_tail"
1144435,1979,"bc79209",50000,305,7620,53.4,"lower_tail"
1144436,1979,"bc79209",50000,305,7620,38.7,"lower_tail"
1144437,1979,"bc79209",50000,305,7620,31.3,"lower_tail"
1144438,1979,"bc79209",50000,305,7620,28.8,"lower_tail"
1144439,1979,"bc79209",50000,305,7620,22.5,"lower_tail"
1144440,1979,"bc79209",50000,305,7620,14.4,"lower_tail"
1144441,1979,"bc79209",50000,305,7620,7.4,"lower_tail"
1144442,1979,"bc79209",50000,305,7620,15.8,"lower_tail"
1144443,1979,"bc79209",50000,305,7620,19.6,"lower_tail"
1144444,1979,"bc79209",50000,305,7620,25.7,"lower_tail"
1144445,1979,"bc79209",50000,305,7620,28.1,"lower_tail"
1144446,1979,"bc79209",50000,305,7620,27.9,"lower_tail"
1144447,1979,"bc79209",50000,305,7620,26.9,"lower_tail"
1144448,1979,"bc79209",50000,305,7620,23.4,"lower_tail"
1144449,1979,"bc79209",50000,305,7620,17.9,"lower_tail"
1144450,1979,"bc79209",50000,305,7620,16.1,"lower_tail"
1144451,1979,"bc79209",50000,305,7620,13.9,"lower_tail"
1144452,1979,"bc79209",50000,305,7620,7.9,"lower_tail"
1144453,1979,"bc79209",50000,305,7620,3.6,"lower_tail"
1144454,1979,"bc79209",50000,305,7620,2.7,"lower_tail"
1144455,1979,"bc79209",50000,305,7620,2.2,"lower_tail"
1144456,1979,"bc79209",50000,305,7620,3.1,"lower_tail"
1144457,1979,"bc79209",50000,305,7620,3.5,"lower_tail"
1144458,1979,"bc79209",50000,305,7620,4.3,"lower_tail"
1144459,1979,"bc79209",50000,305,7620,5.8,"lower_tail"
1144460,1979,"bc79209",50000,305,7620,7.5,"lower_tail"
1144461,1979,"bc79209",50000,305,7620,9.5,"lower_tail"
1144462,1979,"bc79209",50000,305,7620,13.6,"lower_tail"
1144463,1979,"bc79209",50000,305,7620,18.2,"lower_tail"
1144464,1979,"bc79209",50000,305,7620,20.7,"lower_tail"
1144465,1979,"bc79209",50000,305,7620,20.6,"lower_tail"
1144466,1979,"bc79209",50000,305,7620,17.6,"lower_tail"
1144467,1979,"bc79209",50000,305,7620,12.3,"lower_tail"
1144468,1979,"bc79209",50000,305,7620,6.8,"lower_tail"
1144469,1979,"bc79209",50000,305,7620,2.8,"lower_tail"
1144470,1979,"bc79209",50000,305,7620,0.8,"lower_tail"
1144471,1979,"bc79209",50000,305,7620,0.2,"lower_tail"
1144472,1979,"bc79209",50000,305,7620,0.2,"lower_tail"
1144473,1979,"bc79209",50000,305,7620,0.6,"lower_tail"
1144474,1979,"bc79209",50000,305,7620,0.6,"lower_tail"
1144475,1979,"bc79209",50000,305,7620,0.6,"lower_tail"
1144476,1979,"bc79209",50000,305,7620,1.8,"lower_tail"
1144477,1979,"bc79209",50000,305,7620,5.3,"lower_tail"
1144478,1979,"bc79209",50000,305,7620,6.7,"lower_tail"
1144479,1979,"bc79209",50000,305,7620,7.3,"lower_tail"
1144480,1979,"bc79209",50000,305,7620,9,"lower_tail"
1144481,1979,"bc79209",50000,305,7620,9.8,"lower_tail"
1144482,1979,"bc79209",50000,305,7620,7.9,"lower_tail"
1144483,1979,"bc79209",50000,305,7620,5.5,"lower_tail"
1144484,1979,"bc79209",50000,305,7620,5.8,"lower_tail"
1144485,1979,"bc79209",50000,305,7620,5.4,"lower_tail"
1144486,1979,"bc79209",50000,305,7620,3.8,"lower_tail"
1144487,1979,"bc79209",50000,305,7620,4.3,"lower_tail"
1144488,1979,"bc79209",50000,305,7620,9.3,"lower_tail"
1144489,1979,"bc79209",50000,305,7620,22.7,"lower_tail"
1144490,1979,"bc79209",50000,305,7620,35.9,"lower_tail"
1144491,1979,"bc79209",50000,305,7620,37.5,"lower_tail"
1144492,1979,"bc79209",50000,305,7620,39,"lower_tail"
1144493,1979,"bc79209",50000,305,7620,34.6,"lower_tail"
1144494,1979,"bc79209",50000,305,7620,19.1,"lower_tail"
1144495,1979,"bc79209",50000,305,7620,5.4,"lower_tail"
1144496,1979,"bc79209",50000,305,7620,3.9,"lower_tail"
1152614,1979,"bc79122",20000,305,640,1.2,"lower_tail"
1152615,1979,"bc79122",20000,305,640,22.9,"lower_tail"
1152616,1979,"bc79122",20000,305,640,47.2,"lower_tail"
1152617,1979,"bc79122",20000,305,640,56.2,"lower_tail"
1152618,1979,"bc79122",20000,305,640,53.6,"lower_tail"
1152619,1979,"bc79122",20000,305,640,49.4,"lower_tail"
1152620,1979,"bc79122",20000,305,640,50.6,"lower_tail"
1152621,1979,"bc79122",20000,305,640,56,"lower_tail"
1152622,1979,"bc79122",20000,305,640,43.3,"lower_tail"
1152623,1979,"bc79122",20000,305,640,19,"lower_tail"
1152624,1979,"bc79122",20000,305,640,1.6,"lower_tail"
1152625,1979,"bc79122",20000,305,640,0.4,"lower_tail"
1152626,1979,"bc79122",20000,305,640,0.4,"lower_tail"
1152627,1979,"bc79122",20000,305,640,2.4,"lower_tail"
1152628,1979,"bc79122",20000,305,640,7.8,"lower_tail"
1152629,1979,"bc79122",20000,305,640,15.8,"lower_tail"
1152630,1979,"bc79122",20000,305,640,32.3,"lower_tail"
1152631,1979,"bc79122",20000,305,640,66.8,"lower_tail"
1152632,1979,"bc79122",20000,305,640,87.4,"lower_tail"
1152633,1979,"bc79122",20000,305,640,86,"lower_tail"
1152634,1979,"bc79122",20000,305,640,73.8,"lower_tail"
1152635,1979,"bc79122",20000,305,640,70.5,"lower_tail"
1152636,1979,"bc79122",20000,305,640,55.2,"lower_tail"
1152637,1979,"bc79122",20000,305,640,25.3,"lower_tail"
1152638,1979,"bc79122",20000,305,640,2.3,"lower_tail"
1152639,1979,"bc79122",20000,305,640,0.2,"lower_tail"
1152640,1979,"bc79122",20000,305,640,0.2,"lower_tail"
1152641,1979,"bc79122",20000,305,640,0.2,"lower_tail"
1152642,1979,"bc79122",20000,305,640,2.4,"lower_tail"
1152643,1979,"bc79122",20000,305,640,25.3,"lower_tail"
1152644,1979,"bc79122",20000,305,640,47.1,"lower_tail"
1152645,1979,"bc79122",20000,305,640,71.6,"lower_tail"
1152646,1979,"bc79122",20000,305,640,87.7,"lower_tail"
1152647,1979,"bc79122",20000,305,640,96.1,"lower_tail"
1152648,1979,"bc79122",20000,305,640,85.5,"lower_tail"
1152649,1979,"bc79122",20000,305,640,159.6,"lower_tail"
1152650,1979,"bc79122",20000,305,640,229.8,"lower_tail"
1152651,1979,"bc79122",20000,305,640,208.4,"lower_tail"
1152652,1979,"bc79122",20000,305,640,40.7,"lower_tail"
1152653,1979,"bc79122",20000,305,640,3.1,"lower_tail"
1152654,1979,"bc79122",20000,305,640,42.5,"lower_tail"
1152655,1979,"bc79122",20000,305,640,158.4,"lower_tail"
1152656,1979,"bc79122",20000,305,640,258.4,"lower_tail"
1152657,1979,"bc79122",20000,305,640,235.2,"lower_tail"
1152658,1979,"bc79122",20000,305,640,232.4,"lower_tail"
1152659,1979,"bc79122",20000,305,640,217.9,"lower_tail"
1152660,1979,"bc79122",20000,305,640,219.7,"lower_tail"
1152661,1979,"bc79122",20000,305,640,170.7,"lower_tail"
1152662,1979,"bc79122",20000,305,640,128.8,"lower_tail"
1152663,1979,"bc79122",20000,305,640,61.8,"lower_tail"
1152664,1979,"bc79122",20000,305,640,121.8,"lower_tail"
1152665,1979,"bc79122",20000,305,640,256.8,"lower_tail"
1152666,1979,"bc79122",20000,305,640,331.1,"lower_tail"
1152667,1979,"bc79122",20000,305,640,337.8,"lower_tail"
1152668,1979,"bc79122",20000,305,640,264,"lower_tail"
1152669,1979,"bc79122",20000,305,640,176.9,"lower_tail"
1152670,1979,"bc79122",20000,305,640,95,"lower_tail"
1152671,1979,"bc79122",20000,305,640,80.2,"lower_tail"
1152672,1979,"bc79122",20000,305,640,363,"lower_tail"
1152673,1979,"bc79122",20000,305,640,353.7,"lower_tail"
1152674,1979,"bc79122",20000,305,640,304.9,"lower_tail"
1152675,1979,"bc79122",20000,305,640,194.8,"lower_tail"
1152676,1979,"bc79122",20000,305,640,64.4,"lower_tail"
1152677,1979,"bc79122",20000,305,640,149.2,"lower_tail"
1152678,1979,"bc79122",20000,305,640,217.9,"lower_tail"
1152679,1979,"bc79122",20000,305,640,190.7,"lower_tail"
1152680,1979,"bc79122",20000,305,640,162.3,"lower_tail"
1152681,1979,"bc79122",20000,305,640,229.6,"lower_tail"
1152682,1979,"bc79122",20000,305,640,275.7,"lower_tail"
1152683,1979,"bc79122",20000,305,640,304.9,"lower_tail"
1152684,1979,"bc79122",20000,305,640,260.8,"lower_tail"
1152685,1979,"bc79122",20000,305,640,177.8,"lower_tail"
1152686,1979,"bc79122",20000,305,640,66.6,"lower_tail"
1152687,1979,"bc79122",20000,305,640,12.1,"lower_tail"
1152688,1979,"bc79122",20000,305,640,21.8,"lower_tail"
1152689,1979,"bc79122",20000,305,640,89.8,"lower_tail"
1152690,1979,"bc79122",20000,305,640,154.5,"lower_tail"
1152691,1979,"bc79122",20000,305,640,144.2,"lower_tail"
1152692,1979,"bc79122",20000,305,640,116.5,"lower_tail"
1152693,1979,"bc79122",20000,305,640,96.5,"lower_tail"
1152694,1979,"bc79122",20000,305,640,127.9,"lower_tail"
1152695,1979,"bc79122",20000,305,640,123.4,"lower_tail"
1152696,1979,"bc79122",20000,305,640,103.8,"lower_tail"
1152697,1979,"bc79122",20000,305,640,83,"lower_tail"
1152698,1979,"bc79122",20000,305,640,63.5,"lower_tail"
1152699,1979,"bc79122",20000,305,640,45.1,"lower_tail"
1152700,1979,"bc79122",20000,305,640,18.5,"lower_tail"
1152701,1979,"bc79122",20000,305,640,6.7,"lower_tail"
1152702,1979,"bc79122",20000,305,640,1.4,"lower_tail"
1152703,1979,"bc79122",20000,305,640,1.2,"lower_tail"
1152704,1979,"bc79122",20000,305,640,1.6,"lower_tail"
1152705,1979,"bc79122",20000,305,640,0.8,"lower_tail"
1152706,1979,"bc79122",20000,305,640,1.7,"lower_tail"
1152707,1979,"bc79122",20000,305,640,10,"lower_tail"
1152708,1979,"bc79122",20000,305,640,27.4,"lower_tail"
1152709,1979,"bc79122",20000,305,640,46.2,"lower_tail"
1152710,1979,"bc79122",20000,305,640,64.7,"lower_tail"
1152711,1979,"bc79122",20000,305,640,66.5,"lower_tail"
1152712,1979,"bc79122",20000,305,640,60.8,"lower_tail"
1152713,1979,"bc79122",20000,305,640,50.2,"lower_tail"
1152714,1979,"bc79122",20000,305,640,36.7,"lower_tail"
1152715,1979,"bc79122",20000,305,640,26,"lower_tail"
1152716,1979,"bc79122",20000,305,640,17.9,"lower_tail"
1152717,1979,"bc79122",20000,305,640,9,"lower_tail"
1152718,1979,"bc79122",20000,305,640,2.2,"lower_tail"
1152719,1979,"bc79122",20000,305,640,0.2,"lower_tail"
1152720,1979,"bc79122",20000,305,640,4.7,"lower_tail"
1152721,1979,"bc79122",20000,305,640,13.5,"lower_tail"
1152722,1979,"bc79122",20000,305,640,26.4,"lower_tail"
1152723,1979,"bc79122",20000,305,640,39.3,"lower_tail"
1152724,1979,"bc79122",20000,305,640,53.4,"lower_tail"
1152725,1979,"bc79122",20000,305,640,68,"lower_tail"
1152726,1979,"bc79122",20000,305,640,72.6,"lower_tail"
1152727,1979,"bc79122",20000,305,640,61.1,"lower_tail"
1152728,1979,"bc79122",20000,305,640,34.8,"lower_tail"
1152729,1979,"bc79122",20000,305,640,12.5,"lower_tail"
1152730,1979,"bc79122",20000,305,640,4.3,"lower_tail"
1152731,1979,"bc79122",20000,305,640,20.6,"lower_tail"
1152732,1979,"bc79122",20000,305,640,47.3,"lower_tail"
1152733,1979,"bc79122",20000,305,640,65,"lower_tail"
1152734,1979,"bc79122",20000,305,640,48.3,"lower_tail"
1152735,1979,"bc79122",20000,305,640,27.4,"lower_tail"
1152736,1979,"bc79122",20000,305,640,21.1,"lower_tail"
1152737,1979,"bc79122",20000,305,640,21.8,"lower_tail"
1152738,1979,"bc79122",20000,305,640,59.1,"lower_tail"
1152739,1979,"bc79122",20000,305,640,153.4,"lower_tail"
1152740,1979,"bc79122",20000,305,640,200.5,"lower_tail"
1152741,1979,"bc79122",20000,305,640,254.8,"lower_tail"
1152742,1979,"bc79122",20000,305,640,257.3,"lower_tail"
1152743,1979,"bc79122",20000,305,640,172.9,"lower_tail"
1152744,1979,"bc79122",20000,305,640,83.6,"lower_tail"
1152745,1979,"bc79122",20000,305,640,60.4,"lower_tail"
1152746,1979,"bc79122",20000,305,640,162.1,"lower_tail"
1152747,1979,"bc79122",20000,305,640,139.1,"lower_tail"
1152748,1979,"bc79122",20000,305,640,51.8,"lower_tail"
1152749,1979,"bc79122",20000,305,640,46.8,"lower_tail"
1152750,1979,"bc79122",20000,305,640,100.8,"lower_tail"
1152751,1979,"bc79122",20000,305,640,129.7,"lower_tail"
1152752,1979,"bc79122",20000,305,640,139.6,"lower_tail"
1152753,1979,"bc79122",20000,305,640,157.3,"lower_tail"
1152754,1979,"bc79122",20000,305,640,125.9,"lower_tail"
1152755,1979,"bc79122",20000,305,640,117.6,"lower_tail"
1152756,1979,"bc79122",20000,305,640,166.1,"lower_tail"
1152757,1979,"bc79122",20000,305,640,194.6,"lower_tail"
1152758,1979,"bc79122",20000,305,640,95.2,"lower_tail"
1152759,1979,"bc79122",20000,305,640,61.1,"lower_tail"
1152760,1979,"bc79122",20000,305,640,180.8,"lower_tail"
1152761,1979,"bc79122",20000,305,640,311.3,"lower_tail"
1152762,1979,"bc79122",20000,305,640,315.5,"lower_tail"
1178941,1978,"bc78104",20000,153,1295,464.4,"lower_tail"
1178942,1978,"bc78104",20000,153,1295,464.7,"lower_tail"
1178943,1978,"bc78104",20000,153,1295,465.9,"lower_tail"
1178944,1978,"bc78104",20000,153,1295,468.3,"lower_tail"
1178945,1978,"bc78104",20000,153,1295,471.6,"lower_tail"
1178946,1978,"bc78104",20000,153,1295,476.7,"lower_tail"
1178947,1978,"bc78104",20000,153,1295,482.5,"lower_tail"
1178948,1978,"bc78104",20000,153,1295,491.1,"lower_tail"
1178949,1978,"bc78104",20000,153,1295,505.3,"lower_tail"
1178950,1978,"bc78104",20000,153,1295,520.9,"lower_tail"
1178951,1978,"bc78104",20000,153,1295,532.6,"lower_tail"
1178952,1978,"bc78104",20000,153,1295,545.4,"lower_tail"
1178953,1978,"bc78104",20000,153,1295,558.2,"lower_tail"
1178954,1978,"bc78104",20000,153,1295,571.6,"lower_tail"
1178955,1978,"bc78104",20000,153,1295,585.8,"lower_tail"
1178956,1978,"bc78104",20000,153,1295,597.9,"lower_tail"
1178957,1978,"bc78104",20000,153,1295,625.4,"lower_tail"
1178958,1978,"bc78104",20000,153,1295,620.8,"lower_tail"
1178959,1978,"bc78104",20000,153,1295,614.7,"lower_tail"
1178960,1978,"bc78104",20000,153,1295,608.8,"lower_tail"
1178961,1978,"bc78104",20000,153,1295,597,"lower_tail"
1178962,1978,"bc78104",20000,153,1295,585.3,"lower_tail"
1178963,1978,"bc78104",20000,153,1295,572.9,"lower_tail"
1178964,1978,"bc78104",20000,153,1295,561.2,"lower_tail"
1178965,1978,"bc78104",20000,153,1295,550,"lower_tail"
1178966,1978,"bc78104",20000,153,1295,538.2,"lower_tail"
1178967,1978,"bc78104",20000,153,1295,530.8,"lower_tail"
1178968,1978,"bc78104",20000,153,1295,526.3,"lower_tail"
1178969,1978,"bc78104",20000,153,1295,522.2,"lower_tail"
1178970,1978,"bc78104",20000,153,1295,518.9,"lower_tail"
1178971,1978,"bc78104",20000,153,1295,516.2,"lower_tail"
1178972,1978,"bc78104",20000,153,1295,514.7,"lower_tail"
1178973,1978,"bc78104",20000,153,1295,513.4,"lower_tail"
1178974,1978,"bc78104",20000,153,1295,513.1,"lower_tail"
1178975,1978,"bc78104",20000,153,1295,513,"lower_tail"
1178976,1978,"bc78104",20000,153,1295,583.9,"lower_tail"
1178977,1978,"bc78104",20000,153,1295,577.7,"lower_tail"
1178978,1978,"bc78104",20000,153,1295,574,"lower_tail"
1178979,1978,"bc78104",20000,153,1295,570.7,"lower_tail"
1178980,1978,"bc78104",20000,153,1295,567.7,"lower_tail"
1178981,1978,"bc78104",20000,153,1295,565,"lower_tail"
1178982,1978,"bc78104",20000,153,1295,563,"lower_tail"
1178983,1978,"bc78104",20000,153,1295,563.3,"lower_tail"
1178984,1978,"bc78104",20000,153,1295,566.3,"lower_tail"
1178985,1978,"bc78104",20000,153,1295,571.3,"lower_tail"
1178986,1978,"bc78104",20000,153,1295,582.3,"lower_tail"
1178987,1978,"bc78104",20000,153,1295,596.4,"lower_tail"
1178988,1978,"bc78104",20000,153,1295,610.1,"lower_tail"
1178989,1978,"bc78104",20000,153,1295,622.4,"lower_tail"
1178990,1978,"bc78104",20000,153,1295,632.8,"lower_tail"
1178991,1978,"bc78104",20000,153,1295,641.7,"lower_tail"
1178992,1978,"bc78104",20000,153,1295,648.9,"lower_tail"
1178993,1978,"bc78105",20000,153,1295,686.2,"lower_tail"
1178994,1978,"bc78105",20000,153,1295,687.4,"lower_tail"
1178995,1978,"bc78105",20000,153,1295,685.2,"lower_tail"
1178996,1978,"bc78105",20000,153,1295,679.9,"lower_tail"
1178997,1978,"bc78105",20000,153,1295,673.2,"lower_tail"
1178998,1978,"bc78105",20000,153,1295,662.3,"lower_tail"
1178999,1978,"bc78105",20000,153,1295,648.4,"lower_tail"
1179000,1978,"bc78105",20000,153,1295,633,"lower_tail"
1179001,1978,"bc78105",20000,153,1295,618.7,"lower_tail"
1179002,1978,"bc78105",20000,153,1295,610.4,"lower_tail"
1179003,1978,"bc78105",20000,153,1295,607.6,"lower_tail"
1179004,1978,"bc78105",20000,153,1295,608.9,"lower_tail"
1179005,1978,"bc78105",20000,153,1295,613.2,"lower_tail"
1179006,1978,"bc78105",20000,153,1295,619.3,"lower_tail"
1179007,1978,"bc78105",20000,153,1295,624.9,"lower_tail"
1179008,1978,"bc78105",20000,153,1295,630.2,"lower_tail"
1179009,1978,"bc78105",20000,153,1295,637.5,"lower_tail"
1179036,1978,"bc78151",20000,153,1295,660.8,"lower_tail"
1179037,1978,"bc78151",20000,153,1295,649.2,"lower_tail"
1179038,1978,"bc78151",20000,153,1295,640.7,"lower_tail"
1179039,1978,"bc78151",20000,153,1295,634.3,"lower_tail"
1179040,1978,"bc78151",20000,153,1295,629.2,"lower_tail"
1179041,1978,"bc78151",20000,153,1295,623.1,"lower_tail"
1179042,1978,"bc78151",20000,153,1295,618.2,"lower_tail"
1179043,1978,"bc78151",20000,153,1295,615.6,"lower_tail"
1179044,1978,"bc78151",20000,153,1295,618.1,"lower_tail"
1179045,1978,"bc78151",20000,153,1295,625.1,"lower_tail"
1179046,1978,"bc78151",20000,153,1295,641.6,"lower_tail"
1179047,1978,"bc78151",20000,153,1295,657.6,"lower_tail"
1179048,1978,"bc78151",20000,153,1295,673.6,"lower_tail"
1179049,1978,"bc78151",20000,153,1295,685.3,"lower_tail"
1179050,1978,"bc78151",20000,153,1295,692.5,"lower_tail"
1179051,1978,"bc78151",20000,153,1295,696.8,"lower_tail"
1179052,1978,"bc78151",20000,153,1295,697.4,"lower_tail"
1179053,1978,"bc78151",20000,153,1295,557.1,"lower_tail"
1179054,1978,"bc78151",20000,153,1295,556.7,"lower_tail"
1179055,1978,"bc78151",20000,153,1295,555.9,"lower_tail"
1179056,1978,"bc78151",20000,153,1295,556.3,"lower_tail"
1179057,1978,"bc78151",20000,153,1295,554.8,"lower_tail"
1179058,1978,"bc78151",20000,153,1295,553.7,"lower_tail"
1179059,1978,"bc78151",20000,153,1295,555.2,"lower_tail"
1179060,1978,"bc78151",20000,153,1295,557.8,"lower_tail"
1179061,1978,"bc78151",20000,153,1295,562.4,"lower_tail"
1179062,1978,"bc78151",20000,153,1295,568.4,"lower_tail"
1179063,1978,"bc78151",20000,153,1295,579.9,"lower_tail"
1179064,1978,"bc78151",20000,153,1295,592.2,"lower_tail"
1179065,1978,"bc78151",20000,153,1295,604.2,"lower_tail"
1179066,1978,"bc78151",20000,153,1295,614.9,"lower_tail"
1179067,1978,"bc78151",20000,153,1295,623.5,"lower_tail"
1179068,1978,"bc78151",20000,153,1295,630.9,"lower_tail"
1179069,1978,"bc78151",20000,153,1295,637.7,"lower_tail"
1179070,1978,"bc78151",20000,153,1295,643.1,"lower_tail"
1200814,1977,"bc77014",50000,153,853,1525.4,"lower_tail"
1200815,1977,"bc77014",50000,153,853,1665.4,"lower_tail"
1200816,1977,"bc77014",50000,153,853,1746.1,"lower_tail"
1200817,1977,"bc77014",50000,153,853,1795.7,"lower_tail"
1200818,1977,"bc77014",50000,153,853,1787.1,"lower_tail"
1200819,1977,"bc77014",50000,153,853,1750.7,"lower_tail"
1200820,1977,"bc77014",50000,153,853,1640.6,"lower_tail"
1202680,1977,"bc77032",10000,610,701,860.8,"lower_tail"
1202681,1977,"bc77032",10000,610,701,988.9,"lower_tail"
1202682,1977,"bc77032",10000,610,701,1145.5,"lower_tail"
1202683,1977,"bc77032",10000,610,701,1301.2,"lower_tail"
1202684,1977,"bc77032",10000,610,701,1497.1,"lower_tail"
1202685,1977,"bc77032",10000,610,701,1614.3,"lower_tail"
1202686,1977,"bc77032",10000,610,701,1586.5,"lower_tail"
1202687,1977,"bc77032",10000,610,701,1452.8,"lower_tail"
1202688,1977,"bc77032",10000,610,701,1334.6,"lower_tail"
1202689,1977,"bc77032",10000,610,701,1322.4,"lower_tail"
1202690,1977,"bc77032",10000,610,701,1268.8,"lower_tail"
1202691,1977,"bc77032",10000,610,701,1063.5,"lower_tail"
1202692,1977,"bc77032",10000,610,701,786.4,"lower_tail"
1202693,1977,"bc77032",10000,610,701,1033,"lower_tail"
1202694,1977,"bc77032",10000,610,701,1384.5,"lower_tail"
1202695,1977,"bc77032",10000,610,701,1598.7,"lower_tail"
1202696,1977,"bc77032",10000,610,701,1675.6,"lower_tail"
1202697,1977,"bc77032",10000,610,701,1667.8,"lower_tail"
1202698,1977,"bc77032",10000,610,701,1592.5,"lower_tail"
1202699,1977,"bc77032",10000,610,701,1454.5,"lower_tail"
1202700,1977,"bc77032",10000,610,701,1324.4,"lower_tail"
1202701,1977,"bc77032",10000,610,701,1270.3,"lower_tail"
1202702,1977,"bc77032",10000,610,701,1262.8,"lower_tail"
1202703,1977,"bc77032",10000,610,701,1264.1,"lower_tail"
1202704,1977,"bc77032",10000,610,701,1247,"lower_tail"
1202705,1977,"bc77032",10000,610,701,1217.8,"lower_tail"
1202706,1977,"bc77032",10000,610,701,1186,"lower_tail"
1202707,1977,"bc77032",10000,610,701,1176.2,"lower_tail"
1202708,1977,"bc77032",10000,610,701,1252.2,"lower_tail"
1202709,1977,"bc77032",10000,610,701,1351.7,"lower_tail"
1202710,1977,"bc77032",10000,610,701,1481.4,"lower_tail"
1202711,1977,"bc77032",10000,610,701,1653.9,"lower_tail"
1202712,1977,"bc77032",10000,610,701,1680.5,"lower_tail"
1202713,1977,"bc77032",10000,610,701,1757.3,"lower_tail"
1202714,1977,"bc77032",10000,610,701,1855.7,"lower_tail"
1202715,1977,"bc77032",10000,610,701,1898.3,"lower_tail"
1202716,1977,"bc77032",10000,610,701,1869.9,"lower_tail"
1202717,1977,"bc77032",10000,610,701,1827.2,"lower_tail"
1202718,1977,"bc77032",10000,610,701,1790.6,"lower_tail"
1202719,1977,"bc77032",10000,610,701,1753,"lower_tail"
1202720,1977,"bc77032",10000,610,701,1700.3,"lower_tail"
1202721,1977,"bc77032",10000,610,701,1643.9,"lower_tail"
1202722,1977,"bc77032",10000,610,701,1610.6,"lower_tail"
1202723,1977,"bc77032",10000,610,701,1602.2,"lower_tail"
1202724,1977,"bc77032",10000,610,701,1610.9,"lower_tail"
1202725,1977,"bc77032",10000,610,701,1647.5,"lower_tail"
1202726,1977,"bc77032",10000,610,701,1630.4,"lower_tail"
1202727,1977,"bc77032",10000,610,701,1464.8,"lower_tail"
1202728,1977,"bc77032",10000,610,701,1320.5,"lower_tail"
1202729,1977,"bc77032",10000,610,701,1418.4,"lower_tail"
1202730,1977,"bc77032",10000,610,701,1709.2,"lower_tail"
1202731,1977,"bc77032",10000,610,701,1874.7,"lower_tail"
1202732,1977,"bc77032",10000,610,701,1933.5,"lower_tail"
1202733,1977,"bc77032",10000,610,701,1967,"lower_tail"
1210735,1977,"bcc162",16000,305,2438,679.4,"lower_tail"
1210736,1977,"bcc162",16000,305,2438,635,"lower_tail"
1210737,1977,"bcc162",16000,305,2438,623.7,"lower_tail"
1210738,1977,"bcc162",16000,305,2438,600.6,"lower_tail"
1210739,1977,"bcc162",16000,305,2438,593.1,"lower_tail"
1210740,1977,"bcc162",16000,305,2438,599.1,"lower_tail"
1210741,1977,"bcc162",16000,305,2438,609.5,"lower_tail"
1210742,1977,"bcc162",16000,305,2438,579.9,"lower_tail"
1210743,1977,"bcc162",16000,305,2438,542.9,"lower_tail"
1210744,1977,"bcc162",16000,305,2438,529.3,"lower_tail"
1210745,1977,"bcc162",16000,305,2438,526.8,"lower_tail"
1210746,1977,"bcc162",16000,305,2438,527.1,"lower_tail"
1210747,1977,"bcc162",16000,305,2438,717.5,"lower_tail"
1210748,1977,"bcc162",16000,305,2438,555.5,"lower_tail"
1210749,1977,"bcc162",16000,305,2438,568,"lower_tail"
1210750,1977,"bcc162",16000,305,2438,745.5,"lower_tail"
1210751,1977,"bcc162",16000,305,2438,970.8,"lower_tail"
1210752,1977,"bcc162",16000,305,2438,1118.8,"lower_tail"
1210753,1977,"bcc162",16000,305,2438,1104.3,"lower_tail"
1210754,1977,"bcc162",16000,305,2438,1006.6,"lower_tail"
1210755,1977,"bcc162",16000,305,2438,896.2,"lower_tail"
1210756,1977,"bcc162",16000,305,2438,848,"lower_tail"
1210757,1977,"bcc162",16000,305,2438,886.5,"lower_tail"
1210758,1977,"bcc162",16000,305,2438,1013.8,"lower_tail"
1210759,1977,"bcc162",16000,305,2438,1154.4,"lower_tail"
1210760,1977,"bcc162",16000,305,2438,1228.4,"lower_tail"
1210761,1977,"bcc162",16000,305,2438,1211.1,"lower_tail"
1210762,1977,"bcc162",16000,305,2438,634.4,"lower_tail"
1210763,1977,"bcc162",16000,305,2438,596.9,"lower_tail"
1210764,1977,"bcc162",16000,305,2438,554.6,"lower_tail"
1210765,1977,"bcc162",16000,305,2438,523.3,"lower_tail"
1210766,1977,"bcc162",16000,305,2438,515.7,"lower_tail"
1210767,1977,"bcc162",16000,305,2438,498.1,"lower_tail"
1210768,1977,"bcc162",16000,305,2438,464.2,"lower_tail"
1210769,1977,"bcc162",16000,305,2438,431.4,"lower_tail"
1210770,1977,"bcc162",16000,305,2438,404.4,"lower_tail"
1210771,1977,"bcc162",16000,305,2438,386.1,"lower_tail"
1210772,1977,"bcc162",16000,305,2438,385.7,"lower_tail"
1210773,1977,"bcc162",16000,305,2438,411.8,"lower_tail"
1210774,1977,"bcc162",16000,305,2438,461.2,"lower_tail"
1210775,1977,"bcc162",16000,305,2438,559.6,"lower_tail"
1210776,1977,"bcc162",16000,305,2438,681,"lower_tail"
1210777,1977,"bcc162",16000,305,2438,756.6,"lower_tail"
1210778,1977,"bcc162",16000,305,2438,742.6,"lower_tail"
1210779,1977,"bcc162",16000,305,2438,702,"lower_tail"
1210780,1977,"bcc162",16000,305,2438,660.5,"lower_tail"
1210781,1977,"bcc162",16000,305,2438,615,"lower_tail"
1210782,1977,"bcc162",16000,305,2438,582,"lower_tail"
1210783,1977,"bcc162",16000,305,2438,606.3,"lower_tail"
1210784,1977,"bcc162",16000,305,2438,639.8,"lower_tail"
1210785,1977,"bcc162",16000,305,2438,618,"lower_tail"
1210786,1977,"bcc162",16000,305,2438,545.7,"lower_tail"
1210787,1977,"bcc162",16000,305,2438,485.3,"lower_tail"
1210788,1977,"bcc162",16000,305,2438,507.3,"lower_tail"
1210789,1977,"bcc162",16000,305,2438,629.8,"lower_tail"
1210790,1977,"bcc162",16000,305,2438,890.7,"lower_tail"
1210791,1977,"bcc162",16000,305,2438,776.7,"lower_tail"
1210792,1977,"bcc162",16000,305,2438,596,"lower_tail"
1210793,1977,"bcc162",16000,305,2438,500.2,"lower_tail"
1210794,1977,"bcc162",16000,305,2438,480.2,"lower_tail"
1210795,1977,"bcc162",16000,305,2438,448.8,"lower_tail"
1210796,1977,"bcc162",16000,305,2438,448.7,"lower_tail"
1210797,1977,"bcc162",16000,305,2438,433.3,"lower_tail"
1210798,1977,"bcc162",16000,305,2438,425.4,"lower_tail"
1210799,1977,"bcc162",16000,305,2438,430.9,"lower_tail"
1210800,1977,"bcc162",16000,305,2438,435.8,"lower_tail"
1210801,1977,"bcc162",16000,305,2438,443.4,"lower_tail"
1210802,1977,"bcc162",16000,305,2438,445.7,"lower_tail"
1210803,1977,"bcc162",16000,305,2438,446.5,"lower_tail"
1210804,1977,"bcc162",16000,305,2438,449.7,"lower_tail"
1210805,1977,"bcc162",16000,305,2438,447.7,"lower_tail"
1210806,1977,"bcc162",16000,305,2438,425.2,"lower_tail"
1210807,1977,"bcc162",16000,305,2438,400,"lower_tail"
1210808,1977,"bcc162",16000,305,2438,388.1,"lower_tail"
1210809,1977,"bcc162",16000,305,2438,391,"lower_tail"
1210810,1977,"bcc162",16000,305,2438,409.6,"lower_tail"
1210811,1977,"bcc162",16000,305,2438,471.2,"lower_tail"
1210812,1977,"bcc162",16000,305,2438,592.4,"lower_tail"
1210813,1977,"bcc162",16000,305,2438,653.4,"lower_tail"
1210814,1977,"bcc162",16000,305,2438,632.3,"lower_tail"
1210815,1977,"bcc162",16000,305,2438,573.6,"lower_tail"
1210816,1977,"bcc162",16000,305,2438,549.4,"lower_tail"
1210817,1977,"bcc162",16000,305,2438,549,"lower_tail"
1210818,1977,"bcc162",16000,305,2438,647.7,"lower_tail"
1210819,1977,"bcc162",16000,305,2438,763.3,"lower_tail"
1210820,1977,"bcc162",16000,305,2438,822.8,"lower_tail"
1212011,1975,"bc5697",6000,153,457,1.6,"lower_tail"
1212012,1975,"bc5697",6000,153,457,1.3,"lower_tail"
1212013,1975,"bc5697",6000,153,457,1.1,"lower_tail"
1212014,1975,"bc5697",6000,153,457,0.9,"lower_tail"
1212015,1975,"bc5697",6000,153,457,0.8,"lower_tail"
1212016,1975,"bc5697",6000,153,457,0.7,"lower_tail"
1212017,1975,"bc5697",6000,153,457,0.7,"lower_tail"
1212018,1975,"bc5697",6000,153,457,0.8,"lower_tail"
1212019,1975,"bc5697",6000,153,457,1,"lower_tail"
1212020,1975,"bc5697",6000,153,457,1.2,"lower_tail"
1212021,1975,"bc5697",6000,153,457,1.5,"lower_tail"
1212022,1975,"bc5697",6000,153,457,1.7,"lower_tail"
1212023,1975,"bc5697",6000,153,457,1.9,"lower_tail"
1212024,1975,"bc5697",6000,153,457,2.1,"lower_tail"
1212025,1975,"bc5697",6000,153,457,2.3,"lower_tail"
1212026,1975,"bc5697",6000,153,457,2.5,"lower_tail"
1212027,1975,"bc5697",6000,153,457,2.7,"lower_tail"
1212028,1975,"bc5697",6000,153,457,2.9,"lower_tail"
1212029,1975,"bc5697",6000,153,457,3.1,"lower_tail"
1212030,1975,"bc5697",6000,153,457,3.4,"lower_tail"
1212031,1975,"bc5697",6000,153,457,3.6,"lower_tail"
1212032,1975,"bc5697",6000,153,457,3.9,"lower_tail"
1212033,1975,"bc5697",6000,153,457,4.3,"lower_tail"
1212034,1975,"bc5697",6000,153,457,4.6,"lower_tail"
1212035,1975,"bc5697",6000,153,457,5,"lower_tail"
1212036,1975,"bc5697",6000,153,457,5.4,"lower_tail"
1212037,1975,"bc5697",6000,153,457,5.8,"lower_tail"
1212038,1975,"bc5697",6000,153,457,6.2,"lower_tail"
1212039,1975,"bc5697",6000,153,457,6.5,"lower_tail"
1212040,1975,"bc5697",6000,153,457,6.9,"lower_tail"
1212041,1975,"bc5697",6000,153,457,7.2,"lower_tail"
1212042,1975,"bc5697",6000,153,457,7.7,"lower_tail"
1212043,1975,"bc5697",6000,153,457,8.1,"lower_tail"
1212044,1975,"bc5697",6000,153,457,8.7,"lower_tail"
1212045,1975,"bc5697",6000,153,457,9.2,"lower_tail"
1212046,1975,"bc5697",6000,153,457,9.7,"lower_tail"
1212047,1975,"bc5697",6000,153,457,10.1,"lower_tail"
1212048,1975,"bc5697",6000,153,457,10.6,"lower_tail"
1212049,1975,"bc5697",6000,153,457,11.1,"lower_tail"
1212050,1975,"bc5697",6000,153,457,11.6,"lower_tail"
1212051,1975,"bc5697",6000,153,457,12.2,"lower_tail"
1212052,1975,"bc5697",6000,153,457,12.8,"lower_tail"
1212053,1975,"bc5697",6000,153,457,13.5,"lower_tail"
1212054,1975,"bc5697",6000,153,457,14.3,"lower_tail"
1212055,1975,"bc5697",6000,153,457,21.8,"lower_tail"
1212056,1975,"bc5697",6000,153,457,21.4,"lower_tail"
1212057,1975,"bc5697",6000,153,457,20.9,"lower_tail"
1212058,1975,"bc5697",6000,153,457,20.2,"lower_tail"
1212059,1975,"bc5697",6000,153,457,19.5,"lower_tail"
1212060,1975,"bc5697",6000,153,457,18.7,"lower_tail"
1212061,1975,"bc5697",6000,153,457,18.1,"lower_tail"
1212062,1975,"bc5697",6000,153,457,17.6,"lower_tail"
1212063,1975,"bc5697",6000,153,457,17,"lower_tail"
1212064,1975,"bc5697",6000,153,457,16.6,"lower_tail"
1212065,1975,"bc5697",6000,153,457,16.1,"lower_tail"
1212066,1975,"bc5697",6000,153,457,15.7,"lower_tail"
1212067,1975,"bc5697",6000,153,457,15.2,"lower_tail"
1212068,1975,"bc5697",6000,153,457,14.8,"lower_tail"
1212069,1975,"bc5697",6000,153,457,14.3,"lower_tail"
1212070,1975,"bc5697",6000,153,457,14.2,"lower_tail"
1212071,1975,"bc5697",6000,153,457,14.2,"lower_tail"
1212072,1975,"bc5697",6000,153,457,14.3,"lower_tail"
1212073,1975,"bc5697",6000,153,457,14.5,"lower_tail"
1212074,1975,"bc5697",6000,153,457,14.7,"lower_tail"
1212075,1975,"bc5697",6000,153,457,15.4,"lower_tail"
1212076,1975,"bc5697",6000,153,457,15.3,"lower_tail"
1212077,1975,"bc5697",6000,153,457,14.4,"lower_tail"
1212078,1975,"bc5697",6000,153,457,13.5,"lower_tail"
1212079,1975,"bc5697",6000,153,457,12.7,"lower_tail"
1212080,1975,"bc5697",6000,153,457,12.9,"lower_tail"
1212081,1975,"bc5697",6000,153,457,11.6,"lower_tail"
1212082,1975,"bc5697",6000,153,457,8.4,"lower_tail"
1212083,1975,"bc5697",6000,153,457,7,"lower_tail"
1212084,1975,"bc5697",6000,153,457,6.5,"lower_tail"
1212085,1975,"bc5697",6000,153,457,6.2,"lower_tail"
1212086,1975,"bc5697",6000,153,457,6,"lower_tail"
1212087,1975,"bc5697",6000,153,457,5.5,"lower_tail"
1212088,1975,"bc5697",6000,153,457,5.6,"lower_tail"
1212089,1975,"bc5697",6000,153,457,4.8,"lower_tail"
1212090,1975,"bc5697",6000,153,457,3.7,"lower_tail"
1212091,1975,"bc5697",6000,153,457,3.3,"lower_tail"
1212092,1975,"bc5697",6000,153,457,2.9,"lower_tail"
1212093,1975,"bc5697",6000,153,457,2.6,"lower_tail"
1212094,1975,"bc5697",6000,153,457,5.4,"lower_tail"
1212095,1975,"bc5697",6000,153,457,8.9,"lower_tail"
1212096,1975,"bc5697",6000,153,457,13.2,"lower_tail"
1212097,1975,"bc5697",6000,153,457,16.9,"lower_tail"
1212098,1975,"bc5697",6000,153,457,19.2,"lower_tail"
1212099,1975,"bc5697",6000,153,457,21,"lower_tail"
1212100,1975,"bc5697",6000,153,457,24.2,"lower_tail"
1212101,1975,"bc5697",6000,153,457,27,"lower_tail"
1212102,1975,"bc5697",6000,153,457,27.7,"lower_tail"
1212103,1975,"bc5697",6000,153,457,27.4,"lower_tail"
1212104,1975,"bc5697",6000,153,457,30,"lower_tail"
1212105,1975,"bc5697",6000,153,457,36.6,"lower_tail"
1212106,1975,"bc5697",6000,153,457,43.7,"lower_tail"
1212107,1975,"bc5697",6000,153,457,50.3,"lower_tail"
1212108,1975,"bc5697",6000,153,457,55.1,"lower_tail"
1212109,1975,"bc5697",6000,153,457,59.3,"lower_tail"
1212110,1975,"bc5697",6000,153,457,64.4,"lower_tail"
1212111,1975,"bc5697",6000,153,457,67.8,"lower_tail"
1212112,1975,"bc5697",6000,153,457,67.1,"lower_tail"
1215779,1976,"bc7835",20000,305,640,316.3,"lower_tail"
1215780,1976,"bc7835",20000,305,640,337.1,"lower_tail"
1215781,1976,"bc7835",20000,305,640,423.1,"lower_tail"
1215782,1976,"bc7835",20000,305,640,426.9,"lower_tail"
1215783,1976,"bc7835",20000,305,640,429.4,"lower_tail"
1215784,1976,"bc7835",20000,305,640,328.8,"lower_tail"
1215785,1976,"bc7835",20000,305,640,208.7,"lower_tail"
1215786,1976,"bc7835",20000,305,640,166.3,"lower_tail"
1230462,1966,"bc5224",15840,153,1082,189.6,"lower_tail"
1230463,1966,"bc5224",15840,153,1082,178,"lower_tail"
1230464,1966,"bc5224",15840,153,1082,173.3,"lower_tail"
1230465,1966,"bc5224",15840,153,1082,179.5,"lower_tail"
1230466,1966,"bc5224",15840,153,1082,197.4,"lower_tail"
1230467,1966,"bc5224",15840,153,1082,214.1,"lower_tail"
1230468,1966,"bc5224",15840,153,1082,222.8,"lower_tail"
1230469,1966,"bc5224",15840,153,1082,224.5,"lower_tail"
1230470,1966,"bc5224",15840,153,1082,223.6,"lower_tail"
1230471,1966,"bc5224",15840,153,1082,223.6,"lower_tail"
1230472,1966,"bc5224",15840,153,1082,268.8,"lower_tail"
1230473,1966,"bc5224",15840,153,1082,258.9,"lower_tail"
1230474,1966,"bc5224",15840,153,1082,256.6,"lower_tail"
1230475,1966,"bc5224",15840,153,1082,267.4,"lower_tail"
1230476,1966,"bc5224",15840,153,1082,282.8,"lower_tail"
1230477,1966,"bc5224",15840,153,1082,295.6,"lower_tail"
1230478,1966,"bc5224",15840,153,1082,305.5,"lower_tail"
1230479,1966,"bc5224",15840,153,1082,314.2,"lower_tail"
1230480,1966,"bc5224",15840,153,1082,322.9,"lower_tail"
1230481,1966,"bc5224",15840,153,1082,332.7,"lower_tail"
1230482,1966,"bc5224",15840,153,1082,341.7,"lower_tail"
1230483,1966,"bc5224",15840,153,1082,349.6,"lower_tail"
1230484,1966,"bc5224",15840,153,1082,355.7,"lower_tail"
1230485,1966,"bc5224",15840,153,1082,361.1,"lower_tail"
1230486,1966,"bc5224",15840,153,1082,369.2,"lower_tail"
1230487,1966,"bc5224",15840,153,1082,382.3,"lower_tail"
1230488,1966,"bc5224",15840,153,1082,395.5,"lower_tail"
1230489,1966,"bc5224",15840,153,1082,408.8,"lower_tail"
1230490,1966,"bc5224",15840,153,1082,417.9,"lower_tail"
1230491,1966,"bc5224",15840,153,1082,418.2,"lower_tail"
1230492,1966,"bc5224",15840,153,1082,413.4,"lower_tail"
1230493,1966,"bc5224",15840,153,1082,405.6,"lower_tail"
1230494,1966,"bc5224",15840,153,1082,396,"lower_tail"
1230495,1966,"bc5224",15840,153,1082,383.8,"lower_tail"
1230496,1966,"bc5224",15840,153,1082,374,"lower_tail"
1230497,1966,"bc5224",15840,153,1082,363.4,"lower_tail"
1230498,1966,"bc5224",15840,153,1082,345.9,"lower_tail"
1230499,1966,"bc5224",15840,153,1082,207,"lower_tail"
1230500,1966,"bc5224",15840,153,1082,208.6,"lower_tail"
1230501,1966,"bc5224",15840,153,1082,208.5,"lower_tail"
1230502,1966,"bc5224",15840,153,1082,207.8,"lower_tail"
1230503,1966,"bc5224",15840,153,1082,206.4,"lower_tail"
1230504,1966,"bc5224",15840,153,1082,204.4,"lower_tail"
1230505,1966,"bc5224",15840,153,1082,199.6,"lower_tail"
1230506,1966,"bc5224",15840,153,1082,190.8,"lower_tail"
1230507,1966,"bc5224",15840,153,1082,181.4,"lower_tail"
1284949,1975,"bc5651",31680,153,701,935.2,"lower_tail"
1284950,1975,"bc5651",31680,153,701,967.3,"lower_tail"
1284951,1975,"bc5651",31680,153,701,987.4,"lower_tail"
1284952,1975,"bc5651",31680,153,701,922.1,"lower_tail"
1284953,1975,"bc5651",31680,153,701,918.6,"lower_tail"
1284954,1975,"bc5651",31680,153,701,1229.8,"lower_tail"
1284955,1975,"bc5651",31680,153,701,1469.3,"lower_tail"
1284956,1975,"bc5651",31680,153,701,1540.2,"lower_tail"
1284957,1975,"bc5651",31680,153,701,1683.5,"lower_tail"
1284958,1975,"bc5651",31680,153,701,1782,"lower_tail"
1284959,1975,"bc5651",31680,153,701,1864.6,"lower_tail"
1284960,1975,"bc5651",31680,153,701,1832.1,"lower_tail"
1284961,1975,"bc5651",31680,153,701,1841.3,"lower_tail"
1284962,1975,"bc5651",31680,153,701,1796.7,"lower_tail"
1284963,1975,"bc5651",31680,153,701,1871.5,"lower_tail"
1284964,1975,"bc5651",31680,153,701,1576,"lower_tail"
1284965,1975,"bc5651",31680,153,701,1571.5,"lower_tail"
1284966,1975,"bc5651",31680,153,701,1644.6,"lower_tail"
1284967,1975,"bc5651",31680,153,701,1670.5,"lower_tail"
1284968,1975,"bc5651",31680,153,701,1667.3,"lower_tail"
1284969,1975,"bc5651",31680,153,701,1786.8,"lower_tail"
1284970,1975,"bc5651",31680,153,701,1804,"lower_tail"
1284971,1975,"bc5651",31680,153,701,1752.7,"lower_tail"
1284972,1975,"bc5651",31680,153,701,1630.9,"lower_tail"
1284973,1975,"bc5651",31680,153,701,1447.7,"lower_tail"
1284974,1975,"bc5651",31680,153,701,1248.3,"lower_tail"
1284975,1975,"bc5651",31680,153,701,1074.7,"lower_tail"
1284976,1975,"bc5651",31680,153,701,1001.8,"lower_tail"
1284977,1975,"bc5651",31680,153,701,839.8,"lower_tail"
1284978,1975,"bc5651",31680,153,701,1338,"lower_tail"
1284979,1975,"bc5651",31680,153,701,1326.8,"lower_tail"
1284980,1975,"bc5651",31680,153,701,1484.5,"lower_tail"
1284981,1975,"bc5651",31680,153,701,1704.4,"lower_tail"
1284982,1975,"bc5651",31680,153,701,1814.3,"lower_tail"
1284983,1975,"bc5651",31680,153,701,1791.4,"lower_tail"
1284984,1975,"bc5651",31680,153,701,1735.4,"lower_tail"
1284985,1975,"bc5651",31680,153,701,1681.6,"lower_tail"
1284986,1975,"bc5651",31680,153,701,1589.8,"lower_tail"
1284987,1975,"bc5651",31680,153,701,1527,"lower_tail"
1284988,1975,"bc5651",31680,153,701,1493.5,"lower_tail"
1284989,1975,"bc5651",31680,153,701,1432.3,"lower_tail"
1286323,1975,"bc7703",20000,305,1561,401.5,"lower_tail"
1286324,1975,"bc7703",20000,305,1561,395.5,"lower_tail"
1286325,1975,"bc7703",20000,305,1561,391,"lower_tail"
1286326,1975,"bc7703",20000,305,1561,389.5,"lower_tail"
1286327,1975,"bc7703",20000,305,1561,392.2,"lower_tail"
1286328,1975,"bc7703",20000,305,1561,398.3,"lower_tail"
1286329,1975,"bc7703",20000,305,1561,406.7,"lower_tail"
1286330,1975,"bc7703",20000,305,1561,415.8,"lower_tail"
1286331,1975,"bc7703",20000,305,1561,424.7,"lower_tail"
1286332,1975,"bc7703",20000,305,1561,433.9,"lower_tail"
1288591,1975,"bc5655",75062,153,1158,63.4,"lower_tail"
1288592,1975,"bc5655",75062,153,1158,63,"lower_tail"
1288593,1975,"bc5655",75062,153,1158,62.4,"lower_tail"
1288594,1975,"bc5655",75062,153,1158,61.8,"lower_tail"
1288595,1975,"bc5655",75062,153,1158,61.2,"lower_tail"
1288596,1975,"bc5655",75062,153,1158,60,"lower_tail"
1288597,1975,"bc5655",75062,153,1158,58.2,"lower_tail"
1288598,1975,"bc5655",75062,153,1158,55.6,"lower_tail"
1288599,1975,"bc5655",75062,153,1158,52.5,"lower_tail"
1292736,1975,"bc7717",12500,305,1676,43.9,"lower_tail"
1292737,1975,"bc7717",12500,305,1676,38.4,"lower_tail"
1292738,1975,"bc7717",12500,305,1676,34.7,"lower_tail"
1292739,1975,"bc7717",12500,305,1676,32.6,"lower_tail"
1292740,1975,"bc7717",12500,305,1676,35.3,"lower_tail"
1292741,1975,"bc7717",12500,305,1676,37.4,"lower_tail"
1292742,1975,"bc7717",12500,305,1676,38.2,"lower_tail"
1292743,1975,"bc7717",12500,305,1676,42.1,"lower_tail"
1292744,1975,"bc7717",12500,305,1676,53.3,"lower_tail"
1292745,1975,"bc7717",12500,305,1676,71.1,"lower_tail"
1292746,1975,"bc7717",12500,305,1676,94.4,"lower_tail"
1292747,1975,"bc7717",12500,305,1676,125.6,"lower_tail"
1292748,1975,"bc7717",12500,305,1676,136.3,"lower_tail"
1292749,1975,"bc7717",12500,305,1676,112.7,"lower_tail"
1292750,1975,"bc7717",12500,305,1676,92.1,"lower_tail"
1292751,1975,"bc7717",12500,305,1676,79.4,"lower_tail"
1292752,1975,"bc7717",12500,305,1676,73.1,"lower_tail"
1292753,1975,"bc7717",12500,305,1676,67.2,"lower_tail"
1292754,1975,"bc7717",12500,305,1676,63.3,"lower_tail"
1292755,1975,"bc7717",12500,305,1676,57.4,"lower_tail"
1292756,1975,"bc7717",12500,305,1676,50.6,"lower_tail"
1292757,1975,"bc7717",12500,305,1676,40.8,"lower_tail"
1292758,1975,"bc7717",12500,305,1676,33,"lower_tail"
1292759,1975,"bc7717",12500,305,1676,34.8,"lower_tail"
1292760,1975,"bc7717",12500,305,1676,39.5,"lower_tail"
1292761,1975,"bc7717",12500,305,1676,45,"lower_tail"
1292762,1975,"bc7717",12500,305,1676,94,"lower_tail"
1292763,1975,"bc7717",12500,305,1676,101.3,"lower_tail"
1292764,1975,"bc7717",12500,305,1676,108,"lower_tail"
1292765,1975,"bc7717",12500,305,1676,114.3,"lower_tail"
1292766,1975,"bc7717",12500,305,1676,115.9,"lower_tail"
1292767,1975,"bc7717",12500,305,1676,113.5,"lower_tail"
1292768,1975,"bc7717",12500,305,1676,107,"lower_tail"
1292769,1975,"bc7717",12500,305,1676,101.1,"lower_tail"
1292770,1975,"bc7717",12500,305,1676,95,"lower_tail"
1292771,1975,"bc7717",12500,305,1676,85.4,"lower_tail"
1292772,1975,"bc7717",12500,305,1676,76.5,"lower_tail"
1292773,1975,"bc7717",12500,305,1676,74,"lower_tail"
1292774,1975,"bc7717",12500,305,1676,68.6,"lower_tail"
1292775,1975,"bc7717",12500,305,1676,72.9,"lower_tail"
1292776,1975,"bc7717",12500,305,1676,82.1,"lower_tail"
1292777,1975,"bc7717",12500,305,1676,92,"lower_tail"
1292778,1975,"bc7717",12500,305,1676,99.7,"lower_tail"
1292779,1975,"bc7717",12500,305,1676,108.9,"lower_tail"
1292780,1975,"bc7717",12500,305,1676,121.2,"lower_tail"
1292781,1975,"bc7717",12500,305,1676,138.9,"lower_tail"
1292782,1975,"bc7717",12500,305,1676,153.6,"lower_tail"
1292783,1975,"bc7717",12500,305,1676,166,"lower_tail"
1292784,1975,"bc7717",12500,305,1676,178.5,"lower_tail"
1292785,1975,"bc7717",12500,305,1676,192.1,"lower_tail"
1292786,1975,"bc7717",12500,305,1676,214.8,"lower_tail"
1292787,1975,"bc7717",12500,305,1676,243,"lower_tail"
1292788,1975,"bc7717",12500,305,1676,273.7,"lower_tail"
1292789,1975,"bc7717",12500,305,1676,243.7,"lower_tail"
1292790,1975,"bc7717",12500,305,1676,235.4,"lower_tail"
1292791,1975,"bc7717",12500,305,1676,231.9,"lower_tail"
1292792,1975,"bc7717",12500,305,1676,228.2,"lower_tail"
1292793,1975,"bc7717",12500,305,1676,222.2,"lower_tail"
1292794,1975,"bc7717",12500,305,1676,219.8,"lower_tail"
1292795,1975,"bc7717",12500,305,1676,217.6,"lower_tail"
1292796,1975,"bc7717",12500,305,1676,212.2,"lower_tail"
1292797,1975,"bc7717",12500,305,1676,206.7,"lower_tail"
1292798,1975,"bc7717",12500,305,1676,197,"lower_tail"
1292799,1975,"bc7717",12500,305,1676,184.8,"lower_tail"
1292800,1975,"bc7717",12500,305,1676,171.2,"lower_tail"
1292801,1975,"bc7717",12500,305,1676,156,"lower_tail"
1292802,1975,"bc7717",12500,305,1676,143.3,"lower_tail"
1292803,1975,"bc7717",12500,305,1676,133,"lower_tail"
1292804,1975,"bc7717",12500,305,1676,132.6,"lower_tail"
1292805,1975,"bc7717",12500,305,1676,131.6,"lower_tail"
1292806,1975,"bc7717",12500,305,1676,138,"lower_tail"
1292807,1975,"bc7717",12500,305,1676,142.1,"lower_tail"
1292808,1975,"bc7717",12500,305,1676,142.7,"lower_tail"
1292809,1975,"bc7717",12500,305,1676,147.2,"lower_tail"
1292810,1975,"bc7717",12500,305,1676,157,"lower_tail"
1292811,1975,"bc7717",12500,305,1676,171.3,"lower_tail"
1292812,1975,"bc7717",12500,305,1676,183.9,"lower_tail"
1292813,1975,"bc7717",12500,305,1676,194,"lower_tail"
1292814,1975,"bc7717",12500,305,1676,199.1,"lower_tail"
1292815,1975,"bc7717",12500,305,1676,209,"lower_tail"
1292816,1975,"bc7717",12500,305,1676,222.8,"lower_tail"
1292817,1975,"bc7717",12500,305,1676,239.8,"lower_tail"
1292818,1975,"bc7717",12500,305,1676,259.4,"lower_tail"
1292819,1975,"bc7717",12500,305,1676,279,"lower_tail"
1292820,1975,"bc7717",12500,305,1829,266.9,"lower_tail"
1292821,1975,"bc7717",12500,305,1829,221.8,"lower_tail"
1292822,1975,"bc7717",12500,305,1829,192.4,"lower_tail"
1292823,1975,"bc7717",12500,305,1829,173.9,"lower_tail"
1292824,1975,"bc7717",12500,305,1829,168.2,"lower_tail"
1292825,1975,"bc7717",12500,305,1829,180.2,"lower_tail"
1292826,1975,"bc7717",12500,305,1829,207.8,"lower_tail"
1292827,1975,"bc7717",12500,305,1829,242.6,"lower_tail"
1292828,1975,"bc7717",12500,305,1829,284.5,"lower_tail"
1292829,1975,"bc7717",12500,305,1829,328.7,"lower_tail"
1292830,1975,"bc7717",12500,305,1829,368.6,"lower_tail"
1292831,1975,"bc7717",12500,305,1829,401.5,"lower_tail"
1292832,1975,"bc7717",12500,305,1829,428.7,"lower_tail"
1292833,1975,"bc7717",12500,305,1829,449.8,"lower_tail"
1292834,1975,"bc7717",12500,305,1829,461.1,"lower_tail"
1292835,1975,"bc7717",12500,305,1829,457.6,"lower_tail"
1292836,1975,"bc7717",12500,305,1829,443.1,"lower_tail"
1292837,1975,"bc7717",12500,305,1829,430.6,"lower_tail"
1292838,1975,"bc7717",12500,305,1829,424.6,"lower_tail"
1292839,1975,"bc7717",12500,305,1829,423,"lower_tail"
1292840,1975,"bc7717",12500,305,1829,425.6,"lower_tail"
1292841,1975,"bc7717",12500,305,1829,428.7,"lower_tail"
1292842,1975,"bc7717",12500,305,1829,431.4,"lower_tail"
1292843,1975,"bc7717",12500,305,1829,484.6,"lower_tail"
1292844,1975,"bc7717",12500,305,1829,450.6,"lower_tail"
1292845,1975,"bc7717",12500,305,1829,418.5,"lower_tail"
1292846,1975,"bc7717",12500,305,1829,388,"lower_tail"
1292847,1975,"bc7717",12500,305,1829,358.9,"lower_tail"
1292848,1975,"bc7717",12500,305,1829,332.6,"lower_tail"
1292849,1975,"bc7717",12500,305,1829,307.1,"lower_tail"
1292850,1975,"bc7717",12500,305,1829,280.1,"lower_tail"
1292851,1975,"bc7717",12500,305,1829,256.5,"lower_tail"
1292852,1975,"bc7717",12500,305,1829,238.4,"lower_tail"
1292853,1975,"bc7717",12500,305,1829,222.8,"lower_tail"
1292854,1975,"bc7717",12500,305,1829,209.6,"lower_tail"
1292855,1975,"bc7717",12500,305,1829,194.6,"lower_tail"
1292856,1975,"bc7717",12500,305,1829,178.6,"lower_tail"
1292857,1975,"bc7717",12500,305,1829,164.8,"lower_tail"
1292858,1975,"bc7717",12500,305,1829,148.8,"lower_tail"
1292859,1975,"bc7717",12500,305,1829,129.7,"lower_tail"
1292860,1975,"bc7717",12500,305,1829,110.1,"lower_tail"
1292861,1975,"bc7717",12500,305,1829,91.5,"lower_tail"
1292862,1975,"bc7717",12500,305,1829,77.7,"lower_tail"
1313561,1974,"bc7584",20000,305,609,1502,"lower_tail"
1313562,1974,"bc7584",20000,305,609,1466.1,"lower_tail"
1313563,1974,"bc7584",20000,305,609,1467.8,"lower_tail"
1313564,1974,"bc7584",20000,305,609,1502.7,"lower_tail"
1313565,1974,"bc7584",20000,305,609,1576.6,"lower_tail"
1313566,1974,"bc7584",20000,305,609,1643.6,"lower_tail"
1313567,1974,"bc7584",20000,305,609,1681.4,"lower_tail"
1313568,1974,"bc7584",20000,305,609,1732.3,"lower_tail"
1313569,1974,"bc7584",20000,305,609,1798,"lower_tail"
1313570,1974,"bc7584",20000,305,609,1828.8,"lower_tail"
1313571,1974,"bc7584",20000,305,609,1839.6,"lower_tail"
1313572,1974,"bc7584",20000,305,609,1811.2,"lower_tail"
1313573,1974,"bc7584",20000,305,609,1751.4,"lower_tail"
1313574,1974,"bc7584",20000,305,609,1703.1,"lower_tail"
1313575,1974,"bc7584",20000,305,609,1644.8,"lower_tail"
1313576,1974,"bc7584",20000,305,609,1578.8,"lower_tail"
1313577,1974,"bc7584",20000,305,609,1542.9,"lower_tail"
1313578,1974,"bc7584",20000,305,609,1525.5,"lower_tail"
1313579,1974,"bc7584",20000,305,609,1540.4,"lower_tail"
1313580,1974,"bc7584",20000,305,609,1585.6,"lower_tail"
1313581,1974,"bc7584",20000,305,609,1622.4,"lower_tail"
1313582,1974,"bc7584",20000,305,609,1646.7,"lower_tail"
1313583,1974,"bc7584",20000,305,609,1636.7,"lower_tail"
1313584,1974,"bc7584",20000,305,609,1584.3,"lower_tail"
1313585,1974,"bc7584",20000,305,609,1493.8,"lower_tail"
1313586,1974,"bc7584",20000,305,609,1376.6,"lower_tail"
1313587,1974,"bc7584",20000,305,609,1229.3,"lower_tail"
1313588,1974,"bc7584",20000,305,609,1035,"lower_tail"
1313589,1974,"bc7584",20000,305,609,811.2,"lower_tail"
1313590,1974,"bc7584",20000,305,609,624.8,"lower_tail"
1313591,1974,"bc7584",20000,305,609,538.7,"lower_tail"
1313592,1974,"bc7584",20000,305,609,620.5,"lower_tail"
1313593,1974,"bc7584",20000,305,609,784.9,"lower_tail"
1313594,1974,"bc7584",20000,305,609,977.5,"lower_tail"
1313595,1974,"bc7584",20000,305,609,1115.3,"lower_tail"
1313596,1974,"bc7584",20000,305,609,1195.7,"lower_tail"
1313597,1974,"bc7584",20000,305,609,1251.2,"lower_tail"
1313598,1974,"bc7584",20000,305,609,1280.1,"lower_tail"
1313599,1974,"bc7584",20000,305,609,1274,"lower_tail"
1313600,1974,"bc7584",20000,305,609,1242.7,"lower_tail"
1313601,1974,"bc7584",20000,305,609,1178.2,"lower_tail"
1313602,1974,"bc7584",20000,305,609,1121.9,"lower_tail"
1313603,1974,"bc7584",20000,305,609,1128.3,"lower_tail"
1313604,1974,"bc7584",20000,305,609,1186.3,"lower_tail"
1313605,1974,"bc7584",20000,305,609,1324.4,"lower_tail"
1313606,1974,"bc7584",20000,305,609,1459.7,"lower_tail"
1313607,1974,"bc7584",20000,305,609,1557.6,"lower_tail"
1313608,1974,"bc7584",20000,305,609,1600.8,"lower_tail"
1313609,1974,"bc7584",20000,305,609,1577.1,"lower_tail"
1313610,1974,"bc7584",20000,305,609,1494.6,"lower_tail"
1313611,1974,"bc7584",20000,305,609,1401.1,"lower_tail"
1313612,1974,"bc7584",20000,305,609,1305.4,"lower_tail"
1313613,1974,"bc7584",20000,305,609,1229,"lower_tail"
1313614,1974,"bc7584",20000,305,609,1189.5,"lower_tail"
1313615,1974,"bc7584",20000,305,609,1164,"lower_tail"
1313616,1974,"bc7584",20000,305,609,1147.1,"lower_tail"
1313617,1974,"bc7584",20000,305,609,1136.8,"lower_tail"
1313618,1974,"bc7584",20000,305,609,1129.9,"lower_tail"
1313619,1974,"bc7584",20000,305,609,1126.5,"lower_tail"
1313620,1974,"bc7584",20000,305,609,1123.9,"lower_tail"
1313621,1974,"bc7584",20000,305,609,1121.5,"lower_tail"
1313622,1974,"bc7584",20000,305,609,1118.7,"lower_tail"
1313623,1974,"bc7584",20000,305,609,1116.3,"lower_tail"
1313624,1974,"bc7584",20000,305,609,1114.7,"lower_tail"
1313625,1974,"bc7584",20000,305,609,1113.1,"lower_tail"
1313626,1974,"bc7584",20000,305,609,1110.9,"lower_tail"
1313627,1974,"bc7584",20000,305,609,1111.6,"lower_tail"
1313628,1974,"bc7584",20000,305,609,1113.7,"lower_tail"
1313629,1974,"bc7584",20000,305,609,1115.1,"lower_tail"
1313630,1974,"bc7584",20000,305,609,1115,"lower_tail"
1313631,1974,"bc7584",20000,305,609,1112.2,"lower_tail"
1313632,1974,"bc7584",20000,305,609,1108.1,"lower_tail"
1313633,1974,"bc7584",20000,305,609,1104.8,"lower_tail"
1313634,1974,"bc7584",20000,305,609,1100.6,"lower_tail"
1313635,1974,"bc7584",20000,305,609,1097.6,"lower_tail"
1313636,1974,"bc7584",20000,305,609,1096.1,"lower_tail"
1313637,1974,"bc7584",20000,305,609,1095.9,"lower_tail"
1313638,1974,"bc7584",20000,305,609,1096,"lower_tail"
1313639,1974,"bc7584",20000,305,609,1096.1,"lower_tail"
1313640,1974,"bc7584",20000,305,609,1093.2,"lower_tail"
1313641,1974,"bc7584",20000,305,609,1086.5,"lower_tail"
1313642,1974,"bc7584",20000,305,609,1080.3,"lower_tail"
1313643,1974,"bc7584",20000,305,609,1072.9,"lower_tail"
1313644,1974,"bc7584",20000,305,609,1073.5,"lower_tail"
1313645,1974,"bc7584",20000,305,609,1079.5,"lower_tail"
1313646,1974,"bc7584",20000,305,609,1088.1,"lower_tail"
1313647,1974,"bc7584",20000,305,609,1083,"lower_tail"
1313648,1974,"bc7584",20000,305,609,1063.7,"lower_tail"
1313649,1974,"bc7584",20000,305,609,1033.4,"lower_tail"
1313650,1974,"bc7584",20000,305,609,1006.5,"lower_tail"
1313651,1974,"bc7584",20000,305,609,997.8,"lower_tail"
1313652,1974,"bc7584",20000,305,609,1003,"lower_tail"
1313653,1974,"bc7584",20000,305,609,1023.5,"lower_tail"
1313654,1974,"bc7584",20000,305,609,1046.6,"lower_tail"
1313655,1974,"bc7584",20000,305,609,1064.8,"lower_tail"
1313656,1974,"bc7584",20000,305,609,1064.4,"lower_tail"
1313657,1974,"bc7584",20000,305,609,1069.3,"lower_tail"
1313658,1974,"bc7584",20000,305,609,1063.6,"lower_tail"
1313659,1974,"bc7584",20000,305,609,1059.5,"lower_tail"
1313660,1974,"bc7584",20000,305,609,1048.8,"lower_tail"
1313661,1974,"bc7584",20000,305,609,1049,"lower_tail"
1313662,1974,"bc7584",20000,305,609,1061.8,"lower_tail"
1313663,1974,"bc7584",20000,305,609,1100.1,"lower_tail"
1313664,1974,"bc7584",20000,305,609,1154.3,"lower_tail"
1313665,1974,"bc7584",20000,305,609,1202,"lower_tail"
1313666,1974,"bc7584",20000,305,609,1249.1,"lower_tail"
1313667,1974,"bc7584",20000,305,609,1278.5,"lower_tail"
1313668,1974,"bc7584",20000,305,609,1299.6,"lower_tail"
1313669,1974,"bc7584",20000,305,609,1305.6,"lower_tail"
1313670,1974,"bc7584",20000,305,609,1298.2,"lower_tail"
1313671,1974,"bc7584",20000,305,609,1273,"lower_tail"
1313672,1974,"bc7584",20000,305,609,1251.3,"lower_tail"
1313673,1974,"bc7584",20000,305,609,1258.1,"lower_tail"
1313674,1974,"bc7584",20000,305,609,1281.4,"lower_tail"
1313675,1974,"bc7584",20000,305,609,1308,"lower_tail"
1313676,1974,"bc7584",20000,305,609,1303,"lower_tail"
1313677,1974,"bc7584",20000,305,609,1277.5,"lower_tail"
1313678,1974,"bc7584",20000,305,609,1262.8,"lower_tail"
1313679,1974,"bc7584",20000,305,609,1260,"lower_tail"
1313680,1974,"bc7584",20000,305,609,1265.5,"lower_tail"
1313681,1974,"bc7584",20000,305,609,1280.4,"lower_tail"
1313682,1974,"bc7584",20000,305,609,1307.3,"lower_tail"
1313683,1974,"bc7584",20000,305,609,1330.3,"lower_tail"
1313684,1974,"bc7584",20000,305,609,1353,"lower_tail"
1332835,1974,"bc5597",12000,153,777,564.9,"lower_tail"
1332836,1974,"bc5597",12000,153,777,565.8,"lower_tail"
1332837,1974,"bc5597",12000,153,777,566.9,"lower_tail"
1332838,1974,"bc5597",12000,153,777,568.4,"lower_tail"
1332839,1974,"bc5597",12000,153,777,569.7,"lower_tail"
1332840,1974,"bc5597",12000,153,777,571,"lower_tail"
1332841,1974,"bc5597",12000,153,777,572.3,"lower_tail"
1332842,1974,"bc5597",12000,153,777,573,"lower_tail"
1332843,1974,"bc5597",12000,153,777,573.2,"lower_tail"
1332844,1974,"bc5597",12000,153,777,573.4,"lower_tail"
1332845,1974,"bc5597",12000,153,777,572.5,"lower_tail"
1332846,1974,"bc5597",12000,153,777,570.9,"lower_tail"
1332847,1974,"bc5597",12000,153,777,569.5,"lower_tail"
1332848,1974,"bc5597",12000,153,777,567.6,"lower_tail"
1332849,1974,"bc5597",12000,153,777,567.7,"lower_tail"
1332850,1974,"bc5597",12000,153,777,567.1,"lower_tail"
1332851,1974,"bc5597",12000,153,777,567.4,"lower_tail"
1332852,1974,"bc5597",12000,153,777,567.7,"lower_tail"
1333860,1974,"bc5593",15000,153,1066,299.8,"lower_tail"
1333861,1974,"bc5593",15000,153,1066,209.8,"lower_tail"
1333862,1974,"bc5593",15000,153,1066,166.1,"lower_tail"
1333863,1974,"bc5593",15000,153,1066,126.9,"lower_tail"
1333864,1974,"bc5593",15000,153,1066,79,"lower_tail"
1333865,1974,"bc5593",15000,153,1066,82.1,"lower_tail"
1333866,1974,"bc5593",15000,153,1066,34.3,"lower_tail"
1333867,1974,"bc5593",15000,153,1066,19.9,"lower_tail"
1334912,1974,"bc5598",16000,153,2,1717.2,"lower_tail"
1334913,1974,"bc5598",16000,153,2,1731.8,"lower_tail"
1334914,1974,"bc5598",16000,153,2,1741.5,"lower_tail"
1334915,1974,"bc5598",16000,153,2,1740.3,"lower_tail"
1334916,1974,"bc5598",16000,153,2,1729.5,"lower_tail"
1334917,1974,"bc5598",16000,153,2,1715.2,"lower_tail"
1334918,1974,"bc5598",16000,153,2,1699.8,"lower_tail"
1334919,1974,"bc5598",16000,153,2,1681.8,"lower_tail"
1334920,1974,"bc5598",16000,153,2,1661.2,"lower_tail"
1334921,1974,"bc5598",16000,153,2,1733.1,"lower_tail"
1334922,1974,"bc5598",16000,153,2,1724.6,"lower_tail"
1334923,1974,"bc5598",16000,153,2,1718.2,"lower_tail"
1334924,1974,"bc5598",16000,153,2,1711.6,"lower_tail"
1334925,1974,"bc5598",16000,153,2,1703.6,"lower_tail"
1334926,1974,"bc5598",16000,153,2,1696.8,"lower_tail"
1334927,1974,"bc5598",16000,153,2,1685.2,"lower_tail"
1334928,1974,"bc5598",16000,153,2,1660.4,"lower_tail"
1334929,1974,"bc5598",16000,153,2,1629.3,"lower_tail"
1334930,1974,"bc5598",16000,153,2,1718.6,"lower_tail"
1334931,1974,"bc5598",16000,153,2,1731.7,"lower_tail"
1334932,1974,"bc5598",16000,153,2,1739.3,"lower_tail"
1334933,1974,"bc5598",16000,153,2,1738.2,"lower_tail"
1334934,1974,"bc5598",16000,153,2,1728,"lower_tail"
1334935,1974,"bc5598",16000,153,2,1717.1,"lower_tail"
1334936,1974,"bc5598",16000,153,2,1711,"lower_tail"
1334937,1974,"bc5598",16000,153,2,1707.5,"lower_tail"
1334938,1974,"bc5598",16000,153,2,1707.8,"lower_tail"
1334939,1974,"bc5598",16000,153,2,1713.1,"lower_tail"
1334940,1974,"bc5598",16000,153,2,1724.6,"lower_tail"
1343129,1974,"bc5628",80000,153,1371,145.4,"lower_tail"
1343130,1974,"bc5628",80000,153,1371,228.7,"lower_tail"
1343131,1974,"bc5628",80000,153,1371,313.3,"lower_tail"
1343132,1974,"bc5628",80000,153,1371,378.1,"lower_tail"
1343133,1974,"bc5628",80000,153,1371,412.4,"lower_tail"
1343134,1974,"bc5628",80000,153,1371,423,"lower_tail"
1343135,1974,"bc5628",80000,153,1371,403,"lower_tail"
1343136,1974,"bc5628",80000,153,1371,383.3,"lower_tail"
1343137,1974,"bc5628",80000,153,1371,388,"lower_tail"
1343138,1974,"bc5628",80000,153,1371,387.7,"lower_tail"
1343139,1974,"bc5628",80000,153,1371,399.4,"lower_tail"
1343140,1974,"bc5628",80000,153,1371,436.5,"lower_tail"
1343141,1974,"bc5628",80000,153,1371,435.1,"lower_tail"
1343142,1974,"bc5628",80000,153,1371,418.3,"lower_tail"
1343143,1974,"bc5628",80000,153,1371,100.2,"lower_tail"
1343144,1974,"bc5628",80000,153,1371,131.3,"lower_tail"
1343145,1974,"bc5628",80000,153,1371,130.3,"lower_tail"
1343146,1974,"bc5628",80000,153,1371,108.8,"lower_tail"
1343147,1974,"bc5628",80000,153,1371,78.2,"lower_tail"
1343148,1974,"bc5628",80000,153,1371,64.8,"lower_tail"
1343149,1974,"bc5628",80000,153,1371,54.9,"lower_tail"
1343150,1974,"bc5628",80000,153,1371,52,"lower_tail"
1343151,1974,"bc5628",80000,153,1371,56.9,"lower_tail"
1343152,1974,"bc5628",80000,153,1371,51.6,"lower_tail"
1343153,1974,"bc5628",80000,153,1371,32.7,"lower_tail"
1343154,1974,"bc5628",80000,153,1371,28.9,"lower_tail"
1343155,1974,"bc5628",80000,153,1371,38.1,"lower_tail"
1343156,1974,"bc5628",80000,153,1371,56.6,"lower_tail"
1343157,1974,"bc5628",80000,153,1371,66.9,"lower_tail"
1343158,1974,"bc5628",80000,153,1371,82.9,"lower_tail"
1343159,1974,"bc5628",80000,153,1371,89.4,"lower_tail"
1343160,1974,"bc5628",80000,153,1371,81,"lower_tail"
1343161,1974,"bc5628",80000,153,1371,48.1,"lower_tail"
1343162,1974,"bc5628",80000,153,1371,21.2,"lower_tail"
1343163,1974,"bc5628",80000,153,1371,14.1,"lower_tail"
1343164,1974,"bc7692",63360,305,4511,638.3,"lower_tail"
1343165,1974,"bc7692",63360,305,4511,648.3,"lower_tail"
1343166,1974,"bc7692",63360,305,4511,660.9,"lower_tail"
1343167,1974,"bc7692",63360,305,4511,674.4,"lower_tail"
1343168,1974,"bc7692",63360,305,4511,683.1,"lower_tail"
1343169,1974,"bc7692",63360,305,4511,695.2,"lower_tail"
1343170,1974,"bc7692",63360,305,4511,708.5,"lower_tail"
1343171,1974,"bc7692",63360,305,4511,754,"lower_tail"
1343172,1974,"bc7692",63360,305,4511,738.3,"lower_tail"
1343173,1974,"bc7692",63360,305,4511,727.8,"lower_tail"
1343174,1974,"bc7692",63360,305,4511,721.3,"lower_tail"
1343175,1974,"bc7692",63360,305,4511,711.7,"lower_tail"
1343176,1974,"bc7692",63360,305,4511,699.8,"lower_tail"
1343177,1974,"bc7692",63360,305,4511,688.3,"lower_tail"
1343178,1974,"bc7692",63360,305,4511,692.4,"lower_tail"
1343179,1974,"bc7692",63360,305,4511,694.4,"lower_tail"
1343180,1974,"bc7692",63360,305,4511,699.4,"lower_tail"
1343181,1974,"bc7692",63360,305,4511,705.6,"lower_tail"
1343182,1974,"bc7692",63360,305,4511,713.5,"lower_tail"
1343183,1974,"bc7692",63360,305,4511,724.2,"lower_tail"
1343184,1974,"bc7692",63360,305,4511,733.5,"lower_tail"
1343185,1974,"bc7692",63360,305,4511,738.7,"lower_tail"
1343186,1974,"bc7692",63360,305,4511,735.6,"lower_tail"
1343187,1974,"bc7692",63360,305,4511,736.3,"lower_tail"
1343188,1974,"bc7692",63360,305,4511,736.2,"lower_tail"
1343189,1974,"bc7692",63360,305,4511,734,"lower_tail"
1343190,1974,"bc7692",63360,305,4511,732.5,"lower_tail"
1343191,1974,"bc7692",63360,305,4511,730.7,"lower_tail"
1343192,1974,"bc7692",63360,305,4511,724.8,"lower_tail"
1343193,1974,"bc7692",63360,305,4511,712.5,"lower_tail"
1343194,1974,"bc7692",63360,305,4511,697.1,"lower_tail"
1352639,1974,"bc7675",16000,305,609,1119.6,"lower_tail"
1352640,1974,"bc7675",16000,305,609,1337.6,"lower_tail"
1352641,1974,"bc7675",16000,305,609,1502.6,"lower_tail"
1352642,1974,"bc7675",16000,305,609,1610.8,"lower_tail"
1352643,1974,"bc7675",16000,305,609,1580.5,"lower_tail"
1352644,1974,"bc7675",16000,305,609,1420.5,"lower_tail"
1352645,1974,"bc7675",16000,305,609,1244.6,"lower_tail"
1352646,1974,"bc7675",16000,305,609,1100.4,"lower_tail"
1352647,1974,"bc7675",16000,305,609,910.5,"lower_tail"
1352648,1974,"bc7675",16000,305,609,658.6,"lower_tail"
1352649,1974,"bc7675",16000,305,609,477.1,"lower_tail"
1352650,1974,"bc7675",16000,305,609,398.7,"lower_tail"
1352651,1974,"bc7675",16000,305,609,383.5,"lower_tail"
1352652,1974,"bc7675",16000,305,609,444.9,"lower_tail"
1352653,1974,"bc7675",16000,305,609,584.8,"lower_tail"
1352654,1974,"bc7675",16000,305,609,617.5,"lower_tail"
1352655,1974,"bc7675",16000,305,609,572.7,"lower_tail"
1352656,1974,"bc7675",16000,305,609,629.8,"lower_tail"
1352657,1974,"bc7675",16000,305,609,864.3,"lower_tail"
1352658,1974,"bc7675",16000,305,609,1072.6,"lower_tail"
1352659,1974,"bc7675",16000,305,609,1215.5,"lower_tail"
1352660,1974,"bc7675",16000,305,609,1274.2,"lower_tail"
1352661,1974,"bc7675",16000,305,609,1288.9,"lower_tail"
1352662,1974,"bc7675",16000,305,609,1203.1,"lower_tail"
1352663,1974,"bc7675",16000,305,609,1055.8,"lower_tail"
1352664,1974,"bc7675",16000,305,609,986.8,"lower_tail"
1352665,1974,"bc7675",16000,305,609,1048.4,"lower_tail"
1352666,1974,"bc7675",16000,305,609,1127.5,"lower_tail"
1352667,1974,"bc7675",16000,305,609,1179.6,"lower_tail"
1352668,1974,"bc7675",16000,305,609,1213.9,"lower_tail"
1352669,1974,"bc7675",16000,305,609,1237.3,"lower_tail"
1352670,1974,"bc7675",16000,305,609,1273.6,"lower_tail"
1352671,1974,"bc7675",16000,305,609,1274.1,"lower_tail"
1352672,1974,"bc7675",16000,305,609,1229.7,"lower_tail"
1352673,1974,"bc7675",16000,305,609,1205.6,"lower_tail"
1352674,1974,"bc7675",16000,305,609,1256.5,"lower_tail"
1352675,1974,"bc7675",16000,305,609,1328.7,"lower_tail"
1352676,1974,"bc7675",16000,305,609,1351,"lower_tail"
1352677,1974,"bc7675",16000,305,609,1224.2,"lower_tail"
1352678,1974,"bc7675",16000,305,609,986.6,"lower_tail"
1352679,1974,"bc7675",16000,305,609,856.5,"lower_tail"
1352680,1974,"bc7675",16000,305,609,976.3,"lower_tail"
1352681,1974,"bc7675",16000,305,609,1151,"lower_tail"
1352682,1974,"bc7675",16000,305,609,1153.2,"lower_tail"
1352683,1974,"bc7675",16000,305,609,1129.9,"lower_tail"
1352684,1974,"bc7675",16000,305,609,1206.1,"lower_tail"
1352685,1974,"bc7675",16000,305,609,1345.8,"lower_tail"
1352686,1974,"bc7675",16000,305,609,1460.8,"lower_tail"
1352687,1974,"bc7675",16000,305,609,1503,"lower_tail"
1352688,1974,"bc7675",16000,305,609,1488.4,"lower_tail"
1352689,1974,"bc7675",16000,305,609,1428.4,"lower_tail"
1352690,1974,"bc7675",16000,305,609,1370,"lower_tail"
1352691,1974,"bc7675",16000,305,609,1350.9,"lower_tail"
1352692,1974,"bc7675",16000,305,609,1388.8,"lower_tail"
1352693,1974,"bc7675",16000,305,609,1425.4,"lower_tail"
1352694,1974,"bc7675",16000,305,609,1403.5,"lower_tail"
1352695,1974,"bc7675",16000,305,609,1327,"lower_tail"
1352696,1974,"bc7675",16000,305,609,1250.4,"lower_tail"
1352697,1974,"bc7675",16000,305,609,1213.9,"lower_tail"
1352698,1974,"bc7675",16000,305,609,1211.8,"lower_tail"
1352699,1974,"bc7675",16000,305,609,1221.9,"lower_tail"
1352700,1974,"bc7675",16000,305,609,1211.2,"lower_tail"
1352701,1974,"bc7675",16000,305,609,1158.5,"lower_tail"
1352702,1974,"bc7675",16000,305,609,1066.5,"lower_tail"
1352703,1974,"bc7675",16000,305,609,966.2,"lower_tail"
1352704,1974,"bc7675",16000,305,609,871.4,"lower_tail"
1352705,1974,"bc7675",16000,305,609,851.1,"lower_tail"
1352706,1974,"bc7675",16000,305,609,917.5,"lower_tail"
1352707,1974,"bc7675",16000,305,609,1009.4,"lower_tail"
1352708,1974,"bc7675",16000,305,609,1082.3,"lower_tail"
1352709,1974,"bc7675",16000,305,609,1097.5,"lower_tail"
1352710,1974,"bc7675",16000,305,609,1140.1,"lower_tail"
1352711,1974,"bc7675",16000,305,609,1221.7,"lower_tail"
1352712,1974,"bc7675",16000,305,609,1347.2,"lower_tail"
1352713,1974,"bc7675",16000,305,609,1439.3,"lower_tail"
1352714,1974,"bc7675",16000,305,609,1501,"lower_tail"
1352715,1974,"bc7675",16000,305,609,1522.5,"lower_tail"
1352716,1974,"bc7675",16000,305,609,1532.1,"lower_tail"
1352717,1974,"bc7675",16000,305,609,1534.8,"lower_tail"
1352718,1974,"bc7675",16000,305,609,1540.1,"lower_tail"
1352719,1974,"bc7675",16000,305,609,1510.7,"lower_tail"
1352720,1974,"bc7675",16000,305,609,1461.3,"lower_tail"
1352721,1974,"bc7675",16000,305,609,1429.3,"lower_tail"
1352722,1974,"bc7675",16000,305,609,1431.5,"lower_tail"
1372953,1973,"bc5536",12000,153,731,22.5,"lower_tail"
1372954,1973,"bc5536",12000,153,731,25.1,"lower_tail"
1372955,1973,"bc5536",12000,153,731,26.5,"lower_tail"
1372956,1973,"bc5536",12000,153,731,26.1,"lower_tail"
1372957,1973,"bc5536",12000,153,731,24.7,"lower_tail"
1372958,1973,"bc5536",12000,153,731,25,"lower_tail"
1372959,1973,"bc5536",12000,153,731,25.7,"lower_tail"
1372960,1973,"bc5536",12000,153,731,26.7,"lower_tail"
1372961,1973,"bc5536",12000,153,731,27.3,"lower_tail"
1373253,1973,"bc5524",12000,153,304,5.9,"lower_tail"
1373254,1973,"bc5524",12000,153,304,8.1,"lower_tail"
1373255,1973,"bc5524",12000,153,304,10.7,"lower_tail"
1373256,1973,"bc5524",12000,153,304,13.5,"lower_tail"
1373257,1973,"bc5524",12000,153,304,16.1,"lower_tail"
1373258,1973,"bc5524",12000,153,304,18.7,"lower_tail"
1373259,1973,"bc5524",12000,153,304,21.4,"lower_tail"
1373260,1973,"bc5524",12000,153,304,23.7,"lower_tail"
1373261,1973,"bc5524",12000,153,304,25.7,"lower_tail"
1373262,1973,"bc5524",12000,153,304,27.1,"lower_tail"
1373263,1973,"bc5524",12000,153,304,27.5,"lower_tail"
1373264,1973,"bc5524",12000,153,304,27,"lower_tail"
1373265,1973,"bc5524",12000,153,304,25.7,"lower_tail"
1373266,1973,"bc5524",12000,153,304,24.2,"lower_tail"
1373267,1973,"bc5524",12000,153,304,22.9,"lower_tail"
1373268,1973,"bc5524",12000,153,304,22,"lower_tail"
1373269,1973,"bc5524",12000,153,304,21.1,"lower_tail"
1373270,1973,"bc5524",12000,153,304,20.5,"lower_tail"
1373271,1973,"bc5524",12000,153,304,19.9,"lower_tail"
1373272,1973,"bc5524",12000,153,304,19.3,"lower_tail"
1373273,1973,"bc5524",12000,153,304,18.6,"lower_tail"
1373274,1973,"bc5524",12000,153,274,5.6,"lower_tail"
1373275,1973,"bc5524",12000,153,274,7.4,"lower_tail"
1373276,1973,"bc5524",12000,153,274,9.3,"lower_tail"
1373277,1973,"bc5524",12000,153,274,11.4,"lower_tail"
1373278,1973,"bc5524",12000,153,274,13.6,"lower_tail"
1373279,1973,"bc5524",12000,153,274,15.5,"lower_tail"
1373280,1973,"bc5524",12000,153,274,17.5,"lower_tail"
1373281,1973,"bc5524",12000,153,274,19.2,"lower_tail"
1373282,1973,"bc5524",12000,153,274,20,"lower_tail"
1373283,1973,"bc5524",12000,153,274,20.2,"lower_tail"
1373284,1973,"bc5524",12000,153,274,19.8,"lower_tail"
1373285,1973,"bc5524",12000,153,274,18.5,"lower_tail"
1373286,1973,"bc5524",12000,153,274,16.9,"lower_tail"
1373287,1973,"bc5524",12000,153,274,15.1,"lower_tail"
1373288,1973,"bc5524",12000,153,274,13.6,"lower_tail"
1373289,1973,"bc5524",12000,153,274,12.1,"lower_tail"
1373290,1973,"bc5524",12000,153,274,10.3,"lower_tail"
1373291,1973,"bc5524",12000,153,274,8.4,"lower_tail"
1373293,1973,"bc5524",12000,153,243,77.8,"lower_tail"
1373294,1973,"bc5524",12000,153,243,77.2,"lower_tail"
1373295,1973,"bc5524",12000,153,243,54.1,"lower_tail"
1373296,1973,"bc5524",12000,153,243,28.4,"lower_tail"
1373297,1973,"bc5524",12000,153,243,4.2,"lower_tail"
1373298,1973,"bc5524",12000,153,243,5.9,"lower_tail"
1373299,1973,"bc5524",12000,153,243,6.9,"lower_tail"
1373300,1973,"bc5524",12000,153,243,8.1,"lower_tail"
1373301,1973,"bc5524",12000,153,243,9.2,"lower_tail"
1373302,1973,"bc5524",12000,153,243,10.2,"lower_tail"
1373303,1973,"bc5524",12000,153,243,11,"lower_tail"
1373304,1973,"bc5524",12000,153,243,11.8,"lower_tail"
1373305,1973,"bc5524",12000,153,243,12.3,"lower_tail"
1373306,1973,"bc5524",12000,153,243,12.3,"lower_tail"
1373307,1973,"bc5524",12000,153,243,11.5,"lower_tail"
1373308,1973,"bc5524",12000,153,243,10.3,"lower_tail"
1373309,1973,"bc5524",12000,153,243,8.5,"lower_tail"
1373310,1973,"bc5524",12000,153,243,6.8,"lower_tail"
1373311,1973,"bc5524",12000,153,243,5.4,"lower_tail"
1373312,1973,"bc5524",12000,153,243,4.6,"lower_tail"
1373313,1973,"bc5524",12000,153,243,3.8,"lower_tail"
1373314,1973,"bc5524",12000,153,243,3.1,"lower_tail"
1373315,1973,"bc5524",12000,153,243,4.6,"lower_tail"
1373316,1973,"bc5524",12000,153,243,9.1,"lower_tail"
1373317,1973,"bc5524",12000,153,243,14.4,"lower_tail"
1373318,1973,"bc5524",12000,153,243,18.4,"lower_tail"
1373319,1973,"bc5524",12000,153,243,19.4,"lower_tail"
1373320,1973,"bc5524",12000,153,243,18.4,"lower_tail"
1373321,1973,"bc5524",12000,153,243,17.9,"lower_tail"
1373322,1973,"bc5524",12000,153,243,18.7,"lower_tail"
1394820,1971,"bc5449",15000,153,609,7.4,"lower_tail"
1394821,1971,"bc5449",15000,153,609,9.9,"lower_tail"
1394822,1971,"bc5449",15000,153,609,12.4,"lower_tail"
1425665,1970,"bc7280",16000,305,60,774.3,"lower_tail"
1425666,1970,"bc7280",16000,305,60,921.8,"lower_tail"
1425667,1970,"bc7280",16000,305,60,1091.8,"lower_tail"
1425668,1970,"bc7280",16000,305,60,1190.4,"lower_tail"
1425669,1970,"bc7280",16000,305,60,1135.6,"lower_tail"
1425670,1970,"bc7280",16000,305,60,1000.1,"lower_tail"
1425671,1970,"bc7280",16000,305,60,842.5,"lower_tail"
1425672,1970,"bc7280",16000,305,60,745,"lower_tail"
1425673,1970,"bc7280",16000,305,60,812.8,"lower_tail"
1425674,1970,"bc7280",16000,305,60,985.6,"lower_tail"
1425675,1970,"bc7280",16000,305,60,1151.1,"lower_tail"
1425676,1970,"bc7280",16000,305,60,1238.8,"lower_tail"
1425677,1970,"bc7280",16000,305,60,1260.7,"lower_tail"
1425678,1970,"bc7280",16000,305,60,1254.4,"lower_tail"
1425679,1970,"bc7280",16000,305,60,1210.2,"lower_tail"
1425680,1970,"bc7280",16000,305,60,1105.8,"lower_tail"
1425681,1970,"bc7280",16000,305,60,983.8,"lower_tail"
1425682,1970,"bc7280",16000,305,60,868.5,"lower_tail"
1425683,1970,"bc7280",16000,305,60,785.6,"lower_tail"
1425684,1970,"bc7280",16000,305,60,720.3,"lower_tail"
1425685,1970,"bc7280",16000,305,60,681.5,"lower_tail"
1425686,1970,"bc7280",16000,305,60,656.7,"lower_tail"
1425687,1970,"bc7280",16000,305,60,641.1,"lower_tail"
1425688,1970,"bc7280",16000,305,60,635.3,"lower_tail"
1425689,1970,"bc7280",16000,305,60,639.4,"lower_tail"
1425690,1970,"bc7280",16000,305,60,647.4,"lower_tail"
1425691,1970,"bc7280",16000,305,60,659,"lower_tail"
1425692,1970,"bc7280",16000,305,60,676.6,"lower_tail"
1425693,1970,"bc7280",16000,305,60,706.4,"lower_tail"
1425694,1970,"bc7280",16000,305,60,738.4,"lower_tail"
1425695,1970,"bc7280",16000,305,60,763.4,"lower_tail"
1425696,1970,"bc7280",16000,305,60,799.6,"lower_tail"
1425697,1970,"bc7280",16000,305,60,881.9,"lower_tail"
1425698,1970,"bc7280",16000,305,60,1025,"lower_tail"
1425699,1970,"bc7280",16000,305,60,1179.7,"lower_tail"
1425700,1970,"bc7280",16000,305,60,1326,"lower_tail"
1425701,1970,"bc7280",16000,305,60,1436.9,"lower_tail"
1425702,1970,"bc7280",16000,305,60,1530,"lower_tail"
1425703,1970,"bc7280",16000,305,60,1527.7,"lower_tail"
1425704,1970,"bc7280",16000,305,60,1434.2,"lower_tail"
1425705,1970,"bc7280",16000,305,60,1302.8,"lower_tail"
1425706,1970,"bc7280",16000,305,60,1126.6,"lower_tail"
1425707,1970,"bc7280",16000,305,60,933,"lower_tail"
1425708,1970,"bc7280",16000,305,60,786.3,"lower_tail"
1425709,1970,"bc7280",16000,305,60,756.9,"lower_tail"
1425710,1970,"bc7280",16000,305,60,768.3,"lower_tail"
1425711,1970,"bc7280",16000,305,60,822.4,"lower_tail"
1425712,1970,"bc7280",16000,305,60,894.5,"lower_tail"
1425713,1970,"bc7280",16000,305,60,915.8,"lower_tail"
1425714,1970,"bc7280",16000,305,60,861.7,"lower_tail"
1425715,1970,"bc7280",16000,305,60,795.3,"lower_tail"
1425716,1970,"bc7280",16000,305,60,747,"lower_tail"
1425717,1970,"bc7280",16000,305,60,752.9,"lower_tail"
1425718,1970,"bc7280",16000,305,60,766.8,"lower_tail"
1425719,1970,"bc7280",16000,305,60,789.8,"lower_tail"
1425720,1970,"bc7280",16000,305,60,835.5,"lower_tail"
1425721,1970,"bc7280",16000,305,60,832.6,"lower_tail"
1425722,1970,"bc7280",16000,305,60,807.3,"lower_tail"
1425723,1970,"bc7280",16000,305,60,812.4,"lower_tail"
1425724,1970,"bc7280",16000,305,60,895.7,"lower_tail"
1425725,1970,"bc7280",16000,305,60,1017.5,"lower_tail"
1425726,1970,"bc7280",16000,305,60,1171.3,"lower_tail"
1425727,1970,"bc7280",16000,305,60,1313.6,"lower_tail"
1425728,1970,"bc7280",16000,305,60,1400.9,"lower_tail"
1425729,1970,"bc7280",16000,305,60,1420.3,"lower_tail"
1425730,1970,"bc7280",16000,305,60,1455.4,"lower_tail"
1425731,1970,"bc7280",16000,305,60,1529.6,"lower_tail"
1425732,1970,"bc7280",16000,305,60,1527.6,"lower_tail"
1425733,1970,"bc7280",16000,305,60,1380,"lower_tail"
1425734,1970,"bc7280",16000,305,60,1147.2,"lower_tail"
1425735,1970,"bc7280",16000,305,60,998.5,"lower_tail"
1425736,1970,"bc7280",16000,305,60,987.6,"lower_tail"
1425737,1970,"bc7280",16000,305,60,1024,"lower_tail"
1425738,1970,"bc7280",16000,305,60,967.8,"lower_tail"
1425739,1970,"bc7280",16000,305,60,835.1,"lower_tail"
1425740,1970,"bc7280",16000,305,60,724.2,"lower_tail"
1425741,1970,"bc7280",16000,305,60,693.8,"lower_tail"
1425742,1970,"bc7280",16000,305,60,678.8,"lower_tail"
1425743,1970,"bc7280",16000,305,60,656.4,"lower_tail"
1425744,1970,"bc7280",16000,305,60,642.2,"lower_tail"
1425745,1970,"bc7280",16000,305,60,637.4,"lower_tail"
1425746,1970,"bc7280",16000,305,60,641.6,"lower_tail"
1425747,1970,"bc7280",16000,305,60,649.7,"lower_tail"
1425748,1970,"bc7280",16000,305,60,664.3,"lower_tail"
1425749,1970,"bc7280",16000,305,60,693.3,"lower_tail"
1425750,1970,"bc7280",16000,305,60,741.5,"lower_tail"
1425751,1970,"bc7280",16000,305,60,827.1,"lower_tail"
1425752,1970,"bc7280",16000,305,60,954.1,"lower_tail"
1425753,1970,"bc7280",16000,305,60,1112,"lower_tail"
1425754,1970,"bc7280",16000,305,60,1236.2,"lower_tail"
1425755,1970,"bc7280",16000,305,60,1265.5,"lower_tail"
1425756,1970,"bc7280",16000,305,60,1173.3,"lower_tail"
1425757,1970,"bc7280",16000,305,60,990.5,"lower_tail"
1425758,1970,"bc7280",16000,305,60,812.2,"lower_tail"
1425759,1970,"bc7280",16000,305,60,718.5,"lower_tail"
1425760,1970,"bc7280",16000,305,60,725.8,"lower_tail"
1425761,1970,"bc7280",16000,305,60,819.9,"lower_tail"
1425762,1970,"bc7280",16000,305,60,934.5,"lower_tail"
1425763,1970,"bc7280",16000,305,60,916.3,"lower_tail"
1425764,1970,"bc7280",16000,305,60,802.4,"lower_tail"
1425765,1970,"bc7280",16000,305,60,824.1,"lower_tail"
1500243,1964,"bc5097",31680,153,2012,119.2,"lower_tail"
1500244,1964,"bc5097",31680,153,2012,133.1,"lower_tail"
1500245,1964,"bc5097",31680,153,2012,139.2,"lower_tail"
1500246,1964,"bc5097",31680,153,2012,133.4,"lower_tail"
1500247,1964,"bc5097",31680,153,2012,117,"lower_tail"
1500248,1964,"bc5097",31680,153,2012,103,"lower_tail"
1500249,1964,"bc5097",31680,153,2012,81.7,"lower_tail"
1500250,1964,"bc5097",31680,153,2012,57.4,"lower_tail"
1500251,1964,"bc5097",31680,153,2012,39.1,"lower_tail"
1500252,1964,"bc5097",31680,153,2012,24.4,"lower_tail"
1500253,1964,"bc5097",31680,153,2012,12.3,"lower_tail"
1500254,1964,"bc5097",31680,153,2012,5.7,"lower_tail"
1500255,1964,"bc5097",31680,153,2012,4.4,"lower_tail"
1500256,1964,"bc5097",31680,153,2012,5.5,"lower_tail"
1500257,1964,"bc5097",31680,153,2012,8.9,"lower_tail"
1500258,1964,"bc5097",31680,153,2073,14.9,"lower_tail"
1522101,2005,"bcb05001",20000,305,1231,260.4,"lower_tail"
1522102,2005,"bcb05001",20000,305,1228,288,"lower_tail"
1522103,2005,"bcb05001",20000,305,1226,318.4,"lower_tail"
1522104,2005,"bcb05001",20000,305,1225,342.9,"lower_tail"
1522105,2005,"bcb05001",20000,305,1226,359.4,"lower_tail"
1522106,2005,"bcb05001",20000,305,1227,369.5,"lower_tail"
1522107,2005,"bcb05001",20000,305,1229,374.4,"lower_tail"
1522108,2005,"bcb05001",20000,305,1230,378,"lower_tail"
1522109,2005,"bcb05001",20000,305,1230,381,"lower_tail"
1522110,2005,"bcb05001",20000,305,1228,384.1,"lower_tail"
1522111,2005,"bcb05001",20000,305,1225,386.3,"lower_tail"
1522112,2005,"bcb05001",20000,305,1222,389.4,"lower_tail"
1522113,2005,"bcb05001",20000,305,1220,392.5,"lower_tail"
1522114,2005,"bcb05001",20000,305,1218,397.8,"lower_tail"
1522115,2005,"bcb05001",20000,305,1217,399.8,"lower_tail"
1522116,2005,"bcb05001",20000,305,1216,402.1,"lower_tail"
1522117,2005,"bcb05001",20000,305,1215,404.9,"lower_tail"
1522118,2005,"bcb05001",20000,305,1059,421.1,"lower_tail"
1522119,2005,"bcb05001",20000,305,1058,407.8,"lower_tail"
1522120,2005,"bcb05001",20000,305,1058,396.6,"lower_tail"
1522121,2005,"bcb05001",20000,305,1057,388.3,"lower_tail"
1522122,2005,"bcb05001",20000,305,1056,379.9,"lower_tail"
1522123,2005,"bcb05001",20000,305,1055,372.2,"lower_tail"
1522124,2005,"bcb05001",20000,305,1054,366.1,"lower_tail"
1522125,2005,"bcb05001",20000,305,1053,361.4,"lower_tail"
1522126,2005,"bcb05001",20000,305,1053,358.4,"lower_tail"
1522127,2005,"bcb05001",20000,305,1054,356.1,"lower_tail"
1522128,2005,"bcb05001",20000,305,1056,354.8,"lower_tail"
1522129,2005,"bcb05001",20000,305,1058,352,"lower_tail"
1522130,2005,"bcb05001",20000,305,1059,345.9,"lower_tail"
1522131,2005,"bcb05001",20000,305,1060,335.4,"lower_tail"
1522132,2005,"bcb05001",20000,305,1062,321.1,"lower_tail"
1522133,2005,"bcb05001",20000,305,1065,302.6,"lower_tail"
1522134,2005,"bcb05001",20000,305,1069,283.7,"lower_tail"
1522135,2005,"bcb05001",20000,305,1066,266,"lower_tail"
1522136,2005,"bcb05001",20000,305,1062,252.4,"lower_tail"
1522137,2005,"bcb05001",20000,305,1059,238.8,"lower_tail"
1522138,2005,"bcb05001",20000,305,1060,225.5,"lower_tail"
1522139,2005,"bcb05001",20000,305,1062,214,"lower_tail"
1522140,2005,"bcb05001",20000,305,1064,204.3,"lower_tail"
1522141,2005,"bcb05001",20000,305,1065,193.1,"lower_tail"
1522142,2005,"bcb05001",20000,305,1063,181,"lower_tail"
1522143,2005,"bcb05001",20000,305,1061,163.4,"lower_tail"
1522144,2005,"bcb05001",20000,305,1059,144.2,"lower_tail"
1522145,2005,"bcb05001",20000,305,1058,125.3,"lower_tail"
1522146,2005,"bcb05001",20000,305,1055,108.2,"lower_tail"
1522147,2005,"bcb05001",20000,305,1051,91.1,"lower_tail"
1522148,2005,"bcb05001",20000,305,1051,77.5,"lower_tail"
1522149,2005,"bcb05001",20000,305,1053,65.7,"lower_tail"
1522150,2005,"bcb05001",20000,305,1056,56.9,"lower_tail"
1522151,2005,"bcb05001",20000,305,1057,49.1,"lower_tail"
11268,1996,"bcc96051",5000,305,3352,1625.2,"near_upper"
11285,1996,"bcc96051",5000,305,3352,1672.4,"near_upper"
11287,1996,"bcc96051",5000,305,3352,1679.7,"near_upper"
11321,1996,"bcc96051",5000,305,3352,1803,"near_upper"
16625,1996,"bcc96095",3000,305,2743,1693.5,"near_upper"
16693,1996,"bcc96095",3000,305,2438,1436.6,"near_upper"
16695,1996,"bcc96095",3000,305,2438,1397.4,"near_upper"
16822,1996,"bcc96095",3000,305,2438,1557.5,"near_upper"
16845,1996,"bcc96095",3000,305,2438,1564.1,"near_upper"
16847,1996,"bcc96095",3000,305,2438,1561.1,"near_upper"
16851,1996,"bcc96095",3000,305,2438,1561.8,"near_upper"
16862,1996,"bcc96095",3000,305,2438,1588.6,"near_upper"
16864,1996,"bcc96095",3000,305,2438,1598.6,"near_upper"
16893,1996,"bcc96095",3000,305,2744,1769.8,"near_upper"
42532,1995,"bcb95004",5000,153,1829,971.8,"near_upper"
42538,1995,"bcb95004",5000,153,1829,1058.6,"near_upper"
42540,1995,"bcb95004",5000,153,1829,1050,"near_upper"
42554,1995,"bcb95004",5000,153,1829,1056.7,"near_upper"
42555,1995,"bcb95004",5000,153,1829,1041.9,"near_upper"
43189,1995,"bcc95106",5000,305,3505,1470,"near_upper"
43257,1995,"bcc95106",5000,305,3505,1731.5,"near_upper"
43273,1995,"bcc95106",5000,305,3505,1588.3,"near_upper"
43371,1995,"bcc95111",5000,305,3505,1427.5,"near_upper"
43394,1995,"bcc95111",5000,305,3505,1639,"near_upper"
43398,1995,"bcc95111",5000,305,3505,1865.1,"near_upper"
43399,1995,"bcc95111",5000,305,3505,1895.1,"near_upper"
43434,1995,"bcc95111",5000,305,3505,1619.6,"near_upper"
43443,1995,"bcc95111",5000,305,3505,1959.7,"near_upper"
96958,1994,"bcb94015",5000,153,1555,940.7,"near_upper"
96971,1994,"bcb94015",5000,153,1555,864.6,"near_upper"
96985,1994,"bcb94015",5000,153,1555,793.7,"near_upper"
97026,1994,"bcb94015",5000,153,1555,879.6,"near_upper"
97027,1994,"bcb94015",5000,153,1555,886.7,"near_upper"
97072,1994,"bcb94015",5000,153,1555,700.3,"near_upper"
97081,1994,"bcb94015",5000,153,1555,709.5,"near_upper"
97103,1994,"bcb94015",5000,153,1555,824.8,"near_upper"
97143,1994,"bcb94015",5000,153,1555,708.5,"near_upper"
97195,1994,"bcb94015",5000,153,1555,796.1,"near_upper"
97203,1994,"bcb94015",5000,153,1555,744,"near_upper"
97223,1994,"bcb94015",5000,153,1555,757,"near_upper"
98378,1994,"bcb94007",5000,153,1677,902.2,"near_upper"
98486,1994,"bcb94007",5000,153,1677,901.8,"near_upper"
100486,1994,"bcb94012",3000,153,945,448.8,"near_upper"
100493,1994,"bcb94012",3000,153,945,516.2,"near_upper"
100510,1994,"bcb94012",3000,153,945,456.6,"near_upper"
100614,1994,"bcb94011",5000,153,1677,772.5,"near_upper"
100643,1994,"bcb94011",5000,153,1677,819.1,"near_upper"
100717,1994,"bcb94011",5000,153,1677,705.1,"near_upper"
100723,1994,"bcb94011",5000,153,1677,542.8,"near_upper"
100726,1994,"bcb94011",5000,153,1677,537.2,"near_upper"
107915,1994,"bcc94161",5000,305,3505,1622.5,"near_upper"
107929,1994,"bcc94161",5000,305,3505,1822.3,"near_upper"
107932,1994,"bcc94161",5000,305,3505,1849.9,"near_upper"
107935,1994,"bcc94161",5000,305,3505,1910.8,"near_upper"
108291,1994,"bcb94081",5000,153,1676,933.7,"near_upper"
108363,1994,"bcb94084",5000,153,1676,942.7,"near_upper"
108422,1994,"bcb94084",5000,153,1554,791.8,"near_upper"
108424,1994,"bcb94084",5000,153,1554,793.2,"near_upper"
108430,1994,"bcb94084",5000,153,1554,791.1,"near_upper"
108440,1994,"bcb94084",5000,153,1554,791.1,"near_upper"
108466,1994,"bcb94084",5000,153,1615,864.2,"near_upper"
108484,1994,"bcb94084",5000,153,1615,848.3,"near_upper"
108492,1994,"bcb94084",5000,153,1615,849.9,"near_upper"
108533,1994,"bcb94084",5000,153,1554,793.3,"near_upper"
108561,1994,"bcb94085",5000,153,1615,824.6,"near_upper"
113152,1994,"bcb94086",5000,153,1829,862.9,"near_upper"
113209,1994,"bcb94086",5000,153,1676,1114.7,"near_upper"
113222,1994,"bcb94086",5000,153,1676,821.3,"near_upper"
113245,1994,"bcb94086",5000,153,1676,882,"near_upper"
113275,1994,"bcb94087",5000,153,1676,1151.2,"near_upper"
113305,1994,"bcb94087",5000,153,1829,1044.3,"near_upper"
113307,1994,"bcb94087",5000,153,1829,1058.4,"near_upper"
113316,1994,"bcb94087",5000,153,1829,979,"near_upper"
113457,1994,"bcb94087",5000,153,1829,845.1,"near_upper"
113478,1994,"bcb94087",5000,153,1676,825.6,"near_upper"
113492,1994,"bcb94087",5000,153,1676,769.2,"near_upper"
113500,1994,"bcb94087",5000,153,1676,844.9,"near_upper"
113512,1994,"bcb94087",5000,153,1676,848.7,"near_upper"
113556,1994,"bcb94087",5000,153,1829,1042.7,"near_upper"
113715,1994,"bcb94088",5000,153,1981,984.2,"near_upper"
113719,1994,"bcb94088",5000,153,1829,1013.3,"near_upper"
113723,1994,"bcb94088",5000,153,1829,1018.7,"near_upper"
113766,1994,"bcb94088",5000,153,2134,1404.5,"near_upper"
117525,1994,"bcb94085",5000,153,1585,795.6,"near_upper"
117529,1994,"bcb94085",5000,153,1585,793.7,"near_upper"
117568,1994,"bcb94085",5000,153,1890,1109.9,"near_upper"
117587,1994,"bcb94085",5000,153,1890,1184,"near_upper"
117688,1994,"bcb94080",5000,153,1981,1190.1,"near_upper"
117699,1994,"bcb94080",5000,153,1981,1118,"near_upper"
117702,1994,"bcb94080",5000,153,1981,1143,"near_upper"
117713,1994,"bcb94080",5000,153,1981,1065.5,"near_upper"
117716,1994,"bcb94080",5000,153,1981,1269.1,"near_upper"
117734,1994,"bcb94080",5000,153,1981,1054.4,"near_upper"
117810,1994,"bcb94081",5000,153,2134,1308.7,"near_upper"
117844,1994,"bcb94080",5000,153,1981,775.5,"near_upper"
117890,1994,"bcb94081",5000,153,1829,1113.9,"near_upper"
117903,1994,"bcb94081",5000,153,1981,869.2,"near_upper"
163577,1997,"bcc97067",5000,305,3395,1644.2,"near_upper"
163636,1997,"bcc97079",5000,305,3316,1709.7,"near_upper"
168586,1997,"bcc97211",3000,305,1977,1042.1,"near_upper"
168650,1997,"bcc97211",3000,305,2078,1030.9,"near_upper"
168703,1997,"bcc97211",3000,305,2297,1109.9,"near_upper"
168704,1997,"bcc97211",3000,305,2297,1113.1,"near_upper"
168710,1997,"bcc97211",3000,305,2300,1124,"near_upper"
168816,1997,"bcc97212",3000,305,2329,1221,"near_upper"
168823,1997,"bcc97212",3000,305,2330,1268.3,"near_upper"
193501,1997,"bcc97212",3000,305,2375,1346.3,"near_upper"
222531,1998,"bcb98006",3000,305,1982,1068.8,"near_upper"
222551,1998,"bcb98006",3000,305,1860,886.3,"near_upper"
222655,1998,"bcb98006",3000,305,1982,945,"near_upper"
222697,1998,"bcb98006",3000,305,2043,1280.8,"near_upper"
222720,1998,"bcb98006",3000,305,1982,1009.8,"near_upper"
222731,1998,"bcb98006",3000,305,2043,1218.6,"near_upper"
307859,1993,"bcc93105",5000,305,3505,1933.1,"near_upper"
307865,1993,"bcc93105",5000,305,3505,1884,"near_upper"
307897,1993,"bcc93105",5000,305,3505,1751.7,"near_upper"
307911,1993,"bcc93105",5000,305,3505,1483.1,"near_upper"
307928,1993,"bcc93105",5000,305,3505,1586.3,"near_upper"
307963,1993,"bcc93105",5000,305,3505,1366.9,"near_upper"
350241,1992,"bcb92009",4000,153,1250,573.8,"near_upper"
351052,1992,"bcb92006",5000,153,1768,1035.8,"near_upper"
351065,1992,"bcb92006",5000,153,1829,1058.5,"near_upper"
351119,1992,"bcb92006",5000,153,1982,1385.8,"near_upper"
351142,1992,"bcb92006",5000,153,1982,1218.7,"near_upper"
351166,1992,"bcb92006",5000,153,1982,1250,"near_upper"
351169,1992,"bcb92006",5000,153,1982,1239.4,"near_upper"
351170,1992,"bcb92006",5000,153,1982,1235.6,"near_upper"
351504,1992,"bcb92008",5000,153,1677,791.7,"near_upper"
351544,1992,"bcb92008",5000,153,1677,802.4,"near_upper"
351592,1992,"bcb92008",5000,153,1677,780.4,"near_upper"
351597,1992,"bcb92008",5000,153,1677,755,"near_upper"
351604,1992,"bcb92008",5000,153,1677,753.1,"near_upper"
351697,1992,"bcb92009",5000,153,1829,1057.9,"near_upper"
351708,1992,"bcb92009",5000,153,1829,992,"near_upper"
351939,1992,"bcb92011",5000,153,1555,774.7,"near_upper"
351940,1992,"bcb92011",5000,153,1555,775.6,"near_upper"
351945,1992,"bcb92011",5000,153,1555,829.6,"near_upper"
352022,1992,"bcb92011",5000,153,1555,782.7,"near_upper"
559606,1990,"bcb90005",5000,153,1585,783.6,"near_upper"
559922,1990,"bcb90009",5000,153,1554,818.9,"near_upper"
595158,1991,"bcb91006",5000,153,1829,637.8,"near_upper"
595177,1991,"bcb91006",5000,153,1676,690.2,"near_upper"
595192,1991,"bcb91006",5000,153,1676,663.8,"near_upper"
595199,1991,"bcb91006",5000,153,1676,752.1,"near_upper"
595203,1991,"bcb91006",5000,153,1676,801.2,"near_upper"
597708,1991,"bcb91018",5000,153,1554,695,"near_upper"
597817,1991,"bcb91018",5000,153,1554,752.7,"near_upper"
597825,1991,"bcb91018",5000,153,1554,734.5,"near_upper"
597836,1991,"bcb91018",5000,153,1554,731.5,"near_upper"
598280,1991,"bcb91020",5000,153,1676,899.9,"near_upper"
598282,1991,"bcb91020",5000,153,1676,898.6,"near_upper"
598290,1991,"bcb91020",5000,153,1676,959.1,"near_upper"
598300,1991,"bcb91020",5000,153,1676,950.7,"near_upper"
598321,1991,"bcb91020",5000,153,1615,782.9,"near_upper"
598344,1991,"bcb91020",5000,153,1585,752.9,"near_upper"
598492,1991,"bcb91007",5000,153,1920,1128.8,"near_upper"
598539,1991,"bcb91007",5000,153,1890,1110.7,"near_upper"
598573,1991,"bcb91007",5000,153,1920,1100.2,"near_upper"
598578,1991,"bcb91007",5000,153,1920,1066.2,"near_upper"
598593,1991,"bcb91007",5000,153,1920,1066.1,"near_upper"
598607,1991,"bcb91007",5000,153,1829,1073.9,"near_upper"
598643,1991,"bcb91007",5000,153,1829,898.9,"near_upper"
598649,1991,"bcb91007",5000,153,1829,886.5,"near_upper"
598692,1991,"bcb91007",5000,153,1676,899.1,"near_upper"
598744,1991,"bcb91009",5000,153,1890,1115.7,"near_upper"
598759,1991,"bcb91009",5000,153,1890,1098,"near_upper"
598763,1991,"bcb91009",5000,153,1890,1083.2,"near_upper"
598775,1991,"bcb91009",5000,153,1859,1094,"near_upper"
598850,1991,"bcb91010",5000,153,1829,1061.9,"near_upper"
598853,1991,"bcb91010",5000,153,1829,1078.9,"near_upper"
598859,1991,"bcb91010",5000,153,1829,1015.7,"near_upper"
598938,1991,"bcb91006",5000,153,1920,1109.9,"near_upper"
680685,1984,"bc84034",8000,153,2591,1108.6,"near_upper"
680691,1984,"bc84034",8000,153,2591,1373.7,"near_upper"
707300,1980,"bc80006",5000,153,2134,1345.7,"near_upper"
707328,1980,"bc80006",5000,153,2134,1387.5,"near_upper"
707333,1980,"bc80006",5000,153,2134,1427,"near_upper"
707341,1980,"bc80006",5000,153,2134,1380.5,"near_upper"
707343,1980,"bc80006",5000,153,2134,1337.6,"near_upper"
707348,1980,"bc80006",5000,153,2134,1250.6,"near_upper"
707397,1980,"bc80141",5000,153,2134,1377.8,"near_upper"
707422,1980,"bc80139",5000,153,1920,1202.7,"near_upper"
707442,1980,"bc80117",5000,153,2042,1278,"near_upper"
707686,1980,"bc80139",5000,153,1920,1050.3,"near_upper"
707753,1980,"bc80139",5000,153,1920,1161.8,"near_upper"
707757,1980,"bc80139",5000,153,1920,1161.8,"near_upper"
707763,1980,"bc80139",5000,153,1920,1174.6,"near_upper"
707765,1980,"bc80139",5000,153,1920,1181.9,"near_upper"
707768,1980,"bc80139",5000,153,1920,1201.1,"near_upper"
707803,1980,"bc80138",5000,153,2164,1383,"near_upper"
707809,1980,"bc80138",5000,153,2164,1504.3,"near_upper"
707827,1980,"bc80138",5000,153,2164,1572.7,"near_upper"
707889,1980,"bc80139",5000,153,2225,1478.6,"near_upper"
707896,1980,"bc80139",5000,153,2225,1452.2,"near_upper"
707903,1980,"bc80139",5000,153,2225,1412.5,"near_upper"
707937,1980,"bc80139",5000,153,2225,1450.1,"near_upper"
708010,1980,"bc80112",6000,153,2256,1381.7,"near_upper"
708017,1980,"bc80112",6000,153,2256,1400.3,"near_upper"
708077,1980,"bc80112",6000,153,2256,1354.4,"near_upper"
708078,1980,"bc80112",6000,153,2256,1348.2,"near_upper"
708097,1980,"bc80112",6000,153,2256,1318.6,"near_upper"
708108,1980,"bc80112",6000,153,2256,973,"near_upper"
708121,1980,"bc80112",6000,153,2256,1273.6,"near_upper"
708425,1980,"bc80122",20000,153,7925,1845.6,"near_upper"
708429,1980,"bc80122",20000,153,7925,1108.8,"near_upper"
712374,1980,"bc80122",10000,153,4115,683.6,"near_upper"
712382,1980,"bc80122",10000,153,4115,1013.3,"near_upper"
712402,1980,"bc80122",10000,153,4115,931.1,"near_upper"
712424,1980,"bc80122",10000,153,4115,902.1,"near_upper"
712473,1980,"bc80122",10000,153,4115,1143,"near_upper"
712491,1980,"bc80122",10000,153,4115,1143.7,"near_upper"
712500,1980,"bc80122",10000,153,4115,834.1,"near_upper"
712568,1980,"bc80122",10000,153,4115,843,"near_upper"
716989,1980,"bc80018",20000,153,6401,535.3,"near_upper"
717034,1980,"bc80018",20000,153,6401,329.4,"near_upper"
717045,1980,"bc80018",20000,153,6401,455.1,"near_upper"
717564,1980,"bc80078",5000,153,1829,1050.2,"near_upper"
717947,1980,"bc80053",5000,153,1920,1261.9,"near_upper"
717955,1980,"bc80053",5000,153,1920,1257.5,"near_upper"
718063,1980,"bc80138",5000,153,1920,1308,"near_upper"
722523,1980,"bc80078",5000,153,1676,888.5,"near_upper"
725974,1980,"bc80006",5000,153,1585,2,"near_upper"
726004,1980,"bc80006",5000,153,1585,23.8,"near_upper"
727017,1980,"bc80048",20000,153,6553,574.8,"near_upper"
727045,1980,"bc80048",20000,153,6553,959.4,"near_upper"
727070,1980,"bc80048",20000,153,6553,568.6,"near_upper"
727075,1980,"bc80048",20000,153,6553,520,"near_upper"
727084,1980,"bc80048",20000,153,6553,661.4,"near_upper"
727100,1980,"bc80048",20000,153,6553,592.2,"near_upper"
727137,1980,"bc80048",20000,153,6553,1048.3,"near_upper"
727138,1980,"bc80048",20000,153,6553,986.8,"near_upper"
727139,1980,"bc80048",20000,153,6553,918.2,"near_upper"
727156,1980,"bc80048",20000,153,6553,1254,"near_upper"
727173,1980,"bc80048",20000,153,6553,923.5,"near_upper"
729045,1980,"bc80005",5000,153,1585,41.9,"near_upper"
783593,1969,"bc7223",2000,305,1249,204.5,"near_upper"
783611,1969,"bc7223",2000,305,1249,122.7,"near_upper"
783619,1969,"bc7223",2000,305,1249,108.3,"near_upper"
783621,1969,"bc7223",2000,305,1249,96.2,"near_upper"
783629,1969,"bc7223",2000,305,1249,117.8,"near_upper"
788189,1981,"bc81012",20000,153,7925,899.7,"near_upper"
788205,1981,"bc81012",20000,153,7925,737.3,"near_upper"
788251,1981,"bc81012",20000,153,7925,272.9,"near_upper"
788256,1981,"bc81012",20000,153,7925,700.9,"near_upper"
788276,1981,"bc81012",20000,153,7925,1048.9,"near_upper"
788323,1981,"bc81012",20000,153,7925,792.5,"near_upper"
810971,1981,"bc81105",5000,153,1615,833.4,"near_upper"
810977,1981,"bc81105",5000,153,1615,851.2,"near_upper"
841428,1984,"bc84029",10000,305,6401,414.9,"near_upper"
847278,1985,"bc85079",10000,305,6401,1691.8,"near_upper"
847372,1985,"bc85079",10000,305,6401,1009.8,"near_upper"
847390,1985,"bc85079",10000,305,6401,1504.2,"near_upper"
847394,1985,"bc85079",10000,305,6401,1638.5,"near_upper"
847400,1985,"bc85079",10000,305,6401,1854.6,"near_upper"
847436,1985,"bc85079",10000,305,6401,1648.5,"near_upper"
847485,1985,"bc85079",10000,305,6401,1649.9,"near_upper"
847538,1985,"bc85080",10000,305,6401,1746.2,"near_upper"
847563,1985,"bc85080",10000,305,6401,863.6,"near_upper"
847586,1985,"bc85080",10000,305,6401,1623.6,"near_upper"
847594,1985,"bc85080",10000,305,6401,1316.6,"near_upper"
847688,1985,"bc85080",10000,305,6401,1604.4,"near_upper"
847714,1985,"bc85080",10000,305,6401,762.2,"near_upper"
847724,1985,"bc85080",10000,305,6401,755.4,"near_upper"
847726,1985,"bc85080",10000,305,6401,830.7,"near_upper"
847733,1985,"bc85080",10000,305,6401,1028.1,"near_upper"
847748,1985,"bc85080",10000,305,6401,1091.1,"near_upper"
847789,1985,"bc85081",10000,305,6401,1757.9,"near_upper"
847790,1985,"bc85081",10000,305,6401,1755.2,"near_upper"
847803,1985,"bc85081",10000,305,6401,1021.2,"near_upper"
847821,1985,"bc85081",10000,305,6401,1635.9,"near_upper"
847824,1985,"bc85081",10000,305,6401,1629.3,"near_upper"
847919,1985,"bc85081",10000,305,6401,1276.7,"near_upper"
847931,1985,"bc85081",10000,305,6401,1301.5,"near_upper"
895340,1986,"bcc544",8000,305,6096,255,"near_upper"
895450,1986,"bcc516",4000,153,1609,967.4,"near_upper"
895456,1986,"bcc516",4000,153,1559,905.3,"near_upper"
895461,1986,"bcc516",4000,153,1559,874.2,"near_upper"
895474,1986,"bcc516",4000,153,1509,779.3,"near_upper"
895512,1986,"bcc516",4000,153,1311,654.7,"near_upper"
959839,1987,"bcc725",5000,305,3261,1809.1,"near_upper"
988966,1988,"bc88061",16000,153,5182,1786.9,"near_upper"
1043655,1989,"bc89082",3000,153,1067,668.4,"near_upper"
1043665,1989,"bc89082",3000,153,1067,662.8,"near_upper"
1043725,1989,"bc89082",3000,153,1067,756.9,"near_upper"
1043737,1989,"bc89082",3000,153,1067,747,"near_upper"
1043739,1989,"bc89082",3000,153,1067,742.5,"near_upper"
1043745,1989,"bc89082",3000,153,1067,730.4,"near_upper"
1043752,1989,"bc89082",3000,153,1067,701.2,"near_upper"
1043761,1989,"bc89082",3000,153,1067,700.4,"near_upper"
1043803,1989,"bc89082",3000,153,1067,582.9,"near_upper"
1043824,1989,"bc89082",3000,153,1067,583.2,"near_upper"
1088401,1990,"bcb90146",5000,153,1676,789.3,"near_upper"
1088402,1990,"bcb90146",5000,153,1676,786.6,"near_upper"
1088414,1990,"bcb90146",5000,153,1676,788.7,"near_upper"
1088511,1990,"bcb90146",5000,153,1676,889.9,"near_upper"
1088532,1990,"bcb90146",5000,153,1829,982.4,"near_upper"
1088546,1990,"bcb90146",5000,153,1829,978.9,"near_upper"
1088549,1990,"bcb90146",5000,153,1829,957.9,"near_upper"
1088591,1990,"bcb90146",5000,153,1829,789.7,"near_upper"
1088615,1990,"bcb90146",5000,153,1829,903.4,"near_upper"
1088629,1990,"bcb90146",5000,153,1829,812,"near_upper"
1088635,1990,"bcb90146",5000,153,1829,878.1,"near_upper"
1088651,1990,"bcb90146",5000,153,1829,998.3,"near_upper"
1088728,1990,"bcb90145",5000,153,2134,1316.6,"near_upper"
1088737,1990,"bcb90145",5000,153,2134,1276.4,"near_upper"
1088744,1990,"bcb90145",5000,153,2134,1353.2,"near_upper"
1088776,1990,"bcb90145",5000,153,2134,1488.3,"near_upper"
1088783,1990,"bcb90145",5000,153,2134,1326.2,"near_upper"
1088811,1990,"bcb90145",5000,153,2286,1405.1,"near_upper"
1088815,1990,"bcb90145",5000,153,2286,1376.5,"near_upper"
1088895,1990,"bcb90145",5000,153,2286,1110.9,"near_upper"
1088899,1990,"bcb90145",5000,153,2286,1080.9,"near_upper"
1088910,1990,"bcb90145",5000,153,2286,1352.8,"near_upper"
1088912,1990,"bcb90145",5000,153,2286,1234.1,"near_upper"
1088924,1990,"bcb90145",5000,153,2134,1130.2,"near_upper"
1088928,1990,"bcb90145",5000,153,2134,1307.2,"near_upper"
1089098,1990,"bcb90150",5000,153,2042,846.8,"near_upper"
1107213,1979,"bc79029",5000,153,1676,21.6,"near_upper"
1107223,1979,"bc79029",5000,153,1676,313.9,"near_upper"
1107239,1979,"bc79029",5000,153,1676,303.5,"near_upper"
1107256,1979,"bc79029",5000,153,1676,8.7,"near_upper"
1107361,1979,"bc79043",5000,153,1676,44.6,"near_upper"
1107378,1979,"bc79043",5000,153,1676,2.2,"near_upper"
1110847,1979,"bc79058",20000,153,7620,1568,"near_upper"
1110860,1979,"bc79058",20000,153,7620,1779.3,"near_upper"
1110870,1979,"bc79058",20000,153,7468,1438.8,"near_upper"
1110897,1979,"bc79058",20000,153,7468,972.3,"near_upper"
1111996,1979,"bc79026",20000,153,7620,808.2,"near_upper"
1112004,1979,"bc79026",20000,153,7620,888,"near_upper"
1112007,1979,"bc79026",20000,153,7620,942.1,"near_upper"
1112033,1979,"bc79026",20000,153,7468,835.4,"near_upper"
1112088,1979,"bc79026",20000,153,7468,1117.5,"near_upper"
1114623,1979,"bc79072",20000,153,7925,2036.2,"near_upper"
1114627,1979,"bc79072",20000,153,7925,1636.4,"near_upper"
1114685,1979,"bc79072",20000,153,7925,1243.2,"near_upper"
1114694,1979,"bc79072",20000,153,7925,1453.3,"near_upper"
1114695,1979,"bc79072",20000,153,7925,1285.9,"near_upper"
1114702,1979,"bc79072",20000,153,7925,1778.7,"near_upper"
1114706,1979,"bc79072",20000,153,7925,1567.3,"near_upper"
1114743,1979,"bc79072",20000,153,7925,1553.4,"near_upper"
1114782,1979,"bc79072",20000,153,7925,1055.5,"near_upper"
1123151,1979,"bc79127",15840,153,5895,833,"near_upper"
1123153,1979,"bc79127",15840,153,5895,866.4,"near_upper"
1123198,1979,"bc79127",15840,153,5895,852.4,"near_upper"
1123205,1979,"bc79127",15840,153,5895,974.3,"near_upper"
1123240,1979,"bc79127",15840,153,5895,960.5,"near_upper"
1127243,1979,"bc79131",16000,153,5590,444.2,"near_upper"
1127268,1979,"bc79131",16000,153,5590,440.4,"near_upper"
1127270,1979,"bc79131",16000,153,5590,439,"near_upper"
1127287,1979,"bc79131",16000,153,5590,413,"near_upper"
1127312,1979,"bc79131",16000,153,5590,501.2,"near_upper"
1133541,1979,"bc79039",2000,153,777,4.1,"near_upper"
1133796,1979,"bc79017",2000,153,701,380.5,"near_upper"
1133851,1979,"bc79020",2000,153,701,405.1,"near_upper"
1143763,1979,"bc79195",20000,153,7010,1201.6,"near_upper"
1143778,1979,"bc79195",20000,153,7010,1148.8,"near_upper"
1143796,1979,"bc79195",20000,153,7010,1168.3,"near_upper"
1143840,1979,"bc79195",20000,153,7010,902.5,"near_upper"
1143911,1979,"bc79195",20000,153,7010,1511.3,"near_upper"
1143932,1979,"bc79195",20000,153,7010,1471.3,"near_upper"
1144616,1979,"bc79213",5000,153,2073,1306.6,"near_upper"
1144633,1979,"bc79213",5000,153,2073,1346.2,"near_upper"
1144888,1979,"bc79213",5000,153,2012,982.9,"near_upper"
1151097,1979,"bc79141",25000,153,8230,1019,"near_upper"
1151104,1979,"bc79141",25000,153,8230,1078.9,"near_upper"
1151159,1979,"bc79141",25000,153,8230,1465.1,"near_upper"
1151194,1979,"bc79141",25000,153,8230,712,"near_upper"
1152070,1979,"bc79075",25000,88,5029,1032.8,"near_upper"
1152082,1979,"bc79075",25000,88,5029,1117.3,"near_upper"
1152085,1979,"bc79075",25000,88,5029,1326,"near_upper"
1157199,1978,"bc78153",20000,153,7468,1046,"near_upper"
1157221,1978,"bc78153",20000,153,7468,963.1,"near_upper"
1157223,1978,"bc78153",20000,153,7468,571.6,"near_upper"
1157233,1978,"bc78153",20000,153,7468,1486.1,"near_upper"
1157244,1978,"bc78153",20000,153,7468,1420.5,"near_upper"
1158212,1978,"bc78110",5000,153,1554,36.6,"near_upper"
1158483,1978,"bc78152",6000,153,2073,1227.7,"near_upper"
1158511,1978,"bc78152",6000,153,2073,1227.7,"near_upper"
1158568,1978,"bc78146",6000,153,1875,1121.2,"near_upper"
1158571,1978,"bc78146",6000,153,1875,1138.3,"near_upper"
1158579,1978,"bc78146",6000,153,1875,990.6,"near_upper"
1158605,1978,"bc78146",6000,153,2362,1486.2,"near_upper"
1158649,1978,"bc78146",6000,153,2332,1433.2,"near_upper"
1158675,1978,"bc78146",6000,153,2179,1303,"near_upper"
1159442,1978,"bc78028",20000,153,6919,1346.2,"near_upper"
1159453,1978,"bc78028",20000,153,6919,2207.8,"near_upper"
1159530,1978,"bc78150",6000,153,2134,1195,"near_upper"
1159603,1978,"bc78150",6000,153,2134,1173.8,"near_upper"
1159625,1978,"bc78150",6000,153,2134,1223.9,"near_upper"
1159650,1978,"bc78151",6000,153,2134,1235.6,"near_upper"
1159652,1978,"bc78151",6000,153,2134,1230.9,"near_upper"
1159709,1978,"bc78151",6000,153,2134,1201.2,"near_upper"
1159710,1978,"bc78151",6000,153,2134,1198.2,"near_upper"
1159714,1978,"bc78151",6000,153,2134,1202.2,"near_upper"
1159720,1978,"bc78151",6000,153,2134,1202.5,"near_upper"
1159748,1978,"bc78154",6000,153,2134,1200.5,"near_upper"
1159749,1978,"bc78154",6000,153,2134,1185.6,"near_upper"
1159755,1978,"bc78154",6000,153,2134,1153.3,"near_upper"
1161434,1978,"bc78101",20000,153,7315,1392.2,"near_upper"
1161482,1978,"bc78101",20000,153,7315,962.9,"near_upper"
1166893,1978,"bc78009",5000,153,1676,566.4,"near_upper"
1166924,1978,"bc78009",5000,153,1829,488.4,"near_upper"
1166965,1978,"bc78009",5000,153,2134,708,"near_upper"
1166971,1978,"bc78009",5000,153,2134,829.1,"near_upper"
1166973,1978,"bc78009",5000,153,2286,799.3,"near_upper"
1166976,1978,"bc78009",5000,153,2286,763.9,"near_upper"
1166988,1978,"bc78009",5000,153,2286,886.2,"near_upper"
1166989,1978,"bc78009",5000,153,2286,914.5,"near_upper"
1166990,1978,"bc78009",5000,153,2286,960,"near_upper"
1173421,1978,"bc78078",10000,153,3200,1494.2,"near_upper"
1173537,1978,"bc78108",10000,153,3200,2028.5,"near_upper"
1173542,1978,"bc78108",10000,153,3200,1712.8,"near_upper"
1173588,1978,"bc78108",10000,153,3353,1713.5,"near_upper"
1173591,1978,"bc78108",10000,153,3353,1575.8,"near_upper"
1173598,1978,"bc78108",10000,153,3353,1855.1,"near_upper"
1173603,1978,"bc78108",10000,153,3353,1669.7,"near_upper"
1173655,1978,"bc78108",10000,153,3505,2034.9,"near_upper"
1173661,1978,"bc78078",10000,153,3353,1645,"near_upper"
1177850,1978,"bc78051",20000,153,6858,994.7,"near_upper"
1177864,1978,"bc78051",20000,153,6858,1129.8,"near_upper"
1177865,1978,"bc78051",20000,153,6858,1138.1,"near_upper"
1177902,1978,"bc78051",20000,153,6858,749.5,"near_upper"
1177958,1978,"bc78051",20000,153,6858,750.4,"near_upper"
1177972,1978,"bc78051",20000,153,6858,1052.2,"near_upper"
1177980,1978,"bc78051",20000,153,6858,775.6,"near_upper"
1177995,1978,"bc78051",20000,153,6858,1004.8,"near_upper"
1177999,1978,"bc78051",20000,153,6858,1000.9,"near_upper"
1178003,1978,"bc78051",20000,153,6858,1046.2,"near_upper"
1178007,1978,"bc78051",20000,153,6858,1086.4,"near_upper"
1178017,1978,"bc78051",20000,153,6858,961.4,"near_upper"
1178019,1978,"bc78051",20000,153,6858,951.5,"near_upper"
1178301,1978,"bc78152",6000,153,2073,947.1,"near_upper"
1178315,1978,"bc78152",6000,153,2073,1046.9,"near_upper"
1178323,1978,"bc78153",4800,153,2073,1283.1,"near_upper"
1192710,1977,"bc77014",6000,153,2316,1479,"near_upper"
1192765,1977,"bc77014",6000,153,2225,1316,"near_upper"
1192771,1977,"bc77014",6000,153,2225,1228.3,"near_upper"
1195099,1977,"bc77058",4800,153,1951,1230.9,"near_upper"
1195633,1977,"bc77115",20000,153,7620,1115.1,"near_upper"
1195657,1977,"bc77115",20000,153,7620,941.6,"near_upper"
1196892,1977,"bc77013",20000,153,7315,586.7,"near_upper"
1196895,1977,"bc77013",20000,153,7315,744.7,"near_upper"
1205311,1977,"bc77030",6000,153,2195,1310.3,"near_upper"
1205322,1977,"bc77030",6000,153,2195,1316.8,"near_upper"
1205343,1977,"bc77030",6000,153,2195,1309.7,"near_upper"
1212364,1975,"bc5699",6000,153,1875,24.7,"near_upper"
1212385,1975,"bc5699",6000,153,1875,206.9,"near_upper"
1212409,1975,"bc5699",6000,153,1875,0.9,"near_upper"
1212476,1975,"bc5699",6000,153,1875,299.7,"near_upper"
1212532,1975,"bc5699",6000,153,1875,3.5,"near_upper"
1212559,1975,"bc5699",6000,153,1875,1.6,"near_upper"
1212572,1975,"bc5699",6000,153,1875,6.5,"near_upper"
1212574,1975,"bc5699",6000,153,1875,91.9,"near_upper"
1212728,1975,"bc5701",6000,153,1875,44,"near_upper"
1212731,1975,"bc5701",6000,153,1875,254.6,"near_upper"
1212766,1975,"bc5701",6000,153,1875,123.2,"near_upper"
1212770,1975,"bc5701",6000,153,1875,120.1,"near_upper"
1212781,1975,"bc5701",6000,153,1875,31.9,"near_upper"
1212803,1975,"bc5701",6000,153,1875,66.6,"near_upper"
1212850,1975,"bc5701",6000,153,1875,32.2,"near_upper"
1212866,1975,"bc5701",6000,153,1875,4,"near_upper"
1212874,1975,"bc5701",6000,153,1875,7.8,"near_upper"
1212920,1975,"bc5701",6000,153,1875,0.3,"near_upper"
1212927,1975,"bc5701",6000,153,1875,83.6,"near_upper"
1212973,1975,"bc5701",6000,153,1875,58.1,"near_upper"
1212975,1975,"bc5701",6000,153,1875,3.5,"near_upper"
1212994,1975,"bc5701",6000,153,1875,94.1,"near_upper"
1213000,1975,"bc5701",6000,153,1875,113.6,"near_upper"
1213068,1975,"bc5702",6000,153,1875,1.5,"near_upper"
1213096,1975,"bc5702",6000,153,1875,-0.4,"near_upper"
1213102,1975,"bc5702",6000,153,1875,0.6,"near_upper"
1213130,1975,"bc5702",6000,153,1875,75,"near_upper"
1213133,1975,"bc5702",6000,153,1875,23,"near_upper"
1213136,1975,"bc5702",6000,153,1875,4.1,"near_upper"
1213155,1975,"bc5702",6000,153,1875,107,"near_upper"
1213159,1975,"bc5702",6000,153,1875,105.7,"near_upper"
1214375,1976,"bc5717",6000,153,2438,1582.1,"near_upper"
1218506,1976,"bc5709",7920,153,3024,584.5,"near_upper"
1218518,1976,"bc5709",7920,153,3024,507.3,"near_upper"
1218522,1976,"bc5709",7920,153,3024,548.1,"near_upper"
1221033,1976,"bc5755",10000,153,3353,988,"near_upper"
1221049,1976,"bc5755",10000,153,3353,1730.7,"near_upper"
1221069,1976,"bc5755",10000,153,3353,1945.9,"near_upper"
1221075,1976,"bc5755",10000,153,3353,1957.3,"near_upper"
1221081,1976,"bc5755",10000,153,3353,1930.4,"near_upper"
1221085,1976,"bc5755",10000,153,3353,1671,"near_upper"
1221103,1976,"bc5755",10000,153,3353,2156.6,"near_upper"
1221118,1976,"bc5755",10000,153,3353,1108.5,"near_upper"
1221130,1976,"bc5755",10000,153,3353,2005.4,"near_upper"
1221160,1976,"bc5755",10000,153,3353,2088.5,"near_upper"
1221195,1976,"bc5760",10000,153,3353,1643.1,"near_upper"
1221213,1976,"bc5760",10000,153,3353,1727.5,"near_upper"
1221228,1976,"bc5760",10000,153,3353,2344.5,"near_upper"
1221242,1976,"bc5760",10000,153,3353,2070,"near_upper"
1260253,1967,"bc5247",4800,153,1585,727.4,"near_upper"
1260260,1967,"bc5247",4800,153,1585,757.1,"near_upper"
1260261,1967,"bc5247",4800,153,1585,775.2,"near_upper"
1281575,1975,"bc7716",5000,305,3810,267.6,"near_upper"
1281588,1975,"bc7716",5000,305,3810,16.8,"near_upper"
1281603,1975,"bc7716",5000,305,3810,1127.6,"near_upper"
1281608,1975,"bc7716",5000,305,3810,1242.6,"near_upper"
1281612,1975,"bc7716",5000,305,3810,936.1,"near_upper"
1281633,1975,"bc7718",5000,305,3810,1697.3,"near_upper"
1281643,1975,"bc7718",5000,305,3810,1845.2,"near_upper"
1282324,1975,"bc5665",12000,153,4115,179.6,"near_upper"
1283095,1975,"bc5669",5000,153,1585,778.9,"near_upper"
1283097,1975,"bc5669",5000,153,1585,788.9,"near_upper"
1283848,1975,"bc5684",6000,153,2195,1313.5,"near_upper"
1284312,1975,"bc5691",6000,153,2225,1296.6,"near_upper"
1284317,1975,"bc5691",6000,153,2225,1137.6,"near_upper"
1284324,1975,"bc5691",6000,153,2225,1186.8,"near_upper"
1284341,1975,"bc5691",6000,153,2225,1162.7,"near_upper"
1285377,1975,"bc5642",6000,153,1859,23.8,"near_upper"
1285420,1975,"bc5642",6000,153,1859,6,"near_upper"
1285436,1975,"bc5642",6000,153,1859,10.5,"near_upper"
1285451,1975,"bc5642",6000,153,1859,21.7,"near_upper"
1285464,1975,"bc5642",6000,153,1859,28.1,"near_upper"
1285490,1975,"bc5642",6000,153,1859,38.9,"near_upper"
1285504,1975,"bc5644",6000,153,1859,210.2,"near_upper"
1285513,1975,"bc5644",6000,153,1859,281.9,"near_upper"
1285517,1975,"bc5644",6000,153,1859,149.4,"near_upper"
1285525,1975,"bc5644",6000,153,1859,15.6,"near_upper"
1285540,1975,"bc5644",6000,153,1859,58.4,"near_upper"
1285549,1975,"bc5644",6000,153,1859,6.7,"near_upper"
1285618,1975,"bc5645",6000,153,1859,17.7,"near_upper"
1285651,1975,"bc5645",6000,153,1859,158.5,"near_upper"
1285672,1975,"bc5648",6000,153,1859,6.3,"near_upper"
1285676,1975,"bc5648",6000,153,1859,5.2,"near_upper"
1285724,1975,"bc5648",6000,153,1859,1,"near_upper"
1285746,1975,"bc5648",6000,153,1859,1.9,"near_upper"
1285803,1975,"bc5648",6000,153,1859,1.1,"near_upper"
1285816,1975,"bc5648",6000,153,1859,78.9,"near_upper"
1285871,1975,"bc5650",6000,153,1859,0,"near_upper"
1285914,1975,"bc5689",6000,153,1859,82.2,"near_upper"
1285958,1975,"bc5689",6000,153,1859,68.8,"near_upper"
1285962,1975,"bc5689",6000,153,1859,3.1,"near_upper"
1287976,1975,"bc5647",6000,153,2743,1621.6,"near_upper"
1287982,1975,"bc5672",6000,153,2743,1535.9,"near_upper"
1291681,1975,"bc5691",6000,153,1981,1206.9,"near_upper"
1293802,1975,"bc5667",6000,153,1890,142.4,"near_upper"
1293810,1975,"bc5667",6000,153,1890,247.3,"near_upper"
1343931,1974,"bc7692",7200,305,4450,824.4,"near_upper"
1372305,1973,"bc7454",6000,153,2438,537.8,"near_upper"
1372346,1973,"bc7454",6000,153,2438,535.8,"near_upper"
1372407,1973,"bc7454",6000,153,2438,574.5,"near_upper"
1378334,1972,"bc5494",16000,153,6400,1382.2,"near_upper"
1378384,1972,"bc5508",16000,153,6553,1226.5,"near_upper"
1378397,1972,"bc5508",16000,153,6553,1829.1,"near_upper"
1378405,1972,"bc5508",16000,153,6553,1764.6,"near_upper"
1378407,1972,"bc5508",16000,153,6553,1835.7,"near_upper"
1378484,1972,"bc5508",16000,153,6553,1209.6,"near_upper"
1378492,1972,"bc5508",16000,153,6553,1859.6,"near_upper"
1378526,1972,"bc5508",16000,153,6553,1185.4,"near_upper"
1378549,1972,"bc5508",16000,153,6553,1474.4,"near_upper"
1378557,1972,"bc5508",16000,153,6553,1412.4,"near_upper"
1378604,1972,"bc5508",16000,153,6553,1823.6,"near_upper"
1378607,1972,"bc5508",16000,153,6553,1503.9,"near_upper"
1378616,1972,"bc5508",16000,153,6553,1091.1,"near_upper"
1378632,1972,"bc5508",16000,153,6553,1856.8,"near_upper"
1378676,1972,"bc5509",16000,153,6553,765.1,"near_upper"
1378697,1972,"bc5509",16000,153,6553,1796.7,"near_upper"
1378761,1972,"bc5509",16000,153,6553,1282.5,"near_upper"
1378766,1972,"bc5509",16000,153,6553,1398.5,"near_upper"
1378773,1972,"bc5509",16000,153,6553,1451.1,"near_upper"
1378802,1972,"bc5509",16000,153,6553,1343.9,"near_upper"
1378807,1972,"bc5509",16000,153,6553,865,"near_upper"
1378822,1972,"bc5509",16000,153,6553,1066,"near_upper"
1378827,1972,"bc5509",16000,153,6553,1539.1,"near_upper"
1378873,1972,"bc5509",16000,153,6553,1217,"near_upper"
1378875,1972,"bc5509",16000,153,6553,666.5,"near_upper"
1378889,1972,"bc5509",16000,153,6553,1342.3,"near_upper"
1378890,1972,"bc5509",16000,153,6553,1214.7,"near_upper"
1378901,1972,"bc5509",16000,153,6553,1847.6,"near_upper"
1378928,1972,"bc5509",16000,153,6553,1493.5,"near_upper"
1378947,1972,"bc5509",16000,153,6553,1045.1,"near_upper"
1378954,1972,"bc5509",16000,153,6553,1119.6,"near_upper"
1378987,1972,"bc5510",16000,153,6553,1192.5,"near_upper"
1378992,1972,"bc5510",16000,153,6553,1815.2,"near_upper"
1379043,1972,"bc5510",16000,153,6553,1425.5,"near_upper"
1380195,1972,"bc5486",6000,153,2346,1578.1,"near_upper"
1380204,1972,"bc5486",6000,153,2346,1447,"near_upper"
1380206,1972,"bc5486",6000,153,2346,1463.4,"near_upper"
1380230,1972,"bc5486",6000,153,2346,1465.2,"near_upper"
1380245,1972,"bc5486",6000,153,2346,1363.3,"near_upper"
1380268,1972,"bc5486",6000,153,1981,946.9,"near_upper"
1380273,1972,"bc5486",6000,153,1981,880.3,"near_upper"
1381281,1972,"bc7407",15000,153,5029,23.1,"near_upper"
1381308,1972,"bc7407",15000,153,5029,2.3,"near_upper"
1381336,1972,"bc7407",15000,153,5029,52.9,"near_upper"
1381381,1972,"bc7407",15000,153,5029,31.2,"near_upper"
1381398,1972,"bc7407",15000,153,5029,0.7,"near_upper"
1381411,1972,"bc7407",15000,153,5029,4.8,"near_upper"
1389306,1972,"bc5507",12000,153,4267,766.8,"near_upper"
1469951,1965,"bc5138",16000,153,5486,558.2,"near_upper"
1469967,1965,"bc5138",16000,153,5486,54.1,"near_upper"
1469994,1965,"bc5138",16000,153,5486,507.2,"near_upper"
1469997,1965,"bc5138",16000,153,5486,167.3,"near_upper"
1470000,1965,"bc5138",16000,153,5486,3.7,"near_upper"
1470025,1965,"bc5138",16000,153,5486,1.2,"near_upper"
1470028,1965,"bc5138",16000,153,5486,40.1,"near_upper"
127,1995,"bcb95032",15000,305,6248,1578.5,"random"
2087,1995,"bcb95117",15000,305,6401,1142.9,"random"
3060,1995,"bcc95032",6000,305,1829,2.5,"random"
3412,1995,"bcb95035",15000,305,5944,421.3,"random"
3620,1995,"bcb95036",15000,305,5791,57.8,"random"
3796,1995,"bcb95036",15000,305,5944,1009.7,"random"
5774,1995,"bcb95006",10000,305,3780,726.3,"random"
6230,1995,"bcb95009",10000,305,3780,624.5,"random"
6309,1995,"bcb95009",10000,305,3780,713,"random"
6393,1995,"bcb95009",10000,305,3780,631.7,"random"
7061,1995,"bcc95039",15000,305,5944,757.9,"random"
7073,1995,"bcc95039",15000,305,5944,1020.2,"random"
7899,1995,"bcc95098",15000,305,5486,862.7,"random"
8095,1995,"bcc95099",15000,305,6096,661.6,"random"
9378,1995,"bcc95007",10000,305,3810,808.2,"random"
9389,1995,"bcc95007",10000,305,3810,798.6,"random"
9648,1995,"bcc95009",30000,153,6248,1208.6,"random"
9696,1995,"bcc95009",30000,153,6248,834.8,"random"
10496,1995,"bcb95087",15000,305,6248,1574.2,"random"
10983,1995,"bcb95014",15000,305,5791,1391.9,"random"
11055,1995,"bcb95014",15000,305,5791,1160.3,"random"
11068,1995,"bcb95068",15000,305,5791,707.9,"random"
12606,1996,"bcc96078",15000,305,6096,1086.4,"random"
12668,1996,"bcc96078",15000,305,6096,1250.2,"random"
13850,1996,"bcc96083",15000,305,6096,323.4,"random"
14052,1996,"bcc96084",15000,305,6096,1164.8,"random"
14383,1996,"bcc96088",15000,305,6096,1214.1,"random"
16587,1996,"bcc96086",15000,305,5638,794.5,"random"
16928,1996,"bcb96040",15000,305,6400,1269.2,"random"
17237,1996,"bcb96041",15000,305,6400,1380.8,"random"
17591,1996,"bcb96042",15000,305,6400,1948.6,"random"
17942,1996,"bcb96043",15000,305,6400,1539.7,"random"
18444,1996,"bcb96077",15000,305,6403,1479.2,"random"
18647,1996,"bcb96078",15000,305,6403,2158.4,"random"
19080,1996,"bcb96080",15000,305,6403,1631.1,"random"
19201,1996,"bcb96080",15000,305,6403,2438,"random"
19890,1996,"bcb96085",15000,305,6403,943.3,"random"
20170,1996,"bcb96082",15000,305,6400,1066.8,"random"
20564,1996,"bcb96083",15000,305,6400,1994.8,"random"
20683,1996,"bcb96083",15000,305,6400,2246.3,"random"
20738,1996,"bcb96083",15000,305,6400,1807.6,"random"
21002,1996,"bcc96060",15000,305,5791,312,"random"
21722,1996,"bcb96056",40000,153,7969,1195.7,"random"
23764,1996,"bcc96164",15000,305,4876,12.5,"random"
23846,1996,"bcc96164",15000,305,4876,72.8,"random"
24532,1996,"bcc96168",15000,305,4876,140.8,"random"
24712,1996,"bcc96168",15000,305,5029,523.8,"random"
24744,1996,"bcc96168",15000,305,5029,186.9,"random"
24928,1996,"bcc96169",15000,305,4876,0.1,"random"
25326,1996,"bcc96171",15000,305,5486,798,"random"
25445,1996,"bcc96172",15000,305,4876,211.3,"random"
25895,1996,"bcc96046",15000,305,5486,945.2,"random"
26414,1996,"bcc96050",15000,305,5944,1060.2,"random"
26949,1996,"bcc96072",15000,305,5639,958.7,"random"
27589,1996,"bcc96101",15000,305,5944,1352.6,"random"
28689,1996,"bcc96114",15000,305,5944,1090.9,"random"
28751,1996,"bcc96114",15000,305,5944,759.3,"random"
29502,1996,"bcc96122",15000,305,5944,837.9,"random"
29885,1996,"bcc96138",15000,305,5944,883.1,"random"
29956,1996,"bcc96138",15000,305,5944,711.9,"random"
30469,1996,"bcc96142",15000,305,5944,1047.8,"random"
30471,1996,"bcc96142",15000,305,5944,999.8,"random"
30754,1996,"bcc96151",15000,305,5791,820.8,"random"
30936,1996,"bcc96154",15000,305,5791,820.6,"random"
31507,1996,"bcc96160",15000,305,5944,985.9,"random"
32749,1996,"bcb96028",50000,153,8841,1199,"random"
32821,1996,"bcb96028",50000,153,8841,1091.9,"random"
33561,1996,"bcc96074",15000,305,5944,1274.9,"random"
33984,1996,"bcc96076",15000,305,5791,1165.1,"random"
34265,1996,"bcc96090",15000,305,5791,1208.1,"random"
34336,1996,"bcc96090",15000,305,6706,1514.7,"random"
34935,1996,"bcc96094",15000,305,5944,1199.7,"random"
35496,1996,"bcc96108",15000,305,5944,920.5,"random"
36543,1996,"bcc96148",15000,305,5944,1255,"random"
36550,1996,"bcc96148",15000,305,5944,1388,"random"
37161,1996,"bcc96158",15000,305,5944,1230.9,"random"
37365,1996,"bcc96159",15000,305,5944,1214.2,"random"
37826,1996,"bcc96069",10000,305,4572,1547,"random"
38294,1996,"bcc96067",10000,305,4420,1429.3,"random"
38754,1996,"bcc96144",10000,305,3962,904.4,"random"
38996,1996,"bcc96145",10000,305,3962,959.7,"random"
39374,1996,"bcc96146",10000,305,3810,1046.1,"random"
39407,1996,"bcc96146",10000,305,4115,1176.1,"random"
40065,1996,"bcc96003",15000,305,5639,920.9,"random"
40435,1996,"bcc96004",15000,305,5334,296.9,"random"
40657,1996,"bcc96005",15000,305,5639,26.9,"random"
40804,1996,"bcc96007",15000,305,5486,264.3,"random"
41144,1996,"bcc96009",15000,305,5486,0.5,"random"
41377,1995,"bcb95033",15000,305,6098,1600.1,"random"
41507,1995,"bcb95033",15000,305,6098,1237.3,"random"
42079,1995,"bcc95024",15000,305,5639,748.6,"random"
42323,1995,"bcc95025",15000,305,5486,663.1,"random"
43055,1995,"bcb95012",4000,305,1524,202.3,"random"
45763,1995,"bcb95061",40000,153,8230,2396.9,"random"
48169,1996,"bcc96062",15000,305,6096,1232.5,"random"
48318,1996,"bcc96062",15000,305,6096,1113.3,"random"
48691,1996,"bcc96103",15000,305,6248,633.6,"random"
48727,1996,"bcc96103",15000,305,6248,1985,"random"
48926,1996,"bcc96104",15000,305,6248,510.1,"random"
50260,1995,"bcb95119",30000,153,6401,885,"random"
50344,1995,"bcb95119",30000,153,6248,1767.8,"random"
50553,1995,"bcc95015",15000,305,5486,1198.5,"random"
50676,1995,"bcc95015",15000,305,5486,615.3,"random"
51212,1995,"bcc95037",10000,305,4420,1344.9,"random"
51315,1995,"bcc95026",5000,305,1524,56.3,"random"
51396,1995,"bcc95027",5000,305,1524,16.4,"random"
51422,1995,"bcc95027",5000,305,1524,0.3,"random"
51838,1995,"bcb95095",15000,305,5791,980.9,"random"
52408,1995,"bcc95111",10000,305,4267,679.9,"random"
54644,1996,"bcc96019",15000,305,6251,2058.7,"random"
55469,1996,"bcc96023",15000,305,6251,1889,"random"
56157,1996,"bcc96027",15000,305,6251,1454.2,"random"
56372,1996,"bcc96028",15000,305,6251,1728.9,"random"
56524,1996,"bcc96028",15000,305,6251,1854.7,"random"
56756,1996,"bcc96029",15000,305,6251,514.7,"random"
57151,1996,"bcc96031",15000,305,6251,812.3,"random"
57757,1996,"bcc96034",15000,305,6251,339.9,"random"
59048,1996,"bcc96044",15000,305,6251,1627.9,"random"
59580,1996,"bcc96070",15000,305,6251,1594.2,"random"
59796,1995,"bcc95028",15000,305,5991,1229.3,"random"
60163,1995,"bcc95030",15000,305,5964,1397.8,"random"
61319,1995,"bcc95063",15000,305,6066,1030,"random"
61381,1995,"bcc95063",15000,305,6033,992.2,"random"
63535,1995,"bcc95066",15000,305,5739,1190.6,"random"
64220,1995,"bcc95069",15000,305,5963,1012,"random"
66025,1995,"bcc95077",15000,305,5747,979.8,"random"
66786,1995,"bcc95084",15000,305,5808,983.8,"random"
67073,1995,"bcc95086",15000,305,5959,1863.1,"random"
67801,1995,"bcb95086",65000,153,11499,968.3,"random"
67826,1995,"bcb95086",65000,153,11545,929.8,"random"
68347,1995,"bcb95049",50000,153,9144,1552.2,"random"
68453,1995,"bcb95050",50000,153,9144,1745.1,"random"
69136,1995,"bcb95083",15000,305,6250,1625.7,"random"
69575,1995,"bcc95016",15000,305,6096,1281.8,"random"
70004,1995,"bcc95019",15000,305,6096,942.2,"random"
70649,1995,"bcc95022",15000,305,5791,1465.3,"random"
71545,1995,"bcc95042",15000,305,6096,969.2,"random"
72250,1995,"bcc95048",15000,305,6706,2157.8,"random"
72285,1995,"bcc95048",15000,305,6706,1158.6,"random"
72500,1995,"bcc95100",15000,305,6096,875.7,"random"
72723,1995,"bcc95093",15000,305,6098,1091.5,"random"
72840,1995,"bcc95093",15000,305,6098,1277.4,"random"
73310,1995,"bcc95103",15000,305,6096,1295.3,"random"
73408,1995,"bcc95103",15000,305,6096,1467.5,"random"
73702,1995,"bcc95114",15000,305,6096,1604.1,"random"
73946,1994,"bcb94025",15000,305,5486,646.1,"random"
74745,1994,"bcb94035",15000,305,5486,1027.5,"random"
76692,1994,"bcb94062",15000,305,5791,1215,"random"
79793,1995,"bcb95084",15000,305,6250,1520.6,"random"
80492,1996,"bcb96017",40000,153,6916,49.5,"random"
81066,1996,"bcb96037",40000,153,8546,221,"random"
82745,1995,"bcc95054",10000,305,4421,979.3,"random"
82780,1995,"bcc95057",10000,305,4421,727.8,"random"
83044,1995,"bcc95058",10000,305,4421,793.1,"random"
83186,1995,"bcc95058",10000,305,4421,997.6,"random"
83409,1995,"bcc95059",10000,305,4421,868.8,"random"
83445,1995,"bcb95044",15000,305,4726,0.1,"random"
83518,1995,"bcb95044",15000,305,4726,3.3,"random"
84087,1995,"bcb95042",15000,305,4726,0,"random"
85451,1995,"bcc95083",15000,305,6250,2061.3,"random"
86348,1995,"bcb95091",15000,305,5791,675.2,"random"
92458,1995,"bcb95026",15000,305,5639,790.4,"random"
93587,1995,"bcc95011",10000,305,3810,773.9,"random"
93643,1995,"bcc95023",10000,305,3810,690.2,"random"
94549,1995,"bcb95081",15000,305,5639,1078.6,"random"
94562,1995,"bcb95101",15000,305,5639,775.6,"random"
95211,1995,"bcb95110",15000,305,5639,883,"random"
97686,1994,"bcb94014",5000,153,1372,532.2,"random"
97806,1994,"bcb94014",5000,153,1372,496.1,"random"
97919,1994,"bcb94012",5000,153,1372,520.3,"random"
98196,1994,"bcb94072",15000,305,6098,1329.4,"random"
98353,1994,"bcb94047",15000,305,5486,839.1,"random"
98777,1994,"bcc94004",10000,305,3811,897.5,"random"
99050,1994,"bcc94001",10000,305,3811,753.5,"random"
99241,1994,"bcc94002",10000,305,3811,1162.4,"random"
101183,1994,"bcb94095",15000,305,5793,1014,"random"
101617,1994,"bcb94093",15000,305,5793,987.9,"random"
102166,1995,"bcb95002",10000,153,1982,451.1,"random"
102229,1995,"bcb95002",10000,153,1982,141.3,"random"
103882,1994,"bcc94027",15000,305,6553,1780.9,"random"
104148,1994,"bcc94028",15000,305,6401,1405.2,"random"
105361,1994,"bcc94124",15000,305,6553,1870.2,"random"
106202,1994,"bcc94129",15000,305,6553,2428.9,"random"
106540,1994,"bcc94131",15000,305,6553,1961.4,"random"
106811,1994,"bcc94132",15000,305,6553,1632.1,"random"
107143,1994,"bcc94133",15000,305,6553,1975.1,"random"
107171,1994,"bcc94134",15000,305,6858,2060.5,"random"
107385,1994,"bcc94135",15000,305,6553,1660.9,"random"
108008,1994,"bcc94030",5000,305,2896,1365.8,"random"
108606,1994,"bcb94083",15000,305,5791,57,"random"
108650,1994,"bcb94083",15000,305,6096,1034.4,"random"
109748,1994,"bcc94048",15000,305,6096,1060.5,"random"
109792,1994,"bcc94048",15000,305,6096,1361.3,"random"
109975,1994,"bcc94049",15000,305,6096,1035,"random"
110123,1994,"bcc94050",15000,305,6248,1219.5,"random"
111466,1994,"bcc94086",15000,305,5944,507.7,"random"
112699,1994,"bcc94094",15000,305,6248,415.1,"random"
112851,1994,"bcc94095",15000,305,6248,1754.5,"random"
112932,1994,"bcc94095",15000,305,6248,1434.7,"random"
113043,1994,"bcc94096",15000,305,6248,2156.9,"random"
113067,1994,"bcc94096",15000,305,6248,880.6,"random"
114062,1994,"bcc94100",15000,305,6248,1186.2,"random"
114132,1994,"bcc94101",15000,305,6248,1811.7,"random"
114384,1994,"bcc94136",15000,305,6248,1392.6,"random"
114647,1994,"bcb94079",15000,305,5639,692.2,"random"
115400,1994,"bcc94158",15000,305,6248,1146.9,"random"
115872,1994,"bcc94142",10000,305,3353,11.2,"random"
116071,1994,"bcc94141",10000,305,3200,50.8,"random"
116210,1994,"bcc94142",10000,305,3353,10.1,"random"
116223,1994,"bcc94142",10000,305,3353,70.2,"random"
117286,1994,"bcc94164",15000,305,5639,928.2,"random"
118014,1994,"bcb94090",15000,305,5944,1187.2,"random"
118754,1994,"bcb94017",15000,305,5944,1165.3,"random"
119169,1994,"bcb94020",15000,305,6096,706.4,"random"
119248,1995,"bcc95115",15000,305,6096,1352.2,"random"
119526,1994,"bcb94021",15000,305,6096,1392.4,"random"
119642,1994,"bcb94022",15000,305,5944,1261.2,"random"
119964,1994,"bcb94024",15000,305,5791,1116.4,"random"
119988,1994,"bcb94024",15000,305,5791,1074.5,"random"
120337,1994,"bcb94031",15000,305,5944,864.3,"random"
120404,1994,"bcb94031",15000,305,6096,1296,"random"
120576,1994,"bcb94056",15000,305,5944,925.4,"random"
120655,1994,"bcb94057",15000,305,5944,1114,"random"
121453,1994,"bcb94063",15000,305,5944,1450.1,"random"
121588,1994,"bcb94063",15000,305,5944,1110.6,"random"
122743,1994,"bcb94068",15000,305,6096,795.7,"random"
122957,1994,"bcb94069",15000,305,6096,1625,"random"
123184,1994,"bcb94070",15000,305,6096,1572.4,"random"
123573,1994,"bcb94076",15000,305,6096,1406.5,"random"
123697,1994,"bcb94077",15000,305,6096,950.1,"random"
123796,1994,"bcb94077",15000,305,5944,897,"random"
124106,1994,"bcc94011",15000,305,5486,667.3,"random"
124489,1994,"bcc94013",15000,305,5486,1198.9,"random"
126174,1994,"bcb94091",5000,305,2591,1127.4,"random"
126371,1993,"bcb93095",10000,153,1829,143.7,"random"
126746,1993,"bcb93005",5000,305,2622,1036.1,"random"
126872,1993,"bcb93006",5000,305,2652,1141.4,"random"
127114,1996,"bcb96097",40000,153,8538,954.7,"random"
127926,1996,"bcb96004",40000,153,7364,625.8,"random"
128105,1996,"bcb96005",40000,153,7386,744.8,"random"
128297,1996,"bcb96005",40000,153,7429,792,"random"
128992,1996,"bcb96008",40000,153,7361,731.9,"random"
129002,1996,"bcb96008",40000,153,7350,851.5,"random"
132013,1996,"bcb96032",40000,153,7333,1230.4,"random"
132343,1996,"bcb96050",40000,153,8498,1748.6,"random"
133269,1996,"bcb96057",40000,153,7329,910.9,"random"
133371,1996,"bcb96058",40000,153,7343,1252.5,"random"
133644,1996,"bcb96059",40000,153,7308,1110.4,"random"
135943,1996,"bcb96074",40000,153,8585,1598.3,"random"
136385,1996,"bcb96095",40000,153,6855,640.6,"random"
137352,1996,"bcb96106",40000,153,8600,1128,"random"
137358,1996,"bcb96106",40000,153,8546,1378.5,"random"
137768,1996,"bcb96034",20000,305,8475,1179.9,"random"
138141,1996,"bcb96045",20000,305,7375,1389.9,"random"
138457,1996,"bcb96101",20000,305,8590,2360.6,"random"
138954,1996,"bcb96021",20000,305,7269,1660,"random"
139339,1996,"bcb96046",20000,305,8559,1592.1,"random"
139359,1996,"bcb96046",20000,305,8475,1156.2,"random"
139654,1996,"bcb96048",20000,305,7281,1296.6,"random"
139769,1996,"bcb96076",20000,305,8503,1416.6,"random"
139790,1996,"bcb96076",20000,305,8493,1560.1,"random"
140855,1994,"bcc94007",15000,305,6557,2142.7,"random"
141347,1994,"bcc94010",15000,305,6848,2305.1,"random"
141800,1994,"bcc94034",15000,305,6889,1656.9,"random"
142410,1994,"bcc94039",15000,305,6858,1757.2,"random"
142581,1994,"bcc94059",15000,305,6863,2399.8,"random"
143735,1994,"bcc94064",15000,305,6920,1970,"random"
144942,1994,"bcc94110",15000,305,6424,1252.5,"random"
145535,1994,"bcc94008",15000,305,6284,1927.9,"random"
145878,1994,"bcc94037",15000,305,5715,1097.1,"random"
145967,1994,"bcc94058",15000,305,5647,1095.5,"random"
146622,1994,"bcc94114",15000,305,5865,1273.4,"random"
147767,1994,"bcb94039",15000,305,4819,250.6,"random"
147936,1994,"bcc94068",10000,305,4334,948.5,"random"
149856,1997,"bcb97003",5000,153,830,45.1,"random"
151174,1997,"bcb97002",5000,305,2115,728,"random"
151484,1997,"bcc97001",25000,153,4076,39.7,"random"
151496,1997,"bcc97001",25000,153,4114,43,"random"
151648,1994,"bcc94146",15000,305,5848,1020.5,"random"
151943,1994,"bcb94027",15000,305,5942,1138.4,"random"
152881,1997,"bcc97067",15000,305,6175,967.6,"random"
152929,1997,"bcc97067",15000,305,6280,1194.5,"random"
153505,1997,"bcc97072",15000,305,6187,1885.9,"random"
154149,1997,"bcc97074",15000,305,6563,1782.7,"random"
154418,1997,"bcc97075",15000,305,6355,2036.2,"random"
154977,1997,"bcc97078",15000,305,6570,1688.2,"random"
158823,1997,"bcb97028",15000,305,5503,614.3,"random"
158945,1997,"bcb97028",15000,305,5460,666.3,"random"
159151,1997,"bcb97077",15000,305,5496,782.1,"random"
159464,1997,"bcb97078",15000,305,5498,851.6,"random"
159492,1997,"bcb97078",15000,305,5453,924.4,"random"
159544,1997,"bcb97020",40000,153,8516,1347.3,"random"
159996,1997,"bcb97021",40000,153,7588,746.2,"random"
160347,1997,"bcb97022",40000,153,8519,1050.1,"random"
160977,1997,"bcb97036",40000,153,6891,126,"random"
162227,1997,"bcb97027",40000,153,7652,1375.1,"random"
162481,1997,"bcb97066",40000,153,8536,1418.9,"random"
162546,1997,"bcb97067",40000,153,8660,1627.5,"random"
163513,1997,"bcb97082",40000,153,8548,840.2,"random"
163822,1997,"bcc97162",15000,305,5898,1243.8,"random"
166246,1997,"bcc97124",15000,305,6186,1010.5,"random"
166583,1997,"bcc97135",15000,305,6155,875.2,"random"
166937,1997,"bcc97157",15000,305,6132,1011.2,"random"
167220,1997,"bcc97183",15000,305,6608,1051.3,"random"
167554,1997,"bcc97184",15000,305,6477,1660.6,"random"
167570,1997,"bcc97184",15000,305,6432,1082.7,"random"
167941,1997,"bcc97188",15000,305,6116,1480.3,"random"
169582,1997,"bcc97015",10000,305,3658,448.5,"random"
171291,1997,"bcc97004",15000,305,5791,494.4,"random"
172182,1997,"bcc97009",15000,305,5791,607.4,"random"
172817,1997,"bcc97017",15000,305,5791,642.9,"random"
173139,1997,"bcc97019",15000,305,5791,450.7,"random"
173229,1997,"bcc97019",15000,305,5791,525,"random"
175400,1997,"bcc97030",15000,305,5791,617,"random"
176751,1997,"bcc97036",15000,305,5791,398.7,"random"
177285,1997,"bcc97039",15000,305,5791,448.9,"random"
177802,1997,"bcc97041",15000,305,5791,519.5,"random"
178295,1997,"bcc97044",15000,305,5791,413.6,"random"
179183,1997,"bcc97048",15000,305,5791,407.4,"random"
180280,1997,"bcc97054",15000,305,5791,461.8,"random"
180478,1997,"bcc97055",15000,305,5791,345.9,"random"
180526,1997,"bcc97056",15000,305,5791,504.4,"random"
181632,1997,"bcc97062",15000,305,5791,845,"random"
182231,1997,"bcc97091",15000,305,5791,718.4,"random"
182459,1997,"bcc97092",15000,305,5791,513,"random"
183328,1997,"bcc97102",15000,305,5791,462.8,"random"
184448,1997,"bcc97176",15000,305,5791,1124.7,"random"
185478,1997,"bcc97190",15000,305,5791,513.5,"random"
185547,1997,"bcc97190",15000,305,5791,537.7,"random"
186614,1997,"bcc97203",15000,305,5791,497.7,"random"
186958,1997,"bcc97223",15000,305,6572,1821.6,"random"
187776,1997,"bcc97064",15000,305,5944,1220,"random"
189327,1997,"bcc97108",15000,305,6553,2084.2,"random"
189719,1997,"bcc97110",15000,305,5944,1112.1,"random"
190326,1997,"bcc97113",15000,305,6099,1511.9,"random"
190461,1997,"bcc97113",15000,305,6099,1326.3,"random"
191295,1997,"bcc97167",15000,305,6553,1464.9,"random"
191979,1997,"bcc97175",15000,305,6553,1521.9,"random"
192451,1997,"bcc97193",15000,305,6553,1024.8,"random"
192574,1997,"bcc97193",15000,305,6553,2058.4,"random"
193022,1997,"bcc97201",15000,305,6553,1112.2,"random"
193751,1997,"bcc97146",15000,305,5987,1464.6,"random"
193781,1997,"bcc97147",15000,305,5958,1045.7,"random"
193912,1997,"bcc97147",15000,305,5897,940.1,"random"
194077,1997,"bcc97148",15000,305,5906,1044.7,"random"
194175,1997,"bcc97149",15000,305,5965,1151.8,"random"
194856,1997,"bcc97151",15000,305,6023,1397.5,"random"
195291,1997,"bcc97160",15000,305,6018,919.2,"random"
195983,1997,"bcc97154",15000,305,5939,719.3,"random"
196263,1997,"bcc97142",15000,305,6330,919.9,"random"
196533,1997,"bcc97143",15000,305,6260,388.4,"random"
196760,1997,"bcc97139",15000,305,6121,790.6,"random"
196841,1997,"bcc97140",15000,305,6092,794,"random"
196847,1997,"bcc97140",15000,305,6104,1032.2,"random"
197152,1997,"bcc97144",15000,305,6317,1340.2,"random"
197382,1997,"bcc97228",15000,305,6119,1149,"random"
197486,1997,"bcc97228",15000,305,6061,800.8,"random"
198305,1997,"bcc97172",15000,305,5944,951.6,"random"
198832,1997,"bcb97109",15000,305,6545,1603.3,"random"
199040,1997,"bcb97109",15000,305,6831,585.2,"random"
199661,1997,"bcb97107",15000,305,6518,1932.8,"random"
201106,1997,"bcc97218",15000,305,6745,2135.3,"random"
201395,1997,"bcb97098",15000,305,6830,2046.4,"random"
201407,1997,"bcb97098",15000,305,6797,2442,"random"
201779,1997,"bcc97133",15000,305,6672,1150.4,"random"
202379,1997,"bcc97130",15000,305,6584,1080,"random"
202966,1997,"bcc97127",15000,305,6690,1857.1,"random"
203034,1997,"bcc97127",15000,305,6729,2138.9,"random"
204338,1997,"bcc97227",15000,305,6886,1278.6,"random"
204774,1997,"bcc97226",15000,305,6533,1678.2,"random"
204970,1997,"bcc97224",15000,305,6565,1565.4,"random"
205308,1997,"bcb97098",15000,305,6823,1491.8,"random"
205311,1997,"bcb97098",15000,305,6827,2175.1,"random"
205524,1997,"bcb97097",15000,305,6790,1800.5,"random"
209526,1997,"bcb97093",15000,305,6540,2288,"random"
210844,1997,"bcb97091",15000,305,6421,1200,"random"
211447,1997,"bcb97047",15000,305,6386,1670,"random"
214430,1997,"bcb97084",20000,305,7466,1354.6,"random"
214759,1997,"bcb97085",20000,305,7318,931.8,"random"
215328,1997,"bcb97011",40000,153,7909,934.9,"random"
215492,1997,"bcb97011",40000,153,7886,1390.3,"random"
215768,1997,"bcb97013",40000,153,6730,803.4,"random"
217702,1997,"bcb97032",40000,153,6586,428.2,"random"
217863,1997,"bcb97032",40000,153,6608,416.6,"random"
218419,1997,"bcb97041",40000,153,6750,688.7,"random"
219559,1997,"bcb97072",40000,153,6581,693.5,"random"
220922,1997,"bcb97090",40000,153,6807,497.3,"random"
221709,1997,"bcb97104",40000,153,6799,995.3,"random"
222410,1998,"bcb98005",5000,305,1829,179,"random"
226290,1994,"bcc94104",15000,305,6248,713.5,"random"
226566,1994,"bcc94117",15000,305,6248,1775.8,"random"
226910,1994,"bcc94119",15000,305,6248,967.4,"random"
227401,1994,"bcc94121",15000,305,5791,681.6,"random"
227707,1994,"bcc94123",15000,305,5639,861.4,"random"
229805,1993,"bcb93090",10000,153,1676,89.6,"random"
230372,1994,"bcb94026",15000,305,6197,1734.1,"random"
231444,1994,"bcb94038",15000,305,5816,394.8,"random"
231827,1994,"bcb94041",15000,305,5650,105,"random"
231976,1994,"bcb94042",15000,305,5660,20,"random"
232106,1994,"bcb94042",15000,305,5669,785.2,"random"
232189,1994,"bcb94043",15000,305,5588,1045.3,"random"
232519,1994,"bcb94049",15000,305,5781,1172.2,"random"
232800,1994,"bcb94071",15000,305,5854,1043.6,"random"
233181,1994,"bcc94036",10000,305,4335,764.6,"random"
233285,1994,"bcc94036",10000,305,4296,824.6,"random"
233346,1994,"bcc94040",10000,305,4267,771.1,"random"
233462,1994,"bcc94040",10000,305,4267,1767.2,"random"
235578,1994,"bcc94073",10000,305,4268,1303.9,"random"
236229,1994,"bcc94106",15000,305,5809,1305.1,"random"
236275,1994,"bcc94106",15000,305,5799,328.8,"random"
237032,1994,"bcc94107",10000,305,4531,1332.8,"random"
237557,1994,"bcc94113",15000,305,5637,963.4,"random"
237898,1994,"bcc94084",10000,305,4303,1265.4,"random"
237900,1994,"bcc94084",10000,305,4299,1085.3,"random"
238616,1994,"bcc94033",15000,305,5838,628.6,"random"
240347,1993,"bcb93069",15000,305,6260,1546.3,"random"
240510,1993,"bcb93008",20000,305,6707,801.4,"random"
240763,1993,"bcb93006",10000,305,3506,506.4,"random"
240808,1993,"bcb93006",10000,305,3506,399.9,"random"
242182,1993,"bcb93072",15000,305,6361,288.1,"random"
243331,1993,"bcc93017",10000,305,4420,1225.5,"random"
243631,1993,"bcc93069",10000,305,4420,1011.7,"random"
243770,1993,"bcc93069",10000,305,4420,1024.3,"random"
244136,1993,"bcc93072",10000,305,4420,1274.6,"random"
244230,1997,"bcc97120",20000,305,7439,1122.1,"random"
246846,1993,"bcc93001",10000,305,3811,722.3,"random"
247755,1998,"bcb98019",40000,153,7315,1075.3,"random"
248996,1993,"bcc93004",10000,305,4268,682.3,"random"
249362,1993,"bcc93071",10000,305,4726,1207.5,"random"
250379,1994,"bcb94002",10000,153,1540,236.7,"random"
250845,1994,"bcb94005",20000,305,7317,942.7,"random"
250948,1994,"bcb94005",20000,305,7165,605.4,"random"
250982,1994,"bcb94005",20000,305,7165,1291.9,"random"
252395,1993,"bcb93020",15000,305,6248,1888.1,"random"
252709,1993,"bcc93060",15000,305,5944,1569.2,"random"
254035,1998,"bcc98008",15000,305,5639,819,"random"
255939,1998,"bcc98049",15000,305,5642,1058,"random"
256074,1998,"bcc98056",15000,305,5642,929.7,"random"
256425,1998,"bcc98046",10000,305,4115,443.1,"random"
257453,1995,"bcb95030",15000,305,5334,619.6,"random"
257492,1995,"bcb95030",15000,305,5334,897.5,"random"
257827,1995,"bcb95051",15000,305,5334,726.9,"random"
257984,1995,"bcb95051",15000,305,5334,823.7,"random"
260022,1995,"bcb95075",15000,305,5334,811.4,"random"
260548,1995,"bcb95078",15000,305,5334,936.8,"random"
262515,1998,"bcc98016",15000,305,5944,910.1,"random"
264449,1998,"bcc98001",15000,305,5488,391.7,"random"
264822,1998,"bcc98002",15000,305,5488,506.5,"random"
264861,1998,"bcc98003",15000,305,5488,615.8,"random"
267211,1998,"bcc98030",15000,305,5488,590.6,"random"
267410,1998,"bcc98031",15000,305,5488,469.4,"random"
268279,1998,"bcb98018",15000,305,6253,757.9,"random"
268516,1998,"bcb98010",40000,153,7924,901.4,"random"
268662,1998,"bcb98011",40000,153,7924,1677.8,"random"
268904,1998,"bcb98012",40000,153,7924,1101,"random"
269065,1998,"bcb98013",40000,153,7924,804.3,"random"
270054,1998,"bcc98053",15000,305,5945,1052.3,"random"
270928,1998,"bcc98009",15000,305,5334,628.7,"random"
271167,1998,"bcc98010",15000,305,5486,285.2,"random"
272429,1998,"bcc98042",10000,305,4724,1571,"random"
272765,1998,"bcc98040",10000,305,4267,975.9,"random"
273405,1998,"bcc98050",10000,305,4877,1119.3,"random"
274224,1993,"bcc93119",15000,305,5791,341.4,"random"
278226,1993,"bcb93010",15000,305,6555,1928.3,"random"
278640,1993,"bcb93016",15000,305,6555,2270.8,"random"
279553,1993,"bcb93078",15000,305,6858,2109.3,"random"
279605,1993,"bcb93078",15000,305,6858,1351.9,"random"
281536,1993,"bcc93060",15000,305,6096,576.9,"random"
281982,1993,"bcc93091",15000,305,6401,1491.1,"random"
282097,1993,"bcc93091",15000,305,6096,1643.3,"random"
288980,1993,"bcc93031",15000,305,6096,1269.7,"random"
289652,1993,"bcc93045",15000,305,5791,1222.3,"random"
289679,1993,"bcc93045",15000,305,5791,1097.3,"random"
290466,1993,"bcc93077",15000,305,5791,1223.6,"random"
291319,1993,"bcc93098",15000,305,6096,1782,"random"
293377,1993,"bcc93116",15000,305,5791,1169.8,"random"
294259,1998,"bcb98003",10000,305,3962,503.4,"random"
294687,1993,"bcb93039",15000,305,4877,37.7,"random"
295441,1993,"bcc93040",15000,305,6401,493.1,"random"
295491,1993,"bcc93042",15000,305,7010,1401.8,"random"
295873,1993,"bcc93048",15000,305,7010,950.2,"random"
296161,1993,"bcc93076",15000,305,7010,1833.1,"random"
297460,1993,"bcc93087",15000,305,7010,1230.7,"random"
297746,1993,"bcc93089",15000,305,7010,2011,"random"
297792,1993,"bcc93089",15000,305,6706,1827.5,"random"
298758,1993,"bcc93102",15000,305,7010,1729.5,"random"
300759,1993,"bcc93033",10000,305,3200,60.5,"random"
303827,1993,"bcb93027",15000,305,6248,1060.6,"random"
304031,1993,"bcb93027",15000,305,6401,1837.3,"random"
304680,1993,"bcb93030",15000,305,6248,416.3,"random"
304922,1993,"bcb93031",15000,305,6096,626.9,"random"
305509,1993,"bcb93039",15000,305,6248,1359.2,"random"
305783,1993,"bcb93040",15000,305,6248,1425.7,"random"
310996,1993,"bcb93060",15000,305,5572,1020.3,"random"
311385,1993,"bcb93073",15000,305,5940,933.1,"random"
311635,1993,"bcc93035",10000,305,4203,525.4,"random"
311707,1993,"bcc93035",10000,305,4237,565.2,"random"
314837,1993,"bcc93056",10000,305,4199,747.1,"random"
315282,1993,"bcc93058",10000,305,4256,713.8,"random"
315737,1993,"bcc93062",10000,305,4315,985.3,"random"
315941,1993,"bcc93012",10000,305,4429,1000.5,"random"
316188,1993,"bcc93013",10000,305,3496,176.3,"random"
318065,1993,"bcc93007",10000,305,3161,203.6,"random"
318128,1993,"bcc93008",10000,305,3469,199.9,"random"
318337,1993,"bcc93008",10000,305,3262,53.6,"random"
318575,1985,"bc85029",60000,153,11199,1222.6,"random"
319369,1985,"bc85033",60000,153,10653,1179.5,"random"
320028,1984,"bc84043",60000,153,11448,1162,"random"
322204,1984,"bc84045",60000,153,11421,983.5,"random"
322462,1984,"bc84045",60000,153,11860,1291.3,"random"
325764,1982,"bc82014",60000,153,11233,1386.5,"random"
325944,1982,"bc82016",60000,153,11225,1766.4,"random"
326053,1982,"bc82016",60000,153,11239,985.3,"random"
327415,1986,"bc86084",60000,153,11464,2094.6,"random"
328533,1986,"bc86074",60000,153,10458,741.7,"random"
328559,1986,"bc86075",60000,153,10348,708.8,"random"
328645,1986,"bc86075",60000,153,10276,716.8,"random"
328859,1986,"bc86113",60000,153,11311,1662,"random"
328862,1986,"bc86113",60000,153,11355,1724.1,"random"
332071,1986,"bc86025",60000,153,9990,290.8,"random"
333236,1986,"bc86079",60000,153,9888,84.9,"random"
333592,1987,"bc87080",70000,153,13076,1659.7,"random"
333760,1987,"bc87049",70000,153,12980,823.2,"random"
333986,1987,"bc87096",70000,153,12774,1383.2,"random"
334131,1987,"bc87050",70000,153,12486,916.5,"random"
334745,1987,"bc87062",70000,153,12101,373.6,"random"
335223,1987,"bc87030",70000,153,11980,94.8,"random"
336105,1987,"bc87031",70000,153,12532,1242.5,"random"
337713,1985,"bc85032",60000,153,11293,1455.6,"random"
337852,1985,"bc85032",60000,153,11576,1710.3,"random"
338035,1982,"bc82014",60000,153,10720,1230.8,"random"
338275,1982,"bc82022",60000,153,10973,1064.6,"random"
339452,1993,"bcc93062",10000,305,4109,953.5,"random"
339728,1993,"bcc93063",10000,305,4100,851.7,"random"
340106,1993,"bcb93024",15000,305,6381,1425.1,"random"
341244,1993,"bcb93049",15000,305,6408,1360.1,"random"
342111,1993,"bcb93052",15000,305,6377,906,"random"
342155,1993,"bcb93052",15000,305,6388,1080.1,"random"
342574,1993,"bcb93054",15000,305,6468,1642.5,"random"
343058,1993,"bcb93056",15000,305,6418,1328.6,"random"
343205,1993,"bcb93056",15000,305,6466,1741.2,"random"
343339,1993,"bcb93057",15000,305,6433,1590,"random"
343479,1993,"bcb93057",15000,305,6451,1496.8,"random"
343578,1993,"bcb93058",15000,305,6435,1272.2,"random"
343713,1993,"bcb93058",15000,305,6438,1566.2,"random"
344411,1993,"bcb93063",15000,305,6336,1724.7,"random"
344902,1993,"bcb93066",15000,305,6465,1525.6,"random"
345513,1993,"bcb93074",15000,305,6482,1216.9,"random"
347934,1993,"bcc93054",15000,305,5679,1351,"random"
348143,1993,"bcc93064",15000,305,5907,946.6,"random"
348219,1993,"bcc93066",15000,305,5902,1273.5,"random"
348256,1993,"bcc93067",15000,305,5932,1426.7,"random"
348585,1993,"bcb93098",15000,153,2569,472.4,"random"
349274,1997,"bcc97123",20000,305,7270,726.2,"random"
349360,1997,"bcc97138",20000,305,7311,958.5,"random"
349574,1997,"bcc97141",20000,305,7208,1098.1,"random"
349784,1997,"bcc97155",20000,305,7206,981.8,"random"
350192,1997,"bcc97186",20000,305,7100,1174.4,"random"
350530,1992,"bcb92079",15000,305,6555,1417.4,"random"
350773,1992,"bcb92004",5000,305,1921,702.7,"random"
351328,1992,"bcb92006",5000,153,1524,727,"random"
351364,1992,"bcb92008",5000,153,1524,778.2,"random"
352573,1992,"bcb92001",10000,305,4116,1155,"random"
353162,1992,"bcb92106",15000,305,6248,1398,"random"
353454,1992,"bcb92107",15000,305,6248,1414.5,"random"
357861,1992,"bcb92070",15000,305,6242,1003.7,"random"
359270,1992,"bcb92023",15000,305,5322,12.8,"random"
359634,1992,"bcb92025",15000,305,5102,190.7,"random"
359715,1992,"bcb92025",15000,305,5168,104.6,"random"
361171,1992,"bcb92033",15000,305,5715,178,"random"
361652,1992,"bcb92036",15000,305,5572,100.1,"random"
363902,1992,"bcb92045",15000,305,5875,1123.4,"random"
364582,1992,"bcb92055",15000,305,5932,411.4,"random"
364764,1992,"bcb92055",15000,305,6183,60.4,"random"
364902,1992,"bcb92056",15000,305,5887,338.6,"random"
371166,1992,"bcb92049",15000,305,6263,599.6,"random"
371847,1992,"bcb92052",15000,305,6220,781.9,"random"
372192,1992,"bcb92071",15000,305,6336,1037.9,"random"
372489,1992,"bcb92072",15000,305,6212,1398.5,"random"
372657,1992,"bcb92073",15000,305,6305,1498.5,"random"
372862,1992,"bcb92074",15000,305,6271,1035.7,"random"
374773,1992,"bcb92094",15000,305,6271,1322,"random"
375071,1992,"bcb92095",15000,305,6259,768.9,"random"
375530,1992,"bcb92135",15000,305,6229,821.7,"random"
376285,1992,"bcb92138",15000,305,6241,482.8,"random"
376476,1992,"bcb92046",15000,305,5313,625.2,"random"
376908,1992,"bcb92060",15000,305,5861,31.3,"random"
377318,1992,"bcb92064",15000,305,6148,1435.2,"random"
377945,1992,"bcb92101",15000,305,6148,1443,"random"
379081,1992,"bcb92022",20000,305,6703,809.2,"random"
379098,1992,"bcb92022",20000,305,6696,623.4,"random"
379797,1992,"bcb92101",15000,305,6292,1793.1,"random"
379838,1992,"bcb92102",15000,305,6320,881.5,"random"
380316,1992,"bcb92065",20000,305,7259,993.8,"random"
381759,1992,"bcb92014",30000,153,5944,974.3,"random"
384030,1999,"bcb99014",35000,153,7620,1671,"random"
385075,1999,"bcb99019",35000,153,7315,1388.8,"random"
385164,1999,"bcb99019",35000,153,6401,684.1,"random"
385375,1999,"bcb99020",35000,153,6553,656.7,"random"
385785,1999,"bcb99028",35000,153,7925,891.5,"random"
386339,1999,"bcb99010",35000,153,6706,898.1,"random"
387365,1999,"bcb99022",15000,305,5334,698.3,"random"
387404,1999,"bcb99023",15000,305,5486,727.5,"random"
388240,1999,"bcb99027",15000,305,5486,751.3,"random"
389819,1999,"bcb99046",15000,305,5639,826.1,"random"
390198,1999,"bcc99028",15000,305,6401,1060.2,"random"
390244,1999,"bcc99030",15000,305,6401,1059.2,"random"
390522,1999,"bcc99031",15000,305,6858,1675.1,"random"
393094,1999,"bcc99026",15000,305,6553,1316.2,"random"
393427,1999,"bcb99011",15000,305,6401,1384.8,"random"
394608,1999,"bcb99042",15000,305,6248,1895.5,"random"
394947,1999,"bcb99035",15000,305,6553,1358.5,"random"
396031,1999,"bcb99003",15000,305,5029,88.7,"random"
396173,1999,"bcb99003",15000,305,4724,16.2,"random"
397483,1999,"bcc99010",20000,305,7315,1153.3,"random"
398253,1999,"bcc99018",20000,305,7315,1065.8,"random"
398531,1999,"bcc99019",20000,305,7163,1021.7,"random"
399034,1999,"bcc99017",15000,305,5791,815.6,"random"
399470,2000,"bcb00001",8000,305,2853,481.3,"random"
400196,1997,"bcb97046",15000,305,6461,1158.1,"random"
400379,1997,"bcb97046",15000,305,6501,2387.2,"random"
400567,1997,"bcb97048",15000,305,6447,2456.6,"random"
400730,1997,"bcb97048",15000,305,6533,2652.2,"random"
401664,1997,"bcb97052",15000,305,6467,2557.5,"random"
401963,1997,"bcb97053",15000,305,6402,1793.6,"random"
402619,1997,"bcb97055",15000,305,6409,2042.2,"random"
402786,1997,"bcb97056",15000,305,6431,1685.1,"random"
404191,1997,"bcb97062",15000,305,6492,1980.8,"random"
406106,1992,"bcc92075",10000,305,3963,773.9,"random"
415151,1992,"bcc92020",15000,305,5944,1231.3,"random"
415593,1992,"bcc92042",15000,305,5784,1159.3,"random"
416511,1992,"bcc92046",15000,305,6096,1782.3,"random"
416739,1992,"bcc92047",15000,305,6395,1774.8,"random"
417490,1992,"bcc92050",15000,305,6248,1109.9,"random"
417816,1992,"bcc92052",15000,305,6401,1686.3,"random"
418911,1992,"bcc92057",15000,305,5791,1039.1,"random"
421942,1992,"bcc92007",15000,305,6248,870.9,"random"
423927,1992,"bcc92021",15000,305,5791,832,"random"
450040,2000,"bcb00004",15000,305,6125,1023.5,"random"
451039,2000,"bcb00009",15000,305,6339,873.1,"random"
451723,2000,"bcb00025",15000,305,6434,1015.8,"random"
454511,2000,"bcc00012",30000,153,5806,1018.3,"random"
455516,2000,"bcc00018",30000,153,5648,745.6,"random"
457268,2000,"bcb00035",17500,305,7163,1769,"random"
460524,1992,"bcc92077",10000,305,4116,877.8,"random"
464765,1992,"bcc92024",15000,305,6858,1057.5,"random"
465135,1992,"bcc92025",15000,305,6401,1565.4,"random"
465178,1992,"bcc92064",15000,305,5944,608.9,"random"
465299,1992,"bcc92064",15000,305,5944,945,"random"
467315,1992,"bcc92088",15000,305,5791,1362.4,"random"
470236,2000,"bcc00005",15000,305,6238,822.9,"random"
470555,2000,"bcc00033",15000,305,6301,1119.7,"random"
470894,2000,"bcc00034",15000,305,6053,1076,"random"
471257,2000,"bcc00036",15000,305,6270,1862,"random"
471475,2000,"bcc00038",15000,305,6257,1076.4,"random"
471625,2000,"bcc00039",15000,305,6101,1340.9,"random"
474461,1992,"bcc92084",15000,305,5944,1528.8,"random"
474634,1992,"bcc92085",15000,305,5791,1447,"random"
474691,1992,"bcc92085",15000,305,6096,1486.2,"random"
476796,1992,"bcc92079",10000,305,4573,1466.6,"random"
476921,1992,"bcc92079",10000,305,4421,825.5,"random"
479277,1992,"bcc92034",10000,305,4878,1670.5,"random"
479679,1992,"bcc92030",10000,305,3354,191.3,"random"
482558,1990,"bcc90041",10000,305,4267,725.9,"random"
482865,1992,"bcb92080",15000,305,6098,1710.4,"random"
484083,1992,"bcb92113",15000,305,6250,1293.2,"random"
485245,1990,"bcc90025",10000,305,4206,904.3,"random"
486344,1990,"bcc90073",15000,305,6096,1719.7,"random"
487863,1989,"bc89048",15000,305,5791,993.2,"random"
488142,1989,"bc89049",15000,305,5791,380.5,"random"
488225,1989,"bc89050",15000,305,5791,834.3,"random"
489451,1989,"bc89054",15000,305,5791,1179.9,"random"
491250,1989,"bcc948",15000,305,4115,1049.2,"random"
492259,1989,"bcc985",10000,305,4115,1104,"random"
492270,1989,"bcc985",10000,305,4115,1116.9,"random"
493483,1989,"bcc1022",15000,305,6096,1183.7,"random"
494237,1989,"bcc1001",15000,305,6248,1537,"random"
494342,1989,"bcc1002",15000,305,6248,1461.1,"random"
494615,2000,"bcc00024",10000,305,3962,777.9,"random"
496796,2000,"bcc00092",15000,305,6706,1607.2,"random"
497256,2000,"bcc00094",15000,305,7163,957.1,"random"
497363,2000,"bcc00095",15000,305,7010,1055.2,"random"
497375,2000,"bcc00095",15000,305,7010,2005.9,"random"
497541,2000,"bcc00096",15000,305,6553,1838.2,"random"
498105,2000,"bcc00101",15000,305,7163,1746.4,"random"
498282,2000,"bcc00006",15000,305,6096,717.2,"random"
500096,2000,"bcc00043",15000,305,5791,1113.4,"random"
500214,2000,"bcc00044",15000,305,5944,1281.6,"random"
500368,2000,"bcc00045",15000,305,6248,1112.5,"random"
500614,2000,"bcc00046",15000,305,6248,1192,"random"
501390,2000,"bcc00051",15000,305,6401,1365.7,"random"
503660,2000,"bcc00061",15000,305,7010,2083,"random"
504077,2000,"bcc00062",15000,305,6706,1664.2,"random"
504126,2000,"bcc00063",15000,305,6858,1688.7,"random"
504314,2000,"bcc00064",15000,305,6706,1754.6,"random"
504571,2000,"bcc00065",15000,305,7010,949.5,"random"
505697,2000,"bcc00072",15000,305,7010,1957.2,"random"
506077,2000,"bcc00074",15000,305,7010,2142.1,"random"
506471,2000,"bcc00076",15000,305,6706,1575.1,"random"
506599,2000,"bcc00077",15000,305,6858,926.3,"random"
506849,2000,"bcc00078",15000,305,7010,2161.5,"random"
508888,2000,"bcc00027",15000,305,5486,678,"random"
509182,2000,"bcc00028",15000,305,5944,299,"random"
509230,2000,"bcc00028",15000,305,5791,421,"random"
509470,2000,"bcc00102",10000,305,4572,1601.7,"random"
509830,2000,"bcc00104",10000,305,4420,761.2,"random"
510378,1992,"bcc92001",10000,305,3506,279.8,"random"
511531,2000,"bcc00090",15000,305,5510,1192.3,"random"
512302,1987,"bc87044",15000,305,5486,94.7,"random"
512352,1987,"bc87044",15000,305,5486,517.5,"random"
512407,1987,"bc87044",15000,305,5486,668.2,"random"
512624,1989,"bcc990",10000,305,3962,842.3,"random"
512653,1989,"bcc990",10000,305,3962,854.3,"random"
513052,1992,"bcb92034",15000,305,5652,888,"random"
513601,1992,"bcb92097",15000,305,5928,1507,"random"
513820,1992,"bcb92099",15000,305,5626,1025,"random"
514244,1992,"bcb92100",15000,305,6176,1735.5,"random"
514629,1992,"bcb92104",15000,305,6103,1193,"random"
514772,1992,"bcb92104",15000,305,6089,1226.8,"random"
514982,1992,"bcb92105",15000,305,5563,1155,"random"
515054,1992,"bcb92120",15000,305,6062,1374.6,"random"
516981,1987,"bc87034",15000,305,5029,358.7,"random"
517099,1987,"bc87035",15000,305,4877,299.5,"random"
526741,1987,"bcc645",10000,305,4724,1855.8,"random"
528473,1987,"bcc689",10000,305,4267,1052.6,"random"
530803,1992,"bcb92139",10000,153,1622,54.2,"random"
531013,1992,"bcb92140",10000,153,1607,457.2,"random"
531292,1992,"bcb92141",10000,153,1616,169.7,"random"
531368,1992,"bcb92141",10000,153,1566,83.6,"random"
531662,1987,"bcc694",15000,305,6706,1208.5,"random"
531745,1987,"bcc694",15000,305,6706,1185.6,"random"
532573,1987,"bcc730",15000,305,6401,1794.5,"random"
533572,1992,"bcb92132",10000,153,1869,25.8,"random"
533994,1992,"bcb92126",10000,153,1696,54.7,"random"
534717,1992,"bcb92130",10000,153,1557,127.9,"random"
537881,1992,"bcc92101",10000,305,4242,1128.3,"random"
538222,1992,"bcc92104",10000,305,4331,871.5,"random"
538302,1992,"bcc92105",10000,305,4267,1377.3,"random"
538429,1992,"bcc92096",10000,305,3919,733.4,"random"
538631,1992,"bcc92098",10000,305,3999,803.4,"random"
539700,1992,"bcc92110",10000,305,4054,841,"random"
546535,1986,"bcc504",10000,305,4267,858.5,"random"
546799,1986,"bcc514",10000,305,4206,899.1,"random"
546817,1986,"bcc514",10000,305,4206,856,"random"
547947,1986,"bcc526",10000,305,4206,819.4,"random"
548284,1986,"bcc528",10000,305,4206,1016,"random"
548770,1986,"bcc545",10000,305,4206,830,"random"
548848,1986,"bcc545",10000,305,4206,1158.4,"random"
549105,1986,"bcc511",15000,305,5486,1111.9,"random"
549246,1986,"bcc512",15000,305,5486,1023.8,"random"
549982,1986,"bcc531",15000,305,5486,813.8,"random"
549997,1986,"bcc531",15000,305,5486,969,"random"
550175,1986,"bcc540",15000,305,5486,1073.2,"random"
550417,1986,"bcc533",12000,305,3688,68.1,"random"
551563,1986,"bcc539",12000,305,3688,10.1,"random"
552408,1986,"bc86049",15000,305,5486,856.4,"random"
553186,1986,"bc86061",15000,305,4816,1.6,"random"
553844,1986,"bcc399",10000,305,3810,726,"random"
556755,1986,"bcc448",15000,305,5791,791.7,"random"
558890,1986,"bcc472",10000,305,4115,714.8,"random"
558930,1986,"bcc472",10000,305,4115,973.8,"random"
559085,1986,"bcc473",10000,305,4115,788.9,"random"
559280,1986,"bcc477",10000,305,4267,835.2,"random"
559403,1990,"bcb90011",15000,153,3048,776.6,"random"
560634,1990,"bcb90003",10000,153,2195,647,"random"
560693,1990,"bcb90005",10000,153,2286,695.3,"random"
560959,1990,"bcb90006",10000,153,2195,648.2,"random"
561234,1990,"bcb90002",10000,153,2225,504,"random"
562616,1991,"bcc91068",15000,305,6248,1589.1,"random"
563165,1991,"bcc91078",15000,305,7010,2024.5,"random"
565228,1990,"bcb90008",5000,153,1219,441.7,"random"
566109,1990,"bcb90024",23000,153,3871,914.3,"random"
566165,1990,"bcb90053",15000,305,5334,678.5,"random"
566213,1990,"bcb90053",15000,305,5639,403.5,"random"
566326,1990,"bcb90059",15000,305,5791,114,"random"
578440,1991,"bcc91041",15000,305,5943,1283.9,"random"
578983,1991,"bcc91043",15000,305,5791,1147.1,"random"
579126,1991,"bcc91046",15000,305,5669,859.7,"random"
579489,1991,"bcc91047",15000,305,5944,1032.7,"random"
579698,1991,"bcc91048",15000,305,5944,862.1,"random"
580306,1991,"bcc91050",15000,305,5791,722.7,"random"
580447,1991,"bcc91061",15000,305,6401,1273.4,"random"
580937,1991,"bcc91063",15000,305,5791,1195,"random"
581334,1991,"bcc91064",15000,305,5913,999.7,"random"
581549,1991,"bcc91065",15000,305,5913,970.6,"random"
581588,1991,"bcc91065",15000,305,5913,1269.5,"random"
581715,1991,"bcc91066",15000,305,5913,707.7,"random"
581841,1991,"bcc91066",15000,305,6096,1310.5,"random"
581962,1991,"bcc91066",15000,305,5944,1097.2,"random"
582010,1991,"bcc91067",15000,305,5791,982.3,"random"
582163,1991,"bcc91069",15000,305,5791,1094,"random"
582472,1991,"bcc91070",15000,305,6553,1824.7,"random"
582980,1991,"bcc91072",15000,305,6401,1608.6,"random"
583586,1991,"bcc91074",15000,305,5944,1672.4,"random"
584393,1991,"bcc91080",15000,305,5944,1503.5,"random"
584928,1991,"bcc91083",15000,305,6553,1581.7,"random"
585085,1991,"bcc91084",15000,305,5791,1148.2,"random"
585579,1991,"bcc91095",15000,305,5944,1535.1,"random"
587045,1992,"bcc92037",10000,305,4094,1285.5,"random"
587377,1992,"bcb92074",15000,305,5728,840.7,"random"
587771,1992,"bcc92103",10000,305,4148,557.8,"random"
588912,1991,"bcc91012",15000,305,6264,1827.1,"random"
589155,1991,"bcc91013",15000,305,6245,1082.3,"random"
589565,1991,"bcc91015",15000,305,6098,1102.5,"random"
589984,1991,"bcc91022",15000,305,6248,1529.3,"random"
590252,1991,"bcc91023",15000,305,6246,1689.1,"random"
590807,1991,"bcc91026",15000,305,6258,1062,"random"
591960,1991,"bcc91034",15000,305,5958,1377.5,"random"
592415,1991,"bcc91051",15000,305,6111,1059.4,"random"
592488,1991,"bcc91052",15000,305,6081,1723.7,"random"
594183,1991,"bcb91027",15000,153,3048,931.7,"random"
595656,1991,"bcb91062",15000,305,6248,1504.2,"random"
596384,1991,"bcb91064",15000,305,6248,1884.3,"random"
596472,1991,"bcb91068",15000,305,6248,2318.8,"random"
596982,1991,"bcb91121",15000,305,6248,2311.9,"random"
597328,1991,"bcb91008",8000,153,2073,767.2,"random"
597451,1991,"bcb91004",5000,153,1494,682,"random"
597923,1991,"bcb91018",5000,153,1494,690,"random"
597963,1991,"bcb91018",5000,153,1494,696,"random"
598215,1991,"bcb91019",5000,153,1402,662,"random"
600472,1991,"bcb91161",15000,305,5316,718,"random"
601485,1991,"bcb91090",15000,305,5334,699.3,"random"
601827,1991,"bcb91097",15000,305,5090,602.5,"random"
602661,1991,"bcb91055",15000,305,5639,527.8,"random"
603034,1991,"bcb91059",15000,305,5334,638,"random"
604063,1991,"bcb91086",15000,305,6553,1107.4,"random"
606416,1991,"bcb91089",15000,305,6401,1616.9,"random"
606560,1991,"bcb91099",15000,305,6401,1045.5,"random"
607332,1991,"bcb91102",15000,305,6401,2381.4,"random"
608362,1991,"bcb91118",15000,305,6553,1870.4,"random"
608949,1991,"bcb91120",15000,305,6401,1799.4,"random"
609674,1991,"bcb91159",15000,305,6248,1841.1,"random"
609944,1991,"bcb91160",15000,305,6248,1958.8,"random"
612834,2001,"bcc01012",10000,305,4236,1108.2,"random"
613646,2001,"bcc01015",10000,305,4399,1256.1,"random"
625616,2001,"bcc01028",30000,153,6237,567.8,"random"
625911,2001,"bcc01029",30000,153,6217,1337.9,"random"
629148,1990,"bcb90007",15000,153,3810,1492.9,"random"
629557,1991,"bcb91024",15000,305,5776,5.4,"random"
629786,1991,"bcb91024",15000,305,5182,2.9,"random"
630003,1991,"bcb91031",15000,305,5460,573.6,"random"
631314,1991,"bcb91038",15000,305,5471,39.5,"random"
631655,1991,"bcb91039",15000,305,5776,146.2,"random"
632355,1991,"bcb91080",40000,153,9144,999.7,"random"
632382,1991,"bcb91080",40000,153,9144,568.5,"random"
633038,1991,"bcb91021",10000,153,1688,45.7,"random"
633253,2001,"bcb01009",35000,153,7910,1367.2,"random"
633529,2001,"bcb01011",35000,153,7934,1361.6,"random"
633810,2001,"bcb01012",35000,153,7322,1131.7,"random"
634941,2001,"bcb01016",35000,153,7932,1608.9,"random"
635787,2001,"bcb01020",35000,153,7311,1446.7,"random"
635824,2001,"bcb01020",35000,153,7312,787.1,"random"
636098,2001,"bcb01021",35000,153,7937,1188.3,"random"
636936,2001,"bcb01026",35000,153,7950,1010,"random"
638303,2001,"bcb01030",35000,153,7155,1569.5,"random"
639194,2001,"bcb01032",35000,153,7926,1760,"random"
639510,2001,"bcb01033",35000,153,7939,1254.5,"random"
640436,2001,"bcb01035",35000,153,7800,1619.4,"random"
641365,2001,"bcc01008",35000,153,7475,1506.6,"random"
642056,2001,"bcc01022",30000,153,6449,656.8,"random"
642732,2001,"bcc01026",30000,153,6404,1052.8,"random"
642998,2002,"bcc02003",30000,153,6401,1381.3,"random"
643547,2002,"bcc02009",30000,153,5944,831.7,"random"
643912,2002,"bcc02011",30000,153,5334,784,"random"
644976,2002,"bcc02007",15000,305,5639,802.1,"random"
644982,2002,"bcc02007",15000,305,5639,855.7,"random"
645702,2002,"bcc02024",13000,305,3824,658.3,"random"
650319,2003,"bcc03041",15000,305,6272,777.5,"random"
650903,2003,"bcc03045",15000,305,6455,1482.4,"random"
651356,2003,"bcb03002",15000,305,5642,679.1,"random"
652147,2003,"bcc03013",40000,153,6444,166.7,"random"
654615,2003,"bcc03048",35000,153,6728,558.7,"random"
654693,2003,"bcc03048",35000,153,6713,1073.8,"random"
656776,2003,"bcb03007",30000,153,5804,1284.2,"random"
656913,2003,"bcb03007",30000,153,5806,1129.7,"random"
657996,2003,"bcc03017",15000,305,5322,11.9,"random"
658255,2003,"bcc03018",15000,305,4798,5.3,"random"
658459,2003,"bcc03019",15000,305,5390,428.4,"random"
658518,2003,"bcc03020",15000,305,5117,138,"random"
658724,2003,"bcc03022",15000,305,5102,1040.8,"random"
658787,2003,"bcc03022",15000,305,8057,1869.3,"random"
659185,2003,"bcc03024",15000,305,8448,1503.2,"random"
660615,2003,"bcc03030",15000,305,4702,82.6,"random"
660885,2003,"bcc03031",15000,305,5436,381.9,"random"
661263,2003,"bcc03033",15000,305,6449,764.1,"random"
662839,2003,"bcc03040",15000,305,6368,928.2,"random"
663069,2002,"bcc02026",15000,305,5911,7.2,"random"
664036,2002,"bcc02030",15000,305,5877,941.6,"random"
664348,2002,"bcc02031",15000,305,5853,575.9,"random"
664638,2002,"bcc02033",15000,305,5872,362.3,"random"
664804,2002,"bcc02034",15000,305,5893,1146.8,"random"
665270,2002,"bcc02036",15000,305,5872,692.9,"random"
666780,2004,"bcc04045",10000,305,4115,926.8,"random"
666820,2004,"bcc04046",10000,305,4115,940.7,"random"
667146,2004,"bcc04020",30000,153,5791,1068.4,"random"
669558,2004,"bcc04011",30000,153,6096,1387,"random"
669924,2004,"bcc04013",30000,153,6553,1674.4,"random"
670470,2004,"bcc04017",30000,153,5944,1687.8,"random"
671180,2004,"bcc04021",30000,153,6858,1763.5,"random"
671463,2004,"bcc04023",30000,153,5791,1287,"random"
671822,2004,"bcc04024",30000,153,6096,1079.9,"random"
672688,2004,"bcc04029",30000,153,6096,966.8,"random"
672775,2004,"bcc04030",30000,153,5944,1370.7,"random"
672899,2004,"bcc04031",30000,153,6248,784.6,"random"
673418,2004,"bcc04034",30000,153,6096,1538.3,"random"
673934,2004,"bcc04037",30000,153,5944,569.9,"random"
674941,2004,"bcc04042",30000,153,7010,2063.7,"random"
676292,1984,"bc84037",20000,305,8230,1706.7,"random"
679122,1984,"bc84068",10000,305,3962,764.8,"random"
679970,1984,"bc84001",12000,153,1859,355.1,"random"
680572,1984,"bc84065",5000,305,1707,73.7,"random"
680867,1984,"bc84085",16000,153,2560,80.9,"random"
682304,1968,"bc5311",31680,153,6096,1363.3,"random"
684212,1968,"bc7065",16000,305,6096,1345.4,"random"
686830,1968,"bc7092",16000,305,6096,1103.6,"random"
688013,1968,"bc7088",16000,305,6096,1809.2,"random"
688395,1968,"bc7089",16000,305,6096,1999.2,"random"
688742,1968,"bc7098",16000,305,6096,2025.3,"random"
689456,1968,"bc7106",16000,305,6096,1778.3,"random"
692249,1968,"bc7100",16000,305,6096,1265.4,"random"
692663,1968,"bc7103",16000,305,6096,1625.9,"random"
692762,1968,"bc7103",16000,305,6096,913.4,"random"
692819,1968,"bc7103",16000,305,6096,1281.7,"random"
693335,1968,"bc7075",16000,305,6096,1101.4,"random"
694864,1968,"bc7116",15840,305,5791,571.1,"random"
695143,1968,"bc5281",31680,153,5944,937.1,"random"
695908,1968,"bc5299",31680,153,6096,845.6,"random"
696847,1968,"bc5304",31680,153,6096,560.6,"random"
696861,1968,"bc5304",31680,153,6096,1162.6,"random"
696871,1968,"bc5304",31680,153,6096,1475.7,"random"
697492,1968,"bc5307",31680,153,6096,351.6,"random"
697582,1968,"bc5307",31680,153,6096,327.7,"random"
697733,1968,"bc5307",31680,153,6096,677.9,"random"
701005,1968,"bc5290",16000,153,3261,1119.9,"random"
701013,1968,"bc5290",16000,153,3261,907.3,"random"
702247,1968,"bc5280",15840,153,2591,788.6,"random"
702915,1968,"bc7076",16000,305,5029,203.7,"random"
703956,1968,"bc7080",16000,305,5334,514.6,"random"
704510,1968,"bc7082",16000,305,5639,518.8,"random"
704520,1968,"bc7082",16000,305,5639,523.8,"random"
704869,1968,"bc7083",16000,305,6096,1207.4,"random"
707465,1980,"bc80108",10000,153,2164,996.7,"random"
708689,1980,"bc80078",40000,153,7620,1354.5,"random"
709044,1980,"bc80076",10000,305,3962,261.7,"random"
709576,1980,"bc80137",40000,153,8230,2493.6,"random"
709737,1980,"bc80019",20000,305,6858,228.2,"random"
710306,1980,"bc80022",10000,305,3962,964.8,"random"
711896,1980,"bc80035",10000,305,3993,852,"random"
712709,1980,"bc80132",10000,305,4115,963.5,"random"
712965,1980,"bc80031",20000,305,7010,985,"random"
713213,1980,"bc80010",20000,305,7315,669.2,"random"
714090,1980,"bc80028",20000,305,7849,891.4,"random"
714739,1980,"bc80043",20000,305,7620,1467.9,"random"
715454,1980,"bc80015",15840,305,5590,771.8,"random"
716008,1980,"bc80038",15840,305,5590,837.5,"random"
716456,1980,"bc80039",15840,305,5590,463.5,"random"
716479,1980,"bc80039",15840,305,5590,497.2,"random"
716519,1980,"bc80039",15840,305,5590,446,"random"
717226,1980,"bc80011",20000,305,6401,567.4,"random"
717541,1980,"bc80056",20000,305,6401,463.6,"random"
717593,1980,"bc80050",10000,305,4115,942.5,"random"
718520,1980,"bc80062",10000,305,4206,1206.9,"random"
719811,1980,"bc80014",20000,305,7315,1204.9,"random"
720243,1980,"bc80017",20000,305,7315,1059.5,"random"
720314,1980,"bc80019",20000,305,7315,976,"random"
720500,1980,"bc80019",20000,305,7315,928.7,"random"
721178,1980,"bc80097",20000,153,3962,881.7,"random"
722686,1980,"bc80065",50000,153,8687,174.6,"random"
724416,1980,"bc80119",40000,153,8687,2102,"random"
724708,1980,"bc80138",40000,153,7925,1387.6,"random"
725424,1980,"bc80079",10000,305,4740,835.1,"random"
726247,1980,"bc80017",20000,305,6401,265.2,"random"
726394,1980,"bc80105",20000,305,7315,725.9,"random"
726774,1980,"bc80003",10000,305,3109,248,"random"
727569,1980,"bc80049",10000,305,4267,1087.7,"random"
729032,1980,"bc80033",10000,305,3597,512.9,"random"
729659,1980,"bc80078",20000,153,4115,959,"random"
729840,1980,"bc80077",20000,153,4267,1214.3,"random"
731856,1980,"bc80102",20000,153,3109,4.4,"random"
731892,1980,"bc80102",20000,153,3109,27.9,"random"
732196,1980,"bc80078",20000,153,3200,49.6,"random"
732979,1980,"bc80109",5000,305,2012,485.5,"random"
733289,1980,"bc80085",20000,305,6675,194.4,"random"
733753,1980,"bc80087",20000,305,6675,397.9,"random"
734664,1980,"bc80124",20000,153,3962,642.8,"random"
734843,1980,"bc80123",20000,153,2970,0.4,"random"
734928,1980,"bc80123",20000,153,3008,30.3,"random"
735371,1980,"bcc238",6000,305,1875,32.2,"random"
736120,1980,"bcc239",6000,305,1890,107.4,"random"
736246,1980,"bcc240",6000,305,1859,5.7,"random"
736844,1980,"bcc250",5000,305,1867,415.9,"random"
737190,1980,"bcc251",5000,305,1859,347.9,"random"
739152,1980,"bcc279",20000,305,7772,1536.8,"random"
740249,1980,"bcc270",5000,305,1524,193.6,"random"
740728,1980,"bcc243",3000,305,914,13.5,"random"
741139,1980,"bcc275",40000,153,8230,1261.5,"random"
741246,1980,"bcc277",20000,305,7315,1152.7,"random"
742088,1980,"bc80056",15000,305,5791,1141.7,"random"
742677,1980,"bc80069",20000,305,7620,847.5,"random"
743206,1980,"bc80125",20000,305,7620,1027,"random"
744233,1980,"bc80113",20000,153,4572,812.5,"random"
744270,1980,"bc80113",20000,153,4572,1228.3,"random"
744536,1980,"bc80120",20000,153,5182,1296.5,"random"
745164,1969,"bc7126",16000,305,5486,736.5,"random"
745933,1969,"bc7142",16000,305,5334,535.6,"random"
746380,1969,"bc7144",16000,305,5639,657.9,"random"
746912,1969,"bc7146",16000,305,5486,531.6,"random"
747057,1969,"bc7146",16000,305,5486,493.4,"random"
747105,1969,"bc7146",16000,305,5486,642.6,"random"
747189,1969,"bc7147",16000,305,5486,637.1,"random"
747283,1969,"bc7147",16000,305,5486,486.9,"random"
747457,1969,"bc7148",16000,305,5334,497.1,"random"
747874,1969,"bc7149",16000,305,5334,457.9,"random"
748077,1969,"bc7150",16000,305,5486,657.2,"random"
748089,1969,"bc7150",16000,305,5486,722.1,"random"
748717,1969,"bc7161",16000,305,5334,442.7,"random"
748855,1969,"bc7161",16000,305,5334,425.1,"random"
749001,1969,"bc7162",16000,305,5334,372.9,"random"
750891,1969,"bc7181",16000,305,5639,747.4,"random"
751778,1969,"bc7185",16000,305,5639,819.6,"random"
752433,1969,"bc7186",16000,305,6096,738.3,"random"
752716,1969,"bc7187",16000,305,6096,835.3,"random"
753622,1969,"bc7190",16000,305,6096,895,"random"
753630,1969,"bc7190",16000,305,6096,743.8,"random"
753964,1969,"bc7192",16000,305,6096,747.8,"random"
754480,1969,"bc7194",16000,305,6096,1009.3,"random"
756080,1969,"bc7160",16000,305,6096,1069.7,"random"
756509,1969,"bc7163",16000,305,6096,1670.1,"random"
756534,1969,"bc7163",16000,305,6096,1384.4,"random"
756766,1969,"bc7164",16000,305,6096,1617.2,"random"
756829,1969,"bc7164",16000,305,6096,1696.8,"random"
757004,1969,"bc7164",16000,305,6096,1668,"random"
757815,1969,"bc7167",16000,305,6096,734.2,"random"
759319,1969,"bc7123",16000,305,6096,908.4,"random"
759537,1969,"bc7124",16000,305,5791,868,"random"
759683,1969,"bc7125",16000,305,5791,886,"random"
760037,1969,"bc7131",16000,305,5791,948.1,"random"
760352,1969,"bc7136",16000,305,5944,730,"random"
760624,1969,"bc7137",16000,305,5944,724.7,"random"
761366,1969,"bc7151",16000,305,6096,748.9,"random"
761764,1969,"bc7152",16000,305,6096,1074.5,"random"
761829,1969,"bc7195",16000,305,6096,1486.3,"random"
762010,1969,"bc7197",16000,305,6096,1064.6,"random"
762121,1969,"bc7197",16000,305,6096,1443.1,"random"
762865,1969,"bc7201",16000,305,5791,1662.9,"random"
762875,1969,"bc7201",16000,305,5791,650.1,"random"
763687,1969,"bc5358",40000,153,6706,1697.6,"random"
763714,1969,"bc5359",40000,153,6706,1144.6,"random"
765079,1969,"bc7196",16000,305,5334,87.4,"random"
765837,1969,"bc7205",16000,305,5639,411.1,"random"
767061,1969,"bc7212",16000,305,5639,72.8,"random"
767244,1969,"bc5346",45000,153,7315,2015.8,"random"
767257,1969,"bc5346",45000,153,7315,1564.5,"random"
767357,1969,"bc5346",45000,153,7315,2040.7,"random"
767415,1969,"bc5353",45000,153,6096,2070.5,"random"
767724,1969,"bc5339",45000,153,7315,1109.8,"random"
767833,1969,"bc5339",45000,153,7315,1955.6,"random"
768223,1969,"bc5341",45000,153,7315,1399.7,"random"
768241,1969,"bc5341",45000,153,7315,762.4,"random"
769117,1969,"bc5346",32000,153,7315,1924.4,"random"
769350,1969,"bc5349",32000,153,6096,1016.6,"random"
769457,1969,"bc5350",32000,153,6096,1226.8,"random"
769849,1969,"bc5352",32000,153,6096,1882.9,"random"
770071,1969,"bc5326",32000,153,5791,772.9,"random"
770213,1969,"bc5327",32000,153,5791,753,"random"
770376,1969,"bc5343",32000,153,5791,986.6,"random"
770849,1969,"bc5317",12000,153,1890,77.5,"random"
771480,1969,"bc5319",12000,153,1829,8.6,"random"
772233,1969,"bc5322",12000,153,1981,28.7,"random"
773291,1969,"bc7127",16000,305,6096,480.7,"random"
773485,1969,"bc7128",16000,305,6096,1669.5,"random"
773770,1969,"bc7129",16000,305,6096,1409.1,"random"
774996,1969,"bc5348",40000,153,7315,1509,"random"
775179,1969,"bc5356",40000,153,7315,1359.8,"random"
776434,1969,"bc7119",15000,305,5639,64.1,"random"
777120,1969,"bc7133",12000,305,4115,566,"random"
777431,1969,"bc5329",16000,153,3200,1025.3,"random"
777556,1969,"bc5330",16000,153,3200,1088.3,"random"
778146,1969,"bc7173",12000,305,3810,224.8,"random"
778695,1969,"bc5344",90000,153,14630,99.9,"random"
779161,1969,"bc5363",40000,153,7315,2165.1,"random"
782275,1969,"bc7216",16000,305,6096,2046.6,"random"
782723,1969,"bc7220",16000,305,6096,2034.4,"random"
782962,1969,"bc7221",16000,305,6096,1676.5,"random"
783936,1969,"bc5326",10000,153,2286,355.2,"random"
784160,1969,"bc7132",6000,305,2195,361.4,"random"
784178,1969,"bc7132",6000,305,2195,363.8,"random"
784546,1969,"bc5365",32000,153,5486,509.4,"random"
785416,2004,"bcc04055",15000,305,6147,77,"random"
785528,1980,"bc81001",10000,153,1737,713.2,"random"
785658,1980,"bc81001",10000,153,1737,299.4,"random"
786350,1981,"bc81025",20000,153,3962,580.3,"random"
787457,1981,"bc81109",40000,153,8230,1485.6,"random"
787578,1981,"bc81112",40000,153,8230,2176.4,"random"
787956,1981,"bc81118",40000,153,7925,1939.1,"random"
789070,1981,"bc81116",20000,305,7925,1579,"random"
789682,1981,"bc81047",20000,305,7010,999.7,"random"
789738,1981,"bc81047",20000,305,7010,828.6,"random"
791160,1981,"bc81051",40000,153,7468,1635.1,"random"
793164,1981,"bc81096",40000,153,8077,1694.4,"random"
793502,1981,"bc81020",20000,305,7010,812.3,"random"
793651,1981,"bc81021",20000,305,7010,849.4,"random"
795330,1981,"bc81054",40000,153,7620,1296.1,"random"
795453,1981,"bc81055",40000,153,8077,1779.5,"random"
795743,1981,"bc81031",5000,305,1829,292.7,"random"
795814,1981,"bc81031",5000,305,1981,555.3,"random"
796257,1981,"bc81003",10000,153,1676,2.6,"random"
797816,1981,"bc81094",10000,305,4023,583.8,"random"
798100,1981,"bc81107",10000,305,4420,6,"random"
798849,1981,"bc81126",15000,305,5182,207.5,"random"
799331,1981,"bc81007",10000,305,3170,89.5,"random"
799956,1981,"bc81124",10000,305,3505,174,"random"
800381,1981,"bc81077",10000,305,3261,546.6,"random"
801791,1981,"bc81086",5000,305,1829,14.6,"random"
802180,1981,"bc81041",10000,305,3658,749.2,"random"
802267,1981,"bc81011",20000,305,7163,720.6,"random"
802525,1981,"bc81015",20000,305,7163,688.5,"random"
802812,1981,"bc81019",20000,305,7163,735,"random"
804389,1981,"bcc297",3000,305,1402,392.7,"random"
804665,1981,"bc81071",5000,153,853,113.5,"random"
805021,1981,"bc81005",5000,305,1829,225.5,"random"
805153,1981,"bc81053",10000,153,1829,41.6,"random"
805176,1981,"bc81053",10000,153,1829,468.5,"random"
805666,1981,"bc81006",5000,305,2225,678.2,"random"
806514,1981,"bc81092",10000,153,1676,1110.9,"random"
806627,1981,"bc81119",10000,153,2134,295.6,"random"
806787,1981,"bc81119",10000,153,1585,9.2,"random"
809013,1981,"bc81017",6000,305,2560,797.7,"random"
809524,1981,"bc81023",5000,153,792,89.7,"random"
811605,1981,"bc81115",20000,305,6553,650.5,"random"
811712,1981,"bc81125",20000,153,3810,995.9,"random"
812403,1981,"bcc285",20000,305,7010,198.9,"random"
812512,1981,"bcc286",40000,153,8230,2209.9,"random"
812831,1981,"bcc282",15000,305,5791,773,"random"
812946,1981,"bcc290",15000,305,5791,904.8,"random"
815212,1981,"bcc287",3000,305,1219,279.1,"random"
815741,1981,"bcc289",5000,305,1859,390.4,"random"
816260,1981,"bcc303",10000,305,4877,1864.3,"random"
816533,1981,"bcc291",20000,305,7468,1367.2,"random"
817122,1981,"bcc307",10000,305,4084,1499,"random"
817412,1981,"bc81034",15000,305,6096,1811.8,"random"
818054,1981,"bc81036",15000,305,6096,1424.8,"random"
818519,1981,"bc81037",15000,153,3780,1578.3,"random"
818705,1981,"bc81037",15000,153,3780,1481.7,"random"
819231,1982,"bc82043",10000,153,2743,1243.2,"random"
819425,1982,"bc82044",10000,305,2743,1292.9,"random"
819481,1982,"bc82048",15000,305,5639,1105.3,"random"
819792,1982,"bc82006",40000,153,7010,944.1,"random"
820893,1982,"bc82053",20000,153,4084,988,"random"
821552,1982,"bc82049",20000,153,3810,1005.5,"random"
822886,1982,"bc82028",60000,153,10363,369.9,"random"
822964,1982,"bc82033",60000,153,10363,6.4,"random"
823582,1982,"bc82028",60000,153,11582,1838.2,"random"
825203,1982,"bc82026",60000,153,10516,1027.7,"random"
825339,1982,"bc82047",8000,153,1234,25.2,"random"
826254,1982,"bc82058",20000,305,7315,688.6,"random"
826706,1982,"bc82060",20000,305,7315,426.4,"random"
826898,1982,"bc82061",20000,305,7254,1244.2,"random"
827715,1982,"bcc311",20000,305,7879,1940.8,"random"
828488,1982,"bcc316",5000,305,2347,784.1,"random"
828921,1982,"bcc313",20000,305,7620,1364.3,"random"
830045,1982,"bcc315",5000,305,1859,345.1,"random"
831607,1983,"bc83012",15000,305,6096,18.2,"random"
832140,1983,"bc83014",15000,305,6096,1266.9,"random"
832468,1983,"bc83018",15000,305,6096,1531.8,"random"
833182,1983,"bc83021",15000,305,6096,334.2,"random"
833635,1983,"bc83022",15000,305,6096,1576.5,"random"
834263,1983,"bc83042",15000,305,6096,836.8,"random"
834749,1983,"bc83033",20000,305,7620,1359.6,"random"
834890,1983,"bc83034",15000,305,5791,1416.3,"random"
835017,1983,"bc83034",15000,305,5791,1340.1,"random"
836175,1983,"bc83051",15000,305,5791,1380.1,"random"
836197,1983,"bc83052",15000,305,5791,1274.3,"random"
837552,1983,"bc83046",20000,305,7163,793,"random"
838968,1983,"bc83016",5000,153,823,60.1,"random"
839787,1983,"bc83002",18000,153,3657,931.6,"random"
839910,1983,"bc83058",18000,153,3780,244,"random"
840033,1983,"bc83044",16000,153,3200,1097.3,"random"
840060,1983,"bc83044",16000,153,3200,1534.8,"random"
841622,1985,"bc85001",40000,153,7772,1083.4,"random"
842135,1985,"bc85003",40000,153,7772,707.9,"random"
842421,1985,"bc85004",10000,305,4115,703.1,"random"
843457,1985,"bc85057",20000,305,6858,2444.4,"random"
844725,1985,"bc85062",20000,305,6858,2533.3,"random"
844785,1985,"bc85008",15000,305,5334,1138.7,"random"
845467,1985,"bc85017",15000,305,5334,722.2,"random"
846152,1985,"bc85019",15000,305,5334,699.4,"random"
846224,1985,"bc85020",15000,305,5334,714.7,"random"
846256,1985,"bc85020",15000,305,5334,859.3,"random"
846606,1985,"bc85022",15000,305,5334,689.3,"random"
846794,1985,"bc85023",15000,305,5334,638.1,"random"
846920,1985,"bc85063",15000,305,5334,669.6,"random"
847851,1985,"bc85081",10000,305,6096,1368,"random"
848192,1985,"bc85083",10000,305,6096,1809.7,"random"
848356,1985,"bc85083",10000,305,6096,824.7,"random"
848655,1985,"bc85090",10000,305,6096,1281.4,"random"
848707,1985,"bc85090",10000,305,6096,1138.6,"random"
849080,1985,"bc85091",10000,305,6096,1386.3,"random"
849195,1985,"bc85085",40000,153,7468,1154.3,"random"
849694,1985,"bc85007",10000,153,1615,5.8,"random"
850245,1985,"bc85013",10000,153,1676,12.6,"random"
850247,1985,"bc85013",10000,153,1676,35.2,"random"
851913,1985,"bc85087",20000,305,6492,385.5,"random"
853249,1985,"bc85046",25000,153,4953,1120.7,"random"
853320,1985,"bc85084",8000,153,1311,40.7,"random"
854926,1985,"bcc337",10000,305,4023,830,"random"
856069,1985,"bcc339",10000,305,4420,1898.2,"random"
856470,1985,"bcc342",15000,305,6553,1346.5,"random"
856513,1985,"bcc342",15000,305,6553,2163.4,"random"
857014,1985,"bcc345",15000,305,6096,1434.3,"random"
857049,1985,"bcc345",15000,305,6096,851.7,"random"
857236,1985,"bcc346",15000,305,5944,1682.6,"random"
857481,1985,"bcc348",15000,305,6553,1000.2,"random"
859326,1985,"bcc362",15000,305,6096,784.6,"random"
860402,1985,"bcc372",15000,305,6096,1217.6,"random"
861164,1985,"bcc354",15000,305,6248,1738.8,"random"
862189,1985,"bcc355",15000,305,5395,951.4,"random"
862724,1985,"bcc384",10000,305,3505,28,"random"
863578,1985,"bcc365",15000,305,5791,900.5,"random"
863628,1985,"bcc374",15000,305,5486,837.6,"random"
863807,1985,"bcc375",15000,305,5486,1232.7,"random"
864049,1985,"bcc376",15000,305,5486,1072.6,"random"
864813,1985,"bcc383",10000,305,4420,1197.3,"random"
865242,1985,"bcc389",10000,305,4420,1164.3,"random"
865385,1985,"bc85024",15000,305,6553,1753.7,"random"
865857,1985,"bc85025",15000,305,5944,1563.4,"random"
866833,1985,"bc85053",15000,305,6553,766.2,"random"
867334,1985,"bc85066",15000,305,6401,1038.1,"random"
867442,1985,"bc85067",15000,305,6401,1646.2,"random"
867695,1985,"bc85068",15000,305,6401,1312.4,"random"
868307,1985,"bc85070",15000,305,6401,1560.4,"random"
869254,1986,"bc86097",15000,305,5944,1414.4,"random"
869623,1986,"bc86107",15000,305,6706,1799.5,"random"
870034,1986,"bc86037",15000,305,6248,1542.5,"random"
870377,1986,"bc86043",15000,305,5791,977.1,"random"
870624,1986,"bc86044",15000,305,5791,1392.8,"random"
870716,1986,"bc86052",15000,305,6248,1562.9,"random"
871473,1986,"bc86057",15000,305,6096,1015.5,"random"
873335,1986,"bc86021",15000,305,5791,1592.9,"random"
873468,1986,"bc86031",15000,305,5791,1065.6,"random"
873533,1986,"bc86031",15000,305,5791,1475.9,"random"
873847,1986,"bc86033",15000,305,5791,669.4,"random"
874128,1986,"bc86034",15000,305,5791,1564.8,"random"
874317,1986,"bc86034",15000,305,5791,402.7,"random"
874404,1986,"bc86034",15000,305,5791,1531.9,"random"
874799,1986,"bc86038",15000,305,5791,368.4,"random"
875293,1986,"bc86043",15000,305,6248,1479.1,"random"
875621,1986,"bc86060",15000,305,6248,1107.5,"random"
876538,1986,"bc86091",15000,305,5791,1287.4,"random"
876723,1986,"bc86092",15000,305,5791,1226.1,"random"
876976,1986,"bc86093",15000,305,6248,936.3,"random"
878286,1986,"bc86001",15000,305,5486,329.2,"random"
878660,1986,"bc86064",15000,305,5334,144.6,"random"
878703,1986,"bc86064",15000,305,5425,100.1,"random"
879057,1986,"bc86024",16000,153,2591,1275.8,"random"
879458,1986,"bc86066",23000,153,4663,379.2,"random"
879817,1986,"bc86071",8000,153,1768,809.7,"random"
880315,1986,"bc86087",23000,153,5304,1374.2,"random"
880358,1986,"bc86087",23000,153,5304,1008.3,"random"
880752,1986,"bc86007",16000,153,2499,16.4,"random"
882031,1986,"bc86078",16000,153,2652,5.2,"random"
882635,1986,"bc86109",20000,153,4267,1044.4,"random"
882736,1986,"bc86111",20000,153,4267,1557.5,"random"
883108,1986,"bc86015",20000,305,7163,962,"random"
883390,1986,"bc86108",20000,305,7163,1238.5,"random"
883677,1986,"bc86052",20000,305,6248,513.3,"random"
884292,1986,"bc86023",20000,153,3962,825,"random"
884480,1986,"bc86009",20000,153,3962,808.4,"random"
884674,1986,"bc86010",20000,153,4267,1843,"random"
885111,1986,"bc86039",5000,305,1554,4.2,"random"
885489,1986,"bc86005",5000,305,1722,7,"random"
886014,1986,"bcc422",10000,305,4267,1210,"random"
886164,1986,"bcc427",10000,305,3962,709.8,"random"
889150,1986,"bcc433",10000,305,3962,1025.3,"random"
889245,1986,"bcc433",10000,305,4115,971.4,"random"
890219,1986,"bcc426",10000,305,3505,470.5,"random"
890423,1986,"bcc421",10000,305,3962,1039.7,"random"
890452,1986,"bcc421",10000,305,3353,1007.9,"random"
891066,1986,"bcc397",10000,305,3749,739.9,"random"
891146,1986,"bcc396",10000,305,3810,751.9,"random"
891378,1986,"bcc416",10000,305,3810,752.5,"random"
891936,1986,"bcc413",10000,305,3840,802.8,"random"
891942,1986,"bcc392",10000,305,3901,849.9,"random"
891977,1986,"bcc410",10000,305,3840,753.6,"random"
892379,1986,"bcc451",10000,305,3429,340.3,"random"
893458,1986,"bcc393",10000,305,3505,452.5,"random"
893662,1986,"bcc442",10000,305,3139,96.6,"random"
893916,1986,"bcc403",10000,305,3139,115.4,"random"
894003,1986,"bcc441",10000,305,3810,913.3,"random"
894032,1986,"bcc441",10000,305,3810,746.5,"random"
894644,1986,"bcc444",10000,305,3200,36.4,"random"
895541,1986,"bcc401",10000,305,4267,1620.8,"random"
896616,1986,"bcc409",10000,305,4115,1147.2,"random"
898251,1986,"bcc497",10000,305,4145,1138.1,"random"
899373,1986,"bcc486",10000,305,3962,857.7,"random"
901398,1986,"bcc515",10000,305,4572,1552.5,"random"
901410,1986,"bcc515",10000,305,4572,1422.9,"random"
902491,1986,"bcc457",10000,305,4115,1126.6,"random"
903045,1986,"bcc460",10000,305,4115,1183.4,"random"
903495,1986,"bcc482",10000,305,4115,771.9,"random"
903744,1986,"bcc518",10000,305,4115,1089.8,"random"
905465,1987,"bc87001",15000,305,5334,689.8,"random"
906331,1987,"bc87005",15000,305,5334,933.5,"random"
906805,1987,"bc87009",15000,305,5486,833.1,"random"
907009,1987,"bc87020",15000,305,5486,770.9,"random"
908552,1987,"bc87051",15000,305,5334,949.1,"random"
908807,1987,"bc87052",15000,305,5334,1013.1,"random"
909352,1987,"bc87055",15000,305,5334,736.5,"random"
909903,1987,"bc87057",15000,305,5334,820.9,"random"
910115,1987,"bc87058",15000,305,5334,815.3,"random"
910446,1987,"bc87078",15000,305,5639,689.7,"random"
910723,1987,"bc87079",15000,305,5639,918.7,"random"
911137,1987,"bc87090",15000,305,5334,839.3,"random"
911457,1987,"bc87095",15000,305,5334,985.6,"random"
913129,1987,"bc87014",15000,305,5486,887.8,"random"
913748,1987,"bc87016",15000,305,5486,771.3,"random"
915344,1987,"bc87029",15000,305,5486,660.9,"random"
915596,1987,"bc87086",15000,305,5486,807.1,"random"
915724,1987,"bc87100",15000,305,5486,746.7,"random"
915737,1987,"bc87100",15000,305,5486,586.2,"random"
917507,1987,"bc87059",23000,153,4267,1466.8,"random"
918711,1987,"bc87069",18000,153,2743,22.8,"random"
920514,1987,"bc87077",15000,305,6401,1428.7,"random"
923527,1987,"bcc548",10000,305,4084,1063.4,"random"
924542,1987,"bcc636",10000,305,4816,1428.5,"random"
924769,1987,"bcc639",10000,305,4359,1559,"random"
924845,1987,"bcc555",10000,305,4328,1163.7,"random"
925145,1987,"bcc574",10000,305,4328,946.3,"random"
925251,1987,"bcc588",10000,305,4328,880.7,"random"
925459,1987,"bcc553",10000,305,4267,1272.8,"random"
925869,1987,"bcc565",10000,305,4816,1850.8,"random"
927704,1987,"bcc617",10000,305,3962,596.5,"random"
927823,1987,"bcc620",10000,305,4267,618,"random"
928242,1987,"bcc619",10000,305,3658,82.2,"random"
931126,1987,"bcc622",10000,305,3658,383.5,"random"
931568,1987,"bcc691",10000,305,3810,846.2,"random"
931715,1987,"bcc691",10000,305,4115,833.7,"random"
932038,1987,"bcc698",10000,305,3962,1286.6,"random"
932769,1987,"bcc668",10000,305,4267,788.6,"random"
935324,1987,"bcc700",10000,305,4115,754.1,"random"
935863,1987,"bcc772",10000,305,4724,1404.5,"random"
936746,1987,"bcc657",10000,305,3962,992.6,"random"
937624,1987,"bcc708",15000,305,6096,618.2,"random"
938569,1987,"bcc752",15000,305,6096,343.7,"random"
939064,1987,"bcc754",15000,305,6401,1360.5,"random"
940881,1987,"bcc766",15000,305,6401,1783.5,"random"
941139,1987,"bcc767",15000,305,6096,1403.1,"random"
941299,1987,"bcc768",15000,305,6096,1489.3,"random"
941587,1987,"bcc774",15000,305,6096,1337.8,"random"
941938,1987,"bcc687",10000,305,4115,638.4,"random"
944484,1987,"bcc606",10000,305,3505,164.3,"random"
945158,1987,"bcc614",15000,305,6858,1340.1,"random"
945789,1987,"bcc661",15000,305,6858,1844.4,"random"
946628,1987,"bcc665",15000,305,7010,1092.1,"random"
946696,1987,"bcc666",15000,305,6858,2033.2,"random"
947149,1987,"bcc675",15000,305,7010,2007.8,"random"
947405,1987,"bcc676",15000,305,7010,2106.1,"random"
948276,1987,"bcc682",15000,305,6858,1917.8,"random"
948310,1987,"bcc683",15000,305,7010,2261.4,"random"
948927,1987,"bcc715",15000,305,6858,2207.3,"random"
949947,1987,"bcc745",10000,305,4420,1197.6,"random"
950452,1987,"bcc748",10000,305,4724,895,"random"
951376,1987,"bcc586",10000,305,4572,1635.9,"random"
952504,1987,"bcc638",10000,305,4420,1184.6,"random"
952527,1987,"bcc638",10000,305,4420,1071.9,"random"
952591,1987,"bcc638",10000,305,4420,1248.4,"random"
954228,1987,"bcc615",15000,305,6401,1163.9,"random"
954553,1987,"bcc618",15000,305,6401,1295.8,"random"
955374,1987,"bcc569",15000,305,5486,911,"random"
955566,1987,"bcc569",15000,305,5791,1063,"random"
956490,1987,"bcc573",15000,305,5944,1111.8,"random"
956918,1987,"bcc588",15000,305,5944,1318,"random"
957017,1987,"bcc598",15000,305,5944,1158.7,"random"
957056,1987,"bcc599",15000,305,5944,1520.8,"random"
957422,1987,"bcc653",10000,305,3810,656,"random"
957430,1987,"bcc653",10000,305,3810,419.8,"random"
958116,1987,"bcc607",10000,305,4115,257.3,"random"
959284,1987,"bcc589",10000,305,3962,1337.1,"random"
959740,1987,"bcc585",10000,305,3810,175.4,"random"
960432,1987,"bcc650",15000,305,5944,1495,"random"
961177,1987,"bcc773",15000,305,5944,1027.8,"random"
961253,1987,"bcc708",15000,305,5791,902.2,"random"
961370,1987,"bcc769",10000,305,5334,1745.3,"random"
961847,1987,"bcc644",10000,305,4267,829.2,"random"
963058,1987,"bcc591",15000,305,5944,974.6,"random"
963607,1987,"bcc742",10000,305,3810,502.3,"random"
963735,1987,"bcc742",10000,305,4572,1280.3,"random"
963908,1987,"bcc590",15000,305,5944,1227.8,"random"
964650,1987,"bcc626",10000,305,4267,1212.2,"random"
964901,1987,"bcc632",10000,305,4511,997.9,"random"
964992,1987,"bcc632",10000,305,4511,954.5,"random"
965203,1987,"bcc633",10000,305,4267,1086.5,"random"
965334,1987,"bcc634",10000,305,4267,1188.4,"random"
965546,1987,"bcc629",10000,305,4115,1248.1,"random"
965981,1987,"bcc640",10000,305,4267,1000.7,"random"
966546,1987,"bcc654",15000,305,6248,982.9,"random"
967117,1987,"bcc736",15000,305,7010,1958.7,"random"
967150,1987,"bcc736",15000,305,7010,1810.3,"random"
967558,1987,"bcc720",15000,305,5791,1009.2,"random"
968757,1988,"bc88037",15000,305,6248,897.7,"random"
968786,1988,"bc88070",15000,305,6248,784.3,"random"
969051,1988,"bc88071",15000,305,5944,775.2,"random"
969473,1988,"bc88084",15000,305,6248,863.3,"random"
969996,1988,"bc88035",20000,305,6858,742.7,"random"
970261,1988,"bc88037",20000,305,6919,733.7,"random"
970752,1988,"bc88050",20000,305,6919,841.1,"random"
973325,1988,"bc88066",15000,305,6401,1253.6,"random"
973371,1988,"bc88067",15000,305,6401,1378.6,"random"
974105,1988,"bc88046",15000,305,6553,1499.8,"random"
974742,1988,"bc88054",15000,305,6553,1844.1,"random"
975151,1988,"bc88055",15000,305,6858,1501.9,"random"
975334,1988,"bc88089",15000,305,6553,1835.5,"random"
975427,1988,"bc88089",15000,305,6553,1505.1,"random"
975518,1988,"bc88089",15000,305,6553,1056,"random"
976293,1988,"bc88029",15000,305,6553,1296.3,"random"
977291,1988,"bc88003",15000,305,6401,1441.5,"random"
977779,1988,"bc88005",15000,305,6401,1008.1,"random"
977978,1988,"bc88005",15000,305,6401,1194.1,"random"
978179,1988,"bc88006",15000,305,6401,1184.6,"random"
978266,1988,"bc88009",15000,305,6157,548.4,"random"
979397,1988,"bc88102",15000,305,6401,1727.1,"random"
979444,1988,"bc88102",15000,305,6401,1449.5,"random"
980012,1988,"bc88007",15000,305,4663,24.4,"random"
981271,1988,"bc88095",15000,305,5486,651,"random"
981351,1988,"bc88095",15000,305,5486,626.9,"random"
982622,1988,"bc88100",16000,153,3505,1153.7,"random"
983211,1988,"bc88016",15000,305,6401,1383.1,"random"
983854,1988,"bc88019",15000,305,6401,439.9,"random"
985056,1988,"bc88023",15000,305,6248,15,"random"
985199,1988,"bc88032",15000,305,6553,684.7,"random"
985236,1988,"bc88032",15000,305,6553,674,"random"
985504,1988,"bc88033",15000,305,6401,1247.7,"random"
985906,1988,"bc88057",15000,305,6248,158.8,"random"
985963,1988,"bc88057",15000,305,6248,417.8,"random"
986040,1988,"bc88057",15000,305,6248,799.6,"random"
987308,1988,"bc88024",15000,305,5791,1153.2,"random"
987763,1988,"bc88027",15000,305,6401,1064,"random"
988079,1988,"bc88028",15000,305,6401,1817.7,"random"
988553,1988,"bc88076",15000,305,6248,1522.8,"random"
988689,1988,"bc88082",15000,305,6248,1041.5,"random"
988741,1988,"bc88082",15000,305,6248,1015.8,"random"
989252,1988,"bcc794",10000,305,3810,740.7,"random"
994150,1988,"bcc846",10000,305,3962,933.4,"random"
995749,1988,"bcc796",10000,305,4267,1140.8,"random"
995966,1988,"bcc796",10000,305,4267,1209.1,"random"
996322,1988,"bcc803",10000,305,3658,315.2,"random"
996458,1988,"bcc804",10000,305,3840,669.9,"random"
996825,1988,"bcc910",10000,305,3353,403,"random"
998621,1988,"bcc895",10000,305,3962,801.3,"random"
998639,1988,"bcc895",10000,305,3962,796.2,"random"
999937,1988,"bcc809",10000,305,4115,1088.4,"random"
1000286,1988,"bcc874",10000,305,5029,1410.4,"random"
1000600,1988,"bcc911",10000,305,4572,775.2,"random"
1000621,1988,"bcc912",10000,305,5182,1651.9,"random"
1001700,1988,"bcc852",15000,305,6858,2068.6,"random"
1001843,1988,"bcc852",15000,305,6858,2164.8,"random"
1002030,1988,"bcc853",15000,305,7468,2409.9,"random"
1002160,1988,"bcc854",15000,305,6858,2018.1,"random"
1003926,1988,"bcc918",15000,305,7163,2145.1,"random"
1004029,1988,"bcc918",15000,305,7315,1660.2,"random"
1004895,1988,"bcc811",15000,305,6553,1312.5,"random"
1006071,1988,"bcc837",15000,305,6248,1746.7,"random"
1006649,1988,"bcc817",15000,305,7010,1918.5,"random"
1006890,1988,"bcc818",15000,305,7010,1412.1,"random"
1007523,1988,"bcc828",15000,305,6706,1691.8,"random"
1012032,1988,"bcc862",15000,305,6096,959.5,"random"
1012305,1988,"bcc870",15000,305,6248,1379.2,"random"
1012348,1988,"bcc870",15000,305,6248,691.3,"random"
1015421,1988,"bcc900",10000,305,4420,849,"random"
1015427,1988,"bcc900",10000,305,4420,950.6,"random"
1016418,1988,"bcc904",10000,305,4267,1233.4,"random"
1017114,1988,"bcc873",15000,305,6706,1243.3,"random"
1018035,1988,"bcc885",15000,305,6401,776.3,"random"
1018858,1988,"bcc826",10000,305,4420,1577.9,"random"
1019127,1988,"bcc857",10000,305,4420,1345,"random"
1019487,1988,"bcc866",10000,305,4115,1025.9,"random"
1020104,1988,"bcc882",10000,305,4420,998.1,"random"
1020909,1988,"bcc890",10000,305,4572,1116.7,"random"
1021052,1988,"bcc913",10000,305,4572,1348.1,"random"
1022014,1989,"bc89021",15000,305,5700,775.2,"random"
1022620,1989,"bc89079",15000,305,5700,908.8,"random"
1022945,1989,"bc89080",15000,305,5700,1006.1,"random"
1024383,1989,"bc89029",15000,305,5395,838.8,"random"
1024822,1989,"bc89030",15000,305,5486,808.4,"random"
1025229,1989,"bcc1042",16000,305,6553,1296.6,"random"
1025805,1989,"bcc1044",16000,305,6553,939.9,"random"
1025845,1989,"bcc1044",16000,305,6553,1192.4,"random"
1027076,1989,"bcc1051",16000,305,6858,968.9,"random"
1027324,1989,"bcc1003",15000,305,6248,1595.7,"random"
1027472,1989,"bcc1023",15000,305,6096,1217.2,"random"
1027688,1989,"bcc1034",15000,305,5791,1187,"random"
1030887,1989,"bcc1007",15000,305,5639,1113.1,"random"
1030964,1989,"bcc1008",15000,305,6401,1797,"random"
1031761,1989,"bcc1063",15000,305,5639,797,"random"
1032238,1989,"bcc999",15000,305,5944,1007.1,"random"
1033304,1989,"bc89060",15000,305,6096,1472.3,"random"
1033455,1989,"bc89061",15000,305,5639,696.6,"random"
1033785,1989,"bc89062",15000,305,6096,1110.8,"random"
1034898,1989,"bc89070",15000,305,5791,1064.9,"random"
1036296,1989,"bc89071",15000,305,6096,1023,"random"
1036701,1989,"bc89032",15000,305,5639,868.4,"random"
1036786,1989,"bc89032",15000,305,5639,931.4,"random"
1037267,1989,"bc89041",15000,305,5639,1049.2,"random"
1037511,1989,"bc89042",15000,305,5639,958.6,"random"
1038331,1989,"bc89033",15000,305,5182,68.9,"random"
1039469,1989,"bc89006",15000,305,4724,63.5,"random"
1040047,1989,"bc89011",15000,305,4724,344.9,"random"
1041001,1989,"bc89017",15000,305,4724,237.5,"random"
1041375,1989,"bc89014",15000,305,5791,1261.5,"random"
1041383,1989,"bc89014",15000,305,5944,134.6,"random"
1041519,1989,"bc89015",15000,305,6401,1361.5,"random"
1042007,1989,"bc89010",15000,305,5425,472.3,"random"
1042342,1989,"bc89011",15000,305,6401,1953.8,"random"
1043145,1989,"bc89026",23000,153,4054,913.1,"random"
1043920,1989,"bc89083",10000,153,1524,159.9,"random"
1046034,1989,"bcc930",10000,305,3780,705.4,"random"
1046763,1989,"bcc981",10000,305,4481,1116.4,"random"
1046840,1989,"bcc945",10000,305,4115,1002.5,"random"
1046892,1989,"bcc945",10000,305,4115,909.4,"random"
1047446,1989,"bcc944",10000,305,4206,738.8,"random"
1047449,1989,"bcc944",10000,305,4206,767.5,"random"
1047471,1989,"bcc944",10000,305,4206,861.2,"random"
1049002,1989,"bcc1039",15000,305,5334,940.6,"random"
1049902,1989,"bcc986",10000,305,3810,362.6,"random"
1050657,1989,"bcc1045",10000,305,4115,796.1,"random"
1052277,1989,"bcc950",15000,305,6401,1374.6,"random"
1052450,1989,"bcc954",10000,305,3200,884.6,"random"
1052793,1989,"bcc949",10000,305,3200,274.6,"random"
1053510,1989,"bcc979",10000,305,3658,35.2,"random"
1053681,1989,"bcc1024",10000,305,3353,544,"random"
1053787,1989,"bcc1027",10000,305,3353,187,"random"
1055943,1989,"bcc962",10000,305,4572,1231.7,"random"
1055963,1989,"bcc962",10000,305,4267,1039.2,"random"
1056133,1989,"bcc971",10000,305,4267,1052.6,"random"
1056630,1989,"bcc1014",10000,305,4724,1623.1,"random"
1057116,1989,"bcc1061",10000,305,4420,1338.3,"random"
1059102,1990,"bcb90141",15000,305,6553,2216.7,"random"
1059652,1990,"bcb90143",15000,305,6553,1594.4,"random"
1060028,1990,"bcb90134",15000,305,5791,730,"random"
1060624,1990,"bcb90033",15000,305,6401,1821.7,"random"
1060735,1990,"bcb90033",15000,305,6401,1370.2,"random"
1061356,1990,"bcb90128",15000,305,6401,1764.2,"random"
1062290,1990,"bcb90057",15000,305,5639,1189.2,"random"
1063222,1990,"bcb90099",15000,305,5486,955.6,"random"
1063568,1990,"bcb90100",15000,305,5486,1161.3,"random"
1064836,1990,"bcb90039",15000,305,6096,764,"random"
1065019,1990,"bcb90040",15000,305,5791,961.4,"random"
1065362,1990,"bcb90041",15000,305,6096,1165.6,"random"
1066477,1990,"bcb90066",15000,305,6096,992.4,"random"
1067770,1990,"bcb90072",15000,305,6096,1496.1,"random"
1068604,1990,"bcb90079",15000,305,5334,667.5,"random"
1069649,1990,"bcb90012",15000,305,5944,1272.9,"random"
1069972,1990,"bcb90081",15000,305,5944,1041.9,"random"
1070284,1990,"bcb90082",15000,305,6248,1260.2,"random"
1070325,1990,"bcb90082",15000,305,6248,1390.3,"random"
1070829,1990,"bcb90035",15000,305,5486,776.8,"random"
1071618,1990,"bcb90076",15000,305,5639,973.5,"random"
1071970,1990,"bcb90078",15000,305,5639,885.6,"random"
1072006,1990,"bcb90078",15000,305,5639,898.5,"random"
1072999,1990,"bcb90086",15000,305,5486,896.9,"random"
1073449,1990,"bcb90088",15000,305,5486,876.3,"random"
1074003,1990,"bcb90090",15000,305,6096,693.7,"random"
1075663,1990,"bcb90096",15000,305,5944,1535.6,"random"
1075985,1990,"bcb90116",15000,305,6096,997.1,"random"
1076745,1990,"bcb90121",15000,305,5639,1328,"random"
1078031,1990,"bcb90130",40000,153,7772,1808.8,"random"
1078508,1990,"bcb90062",15000,305,5639,1262,"random"
1078976,1990,"bcb90064",15000,305,5639,1012.8,"random"
1079882,1990,"bcb90098",15000,305,5639,999.3,"random"
1081025,1990,"bcb90019",15000,305,6096,682.6,"random"
1081697,1990,"bcb90051",15000,305,6401,1710,"random"
1082379,1990,"bcb90103",15000,305,5791,665.9,"random"
1082389,1990,"bcb90103",15000,305,5791,1381.5,"random"
1082897,1990,"bcb90105",15000,305,6401,1715.4,"random"
1082999,1990,"bcb90105",15000,305,6401,1953.1,"random"
1083973,1990,"bcb90113",15000,305,6706,1982.3,"random"
1084839,1990,"bcb90022",15000,305,5486,264.5,"random"
1086608,1990,"bcb90107",25000,305,7925,161.4,"random"
1086948,1990,"bcb90016",5000,153,884,112.3,"random"
1087369,1990,"bcb90026",10000,305,3383,756.9,"random"
1087939,1990,"bcb90029",5000,305,1890,426,"random"
1088686,1990,"bcb90032",5000,305,1890,425,"random"
1088707,1990,"bcb90032",5000,305,1890,406,"random"
1089269,1990,"bcb90148",5000,153,1524,716.2,"random"
1089303,1990,"bcb90148",5000,153,1524,637.3,"random"
1091199,1990,"bcc90006",10000,305,4420,971.6,"random"
1091476,1990,"bcc90085",15000,305,5593,702.8,"random"
1091505,1990,"bcc90088",15000,305,5593,965.5,"random"
1091664,1990,"bcc90088",15000,305,5593,1459.4,"random"
1091790,1990,"bcc90089",15000,305,5883,1414.3,"random"
1092962,1990,"bcc90044",10000,305,3505,643.6,"random"
1093347,1990,"bcc90066",10000,305,3658,409,"random"
1095788,1990,"bcc90048",10000,305,3810,0.1,"random"
1095881,1990,"bcc90016",10000,305,3353,320.3,"random"
1096599,1990,"bcc90018",10000,305,3353,509.3,"random"
1096606,1990,"bcc90019",10000,305,3353,492.3,"random"
1098323,1990,"bcc90033",15000,305,6096,1362.6,"random"
1098604,1990,"bcc90058",15000,305,6401,2022.5,"random"
1099913,1990,"bcc90063",15000,305,6096,1612.1,"random"
1100029,1990,"bcc90064",15000,305,6096,988.6,"random"
1101175,1990,"bcc90095",10000,305,4724,1191.5,"random"
1101550,1990,"bcc90035",15000,305,6096,1311.9,"random"
1101931,1990,"bcc90055",15000,305,6096,1201.9,"random"
1102285,1990,"bcc90080",15000,305,6401,1173.1,"random"
1102465,1990,"bcc90080",15000,305,6309,609.7,"random"
1102807,1990,"bcc90081",15000,305,6279,1024.9,"random"
1102964,1990,"bcc90082",15000,305,5669,1461,"random"
1104879,1990,"bcc90031",5000,305,1981,842.9,"random"
1105980,1990,"bcc90093",10000,305,4328,1268,"random"
1107128,1979,"bc79011",8000,305,2499,11.6,"random"
1107421,1979,"bc79032",5000,305,1676,11.5,"random"
1108211,1979,"bc79067",50000,305,4968,614.5,"random"
1109345,1979,"bc79164",20000,153,3810,1584.7,"random"
1109507,1979,"bc79173",20000,153,3353,411.5,"random"
1109559,1979,"bc79178",20000,153,3353,521.6,"random"
1109800,1979,"bc79041",15840,305,6200,1561.2,"random"
1111795,1978,"bc79025",20000,305,7772,2177.5,"random"
1112272,1979,"bc79030",20000,305,7468,946,"random"
1112508,1979,"bc79031",20000,305,7468,1726.7,"random"
1112791,1979,"bc79045",20000,305,7468,1393.1,"random"
1113193,1979,"bc79049",20000,305,7315,1385.8,"random"
1114569,1979,"bc79046",20000,305,7315,896.1,"random"
1114824,1979,"bc79074",20000,305,7925,704.3,"random"
1114854,1979,"bc79074",20000,305,7925,2274.4,"random"
1115560,1979,"bc79093",20000,305,7468,789.5,"random"
1115816,1979,"bc79143",20000,305,6553,1061.4,"random"
1115825,1979,"bc79143",20000,305,6553,543.4,"random"
1116898,1979,"bc79180",20000,305,6553,962.5,"random"
1117348,1979,"bc79203",20000,305,6553,15.6,"random"
1117776,1979,"bc79210",20000,305,6553,548.7,"random"
1117995,1979,"bc79043",40000,153,7315,1267.6,"random"
1121423,1979,"bc79094",20000,305,7620,1459.9,"random"
1122853,1979,"bc79137",20000,305,7010,76.2,"random"
1123415,1979,"bc79129",15840,305,5895,1149.2,"random"
1123947,1979,"bc79174",15840,305,6504,1577.3,"random"
1124634,1979,"bc79153",15840,305,5590,749.1,"random"
1125443,1979,"bc79189",15840,305,5590,877,"random"
1125994,1979,"bc79057",10000,305,4115,1536.1,"random"
1126321,1979,"bc79112",16000,305,5593,460.8,"random"
1126462,1979,"bc79113",16000,305,5593,425.9,"random"
1128619,1979,"bc79165",16000,305,5590,564.2,"random"
1128895,1979,"bc79170",16000,305,5590,774.2,"random"
1129413,1979,"bc79171",16000,305,5590,905.6,"random"
1129633,1979,"bc79176",16000,305,5590,1055.9,"random"
1130282,1979,"bc79077",10000,153,1615,31.6,"random"
1131133,1979,"bc79016",10000,153,2347,1309.6,"random"
1131821,1979,"bc79130",20000,153,3566,769.7,"random"
1132488,1979,"bc79179",10000,153,2134,650.7,"random"
1132899,1979,"bc79187",10000,153,1844,855.1,"random"
1133276,1979,"bc79163",20000,153,3810,1437.7,"random"
1133922,1979,"bc79017",5000,153,1128,408.1,"random"
1134951,1979,"bc79179",31680,153,6504,777.1,"random"
1134999,1979,"bc79179",31680,153,6504,1245.7,"random"
1135495,1979,"bc79159",40000,153,7468,1515.5,"random"
1137110,1979,"bc79032",10000,305,3200,0.4,"random"
1137455,1979,"bc79209",10000,305,3200,51,"random"
1138573,1979,"bc79114",10000,153,2438,873.9,"random"
1138868,1979,"bc79115",10000,153,2438,665.4,"random"
1139663,1979,"bc79186",10000,153,2134,700.7,"random"
1141685,1979,"bc79097",20000,305,8382,737.9,"random"
1143448,1979,"bc79194",20000,305,7010,46.4,"random"
1143628,1979,"bc79194",20000,305,7010,842.2,"random"
1144406,1979,"bc79205",50000,153,7620,76.9,"random"
1145477,1979,"bcc206",20000,305,6858,63.4,"random"
1145836,1979,"bcc205",5000,305,2438,707.4,"random"
1146143,1979,"bcc215",5000,305,1554,184.8,"random"
1146471,1979,"bcc216",5000,305,1554,-0.9,"random"
1146881,1979,"bcc232",10000,305,4572,1132.8,"random"
1147112,1979,"bcc224",10000,305,4115,1308,"random"
1148481,1979,"bcc198",12000,305,3673,2.3,"random"
1148625,1979,"bcc199",12000,305,3673,3.8,"random"
1149639,1979,"bcc218",5000,305,1867,346,"random"
1149989,1979,"bcc214",3000,305,1250,379.7,"random"
1150929,1979,"bc79147",25000,305,8534,713.6,"random"
1152117,1979,"bc79108",20000,305,6858,238.6,"random"
1152997,1979,"bc79148",20000,305,7468,902.2,"random"
1155406,1979,"bc79037",10000,153,2896,1405.7,"random"
1155967,1978,"bc78041",5000,305,2743,1294.5,"random"
1156403,1978,"bc78005",5000,153,884,24.5,"random"
1156852,1979,"bcc228",10000,305,3856,824.4,"random"
1157082,1978,"bc78105",20000,153,4267,1050.9,"random"
1158311,1978,"bc78015",20000,153,3094,72.6,"random"
1159204,1978,"bc78025",20000,153,3505,869.5,"random"
1159344,1978,"bc78021",20000,153,3962,923,"random"
1159384,1978,"bc78024",20000,153,3962,873,"random"
1159834,1978,"bc78029",20000,153,3658,638.2,"random"
1160568,1978,"bc78004",12000,153,1920,76,"random"
1160677,1978,"bc78061",20000,305,7315,572.7,"random"
1160945,1978,"bc78038",20000,305,7468,1302.8,"random"
1161141,1978,"bc78148",10000,305,4572,1533.7,"random"
1163647,1981,"bcc292",20000,305,7925,1085.1,"random"
1164276,1981,"bcc295",20000,305,7925,1258,"random"
1164449,1978,"bc78058",20000,305,6858,228.2,"random"
1164737,1978,"bc78059",20000,305,6858,103.6,"random"
1166168,1978,"bc78057",10000,153,2438,989.1,"random"
1166382,1978,"bc78033",20000,153,3200,731.1,"random"
1167686,1978,"bc78016",20000,153,3231,216.4,"random"
1168424,1978,"bc78026",20000,153,3429,450.3,"random"
1168540,1978,"bc78027",20000,153,3810,589.3,"random"
1169732,1978,"bc78022",20000,153,3658,834.6,"random"
1170003,1978,"bc78064",20000,153,3658,819.4,"random"
1171640,1978,"bc78026",10000,153,2438,1152.4,"random"
1172646,1978,"bc78036",20000,305,7315,921.1,"random"
1172951,1978,"bc78088",20000,153,3810,894.5,"random"
1172981,1978,"bc78088",20000,153,3810,852,"random"
1174357,1978,"bc78101",40000,153,7772,1409.7,"random"
1175070,1978,"bc78143",40000,153,8077,1911.7,"random"
1176719,1978,"bc78082",40000,153,8077,1479.8,"random"
1176873,1978,"bc78082",40000,153,8077,747.9,"random"
1177154,1978,"bc78084",40000,153,7925,984.4,"random"
1177198,1978,"bc78084",40000,153,7010,1013.4,"random"
1177263,1978,"bc78099",40000,153,7925,1070,"random"
1177505,1978,"bc78031",10000,305,3810,221.8,"random"
1178920,1978,"bc78104",20000,153,2438,815.6,"random"
1179178,1978,"bc78130",4500,153,686,117.8,"random"
1179364,1978,"bc78128",10000,305,2347,876.2,"random"
1180264,1978,"bcc177",3000,305,1250,340.1,"random"
1181338,1978,"bcc192",4800,305,1463,58.8,"random"
1182081,1978,"bcc195",25000,153,5486,1300.7,"random"
1182498,1978,"bcc190",25000,153,6096,2002.4,"random"
1182783,1978,"bc78013",10000,305,3810,18.6,"random"
1183017,1978,"bc78014",10000,305,3810,9.9,"random"
1183956,1978,"bc78145",10000,610,8230,779.7,"random"
1184212,1978,"bc78067",10000,610,7315,1247.9,"random"
1184603,1978,"bc78072",40000,153,6858,1065.6,"random"
1184719,1978,"bc78086",10000,610,7620,1755.5,"random"
1185413,1978,"bcc175",20000,305,7163,634.8,"random"
1186755,1978,"bc78095",10000,610,7620,1129,"random"
1187032,1978,"bc78098",10000,610,7620,1269.8,"random"
1187427,1978,"bc78133",10000,610,8230,924.2,"random"
1187833,1978,"bc78136",10000,610,8230,1736.3,"random"
1187991,1978,"bc78136",10000,610,8230,1496.5,"random"
1188873,1978,"bc78138",10000,305,4572,1049.8,"random"
1190384,1978,"bc78091",10000,610,7620,648.9,"random"
1190410,1978,"bc78091",10000,610,7620,138.7,"random"
1190775,1978,"bc78006",5000,153,823,3.6,"random"
1190982,1978,"bc78007",5000,153,823,17.3,"random"
1191155,1978,"bc78008",5000,153,823,64.4,"random"
1191177,1978,"bc78131",40000,153,7163,857.1,"random"
1191999,1977,"bc5761",4800,153,792,80.8,"random"
1192550,1977,"bc77071",10000,153,2347,1018.9,"random"
1192938,1977,"bc77014",20000,153,3658,826.9,"random"
1194403,1977,"bc77073",10000,153,2164,620.2,"random"
1194664,1977,"bc77056",5000,153,1006,118.3,"random"
1195519,1977,"bc77024",40000,153,6706,800.5,"random"
1197080,1977,"bc77004",20000,305,7315,683.2,"random"
1197952,1977,"bc77049",20000,305,7315,1031.3,"random"
1198978,1977,"bc77090",20000,305,7315,760.5,"random"
1200146,1977,"bc77047",40000,153,7620,1196.3,"random"
1200244,1977,"bc77040",20000,305,7315,584.4,"random"
1200364,1977,"bc77040",20000,305,7315,742.8,"random"
1201310,1977,"bc77013",40000,153,7315,1317.3,"random"
1201819,1977,"bc77071",10000,153,2118,602.7,"random"
1201971,1977,"bc77113",20000,153,3658,725,"random"
1202600,1977,"bc77032",10000,610,7163,701.7,"random"
1204168,1977,"bc77086",10000,153,2225,712.9,"random"
1205792,1977,"bc77056",20000,153,3322,558.7,"random"
1206374,1977,"bc77116",30000,153,4877,1695,"random"
1206745,1977,"bc77108",10000,153,2499,1010.1,"random"
1207255,1977,"bcc168",12000,305,4724,1255.8,"random"
1208523,1977,"bcc160",3000,305,1250,347.3,"random"
1208702,1977,"bcc161",3000,305,1250,346.3,"random"
1208911,1977,"bcc162",3000,305,1250,374.7,"random"
1208973,1977,"bcc170",3000,305,1250,352.5,"random"
1208985,1977,"bcc170",3000,305,1250,346.4,"random"
1210714,1977,"bcc165",16000,153,3048,648.1,"random"
1212265,1976,"bc5698",6000,153,610,58.4,"random"
1213489,1975,"bc5703",6000,153,1829,2.9,"random"
1213704,1976,"bc7831",2400,305,884,190.3,"random"
1214258,1976,"bc7849",6000,305,2469,742.9,"random"
1215039,1976,"bc5737",40000,153,7041,1206.1,"random"
1215379,1976,"bc5738",40000,153,7041,944.6,"random"
1215508,1976,"bc5743",40000,153,7620,1478,"random"
1215731,1976,"bc7897",20000,305,7315,1490.1,"random"
1215944,1976,"bc7834",6000,305,2438,740.4,"random"
1215990,1976,"bc7848",6000,305,2560,572.4,"random"
1216567,1976,"bc5705",12000,153,1859,24,"random"
1216713,1976,"bc5706",12000,153,1905,70.8,"random"
1216784,1976,"bc5706",12000,153,1859,87.2,"random"
1216793,1976,"bc5706",12000,153,1859,8.1,"random"
1217386,1976,"bc7893",20000,305,7925,710.3,"random"
1217563,1976,"bc7894",20000,305,7315,837.3,"random"
1217588,1976,"bc7894",20000,305,7315,737.4,"random"
1217856,1976,"bc7895",20000,305,7772,1352.5,"random"
1217867,1976,"bc7895",20000,305,7925,1583.5,"random"
1218470,1976,"bc7899",15840,305,5438,519.7,"random"
1219932,1976,"bc7845",5000,305,1554,110.3,"random"
1220952,1976,"bc7856",20000,305,6858,582.7,"random"
1221646,1976,"bc5756",5000,153,1311,335.2,"random"
1221970,1976,"bc5716",12000,153,1890,9.8,"random"
1222146,1976,"bc5716",12000,153,1890,4.4,"random"
1222188,1976,"bc5716",12000,153,1890,56.3,"random"
1222301,1976,"bc5719",12000,153,1890,0.1,"random"
1222665,1976,"bc5721",12000,153,2286,362.5,"random"
1223051,1976,"bc5744",20000,153,3658,1030.9,"random"
1223272,1976,"bc5709",20000,153,3810,642.5,"random"
1224689,1976,"bc7835",6000,305,2195,413.1,"random"
1225826,1976,"bc7860",20000,305,7010,832.6,"random"
1225828,1976,"bc7860",20000,305,7010,988.3,"random"
1226131,1976,"bc5757",12000,153,1859,34.7,"random"
1226792,1976,"bcc140",5000,305,1859,302.6,"random"
1228073,1976,"bc7831",10000,305,3658,4,"random"
1229053,1976,"bc5758",15840,153,3932,1368.7,"random"
1229256,1976,"bc5712",9840,153,1585,176.4,"random"
1229288,1976,"bc5712",9840,153,1585,210.8,"random"
1229593,1976,"bc7898",4800,305,1524,0,"random"
1229719,1976,"bc7898",4800,305,1524,5.8,"random"
1229776,1976,"bc7898",4800,305,1524,26.7,"random"
1230143,1976,"bcc145",5000,305,1524,0.1,"random"
1231075,1967,"bc4424",16000,305,5334,71,"random"
1231179,1967,"bc4424",16000,305,5334,4.7,"random"
1231355,1967,"bc4442",16000,305,5486,869.3,"random"
1231390,1967,"bc4442",16000,305,5282,166.3,"random"
1232125,1967,"bc4425",15840,305,5791,819,"random"
1232605,1967,"bc4428",15840,305,6096,450.8,"random"
1233012,1967,"bc7017",15840,305,6096,2016.6,"random"
1233727,1967,"bc7031",15840,305,5639,690.6,"random"
1236146,1967,"bc7041",15840,305,5944,1234,"random"
1236264,1967,"bc7041",15840,305,5944,1257.1,"random"
1236295,1967,"bc7041",15840,305,5944,1097.6,"random"
1236754,1967,"bc7043",15840,305,5334,354.9,"random"
1237367,1967,"bc7045",15840,305,5639,826.9,"random"
1237676,1967,"bc7046",15840,305,5334,494.1,"random"
1238493,1967,"bc7049",15840,305,5334,417,"random"
1238998,1967,"bc7051",15840,305,5334,427.2,"random"
1239780,1967,"bc4433",15840,305,6096,1440.4,"random"
1239804,1967,"bc4433",15840,305,6096,978.5,"random"
1241007,1967,"bc4439",15840,305,6096,2026.4,"random"
1242398,1967,"bc7005",15840,305,6096,2184.9,"random"
1242994,1967,"bc7012",15840,305,6096,1677.9,"random"
1243452,1967,"bc7021",15840,305,6096,1539.9,"random"
1243584,1967,"bc7021",15840,305,6096,833.4,"random"
1243595,1967,"bc7021",15840,305,6096,849.2,"random"
1243638,1967,"bc7021",15840,305,6096,934.8,"random"
1244166,1967,"bc7026",15840,305,6096,1803.4,"random"
1244291,1967,"bc7027",15840,305,6096,1222.1,"random"
1245076,1967,"bc7007",15840,305,6096,1796.7,"random"
1245191,1967,"bc7007",15840,305,6096,1444.8,"random"
1245926,1967,"bc4429",15840,305,6096,1021.1,"random"
1245997,1967,"bc4429",15840,305,6096,1391.1,"random"
1246261,1967,"bc4430",15840,305,6096,1470.2,"random"
1246276,1967,"bc4430",15840,305,6096,1480.9,"random"
1250457,1967,"bc5243",32000,153,6096,1498.1,"random"
1250706,1967,"bc5245",32000,153,5944,889.8,"random"
1252406,1967,"bc5260",32000,153,5944,1036.2,"random"
1252515,1967,"bc5264",32000,153,5944,254.3,"random"
1252785,1967,"bc5268",32000,153,6096,1008.9,"random"
1252819,1967,"bc5269",32000,153,6096,1024.3,"random"
1255568,1967,"bc5235",32000,153,5486,399.8,"random"
1256153,1967,"bc5248",32000,153,5639,620.7,"random"
1257715,1967,"bc5263",32000,153,5486,655,"random"
1257929,1967,"bc5265",32000,153,5791,909.9,"random"
1259865,1967,"bc5238",32000,153,4572,791.6,"random"
1260979,1967,"bc5275",15840,153,3658,973.2,"random"
1261448,1967,"bc5277",16000,153,2438,175.1,"random"
1261634,1967,"bcc4",12000,153,1829,426.6,"random"
1261671,1967,"bc4413",15000,305,5334,210.8,"random"
1261854,1967,"bc4413",15000,305,5334,13.2,"random"
1263013,1967,"bc4418",15000,305,5334,22.7,"random"
1263165,1967,"bc4418",15000,305,5334,341.7,"random"
1263816,1975,"bc7699",12000,305,4420,725.4,"random"
1263879,1975,"bc7699",12000,305,4420,666.4,"random"
1264545,1975,"bc7700",12000,305,4115,444.2,"random"
1264737,1975,"bc7700",12000,305,4115,450.3,"random"
1265400,1975,"bc7728",20000,305,7315,1210.6,"random"
1265885,1975,"bc7747",20000,305,7315,320.7,"random"
1267474,1975,"bc7739",20000,305,7315,1012.8,"random"
1267686,1975,"bc7739",20000,305,7315,1129.5,"random"
1267708,1975,"bc7739",20000,305,7315,1165.3,"random"
1267960,1975,"bc7740",20000,305,7315,1297.9,"random"
1268377,1975,"bc7724",20000,305,7620,1026.2,"random"
1268564,1975,"bc7724",20000,305,7620,955.4,"random"
1269817,1975,"bc7744",20000,305,7772,1496.5,"random"
1270258,1975,"bc7803",20000,305,7772,802.1,"random"
1271953,1975,"bc7741",15840,305,6401,1135.6,"random"
1272329,1975,"bc7748",20000,305,8230,2168.5,"random"
1272449,1975,"bc7749",20000,305,8230,1503.7,"random"
1272494,1975,"bc7749",20000,305,8230,1956.6,"random"
1273424,1975,"bc7787",20000,305,8230,1947.9,"random"
1273929,1975,"bc7824",20000,305,8230,1553,"random"
1274045,1975,"bc7757",20000,305,7315,1147.3,"random"
1274566,1975,"bc7799",20000,305,8230,1762,"random"
1274588,1975,"bc7800",20000,305,8230,1543.7,"random"
1274691,1975,"bc7800",20000,305,8230,1784.9,"random"
1274926,1975,"bc7817",20000,305,8839,1669.8,"random"
1275179,1975,"bc7818",20000,305,8839,2055.4,"random"
1275427,1975,"bc7819",20000,305,8534,2073.6,"random"
1275587,1975,"bc7819",20000,305,8534,2176.3,"random"
1276427,1975,"bc7770",25000,305,7925,959.2,"random"
1277578,1975,"bc7730",20000,305,7376,1498.8,"random"
1278456,1975,"bc7756",20000,305,7620,1328.2,"random"
1278810,1975,"bc7757",20000,305,7620,1596.5,"random"
1280483,1975,"bc5675",20000,153,3810,1522.4,"random"
1280791,1975,"bc5673",15840,153,3658,1343.1,"random"
1281154,1975,"bc5685",15840,153,3353,835.8,"random"
1281878,1975,"bc7749",25000,305,8534,1147.6,"random"
1282247,1975,"bc5664",12000,153,2210,370.5,"random"
1282269,1975,"bc5665",12000,153,2210,309.3,"random"
1282404,1975,"bc5683",30000,153,4877,1205.2,"random"
1283297,1975,"bc5668",8000,153,1829,794.5,"random"
1284440,1975,"bc5645",4800,153,747,52.9,"random"
1284704,1975,"bc5671",9600,153,2225,705.1,"random"
1286316,1975,"bc7703",20000,305,6492,487.9,"random"
1286567,1975,"bc5654",7992,153,1676,345.7,"random"
1286751,1975,"bc5656",7992,153,1524,346.2,"random"
1287414,1975,"bc5661",7992,153,1676,392.8,"random"
1287902,1975,"bc7769",5000,305,1646,158.9,"random"
1288297,1975,"bc7830",20000,305,6706,1749.5,"random"
1288301,1975,"bc7830",20000,305,6706,1989.8,"random"
1288618,1975,"bc7719",15000,305,5029,868.9,"random"
1289614,1975,"bc5690",10000,153,1920,879.5,"random"
1289893,1975,"bc5674",10000,153,2743,1187.1,"random"
1290370,1975,"bc5658",20000,153,3383,450.4,"random"
1291112,1975,"bc7758",20000,305,6553,506.2,"random"
1291637,1975,"bc7830",15000,305,5944,544.8,"random"
1292904,1975,"bc7718",12500,305,4115,401.1,"random"
1293324,1975,"bc7743",5000,305,2347,648.8,"random"
1294417,2001,"bcb01003",30000,153,5807,805.1,"random"
1294462,2001,"bcb01003",30000,153,5793,1330,"random"
1294639,2001,"bcb01004",30000,153,5772,929.2,"random"
1294682,2001,"bcb01004",30000,153,5771,1065,"random"
1294737,2001,"bcb01004",30000,153,5776,845.9,"random"
1294820,2001,"bcb01005",30000,153,5781,120.5,"random"
1294893,2001,"bcb01005",30000,153,5817,734.5,"random"
1294918,2001,"bcb01005",30000,153,5805,768.7,"random"
1296271,1981,"bc81098",20000,305,7315,1483.6,"random"
1296808,1981,"bc81100",20000,305,8077,2212.1,"random"
1297670,1981,"bc81064",20000,305,7620,1388.2,"random"
1297985,1981,"bc81065",20000,305,7772,1508,"random"
1298494,1984,"bc84025",20000,305,7010,331.1,"random"
1298823,1984,"bc84027",20000,305,7010,564.8,"random"
1300625,1988,"bcc781",15000,305,5029,515.6,"random"
1301154,1988,"bcc783",15000,305,5182,441.1,"random"
1302884,1988,"bcc785",15000,305,6553,777,"random"
1303944,1987,"bcc656",10000,305,4115,904.8,"random"
1304001,1987,"bcc658",10000,305,4115,1046.1,"random"
1304761,1987,"bcc721",10000,305,4115,924.2,"random"
1305019,1987,"bcc722",10000,305,3962,929.9,"random"
1305091,1987,"bcc723",10000,305,3962,879.9,"random"
1305740,1974,"bc5624",30000,153,6096,818,"random"
1307867,1974,"bc5623",30000,153,6096,1537.4,"random"
1308131,1974,"bc7573",16000,305,5943,968.3,"random"
1309236,1974,"bc7622",16000,305,5943,894.1,"random"
1309425,1974,"bc7627",16000,305,5943,585.7,"random"
1309522,1974,"bc7656",16000,305,6096,1147.2,"random"
1309558,1974,"bc7656",16000,305,6096,1059.5,"random"
1309589,1974,"bc7656",16000,305,6096,1148.5,"random"
1310858,1974,"bc7640",16000,305,6248,437.7,"random"
1311473,1974,"bc7646",16000,305,6400,927,"random"
1311768,1974,"bc7647",16000,305,6400,966.2,"random"
1312579,1974,"bc7662",16000,305,6096,510.6,"random"
1312918,1974,"bc7663",16000,305,6096,762.2,"random"
1313406,1974,"bc7583",20000,305,6096,1097.4,"random"
1313715,1974,"bc7584",20000,305,6096,989,"random"
1313957,1974,"bc7585",20000,305,6096,920.1,"random"
1314225,1974,"bc7586",20000,305,6096,1532.3,"random"
1314455,1974,"bc7587",20000,305,6096,1389.6,"random"
1315087,1974,"bc7609",20000,305,6096,603.2,"random"
1315184,1974,"bc7609",20000,305,6096,1160.7,"random"
1315485,1974,"bc7659",20000,305,6096,1499.4,"random"
1317021,1974,"bc7631",16000,305,5791,1771.6,"random"
1317486,1974,"bc7679",16000,305,5486,111.3,"random"
1317582,1974,"bc7679",16000,305,5486,478.3,"random"
1318253,1974,"bc7681",16000,305,5486,20.2,"random"
1318579,1974,"bc7684",16000,305,5181,0.6,"random"
1318641,1974,"bc7685",16000,305,5181,51.6,"random"
1319613,1974,"bc7688",16000,305,5486,165.8,"random"
1320078,1974,"bc7605",16000,305,6096,1719.2,"random"
1320278,1974,"bc7606",16000,305,6096,2115.8,"random"
1320717,1974,"bc7615",16000,305,5943,615.1,"random"
1321125,1974,"bc7654",16000,305,6096,740.9,"random"
1323497,1974,"bc7572",16000,305,6096,1366.1,"random"
1324999,1974,"bc7611",16000,305,6096,1717.6,"random"
1325023,1974,"bc7611",16000,305,6096,1654.7,"random"
1327181,1974,"bc7627",16000,305,6096,1608.5,"random"
1327955,1974,"bc7633",16000,305,6400,1321.5,"random"
1327994,1974,"bc7634",16000,305,6400,837,"random"
1328761,1974,"bc7650",16000,305,6400,1390.7,"random"
1329582,1974,"bc7666",16000,305,6400,1549.7,"random"
1330171,1974,"bc7577",16000,305,6096,2165.5,"random"
1330412,1974,"bc7578",16000,305,6096,1016.2,"random"
1330599,1974,"bc7599",16000,305,6096,1408.2,"random"
1330994,1974,"bc7600",16000,305,6096,1116.6,"random"
1331143,1974,"bc7603",16000,305,6309,974.9,"random"
1331178,1974,"bc7603",16000,305,6309,1517,"random"
1331459,1974,"bc7604",16000,305,6096,1088.6,"random"
1331597,1974,"bc7628",16000,305,6096,956.6,"random"
1332406,1974,"bc7596",6000,305,2346,463.6,"random"
1332584,1974,"bc7683",6000,305,2438,1281.2,"random"
1333121,1974,"bc5622",30000,153,5486,754.9,"random"
1333775,1974,"bc5587",15000,153,2560,56.6,"random"
1333783,1974,"bc5587",15000,153,2529,228,"random"
1333828,1974,"bc5577",15000,153,2590,0.9,"random"
1334421,1974,"bc5593",10000,153,1950,513.5,"random"
1334746,1974,"bc5596",12000,153,2621,842,"random"
1334988,1974,"bc5598",12000,153,2286,1429.7,"random"
1335152,1974,"bc5598",12000,153,2255,1400.4,"random"
1335574,1974,"bc5574",12000,153,1920,13.8,"random"
1335921,1974,"bc5580",12000,153,1920,12.5,"random"
1336675,1974,"bc5591",12000,153,1920,24.3,"random"
1336814,1974,"bc5591",12000,153,1920,91,"random"
1337024,1974,"bc5592",12000,153,2072,167.6,"random"
1337289,1974,"bc7693",12000,305,4419,1052.5,"random"
1338214,1974,"bc5582",8000,153,1226,55.6,"random"
1338891,1974,"bc7567",5000,305,1828,72.2,"random"
1339217,1974,"bc5602",30000,153,6096,1604.4,"random"
1342994,1974,"bc5635",10000,153,1066,179.2,"random"
1343396,1974,"bc5641",4000,153,1219,655.7,"random"
1343876,1974,"bc5640",9600,153,1584,420.5,"random"
1344058,1974,"bcc101",24000,305,8839,922.7,"random"
1344785,1974,"bcc98",6000,305,3352,1469.4,"random"
1344997,1974,"bcc93",6000,305,1844,44.4,"random"
1345908,1974,"bc7598",10000,305,3992,2147.5,"random"
1346430,1974,"bc7677",15000,305,6096,630.1,"random"
1348468,1974,"bc5615",30000,153,6096,1307.8,"random"
1350291,1974,"bc7581",16000,305,6096,1631.8,"random"
1350971,1974,"bc7593",16000,305,6096,1383.4,"random"
1351270,1974,"bc7594",16000,305,6096,1212.6,"random"
1352313,1974,"bc7674",16000,305,6096,1717.3,"random"
1353428,1974,"bc5610",30000,153,5486,106.8,"random"
1353571,1973,"bc7565",6000,305,1859,9.2,"random"
1354018,1973,"bc7481",20000,305,6096,1294.7,"random"
1354268,1973,"bc7482",20000,305,6096,1128.5,"random"
1354334,1973,"bc7482",20000,305,6096,1170.2,"random"
1355716,1973,"bc7489",20000,305,6096,1001,"random"
1355800,1973,"bc7490",20000,305,6096,862.4,"random"
1356432,1973,"bc7492",20000,305,6096,768.2,"random"
1356464,1973,"bc7492",20000,305,6096,711.3,"random"
1357151,1973,"bc7496",20000,305,6096,960.2,"random"
1357293,1973,"bc7485",20000,305,6096,740.7,"random"
1357595,1973,"bc7482",20000,305,5913,1210.5,"random"
1358510,1973,"bc7499",20000,305,5943,909.7,"random"
1359502,1973,"bc7503",20000,305,6096,1030.6,"random"
1359936,1973,"bc7513",20000,305,6096,1073.3,"random"
1360018,1973,"bc7513",20000,305,6096,1179.1,"random"
1360323,1973,"bc7528",20000,305,6096,1056,"random"
1360414,1973,"bc7528",20000,305,6096,980,"random"
1361283,1973,"bc7507",15000,305,6096,2058.8,"random"
1362011,1973,"bc7510",15000,305,6096,1471.8,"random"
1362285,1973,"bc7511",15000,305,6096,1732.2,"random"
1362605,1973,"bc7514",15000,305,6096,1384.3,"random"
1362819,1973,"bc7514",15000,305,6096,2063.5,"random"
1362949,1973,"bc7515",15000,305,6096,1436.1,"random"
1363162,1973,"bc7517",15000,305,6096,1886.9,"random"
1363612,1973,"bc7523",15000,305,6096,2188.4,"random"
1363618,1973,"bc7523",15000,305,6096,2494.1,"random"
1364141,1973,"bc7526",15000,305,6096,2259.7,"random"
1364944,1973,"bc7529",15000,305,6096,2071.5,"random"
1365006,1973,"bc7530",15000,305,6096,2114.4,"random"
1365184,1973,"bc7530",15000,305,6096,1650.4,"random"
1366410,1973,"bc7540",15000,305,6096,2404.9,"random"
1366733,1973,"bc7541",15000,305,6096,1578.1,"random"
1367661,1973,"bc7545",15000,305,6096,835.5,"random"
1368250,1973,"bc7531",15000,305,6096,1099.6,"random"
1368484,1973,"bc7559",15000,305,6096,846.5,"random"
1368830,1973,"bc7563",15000,305,6096,995.6,"random"
1369116,1973,"bc7467",15000,305,6096,1992.2,"random"
1370071,1973,"bc7548",15000,305,6096,725.4,"random"
1370310,1973,"bc7549",15000,305,6096,1517.4,"random"
1371034,1973,"bc7554",15000,305,6096,479,"random"
1371230,1973,"bc7555",15000,305,6096,2539.4,"random"
1373079,1973,"bc5561",12000,153,1920,74.1,"random"
1374625,1972,"bc7395",16000,305,5943,927.8,"random"
1374935,1972,"bc7397",16000,305,5943,877.3,"random"
1374991,1972,"bc7429",16000,305,5638,738.5,"random"
1375850,1972,"bc7436",16000,305,5638,757.9,"random"
1376045,1972,"bc7440",16000,305,5638,874.3,"random"
1376245,1972,"bc7441",16000,305,5638,782.6,"random"
1376803,1972,"bc7443",16000,305,5638,866,"random"
1377735,1972,"bc7447",16000,305,5791,871.8,"random"
1377963,1972,"bc7448",16000,305,5791,1142.6,"random"
1378246,1972,"bc5507",40000,153,6705,1300.5,"random"
1378286,1972,"bc5510",40000,153,6705,1379,"random"
1379269,1972,"bc5500",40000,153,6705,1142.7,"random"
1379335,1972,"bc5501",40000,153,6705,1065.5,"random"
1380006,1972,"bc5512",31680,153,5181,728.9,"random"
1380553,1972,"bc5457",32000,153,5699,872.1,"random"
1381750,1972,"bc7400",15000,305,5486,999.1,"random"
1381903,1972,"bc7400",15000,305,5486,383.6,"random"
1381945,1972,"bc7400",15000,305,5486,258.5,"random"
1383143,1972,"bc7405",15000,305,6096,1396.9,"random"
1383453,1972,"bc7406",15000,305,5029,1.2,"random"
1384128,1972,"bc7410",15000,305,5638,543.2,"random"
1384207,1972,"bc7410",15000,305,5638,160.2,"random"
1385082,1972,"bc7419",15000,305,6096,845.7,"random"
1385649,1972,"bc7423",15000,305,6096,1839.2,"random"
1386101,1972,"bc7390",15000,305,5181,155,"random"
1386200,1972,"bc7391",15000,305,5181,113.1,"random"
1386385,1972,"bc7391",15000,305,5181,3.6,"random"
1387184,1972,"bc7439",20000,305,6096,1387.8,"random"
1387363,1972,"bc7452",20000,305,6096,1017.4,"random"
1387367,1972,"bc7452",20000,305,6096,1348.3,"random"
1387752,1972,"bc7434",15840,305,6096,1665.5,"random"
1388200,1972,"bc7435",15840,305,6096,1432.3,"random"
1388667,1972,"bc5517",40000,153,6553,1391.2,"random"
1388773,1972,"bc5517",40000,153,6553,1319.1,"random"
1390271,1972,"bcc77",16000,305,6096,1497.8,"random"
1393318,1989,"bcc1018",15000,305,5791,1068.3,"random"
1393638,1989,"bcc1019",15000,305,5791,1041.1,"random"
1394405,1989,"bcc969",15000,305,5791,1161.4,"random"
1394655,1989,"bcc982",15000,305,5486,901.1,"random"
1394890,1971,"bc7321",15840,305,6096,1148.3,"random"
1395343,1971,"bc7322",15840,305,6096,1120.3,"random"
1395648,1971,"bc7373",15840,305,6096,618.4,"random"
1398277,1971,"bc7324",15840,305,6096,1549.5,"random"
1399773,1971,"bc7354",15840,305,5791,1434.8,"random"
1400196,1971,"bc7325",15840,305,6096,726,"random"
1401845,1971,"bc7361",15840,305,6096,1172.8,"random"
1402478,1971,"bc7364",15840,305,6096,1528.3,"random"
1403044,1971,"bc7327",16000,305,6096,1221.9,"random"
1404120,1971,"bc7332",16000,305,6096,1392.8,"random"
1404244,1971,"bc7334",16000,305,6096,1567.7,"random"
1404618,1971,"bc7335",16000,305,6096,1025.2,"random"
1405820,1971,"bc7340",16000,305,6096,1602.4,"random"
1406018,1971,"bc7341",16000,305,6096,1550.6,"random"
1406490,1971,"bc7342",16000,305,6096,1144.4,"random"
1407320,1971,"bc7350",16000,305,6096,1534.2,"random"
1407360,1971,"bc7350",16000,305,6096,1394.4,"random"
1408062,1971,"bc7354",16000,305,6096,1483.1,"random"
1408472,1971,"bc7356",16000,305,6096,1661.7,"random"
1409088,1971,"bc7358",16000,305,6096,1664.4,"random"
1409369,1971,"bc7360",16000,305,6096,1538.3,"random"
1409600,1971,"bc7363",16000,305,6096,1213.3,"random"
1409615,1971,"bc7363",16000,305,6096,1687.7,"random"
1410156,1971,"bc7366",16000,305,6096,722.2,"random"
1410188,1971,"bc7366",16000,305,6096,1106,"random"
1410217,1971,"bc7366",16000,305,6096,1260.1,"random"
1410927,1971,"bc7370",16000,305,3048,1394.7,"random"
1410948,1971,"bc7370",16000,305,3048,825.2,"random"
1411265,1971,"bc7371",16000,305,6096,1179.3,"random"
1411438,1971,"bc7372",16000,305,6096,1019,"random"
1411472,1971,"bc7372",16000,305,6096,1088.7,"random"
1412212,1971,"bc7381",16000,305,6096,1357.6,"random"
1412475,1971,"bc7382",16000,305,6096,1442.6,"random"
1412511,1971,"bc7382",16000,305,6096,1643,"random"
1412878,1971,"bc7384",16000,305,6096,1711.9,"random"
1415225,1971,"bc5426",31680,153,6096,1284,"random"
1415725,1971,"bc5429",31680,153,6096,1852.9,"random"
1415745,1971,"bc5429",31680,153,6096,1776.4,"random"
1416068,1971,"bc5432",31680,153,6096,1203.7,"random"
1417491,1970,"bc7245",16000,305,5638,749.3,"random"
1417881,1970,"bc7246",16000,305,5638,782.4,"random"
1418386,1970,"bc7274",16000,305,5486,833.1,"random"
1418795,1970,"bc7276",16000,305,5486,689.5,"random"
1419166,1970,"bc7277",16000,305,5669,690.2,"random"
1419217,1970,"bc7277",16000,305,5669,672.1,"random"
1419392,1970,"bc7278",16000,305,5638,650.1,"random"
1419468,1970,"bc7278",16000,305,5638,721.7,"random"
1420209,1970,"bc7298",16000,305,5638,664.6,"random"
1420512,1970,"bc7299",16000,305,5638,743.6,"random"
1422434,1970,"bc7288",16000,305,6096,1894.2,"random"
1422443,1970,"bc7288",16000,305,6096,1833.6,"random"
1422493,1970,"bc7288",16000,305,6096,1822.5,"random"
1422950,1970,"bc7290",16000,305,6096,1354.7,"random"
1423688,1970,"bc7297",16000,305,3048,1878.1,"random"
1424618,1970,"bc7285",16000,305,6096,1617.3,"random"
1425519,1970,"bc7293",16000,305,6096,1545.3,"random"
1425663,1970,"bc7296",16000,305,6096,1174.5,"random"
1426188,1970,"bc7266",16000,305,6096,1426.5,"random"
1426340,1970,"bc7267",16000,305,6096,502.1,"random"
1426366,1970,"bc7267",16000,305,6096,1024.9,"random"
1426726,1970,"bc7268",16000,305,5943,1380.7,"random"
1427357,1970,"bc7251",16000,305,6096,673,"random"
1427845,1970,"bc7252",16000,305,6096,1704.2,"random"
1427911,1970,"bc7253",16000,305,6096,1265.4,"random"
1428406,1970,"bc7254",16000,305,6096,900.4,"random"
1428434,1970,"bc7254",16000,305,6096,1743.1,"random"
1429449,1970,"bc5381",32000,153,5791,1644.3,"random"
1429990,1970,"bc7239",16000,305,5638,501.4,"random"
1430698,1970,"bc7264",16000,305,6096,99.8,"random"
1430715,1970,"bc7264",16000,305,6096,55.3,"random"
1430916,1970,"bc5394",80000,153,12496,1509.8,"random"
1431347,1970,"bc7309",16000,305,6096,1020.4,"random"
1431410,1970,"bc7309",16000,305,6096,611.3,"random"
1432920,1966,"bc4408",16000,305,5791,1254.8,"random"
1433203,1966,"bc4366",16000,305,6096,1681.1,"random"
1433219,1966,"bc4366",16000,305,6096,1674.3,"random"
1434177,1966,"bc4396",16000,305,6096,1528.8,"random"
1434315,1966,"bc4397",16000,305,6096,1578.5,"random"
1434472,1966,"bc4397",16000,305,6096,1597.4,"random"
1434964,1966,"bc4400",16000,305,6096,1573.1,"random"
1435040,1966,"bc4400",16000,305,6096,2123.4,"random"
1435963,1966,"bc4377",15840,305,6096,856.1,"random"
1436956,1966,"bc4382",15840,305,6096,1548.3,"random"
1438651,1966,"bc4389",16000,305,5944,922.5,"random"
1440608,1966,"bc4368",15840,305,5944,974.3,"random"
1440622,1966,"bc4368",15840,305,5944,889,"random"
1442379,1966,"bc4411",15840,305,5944,1240.2,"random"
1443082,1966,"bc5212",31680,153,5791,1187.9,"random"
1443483,1966,"bc5215",31680,153,5944,1078.7,"random"
1443597,1966,"bc5215",31680,153,5944,1059.5,"random"
1444004,1966,"bc5198",31680,153,6096,972.8,"random"
1444068,1966,"bc5198",31680,153,6096,1924.2,"random"
1444831,1966,"bc5205",32000,153,4877,0.1,"random"
1446006,1966,"bc4359",15840,305,5182,93.4,"random"
1446230,1966,"bc4362",15840,305,5182,37.9,"random"
1446677,1966,"bc4364",15840,305,5182,385.9,"random"
1446816,1966,"bc4364",15840,305,5182,22.4,"random"
1446836,1966,"bc4364",15840,305,5182,83.9,"random"
1446882,1966,"bc4365",15840,305,5182,23.3,"random"
1447074,1966,"bc4365",15840,305,5182,72.9,"random"
1447097,1966,"bc4365",15840,305,5182,8.9,"random"
1447535,1966,"bc5180",32000,153,5486,422.1,"random"
1447921,1966,"bc5184",32000,153,5486,650,"random"
1449290,1966,"bc5221",32000,153,5486,462.4,"random"
1449579,1965,"bc4339",15840,305,5791,661.7,"random"
1449680,1965,"bc4349",15840,305,5791,1678.8,"random"
1449881,1965,"bc4340",16000,305,5791,921.7,"random"
1450005,1965,"bc4341",16000,305,5791,1640.3,"random"
1450107,1965,"bc4341",16000,305,5944,1829.3,"random"
1450856,1965,"bc4350",16000,305,5791,794.2,"random"
1451112,1965,"bc4351",16000,305,5791,1003.5,"random"
1451514,1965,"bc4353",16000,305,5944,1088.8,"random"
1451572,1965,"bc4354",16000,305,5944,943.8,"random"
1453679,1965,"bc4296",16000,305,6096,1043.2,"random"
1454012,1965,"bc4298",16000,305,6096,1146.5,"random"
1454788,1965,"bc4301",16000,305,6096,1035.3,"random"
1454973,1965,"bc4302",16000,305,6096,1240.9,"random"
1455093,1965,"bc4302",16000,305,6096,1097.9,"random"
1455440,1965,"bc4304",16000,305,6096,1368.3,"random"
1456854,1965,"bc4310",16000,305,6096,1550.3,"random"
1457450,1965,"bc4324",16000,305,6096,1372.8,"random"
1457615,1965,"bc4324",16000,305,6096,1104.9,"random"
1457854,1965,"bc4325",16000,305,6096,1528.7,"random"
1458439,1965,"bc4312",16000,305,6096,1220.6,"random"
1459036,1965,"bc4323",16000,305,6096,1851.1,"random"
1459291,1965,"bc4316",15840,305,6096,2050.6,"random"
1459778,1965,"bc4318",15840,305,6096,1046.9,"random"
1460861,1965,"bc4328",15840,305,5486,254.8,"random"
1461379,1965,"bc4331",15840,305,5486,32.9,"random"
1461600,1965,"bc4331",15840,305,5791,711.6,"random"
1461627,1965,"bc4332",15840,305,5791,305.4,"random"
1461842,1965,"bc4332",15840,305,5791,564.2,"random"
1463835,1965,"bc4339",15840,305,6096,1544.2,"random"
1465485,1965,"bc5165",31680,153,5547,994.7,"random"
1466154,1965,"bc5142",31860,153,6096,1930.1,"random"
1466202,1965,"bc5143",31860,153,6096,2017.1,"random"
1466858,1965,"bc5145",31860,153,6096,2106.9,"random"
1467271,1965,"bc5147",31860,153,6096,1233.6,"random"
1467525,1965,"bc5148",31860,153,6096,1747.8,"random"
1467698,1965,"bc5149",31860,153,6096,740.1,"random"
1467840,1965,"bc5149",31860,153,6096,1873.7,"random"
1468628,1965,"bc5154",31860,153,6096,1664,"random"
1468639,1965,"bc5136",31860,153,5486,17.5,"random"
1468734,1965,"bc5136",31860,153,5486,180.6,"random"
1468839,1965,"bc5137",31860,153,5486,9.9,"random"
1470297,1965,"bc5155",31860,153,6096,1616.1,"random"
1470778,1965,"bc5157",31860,153,6096,1105,"random"
1471382,1963,"bc5068",32000,153,5517,634,"random"
1472651,1963,"bc5063",12000,153,1890,7.1,"random"
1472657,1963,"bc5063",12000,153,1890,132.2,"random"
1472845,1963,"bc5064",12000,153,1890,13.2,"random"
1472901,1963,"bc5064",12000,153,1890,29.4,"random"
1472913,1963,"bc5064",12000,153,1890,82.9,"random"
1473042,1963,"bc5064",12000,153,1890,934.8,"random"
1474577,1963,"bc4186",16000,305,6096,945.3,"random"
1474753,1963,"bc4187",16000,305,6096,1978.2,"random"
1475118,1963,"bc4189",16000,305,6096,1647.1,"random"
1475690,1963,"bc4192",16000,305,6096,1747.3,"random"
1475714,1963,"bc4192",16000,305,6096,1922.6,"random"
1475967,1963,"bc4139",16000,305,5791,1392,"random"
1476031,1963,"bc4142",16000,305,5791,535.7,"random"
1476342,1963,"bc4171",16000,305,5791,1487.1,"random"
1476353,1963,"bc4171",16000,305,5791,1034.5,"random"
1476672,1963,"bc4175",16000,305,5791,1587.5,"random"
1477258,1963,"bc4179",16000,305,5700,1364.6,"random"
1478971,1963,"bc4195",16000,305,5791,1827.1,"random"
1478993,1963,"bc4196",16000,305,5791,701,"random"
1479237,1963,"bc4197",16000,305,5791,410.8,"random"
1479314,1963,"bc4130",16000,305,6096,1868.5,"random"
1480518,1963,"bc4147",16000,305,5791,769.9,"random"
1481052,1963,"bc4149",16000,305,5761,1253.3,"random"
1481124,1963,"bc4150",16000,305,5639,663.6,"random"
1481216,1963,"bc4150",16000,305,5639,759.3,"random"
1482617,1963,"bc4170",16000,305,5791,1132.4,"random"
1482672,1963,"bc4170",16000,305,5791,1334.8,"random"
1483014,1963,"bc4198",16000,305,5791,1705,"random"
1483175,1963,"bc4200",16000,305,5791,1394,"random"
1483916,1963,"bc4131",16000,305,5791,1397.3,"random"
1484086,1963,"bc4132",16000,305,5791,903.9,"random"
1485865,1963,"bc4162",16000,305,5791,915.5,"random"
1486307,1963,"bc4154",16000,305,5791,971.6,"random"
1486868,1963,"bc4159",16000,305,5791,993.3,"random"
1487319,1963,"bc4166",16000,305,5852,1441.6,"random"
1487649,1963,"bc5081",32000,153,6096,1082,"random"
1487660,1963,"bc5081",32000,153,6096,1386.9,"random"
1487729,1963,"bc5081",32000,153,6096,714.6,"random"
1488233,1963,"bc4146",16000,305,5486,1213.7,"random"
1488410,1963,"bc4150",16000,305,5486,723.8,"random"
1488482,1963,"bc4172",16000,305,5486,667.7,"random"
1488789,1963,"bc5075",32000,153,5791,1003.9,"random"
1489251,1963,"bc5080",32000,153,5791,978.6,"random"
1489940,1963,"bc5084",32000,153,5791,583.6,"random"
1490354,1975,"bc5649",20000,153,3109,5.7,"random"
1491245,1964,"bc5111",31860,153,5791,1149.5,"random"
1491468,1964,"bc4243",15840,305,6096,2042.8,"random"
1491861,1964,"bc4244",15840,305,6096,1211.2,"random"
1493148,1964,"bc4249",15840,305,6096,2174.3,"random"
1493468,1964,"bc4253",15840,305,6096,1790.3,"random"
1493907,1964,"bc4255",15840,305,6096,2056.1,"random"
1495042,1964,"bc4250",15840,305,5791,1709.3,"random"
1495645,1964,"bc4252",15840,305,5791,1349.3,"random"
1495738,1964,"bc4252",15840,305,5791,1442.1,"random"
1496601,1964,"bc4279",15840,305,6096,1217.8,"random"
1497038,1964,"bc4273",15840,305,5791,1128,"random"
1497355,1964,"bc4274",15840,305,5791,961.2,"random"
1497894,1964,"bc4211",15000,305,5182,145.3,"random"
1498096,1964,"bc4212",15000,305,5182,395.3,"random"
1498513,1964,"bc4214",15000,305,5182,68.1,"random"
1498538,1964,"bc4214",15000,305,5182,461,"random"
1499854,1964,"bc5112",31680,153,6096,1090.2,"random"
1500454,1964,"bc5102",31680,153,6096,835,"random"
1501740,1964,"bc5107",31680,153,6096,1277,"random"
1501769,1964,"bc5107",31680,153,6096,833.3,"random"
1502825,1964,"bc5114",31680,153,5639,647.6,"random"
1503244,1964,"bc5119",31680,153,5639,761.3,"random"
1503742,1964,"bc4208",15840,305,5791,1080.9,"random"
1504186,1964,"bc4210",15840,305,5791,1163,"random"
1504471,1964,"bc4229",15840,305,6096,2281.9,"random"
1504472,1964,"bc4229",15840,305,6096,2245.3,"random"
1504854,1964,"bc4235",15840,305,6096,1487,"random"
1505028,1964,"bc4236",15840,305,6096,1962.1,"random"
1506031,1964,"bc4217",15840,305,5486,1001.1,"random"
1507540,1964,"bc4270",15840,305,5791,1026.9,"random"
1507571,1964,"bc4270",15840,305,5791,1104,"random"
1508643,1964,"bc4228",15840,305,6096,1453.6,"random"
1508790,1964,"bc4228",15840,305,6096,2312,"random"
1509937,1964,"bc4234",15840,305,6096,1896.2,"random"
1510198,1964,"bc4238",15840,305,6096,1975,"random"
1510269,1964,"bc4239",15840,305,6096,2369.6,"random"
1510937,1964,"bc4224",15840,305,5791,693.4,"random"
1511465,1964,"bc4266",15840,305,6401,1768.2,"random"
1512070,1964,"bc4284",15840,305,6096,817.7,"random"
1512120,1964,"bc4285",15840,305,6096,1321.6,"random"
1512358,1964,"bc4286",15840,305,6096,1498.5,"random"
1512426,1964,"bc4286",15840,305,6096,1212.4,"random"
1513562,1964,"bc4257",15840,305,5791,2016.2,"random"
1513680,1964,"bc4257",15840,305,5791,1390.7,"random"
1514768,1964,"bc4283",15840,305,5486,1160.5,"random"
1515027,2003,"bcc03049",30000,153,6035,1276,"random"
1515290,2003,"bcc03050",30000,153,6035,1263.5,"random"
1522262,2005,"bcc05006",20000,305,7163,987.7,"random"
1523077,2005,"bcc05066",20000,305,7315,1013.1,"random"
1523774,2005,"bcc05069",20000,305,7163,828.5,"random"
1523787,2005,"bcc05069",20000,305,7620,833.9,"random"
1523953,2005,"bcc05140",20000,305,7468,1378.6,"random"
1525170,2005,"bcc05089",30000,153,6096,1420.8,"random"
1526142,2005,"bcc05029",20000,305,8230,850.1,"random"
1526178,2005,"bcc05030",20000,305,8230,1506.5,"random"
1526391,2005,"bcc05099",20000,305,8382,1970.2,"random"
1526481,2005,"bcc05100",20000,305,8534,1845.4,"random"
1526652,2005,"bcc05101",20000,305,8382,1614.3,"random"
1527926,2005,"bcc05112",20000,305,8382,1480.2,"random"
1529373,2005,"bcc05120",20000,305,8687,1937.1,"random"
1530397,2005,"bcc05064",20000,305,7315,1080,"random"
1530486,2005,"bcc05065",20000,305,7620,805.2,"random"
1530662,2005,"bcc05072",20000,305,7010,849.3,"random"
1530693,2005,"bcc05072",20000,305,7010,1043,"random"
1530971,2005,"bcc05073",20000,305,7315,829.2,"random"
1531731,2005,"bcc05131",20000,305,6858,754.8,"random"
1536514,2005,"bcc05003",20000,305,8230,1407.6,"random"
1536519,2005,"bcc05003",20000,305,8230,1849.2,"random"
1536978,2005,"bcc05005",20000,305,7468,1330.5,"random"
1537758,2005,"bcc05036",20000,305,8534,1864.6,"random"
1537921,2005,"bcc05037",20000,305,7925,1582,"random"
1538648,2005,"bcc05002",20000,305,7772,1533,"random"
1538661,2005,"bcc05002",20000,305,7772,1346.6,"random"
1539008,2005,"bcc05008",20000,305,8230,1558.1,"random"
1539524,2005,"bcc05037",20000,305,8382,1905.4,"random"
1539754,2005,"bcc05038",20000,305,8382,1380.1,"random"
1539904,2005,"bcc05039",20000,305,7925,1806.2,"random"
1539934,2005,"bcc05039",20000,305,8230,1356.8,"random"
1539967,2005,"bcc05040",20000,305,8382,1695.1,"random"
1540399,2005,"bcc05095",20000,305,7468,959.1,"random"
1541673,2005,"bcc05130",20000,305,7620,1039.3,"random"
1541696,2005,"bcc05130",20000,305,7620,1322.5,"random"
1541891,2005,"bcc05130",20000,305,7315,1157.2,"random"
1543285,2005,"bcc05055",20000,305,7468,1506.2,"random"
1543407,2005,"bcc05061",20000,305,7163,1232.2,"random"
1543973,2005,"bcc05101",20000,305,7315,1141.8,"random"
1544318,2005,"bcc05103",20000,305,7620,1799.7,"random"
1544421,2005,"bcc05104",20000,305,7468,1619,"random"
1545014,2005,"bcc05008",20000,305,7163,970,"random"
1546211,2005,"bcc05042",20000,305,7163,962.2,"random"
1546980,2005,"bcc05046",20000,305,8382,2108.6,"random"
1547445,2005,"bcc05063",20000,305,8077,2063.2,"random"
1547560,2005,"bcc05069",20000,305,7163,1106,"random"
1548631,2005,"bcc05076",20000,305,7925,1852.5,"random"
1551942,2005,"bcc05017",30000,153,7317,2441.3,"random"
1552189,2005,"bcc05018",30000,153,7165,1869.3,"random"
1552814,2005,"bcc05021",30000,153,6123,1094.9,"random"
1553865,2005,"bcc05080",30000,153,7046,1907.8,"random"
1554073,2005,"bcc05081",30000,153,7015,1583.2,"random"
1555082,2005,"bcc05026",15000,305,5605,1577.5,"random"
1555199,2005,"bcc05026",15000,305,5506,595.2,"random"
1555713,2005,"bcc05084",15000,305,5948,1176.5,"random"
1556165,2005,"bcc05086",15000,305,6779,2110.7,"random"
1556332,2005,"bcc05087",15000,305,6793,1384.9,"random"
1556933,2005,"bcc05142",15000,305,5785,841.1,"random"
1557281,2005,"bcc05124",30000,153,5309,774.8,"random"
1558230,2005,"bcc05125",30000,153,5336,726.6,"random"
1565269,2006,"bcc06035",15000,153,2600,186.1,"random"
1565574,2006,"bcc06037",15000,153,2782,526.5,"random"
1567285,2006,"bcc06170",15000,305,6112,2086.4,"random"
1567403,2006,"bcc06170",15000,305,5816,1148.3,"random"
1567599,2006,"bcc06013",30000,153,5037,477.1,"random"
1567973,2006,"bcc06014",30000,153,5045,455.8,"random"
1568826,2006,"bcc06150",20000,153,5048,1757.9,"random"
1569203,2006,"bcc06182",20000,153,3163,13.4,"random"
1569873,2006,"bcc06164",15000,305,4876,72.3,"random"
1570293,2006,"bcc06166",15000,305,5029,0.9,"random"
1570502,2006,"bcc06167",15000,305,4572,115.9,"random"
1571153,2006,"bcc06140",20000,305,8077,1681.7,"random"
1571427,2006,"bcc06141",20000,305,8229,1098.9,"random"
1573317,2006,"bcc06041",20000,305,7620,1399.3,"random"
1574272,2006,"bcc06048",20000,305,7315,894,"random"
1576423,2006,"bcc06091",20000,305,8534,1576.3,"random"
1576635,2006,"bcc06092",20000,305,7925,1235.1,"random"
1576766,2006,"bcc06095",20000,305,7620,1398.9,"random"
1578480,2006,"bcc06110",20000,305,7468,1339,"random"
1578663,2006,"bcc06112",20000,305,7925,1378.2,"random"
1578964,2006,"bcc06113",20000,305,7315,1032.8,"random"
1579786,2006,"bcc06059",20000,305,8230,1665.8,"random"
1580095,2006,"bcc06061",20000,305,8230,1483.7,"random"
1580147,2006,"bcc06061",20000,305,8382,1831.2,"random"
1580764,2006,"bcc06066",20000,305,8687,1645,"random"
1580911,2006,"bcc06067",20000,305,8382,1993.4,"random"
1581099,2006,"bcc06134",20000,305,8687,1887.3,"random"
1583096,2006,"bcc06010",20000,305,7468,856.4,"random"
1583106,2006,"bcc06010",20000,305,7468,1333.6,"random"
1583512,2006,"bcc06012",20000,305,7468,1298.6,"random"
1583913,2006,"bcc06034",20000,305,8077,513.3,"random"
1585553,2006,"bcc06055",20000,305,7620,1035.3,"random"
1586468,2006,"bcc06089",20000,305,6858,630,"random"
1587126,2006,"bcc06093",20000,305,7163,829.3,"random"
1588311,2006,"bcc06136",20000,305,7163,932.6,"random"
1588549,2006,"bcc06144",20000,305,7163,1004.6,"random"
1589828,2006,"bcc06029",20000,305,7620,1256.7,"random"
1590501,2006,"bcc06059",20000,305,7315,1160.4,"random"
1590529,2006,"bcc06059",20000,305,7468,1044.7,"random"
1590628,2006,"bcc06062",20000,305,6858,754.4,"random"
1590788,2006,"bcc06062",20000,305,6858,1109.8,"random"
1592163,2006,"bcc06117",20000,305,7925,1409.1,"random"
1592939,2006,"bcc06132",20000,305,7163,799.3,"random"
1593693,2007,"bcc07004",20000,153,4755,1712.3,"random"
1593874,2007,"bcc07004",20000,153,4753,1563.9,"random"
1594017,2007,"bcc07005",20000,153,4740,1860.1,"random"
1594079,2007,"bcc07005",20000,153,4591,1359.5,"random"
1595309,2007,"bcc07010",20000,153,3975,1184.9,"random"
1601138,2007,"bcc07047",20000,153,4663,1086.9,"random"
1601801,2007,"bcc07020",20000,153,4267,781.1,"random"
1602118,2007,"bcc07044",20000,153,4267,1217.2,"random"
1602424,2007,"bcc07046",20000,153,4267,964.9,"random"
1602475,2007,"bcc07046",20000,153,4267,863.4,"random"
1603172,2007,"bcc07050",20000,153,4267,1392.8,"random"
1603341,2007,"bcc07051",20000,153,4267,895.5,"random"
1603345,2007,"bcc07051",20000,153,4267,779.4,"random"
1603664,2007,"bcc07052",20000,153,4572,1194.4,"random"
1604923,2007,"bcc07063",20000,153,4420,873.1,"random"
1605296,2007,"bcc07065",20000,153,4267,1076.4,"random"
1605512,2007,"bcc07065",20000,153,4267,975.7,"random"
1607068,2007,"bcc07057",20000,153,3353,263.8,"random"
1607486,2007,"bcc07072",20000,153,3362,520.2,"random"
1607946,2007,"bcc07074",20000,153,3366,0.1,"random"
1608634,2007,"bcc07082",20000,153,3374,167.9,"random"
1609061,2006,"bcc06018",30000,153,6172,1088.7,"random"
1610065,2006,"bcc06071",30000,153,5386,727.5,"random"
1610368,2006,"bcc06072",30000,153,5699,835.2,"random"
1613750,2006,"bcc06025",20000,153,3556,378.5,"random"
1615155,2006,"bcc06125",20000,153,3562,402.2,"random"
1615525,2006,"bcc06128",20000,153,3534,447.7,"random"
1618121,2007,"bcc07078",20000,153,3459,8.8,"random"
1619490,2009,"bcc09001",7000,305,2139,1.3,"random"
1619524,2009,"bcc09001",7000,305,2134,0.3,"random"
1619545,2009,"bcc09001",7000,305,2139,1.2,"random"
1619907,2009,"bcc09002",7000,305,2112,0.2,"random"
1620110,2009,"bcc09003",7000,305,2211,-0.4,"random"
1620654,2009,"bcc09009",7000,305,3754,1837.1,"random"
1620798,2009,"bcc09010",7000,305,3268,640.5,"random"
1621255,2009,"bcc09011",7000,305,3240,847,"random"
1622073,2010,"bcc10003",20000,153,4724,1693.8,"random"
1622718,2010,"bcc10007",20000,153,4267,1346.9,"random"
1623401,2010,"bcc10010",20000,153,4176,971.7,"random"
1623769,2010,"bcc10011",20000,153,4115,1123.7,"random"
1624033,2010,"bcc10013",20000,153,4115,899.4,"random"
1624064,2010,"bcc10013",20000,153,4115,1226.6,"random"
1626719,2008,"bcc08005",20000,153,3495,647.3,"random"
1627129,2008,"bcc08007",20000,153,3524,724.1,"random"
1627140,2008,"bcc08007",20000,153,3521,596.5,"random"
1627618,2008,"bcc08009",20000,153,3828,259.2,"random"
1628777,2009,"bcc09005",14000,153,2546,16.9,"random"
1628797,2009,"bcc09005",14000,153,2545,691.6,"random"
1629696,2009,"bcc09014",14000,153,2316,163.2,"random"
1629735,2009,"bcc09014",14000,153,2315,64,"random"
1630657,2009,"bcc09019",14000,153,2469,212.2,"random"
2006930,2009,"bcc09028",20000,153,4114,1100.7,"random"
2025630,2006,"bcc06081",15000,305,5497,614.6,"random"
2026216,2006,"bcc06083",15000,305,6087,1662.5,"random"
2046943,2011,"bcc11102",20000,153,4232,881.7,"random"
2047510,2011,"bcc11104",20000,153,4523,1109.3,"random"
269057,1998,"bcb98013",40000,153,97924,1042.4,"upper_tail"
351094,1992,"bcb92006",5000,153,6300,1298.2,"upper_tail"
351095,1992,"bcb92006",5000,153,6300,1259.1,"upper_tail"
351096,1992,"bcb92006",5000,153,6300,1232.4,"upper_tail"
351097,1992,"bcb92006",5000,153,6300,1212,"upper_tail"
351098,1992,"bcb92006",5000,153,6300,1181.8,"upper_tail"
351099,1992,"bcb92006",5000,153,6300,1188.9,"upper_tail"
351100,1992,"bcb92006",5000,153,6300,1212,"upper_tail"
351101,1992,"bcb92006",5000,153,6300,1218.9,"upper_tail"
351102,1992,"bcb92006",5000,153,6300,1211.2,"upper_tail"
351103,1992,"bcb92006",5000,153,6300,1208.2,"upper_tail"
351104,1992,"bcb92006",5000,153,6300,1209.4,"upper_tail"
351105,1992,"bcb92006",5000,153,6300,1196.6,"upper_tail"
351106,1992,"bcb92006",5000,153,6300,1195.4,"upper_tail"
442885,2000,"bcc00085",15000,305,56390,679,"upper_tail"
442886,2000,"bcc00085",15000,305,56390,679.1,"upper_tail"
442887,2000,"bcc00085",15000,305,56390,683.4,"upper_tail"
442888,2000,"bcc00085",15000,305,56390,695.8,"upper_tail"
442889,2000,"bcc00085",15000,305,56390,711.3,"upper_tail"
442890,2000,"bcc00085",15000,305,56390,722.1,"upper_tail"
442891,2000,"bcc00085",15000,305,56390,719.9,"upper_tail"
442892,2000,"bcc00085",15000,305,56390,706.3,"upper_tail"
442893,2000,"bcc00085",15000,305,56390,688.8,"upper_tail"
442894,2000,"bcc00085",15000,305,56390,682.7,"upper_tail"
442895,2000,"bcc00085",15000,305,56390,687.1,"upper_tail"
442896,2000,"bcc00085",15000,305,56390,693.8,"upper_tail"
442897,2000,"bcc00085",15000,305,56390,727.1,"upper_tail"
442898,2000,"bcc00085",15000,305,56390,799.4,"upper_tail"
442899,2000,"bcc00085",15000,305,56390,822,"upper_tail"
442900,2000,"bcc00085",15000,305,56390,775.5,"upper_tail"
442901,2000,"bcc00085",15000,305,56390,778.9,"upper_tail"
442902,2000,"bcc00085",15000,305,56390,877,"upper_tail"
442903,2000,"bcc00085",15000,305,56390,987.6,"upper_tail"
442904,2000,"bcc00085",15000,305,56390,1070.5,"upper_tail"
442905,2000,"bcc00085",15000,305,56390,1193,"upper_tail"
442906,2000,"bcc00085",15000,305,54860,1243.7,"upper_tail"
442907,2000,"bcc00085",15000,305,54860,1208.8,"upper_tail"
442908,2000,"bcc00085",15000,305,54860,1156.5,"upper_tail"
442909,2000,"bcc00085",15000,305,54860,1103.3,"upper_tail"
442910,2000,"bcc00085",15000,305,54860,1020.3,"upper_tail"
442911,2000,"bcc00085",15000,305,54860,897.8,"upper_tail"
442912,2000,"bcc00085",15000,305,54860,777.6,"upper_tail"
442913,2000,"bcc00085",15000,305,54860,712.1,"upper_tail"
442914,2000,"bcc00085",15000,305,54860,689.1,"upper_tail"
442915,2000,"bcc00085",15000,305,54860,702.1,"upper_tail"
442916,2000,"bcc00085",15000,305,54860,738.5,"upper_tail"
442917,2000,"bcc00085",15000,305,54860,772.8,"upper_tail"
442918,2000,"bcc00085",15000,305,54860,785.5,"upper_tail"
442919,2000,"bcc00085",15000,305,54860,789,"upper_tail"
442920,2000,"bcc00085",15000,305,54860,786.5,"upper_tail"
442921,2000,"bcc00085",15000,305,54860,777.5,"upper_tail"
442922,2000,"bcc00085",15000,305,54860,773.7,"upper_tail"
442923,2000,"bcc00085",15000,305,54860,768.3,"upper_tail"
442924,2000,"bcc00085",15000,305,54860,756.5,"upper_tail"
442925,2000,"bcc00085",15000,305,54860,735.3,"upper_tail"
442926,2000,"bcc00085",15000,305,54860,710.6,"upper_tail"
442927,2000,"bcc00085",15000,305,54860,691.8,"upper_tail"
442928,2000,"bcc00085",15000,305,54860,681.7,"upper_tail"
442929,2000,"bcc00085",15000,305,54860,679.1,"upper_tail"
442930,2000,"bcc00085",15000,305,54860,737,"upper_tail"
442931,2000,"bcc00085",15000,305,54860,762.7,"upper_tail"
442932,2000,"bcc00085",15000,305,54860,780.2,"upper_tail"
442933,2000,"bcc00085",15000,305,54860,796.9,"upper_tail"
442934,2000,"bcc00085",15000,305,54860,806.1,"upper_tail"
442935,2000,"bcc00085",15000,305,54860,819.2,"upper_tail"
442936,2000,"bcc00085",15000,305,54860,865.6,"upper_tail"
442937,2000,"bcc00085",15000,305,54860,914.8,"upper_tail"
442938,2000,"bcc00085",15000,305,54860,956,"upper_tail"
442939,2000,"bcc00085",15000,305,54860,978.2,"upper_tail"
442940,2000,"bcc00085",15000,305,54860,970.1,"upper_tail"
442941,2000,"bcc00085",15000,305,54860,902.5,"upper_tail"
442942,2000,"bcc00085",15000,305,54860,818.2,"upper_tail"
442943,2000,"bcc00085",15000,305,54860,762.1,"upper_tail"
442944,2000,"bcc00085",15000,305,54860,737,"upper_tail"
442945,2000,"bcc00085",15000,305,54860,740,"upper_tail"
442946,2000,"bcc00085",15000,305,54860,778.4,"upper_tail"
442947,2000,"bcc00085",15000,305,54860,815.7,"upper_tail"
442948,2000,"bcc00085",15000,305,54860,842.7,"upper_tail"
442949,2000,"bcc00085",15000,305,54860,857.5,"upper_tail"
442950,2000,"bcc00085",15000,305,54860,885.3,"upper_tail"
442951,2000,"bcc00085",15000,305,54860,915.7,"upper_tail"
442952,2000,"bcc00085",15000,305,54860,928.6,"upper_tail"
442953,2000,"bcc00085",15000,305,54860,755.2,"upper_tail"
442954,2000,"bcc00085",15000,305,54860,756.3,"upper_tail"
442955,2000,"bcc00085",15000,305,54860,757.6,"upper_tail"
442956,2000,"bcc00085",15000,305,54860,753.9,"upper_tail"
442957,2000,"bcc00085",15000,305,54860,749.1,"upper_tail"
442958,2000,"bcc00085",15000,305,54860,744.1,"upper_tail"
442959,2000,"bcc00085",15000,305,54860,749.1,"upper_tail"
442960,2000,"bcc00085",15000,305,54860,757.1,"upper_tail"
442961,2000,"bcc00085",15000,305,54860,779.1,"upper_tail"
442962,2000,"bcc00085",15000,305,54860,810.7,"upper_tail"
442963,2000,"bcc00085",15000,305,54860,829.2,"upper_tail"
442964,2000,"bcc00085",15000,305,54860,844.2,"upper_tail"
442965,2000,"bcc00085",15000,305,54860,862.4,"upper_tail"
442966,2000,"bcc00085",15000,305,54860,887,"upper_tail"
442967,2000,"bcc00085",15000,305,54860,899.8,"upper_tail"
442968,2000,"bcc00085",15000,305,54860,893.2,"upper_tail"
442969,2000,"bcc00085",15000,305,54860,866.8,"upper_tail"
442970,2000,"bcc00085",15000,305,54860,851.1,"upper_tail"
442971,2000,"bcc00085",15000,305,54860,861,"upper_tail"
442972,2000,"bcc00085",15000,305,54860,860.6,"upper_tail"
442973,2000,"bcc00085",15000,305,54860,844.1,"upper_tail"
442974,2000,"bcc00085",15000,305,56390,885.3,"upper_tail"
442975,2000,"bcc00085",15000,305,56390,923.6,"upper_tail"
442976,2000,"bcc00085",15000,305,56390,961.6,"upper_tail"
442977,2000,"bcc00085",15000,305,56390,980.8,"upper_tail"
442978,2000,"bcc00085",15000,305,56390,990.9,"upper_tail"
442979,2000,"bcc00085",15000,305,56390,1011.8,"upper_tail"
442980,2000,"bcc00085",15000,305,56390,1042.7,"upper_tail"
442981,2000,"bcc00085",15000,305,56390,1042.3,"upper_tail"
442982,2000,"bcc00085",15000,305,56390,993.1,"upper_tail"
442983,2000,"bcc00085",15000,305,56390,930,"upper_tail"
442984,2000,"bcc00085",15000,305,56390,885,"upper_tail"
442985,2000,"bcc00085",15000,305,56390,854.5,"upper_tail"
442986,2000,"bcc00085",15000,305,56390,823.5,"upper_tail"
442987,2000,"bcc00085",15000,305,56390,800.7,"upper_tail"
442988,2000,"bcc00085",15000,305,56390,798,"upper_tail"
442989,2000,"bcc00085",15000,305,56390,797.1,"upper_tail"
442990,2000,"bcc00085",15000,305,56390,791.4,"upper_tail"
442991,2000,"bcc00085",15000,305,56390,808.5,"upper_tail"
442992,2000,"bcc00085",15000,305,56390,843.1,"upper_tail"
442993,2000,"bcc00085",15000,305,56390,882.5,"upper_tail"
442994,2000,"bcc00085",15000,305,56390,920.7,"upper_tail"
442995,2000,"bcc00085",15000,305,56390,950.2,"upper_tail"
442996,2000,"bcc00085",15000,305,56390,1132.1,"upper_tail"
442997,2000,"bcc00085",15000,305,56390,1065.3,"upper_tail"
442998,2000,"bcc00085",15000,305,56390,990.8,"upper_tail"
442999,2000,"bcc00085",15000,305,56390,907.7,"upper_tail"
443000,2000,"bcc00085",15000,305,56390,836.6,"upper_tail"
443001,2000,"bcc00085",15000,305,56390,815.3,"upper_tail"
443002,2000,"bcc00085",15000,305,56390,820.9,"upper_tail"
443003,2000,"bcc00085",15000,305,56390,821.7,"upper_tail"
443004,2000,"bcc00085",15000,305,56390,827.5,"upper_tail"
443005,2000,"bcc00085",15000,305,56390,859.5,"upper_tail"
443006,2000,"bcc00085",15000,305,56390,920.5,"upper_tail"
443007,2000,"bcc00085",15000,305,56390,1015,"upper_tail"
443008,2000,"bcc00085",15000,305,56390,1101.5,"upper_tail"
443009,2000,"bcc00085",15000,305,56390,1125.4,"upper_tail"
443010,2000,"bcc00085",15000,305,56390,1107.5,"upper_tail"
443011,2000,"bcc00085",15000,305,56390,1098.6,"upper_tail"
443012,2000,"bcc00085",15000,305,56390,1109.7,"upper_tail"
443013,2000,"bcc00085",15000,305,56390,1112.3,"upper_tail"
443014,2000,"bcc00085",15000,305,56390,1070.8,"upper_tail"
443015,2000,"bcc00085",15000,305,56390,1018.1,"upper_tail"
443016,2000,"bcc00085",15000,305,56390,971.4,"upper_tail"
443017,2000,"bcc00085",15000,305,56390,949.1,"upper_tail"
443018,2000,"bcc00085",15000,305,56390,945.1,"upper_tail"
443019,2000,"bcc00085",15000,305,56390,940.5,"upper_tail"
443020,2000,"bcc00085",15000,305,56390,982.4,"upper_tail"
443021,2000,"bcc00085",15000,305,56390,976.3,"upper_tail"
443022,2000,"bcc00085",15000,305,56390,965.1,"upper_tail"
443023,2000,"bcc00085",15000,305,56390,964,"upper_tail"
443024,2000,"bcc00085",15000,305,56390,971.3,"upper_tail"
443025,2000,"bcc00085",15000,305,56390,986.5,"upper_tail"
443026,2000,"bcc00085",15000,305,56390,990.4,"upper_tail"
443027,2000,"bcc00085",15000,305,56390,989.6,"upper_tail"
443028,2000,"bcc00085",15000,305,56390,1004,"upper_tail"
443029,2000,"bcc00085",15000,305,56390,1034.2,"upper_tail"
443030,2000,"bcc00085",15000,305,56390,1057.9,"upper_tail"
443031,2000,"bcc00085",15000,305,56390,1052.1,"upper_tail"
443032,2000,"bcc00085",15000,305,56390,1016.2,"upper_tail"
443033,2000,"bcc00085",15000,305,56390,967.3,"upper_tail"
443034,2000,"bcc00085",15000,305,56390,916.4,"upper_tail"
443035,2000,"bcc00085",15000,305,56390,881.1,"upper_tail"
443036,2000,"bcc00085",15000,305,56390,858.6,"upper_tail"
443037,2000,"bcc00085",15000,305,56390,842.1,"upper_tail"
443038,2000,"bcc00085",15000,305,56390,805.4,"upper_tail"
443039,2000,"bcc00085",15000,305,56390,766.5,"upper_tail"
443040,2000,"bcc00085",15000,305,56390,753.8,"upper_tail"
443041,2000,"bcc00085",15000,305,56390,781.3,"upper_tail"
443042,2000,"bcc00085",15000,305,56390,836.3,"upper_tail"
443043,2000,"bcc00085",15000,305,56390,886.9,"upper_tail"
443044,2000,"bcc00085",15000,305,57910,739.6,"upper_tail"
443045,2000,"bcc00085",15000,305,57910,744.5,"upper_tail"
443046,2000,"bcc00085",15000,305,57910,771.9,"upper_tail"
443047,2000,"bcc00085",15000,305,57910,777.1,"upper_tail"
443048,2000,"bcc00085",15000,305,57910,759,"upper_tail"
443049,2000,"bcc00085",15000,305,57910,780.7,"upper_tail"
443050,2000,"bcc00085",15000,305,57910,838.6,"upper_tail"
443051,2000,"bcc00085",15000,305,57910,887.2,"upper_tail"
443052,2000,"bcc00085",15000,305,57910,919.9,"upper_tail"
443053,2000,"bcc00085",15000,305,57910,953.2,"upper_tail"
443054,2000,"bcc00085",15000,305,57910,973.3,"upper_tail"
443055,2000,"bcc00085",15000,305,57910,983.9,"upper_tail"
443056,2000,"bcc00085",15000,305,57910,994.5,"upper_tail"
443057,2000,"bcc00085",15000,305,57910,1051.2,"upper_tail"
443058,2000,"bcc00085",15000,305,57910,1116.7,"upper_tail"
443059,2000,"bcc00085",15000,305,57910,1158.4,"upper_tail"
443060,2000,"bcc00085",15000,305,57910,1144,"upper_tail"
443061,2000,"bcc00085",15000,305,57910,1114.3,"upper_tail"
443062,2000,"bcc00085",15000,305,57910,1084.8,"upper_tail"
443063,2000,"bcc00085",15000,305,57910,1053.3,"upper_tail"
443064,2000,"bcc00085",15000,305,57910,1025.1,"upper_tail"
443065,2000,"bcc00085",15000,305,57910,998.6,"upper_tail"
443066,2000,"bcc00085",15000,305,57910,982.9,"upper_tail"
443067,2000,"bcc00085",15000,305,56390,1264.6,"upper_tail"
443068,2000,"bcc00085",15000,305,56390,1357.9,"upper_tail"
443069,2000,"bcc00085",15000,305,56390,1427.5,"upper_tail"
443070,2000,"bcc00085",15000,305,56390,1462.2,"upper_tail"
443071,2000,"bcc00085",15000,305,56390,1452,"upper_tail"
443072,2000,"bcc00085",15000,305,56390,1462.5,"upper_tail"
443073,2000,"bcc00085",15000,305,56390,1424.1,"upper_tail"
443074,2000,"bcc00085",15000,305,56390,1325.8,"upper_tail"
443075,2000,"bcc00085",15000,305,56390,1185.1,"upper_tail"
443076,2000,"bcc00085",15000,305,56390,1064.4,"upper_tail"
443077,2000,"bcc00085",15000,305,56390,972.9,"upper_tail"
443078,2000,"bcc00085",15000,305,56390,907,"upper_tail"
443079,2000,"bcc00085",15000,305,56390,855.5,"upper_tail"
443080,2000,"bcc00085",15000,305,56390,805.9,"upper_tail"
443081,2000,"bcc00085",15000,305,56390,786.2,"upper_tail"
443082,2000,"bcc00085",15000,305,56390,823.5,"upper_tail"
443083,2000,"bcc00085",15000,305,56390,896.3,"upper_tail"
443084,2000,"bcc00085",15000,305,56390,973.7,"upper_tail"
443085,2000,"bcc00085",15000,305,56390,976.2,"upper_tail"
443086,2000,"bcc00085",15000,305,56390,942.3,"upper_tail"
443087,2000,"bcc00085",15000,305,56390,1070.8,"upper_tail"
443088,2000,"bcc00085",15000,305,56390,1020.7,"upper_tail"
443089,2000,"bcc00085",15000,305,56390,925,"upper_tail"
443090,2000,"bcc00085",15000,305,56390,837.3,"upper_tail"
443091,2000,"bcc00085",15000,305,56390,793.9,"upper_tail"
443092,2000,"bcc00085",15000,305,56390,813.2,"upper_tail"
443093,2000,"bcc00085",15000,305,56390,895.8,"upper_tail"
443094,2000,"bcc00085",15000,305,56390,1022.3,"upper_tail"
443095,2000,"bcc00085",15000,305,56390,1181.9,"upper_tail"
443096,2000,"bcc00085",15000,305,56390,1280.7,"upper_tail"
443097,2000,"bcc00085",15000,305,56390,1331.7,"upper_tail"
443098,2000,"bcc00085",15000,305,56390,1396.6,"upper_tail"
443099,2000,"bcc00085",15000,305,56390,1488.6,"upper_tail"
443100,2000,"bcc00085",15000,305,56390,1547.9,"upper_tail"
443101,2000,"bcc00085",15000,305,56390,1500.7,"upper_tail"
443102,2000,"bcc00085",15000,305,56390,1430,"upper_tail"
443103,2000,"bcc00085",15000,305,57910,1322.8,"upper_tail"
443104,2000,"bcc00085",15000,305,57910,1287.8,"upper_tail"
443105,2000,"bcc00085",15000,305,57910,1204.8,"upper_tail"
443106,2000,"bcc00085",15000,305,57910,1079.3,"upper_tail"
443107,2000,"bcc00085",15000,305,57910,960.5,"upper_tail"
443108,2000,"bcc00085",15000,305,57910,876.3,"upper_tail"
443109,2000,"bcc00085",15000,305,57910,821.1,"upper_tail"
443110,2000,"bcc00085",15000,305,57910,841.3,"upper_tail"
443111,2000,"bcc00085",15000,305,57910,901.1,"upper_tail"
443112,2000,"bcc00085",15000,305,57910,960.9,"upper_tail"
443113,2000,"bcc00085",15000,305,57910,1018.4,"upper_tail"
443114,2000,"bcc00085",15000,305,57910,1136.1,"upper_tail"
443115,2000,"bcc00085",15000,305,57910,1026.9,"upper_tail"
443116,2000,"bcc00085",15000,305,57910,912.7,"upper_tail"
443117,2000,"bcc00085",15000,305,57910,857.2,"upper_tail"
443118,2000,"bcc00085",15000,305,57910,887,"upper_tail"
443119,2000,"bcc00085",15000,305,57910,979.9,"upper_tail"
443120,2000,"bcc00085",15000,305,57910,1062.9,"upper_tail"
598803,1991,"bcb91010",5000,153,3048,1083.2,"upper_tail"
598804,1991,"bcb91010",5000,153,3048,1087.3,"upper_tail"
598805,1991,"bcb91010",5000,153,3048,1092.4,"upper_tail"
598806,1991,"bcb91010",5000,153,2896,1095.5,"upper_tail"
598807,1991,"bcb91010",5000,153,2896,1094.6,"upper_tail"
651475,2003,"bcc03006",35000,153,72032,1231.6,"upper_tail"
651476,2003,"bcc03006",35000,153,72037,1070,"upper_tail"
651477,2003,"bcc03006",35000,153,72039,901.6,"upper_tail"
651478,2003,"bcc03006",35000,153,72031,861.3,"upper_tail"
651479,2003,"bcc03006",35000,153,72035,844,"upper_tail"
651480,2003,"bcc03006",35000,153,72031,740.9,"upper_tail"
651481,2003,"bcc03006",35000,153,72039,602.6,"upper_tail"
651482,2003,"bcc03006",35000,153,72034,542.7,"upper_tail"
651483,2003,"bcc03006",35000,153,72030,642.4,"upper_tail"
651484,2003,"bcc03006",35000,153,72033,800.9,"upper_tail"
651485,2003,"bcc03006",35000,153,72030,914.1,"upper_tail"
651486,2003,"bcc03006",35000,153,72037,949.7,"upper_tail"
651487,2003,"bcc03006",35000,153,72037,1055.1,"upper_tail"
651488,2003,"bcc03006",35000,153,72034,1214.5,"upper_tail"
651489,2003,"bcc03006",35000,153,72039,1380.3,"upper_tail"
651490,2003,"bcc03006",35000,153,72036,1446.2,"upper_tail"
651491,2003,"bcc03006",35000,153,72036,1356,"upper_tail"
651492,2003,"bcc03006",35000,153,72032,1207.9,"upper_tail"
651493,2003,"bcc03006",35000,153,72039,1080.7,"upper_tail"
651494,2003,"bcc03006",35000,153,72030,1266.8,"upper_tail"
651495,2003,"bcc03006",35000,153,72034,1418.8,"upper_tail"
651496,2003,"bcc03006",35000,153,72037,1420.9,"upper_tail"
651497,2003,"bcc03006",35000,153,72035,1364.5,"upper_tail"
651498,2003,"bcc03006",35000,153,72030,1321.7,"upper_tail"
651499,2003,"bcc03006",35000,153,72033,1056.1,"upper_tail"
651500,2003,"bcc03006",35000,153,72036,1035.5,"upper_tail"
651501,2003,"bcc03006",35000,153,72035,1304.7,"upper_tail"
651502,2003,"bcc03006",35000,153,76603,1376.2,"upper_tail"
651503,2003,"bcc03006",35000,153,76604,1002.9,"upper_tail"
651504,2003,"bcc03006",35000,153,76607,902.2,"upper_tail"
651505,2003,"bcc03006",35000,153,76602,945.7,"upper_tail"
651506,2003,"bcc03006",35000,153,76604,998.2,"upper_tail"
651507,2003,"bcc03006",35000,153,76603,1054.3,"upper_tail"
651508,2003,"bcc03006",35000,153,76603,1087.5,"upper_tail"
651509,2003,"bcc03006",35000,153,76604,1039.8,"upper_tail"
651510,2003,"bcc03006",35000,153,76602,981.1,"upper_tail"
651511,2003,"bcc03006",35000,153,76601,1055.3,"upper_tail"
651512,2003,"bcc03006",35000,153,76608,1093.2,"upper_tail"
651513,2003,"bcc03006",35000,153,76609,1066.1,"upper_tail"
651514,2003,"bcc03006",35000,153,76605,1029.3,"upper_tail"
651515,2003,"bcc03006",35000,153,76600,1105.4,"upper_tail"
651516,2003,"bcc03006",35000,153,76607,1298.4,"upper_tail"
651517,2003,"bcc03006",35000,153,76606,1383.8,"upper_tail"
651518,2003,"bcc03006",35000,153,76606,1120.8,"upper_tail"
651519,2003,"bcc03006",35000,153,76609,751.7,"upper_tail"
651520,2003,"bcc03006",35000,153,76606,560.3,"upper_tail"
651521,2003,"bcc03006",35000,153,76605,570.7,"upper_tail"
651522,2003,"bcc03006",35000,153,76605,679.2,"upper_tail"
651523,2003,"bcc03006",35000,153,76604,789.9,"upper_tail"
651524,2003,"bcc03006",35000,153,76609,858.4,"upper_tail"
651525,2003,"bcc03006",35000,153,76602,961,"upper_tail"
651526,2003,"bcc03006",35000,153,76608,1045.1,"upper_tail"
651527,2003,"bcc03006",35000,153,76608,1169.7,"upper_tail"
651528,2003,"bcc03006",35000,153,76605,1310.6,"upper_tail"
651529,2003,"bcc03006",35000,153,76680,1293.4,"upper_tail"
651530,2003,"bcc03006",35000,153,76683,1347.7,"upper_tail"
651531,2003,"bcc03006",35000,153,76681,1434.8,"upper_tail"
651532,2003,"bcc03006",35000,153,76680,1317,"upper_tail"
651533,2003,"bcc03006",35000,153,76684,1062.1,"upper_tail"
651534,2003,"bcc03006",35000,153,76689,875.6,"upper_tail"
651535,2003,"bcc03006",35000,153,76682,755.7,"upper_tail"
651536,2003,"bcc03006",35000,153,76688,632,"upper_tail"
651537,2003,"bcc03006",35000,153,76685,541.6,"upper_tail"
651538,2003,"bcc03006",35000,153,76684,557.7,"upper_tail"
651539,2003,"bcc03006",35000,153,76686,870.4,"upper_tail"
651540,2003,"bcc03006",35000,153,76680,1362.5,"upper_tail"
651541,2003,"bcc03006",35000,153,76689,1613.1,"upper_tail"
651542,2003,"bcc03006",35000,153,76682,1557.2,"upper_tail"
651543,2003,"bcc03006",35000,153,76682,1322.1,"upper_tail"
651544,2003,"bcc03006",35000,153,76689,1130.7,"upper_tail"
651545,2003,"bcc03006",35000,153,76686,1036.3,"upper_tail"
651546,2003,"bcc03006",35000,153,76682,1033.6,"upper_tail"
651547,2003,"bcc03006",35000,153,76688,1013.9,"upper_tail"
651548,2003,"bcc03006",35000,153,76680,980.1,"upper_tail"
651549,2003,"bcc03006",35000,153,76680,988.5,"upper_tail"
651550,2003,"bcc03006",35000,153,76687,1075.7,"upper_tail"
651551,2003,"bcc03006",35000,153,76684,1105.5,"upper_tail"
651552,2003,"bcc03006",35000,153,76686,1058.1,"upper_tail"
651553,2003,"bcc03006",35000,153,76681,988.8,"upper_tail"
651554,2003,"bcc03006",35000,153,76688,1011.6,"upper_tail"
651555,2003,"bcc03006",35000,153,76688,1161.5,"upper_tail"
651556,2003,"bcc03006",35000,153,76687,1335.1,"upper_tail"
651557,2003,"bcc03006",35000,153,76689,1322.3,"upper_tail"
651558,2003,"bcc03006",35000,153,76683,1046.9,"upper_tail"
651559,2003,"bcc03006",35000,153,76687,703.4,"upper_tail"
651560,2003,"bcc03006",35000,153,75118,964.5,"upper_tail"
651561,2003,"bcc03006",35000,153,75115,1206.5,"upper_tail"
651562,2003,"bcc03006",35000,153,75118,1249.3,"upper_tail"
651563,2003,"bcc03006",35000,153,75111,1210.1,"upper_tail"
651564,2003,"bcc03006",35000,153,75117,1164.5,"upper_tail"
651565,2003,"bcc03006",35000,153,75115,1162.1,"upper_tail"
651566,2003,"bcc03006",35000,153,75112,1337,"upper_tail"
651567,2003,"bcc03006",35000,153,75117,1434.9,"upper_tail"
651568,2003,"bcc03006",35000,153,75111,1354.6,"upper_tail"
651569,2003,"bcc03006",35000,153,75110,1176.9,"upper_tail"
651570,2003,"bcc03006",35000,153,75114,1113.4,"upper_tail"
651571,2003,"bcc03006",35000,153,75118,1119.5,"upper_tail"
651572,2003,"bcc03006",35000,153,75110,1086.3,"upper_tail"
651573,2003,"bcc03006",35000,153,75113,1070.8,"upper_tail"
651574,2003,"bcc03006",35000,153,75117,1096.9,"upper_tail"
651575,2003,"bcc03006",35000,153,75115,1146.4,"upper_tail"
651576,2003,"bcc03006",35000,153,75113,1247.5,"upper_tail"
651577,2003,"bcc03006",35000,153,75116,1333.5,"upper_tail"
651578,2003,"bcc03006",35000,153,75114,1167,"upper_tail"
651579,2003,"bcc03006",35000,153,75114,810.7,"upper_tail"
651580,2003,"bcc03006",35000,153,75115,561.1,"upper_tail"
651581,2003,"bcc03006",35000,153,75113,534.4,"upper_tail"
651582,2003,"bcc03006",35000,153,75112,683.7,"upper_tail"
651583,2003,"bcc03006",35000,153,75114,915.5,"upper_tail"
651584,2003,"bcc03006",35000,153,75117,1068.3,"upper_tail"
651585,2003,"bcc03006",35000,153,75112,1175.8,"upper_tail"
651586,2003,"bcc03006",35000,153,75116,1366.3,"upper_tail"
651587,2003,"bcc03006",35000,153,75116,1606.8,"upper_tail"
651588,2003,"bcc03006",35000,153,75112,1665.1,"upper_tail"
651589,2003,"bcc03006",35000,153,75114,1561.8,"upper_tail"
651590,2003,"bcc03006",35000,153,75113,1280.1,"upper_tail"
651591,2003,"bcc03006",35000,153,75228,1038.7,"upper_tail"
651592,2003,"bcc03006",35000,153,75227,1089,"upper_tail"
651593,2003,"bcc03006",35000,153,75228,1060.3,"upper_tail"
651594,2003,"bcc03006",35000,153,75223,981.6,"upper_tail"
651595,2003,"bcc03006",35000,153,75223,909.6,"upper_tail"
651596,2003,"bcc03006",35000,153,75220,889.4,"upper_tail"
651597,2003,"bcc03006",35000,153,75229,870.1,"upper_tail"
651598,2003,"bcc03006",35000,153,75224,934.2,"upper_tail"
651599,2003,"bcc03006",35000,153,75228,1147.4,"upper_tail"
651600,2003,"bcc03006",35000,153,75222,1443.7,"upper_tail"
651601,2003,"bcc03006",35000,153,75228,1644.6,"upper_tail"
651602,2003,"bcc03006",35000,153,75227,1720.1,"upper_tail"
651603,2003,"bcc03006",35000,153,75221,1552,"upper_tail"
651604,2003,"bcc03006",35000,153,75221,1328.4,"upper_tail"
651605,2003,"bcc03006",35000,153,75224,1146.8,"upper_tail"
651606,2003,"bcc03006",35000,153,75227,1028.9,"upper_tail"
651607,2003,"bcc03006",35000,153,75222,850.4,"upper_tail"
651608,2003,"bcc03006",35000,153,75223,635.3,"upper_tail"
651609,2003,"bcc03006",35000,153,75223,506.7,"upper_tail"
651610,2003,"bcc03006",35000,153,75221,526.4,"upper_tail"
651611,2003,"bcc03006",35000,153,75220,649.3,"upper_tail"
651612,2003,"bcc03006",35000,153,75222,764.3,"upper_tail"
651613,2003,"bcc03006",35000,153,75221,804.8,"upper_tail"
651614,2003,"bcc03006",35000,153,75220,816.4,"upper_tail"
651615,2003,"bcc03006",35000,153,75228,805.2,"upper_tail"
651616,2003,"bcc03006",35000,153,75228,828.6,"upper_tail"
651617,2003,"bcc03006",35000,153,75221,944.6,"upper_tail"
651618,2003,"bcc03006",35000,153,75222,1064.1,"upper_tail"
651619,2003,"bcc03006",35000,153,75226,1031.5,"upper_tail"
651620,2003,"bcc03006",35000,153,75223,1095.6,"upper_tail"
651621,2003,"bcc03006",35000,153,75224,1290.4,"upper_tail"
651622,2003,"bcc03006",35000,153,75034,1007.2,"upper_tail"
651623,2003,"bcc03006",35000,153,75037,1115.3,"upper_tail"
651624,2003,"bcc03006",35000,153,75033,1100.1,"upper_tail"
651625,2003,"bcc03006",35000,153,75031,1031.1,"upper_tail"
651626,2003,"bcc03006",35000,153,75036,969.1,"upper_tail"
651627,2003,"bcc03006",35000,153,75030,946,"upper_tail"
651628,2003,"bcc03006",35000,153,75037,893.9,"upper_tail"
651629,2003,"bcc03006",35000,153,75030,865.7,"upper_tail"
651630,2003,"bcc03006",35000,153,75033,936.6,"upper_tail"
651631,2003,"bcc03006",35000,153,75032,1083.1,"upper_tail"
651632,2003,"bcc03006",35000,153,75030,1294.7,"upper_tail"
651633,2003,"bcc03006",35000,153,75036,1497.5,"upper_tail"
651634,2003,"bcc03006",35000,153,75030,1510.2,"upper_tail"
651635,2003,"bcc03006",35000,153,75032,1409.8,"upper_tail"
651636,2003,"bcc03006",35000,153,75034,1278.9,"upper_tail"
651637,2003,"bcc03006",35000,153,75033,1186.1,"upper_tail"
651638,2003,"bcc03006",35000,153,75034,1059.6,"upper_tail"
651639,2003,"bcc03006",35000,153,75037,856.7,"upper_tail"
651640,2003,"bcc03006",35000,153,75034,626.6,"upper_tail"
651641,2003,"bcc03006",35000,153,75031,489.4,"upper_tail"
651642,2003,"bcc03006",35000,153,75037,566.6,"upper_tail"
651643,2003,"bcc03006",35000,153,75033,765.1,"upper_tail"
651644,2003,"bcc03006",35000,153,75032,977.6,"upper_tail"
651645,2003,"bcc03006",35000,153,75031,1103.9,"upper_tail"
651646,2003,"bcc03006",35000,153,75039,1150.5,"upper_tail"
651647,2003,"bcc03006",35000,153,75039,1099.7,"upper_tail"
651648,2003,"bcc03006",35000,153,75030,939,"upper_tail"
651649,2003,"bcc03006",35000,153,75038,794.6,"upper_tail"
651650,2003,"bcc03006",35000,153,75038,758.1,"upper_tail"
651651,2003,"bcc03006",35000,153,75030,912.2,"upper_tail"
651652,2003,"bcc03006",35000,153,75030,1015,"upper_tail"
651653,2003,"bcc03007",35000,153,73332,1155.5,"upper_tail"
651654,2003,"bcc03007",35000,153,73337,1398.2,"upper_tail"
651655,2003,"bcc03007",35000,153,73334,1409.5,"upper_tail"
651656,2003,"bcc03007",35000,153,73334,1247.4,"upper_tail"
651657,2003,"bcc03007",35000,153,73333,1021.8,"upper_tail"
651658,2003,"bcc03007",35000,153,73331,734.8,"upper_tail"
651659,2003,"bcc03007",35000,153,73339,525.8,"upper_tail"
651660,2003,"bcc03007",35000,153,73330,535.7,"upper_tail"
651661,2003,"bcc03007",35000,153,73331,781.2,"upper_tail"
651662,2003,"bcc03007",35000,153,73332,1050.9,"upper_tail"
651663,2003,"bcc03007",35000,153,73335,1244.8,"upper_tail"
651664,2003,"bcc03007",35000,153,73333,1362.8,"upper_tail"
651665,2003,"bcc03007",35000,153,73339,1356.3,"upper_tail"
651666,2003,"bcc03007",35000,153,73336,1367,"upper_tail"
651667,2003,"bcc03007",35000,153,73334,1328.2,"upper_tail"
651668,2003,"bcc03007",35000,153,73335,1257.6,"upper_tail"
651669,2003,"bcc03007",35000,153,73332,1073,"upper_tail"
651670,2003,"bcc03007",35000,153,73330,946.9,"upper_tail"
651671,2003,"bcc03007",35000,153,73334,869.1,"upper_tail"
651672,2003,"bcc03007",35000,153,73335,857,"upper_tail"
651673,2003,"bcc03007",35000,153,73335,898.1,"upper_tail"
651674,2003,"bcc03007",35000,153,73332,932.3,"upper_tail"
651675,2003,"bcc03007",35000,153,73334,914.7,"upper_tail"
651676,2003,"bcc03007",35000,153,73332,873.9,"upper_tail"
651677,2003,"bcc03007",35000,153,73330,843.9,"upper_tail"
651678,2003,"bcc03007",35000,153,73332,832.4,"upper_tail"
651679,2003,"bcc03007",35000,153,73333,799.1,"upper_tail"
651680,2003,"bcc03007",35000,153,74946,922.6,"upper_tail"
651681,2003,"bcc03007",35000,153,74946,965.6,"upper_tail"
651682,2003,"bcc03007",35000,153,74949,905.7,"upper_tail"
651683,2003,"bcc03007",35000,153,74945,830.1,"upper_tail"
651684,2003,"bcc03007",35000,153,74941,804.1,"upper_tail"
651685,2003,"bcc03007",35000,153,74949,839.5,"upper_tail"
651686,2003,"bcc03007",35000,153,74947,877.9,"upper_tail"
651687,2003,"bcc03007",35000,153,74946,885.1,"upper_tail"
651688,2003,"bcc03007",35000,153,74946,852.8,"upper_tail"
651689,2003,"bcc03007",35000,153,74942,885.4,"upper_tail"
651690,2003,"bcc03007",35000,153,74941,966.7,"upper_tail"
651691,2003,"bcc03007",35000,153,74945,1114.3,"upper_tail"
651692,2003,"bcc03007",35000,153,74947,1289.1,"upper_tail"
651693,2003,"bcc03007",35000,153,74941,1367.8,"upper_tail"
651694,2003,"bcc03007",35000,153,74943,1328.1,"upper_tail"
651695,2003,"bcc03007",35000,153,74941,1263.4,"upper_tail"
651696,2003,"bcc03007",35000,153,74945,1227.1,"upper_tail"
651697,2003,"bcc03007",35000,153,74948,1118.6,"upper_tail"
651698,2003,"bcc03007",35000,153,74947,859.4,"upper_tail"
651699,2003,"bcc03007",35000,153,74940,575.7,"upper_tail"
651700,2003,"bcc03007",35000,153,74948,525.9,"upper_tail"
651701,2003,"bcc03007",35000,153,74944,822.1,"upper_tail"
651702,2003,"bcc03007",35000,153,74944,1172.6,"upper_tail"
651703,2003,"bcc03007",35000,153,74944,1405.6,"upper_tail"
651704,2003,"bcc03007",35000,153,74940,1563.1,"upper_tail"
651705,2003,"bcc03007",35000,153,74949,1548.5,"upper_tail"
651706,2003,"bcc03007",35000,153,74948,1271.6,"upper_tail"
651707,2003,"bcc03007",35000,153,73218,1297.1,"upper_tail"
651708,2003,"bcc03007",35000,153,73212,1549.3,"upper_tail"
651709,2003,"bcc03007",35000,153,73213,1555.5,"upper_tail"
651710,2003,"bcc03007",35000,153,73212,1314,"upper_tail"
651711,2003,"bcc03007",35000,153,73210,994.7,"upper_tail"
651712,2003,"bcc03007",35000,153,73210,657.5,"upper_tail"
651713,2003,"bcc03007",35000,153,73218,550.4,"upper_tail"
651714,2003,"bcc03007",35000,153,73219,911,"upper_tail"
651715,2003,"bcc03007",35000,153,73215,1238.4,"upper_tail"
651716,2003,"bcc03007",35000,153,73210,1288.6,"upper_tail"
651717,2003,"bcc03007",35000,153,73218,1276.6,"upper_tail"
651718,2003,"bcc03007",35000,153,73210,1238.6,"upper_tail"
651719,2003,"bcc03007",35000,153,73216,1166.1,"upper_tail"
651720,2003,"bcc03007",35000,153,73210,1092.7,"upper_tail"
651721,2003,"bcc03007",35000,153,73216,1065.1,"upper_tail"
651722,2003,"bcc03007",35000,153,73212,959.8,"upper_tail"
651723,2003,"bcc03007",35000,153,73212,879,"upper_tail"
651724,2003,"bcc03007",35000,153,73217,889.9,"upper_tail"
651725,2003,"bcc03007",35000,153,73210,918.4,"upper_tail"
651726,2003,"bcc03007",35000,153,73218,936,"upper_tail"
651727,2003,"bcc03007",35000,153,73219,882.5,"upper_tail"
651728,2003,"bcc03007",35000,153,73212,830.4,"upper_tail"
651729,2003,"bcc03007",35000,153,73210,845.7,"upper_tail"
651730,2003,"bcc03007",35000,153,73318,845,"upper_tail"
651731,2003,"bcc03007",35000,153,73310,802.1,"upper_tail"
651732,2003,"bcc03007",35000,153,73318,892.9,"upper_tail"
651733,2003,"bcc03007",35000,153,73317,1051.8,"upper_tail"
651734,2003,"bcc03007",35000,153,73311,1129.1,"upper_tail"
651735,2003,"bcc03007",35000,153,73313,1107.2,"upper_tail"
651736,2003,"bcc03007",35000,153,73318,982.1,"upper_tail"
651737,2003,"bcc03007",35000,153,73315,927.5,"upper_tail"
651738,2003,"bcc03007",35000,153,73312,949.6,"upper_tail"
651739,2003,"bcc03007",35000,153,73314,987.3,"upper_tail"
651740,2003,"bcc03007",35000,153,73317,1117.2,"upper_tail"
651741,2003,"bcc03007",35000,153,73315,1334.6,"upper_tail"
651742,2003,"bcc03007",35000,153,73319,1524.2,"upper_tail"
651743,2003,"bcc03007",35000,153,73313,1598.4,"upper_tail"
651744,2003,"bcc03007",35000,153,73318,1544.4,"upper_tail"
651745,2003,"bcc03007",35000,153,73316,1128.1,"upper_tail"
651746,2003,"bcc03007",35000,153,73310,646.3,"upper_tail"
651747,2003,"bcc03007",35000,153,73312,590.9,"upper_tail"
651748,2003,"bcc03007",35000,153,73317,875.7,"upper_tail"
651749,2003,"bcc03007",35000,153,73310,1158.7,"upper_tail"
651750,2003,"bcc03007",35000,153,73317,1423.1,"upper_tail"
651751,2003,"bcc03007",35000,153,73319,1470.6,"upper_tail"
651752,2003,"bcc03007",35000,153,73316,1138.3,"upper_tail"
651753,2003,"bcc03007",35000,153,73199,1513.1,"upper_tail"
651754,2003,"bcc03007",35000,153,73195,1457.7,"upper_tail"
651755,2003,"bcc03007",35000,153,73199,1223,"upper_tail"
651756,2003,"bcc03007",35000,153,73196,943.7,"upper_tail"
651757,2003,"bcc03007",35000,153,73194,905.7,"upper_tail"
651758,2003,"bcc03007",35000,153,73195,906.8,"upper_tail"
651759,2003,"bcc03007",35000,153,73197,986.4,"upper_tail"
651760,2003,"bcc03007",35000,153,73191,1215.1,"upper_tail"
651761,2003,"bcc03007",35000,153,73190,1397,"upper_tail"
651762,2003,"bcc03007",35000,153,73195,1426.1,"upper_tail"
651763,2003,"bcc03007",35000,153,73198,1248.7,"upper_tail"
651764,2003,"bcc03007",35000,153,73190,1065.4,"upper_tail"
651765,2003,"bcc03007",35000,153,73191,898.9,"upper_tail"
651766,2003,"bcc03007",35000,153,73198,804,"upper_tail"
651767,2003,"bcc03007",35000,153,73190,837.9,"upper_tail"
651768,2003,"bcc03007",35000,153,73137,827,"upper_tail"
651769,2003,"bcc03007",35000,153,73136,796,"upper_tail"
651770,2003,"bcc03007",35000,153,73134,845.4,"upper_tail"
651771,2003,"bcc03007",35000,153,73134,1023.5,"upper_tail"
651772,2003,"bcc03007",35000,153,73133,1231.5,"upper_tail"
651773,2003,"bcc03007",35000,153,73136,1386.9,"upper_tail"
651774,2003,"bcc03007",35000,153,73138,1452.2,"upper_tail"
651775,2003,"bcc03007",35000,153,73138,1546.7,"upper_tail"
651776,2003,"bcc03007",35000,153,73134,1514.2,"upper_tail"
651777,2003,"bcc03007",35000,153,73131,1370.1,"upper_tail"
651778,2003,"bcc03007",35000,153,73134,1141.1,"upper_tail"
651779,2003,"bcc03007",35000,153,73137,897.7,"upper_tail"
651780,2003,"bcc03007",35000,153,73133,804.3,"upper_tail"
651781,2003,"bcc03007",35000,153,73139,824.5,"upper_tail"
651782,2003,"bcc03007",35000,153,73131,829,"upper_tail"
651783,2003,"bcc03007",35000,153,72992,1164.4,"upper_tail"
651784,2003,"bcc03007",35000,153,72997,1263.2,"upper_tail"
651785,2003,"bcc03007",35000,153,72991,1357.3,"upper_tail"
651786,2003,"bcc03007",35000,153,72992,1352.9,"upper_tail"
651787,2003,"bcc03007",35000,153,72991,1346.8,"upper_tail"
651788,2003,"bcc03007",35000,153,72998,1271.6,"upper_tail"
651789,2003,"bcc03007",35000,153,72991,1102.5,"upper_tail"
651790,2003,"bcc03007",35000,153,72992,884.9,"upper_tail"
651791,2003,"bcc03007",35000,153,72997,791,"upper_tail"
651792,2003,"bcc03007",35000,153,72994,792,"upper_tail"
651793,2003,"bcc03007",35000,153,72999,828.2,"upper_tail"
651794,2003,"bcc03007",35000,153,73136,832.6,"upper_tail"
651795,2003,"bcc03007",35000,153,73135,807.1,"upper_tail"
651796,2003,"bcc03007",35000,153,73136,781.9,"upper_tail"
651797,2003,"bcc03007",35000,153,73138,830.1,"upper_tail"
651798,2003,"bcc03007",35000,153,73130,1026.8,"upper_tail"
651799,2003,"bcc03007",35000,153,73134,1295.9,"upper_tail"
651800,2003,"bcc03007",35000,153,73134,1472.6,"upper_tail"
651801,2003,"bcc03007",35000,153,73134,1477,"upper_tail"
651802,2003,"bcc03007",35000,153,73139,1425.5,"upper_tail"
651803,2003,"bcc03007",35000,153,73138,1462.5,"upper_tail"
651804,2003,"bcc03007",35000,153,73134,1548.9,"upper_tail"
651805,2003,"bcc03007",35000,153,72833,1290.8,"upper_tail"
651806,2003,"bcc03007",35000,153,72832,1216.1,"upper_tail"
651807,2003,"bcc03007",35000,153,72830,1277,"upper_tail"
651808,2003,"bcc03007",35000,153,72832,1405.9,"upper_tail"
651809,2003,"bcc03007",35000,153,72835,1408.8,"upper_tail"
651810,2003,"bcc03007",35000,153,72831,1299.2,"upper_tail"
651811,2003,"bcc03007",35000,153,72835,1181.9,"upper_tail"
651812,2003,"bcc03007",35000,153,72835,1174.6,"upper_tail"
651813,2003,"bcc03007",35000,153,72831,1105.6,"upper_tail"
651814,2003,"bcc03007",35000,153,72836,981,"upper_tail"
651815,2003,"bcc03007",35000,153,72836,844.8,"upper_tail"
651816,2003,"bcc03007",35000,153,72838,781.6,"upper_tail"
651817,2003,"bcc03007",35000,153,72838,787,"upper_tail"
651818,2003,"bcc03007",35000,153,72834,820.8,"upper_tail"
651819,2003,"bcc03007",35000,153,72839,843,"upper_tail"
651820,2003,"bcc03007",35000,153,70049,893.4,"upper_tail"
651821,2003,"bcc03007",35000,153,70045,846.9,"upper_tail"
651822,2003,"bcc03007",35000,153,70049,808.7,"upper_tail"
651823,2003,"bcc03007",35000,153,70046,784.5,"upper_tail"
651824,2003,"bcc03007",35000,153,70046,812.3,"upper_tail"
651825,2003,"bcc03007",35000,153,70043,885.8,"upper_tail"
651826,2003,"bcc03007",35000,153,70045,936.1,"upper_tail"
651827,2003,"bcc03007",35000,153,70049,943.3,"upper_tail"
651828,2003,"bcc03007",35000,153,70042,945.3,"upper_tail"
651829,2003,"bcc03007",35000,153,70045,962.4,"upper_tail"
651830,2003,"bcc03007",35000,153,70040,999.7,"upper_tail"
651831,2003,"bcc03007",35000,153,70048,1020,"upper_tail"
651832,2003,"bcc03007",35000,153,69753,1033.2,"upper_tail"
651833,2003,"bcc03007",35000,153,69756,916,"upper_tail"
651834,2003,"bcc03007",35000,153,69757,853.8,"upper_tail"
651835,2003,"bcc03007",35000,153,69755,807.5,"upper_tail"
651836,2003,"bcc03007",35000,153,69755,797.3,"upper_tail"
651837,2003,"bcc03007",35000,153,69753,887.1,"upper_tail"
651838,2003,"bcc03007",35000,153,69757,1039,"upper_tail"
651839,2003,"bcc03007",35000,153,69754,1120.5,"upper_tail"
651840,2003,"bcc03007",35000,153,69753,1131.8,"upper_tail"
651841,2003,"bcc03007",35000,153,69757,1110.2,"upper_tail"
651842,2003,"bcc03007",35000,153,69756,1060.2,"upper_tail"
651843,2003,"bcc03007",35000,153,69756,1010.2,"upper_tail"
651844,2003,"bcc03007",35000,153,69758,989,"upper_tail"
651845,2003,"bcc03007",35000,153,69753,1073,"upper_tail"
651846,2003,"bcc03007",35000,153,69751,1230.2,"upper_tail"
651847,2003,"bcc03007",35000,153,69969,1295.3,"upper_tail"
651848,2003,"bcc03007",35000,153,69964,1191.9,"upper_tail"
651849,2003,"bcc03007",35000,153,69963,1075.1,"upper_tail"
651850,2003,"bcc03007",35000,153,69967,1019.8,"upper_tail"
651851,2003,"bcc03007",35000,153,69964,999.2,"upper_tail"
651852,2003,"bcc03007",35000,153,69962,961.8,"upper_tail"
651853,2003,"bcc03007",35000,153,69967,945.3,"upper_tail"
651854,2003,"bcc03007",35000,153,69926,882.1,"upper_tail"
651855,2003,"bcc03007",35000,153,69928,810.3,"upper_tail"
651856,2003,"bcc03007",35000,153,69920,812.7,"upper_tail"
651857,2003,"bcc03007",35000,153,69928,949,"upper_tail"
651858,2003,"bcc03007",35000,153,69920,1040.9,"upper_tail"
651859,2003,"bcc03007",35000,153,69925,1046.4,"upper_tail"
651860,2003,"bcc03007",35000,153,69927,980.9,"upper_tail"
651861,2003,"bcc03007",35000,153,69924,904.1,"upper_tail"
651862,2003,"bcc03007",35000,153,69923,821.4,"upper_tail"
651863,2003,"bcc03007",35000,153,69927,792.8,"upper_tail"
651864,2003,"bcc03007",35000,153,69927,838.3,"upper_tail"
651865,2003,"bcc03007",35000,153,69923,887.1,"upper_tail"
651866,2003,"bcc03007",35000,153,69920,947.5,"upper_tail"
651867,2003,"bcc03007",35000,153,69923,1095.7,"upper_tail"
651868,2003,"bcc03007",35000,153,69920,1294.4,"upper_tail"
651869,2003,"bcc03007",35000,153,72946,1235.3,"upper_tail"
651870,2003,"bcc03007",35000,153,72946,1368.4,"upper_tail"
651871,2003,"bcc03007",35000,153,72942,1479.7,"upper_tail"
651872,2003,"bcc03007",35000,153,72944,1542.3,"upper_tail"
651873,2003,"bcc03007",35000,153,72946,1478.9,"upper_tail"
651874,2003,"bcc03007",35000,153,72941,1344.9,"upper_tail"
651875,2003,"bcc03007",35000,153,72949,1152.4,"upper_tail"
651876,2003,"bcc03007",35000,153,72945,1009.3,"upper_tail"
651877,2003,"bcc03007",35000,153,72948,939.4,"upper_tail"
651878,2003,"bcc03007",35000,153,72948,956.6,"upper_tail"
651879,2003,"bcc03007",35000,153,72943,901.4,"upper_tail"
651880,2003,"bcc03007",35000,153,72944,812.1,"upper_tail"
651881,2003,"bcc03007",35000,153,72945,776.1,"upper_tail"
651882,2003,"bcc03007",35000,153,72942,797.6,"upper_tail"
651883,2003,"bcc03007",35000,153,72948,780.2,"upper_tail"
651884,2003,"bcc03008",35000,153,79793,1498,"upper_tail"
651885,2003,"bcc03008",35000,153,79792,1390.3,"upper_tail"
651886,2003,"bcc03008",35000,153,79796,1398.8,"upper_tail"
651887,2003,"bcc03008",35000,153,79798,1693.9,"upper_tail"
651888,2003,"bcc03008",35000,153,79796,1751.8,"upper_tail"
651889,2003,"bcc03008",35000,153,79799,1377.1,"upper_tail"
651890,2003,"bcc03008",35000,153,79792,1066.3,"upper_tail"
651891,2003,"bcc03008",35000,153,78017,1106.7,"upper_tail"
651892,2003,"bcc03008",35000,153,78012,1607.6,"upper_tail"
651893,2003,"bcc03008",35000,153,78019,1786.2,"upper_tail"
651894,2003,"bcc03008",35000,153,78015,1536.6,"upper_tail"
651895,2003,"bcc03008",35000,153,78011,1419.2,"upper_tail"
651896,2003,"bcc03008",35000,153,78013,1540.2,"upper_tail"
651897,2003,"bcc03008",35000,153,78010,1603.6,"upper_tail"
651898,2003,"bcc03008",35000,153,78215,1536.6,"upper_tail"
651899,2003,"bcc03008",35000,153,78213,1574.8,"upper_tail"
651900,2003,"bcc03008",35000,153,78212,1499,"upper_tail"
651901,2003,"bcc03008",35000,153,78215,1291.6,"upper_tail"
651902,2003,"bcc03008",35000,153,78217,1179,"upper_tail"
651903,2003,"bcc03008",35000,153,78215,1183.3,"upper_tail"
651904,2003,"bcc03008",35000,153,78218,1355.8,"upper_tail"
651905,2003,"bcc03008",35000,153,78210,1548,"upper_tail"
651906,2003,"bcc03008",35000,153,78211,1494.6,"upper_tail"
651907,2003,"bcc03008",35000,153,78213,1308.4,"upper_tail"
651908,2003,"bcc03008",35000,153,78219,1240.1,"upper_tail"
651909,2003,"bcc03008",35000,153,78213,1424.2,"upper_tail"
651910,2003,"bcc03008",35000,153,78212,1617.4,"upper_tail"
651911,2003,"bcc03008",35000,153,78218,1462.1,"upper_tail"
651912,2003,"bcc03008",35000,153,78210,1129.1,"upper_tail"
651913,2003,"bcc03008",35000,153,78032,1310.7,"upper_tail"
651914,2003,"bcc03008",35000,153,78038,1459.4,"upper_tail"
651915,2003,"bcc03008",35000,153,78033,1421.6,"upper_tail"
651916,2003,"bcc03008",35000,153,78032,1226.7,"upper_tail"
651917,2003,"bcc03008",35000,153,78033,1053.3,"upper_tail"
651918,2003,"bcc03008",35000,153,78035,985.6,"upper_tail"
651919,2003,"bcc03008",35000,153,78033,1121.4,"upper_tail"
651920,2003,"bcc03008",35000,153,78033,1174,"upper_tail"
651921,2003,"bcc03008",35000,153,78035,1077.1,"upper_tail"
651922,2003,"bcc03008",35000,153,78036,930.9,"upper_tail"
651923,2003,"bcc03008",35000,153,78038,1020,"upper_tail"
651924,2003,"bcc03008",35000,153,78036,1128.1,"upper_tail"
651925,2003,"bcc03008",35000,153,78030,1179.2,"upper_tail"
651926,2003,"bcc03008",35000,153,78037,1098.1,"upper_tail"
651927,2003,"bcc03008",35000,153,78036,1030.1,"upper_tail"
651928,2003,"bcc03008",35000,153,74992,956.3,"upper_tail"
651929,2003,"bcc03008",35000,153,74990,761,"upper_tail"
651930,2003,"bcc03008",35000,153,74990,627.7,"upper_tail"
651931,2003,"bcc03008",35000,153,74997,592.9,"upper_tail"
651932,2003,"bcc03008",35000,153,74991,626.7,"upper_tail"
651933,2003,"bcc03008",35000,153,74996,708.4,"upper_tail"
651934,2003,"bcc03008",35000,153,74993,779.4,"upper_tail"
651935,2003,"bcc03008",35000,153,74991,764.5,"upper_tail"
651936,2003,"bcc03008",35000,153,74990,758.8,"upper_tail"
651937,2003,"bcc03008",35000,153,74991,797.4,"upper_tail"
651938,2003,"bcc03008",35000,153,74996,847.9,"upper_tail"
651939,2003,"bcc03008",35000,153,74990,880.1,"upper_tail"
651940,2003,"bcc03008",35000,153,74994,940.7,"upper_tail"
651941,2003,"bcc03008",35000,153,74998,972.5,"upper_tail"
651942,2003,"bcc03008",35000,153,74996,960.6,"upper_tail"
651943,2003,"bcc03008",35000,153,74990,945.6,"upper_tail"
651944,2003,"bcc03008",35000,153,74992,1106.3,"upper_tail"
651945,2003,"bcc03008",35000,153,74998,1302.4,"upper_tail"
651946,2003,"bcc03008",35000,153,74998,1421.7,"upper_tail"
651947,2003,"bcc03008",35000,153,74999,1470.8,"upper_tail"
651948,2003,"bcc03008",35000,153,74993,1596.5,"upper_tail"
651949,2003,"bcc03008",35000,153,74994,1619.8,"upper_tail"
651950,2003,"bcc03008",35000,153,74994,1474.7,"upper_tail"
651951,2003,"bcc03008",35000,153,72133,1543.9,"upper_tail"
651952,2003,"bcc03008",35000,153,72137,1468,"upper_tail"
651953,2003,"bcc03008",35000,153,72135,1349.6,"upper_tail"
651954,2003,"bcc03008",35000,153,72139,1288.7,"upper_tail"
651955,2003,"bcc03008",35000,153,72139,1360.4,"upper_tail"
651956,2003,"bcc03008",35000,153,72139,1364.6,"upper_tail"
651957,2003,"bcc03008",35000,153,72131,1300.6,"upper_tail"
651958,2003,"bcc03008",35000,153,72131,1287.8,"upper_tail"
651959,2003,"bcc03008",35000,153,72133,1387.1,"upper_tail"
651960,2003,"bcc03008",35000,153,72138,1352.6,"upper_tail"
651961,2003,"bcc03008",35000,153,72131,1210.5,"upper_tail"
651962,2003,"bcc03008",35000,153,72130,996.4,"upper_tail"
651963,2003,"bcc03008",35000,153,72137,868.9,"upper_tail"
651964,2003,"bcc03008",35000,153,72130,789.5,"upper_tail"
651965,2003,"bcc03008",35000,153,72136,692.9,"upper_tail"
651966,2003,"bcc03008",35000,153,72136,576,"upper_tail"
651967,2003,"bcc03008",35000,153,72138,552.6,"upper_tail"
651968,2003,"bcc03008",35000,153,72131,600.5,"upper_tail"
651969,2003,"bcc03008",35000,153,72134,668.6,"upper_tail"
651970,2003,"bcc03008",35000,153,72134,709.9,"upper_tail"
651971,2003,"bcc03008",35000,153,72130,792.3,"upper_tail"
651972,2003,"bcc03008",35000,153,72135,968.8,"upper_tail"
651973,2003,"bcc03008",35000,153,72139,1175.2,"upper_tail"
651974,2003,"bcc03008",35000,153,73064,931.1,"upper_tail"
651975,2003,"bcc03008",35000,153,73066,944,"upper_tail"
651976,2003,"bcc03008",35000,153,73063,946.3,"upper_tail"
651977,2003,"bcc03008",35000,153,73062,984.2,"upper_tail"
651978,2003,"bcc03008",35000,153,73065,1024.9,"upper_tail"
651979,2003,"bcc03008",35000,153,73069,1019.7,"upper_tail"
651980,2003,"bcc03008",35000,153,73067,1046.2,"upper_tail"
651981,2003,"bcc03008",35000,153,73067,1261.4,"upper_tail"
651982,2003,"bcc03008",35000,153,73061,1507.1,"upper_tail"
651983,2003,"bcc03008",35000,153,73068,1610.7,"upper_tail"
651984,2003,"bcc03008",35000,153,73060,1636.3,"upper_tail"
651985,2003,"bcc03008",35000,153,73065,1615.7,"upper_tail"
651986,2003,"bcc03008",35000,153,73063,1490.1,"upper_tail"
651987,2003,"bcc03008",35000,153,73069,1243.7,"upper_tail"
651988,2003,"bcc03008",35000,153,73063,996.4,"upper_tail"
651989,2003,"bcc03008",35000,153,72861,1432.9,"upper_tail"
651990,2003,"bcc03008",35000,153,72869,1469.9,"upper_tail"
651991,2003,"bcc03008",35000,153,72869,1600.4,"upper_tail"
651992,2003,"bcc03008",35000,153,72861,1534,"upper_tail"
651993,2003,"bcc03008",35000,153,72867,1318.9,"upper_tail"
651994,2003,"bcc03008",35000,153,72868,1082.2,"upper_tail"
651995,2003,"bcc03008",35000,153,72867,1003.5,"upper_tail"
651996,2003,"bcc03008",35000,153,72867,1067.3,"upper_tail"
651997,2003,"bcc03008",35000,153,72860,1119.5,"upper_tail"
651998,2003,"bcc03008",35000,153,72861,1114.3,"upper_tail"
651999,2003,"bcc03008",35000,153,72860,1090.1,"upper_tail"
652000,2003,"bcc03008",35000,153,72865,1064.4,"upper_tail"
652001,2003,"bcc03008",35000,153,72860,1014.4,"upper_tail"
652002,2003,"bcc03008",35000,153,72867,927,"upper_tail"
652003,2003,"bcc03008",35000,153,72867,990.7,"upper_tail"
652004,2003,"bcc03008",35000,153,72995,956.2,"upper_tail"
652005,2003,"bcc03008",35000,153,72997,1055.8,"upper_tail"
652006,2003,"bcc03008",35000,153,72992,1226.8,"upper_tail"
652007,2003,"bcc03008",35000,153,72999,1302.8,"upper_tail"
652008,2003,"bcc03008",35000,153,72991,1308.7,"upper_tail"
652009,2003,"bcc03008",35000,153,72994,1261.3,"upper_tail"
652010,2003,"bcc03008",35000,153,72990,1163.3,"upper_tail"
652011,2003,"bcc03008",35000,153,72990,1066.8,"upper_tail"
652012,2003,"bcc03008",35000,153,72991,1084.9,"upper_tail"
652013,2003,"bcc03008",35000,153,72990,1232.9,"upper_tail"
652014,2003,"bcc03008",35000,153,72995,1331,"upper_tail"
652015,2003,"bcc03008",35000,153,72991,1288.8,"upper_tail"
652016,2003,"bcc03008",35000,153,72991,1207.8,"upper_tail"
652017,2003,"bcc03008",35000,153,72994,1114.4,"upper_tail"
652018,2003,"bcc03008",35000,153,72992,1032.8,"upper_tail"
652019,2003,"bcc03008",35000,153,73012,1237.8,"upper_tail"
652020,2003,"bcc03008",35000,153,73013,1389.4,"upper_tail"
652021,2003,"bcc03008",35000,153,73012,1313.7,"upper_tail"
652022,2003,"bcc03008",35000,153,73018,1229,"upper_tail"
652023,2003,"bcc03008",35000,153,73010,1121.5,"upper_tail"
652024,2003,"bcc03008",35000,153,73019,1203,"upper_tail"
652025,2003,"bcc03008",35000,153,73017,1340.3,"upper_tail"
652026,2003,"bcc03008",35000,153,73017,1479.7,"upper_tail"
652027,2003,"bcc03008",35000,153,73014,1429,"upper_tail"
652028,2003,"bcc03008",35000,153,73014,1260,"upper_tail"
652029,2003,"bcc03008",35000,153,73013,1036.1,"upper_tail"
652030,2003,"bcc03008",35000,153,74367,1123.7,"upper_tail"
652031,2003,"bcc03008",35000,153,74369,1455.4,"upper_tail"
652032,2003,"bcc03008",35000,153,74367,1705.4,"upper_tail"
652033,2003,"bcc03008",35000,153,74368,1634.5,"upper_tail"
652034,2003,"bcc03008",35000,153,74363,1396.1,"upper_tail"
652035,2003,"bcc03008",35000,153,74369,1214.8,"upper_tail"
652036,2003,"bcc03008",35000,153,74363,1232.9,"upper_tail"
652037,2003,"bcc03008",35000,153,74366,1338.7,"upper_tail"
652038,2003,"bcc03008",35000,153,74365,1339.5,"upper_tail"
652039,2003,"bcc03008",35000,153,74367,1204.7,"upper_tail"
652040,2003,"bcc03008",35000,153,74366,1125.8,"upper_tail"
652041,2003,"bcc03008",35000,153,74122,1171.4,"upper_tail"
652042,2003,"bcc03008",35000,153,74121,1115.9,"upper_tail"
652043,2003,"bcc03008",35000,153,74123,1248.3,"upper_tail"
652044,2003,"bcc03008",35000,153,74128,1339.2,"upper_tail"
652045,2003,"bcc03008",35000,153,74124,1294.5,"upper_tail"
652046,2003,"bcc03008",35000,153,74121,1231.6,"upper_tail"
652047,2003,"bcc03008",35000,153,74122,1390,"upper_tail"
652048,2003,"bcc03008",35000,153,74121,1626.1,"upper_tail"
652049,2003,"bcc03008",35000,153,74128,1789.2,"upper_tail"
652050,2003,"bcc03008",35000,153,74123,1643.4,"upper_tail"
652051,2003,"bcc03008",35000,153,74122,1335.2,"upper_tail"
652052,2003,"bcc03008",35000,153,74683,1671.3,"upper_tail"
652053,2003,"bcc03008",35000,153,74683,1810.3,"upper_tail"
652054,2003,"bcc03008",35000,153,74684,1719.9,"upper_tail"
652055,2003,"bcc03008",35000,153,74685,1485.1,"upper_tail"
652056,2003,"bcc03008",35000,153,74680,1332,"upper_tail"
652057,2003,"bcc03008",35000,153,74689,1270.1,"upper_tail"
652058,2003,"bcc03008",35000,153,74686,1233.3,"upper_tail"
652059,2003,"bcc03008",35000,153,74680,1170.5,"upper_tail"
652060,2003,"bcc03008",35000,153,74688,1064.1,"upper_tail"
652061,2003,"bcc03008",35000,153,74688,1018.5,"upper_tail"
652062,2003,"bcc03008",35000,153,74685,992.5,"upper_tail"
652230,2003,"bcc03004",30000,153,71647,1452.9,"upper_tail"
652231,2003,"bcc03004",30000,153,71647,1674.3,"upper_tail"
652232,2003,"bcc03004",30000,153,71642,1606.3,"upper_tail"
652233,2003,"bcc03004",30000,153,71640,1464.7,"upper_tail"
652234,2003,"bcc03004",30000,153,71644,1555.4,"upper_tail"
652235,2003,"bcc03004",30000,153,71646,1915.1,"upper_tail"
652236,2003,"bcc03004",30000,153,71645,2015.6,"upper_tail"
652237,2003,"bcc03004",30000,153,71641,2011.6,"upper_tail"
652238,2003,"bcc03004",30000,153,71645,1993.7,"upper_tail"
652239,2003,"bcc03004",30000,153,71645,1893.5,"upper_tail"
652240,2003,"bcc03004",30000,153,71644,1664.7,"upper_tail"
652241,2003,"bcc03004",30000,153,71645,1470.4,"upper_tail"
652242,2003,"bcc03004",30000,153,71645,1369,"upper_tail"
652243,2003,"bcc03004",30000,153,71647,1116.6,"upper_tail"
652244,2003,"bcc03004",30000,153,71644,1080.5,"upper_tail"
652245,2003,"bcc03004",30000,153,71644,1290.2,"upper_tail"
652246,2003,"bcc03004",30000,153,71640,1514.7,"upper_tail"
652247,2003,"bcc03004",30000,153,71641,1494.4,"upper_tail"
652248,2003,"bcc03004",30000,153,71649,1583.2,"upper_tail"
652249,2003,"bcc03004",30000,153,71641,1719.8,"upper_tail"
652250,2003,"bcc03004",30000,153,71641,1953.2,"upper_tail"
652251,2003,"bcc03004",30000,153,71645,2177.3,"upper_tail"
652252,2003,"bcc03004",30000,153,71640,2181.1,"upper_tail"
652253,2003,"bcc03004",30000,153,71642,1893.6,"upper_tail"
652254,2003,"bcc03004",30000,153,71641,1501.2,"upper_tail"
652255,2003,"bcc03004",30000,153,72033,1745.9,"upper_tail"
652256,2003,"bcc03004",30000,153,72033,2028.9,"upper_tail"
652257,2003,"bcc03004",30000,153,72032,2259.8,"upper_tail"
652258,2003,"bcc03004",30000,153,72036,2228.8,"upper_tail"
652259,2003,"bcc03004",30000,153,72031,2047.2,"upper_tail"
652260,2003,"bcc03004",30000,153,72036,1906.8,"upper_tail"
652261,2003,"bcc03004",30000,153,72034,1722.3,"upper_tail"
652262,2003,"bcc03004",30000,153,72034,1321.2,"upper_tail"
652263,2003,"bcc03004",30000,153,72038,1070.1,"upper_tail"
652264,2003,"bcc03004",30000,153,72036,944.8,"upper_tail"
652265,2003,"bcc03004",30000,153,72036,1015.6,"upper_tail"
652266,2003,"bcc03004",30000,153,72035,1234,"upper_tail"
652267,2003,"bcc03004",30000,153,72038,1345.4,"upper_tail"
652268,2003,"bcc03004",30000,153,72035,1404.3,"upper_tail"
652269,2003,"bcc03004",30000,153,72036,1597.5,"upper_tail"
652270,2003,"bcc03004",30000,153,72030,1822.2,"upper_tail"
652271,2003,"bcc03004",30000,153,72031,2058.2,"upper_tail"
652272,2003,"bcc03004",30000,153,72030,2230.8,"upper_tail"
652273,2003,"bcc03004",30000,153,72033,2173.5,"upper_tail"
652274,2003,"bcc03004",30000,153,72037,1959.9,"upper_tail"
652275,2003,"bcc03004",30000,153,72036,1658.3,"upper_tail"
652276,2003,"bcc03004",30000,153,72039,1641.4,"upper_tail"
652277,2003,"bcc03004",30000,153,72039,1757.9,"upper_tail"
652278,2003,"bcc03004",30000,153,72037,1873.5,"upper_tail"
652279,2003,"bcc03004",30000,153,72035,1803.6,"upper_tail"
652280,2003,"bcc03004",30000,153,71997,1857.8,"upper_tail"
652281,2003,"bcc03004",30000,153,71994,1832.2,"upper_tail"
652282,2003,"bcc03004",30000,153,71998,1780.1,"upper_tail"
652283,2003,"bcc03004",30000,153,71994,1698,"upper_tail"
652284,2003,"bcc03004",30000,153,71992,1780.9,"upper_tail"
652285,2003,"bcc03004",30000,153,71993,2087.3,"upper_tail"
652286,2003,"bcc03004",30000,153,71998,2254.2,"upper_tail"
652287,2003,"bcc03004",30000,153,71997,2231.3,"upper_tail"
652288,2003,"bcc03004",30000,153,71996,2045.7,"upper_tail"
652289,2003,"bcc03004",30000,153,71998,1945.4,"upper_tail"
652290,2003,"bcc03004",30000,153,71994,1860.8,"upper_tail"
652291,2003,"bcc03004",30000,153,71994,1876.2,"upper_tail"
652292,2003,"bcc03004",30000,153,71992,1711.9,"upper_tail"
652293,2003,"bcc03004",30000,153,71992,1468.2,"upper_tail"
652294,2003,"bcc03004",30000,153,71997,1315.4,"upper_tail"
652295,2003,"bcc03004",30000,153,71992,1193.9,"upper_tail"
652296,2003,"bcc03004",30000,153,71990,1129.8,"upper_tail"
652297,2003,"bcc03004",30000,153,71998,941.2,"upper_tail"
652298,2003,"bcc03004",30000,153,71999,1003.5,"upper_tail"
652299,2003,"bcc03004",30000,153,71995,1230.5,"upper_tail"
652300,2003,"bcc03004",30000,153,71998,1509.6,"upper_tail"
652301,2003,"bcc03004",30000,153,71990,1750.7,"upper_tail"
652302,2003,"bcc03004",30000,153,71992,2054,"upper_tail"
652303,2003,"bcc03004",30000,153,71994,2196.1,"upper_tail"
652304,2003,"bcc03004",30000,153,71999,2203,"upper_tail"
652305,2003,"bcc03004",30000,153,71996,2037.7,"upper_tail"
652306,2003,"bcc03004",30000,153,71996,1754.6,"upper_tail"
652307,2003,"bcc03004",30000,153,71990,1560.9,"upper_tail"
652308,2003,"bcc03004",30000,153,71991,1673.6,"upper_tail"
652309,2003,"bcc03004",30000,153,71999,1875.2,"upper_tail"
652310,2003,"bcc03004",30000,153,72273,1176.9,"upper_tail"
652311,2003,"bcc03004",30000,153,72276,1204.6,"upper_tail"
652312,2003,"bcc03004",30000,153,72273,1401.1,"upper_tail"
652313,2003,"bcc03004",30000,153,72271,1760.5,"upper_tail"
652314,2003,"bcc03004",30000,153,72277,1805.9,"upper_tail"
652315,2003,"bcc03004",30000,153,72274,1741.7,"upper_tail"
652316,2003,"bcc03004",30000,153,72275,1573.3,"upper_tail"
652317,2003,"bcc03004",30000,153,72272,1329.1,"upper_tail"
652318,2003,"bcc03004",30000,153,72270,984.6,"upper_tail"
652319,2003,"bcc03004",30000,153,72279,933.7,"upper_tail"
652320,2003,"bcc03004",30000,153,72270,1101.3,"upper_tail"
652321,2003,"bcc03004",30000,153,72273,1434.9,"upper_tail"
652322,2003,"bcc03004",30000,153,72277,1725.5,"upper_tail"
652323,2003,"bcc03004",30000,153,72276,1715.3,"upper_tail"
652324,2003,"bcc03004",30000,153,72273,1736.3,"upper_tail"
652325,2003,"bcc03004",30000,153,72277,1893.9,"upper_tail"
652326,2003,"bcc03004",30000,153,72275,2007.5,"upper_tail"
652327,2003,"bcc03004",30000,153,72275,1812.3,"upper_tail"
652328,2003,"bcc03004",30000,153,72279,1550.7,"upper_tail"
652329,2003,"bcc03004",30000,153,72271,1727.9,"upper_tail"
652330,2003,"bcc03004",30000,153,72271,2077.4,"upper_tail"
652331,2003,"bcc03004",30000,153,72276,2064,"upper_tail"
652332,2003,"bcc03004",30000,153,72277,1805.3,"upper_tail"
652333,2003,"bcc03004",30000,153,72271,1793.3,"upper_tail"
652334,2003,"bcc03004",30000,153,72279,1919.9,"upper_tail"
652335,2003,"bcc03004",30000,153,72270,1887.2,"upper_tail"
652336,2003,"bcc03004",30000,153,72279,1656.8,"upper_tail"
652337,2003,"bcc03004",30000,153,72279,1608.2,"upper_tail"
652338,2003,"bcc03004",30000,153,71718,1313.2,"upper_tail"
652339,2003,"bcc03004",30000,153,71714,903.3,"upper_tail"
652340,2003,"bcc03004",30000,153,71719,858.9,"upper_tail"
652341,2003,"bcc03004",30000,153,71715,1145.5,"upper_tail"
652342,2003,"bcc03004",30000,153,71714,1527.7,"upper_tail"
652343,2003,"bcc03004",30000,153,71710,1773.8,"upper_tail"
652344,2003,"bcc03004",30000,153,71716,1716.6,"upper_tail"
652345,2003,"bcc03004",30000,153,71712,1389.1,"upper_tail"
652346,2003,"bcc03004",30000,153,71715,1179.5,"upper_tail"
652347,2003,"bcc03004",30000,153,71716,1274.8,"upper_tail"
652348,2003,"bcc03004",30000,153,71944,1580.5,"upper_tail"
652349,2003,"bcc03004",30000,153,71943,1546.4,"upper_tail"
652350,2003,"bcc03004",30000,153,71941,1722.2,"upper_tail"
652351,2003,"bcc03004",30000,153,71944,1743.2,"upper_tail"
652352,2003,"bcc03004",30000,153,71947,1635.2,"upper_tail"
652353,2003,"bcc03004",30000,153,71949,1370.4,"upper_tail"
652354,2003,"bcc03004",30000,153,71943,985.6,"upper_tail"
652355,2003,"bcc03004",30000,153,71948,794.7,"upper_tail"
652356,2003,"bcc03004",30000,153,71948,1023.6,"upper_tail"
652357,2003,"bcc03004",30000,153,71947,1507.7,"upper_tail"
652358,2003,"bcc03004",30000,153,72048,1221.1,"upper_tail"
652359,2003,"bcc03004",30000,153,72041,1032.3,"upper_tail"
652360,2003,"bcc03004",30000,153,72044,858,"upper_tail"
652361,2003,"bcc03004",30000,153,72040,936,"upper_tail"
652362,2003,"bcc03004",30000,153,72040,1254.7,"upper_tail"
652363,2003,"bcc03004",30000,153,72044,1615.3,"upper_tail"
652364,2003,"bcc03004",30000,153,72044,1780.1,"upper_tail"
652365,2003,"bcc03004",30000,153,72047,1899.8,"upper_tail"
652366,2003,"bcc03004",30000,153,72043,1868.3,"upper_tail"
652367,2003,"bcc03004",30000,153,72041,1896.4,"upper_tail"
652368,2003,"bcc03004",30000,153,72048,1807.8,"upper_tail"
652369,2003,"bcc03004",30000,153,72043,1601.2,"upper_tail"
652370,2003,"bcc03004",30000,153,72049,1179,"upper_tail"
652371,2003,"bcc03004",30000,153,72048,1152.2,"upper_tail"
652372,2003,"bcc03004",30000,153,72045,1385,"upper_tail"
652373,2003,"bcc03004",30000,153,72045,1625.2,"upper_tail"
652374,2003,"bcc03004",30000,153,72044,1507.8,"upper_tail"
652375,2003,"bcc03004",30000,153,71972,1476,"upper_tail"
652376,2003,"bcc03004",30000,153,71975,1616.5,"upper_tail"
652377,2003,"bcc03004",30000,153,71971,1553.4,"upper_tail"
652378,2003,"bcc03004",30000,153,71972,1160.6,"upper_tail"
652379,2003,"bcc03004",30000,153,71970,959.9,"upper_tail"
652380,2003,"bcc03004",30000,153,71979,1269.5,"upper_tail"
652381,2003,"bcc03004",30000,153,71978,1672.8,"upper_tail"
652382,2003,"bcc03004",30000,153,71976,1847.5,"upper_tail"
652383,2003,"bcc03004",30000,153,71971,1937.1,"upper_tail"
652384,2003,"bcc03004",30000,153,71979,1978.7,"upper_tail"
652385,2003,"bcc03004",30000,153,71978,1913.9,"upper_tail"
652386,2003,"bcc03004",30000,153,71976,1887.8,"upper_tail"
652387,2003,"bcc03004",30000,153,71973,1583.3,"upper_tail"
652388,2003,"bcc03004",30000,153,71970,1273.8,"upper_tail"
652389,2003,"bcc03004",30000,153,71970,1384.7,"upper_tail"
652390,2003,"bcc03004",30000,153,71974,1737.7,"upper_tail"
652391,2003,"bcc03004",30000,153,71975,1772.4,"upper_tail"
652392,2003,"bcc03004",30000,153,72386,1989,"upper_tail"
652393,2003,"bcc03004",30000,153,72387,1860.8,"upper_tail"
652394,2003,"bcc03004",30000,153,72381,1428.6,"upper_tail"
652395,2003,"bcc03004",30000,153,72386,1242.5,"upper_tail"
652396,2003,"bcc03004",30000,153,72382,1534.4,"upper_tail"
652397,2003,"bcc03004",30000,153,72380,1744.4,"upper_tail"
652398,2003,"bcc03004",30000,153,72380,1646,"upper_tail"
652399,2003,"bcc03004",30000,153,72383,1600.4,"upper_tail"
652400,2003,"bcc03004",30000,153,72380,1575.1,"upper_tail"
652401,2003,"bcc03004",30000,153,72387,1476.4,"upper_tail"
652402,2003,"bcc03004",30000,153,72384,1184.7,"upper_tail"
652403,2003,"bcc03004",30000,153,72381,989.7,"upper_tail"
652404,2003,"bcc03004",30000,153,72383,1183.3,"upper_tail"
652405,2003,"bcc03004",30000,153,72387,1529.4,"upper_tail"
652406,2003,"bcc03004",30000,153,72380,1787.5,"upper_tail"
652407,2003,"bcc03004",30000,153,72389,1837.3,"upper_tail"
652408,2003,"bcc03004",30000,153,72387,1909.8,"upper_tail"
652409,2003,"bcc03004",30000,153,72466,1283.9,"upper_tail"
652410,2003,"bcc03004",30000,153,72466,1188.7,"upper_tail"
652411,2003,"bcc03004",30000,153,72467,1215.2,"upper_tail"
652412,2003,"bcc03004",30000,153,72467,1202.7,"upper_tail"
652413,2003,"bcc03004",30000,153,72469,1099.9,"upper_tail"
652414,2003,"bcc03004",30000,153,72468,854.8,"upper_tail"
652415,2003,"bcc03004",30000,153,72462,900.2,"upper_tail"
652416,2003,"bcc03004",30000,153,72468,1045.4,"upper_tail"
652417,2003,"bcc03004",30000,153,72460,1292.7,"upper_tail"
652418,2003,"bcc03004",30000,153,72464,1490.4,"upper_tail"
652419,2003,"bcc03004",30000,153,72467,1798.3,"upper_tail"
652420,2003,"bcc03004",30000,153,72463,1917.4,"upper_tail"
652421,2003,"bcc03004",30000,153,72469,1801.6,"upper_tail"
652422,2003,"bcc03004",30000,153,72463,1479.6,"upper_tail"
652423,2003,"bcc03004",30000,153,72460,1550.1,"upper_tail"
652424,2003,"bcc03004",30000,153,72469,1693.6,"upper_tail"
652425,2003,"bcc03004",30000,153,72468,1747.1,"upper_tail"
652426,2003,"bcc03004",30000,153,72256,1909.2,"upper_tail"
652427,2003,"bcc03004",30000,153,72254,1891.2,"upper_tail"
652428,2003,"bcc03004",30000,153,72259,1824.2,"upper_tail"
652429,2003,"bcc03004",30000,153,72259,1809.2,"upper_tail"
652430,2003,"bcc03004",30000,153,72253,1871.1,"upper_tail"
652431,2003,"bcc03004",30000,153,72254,1782.9,"upper_tail"
652432,2003,"bcc03004",30000,153,72256,1624.1,"upper_tail"
652433,2003,"bcc03004",30000,153,72251,1464.9,"upper_tail"
652434,2003,"bcc03004",30000,153,72250,1213.6,"upper_tail"
652435,2003,"bcc03004",30000,153,72253,885.7,"upper_tail"
652436,2003,"bcc03004",30000,153,72250,733.2,"upper_tail"
652437,2003,"bcc03004",30000,153,72256,787,"upper_tail"
652438,2003,"bcc03004",30000,153,72222,1073.8,"upper_tail"
652439,2003,"bcc03004",30000,153,72229,838.3,"upper_tail"
652440,2003,"bcc03004",30000,153,72227,852.1,"upper_tail"
652441,2003,"bcc03004",30000,153,72226,1103.7,"upper_tail"
652442,2003,"bcc03004",30000,153,72227,1432.8,"upper_tail"
652443,2003,"bcc03004",30000,153,72227,1608.3,"upper_tail"
652444,2003,"bcc03004",30000,153,72229,1733.4,"upper_tail"
652445,2003,"bcc03004",30000,153,72228,1811.7,"upper_tail"
652446,2003,"bcc03004",30000,153,72226,1830.1,"upper_tail"
652447,2003,"bcc03004",30000,153,72223,1994.8,"upper_tail"
652448,2003,"bcc03004",30000,153,72228,2073,"upper_tail"
652449,2003,"bcc03004",30000,153,72228,2007.4,"upper_tail"
652450,2003,"bcc03004",30000,153,72280,1876.1,"upper_tail"
652451,2003,"bcc03004",30000,153,72289,1805.9,"upper_tail"
652452,2003,"bcc03004",30000,153,72283,1824.8,"upper_tail"
652453,2003,"bcc03004",30000,153,72285,1991,"upper_tail"
652454,2003,"bcc03004",30000,153,72288,2059,"upper_tail"
652455,2003,"bcc03004",30000,153,72285,1842.5,"upper_tail"
652456,2003,"bcc03004",30000,153,72287,1622.7,"upper_tail"
652457,2003,"bcc03004",30000,153,72289,1369.7,"upper_tail"
652458,2003,"bcc03004",30000,153,72289,1017.4,"upper_tail"
652459,2003,"bcc03004",30000,153,72285,859,"upper_tail"
652460,2003,"bcc03004",30000,153,72282,1028.4,"upper_tail"
652461,2003,"bcc03004",30000,153,72287,1405.7,"upper_tail"
652462,2003,"bcc03046",30000,153,71843,1461.6,"upper_tail"
652463,2003,"bcc03046",30000,153,71841,1154.2,"upper_tail"
652464,2003,"bcc03046",30000,153,71846,928,"upper_tail"
652465,2003,"bcc03046",30000,153,71846,954.8,"upper_tail"
652466,2003,"bcc03046",30000,153,71843,1246.3,"upper_tail"
652467,2003,"bcc03046",30000,153,71842,1470.5,"upper_tail"
652468,2003,"bcc03046",30000,153,71849,1597.8,"upper_tail"
652469,2003,"bcc03046",30000,153,71840,1740.2,"upper_tail"
652470,2003,"bcc03046",30000,153,71844,1860.3,"upper_tail"
652471,2003,"bcc03046",30000,153,71849,1902.8,"upper_tail"
652472,2003,"bcc03046",30000,153,71848,1737.4,"upper_tail"
652473,2003,"bcc03046",30000,153,71840,1605.7,"upper_tail"
652474,2003,"bcc03046",30000,153,71840,1610.1,"upper_tail"
652475,2003,"bcc03046",30000,153,71800,1447.4,"upper_tail"
652476,2003,"bcc03046",30000,153,71806,1687.1,"upper_tail"
652477,2003,"bcc03046",30000,153,71805,1896.3,"upper_tail"
652478,2003,"bcc03046",30000,153,71803,1775,"upper_tail"
652479,2003,"bcc03046",30000,153,71802,1548.5,"upper_tail"
652480,2003,"bcc03046",30000,153,71805,1455.3,"upper_tail"
652481,2003,"bcc03046",30000,153,71804,1483.5,"upper_tail"
652482,2003,"bcc03046",30000,153,71808,1463,"upper_tail"
652483,2003,"bcc03046",30000,153,71800,1215.2,"upper_tail"
652484,2003,"bcc03046",30000,153,71802,970.1,"upper_tail"
652485,2003,"bcc03046",30000,153,71807,911.7,"upper_tail"
652486,2003,"bcc03046",30000,153,71805,1035.4,"upper_tail"
652487,2003,"bcc03046",30000,153,71728,1703.4,"upper_tail"
652488,2003,"bcc03046",30000,153,71723,1447.2,"upper_tail"
652489,2003,"bcc03046",30000,153,71726,1055,"upper_tail"
652490,2003,"bcc03046",30000,153,71725,1073.8,"upper_tail"
652491,2003,"bcc03046",30000,153,71726,1435.7,"upper_tail"
652492,2003,"bcc03046",30000,153,71722,1638.8,"upper_tail"
652493,2003,"bcc03046",30000,153,71724,1567.8,"upper_tail"
652494,2003,"bcc03046",30000,153,71723,1454.4,"upper_tail"
652495,2003,"bcc03046",30000,153,71725,1440.8,"upper_tail"
652496,2003,"bcc03046",30000,153,71728,1498.5,"upper_tail"
652497,2003,"bcc03046",30000,153,71720,1517.4,"upper_tail"
652498,2003,"bcc03046",30000,153,71726,1699.9,"upper_tail"
652499,2003,"bcc03046",30000,153,71729,1835.9,"upper_tail"
652500,2003,"bcc03046",30000,153,71721,1714.1,"upper_tail"
652501,2003,"bcc03046",30000,153,71734,1706.5,"upper_tail"
652502,2003,"bcc03046",30000,153,71737,1758.5,"upper_tail"
652503,2003,"bcc03046",30000,153,71734,1782.4,"upper_tail"
652504,2003,"bcc03046",30000,153,71733,1756.8,"upper_tail"
652505,2003,"bcc03046",30000,153,71738,1737.7,"upper_tail"
652506,2003,"bcc03046",30000,153,71732,1656.9,"upper_tail"
652507,2003,"bcc03046",30000,153,71736,1668.3,"upper_tail"
652508,2003,"bcc03046",30000,153,71736,1805.7,"upper_tail"
652509,2003,"bcc03046",30000,153,71737,1822.8,"upper_tail"
652510,2003,"bcc03046",30000,153,71739,1647.8,"upper_tail"
652511,2003,"bcc03046",30000,153,71737,1280.4,"upper_tail"
652512,2003,"bcc03046",30000,153,71734,1021.3,"upper_tail"
652513,2003,"bcc03046",30000,153,71738,1152.2,"upper_tail"
652514,2003,"bcc03046",30000,153,71734,1639,"upper_tail"
652515,2003,"bcc03046",30000,153,71737,1773.8,"upper_tail"
652516,2003,"bcc03046",30000,153,71736,1626.4,"upper_tail"
652517,2003,"bcc03046",30000,153,71734,1601.9,"upper_tail"
652518,2003,"bcc03046",30000,153,71676,1852.5,"upper_tail"
652519,2003,"bcc03046",30000,153,71672,1915.4,"upper_tail"
652520,2003,"bcc03046",30000,153,71679,1796.7,"upper_tail"
652521,2003,"bcc03046",30000,153,71676,1624.5,"upper_tail"
652522,2003,"bcc03046",30000,153,71677,1227.5,"upper_tail"
652523,2003,"bcc03046",30000,153,71671,1093.9,"upper_tail"
652524,2003,"bcc03046",30000,153,71670,1288.3,"upper_tail"
652525,2003,"bcc03046",30000,153,71672,1510.2,"upper_tail"
652526,2003,"bcc03046",30000,153,71672,1513.6,"upper_tail"
652527,2003,"bcc03046",30000,153,71675,1467.1,"upper_tail"
652528,2003,"bcc03046",30000,153,71671,1414.6,"upper_tail"
652529,2003,"bcc03046",30000,153,71673,1454.5,"upper_tail"
652530,2003,"bcc03046",30000,153,71675,1557.1,"upper_tail"
652531,2003,"bcc03046",30000,153,71671,1728.7,"upper_tail"
652532,2003,"bcc03046",30000,153,71678,1884.4,"upper_tail"
652533,2003,"bcc03046",30000,153,71676,1855.9,"upper_tail"
652534,2003,"bcc03046",30000,153,71674,1697.6,"upper_tail"
652535,2003,"bcc03046",30000,153,71782,1754.3,"upper_tail"
652536,2003,"bcc03046",30000,153,71789,1962.5,"upper_tail"
652537,2003,"bcc03046",30000,153,71781,1880.7,"upper_tail"
652538,2003,"bcc03046",30000,153,71788,1777,"upper_tail"
652539,2003,"bcc03046",30000,153,71782,1671.6,"upper_tail"
652540,2003,"bcc03046",30000,153,71789,1689.6,"upper_tail"
652541,2003,"bcc03046",30000,153,71783,1681.1,"upper_tail"
652542,2003,"bcc03046",30000,153,71788,1587.9,"upper_tail"
652543,2003,"bcc03046",30000,153,71788,1494.7,"upper_tail"
652544,2003,"bcc03046",30000,153,71782,1448.5,"upper_tail"
652545,2003,"bcc03046",30000,153,71789,1246.5,"upper_tail"
652546,2003,"bcc03046",30000,153,71781,1086,"upper_tail"
652547,2003,"bcc03046",30000,153,71782,1189.9,"upper_tail"
652548,2003,"bcc03046",30000,153,71787,1537.9,"upper_tail"
652549,2003,"bcc03046",30000,153,71789,1781.9,"upper_tail"
652550,2003,"bcc03046",30000,153,71786,2055.5,"upper_tail"
652551,2003,"bcc03046",30000,153,71785,2060,"upper_tail"
652552,2003,"bcc03046",30000,153,71787,1962,"upper_tail"
652553,2003,"bcc03046",30000,153,71780,1823.4,"upper_tail"
652554,2003,"bcc03046",30000,153,71786,1747.8,"upper_tail"
652555,2003,"bcc03046",30000,153,71789,1415.2,"upper_tail"
652556,2003,"bcc03046",30000,153,71787,1309.8,"upper_tail"
652557,2003,"bcc03046",30000,153,71787,1274.5,"upper_tail"
652558,2003,"bcc03046",30000,153,71787,1387.7,"upper_tail"
652559,2003,"bcc03046",30000,153,71789,1665,"upper_tail"
652560,2003,"bcc03046",30000,153,71786,1828.7,"upper_tail"
652561,2003,"bcc03046",30000,153,71786,1623.6,"upper_tail"
652562,2003,"bcc03046",30000,153,71788,1492,"upper_tail"
652563,2003,"bcc03046",30000,153,71783,1628.6,"upper_tail"
652564,2003,"bcc03046",30000,153,71780,1924.3,"upper_tail"
652565,2003,"bcc03046",30000,153,71783,2012.1,"upper_tail"
652566,2003,"bcc03046",30000,153,71780,2008.2,"upper_tail"
652567,2003,"bcc03046",30000,153,71652,2313,"upper_tail"
652568,2003,"bcc03046",30000,153,71656,2258.8,"upper_tail"
652569,2003,"bcc03046",30000,153,71656,1791.8,"upper_tail"
652570,2003,"bcc03046",30000,153,71657,1476.3,"upper_tail"
652571,2003,"bcc03046",30000,153,71655,1667.8,"upper_tail"
652572,2003,"bcc03046",30000,153,71650,2027.2,"upper_tail"
652573,2003,"bcc03046",30000,153,71657,2096.3,"upper_tail"
652574,2003,"bcc03046",30000,153,71652,1882.5,"upper_tail"
652575,2003,"bcc03046",30000,153,71654,1621.8,"upper_tail"
652576,2003,"bcc03046",30000,153,71655,1419.6,"upper_tail"
652577,2003,"bcc03046",30000,153,71658,1261.9,"upper_tail"
652578,2003,"bcc03046",30000,153,71659,1159,"upper_tail"
652579,2003,"bcc03046",30000,153,71656,1199.5,"upper_tail"
652580,2003,"bcc03046",30000,153,71657,1215.3,"upper_tail"
652581,2003,"bcc03046",30000,153,71653,1391,"upper_tail"
652582,2003,"bcc03046",30000,153,71658,1605.9,"upper_tail"
652583,2003,"bcc03046",30000,153,71657,1729.8,"upper_tail"
652584,2003,"bcc03046",30000,153,71651,1698,"upper_tail"
652585,2003,"bcc03046",30000,153,71659,1645.7,"upper_tail"
652586,2003,"bcc03046",30000,153,71653,1344.5,"upper_tail"
652587,2003,"bcc03046",30000,153,71656,1050.4,"upper_tail"
652588,2003,"bcc03046",30000,153,71657,1090.8,"upper_tail"
652589,2003,"bcc03046",30000,153,71650,1397.7,"upper_tail"
652590,2003,"bcc03046",30000,153,71653,1515.4,"upper_tail"
652591,2003,"bcc03046",30000,153,71653,1516,"upper_tail"
652592,2003,"bcc03046",30000,153,71658,1631.7,"upper_tail"
652593,2003,"bcc03046",30000,153,71652,1856.4,"upper_tail"
652594,2003,"bcc03046",30000,153,71651,1990.6,"upper_tail"
652595,2003,"bcc03046",30000,153,71659,1960.8,"upper_tail"
652596,2003,"bcc03046",30000,153,71651,1752.8,"upper_tail"
652597,2003,"bcc03046",30000,153,71659,1620.7,"upper_tail"
652598,2003,"bcc03046",30000,153,71659,1484.3,"upper_tail"
652599,2003,"bcc03046",30000,153,71558,1761.7,"upper_tail"
652600,2003,"bcc03046",30000,153,71558,1793.7,"upper_tail"
652601,2003,"bcc03046",30000,153,71558,1919.5,"upper_tail"
652602,2003,"bcc03046",30000,153,71551,2126,"upper_tail"
652603,2003,"bcc03046",30000,153,71553,2091.8,"upper_tail"
652604,2003,"bcc03046",30000,153,71552,1875.7,"upper_tail"
652605,2003,"bcc03046",30000,153,71556,1602.9,"upper_tail"
652606,2003,"bcc03046",30000,153,71559,1513.1,"upper_tail"
652607,2003,"bcc03046",30000,153,71554,1478.3,"upper_tail"
652608,2003,"bcc03046",30000,153,71559,1486.3,"upper_tail"
652609,2003,"bcc03046",30000,153,71554,1474.8,"upper_tail"
652610,2003,"bcc03046",30000,153,71550,1319.2,"upper_tail"
652611,2003,"bcc03046",30000,153,71559,1080.6,"upper_tail"
652612,2003,"bcc03046",30000,153,71551,982.7,"upper_tail"
652613,2003,"bcc03046",30000,153,71557,916.6,"upper_tail"
652614,2003,"bcc03046",30000,153,71557,873.6,"upper_tail"
652615,2003,"bcc03046",30000,153,71554,937.1,"upper_tail"
652616,2003,"bcc03046",30000,153,71556,1176,"upper_tail"
652617,2003,"bcc03046",30000,153,71557,1477.2,"upper_tail"
652618,2003,"bcc03046",30000,153,71552,1724.6,"upper_tail"
652619,2003,"bcc03046",30000,153,71556,1846.1,"upper_tail"
652620,2003,"bcc03046",30000,153,71554,1927.1,"upper_tail"
652621,2003,"bcc03046",30000,153,71554,1876.7,"upper_tail"
652622,2003,"bcc03046",30000,153,71552,1572.8,"upper_tail"
652623,2003,"bcc03046",30000,153,71556,1518,"upper_tail"
652624,2003,"bcc03046",30000,153,71557,1744.2,"upper_tail"
652625,2003,"bcc03046",30000,153,71556,1959.3,"upper_tail"
652626,2003,"bcc03046",30000,153,71555,1918.4,"upper_tail"
652627,2003,"bcc03046",30000,153,71558,1645.2,"upper_tail"
652628,2003,"bcc03046",30000,153,71555,1859.8,"upper_tail"
652629,2003,"bcc03046",30000,153,71557,2214.8,"upper_tail"
652630,2003,"bcc03046",30000,153,71559,2216.3,"upper_tail"
652631,2003,"bcc03046",30000,153,71691,2020.3,"upper_tail"
652632,2003,"bcc03046",30000,153,71698,1632.2,"upper_tail"
652633,2003,"bcc03046",30000,153,71690,1593.1,"upper_tail"
652634,2003,"bcc03046",30000,153,71693,1833.2,"upper_tail"
652635,2003,"bcc03046",30000,153,71698,1874.4,"upper_tail"
652636,2003,"bcc03046",30000,153,71699,1517.4,"upper_tail"
652637,2003,"bcc03046",30000,153,71695,1299.9,"upper_tail"
652638,2003,"bcc03046",30000,153,71691,1277,"upper_tail"
652639,2003,"bcc03046",30000,153,71695,1278.5,"upper_tail"
652640,2003,"bcc03046",30000,153,71697,1172,"upper_tail"
652641,2003,"bcc03046",30000,153,71692,963.2,"upper_tail"
652642,2003,"bcc03046",30000,153,71694,801.4,"upper_tail"
652643,2003,"bcc03046",30000,153,71690,786.4,"upper_tail"
652644,2003,"bcc03046",30000,153,71696,952.1,"upper_tail"
652645,2003,"bcc03046",30000,153,71694,1232,"upper_tail"
652646,2003,"bcc03046",30000,153,71691,1509.1,"upper_tail"
652647,2003,"bcc03046",30000,153,71690,1769.1,"upper_tail"
652648,2003,"bcc03046",30000,153,71695,1920.4,"upper_tail"
652649,2003,"bcc03046",30000,153,71692,1906,"upper_tail"
652650,2003,"bcc03046",30000,153,71699,1723.6,"upper_tail"
652651,2003,"bcc03046",30000,153,71696,1708.4,"upper_tail"
652652,2003,"bcc03046",30000,153,71694,1973.5,"upper_tail"
652653,2003,"bcc03046",30000,153,71099,2325.9,"upper_tail"
652654,2003,"bcc03046",30000,153,71098,2377.6,"upper_tail"
652655,2003,"bcc03046",30000,153,71090,2337.8,"upper_tail"
652656,2003,"bcc03046",30000,153,71095,2096.7,"upper_tail"
652657,2003,"bcc03046",30000,153,71091,1904.2,"upper_tail"
652658,2003,"bcc03046",30000,153,71095,1738.1,"upper_tail"
652659,2003,"bcc03046",30000,153,71095,1653.6,"upper_tail"
652660,2003,"bcc03046",30000,153,71098,1524.6,"upper_tail"
652661,2003,"bcc03046",30000,153,71093,1218.3,"upper_tail"
652662,2003,"bcc03046",30000,153,71096,1028.3,"upper_tail"
652663,2003,"bcc03046",30000,153,71094,1171.8,"upper_tail"
652664,2003,"bcc03046",30000,153,71095,1515.9,"upper_tail"
652665,2003,"bcc03046",30000,153,71099,1658.5,"upper_tail"
652666,2003,"bcc03046",30000,153,71094,1692.6,"upper_tail"
652667,2003,"bcc03046",30000,153,71093,1723.8,"upper_tail"
652668,2003,"bcc03046",30000,153,71091,1454,"upper_tail"
652669,2003,"bcc03046",30000,153,71092,1262.6,"upper_tail"
652670,2003,"bcc03046",30000,153,71094,1532.2,"upper_tail"
652671,2003,"bcc03046",30000,153,71098,1951.2,"upper_tail"
652672,2003,"bcc03046",30000,153,71099,1932.3,"upper_tail"
652673,2003,"bcc03046",30000,153,71090,1880.5,"upper_tail"
652674,2003,"bcc03046",30000,153,71099,2209.8,"upper_tail"
652675,2003,"bcc03046",30000,153,70888,1721.1,"upper_tail"
652676,2003,"bcc03046",30000,153,70885,1370.9,"upper_tail"
652677,2003,"bcc03046",30000,153,70882,1104.7,"upper_tail"
652678,2003,"bcc03046",30000,153,70886,1164.5,"upper_tail"
652679,2003,"bcc03046",30000,153,70885,1546,"upper_tail"
652680,2003,"bcc03046",30000,153,70881,1630.1,"upper_tail"
652681,2003,"bcc03046",30000,153,70882,1574,"upper_tail"
652682,2003,"bcc03046",30000,153,71121,1357,"upper_tail"
652683,2003,"bcc03046",30000,153,71128,1173.6,"upper_tail"
652684,2003,"bcc03046",30000,153,71123,1071.9,"upper_tail"
652685,2003,"bcc03046",30000,153,71121,1124,"upper_tail"
652686,2003,"bcc03046",30000,153,71126,1399.6,"upper_tail"
652687,2003,"bcc03046",30000,153,71126,1711.1,"upper_tail"
652688,2003,"bcc03046",30000,153,71126,1898.9,"upper_tail"
652689,2003,"bcc03046",30000,153,70988,1737.1,"upper_tail"
652690,2003,"bcc03046",30000,153,70982,1790.7,"upper_tail"
652691,2003,"bcc03046",30000,153,70983,1848.7,"upper_tail"
652692,2003,"bcc03046",30000,153,70982,1698.7,"upper_tail"
652693,2003,"bcc03046",30000,153,70989,1325,"upper_tail"
652694,2003,"bcc03046",30000,153,70980,1192.2,"upper_tail"
652695,2003,"bcc03046",30000,153,70982,1460.7,"upper_tail"
679864,1984,"bc84075",8000,153,5486,70,"upper_tail"
679868,1984,"bc84075",8000,153,5486,176.3,"upper_tail"
679869,1984,"bc84075",8000,153,5486,117.1,"upper_tail"
679870,1984,"bc84075",8000,153,5486,134,"upper_tail"
679871,1984,"bc84075",8000,153,5486,149.8,"upper_tail"
679872,1984,"bc84075",8000,153,5486,177.6,"upper_tail"
679873,1984,"bc84075",8000,153,5486,196.1,"upper_tail"
679874,1984,"bc84075",8000,153,5486,210.8,"upper_tail"
679875,1984,"bc84075",8000,153,5486,238.5,"upper_tail"
679876,1984,"bc84075",8000,153,5486,259.1,"upper_tail"
679877,1984,"bc84075",8000,153,5486,369.7,"upper_tail"
679878,1984,"bc84075",8000,153,5486,564.8,"upper_tail"
679879,1984,"bc84075",8000,153,5486,706.7,"upper_tail"
679880,1984,"bc84075",8000,153,5486,749,"upper_tail"
681527,1968,"bc7053",1200,305,1829,1.8,"upper_tail"
681528,1968,"bc7053",1200,305,1829,1.8,"upper_tail"
681529,1968,"bc7053",1200,305,1829,1.8,"upper_tail"
681530,1968,"bc7053",1200,305,1829,2,"upper_tail"
681531,1968,"bc7053",1200,305,1829,2,"upper_tail"
681532,1968,"bc7053",1200,305,1829,1.7,"upper_tail"
681533,1968,"bc7053",1200,305,1829,1.5,"upper_tail"
681534,1968,"bc7053",1200,305,1829,1.5,"upper_tail"
681535,1968,"bc7053",1200,305,1829,1.6,"upper_tail"
681536,1968,"bc7053",1200,305,1829,1.6,"upper_tail"
698875,1968,"bc5294",12000,153,5944,542.5,"upper_tail"
698876,1968,"bc5294",12000,153,5944,568.2,"upper_tail"
698877,1968,"bc5294",12000,153,5944,598.3,"upper_tail"
698878,1968,"bc5294",12000,153,5944,636.3,"upper_tail"
698879,1968,"bc5294",12000,153,5944,693.4,"upper_tail"
698880,1968,"bc5294",12000,153,5944,731.6,"upper_tail"
698881,1968,"bc5294",12000,153,5944,742,"upper_tail"
698882,1968,"bc5294",12000,153,5944,747.4,"upper_tail"
698883,1968,"bc5294",12000,153,5944,762,"upper_tail"
698884,1968,"bc5294",12000,153,5944,817.1,"upper_tail"
698885,1968,"bc5294",12000,153,5944,913.2,"upper_tail"
698886,1968,"bc5294",12000,153,5944,974.9,"upper_tail"
698887,1968,"bc5294",12000,153,5944,1016.9,"upper_tail"
698888,1968,"bc5294",12000,153,5944,1034.6,"upper_tail"
698889,1968,"bc5294",12000,153,5944,1054.9,"upper_tail"
698890,1968,"bc5294",12000,153,5944,1101.1,"upper_tail"
698891,1968,"bc5294",12000,153,5944,1137.5,"upper_tail"
698892,1968,"bc5294",12000,153,5944,1141.4,"upper_tail"
698893,1968,"bc5294",12000,153,5944,1098.3,"upper_tail"
698894,1968,"bc5294",12000,153,5944,998.9,"upper_tail"
698895,1968,"bc5294",12000,153,5944,852.8,"upper_tail"
698896,1968,"bc5294",12000,153,5944,717.7,"upper_tail"
698897,1968,"bc5294",12000,153,5944,703.7,"upper_tail"
698898,1968,"bc5294",12000,153,5944,731.2,"upper_tail"
698899,1968,"bc5294",12000,153,5944,758.5,"upper_tail"
698900,1968,"bc5294",12000,153,5944,728.7,"upper_tail"
698901,1968,"bc5294",12000,153,5944,684.4,"upper_tail"
698902,1968,"bc5294",12000,153,5944,646,"upper_tail"
698903,1968,"bc5294",12000,153,5944,609.3,"upper_tail"
698904,1968,"bc5294",12000,153,5944,597.6,"upper_tail"
698905,1968,"bc5294",12000,153,5944,640.4,"upper_tail"
698906,1968,"bc5294",12000,153,5944,716.9,"upper_tail"
698907,1968,"bc5294",12000,153,5944,772,"upper_tail"
698908,1968,"bc5294",12000,153,5944,782.9,"upper_tail"
698909,1968,"bc5294",12000,153,5944,772,"upper_tail"
698910,1968,"bc5294",12000,153,5944,788.2,"upper_tail"
698911,1968,"bc5294",12000,153,5944,836.2,"upper_tail"
698912,1968,"bc5294",12000,153,5944,880.4,"upper_tail"
698913,1968,"bc5294",12000,153,5944,885.8,"upper_tail"
698914,1968,"bc5294",12000,153,5944,840.7,"upper_tail"
698915,1968,"bc5294",12000,153,5944,775.2,"upper_tail"
698916,1968,"bc5294",12000,153,5944,716,"upper_tail"
698917,1968,"bc5294",12000,153,5944,655,"upper_tail"
698918,1968,"bc5294",12000,153,5944,625.7,"upper_tail"
698919,1968,"bc5294",12000,153,5944,534.2,"upper_tail"
698920,1968,"bc5294",12000,153,5944,533.5,"upper_tail"
698921,1968,"bc5294",12000,153,5944,534.7,"upper_tail"
698922,1968,"bc5294",12000,153,5944,535.6,"upper_tail"
698923,1968,"bc5294",12000,153,5944,542.1,"upper_tail"
698924,1968,"bc5294",12000,153,5944,546.5,"upper_tail"
698925,1968,"bc5294",12000,153,5944,542,"upper_tail"
698926,1968,"bc5294",12000,153,5944,534.9,"upper_tail"
698927,1968,"bc5294",12000,153,5944,534.2,"upper_tail"
698928,1968,"bc5294",12000,153,5944,538.6,"upper_tail"
698929,1968,"bc5294",12000,153,5944,540.4,"upper_tail"
698930,1968,"bc5294",12000,153,5944,537,"upper_tail"
698931,1968,"bc5294",12000,153,5944,534.5,"upper_tail"
698932,1968,"bc5294",12000,153,5944,534.5,"upper_tail"
698933,1968,"bc5294",12000,153,5944,533.8,"upper_tail"
698934,1968,"bc5294",12000,153,5944,533.1,"upper_tail"
698935,1968,"bc5294",12000,153,5944,533.1,"upper_tail"
698936,1968,"bc5294",12000,153,5944,533.8,"upper_tail"
698937,1968,"bc5294",12000,153,5944,535.6,"upper_tail"
698938,1968,"bc5294",12000,153,5944,559.2,"upper_tail"
698939,1968,"bc5294",12000,153,5944,597.7,"upper_tail"
698940,1968,"bc5294",12000,153,5944,622.1,"upper_tail"
698941,1968,"bc5294",12000,153,5944,589.9,"upper_tail"
698942,1968,"bc5294",12000,153,5944,562.1,"upper_tail"
698943,1968,"bc5294",12000,153,5944,562.5,"upper_tail"
698944,1968,"bc5294",12000,153,5944,570.3,"upper_tail"
698945,1968,"bc5294",12000,153,5944,549,"upper_tail"
698946,1968,"bc5294",12000,153,5944,535.1,"upper_tail"
698947,1968,"bc5294",12000,153,5944,533.2,"upper_tail"
698948,1968,"bc5294",12000,153,5944,533.1,"upper_tail"
698949,1968,"bc5294",12000,153,5944,536.6,"upper_tail"
698950,1968,"bc5294",12000,153,5944,533.6,"upper_tail"
698951,1968,"bc5294",12000,153,5944,563.5,"upper_tail"
698952,1968,"bc5294",12000,153,5944,568.9,"upper_tail"
698953,1968,"bc5294",12000,153,5944,587,"upper_tail"
698954,1968,"bc5294",12000,153,5944,596.8,"upper_tail"
698955,1968,"bc5294",12000,153,5944,585.7,"upper_tail"
698956,1968,"bc5294",12000,153,5944,551,"upper_tail"
698957,1968,"bc5294",12000,153,5944,536.4,"upper_tail"
698958,1968,"bc5294",12000,153,5944,533.2,"upper_tail"
698959,1968,"bc5294",12000,153,5944,532.8,"upper_tail"
698960,1968,"bc5294",12000,153,5944,532.3,"upper_tail"
698961,1968,"bc5294",12000,153,5944,532.5,"upper_tail"
698962,1968,"bc5294",12000,153,5944,532.7,"upper_tail"
698963,1968,"bc5294",12000,153,5944,532.6,"upper_tail"
698964,1968,"bc5294",12000,153,5944,532.9,"upper_tail"
698965,1968,"bc5294",12000,153,5944,533.3,"upper_tail"
698966,1968,"bc5294",12000,153,5944,533.7,"upper_tail"
698967,1968,"bc5294",12000,153,5944,533.8,"upper_tail"
698968,1968,"bc5294",12000,153,5944,533.6,"upper_tail"
698969,1968,"bc5294",12000,153,5944,533.7,"upper_tail"
698970,1968,"bc5294",12000,153,5944,533.9,"upper_tail"
698971,1968,"bc5294",12000,153,5944,534,"upper_tail"
698972,1968,"bc5294",12000,153,5944,534,"upper_tail"
698973,1968,"bc5294",12000,153,5944,533.7,"upper_tail"
698974,1968,"bc5294",12000,153,5944,533.5,"upper_tail"
698975,1968,"bc5294",12000,153,5944,533.9,"upper_tail"
698976,1968,"bc5294",12000,153,5944,534.3,"upper_tail"
698977,1968,"bc5294",12000,153,5944,534.4,"upper_tail"
698978,1968,"bc5294",12000,153,5944,534.2,"upper_tail"
698979,1968,"bc5294",12000,153,5944,533.9,"upper_tail"
698980,1968,"bc5294",12000,153,5944,534.2,"upper_tail"
698981,1968,"bc5294",12000,153,5944,534.2,"upper_tail"
698982,1968,"bc5294",12000,153,5944,534.9,"upper_tail"
698983,1968,"bc5294",12000,153,5944,536.3,"upper_tail"
698984,1968,"bc5294",12000,153,5944,535.3,"upper_tail"
698985,1968,"bc5294",12000,153,5944,536.1,"upper_tail"
698986,1968,"bc5294",12000,153,5944,612.2,"upper_tail"
698987,1968,"bc5294",12000,153,5944,602.2,"upper_tail"
698988,1968,"bc5294",12000,153,5944,597.5,"upper_tail"
698989,1968,"bc5294",12000,153,5944,605.5,"upper_tail"
698990,1968,"bc5294",12000,153,5944,603,"upper_tail"
698991,1968,"bc5294",12000,153,5944,595,"upper_tail"
698992,1968,"bc5294",12000,153,5944,581.6,"upper_tail"
698993,1968,"bc5294",12000,153,5944,570,"upper_tail"
698994,1968,"bc5294",12000,153,5944,559.2,"upper_tail"
698995,1968,"bc5294",12000,153,5944,547.8,"upper_tail"
698996,1968,"bc5294",12000,153,5944,543.4,"upper_tail"
698997,1968,"bc5294",12000,153,5944,541.2,"upper_tail"
698998,1968,"bc5294",12000,153,5944,539.1,"upper_tail"
698999,1968,"bc5294",12000,153,5944,538.6,"upper_tail"
699000,1968,"bc5294",12000,153,5944,539.5,"upper_tail"
699001,1968,"bc5294",12000,153,5944,539.8,"upper_tail"
699002,1968,"bc5294",12000,153,5944,534.9,"upper_tail"
699003,1968,"bc5294",12000,153,5944,534.2,"upper_tail"
699004,1968,"bc5294",12000,153,5944,533.6,"upper_tail"
699005,1968,"bc5294",12000,153,5944,533.4,"upper_tail"
699006,1968,"bc5294",12000,153,5944,533.4,"upper_tail"
699007,1968,"bc5294",12000,153,5944,534.5,"upper_tail"
699008,1968,"bc5294",12000,153,5944,546.8,"upper_tail"
699009,1968,"bc5294",12000,153,5944,565.5,"upper_tail"
699010,1968,"bc5294",12000,153,5944,584.1,"upper_tail"
699011,1968,"bc5294",12000,153,5944,607.2,"upper_tail"
699012,1968,"bc5294",12000,153,5944,652,"upper_tail"
699013,1968,"bc5294",12000,153,5944,703.6,"upper_tail"
699014,1968,"bc5294",12000,153,5944,740.9,"upper_tail"
699015,1968,"bc5294",12000,153,5944,788.3,"upper_tail"
699016,1968,"bc5294",12000,153,5944,832.1,"upper_tail"
699017,1968,"bc5294",12000,153,5944,891,"upper_tail"
699018,1968,"bc5294",12000,153,5944,970.9,"upper_tail"
699019,1968,"bc5294",12000,153,5944,1049.9,"upper_tail"
699020,1968,"bc5294",12000,153,5944,1053.2,"upper_tail"
699021,1968,"bc5294",12000,153,5944,994.8,"upper_tail"
699022,1968,"bc5294",12000,153,5944,956.7,"upper_tail"
699023,1968,"bc5294",12000,153,5944,964.7,"upper_tail"
699024,1968,"bc5294",12000,153,5944,1009.4,"upper_tail"
699025,1968,"bc5294",12000,153,5944,1087.3,"upper_tail"
699026,1968,"bc5294",12000,153,5944,1173.4,"upper_tail"
699027,1968,"bc5294",12000,153,5944,1291.9,"upper_tail"
699028,1968,"bc5294",12000,153,5944,1359.2,"upper_tail"
699029,1968,"bc5294",12000,153,5944,1300.7,"upper_tail"
699030,1968,"bc5294",12000,153,5944,1250.7,"upper_tail"
699031,1968,"bc5294",12000,153,5944,1209.2,"upper_tail"
699032,1968,"bc5294",12000,153,5944,1158.4,"upper_tail"
699033,1968,"bc5294",12000,153,5944,1074.3,"upper_tail"
699034,1968,"bc5294",12000,153,5944,953.1,"upper_tail"
699035,1968,"bc5294",12000,153,5944,827.5,"upper_tail"
699036,1968,"bc5294",12000,153,5944,725.9,"upper_tail"
699037,1968,"bc5294",12000,153,5944,671,"upper_tail"
699038,1968,"bc5294",12000,153,5944,655.3,"upper_tail"
699039,1968,"bc5294",12000,153,5944,658.9,"upper_tail"
699040,1968,"bc5294",12000,153,5944,676.2,"upper_tail"
699041,1968,"bc5294",12000,153,5944,686.5,"upper_tail"
699042,1968,"bc5294",12000,153,5944,697.1,"upper_tail"
699043,1968,"bc5294",12000,153,5944,712,"upper_tail"
699044,1968,"bc5294",12000,153,5944,713.6,"upper_tail"
699045,1968,"bc5294",12000,153,5944,698.9,"upper_tail"
699046,1968,"bc5294",12000,153,5944,674.6,"upper_tail"
699047,1968,"bc5294",12000,153,5944,644.2,"upper_tail"
699048,1968,"bc5294",12000,153,5944,616.9,"upper_tail"
699049,1968,"bc5294",12000,153,5944,600.3,"upper_tail"
699050,1968,"bc5294",12000,153,5944,598.5,"upper_tail"
699051,1968,"bc5294",12000,153,5944,607.7,"upper_tail"
699052,1968,"bc5294",12000,153,5944,626.5,"upper_tail"
699053,1968,"bc5294",12000,153,5944,644,"upper_tail"
699054,1968,"bc5294",12000,153,5944,645.1,"upper_tail"
707145,1968,"bc5292",6000,153,4267,573.2,"upper_tail"
707146,1968,"bc5292",6000,153,4267,605.5,"upper_tail"
707147,1968,"bc5292",6000,153,4267,750,"upper_tail"
707148,1968,"bc5292",6000,153,4267,620.8,"upper_tail"
707149,1968,"bc5292",6000,153,4267,510.5,"upper_tail"
707164,1968,"bc5289",12000,153,5791,1418.5,"upper_tail"
707165,1968,"bc5289",12000,153,5791,763.9,"upper_tail"
707166,1968,"bc5289",12000,153,5791,763.9,"upper_tail"
707167,1968,"bc5289",12000,153,5791,1418.5,"upper_tail"
707168,1968,"bc5289",12000,153,5791,1418.5,"upper_tail"
707169,1968,"bc5289",12000,153,5791,763.9,"upper_tail"
728434,1980,"bc80119",5000,153,3048,1649.4,"upper_tail"
728435,1980,"bc80119",5000,153,3048,1645.8,"upper_tail"
728436,1980,"bc80119",5000,153,3048,1632.9,"upper_tail"
728437,1980,"bc80119",5000,153,3048,1618.3,"upper_tail"
728438,1980,"bc80119",5000,153,3048,1604,"upper_tail"
728439,1980,"bc80119",5000,153,3048,1593.4,"upper_tail"
728440,1980,"bc80119",5000,153,3048,1582.8,"upper_tail"
728441,1980,"bc80119",5000,153,3048,1575.3,"upper_tail"
728442,1980,"bc80119",5000,153,3048,1566.1,"upper_tail"
728443,1980,"bc80119",5000,153,3048,1555.7,"upper_tail"
728444,1980,"bc80119",5000,153,3048,1549.7,"upper_tail"
728445,1980,"bc80119",5000,153,3048,1549.2,"upper_tail"
728446,1980,"bc80119",5000,153,3048,1559.8,"upper_tail"
728447,1980,"bc80119",5000,153,3048,1572.1,"upper_tail"
728448,1980,"bc80119",5000,153,3048,1584.6,"upper_tail"
728449,1980,"bc80119",5000,153,3048,1598.3,"upper_tail"
728450,1980,"bc80119",5000,153,3048,1613.7,"upper_tail"
728451,1980,"bc80119",5000,153,3048,1623.8,"upper_tail"
728452,1980,"bc80119",5000,153,3048,1626.9,"upper_tail"
728453,1980,"bc80119",5000,153,3048,1616.2,"upper_tail"
728454,1980,"bc80119",5000,153,3048,1537.4,"upper_tail"
728455,1980,"bc80119",5000,153,3048,1550.1,"upper_tail"
728456,1980,"bc80119",5000,153,3048,1561.8,"upper_tail"
728457,1980,"bc80119",5000,153,3048,1564.8,"upper_tail"
728458,1980,"bc80119",5000,153,3048,1558.4,"upper_tail"
728459,1980,"bc80119",5000,153,3048,1550.3,"upper_tail"
728460,1980,"bc80119",5000,153,3048,1545.5,"upper_tail"
728461,1980,"bc80119",5000,153,3048,1538.8,"upper_tail"
728462,1980,"bc80119",5000,153,3048,1535.7,"upper_tail"
728463,1980,"bc80119",5000,153,3048,1539.4,"upper_tail"
728464,1980,"bc80119",5000,153,3048,1544.5,"upper_tail"
728465,1980,"bc80119",5000,153,3048,1549.1,"upper_tail"
728466,1980,"bc80119",5000,153,3048,1556.2,"upper_tail"
728467,1980,"bc80119",5000,153,3048,1572.3,"upper_tail"
728468,1980,"bc80119",5000,153,3048,1587,"upper_tail"
728469,1980,"bc80119",5000,153,3048,1593.9,"upper_tail"
728470,1980,"bc80119",5000,153,3048,1604.4,"upper_tail"
728471,1980,"bc80119",5000,153,3048,1618.1,"upper_tail"
728472,1980,"bc80119",5000,153,3048,1629.2,"upper_tail"
777683,1969,"bc5330",2000,153,1890,96,"upper_tail"
777684,1969,"bc5330",2000,153,1890,109.2,"upper_tail"
777685,1969,"bc5330",2000,153,1890,162.5,"upper_tail"
777686,1969,"bc5330",2000,153,1890,96,"upper_tail"
777687,1969,"bc5330",2000,153,1890,109.2,"upper_tail"
777688,1969,"bc5330",2000,153,1890,162.5,"upper_tail"
881814,1986,"bc86110",4000,153,2088,1365.9,"upper_tail"
881815,1986,"bc86110",4000,153,2088,1358.1,"upper_tail"
881816,1986,"bc86110",4000,153,2088,1343.9,"upper_tail"
881817,1986,"bc86110",4000,153,2088,1325.1,"upper_tail"
881818,1986,"bc86110",4000,153,2088,1299.3,"upper_tail"
1110792,1979,"bc79058",20000,153,10668,1773.6,"upper_tail"
1110793,1979,"bc79058",20000,153,10668,1736.5,"upper_tail"
1110794,1979,"bc79058",20000,153,10668,1514.8,"upper_tail"
1110795,1979,"bc79058",20000,153,10668,1083.8,"upper_tail"
1110796,1979,"bc79058",20000,153,10668,811.1,"upper_tail"
1110797,1979,"bc79058",20000,153,10668,892.4,"upper_tail"
1110798,1979,"bc79058",20000,153,10668,1046.8,"upper_tail"
1110799,1979,"bc79058",20000,153,10668,1058.9,"upper_tail"
1110800,1979,"bc79058",20000,153,10668,1002.4,"upper_tail"
1110801,1979,"bc79058",20000,153,10668,1102.9,"upper_tail"
1110802,1979,"bc79058",20000,153,10668,1247.3,"upper_tail"
1110803,1979,"bc79058",20000,153,10668,1370.6,"upper_tail"
1110804,1979,"bc79058",20000,153,10668,1420.1,"upper_tail"
1110805,1979,"bc79058",20000,153,10668,1303.7,"upper_tail"
1137917,1979,"bc79027",13000,153,19995,79.9,"upper_tail"
1137918,1979,"bc79027",13000,153,19995,66.9,"upper_tail"
1137919,1979,"bc79027",13000,153,19995,57.1,"upper_tail"
1137920,1979,"bc79027",13000,153,19995,54.2,"upper_tail"
1137921,1979,"bc79027",13000,153,19995,60.5,"upper_tail"
1137922,1979,"bc79027",13000,153,19995,69.3,"upper_tail"
1137923,1979,"bc79027",13000,153,19995,78.3,"upper_tail"
1137924,1979,"bc79027",13000,153,19995,84.5,"upper_tail"
1137925,1979,"bc79027",13000,153,19995,82.2,"upper_tail"
1137926,1979,"bc79027",13000,153,19995,72.9,"upper_tail"
1138175,1979,"bc79103",10000,153,21946,525.3,"upper_tail"
1138176,1979,"bc79103",10000,153,21946,557.8,"upper_tail"
1138177,1979,"bc79103",10000,153,21946,578.6,"upper_tail"
1138178,1979,"bc79103",10000,153,21946,597.8,"upper_tail"
1138179,1979,"bc79103",10000,153,21946,598.8,"upper_tail"
1138180,1979,"bc79103",10000,153,21946,586,"upper_tail"
1138181,1979,"bc79103",10000,153,21946,580.5,"upper_tail"
1138182,1979,"bc79103",10000,153,21946,600.7,"upper_tail"
1138183,1979,"bc79103",10000,153,21946,626,"upper_tail"
1138184,1979,"bc79103",10000,153,21946,630.6,"upper_tail"
1138185,1979,"bc79103",10000,153,21946,629.9,"upper_tail"
1138186,1979,"bc79103",10000,153,21946,620.6,"upper_tail"
1138187,1979,"bc79103",10000,153,21946,613.6,"upper_tail"
1138188,1979,"bc79103",10000,153,21946,613.6,"upper_tail"
1138189,1979,"bc79103",10000,153,21946,621.5,"upper_tail"
1138190,1979,"bc79103",10000,153,21946,646.6,"upper_tail"
1138191,1979,"bc79103",10000,153,21946,655.4,"upper_tail"
1138192,1979,"bc79103",10000,153,21946,669.9,"upper_tail"
1138193,1979,"bc79103",10000,153,21946,715.8,"upper_tail"
1138194,1979,"bc79103",10000,153,21946,747.5,"upper_tail"
1138195,1979,"bc79103",10000,153,21946,719.6,"upper_tail"
1138196,1979,"bc79103",10000,153,21946,651.8,"upper_tail"
1138197,1979,"bc79103",10000,153,21946,615.1,"upper_tail"
1138198,1979,"bc79103",10000,153,21946,613.2,"upper_tail"
1161556,1978,"bc78122",10000,83,4267,988.9,"upper_tail"
1161557,1978,"bc78122",10000,83,4267,1009.8,"upper_tail"
1161558,1978,"bc78122",10000,83,4267,1023.2,"upper_tail"
1161559,1978,"bc78122",10000,83,4267,1032,"upper_tail"
1161560,1978,"bc78122",10000,83,4267,1030.2,"upper_tail"
1161561,1978,"bc78122",10000,83,4267,1011.6,"upper_tail"
1161562,1978,"bc78122",10000,83,4267,987.4,"upper_tail"
1161563,1978,"bc78122",10000,83,4267,972.1,"upper_tail"
1161564,1978,"bc78122",10000,83,4267,955.9,"upper_tail"
1161565,1978,"bc78122",10000,83,4267,942.7,"upper_tail"
1161566,1978,"bc78122",10000,83,4267,937.8,"upper_tail"
1161567,1978,"bc78122",10000,83,4267,937.5,"upper_tail"
1161568,1978,"bc78122",10000,83,4267,945.8,"upper_tail"
1161569,1978,"bc78122",10000,83,4267,968.5,"upper_tail"
1161570,1978,"bc78122",10000,83,4267,1002.4,"upper_tail"
1161571,1978,"bc78122",10000,83,4267,1044.4,"upper_tail"
1161572,1978,"bc78122",10000,83,4267,1089.1,"upper_tail"
1161573,1978,"bc78122",10000,83,4267,1133.4,"upper_tail"
1161574,1978,"bc78122",10000,83,4267,1169,"upper_tail"
1161575,1978,"bc78122",10000,83,4267,1198.6,"upper_tail"
1161576,1978,"bc78122",10000,83,4267,1217.1,"upper_tail"
1161577,1978,"bc78122",10000,83,4267,1222.6,"upper_tail"
1161578,1978,"bc78122",10000,83,4267,1217,"upper_tail"
1161579,1978,"bc78122",10000,83,4267,1200.6,"upper_tail"
1161580,1978,"bc78122",10000,83,4267,1174.5,"upper_tail"
1161581,1978,"bc78122",10000,83,4267,1089.6,"upper_tail"
1161582,1978,"bc78122",10000,83,4267,1114.2,"upper_tail"
1161583,1978,"bc78122",10000,83,4267,1132.6,"upper_tail"
1161584,1978,"bc78122",10000,83,4267,1140,"upper_tail"
1161585,1978,"bc78122",10000,83,4267,1137.4,"upper_tail"
1161586,1978,"bc78122",10000,83,4267,1124.4,"upper_tail"
1161587,1978,"bc78122",10000,83,4267,1101.3,"upper_tail"
1161588,1978,"bc78122",10000,83,4267,1068.4,"upper_tail"
1161589,1978,"bc78122",10000,83,4267,1033.5,"upper_tail"
1161590,1978,"bc78122",10000,83,4267,999.8,"upper_tail"
1161591,1978,"bc78122",10000,83,4267,971.7,"upper_tail"
1161592,1978,"bc78122",10000,83,4267,951,"upper_tail"
1161593,1978,"bc78122",10000,83,4267,937.7,"upper_tail"
1161594,1978,"bc78122",10000,83,4267,935.6,"upper_tail"
1161595,1978,"bc78122",10000,83,4267,941.1,"upper_tail"
1161596,1978,"bc78122",10000,83,4267,939,"upper_tail"
1161597,1978,"bc78122",10000,83,4267,933.9,"upper_tail"
1161598,1978,"bc78122",10000,83,4267,928.5,"upper_tail"
1161599,1978,"bc78122",10000,83,4267,929.3,"upper_tail"
1161600,1978,"bc78122",10000,83,4267,936,"upper_tail"
1161601,1978,"bc78122",10000,83,4267,939.1,"upper_tail"
1161602,1978,"bc78122",10000,83,4267,929.9,"upper_tail"
1161603,1978,"bc78122",10000,83,4267,927.7,"upper_tail"
1161604,1978,"bc78122",10000,83,4267,922.2,"upper_tail"
1161605,1978,"bc78122",10000,83,4267,927.7,"upper_tail"
1161606,1978,"bc78122",10000,83,4267,929.1,"upper_tail"
1161607,1978,"bc78122",10000,83,4267,935.6,"upper_tail"
1161608,1978,"bc78122",10000,83,4267,932.9,"upper_tail"
1161609,1978,"bc78122",10000,83,4267,916.5,"upper_tail"
1161610,1978,"bc78122",10000,83,4267,902.7,"upper_tail"
1161611,1978,"bc78122",10000,83,4267,845.2,"upper_tail"
1161612,1978,"bc78122",10000,83,4267,866.8,"upper_tail"
1161613,1978,"bc78122",10000,83,4267,908.3,"upper_tail"
1161614,1978,"bc78122",10000,83,4267,950.5,"upper_tail"
1161615,1978,"bc78122",10000,83,4267,981,"upper_tail"
1161616,1978,"bc78122",10000,83,4267,987.1,"upper_tail"
1161617,1978,"bc78122",10000,83,4267,984.9,"upper_tail"
1161618,1978,"bc78122",10000,83,4267,981,"upper_tail"
1161619,1978,"bc78122",10000,83,4267,972.5,"upper_tail"
1161620,1978,"bc78122",10000,83,4267,960.5,"upper_tail"
1161621,1978,"bc78122",10000,83,4267,953,"upper_tail"
1161622,1978,"bc78122",10000,83,4267,952.1,"upper_tail"
1161623,1978,"bc78122",10000,83,4267,960.6,"upper_tail"
1161624,1978,"bc78122",10000,83,4267,979.5,"upper_tail"
1161625,1978,"bc78122",10000,83,4267,989.3,"upper_tail"
1161626,1978,"bc78122",10000,83,4267,1000.3,"upper_tail"
1161627,1978,"bc78122",10000,83,4267,993.8,"upper_tail"
1161628,1978,"bc78122",10000,83,4267,973.9,"upper_tail"
1161629,1978,"bc78122",10000,83,4267,951.5,"upper_tail"
1161630,1978,"bc78122",10000,83,4267,941.4,"upper_tail"
1161631,1978,"bc78122",10000,83,4267,943.7,"upper_tail"
1161632,1978,"bc78122",10000,83,4267,955.6,"upper_tail"
1161633,1978,"bc78122",10000,83,4267,970,"upper_tail"
1161634,1978,"bc78122",10000,83,4267,982.4,"upper_tail"
1161635,1978,"bc78122",10000,83,4267,986.7,"upper_tail"
1161636,1978,"bc78122",10000,83,4267,986.5,"upper_tail"
1161637,1978,"bc78122",10000,83,4267,978.4,"upper_tail"
1161638,1978,"bc78122",10000,83,4267,969.9,"upper_tail"
1161639,1978,"bc78122",10000,83,4267,959.9,"upper_tail"
1161640,1978,"bc78122",10000,83,4267,949.7,"upper_tail"
1161641,1978,"bc78122",10000,83,4267,938.6,"upper_tail"
1161642,1978,"bc78122",10000,83,4267,926.5,"upper_tail"
1178121,1978,"bc78065",2000,153,4115,126.1,"upper_tail"
1178122,1978,"bc78065",2000,153,4115,126.3,"upper_tail"
1178123,1978,"bc78065",2000,153,4115,125.9,"upper_tail"
1178124,1978,"bc78065",2000,153,4115,124.6,"upper_tail"
1178125,1978,"bc78065",2000,153,4115,123,"upper_tail"
1178126,1978,"bc78065",2000,153,4115,122.2,"upper_tail"
1178127,1978,"bc78065",2000,153,4115,119.5,"upper_tail"
1178128,1978,"bc78065",2000,153,4115,115.8,"upper_tail"
1178129,1978,"bc78065",2000,153,4115,113.2,"upper_tail"
1178130,1978,"bc78065",2000,153,4115,112.8,"upper_tail"
1178131,1978,"bc78065",2000,153,4115,113.3,"upper_tail"
1178132,1978,"bc78065",2000,153,4115,113.1,"upper_tail"
1178133,1978,"bc78065",2000,153,4115,112,"upper_tail"
1178134,1978,"bc78065",2000,153,4115,50.5,"upper_tail"
1178135,1978,"bc78065",2000,153,4115,62.3,"upper_tail"
1178136,1978,"bc78065",2000,153,4115,73.4,"upper_tail"
1178137,1978,"bc78065",2000,153,4115,84,"upper_tail"
1178138,1978,"bc78065",2000,153,4115,92.4,"upper_tail"
1178139,1978,"bc78065",2000,153,4115,95.9,"upper_tail"
1178140,1978,"bc78065",2000,153,4115,96.6,"upper_tail"
1178141,1978,"bc78065",2000,153,4115,100.4,"upper_tail"
1178142,1978,"bc78065",2000,153,4115,108.7,"upper_tail"
1178143,1978,"bc78065",2000,153,4115,115.8,"upper_tail"
1178144,1978,"bc78065",2000,153,4115,120.5,"upper_tail"
1178570,1978,"bc78078",6000,153,9449,49.1,"upper_tail"
1178571,1978,"bc78078",6000,153,9449,36.6,"upper_tail"
1178572,1978,"bc78078",6000,153,9449,49.4,"upper_tail"
1178573,1978,"bc78078",6000,153,9449,61.4,"upper_tail"
1178574,1978,"bc78078",6000,153,9449,61.6,"upper_tail"
1178575,1978,"bc78078",6000,153,9449,63.1,"upper_tail"
1178576,1978,"bc78078",6000,153,9449,86.8,"upper_tail"
1178577,1978,"bc78078",6000,153,9449,103.3,"upper_tail"
1178578,1978,"bc78078",6000,153,9449,100.3,"upper_tail"
1178579,1978,"bc78078",6000,153,9449,84.2,"upper_tail"
1178580,1978,"bc78078",6000,153,9449,66.6,"upper_tail"
1178581,1978,"bc78078",6000,153,9449,63.6,"upper_tail"
1178582,1978,"bc78078",6000,153,9449,67,"upper_tail"
1178583,1978,"bc78078",6000,153,9449,71.4,"upper_tail"
1178584,1978,"bc78078",6000,153,9449,82.8,"upper_tail"
1183130,1978,"bc78146",10000,153,8230,505.4,"upper_tail"
1183131,1978,"bc78146",10000,153,8230,300.7,"upper_tail"
1183132,1978,"bc78146",10000,153,8230,346,"upper_tail"
1183133,1978,"bc78146",10000,153,8230,602,"upper_tail"
1183134,1978,"bc78146",10000,153,8230,864.6,"upper_tail"
1183135,1978,"bc78146",10000,153,8230,1033.2,"upper_tail"
1183136,1978,"bc78146",10000,153,8230,1156.5,"upper_tail"
1183137,1978,"bc78146",10000,153,8230,1389.3,"upper_tail"
1183138,1978,"bc78146",10000,153,8230,1623,"upper_tail"
1183139,1978,"bc78146",10000,153,8230,1718.3,"upper_tail"
1183140,1978,"bc78146",10000,153,8230,1788.3,"upper_tail"
1183141,1978,"bc78146",10000,153,8230,1962.5,"upper_tail"
1183142,1978,"bc78146",10000,153,8230,2057.4,"upper_tail"
1183143,1978,"bc78146",10000,153,8230,1921.7,"upper_tail"
1183144,1978,"bc78146",10000,153,8230,1804.5,"upper_tail"
1183145,1978,"bc78146",10000,153,8230,1929.5,"upper_tail"
1183146,1978,"bc78146",10000,153,8230,2087.4,"upper_tail"
1183147,1978,"bc78146",10000,153,8230,1996.6,"upper_tail"
1183148,1978,"bc78146",10000,153,8230,1782.5,"upper_tail"
1183149,1978,"bc78146",10000,153,8230,1746.3,"upper_tail"
1183150,1978,"bc78146",10000,153,8230,1885.3,"upper_tail"
1183151,1978,"bc78146",10000,153,8230,2027.5,"upper_tail"
1183152,1978,"bc78146",10000,153,8230,2144.4,"upper_tail"
1183153,1978,"bc78146",10000,153,8230,2325.2,"upper_tail"
1183154,1978,"bc78146",10000,153,8230,2420.5,"upper_tail"
1183155,1978,"bc78146",10000,153,8230,2294.9,"upper_tail"
1183156,1978,"bc78146",10000,153,8230,2064.5,"upper_tail"
1183157,1978,"bc78146",10000,153,8230,2027.1,"upper_tail"
1183158,1978,"bc78146",10000,153,8230,2164.3,"upper_tail"
1183159,1978,"bc78146",10000,153,8230,2219.7,"upper_tail"
1183160,1978,"bc78146",10000,153,8230,2065.9,"upper_tail"
1183161,1978,"bc78146",10000,153,8230,1832.8,"upper_tail"
1183162,1978,"bc78146",10000,153,8230,1794.5,"upper_tail"
1183163,1978,"bc78146",10000,153,8230,1883.9,"upper_tail"
1183164,1978,"bc78146",10000,153,8230,2007.5,"upper_tail"
1183165,1978,"bc78146",10000,153,8230,1962.4,"upper_tail"
1183166,1978,"bc78146",10000,153,8230,1583.2,"upper_tail"
1183167,1978,"bc78146",10000,153,8230,1428.6,"upper_tail"
1183168,1978,"bc78146",10000,153,8230,1287.1,"upper_tail"
1183169,1978,"bc78146",10000,153,8230,1104.1,"upper_tail"
1183170,1978,"bc78146",10000,153,8230,965.4,"upper_tail"
1183171,1978,"bc78146",10000,153,8230,1053.6,"upper_tail"
1183172,1978,"bc78146",10000,153,8230,1320.6,"upper_tail"
1183173,1978,"bc78146",10000,153,8230,1607.6,"upper_tail"
1183174,1978,"bc78146",10000,153,8230,1763.7,"upper_tail"
1183175,1978,"bc78146",10000,153,8230,1822.9,"upper_tail"
1183176,1978,"bc78146",10000,153,8230,1900.5,"upper_tail"
1183177,1978,"bc78146",10000,153,8230,2005.3,"upper_tail"
1183178,1978,"bc78146",10000,153,8230,2029.9,"upper_tail"
1183179,1978,"bc78146",10000,153,8230,1903.1,"upper_tail"
1183180,1978,"bc78146",10000,153,8230,1629.1,"upper_tail"
1183181,1978,"bc78146",10000,153,8230,1482.6,"upper_tail"
1183182,1978,"bc78146",10000,153,8230,1575.4,"upper_tail"
1183183,1978,"bc78146",10000,153,8230,1742.1,"upper_tail"
1183184,1978,"bc78146",10000,153,8230,1890.1,"upper_tail"
1183185,1978,"bc78146",10000,153,8230,2051.2,"upper_tail"
1183186,1978,"bc78146",10000,153,8230,2170.4,"upper_tail"
1183187,1978,"bc78146",10000,153,8230,2172.4,"upper_tail"
1183188,1978,"bc78146",10000,153,8230,2103.2,"upper_tail"
1183189,1978,"bc78146",10000,153,8230,2026.9,"upper_tail"
1183190,1978,"bc78146",10000,153,8230,1929.6,"upper_tail"
1183191,1978,"bc78146",10000,153,8230,1865.2,"upper_tail"
1183192,1978,"bc78146",10000,153,8230,1780.2,"upper_tail"
1183193,1978,"bc78146",10000,153,8230,1691.1,"upper_tail"
1183194,1978,"bc78146",10000,153,8230,1641.2,"upper_tail"
1225143,1976,"bc7899",6000,305,6248,76.5,"upper_tail"
1225144,1976,"bc7899",6000,305,6248,81,"upper_tail"
1225145,1976,"bc7899",6000,305,6248,106.4,"upper_tail"
1225146,1976,"bc7899",6000,305,6248,111.1,"upper_tail"
1225147,1976,"bc7899",6000,305,6248,80.5,"upper_tail"
1225148,1976,"bc7899",6000,305,6248,43.4,"upper_tail"
1225149,1976,"bc7899",6000,305,6248,124.7,"upper_tail"
1225150,1976,"bc7899",6000,305,6248,786.4,"upper_tail"
1225151,1976,"bc7899",6000,305,6248,341.1,"upper_tail"
1225152,1976,"bc7899",6000,305,6248,402.3,"upper_tail"
1225153,1976,"bc7899",6000,305,6248,103.5,"upper_tail"
1225154,1976,"bc7899",6000,305,6248,39.8,"upper_tail"
1225155,1976,"bc7899",6000,305,6248,62.2,"upper_tail"
1225156,1976,"bc7899",6000,305,6248,82,"upper_tail"
1225157,1976,"bc7899",6000,305,6248,167.5,"upper_tail"
1225158,1976,"bc7899",6000,305,6248,225.6,"upper_tail"
1225159,1976,"bc7899",6000,305,6248,262.1,"upper_tail"
1225160,1976,"bc7899",6000,305,6248,317.2,"upper_tail"
1225161,1976,"bc7899",6000,305,6248,442.4,"upper_tail"
1225162,1976,"bc7899",6000,305,6248,646.9,"upper_tail"
1225163,1976,"bc7899",6000,305,6248,794.3,"upper_tail"
1225164,1976,"bc7899",6000,305,6248,844.7,"upper_tail"
1225165,1976,"bc7899",6000,305,6248,460.1,"upper_tail"
1225166,1976,"bc7899",6000,305,6248,498.7,"upper_tail"
1225167,1976,"bc7899",6000,305,6248,486.7,"upper_tail"
1225168,1976,"bc7899",6000,305,6248,530,"upper_tail"
1225169,1976,"bc7899",6000,305,6248,473.1,"upper_tail"
1225170,1976,"bc7899",6000,305,6248,332.9,"upper_tail"
1225171,1976,"bc7899",6000,305,6248,486.8,"upper_tail"
1225172,1976,"bc7899",6000,305,6248,651.1,"upper_tail"
1225173,1976,"bc7899",6000,305,6248,1259.1,"upper_tail"
1225174,1976,"bc7899",6000,305,6248,1099.8,"upper_tail"
1260213,1967,"bc5247",4800,153,3078,716.1,"upper_tail"
1260214,1967,"bc5247",4800,153,3078,723.5,"upper_tail"
1260215,1967,"bc5247",4800,153,3078,864.5,"upper_tail"
1260273,1967,"bc5247",4800,153,3048,725.3,"upper_tail"
1260274,1967,"bc5247",4800,153,3048,720.8,"upper_tail"
1260275,1967,"bc5247",4800,153,3048,729.5,"upper_tail"
1260276,1967,"bc5247",4800,153,3048,716.5,"upper_tail"
1260277,1967,"bc5247",4800,153,3048,763,"upper_tail"
1260278,1967,"bc5247",4800,153,3048,789.3,"upper_tail"
1260279,1967,"bc5247",4800,153,3048,766.4,"upper_tail"
1260280,1967,"bc5247",4800,153,3048,766.7,"upper_tail"
1260281,1967,"bc5247",4800,153,3048,753.2,"upper_tail"
1260282,1967,"bc5247",4800,153,3048,698.8,"upper_tail"
1260283,1967,"bc5247",4800,153,3048,670.9,"upper_tail"
1260284,1967,"bc5247",4800,153,3048,672.3,"upper_tail"
1260285,1967,"bc5247",4800,153,3048,679.1,"upper_tail"
1293817,1975,"bc5667",6000,153,2804,665.8,"upper_tail"
1293818,1975,"bc5667",6000,153,2804,668.7,"upper_tail"
1293819,1975,"bc5667",6000,153,2804,511,"upper_tail"
1293820,1975,"bc5667",6000,153,2804,232.9,"upper_tail"
1293821,1975,"bc5667",6000,153,2804,666.1,"upper_tail"
1293822,1975,"bc5667",6000,153,2804,210.9,"upper_tail"
1293823,1975,"bc5667",6000,153,2804,314.1,"upper_tail"
1293824,1975,"bc5667",6000,153,2804,0.1,"upper_tail"
1334788,1974,"bc5596",12000,153,26212,966.6,"upper_tail"
1334789,1974,"bc5596",12000,153,26212,860.1,"upper_tail"
1334790,1974,"bc5596",12000,153,26212,813.3,"upper_tail"
1334791,1974,"bc5596",12000,153,26212,826.6,"upper_tail"
1334792,1974,"bc5596",12000,153,26212,849.8,"upper_tail"
1334793,1974,"bc5596",12000,153,26212,868.4,"upper_tail"
1334794,1974,"bc5596",12000,153,26212,878.4,"upper_tail"
1334795,1974,"bc5596",12000,153,26212,891.3,"upper_tail"
1541951,2005,"bcc05001",30000,153,62500,1531.3,"upper_tail"
1541952,2005,"bcc05001",30000,153,62500,1339.4,"upper_tail"
1541953,2005,"bcc05001",30000,153,62500,1202.6,"upper_tail"
1541954,2005,"bcc05001",30000,153,62500,1196.5,"upper_tail"
1541955,2005,"bcc05001",30000,153,62500,1312,"upper_tail"
1541956,2005,"bcc05001",30000,153,62500,1378,"upper_tail"
1541957,2005,"bcc05001",30000,153,62500,1327.5,"upper_tail"
1541958,2005,"bcc05001",30000,153,62500,1336.4,"upper_tail"
1541959,2005,"bcc05001",30000,153,62500,1376.7,"upper_tail"
1541960,2005,"bcc05001",30000,153,62500,1454.1,"upper_tail"
1541961,2005,"bcc05001",30000,153,62500,1511.2,"upper_tail"
1541962,2005,"bcc05001",30000,153,62500,1459.8,"upper_tail"
1541963,2005,"bcc05001",30000,153,62500,1416.6,"upper_tail"
1541964,2005,"bcc05001",30000,153,62500,1397.6,"upper_tail"
1541965,2005,"bcc05001",30000,153,62500,1537.5,"upper_tail"
1541966,2005,"bcc05001",30000,153,62500,1545.1,"upper_tail"
1541967,2005,"bcc05001",30000,153,62500,1308.1,"upper_tail"
1541968,2005,"bcc05001",30000,153,62500,1054.6,"upper_tail"
1541969,2005,"bcc05001",30000,153,62500,1138.4,"upper_tail"
1541970,2005,"bcc05001",30000,153,62500,1404.9,"upper_tail"
1541971,2005,"bcc05001",30000,153,62500,1566.6,"upper_tail"
1541972,2005,"bcc05001",30000,153,62500,1529.2,"upper_tail"
1541973,2005,"bcc05001",30000,153,62500,1494.3,"upper_tail"
1541974,2005,"bcc05001",30000,153,62500,1221.7,"upper_tail"
1541975,2005,"bcc05001",30000,153,62500,873.4,"upper_tail"
1541976,2005,"bcc05001",30000,153,62500,897.3,"upper_tail"
1541977,2005,"bcc05001",30000,153,62500,1336.3,"upper_tail"
1541978,2005,"bcc05001",30000,153,62500,1654.1,"upper_tail"
1541979,2005,"bcc05001",30000,153,62500,1612,"upper_tail"
1541980,2005,"bcc05001",30000,153,62500,1437.7,"upper_tail"
1541981,2005,"bcc05001",30000,153,62500,1273.6,"upper_tail"
1541982,2005,"bcc05001",30000,153,62500,1209.6,"upper_tail"
1541983,2005,"bcc05001",30000,153,62500,1144.6,"upper_tail"
1541984,2005,"bcc05001",30000,153,62500,1150.6,"upper_tail"
1541985,2005,"bcc05001",30000,153,62500,1200.1,"upper_tail"
1541986,2005,"bcc05001",30000,153,62500,1267.6,"upper_tail"
1541987,2005,"bcc05001",30000,153,62500,1266.7,"upper_tail"
1541988,2005,"bcc05001",30000,153,62500,1275.1,"upper_tail"
1541989,2005,"bcc05001",30000,153,62500,1293.4,"upper_tail"
1541990,2005,"bcc05001",30000,153,62500,1327,"upper_tail"
1541991,2005,"bcc05001",30000,153,62500,1396.8,"upper_tail"
1541992,2005,"bcc05001",30000,153,62500,1468.9,"upper_tail"
1541993,2005,"bcc05001",30000,153,62500,1506.8,"upper_tail"
1541994,2005,"bcc05001",30000,153,62500,1483.3,"upper_tail"
1541995,2005,"bcc05001",30000,153,62500,1409.1,"upper_tail"
1541996,2005,"bcc05001",30000,153,62500,1333.4,"upper_tail"
1541997,2005,"bcc05001",30000,153,62500,1370.3,"upper_tail"
1541998,2005,"bcc05001",30000,153,62500,1372.3,"upper_tail"
1541999,2005,"bcc05001",30000,153,62500,1391.5,"upper_tail"
1542000,2005,"bcc05001",30000,153,62500,1534.1,"upper_tail"
1542001,2005,"bcc05001",30000,153,62500,1509.8,"upper_tail"
1542002,2005,"bcc05001",30000,153,62500,1498.1,"upper_tail"
1542003,2005,"bcc05001",30000,153,62500,1442.5,"upper_tail"
1542004,2005,"bcc05001",30000,153,62500,1371.4,"upper_tail"
1542005,2005,"bcc05001",30000,153,62500,1449.4,"upper_tail"
1542006,2005,"bcc05001",30000,153,62500,1446.7,"upper_tail"
1542007,2005,"bcc05001",30000,153,62500,1432,"upper_tail"
1542008,2005,"bcc05001",30000,153,62500,1494.2,"upper_tail"
1542009,2005,"bcc05001",30000,153,62500,1636.3,"upper_tail"
1542010,2005,"bcc05001",30000,153,62500,1659,"upper_tail"
1542011,2005,"bcc05001",30000,153,62500,1570.9,"upper_tail"
1542012,2005,"bcc05001",30000,153,62500,1492.6,"upper_tail"
1542013,2005,"bcc05001",30000,153,62500,1477.8,"upper_tail"
1542014,2005,"bcc05001",30000,153,62500,1453.5,"upper_tail"
1542015,2005,"bcc05001",30000,153,62500,1275.1,"upper_tail"
1542016,2005,"bcc05001",30000,153,62500,1191.7,"upper_tail"
1542017,2005,"bcc05001",30000,153,62500,1197.5,"upper_tail"
1542018,2005,"bcc05001",30000,153,62500,1178.5,"upper_tail"
1542019,2005,"bcc05001",30000,153,62500,1093.1,"upper_tail"
1542020,2005,"bcc05001",30000,153,62500,1134.6,"upper_tail"
1542021,2005,"bcc05001",30000,153,62500,1235.8,"upper_tail"
1542022,2005,"bcc05001",30000,153,62500,1421.4,"upper_tail"
1542023,2005,"bcc05001",30000,153,62500,1596.4,"upper_tail"
1542024,2005,"bcc05001",30000,153,62500,1597.7,"upper_tail"
1542025,2005,"bcc05001",30000,153,62500,1343.2,"upper_tail"
1542026,2005,"bcc05001",30000,153,62500,993.9,"upper_tail"
1542027,2005,"bcc05001",30000,153,62500,795.8,"upper_tail"
1542028,2005,"bcc05001",30000,153,62500,710.8,"upper_tail"
1542029,2005,"bcc05001",30000,153,62500,568,"upper_tail"
1542030,2005,"bcc05001",30000,153,62500,559.1,"upper_tail"
1542031,2005,"bcc05001",30000,153,62500,885.9,"upper_tail"
1542032,2005,"bcc05001",30000,153,62500,764.1,"upper_tail"
1542033,2005,"bcc05001",30000,153,62500,537.3,"upper_tail"
1542034,2005,"bcc05001",30000,153,62500,659.1,"upper_tail"
1542035,2005,"bcc05001",30000,153,62500,901.3,"upper_tail"
1542036,2005,"bcc05001",30000,153,62500,1008.2,"upper_tail"
1542037,2005,"bcc05001",30000,153,62500,1019.2,"upper_tail"
1542038,2005,"bcc05001",30000,153,62500,1085.5,"upper_tail"
1542039,2005,"bcc05001",30000,153,62500,1082.6,"upper_tail"
1542040,2005,"bcc05001",30000,153,62500,1094.2,"upper_tail"
1542041,2005,"bcc05001",30000,153,62500,1062.9,"upper_tail"
1542042,2005,"bcc05001",30000,153,62500,1029.3,"upper_tail"
1542043,2005,"bcc05001",30000,153,62500,1104,"upper_tail"
1542044,2005,"bcc05001",30000,153,62500,1322.7,"upper_tail"
1542045,2005,"bcc05001",30000,153,62500,1485.1,"upper_tail"
1542046,2005,"bcc05001",30000,153,62500,1492.4,"upper_tail"
1542047,2005,"bcc05001",30000,153,62500,1332.8,"upper_tail"
1542048,2005,"bcc05001",30000,153,62500,1216.4,"upper_tail"
1542049,2005,"bcc05001",30000,153,62500,1297.7,"upper_tail"
1542050,2005,"bcc05001",30000,153,62500,1486.7,"upper_tail"
1542051,2005,"bcc05001",30000,153,62500,1591.4,"upper_tail"
1542052,2005,"bcc05001",30000,153,62500,1607.2,"upper_tail"
1542053,2005,"bcc05001",30000,153,62500,1635.7,"upper_tail"
1542054,2005,"bcc05001",30000,153,62500,1641.5,"upper_tail"
1542055,2005,"bcc05001",30000,153,62500,1588.7,"upper_tail"
1542056,2005,"bcc05001",30000,153,62500,1607.1,"upper_tail"
1542057,2005,"bcc05001",30000,153,64020,1708.2,"upper_tail"
1542058,2005,"bcc05001",30000,153,64020,1622.6,"upper_tail"
1542059,2005,"bcc05001",30000,153,64020,1525.8,"upper_tail"
1542060,2005,"bcc05001",30000,153,64020,1449.2,"upper_tail"
1542061,2005,"bcc05001",30000,153,64020,1454.8,"upper_tail"
1542062,2005,"bcc05001",30000,153,64020,1346.9,"upper_tail"
1542063,2005,"bcc05001",30000,153,64020,1231.1,"upper_tail"
1542064,2005,"bcc05001",30000,153,64020,1263.3,"upper_tail"
1542065,2005,"bcc05001",30000,153,64020,1480.4,"upper_tail"
1542066,2005,"bcc05001",30000,153,64020,1596,"upper_tail"
1542067,2005,"bcc05001",30000,153,64020,1566.3,"upper_tail"
1542068,2005,"bcc05001",30000,153,64020,1454.3,"upper_tail"
1542069,2005,"bcc05001",30000,153,64020,1292.8,"upper_tail"
1542070,2005,"bcc05001",30000,153,64020,1216.8,"upper_tail"
1542071,2005,"bcc05001",30000,153,64020,1217.2,"upper_tail"
1542072,2005,"bcc05001",30000,153,64020,1110.7,"upper_tail"
1542073,2005,"bcc05001",30000,153,64020,1127.1,"upper_tail"
1542074,2005,"bcc05001",30000,153,64020,1288.9,"upper_tail"
1542075,2005,"bcc05001",30000,153,64020,1392,"upper_tail"
1542076,2005,"bcc05001",30000,153,64020,1323.1,"upper_tail"
1542077,2005,"bcc05001",30000,153,64020,1193.7,"upper_tail"
1542078,2005,"bcc05001",30000,153,64020,935.4,"upper_tail"
1542079,2005,"bcc05001",30000,153,64020,678.5,"upper_tail"
1542080,2005,"bcc05001",30000,153,64020,623.9,"upper_tail"
1542081,2005,"bcc05001",30000,153,64020,966.7,"upper_tail"
1542082,2005,"bcc05001",30000,153,64020,1437.4,"upper_tail"
1542083,2005,"bcc05001",30000,153,64020,1731.2,"upper_tail"
1542084,2005,"bcc05001",30000,153,64020,1813.9,"upper_tail"
1542085,2005,"bcc05001",30000,153,64000,1449.6,"upper_tail"
1542086,2005,"bcc05001",30000,153,64000,1446.4,"upper_tail"
1542087,2005,"bcc05001",30000,153,64000,1544.8,"upper_tail"
1542088,2005,"bcc05001",30000,153,64000,1593.1,"upper_tail"
1542089,2005,"bcc05001",30000,153,64000,1570.4,"upper_tail"
1542090,2005,"bcc05001",30000,153,64000,1456.7,"upper_tail"
1542091,2005,"bcc05001",30000,153,64000,1466.8,"upper_tail"
1542092,2005,"bcc05001",30000,153,64000,1505.9,"upper_tail"
1542093,2005,"bcc05001",30000,153,64000,1469.7,"upper_tail"
1542094,2005,"bcc05001",30000,153,64000,1318.8,"upper_tail"
1542095,2005,"bcc05001",30000,153,64000,1151.3,"upper_tail"
1542096,2005,"bcc05001",30000,153,64000,1275.3,"upper_tail"
1542097,2005,"bcc05001",30000,153,64000,1483.9,"upper_tail"
1542098,2005,"bcc05001",30000,153,64000,1565.1,"upper_tail"
1542099,2005,"bcc05001",30000,153,64000,1485.1,"upper_tail"
1542100,2005,"bcc05001",30000,153,64000,1449.5,"upper_tail"
1542101,2005,"bcc05001",30000,153,64000,1346.9,"upper_tail"
1542102,2005,"bcc05001",30000,153,64000,1151.8,"upper_tail"
1542103,2005,"bcc05001",30000,153,64000,795.6,"upper_tail"
1542104,2005,"bcc05001",30000,153,64000,630.6,"upper_tail"
1542105,2005,"bcc05001",30000,153,64000,965.8,"upper_tail"
1542106,2005,"bcc05001",30000,153,64000,1421.8,"upper_tail"
1542107,2005,"bcc05001",30000,153,64000,1756.1,"upper_tail"
1542108,2005,"bcc05001",30000,153,64000,1897.6,"upper_tail"
1542109,2005,"bcc05001",30000,153,64000,1884.9,"upper_tail"
1542110,2005,"bcc05001",30000,153,64000,1859.3,"upper_tail"
1542111,2005,"bcc05001",30000,153,64000,1868.2,"upper_tail"
1542112,2005,"bcc05001",30000,153,64000,1811.1,"upper_tail"
1542113,2005,"bcc05001",30000,153,64000,1722.3,"upper_tail"
1542114,2005,"bcc05001",30000,153,64000,1416.1,"upper_tail"
1542115,2005,"bcc05001",30000,153,64000,949.3,"upper_tail"
1542116,2005,"bcc05001",30000,153,64000,619.8,"upper_tail"
1542117,2005,"bcc05001",30000,153,65550,1606.9,"upper_tail"
1542118,2005,"bcc05001",30000,153,65550,1510.2,"upper_tail"
1542119,2005,"bcc05001",30000,153,65550,1245,"upper_tail"
1542120,2005,"bcc05001",30000,153,65550,887.4,"upper_tail"
1542121,2005,"bcc05001",30000,153,65550,601.4,"upper_tail"
1542122,2005,"bcc05001",30000,153,65550,814,"upper_tail"
1542123,2005,"bcc05001",30000,153,65550,1336.1,"upper_tail"
1542124,2005,"bcc05001",30000,153,65550,1681.3,"upper_tail"
1542125,2005,"bcc05001",30000,153,65550,1771.7,"upper_tail"
1542126,2005,"bcc05001",30000,153,65550,1731.5,"upper_tail"
1542127,2005,"bcc05001",30000,153,65550,1653.2,"upper_tail"
1542128,2005,"bcc05001",30000,153,65550,1556.6,"upper_tail"
1542129,2005,"bcc05001",30000,153,65550,1363.6,"upper_tail"
1542130,2005,"bcc05001",30000,153,65550,1276.6,"upper_tail"
1542131,2005,"bcc05001",30000,153,65550,1349.8,"upper_tail"
1542132,2005,"bcc05001",30000,153,65550,1471.6,"upper_tail"
1542133,2005,"bcc05001",30000,153,65550,1521.1,"upper_tail"
1542134,2005,"bcc05001",30000,153,65550,1705.5,"upper_tail"
1542135,2005,"bcc05001",30000,153,65550,1789,"upper_tail"
1542136,2005,"bcc05001",30000,153,65550,1780.5,"upper_tail"
1542137,2005,"bcc05001",30000,153,65550,1721.2,"upper_tail"
1542138,2005,"bcc05001",30000,153,65550,1713.8,"upper_tail"
1542139,2005,"bcc05001",30000,153,65550,1643,"upper_tail"
1542140,2005,"bcc05001",30000,153,65550,1546.4,"upper_tail"
1542141,2005,"bcc05001",30000,153,65550,1505.6,"upper_tail"
1542142,2005,"bcc05001",30000,153,67070,1844.4,"upper_tail"
1542143,2005,"bcc05001",30000,153,67070,1823.9,"upper_tail"
1542144,2005,"bcc05001",30000,153,67070,1513.2,"upper_tail"
1542145,2005,"bcc05001",30000,153,67070,1065.3,"upper_tail"
1542146,2005,"bcc05001",30000,153,67070,673.6,"upper_tail"
1542147,2005,"bcc05001",30000,153,67070,626.2,"upper_tail"
1542148,2005,"bcc05001",30000,153,67070,999.7,"upper_tail"
1542149,2005,"bcc05001",30000,153,67070,1320.7,"upper_tail"
1542150,2005,"bcc05001",30000,153,67070,1171.9,"upper_tail"
1542151,2005,"bcc05001",30000,153,67070,820.2,"upper_tail"
1542152,2005,"bcc05001",30000,153,67070,604,"upper_tail"
1542153,2005,"bcc05001",30000,153,67070,939.1,"upper_tail"
1542154,2005,"bcc05001",30000,153,67070,1434.3,"upper_tail"
1542155,2005,"bcc05001",30000,153,67070,1709.9,"upper_tail"
1542156,2005,"bcc05001",30000,153,67070,1856.7,"upper_tail"
1542157,2005,"bcc05001",30000,153,67070,1876.1,"upper_tail"
1542158,2005,"bcc05001",30000,153,67070,1777.7,"upper_tail"
1542159,2005,"bcc05001",30000,153,67070,1992.3,"upper_tail"
1542160,2005,"bcc05001",30000,153,67070,1929.4,"upper_tail"
1542161,2005,"bcc05001",30000,153,67070,1862.5,"upper_tail"
1542162,2005,"bcc05001",30000,153,67070,1822.4,"upper_tail"
1542163,2005,"bcc05001",30000,153,67070,1663,"upper_tail"
1542164,2005,"bcc05001",30000,153,67070,1214.8,"upper_tail"
1542165,2005,"bcc05001",30000,153,67070,754.2,"upper_tail"
1542166,2005,"bcc05001",30000,153,67070,623.6,"upper_tail"
1542167,2005,"bcc05001",30000,153,67070,1112,"upper_tail"
