"airp_id","film_roll","frame_number","media","photo_year","scale_n","focal_length","flying_height","elev","base","dup_key"
1471537,"bc5059",105,"Film - BW",1963,12000,153,1981,908.7,596.2,FALSE
1471538,"bc5059",106,"Film - BW",1963,12000,153,1981,1023.4,596.2,FALSE
1471539,"bc5059",107,"Film - BW",1963,12000,153,1981,1103.6,596.2,FALSE
1471540,"bc5059",108,"Film - BW",1963,12000,153,1981,1118.7,596.2,FALSE
1471541,"bc5059",109,"Film - BW",1963,12000,153,1981,1030.4,596.2,FALSE
1471542,"bc5059",110,"Film - BW",1963,12000,153,1981,877.3,596.2,FALSE
1471590,"bc5059",158,"Film - BW",1963,12000,153,1981,948,909.6,FALSE
1471591,"bc5059",159,"Film - BW",1963,12000,153,1981,939.9,473.3,FALSE
1471592,"bc5059",160,"Film - BW",1963,12000,153,1981,909.7,465.9,FALSE
1471593,"bc5059",161,"Film - BW",1963,12000,153,1981,840,465.9,FALSE
1471608,"bc5059",176,"Film - BW",1963,12000,153,1981,834.9,727.6,FALSE
1471718,"bc5059",286,"Film - BW",1963,12000,153,1981,906.8,618.7,FALSE
1471719,"bc5059",287,"Film - BW",1963,12000,153,1981,934.1,618.7,FALSE
1471720,"bc5059",288,"Film - BW",1963,12000,153,1981,934.1,618.7,FALSE
1471721,"bc5059",289,"Film - BW",1963,12000,153,1981,923.4,618.7,FALSE
1471722,"bc5059",290,"Film - BW",1963,12000,153,1981,874.7,618.7,FALSE
1471918,"bc5060",174,"Film - BW",1963,12000,153,2042,909.1,618.4,FALSE
1471919,"bc5060",175,"Film - BW",1963,12000,153,2042,916.9,618.4,FALSE
1471938,"bc5060",194,"Film - BW",1963,12000,153,2042,958,567.4,FALSE
1471939,"bc5060",195,"Film - BW",1963,12000,153,2042,1050.4,567.4,FALSE
1471940,"bc5060",196,"Film - BW",1963,12000,153,2042,1040.6,567.4,FALSE
1471941,"bc5060",197,"Film - BW",1963,12000,153,2042,972.3,567.4,FALSE
1471968,"bc5060",224,"Film - BW",1963,12000,153,1981,838.7,712.8,FALSE
1471969,"bc5060",225,"Film - BW",1963,12000,153,1981,908.3,705.5,FALSE
1471970,"bc5060",226,"Film - BW",1963,12000,153,1981,850.1,705.5,FALSE
1472022,"bc5061",27,"Film - BW",1963,12000,153,1981,835.1,1100.1,FALSE
1472039,"bc5061",44,"Film - BW",1963,12000,153,1981,857.6,618.9,FALSE
1472040,"bc5061",45,"Film - BW",1963,12000,153,1981,896.2,618.9,FALSE
1472041,"bc5061",46,"Film - BW",1963,12000,153,1981,861.5,618.9,FALSE
1472193,"bc5061",198,"Film - BW",1963,12000,153,1981,843,1078.2,FALSE
1472372,"bc5062",120,"Film - BW",1963,12000,153,1981,841.1,1254,FALSE
1472399,"bc5062",147,"Film - BW",1963,12000,153,1981,929.8,1064.3,FALSE
1472432,"bc5062",180,"Film - BW",1963,12000,153,1981,863,665.1,FALSE
1472433,"bc5062",181,"Film - BW",1963,12000,153,1981,879.7,665.1,FALSE
1473042,"bc5064",244,"Film - BW",1963,12000,153,1890,934.8,1015.6,FALSE
1473043,"bc5064",245,"Film - BW",1963,12000,153,1890,1158.3,1015.6,FALSE
1473044,"bc5064",246,"Film - BW",1963,12000,153,1951,1273.6,1015.6,FALSE
1473063,"bc5065",1,"Film - BW",1963,12000,153,1890,1191.9,694.3,FALSE
1473064,"bc5065",2,"Film - BW",1963,12000,153,1890,1093.9,694.3,FALSE
1473065,"bc5065",3,"Film - BW",1963,12000,153,1890,967.2,694.3,FALSE
1473066,"bc5065",4,"Film - BW",1963,12000,153,1890,831.1,694.3,FALSE
1473279,"bc5065",217,"Film - BW",1963,12000,153,1890,795.9,768,FALSE
1473280,"bc5065",218,"Film - BW",1963,12000,153,1890,893.7,760.7,FALSE
1473281,"bc5065",219,"Film - BW",1963,12000,153,1890,945.4,760.7,FALSE
1473479,"bc5072",93,"Film - BW",1963,12000,153,1890,754.5,790.5,FALSE
1473634,"bc5072",248,"Film - BW",1963,12000,153,1890,970,842.1,FALSE
1473635,"bc5072",249,"Film - BW",1963,12000,153,1890,1082.7,842.1,FALSE
1473636,"bc5072",250,"Film - BW",1963,12000,153,1890,1074.7,842.1,FALSE
1473637,"bc5072",251,"Film - BW",1963,12000,153,1890,1207.2,534.8,FALSE
1473638,"bc5072",252,"Film - BW",1963,12000,153,1890,1205.3,534.8,FALSE
1473639,"bc5072",253,"Film - BW",1963,12000,153,1890,1146.7,534.8,FALSE
1473640,"bc5072",254,"Film - BW",1963,12000,153,1890,1046.4,534.8,FALSE
1473641,"bc5072",255,"Film - BW",1963,12000,153,1890,916.3,534.8,FALSE
1473642,"bc5072",256,"Film - BW",1963,12000,153,1890,809.3,425.3,FALSE
1502039,"bc5120",104,"Film - BW",1964,10000,153,1737,870.4,520.9,FALSE
1502040,"bc5120",105,"Film - BW",1964,10000,153,1737,887.2,520.9,FALSE
1502041,"bc5120",106,"Film - BW",1964,10000,153,1737,898.7,524.4,FALSE
1502042,"bc5120",107,"Film - BW",1964,10000,153,1737,905,524.4,FALSE
1502043,"bc5120",108,"Film - BW",1964,10000,153,1737,908.8,524.3,FALSE
1502044,"bc5120",109,"Film - BW",1964,10000,153,1737,914.4,524.3,FALSE
1502045,"bc5120",110,"Film - BW",1964,10000,153,1737,919.4,524.3,FALSE
1502046,"bc5120",111,"Film - BW",1964,10000,153,1737,921.8,524.3,FALSE
1502047,"bc5120",112,"Film - BW",1964,10000,153,1737,924.4,520.9,FALSE
1502048,"bc5120",113,"Film - BW",1964,10000,153,1737,923,520.9,FALSE
1502049,"bc5120",114,"Film - BW",1964,10000,153,1737,926.9,523.8,FALSE
1502050,"bc5120",115,"Film - BW",1964,10000,153,1737,939.9,523.8,FALSE
1502051,"bc5120",116,"Film - BW",1964,10000,153,1737,952.6,523.8,FALSE
1502052,"bc5120",117,"Film - BW",1964,10000,153,1737,956.2,523.8,FALSE
1502053,"bc5120",118,"Film - BW",1964,10000,153,1737,952.4,523.8,FALSE
1502054,"bc5120",119,"Film - BW",1964,10000,153,1737,942.8,523.7,FALSE
1502055,"bc5120",120,"Film - BW",1964,10000,153,1737,927.6,523.7,FALSE
1502056,"bc5120",121,"Film - BW",1964,10000,153,1737,925.3,523.7,FALSE
1502057,"bc5120",122,"Film - BW",1964,10000,153,1737,929.4,523.7,FALSE
1502058,"bc5120",123,"Film - BW",1964,10000,153,2042,1151.1,516.7,FALSE
1502059,"bc5120",124,"Film - BW",1964,10000,153,2042,1152.2,516.7,FALSE
1502060,"bc5120",125,"Film - BW",1964,10000,153,2042,1140.1,517.1,FALSE
1502061,"bc5120",126,"Film - BW",1964,10000,153,2042,1135.4,516.7,FALSE
1502062,"bc5120",127,"Film - BW",1964,10000,153,2042,1141.3,516.7,FALSE
1502063,"bc5120",128,"Film - BW",1964,10000,153,2042,1143.8,516.7,FALSE
1502064,"bc5120",129,"Film - BW",1964,10000,153,2042,1154.3,516.7,FALSE
1502065,"bc5120",130,"Film - BW",1964,10000,153,2042,1170,517,FALSE
1502066,"bc5120",131,"Film - BW",1964,10000,153,2042,1188.4,517,FALSE
1502067,"bc5120",132,"Film - BW",1964,10000,153,2042,1210.5,517,FALSE
1502068,"bc5120",133,"Film - BW",1964,10000,153,2042,1224.5,517,FALSE
1502069,"bc5120",134,"Film - BW",1964,10000,153,2347,1435.3,551.5,FALSE
1502070,"bc5120",135,"Film - BW",1964,10000,153,2347,1434.4,544.2,FALSE
1502071,"bc5120",136,"Film - BW",1964,10000,153,2347,1429.5,544.2,FALSE
1502072,"bc5120",137,"Film - BW",1964,10000,153,2347,1428.1,544.2,FALSE
1502073,"bc5120",138,"Film - BW",1964,10000,153,2347,1432.6,544.2,FALSE
1502074,"bc5120",139,"Film - BW",1964,10000,153,2347,1433.8,544.2,FALSE
1502075,"bc5120",140,"Film - BW",1964,10000,153,2347,1428.9,544.4,FALSE
1502076,"bc5120",141,"Film - BW",1964,10000,153,2347,1429.8,484,FALSE
1502077,"bc5120",142,"Film - BW",1964,10000,153,2347,1451.9,484,FALSE
1502078,"bc5120",143,"Film - BW",1964,10000,153,2347,1470.9,484,FALSE
1502079,"bc5120",144,"Film - BW",1964,10000,153,2347,1483.4,484,FALSE
1502080,"bc5120",145,"Film - BW",1964,10000,153,2347,1489,483.9,FALSE
1502081,"bc5120",146,"Film - BW",1964,10000,153,2347,1490.4,483.9,FALSE
1502082,"bc5120",147,"Film - BW",1964,10000,153,2347,1495.8,483.9,FALSE
1502083,"bc5120",148,"Film - BW",1964,10000,153,2347,1503.1,483.9,FALSE
1502084,"bc5120",149,"Film - BW",1964,10000,153,2347,1514.7,483.9,FALSE
1502091,"bc5120",156,"Film - BW",1964,10000,153,1920,1179.2,416.4,FALSE
1502092,"bc5120",157,"Film - BW",1964,10000,153,1920,1165.9,415.4,FALSE
1502093,"bc5120",158,"Film - BW",1964,10000,153,1920,1162.8,415.4,FALSE
1502094,"bc5120",159,"Film - BW",1964,10000,153,1920,1164.7,416.3,FALSE
1502095,"bc5120",160,"Film - BW",1964,10000,153,1920,1165.1,411.6,FALSE
1502096,"bc5120",161,"Film - BW",1964,10000,153,1920,1162.7,411.6,FALSE
1502097,"bc5120",162,"Film - BW",1964,10000,153,1920,1155.7,415.4,FALSE
1502098,"bc5120",163,"Film - BW",1964,10000,153,1920,1149.4,415.4,FALSE
1502099,"bc5120",164,"Film - BW",1964,10000,153,1920,1146.9,416.3,FALSE
1502100,"bc5120",165,"Film - BW",1964,10000,153,1920,1142,415.4,FALSE
1502101,"bc5120",166,"Film - BW",1964,10000,153,1920,1129.6,412.5,FALSE
1502102,"bc5120",167,"Film - BW",1964,10000,153,1920,1114.1,412.5,FALSE
1502103,"bc5120",168,"Film - BW",1964,10000,153,1920,1102.3,415.3,FALSE
1502104,"bc5120",169,"Film - BW",1964,10000,153,1920,1098.6,415.3,FALSE
1502105,"bc5120",170,"Film - BW",1964,10000,153,1920,1099.9,416.3,FALSE
1502106,"bc5120",171,"Film - BW",1964,10000,153,1920,1104.9,415.3,FALSE
1502107,"bc5120",172,"Film - BW",1964,10000,153,1920,1119.8,412.4,FALSE
1502108,"bc5120",173,"Film - BW",1964,10000,153,1920,1149,412.4,FALSE
1502109,"bc5120",174,"Film - BW",1964,10000,153,1920,1182,415.3,FALSE
1502110,"bc5120",175,"Film - BW",1964,10000,153,1920,1130.7,403,FALSE
1502111,"bc5120",176,"Film - BW",1964,10000,153,1920,1127.9,403,FALSE
1502112,"bc5120",177,"Film - BW",1964,10000,153,1920,1129.2,406.8,FALSE
1502113,"bc5120",178,"Film - BW",1964,10000,153,1920,1126.6,406.8,FALSE
1502114,"bc5120",179,"Film - BW",1964,10000,153,1920,1116.9,406.8,FALSE
1502115,"bc5120",180,"Film - BW",1964,10000,153,1920,1114.5,406.8,FALSE
1502116,"bc5120",181,"Film - BW",1964,10000,153,1920,1119.1,406.8,FALSE
1502117,"bc5120",182,"Film - BW",1964,10000,153,1920,1129.6,403,FALSE
1502118,"bc5120",183,"Film - BW",1964,10000,153,1920,1136.3,403,FALSE
1502119,"bc5120",184,"Film - BW",1964,10000,153,1920,1134.3,406.8,FALSE
1502120,"bc5120",185,"Film - BW",1964,10000,153,1920,1130.2,406.8,FALSE
1502121,"bc5120",186,"Film - BW",1964,10000,153,1920,1128,406.8,FALSE
1502122,"bc5120",187,"Film - BW",1964,10000,153,1920,1126.5,406.9,FALSE
1502123,"bc5120",188,"Film - BW",1964,10000,153,1920,1127.9,403.1,FALSE
1502124,"bc5120",189,"Film - BW",1964,10000,153,1920,1135.2,403.1,FALSE
1502125,"bc5120",190,"Film - BW",1964,10000,153,1920,1144.4,406.9,FALSE
1502126,"bc5120",191,"Film - BW",1964,10000,153,1920,1149.6,406.9,FALSE
1502127,"bc5120",192,"Film - BW",1964,10000,153,1920,1148.8,406.9,FALSE
1502128,"bc5120",193,"Film - BW",1964,10000,153,1920,1143,406.9,FALSE
1502129,"bc5120",194,"Film - BW",1964,10000,153,1920,1138.7,404.1,FALSE
1502130,"bc5120",195,"Film - BW",1964,10000,153,1920,1146.7,404.1,FALSE
1502131,"bc5120",196,"Film - BW",1964,10000,153,1920,1170.2,406.9,FALSE
1502132,"bc5120",197,"Film - BW",1964,10000,153,1920,1213.8,406.9,FALSE
1502133,"bc5120",198,"Film - BW",1964,10000,153,1920,1281.8,406.9,FALSE
1502134,"bc5120",199,"Film - BW",1964,10000,153,1920,1364,406.9,FALSE
1502145,"bc5121",11,"Film - BW",1964,10000,153,1798,1116.3,490,FALSE
1502146,"bc5121",12,"Film - BW",1964,10000,153,1798,1081.1,490,FALSE
1502147,"bc5121",13,"Film - BW",1964,10000,153,1798,1061.9,490,FALSE
1502148,"bc5121",14,"Film - BW",1964,10000,153,1798,1052.8,490,FALSE
1502149,"bc5121",15,"Film - BW",1964,10000,153,1798,1049.4,490,FALSE
1502150,"bc5121",16,"Film - BW",1964,10000,153,1798,1061.4,490,FALSE
1502151,"bc5121",17,"Film - BW",1964,10000,153,1798,1069.2,490,FALSE
1502152,"bc5121",18,"Film - BW",1964,10000,153,1798,1072.1,490,FALSE
1502153,"bc5121",19,"Film - BW",1964,10000,153,1798,1076.3,490,FALSE
1502154,"bc5121",20,"Film - BW",1964,10000,153,1798,1085.4,490,FALSE
1502155,"bc5121",21,"Film - BW",1964,10000,153,1798,1090.7,490,FALSE
1502156,"bc5121",22,"Film - BW",1964,10000,153,1798,1098.4,490,FALSE
1502157,"bc5121",23,"Film - BW",1964,10000,153,1798,1117.8,491.1,FALSE
1502158,"bc5121",24,"Film - BW",1964,10000,153,1737,921.3,494.5,FALSE
1502159,"bc5121",25,"Film - BW",1964,10000,153,1737,929.8,494.5,FALSE
1502160,"bc5121",26,"Film - BW",1964,10000,153,1737,948.5,493.4,FALSE
1502161,"bc5121",27,"Film - BW",1964,10000,153,1737,963.9,493.4,FALSE
1502162,"bc5121",28,"Film - BW",1964,10000,153,1737,972.5,494.5,FALSE
1502163,"bc5121",29,"Film - BW",1964,10000,153,1737,975.8,494.5,FALSE
1502164,"bc5121",30,"Film - BW",1964,10000,153,1737,967.3,494.4,FALSE
1502165,"bc5121",31,"Film - BW",1964,10000,153,1737,948.3,494.4,FALSE
1502166,"bc5121",32,"Film - BW",1964,10000,153,1737,921.4,494.5,FALSE
1502167,"bc5121",33,"Film - BW",1964,10000,153,1737,895,493.3,FALSE
1502168,"bc5121",34,"Film - BW",1964,10000,153,1737,877.7,493.3,FALSE
1502169,"bc5121",35,"Film - BW",1964,10000,153,1737,873.1,494.4,FALSE
1502170,"bc5121",36,"Film - BW",1964,10000,153,1737,874.6,494.4,FALSE
1502171,"bc5121",37,"Film - BW",1964,10000,153,1737,872.2,493.3,FALSE
1502172,"bc5121",38,"Film - BW",1964,10000,153,1737,864.1,493.3,FALSE
1502173,"bc5121",39,"Film - BW",1964,10000,153,1737,852.3,494.4,FALSE
1502174,"bc5121",40,"Film - BW",1964,10000,153,1737,858.9,493.3,FALSE
1502175,"bc5121",41,"Film - BW",1964,10000,153,1737,897.4,493.3,FALSE
1502176,"bc5121",42,"Film - BW",1964,10000,153,1737,982.6,497.7,FALSE
1502177,"bc5121",43,"Film - BW",1964,10000,153,1737,912.4,497.7,FALSE
1502178,"bc5121",44,"Film - BW",1964,10000,153,1737,850.5,497.7,FALSE
1502179,"bc5121",45,"Film - BW",1964,10000,153,1737,845.2,497.7,FALSE
1502180,"bc5121",46,"Film - BW",1964,10000,153,1737,870.7,497.7,FALSE
1502181,"bc5121",47,"Film - BW",1964,10000,153,1737,899,497.7,FALSE
1502182,"bc5121",48,"Film - BW",1964,10000,153,1737,920.6,497.7,FALSE
1502183,"bc5121",49,"Film - BW",1964,10000,153,1737,939.2,497.7,FALSE
1502184,"bc5121",50,"Film - BW",1964,10000,153,1737,944.4,497.7,FALSE
1502185,"bc5121",51,"Film - BW",1964,10000,153,1737,934,497.7,FALSE
1502186,"bc5121",52,"Film - BW",1964,10000,153,1737,924,497.7,FALSE
1502187,"bc5121",53,"Film - BW",1964,10000,153,1737,918.2,497.8,FALSE
1502188,"bc5121",54,"Film - BW",1964,10000,153,1737,916.1,497.8,FALSE
1502189,"bc5121",55,"Film - BW",1964,10000,153,1737,921.2,497.8,FALSE
1502190,"bc5121",56,"Film - BW",1964,10000,153,1737,931,497.8,FALSE
1502191,"bc5121",57,"Film - BW",1964,10000,153,1737,937.1,497.8,FALSE
1502192,"bc5121",58,"Film - BW",1964,10000,153,1737,945.3,497.8,FALSE
1502193,"bc5121",59,"Film - BW",1964,10000,153,1737,952.2,497.8,FALSE
1502194,"bc5121",60,"Film - BW",1964,10000,153,1768,861.2,500.6,FALSE
1502195,"bc5121",61,"Film - BW",1964,10000,153,1768,851.3,493.4,FALSE
1502196,"bc5121",62,"Film - BW",1964,10000,153,1768,843.7,493.4,FALSE
1502197,"bc5121",63,"Film - BW",1964,10000,153,1768,843.3,493.4,FALSE
1502198,"bc5121",64,"Film - BW",1964,10000,153,1768,854.4,493.4,FALSE
1502199,"bc5121",65,"Film - BW",1964,10000,153,1768,875.7,493.3,FALSE
1502200,"bc5121",66,"Film - BW",1964,10000,153,1768,892.4,493.3,FALSE
1502201,"bc5121",67,"Film - BW",1964,10000,153,1768,906.9,493.4,FALSE
1502202,"bc5121",68,"Film - BW",1964,10000,153,1768,928.2,493.4,FALSE
1502203,"bc5121",69,"Film - BW",1964,10000,153,1768,945.4,493.4,FALSE
1502204,"bc5121",70,"Film - BW",1964,10000,153,1768,956.5,493.3,FALSE
1502205,"bc5121",71,"Film - BW",1964,10000,153,1768,968.7,493.3,FALSE
1502206,"bc5121",72,"Film - BW",1964,10000,153,1768,972.6,493.4,FALSE
1502207,"bc5121",73,"Film - BW",1964,10000,153,1768,987.1,493.4,FALSE
1502208,"bc5121",74,"Film - BW",1964,10000,153,1768,1022.2,493.4,FALSE
1502209,"bc5121",75,"Film - BW",1964,10000,153,1768,1047.5,493.4,FALSE
1502210,"bc5121",76,"Film - BW",1964,10000,153,1768,1064.8,493.4,FALSE
1502211,"bc5121",77,"Film - BW",1964,10000,153,1768,1085.9,493.4,FALSE
1502212,"bc5121",78,"Film - BW",1964,10000,153,2286,1424,539,FALSE
1502213,"bc5121",79,"Film - BW",1964,10000,153,2286,1428,539,FALSE
1502214,"bc5121",80,"Film - BW",1964,10000,153,2286,1448.6,539,FALSE
1502215,"bc5121",81,"Film - BW",1964,10000,153,2286,1467.2,538.5,FALSE
1502216,"bc5121",82,"Film - BW",1964,10000,153,2286,1491.8,538.5,FALSE
1502217,"bc5121",83,"Film - BW",1964,10000,153,2286,1502.2,538.4,FALSE
1502218,"bc5121",84,"Film - BW",1964,10000,153,2286,1493.7,538.4,FALSE
1502219,"bc5121",85,"Film - BW",1964,10000,153,2286,1458.2,538.4,FALSE
1502220,"bc5121",86,"Film - BW",1964,10000,153,2286,1424.2,538.4,FALSE
1502221,"bc5121",87,"Film - BW",1964,10000,153,2286,1402.6,543.7,FALSE
1502222,"bc5121",88,"Film - BW",1964,10000,153,2286,1401.4,543.7,FALSE
1502223,"bc5121",89,"Film - BW",1964,10000,153,2286,1398.3,543.7,FALSE
1502224,"bc5121",90,"Film - BW",1964,10000,153,2286,1396,543.6,FALSE
1502225,"bc5121",91,"Film - BW",1964,10000,153,2286,1382.3,543.6,FALSE
1502226,"bc5121",92,"Film - BW",1964,10000,153,2286,1340.3,543,FALSE
1502229,"bc5121",95,"Film - BW",1964,10000,153,2286,1331,543.5,FALSE
1502230,"bc5121",96,"Film - BW",1964,10000,153,2103,1388,484.7,FALSE
1502231,"bc5121",97,"Film - BW",1964,10000,153,2103,1367.2,483.6,FALSE
1502232,"bc5121",98,"Film - BW",1964,10000,153,2103,1382,483.6,FALSE
1502233,"bc5121",99,"Film - BW",1964,10000,153,2103,1407.6,483.6,FALSE
1502234,"bc5121",100,"Film - BW",1964,10000,153,2103,1417,483.6,FALSE
1502235,"bc5121",101,"Film - BW",1964,10000,153,2103,1423.5,483.6,FALSE
1502236,"bc5121",102,"Film - BW",1964,10000,153,2103,1418.9,483.6,FALSE
1502237,"bc5121",103,"Film - BW",1964,10000,153,2103,1407.7,483.6,FALSE
1502238,"bc5121",104,"Film - BW",1964,10000,153,2103,1401.9,483.6,FALSE
1502239,"bc5121",105,"Film - BW",1964,10000,153,2103,1399,484.7,FALSE
1502240,"bc5121",106,"Film - BW",1964,10000,153,2103,1377.3,468.4,FALSE
1502241,"bc5121",107,"Film - BW",1964,10000,153,2103,1348.5,468.4,FALSE
1502242,"bc5121",108,"Film - BW",1964,10000,153,2103,1340.3,468.4,FALSE
1502243,"bc5121",109,"Film - BW",1964,10000,153,2103,1353.7,468.4,FALSE
1502244,"bc5121",110,"Film - BW",1964,10000,153,2103,1385.7,472,FALSE
1502245,"bc5121",111,"Film - BW",1964,10000,153,2103,1396.6,468.4,FALSE
1502246,"bc5121",112,"Film - BW",1964,10000,153,2103,1402.3,468.4,FALSE
1502247,"bc5121",113,"Film - BW",1964,10000,153,2103,1399,468.4,FALSE
1502248,"bc5121",114,"Film - BW",1964,10000,153,2103,1371,468.4,FALSE
1502249,"bc5121",115,"Film - BW",1964,10000,153,2103,1355,468.4,FALSE
1502250,"bc5121",116,"Film - BW",1964,10000,153,2103,1346.5,468.4,FALSE
1502306,"bc5121",172,"Film - BW",1964,10000,153,1676,742.7,482.5,FALSE
1502307,"bc5121",173,"Film - BW",1964,10000,153,1676,771,483,FALSE
1502308,"bc5121",174,"Film - BW",1964,10000,153,1676,772.1,483,FALSE
1502309,"bc5121",175,"Film - BW",1964,10000,153,1676,778,483.1,FALSE
1502310,"bc5121",176,"Film - BW",1964,10000,153,1676,792.2,482.6,FALSE
1502311,"bc5121",177,"Film - BW",1964,10000,153,1676,820,482.6,FALSE
1502312,"bc5121",178,"Film - BW",1964,10000,153,1676,868.2,483.1,FALSE
1502313,"bc5121",179,"Film - BW",1964,10000,153,1676,909,483.1,FALSE
1502314,"bc5121",180,"Film - BW",1964,10000,153,1676,928.6,482.7,FALSE
1502315,"bc5121",181,"Film - BW",1964,10000,153,1676,945.2,482.7,FALSE
1502316,"bc5121",182,"Film - BW",1964,10000,153,1676,971.6,534.4,FALSE
1502317,"bc5121",183,"Film - BW",1964,10000,153,1676,978.3,534.4,FALSE
1502318,"bc5121",184,"Film - BW",1964,10000,153,1676,969.6,534.4,FALSE
1502319,"bc5121",185,"Film - BW",1964,10000,153,1676,948.9,534.5,FALSE
1502320,"bc5121",186,"Film - BW",1964,10000,153,1676,924.6,534.5,FALSE
1502321,"bc5121",187,"Film - BW",1964,10000,153,1676,880.5,534.5,FALSE
1502322,"bc5121",188,"Film - BW",1964,10000,153,1676,836.5,534.5,FALSE
1502323,"bc5121",189,"Film - BW",1964,10000,153,1676,826.7,534.1,FALSE
1502324,"bc5121",190,"Film - BW",1964,10000,153,1676,820.2,534.1,FALSE
1502325,"bc5121",191,"Film - BW",1964,10000,153,1676,839.9,534.6,FALSE
1502326,"bc5121",192,"Film - BW",1964,10000,153,1676,1007.3,399.4,FALSE
1502327,"bc5121",193,"Film - BW",1964,10000,153,1676,987.2,392.6,FALSE
1502328,"bc5121",194,"Film - BW",1964,10000,153,1676,978.2,392.6,FALSE
1502329,"bc5121",195,"Film - BW",1964,10000,153,1676,987.2,392.5,FALSE
1502330,"bc5121",196,"Film - BW",1964,10000,153,1676,1012.2,392.5,FALSE
1502331,"bc5121",197,"Film - BW",1964,10000,153,1676,1035.6,392.5,FALSE
1502332,"bc5121",198,"Film - BW",1964,10000,153,1676,1039.9,392.5,FALSE
1502333,"bc5121",199,"Film - BW",1964,10000,153,1676,1024,399,FALSE
1502334,"bc5121",200,"Film - BW",1964,10000,153,1676,986.1,392.5,FALSE
1502335,"bc5121",201,"Film - BW",1964,10000,153,1676,937.9,392.5,FALSE
1502336,"bc5121",202,"Film - BW",1964,10000,153,1676,891.9,392.1,FALSE
1502337,"bc5121",203,"Film - BW",1964,10000,153,1676,855.3,392.1,FALSE
1502338,"bc5121",204,"Film - BW",1964,10000,153,1676,832.6,392.5,FALSE
1502339,"bc5121",205,"Film - BW",1964,10000,153,1676,825.6,392.5,FALSE
1502340,"bc5121",206,"Film - BW",1964,10000,153,1676,835.1,392.1,FALSE
1502341,"bc5121",207,"Film - BW",1964,10000,153,1676,857.6,392.1,FALSE
1502342,"bc5121",208,"Film - BW",1964,10000,153,1676,885.5,399.3,FALSE
1249027,"bc5225",157,"Film - BW",1967,15840,153,2614,1102.4,1311.4,FALSE
1249057,"bc5225",187,"Film - BW",1967,15840,153,2614,1257,1322.8,FALSE
1253763,"bc5225",192,"Film - BW",1967,6000,153,914,518.1,239.7,FALSE
1253764,"bc5225",193,"Film - BW",1967,6000,153,914,455.9,239.7,FALSE
1253765,"bc5225",194,"Film - BW",1967,6000,153,914,392.9,235.3,FALSE
1253772,"bc5225",201,"Film - BW",1967,6000,153,914,380.1,238.7,FALSE
1253773,"bc5225",202,"Film - BW",1967,6000,153,914,480.9,239.7,FALSE
1253774,"bc5225",203,"Film - BW",1967,6000,153,914,598.8,238.7,FALSE
1253775,"bc5225",204,"Film - BW",1967,6000,153,914,707.7,238.7,FALSE
1258614,"bc5226",143,"Film - BW",1967,12000,153,1859,1120.2,1238,FALSE
1258615,"bc5226",144,"Film - BW",1967,12000,153,1859,834.9,1234.2,FALSE
1258610,"bc5226",194,"Film - BW",1967,12000,153,1859,732.8,578,FALSE
1258611,"bc5226",195,"Film - BW",1967,12000,153,1859,775.2,578,FALSE
1258612,"bc5226",196,"Film - BW",1967,12000,153,1859,863,579.7,FALSE
1258613,"bc5226",197,"Film - BW",1967,12000,153,1859,971.2,580.8,FALSE
1263676,"bc5229",182,"Film - BW",1967,12000,153,1829,698.9,1221.8,FALSE
1263677,"bc5229",183,"Film - BW",1967,12000,153,1829,838.7,1221.8,FALSE
1263707,"bc5229",213,"Film - BW",1967,12000,153,1829,790.3,1024.8,FALSE
1249119,"bc5271",139,"Film - BW",1967,15840,153,3200,1884.3,802.3,FALSE
1249120,"bc5271",140,"Film - BW",1967,15840,153,3200,1859.1,802.2,FALSE
1249121,"bc5271",141,"Film - BW",1967,15840,153,3200,1741.8,802.2,FALSE
1261003,"bc5272",7,"Film - BW",1967,9600,153,1524,615.6,141.6,FALSE
1261004,"bc5272",8,"Film - BW",1967,9600,153,1524,616.2,141.6,FALSE
1261005,"bc5272",9,"Film - BW",1967,9600,153,1524,617.4,141.6,FALSE
1261006,"bc5272",10,"Film - BW",1967,9600,153,1524,619.1,141.6,FALSE
1261007,"bc5272",11,"Film - BW",1967,9600,153,1524,621,141.6,FALSE
1261008,"bc5272",12,"Film - BW",1967,9600,153,1524,623,141.6,FALSE
1261009,"bc5272",13,"Film - BW",1967,9600,153,1524,625.1,141.6,FALSE
1261010,"bc5272",14,"Film - BW",1967,9600,153,1524,627.3,141.6,FALSE
1261011,"bc5272",15,"Film - BW",1967,9600,153,1524,629.6,141.6,FALSE
1261012,"bc5272",16,"Film - BW",1967,9600,153,1524,632.4,141.6,FALSE
1261013,"bc5272",17,"Film - BW",1967,9600,153,1524,635.7,141.6,FALSE
1261014,"bc5272",18,"Film - BW",1967,9600,153,1524,639.3,141.6,FALSE
1261015,"bc5272",19,"Film - BW",1967,9600,153,1524,642.7,141.6,FALSE
1261016,"bc5272",20,"Film - BW",1967,9600,153,1524,645.8,141.6,FALSE
1261017,"bc5272",21,"Film - BW",1967,9600,153,1524,647.8,141.6,FALSE
1261018,"bc5272",22,"Film - BW",1967,9600,153,1524,649.3,141.6,FALSE
1260851,"bc5274",153,"Film - BW",1967,15840,153,3200,1757.3,892.9,FALSE
1260852,"bc5274",154,"Film - BW",1967,15840,153,3200,1789.6,892.9,FALSE
1261547,"bc5277",232,"Film - BW",1967,16000,153,2896,1436.5,1342.1,FALSE
1261548,"bc5277",233,"Film - BW",1967,16000,153,2896,1615.7,1342.1,FALSE
1261549,"bc5277",234,"Film - BW",1967,16000,153,2896,1761.5,1342,FALSE
1261550,"bc5277",235,"Film - BW",1967,16000,153,2896,1799.4,1342,FALSE
1261551,"bc5277",236,"Film - BW",1967,16000,153,2896,1598.2,1091.4,FALSE
1261552,"bc5277",237,"Film - BW",1967,16000,153,2896,1714.2,1091.4,FALSE
1261553,"bc5277",238,"Film - BW",1967,16000,153,2896,1617.7,1090.5,FALSE
1261554,"bc5277",239,"Film - BW",1967,16000,153,2896,1462.7,1090.5,FALSE
1261555,"bc5277",240,"Film - BW",1967,16000,153,2896,1461.3,1091.5,FALSE
1261556,"bc5277",241,"Film - BW",1967,16000,153,2896,1495.5,1091.5,FALSE
1261557,"bc5277",242,"Film - BW",1967,16000,153,2896,1592.7,1091.6,FALSE
1261558,"bc5277",243,"Film - BW",1967,16000,153,2896,1605.9,784.9,FALSE
1261559,"bc5277",244,"Film - BW",1967,16000,153,2896,1609.9,784.9,FALSE
1261560,"bc5277",245,"Film - BW",1967,16000,153,2896,1642,785.9,FALSE
1261561,"bc5277",246,"Film - BW",1967,16000,153,2896,1665.4,785.9,FALSE
1261562,"bc5277",247,"Film - BW",1967,16000,153,2896,1680.9,785.9,FALSE
1261563,"bc5277",248,"Film - BW",1967,16000,153,2896,1677.4,785,FALSE
1261564,"bc5277",249,"Film - BW",1967,16000,153,2896,1640,785,FALSE
1261565,"bc5277",250,"Film - BW",1967,16000,153,2896,1546.9,786,FALSE
1261566,"bc5277",251,"Film - BW",1967,16000,153,2896,1384.2,786,FALSE
1261574,"bc5277",259,"Film - BW",1967,16000,153,2896,1370.6,1391.9,FALSE
1261575,"bc5277",260,"Film - BW",1967,16000,153,2896,1498.6,1449.7,FALSE
1261576,"bc5277",261,"Film - BW",1967,16000,153,2896,1554.2,1444.9,FALSE
1261577,"bc5277",262,"Film - BW",1967,16000,153,2896,1653.5,1444.9,FALSE
1261578,"bc5277",263,"Film - BW",1967,16000,153,2896,1687.5,1443.9,FALSE
1261579,"bc5277",264,"Film - BW",1967,16000,153,2896,1528.1,1443.9,FALSE
1261580,"bc5277",265,"Film - BW",1967,16000,153,2896,1368.9,1449.8,FALSE
1263716,"bc5278",9,"Film - BW",1967,16000,153,2896,1457.8,1348.7,FALSE
1263717,"bc5278",10,"Film - BW",1967,16000,153,2896,1567.5,1377.5,FALSE
1263718,"bc5278",11,"Film - BW",1967,16000,153,2896,1531.3,1377.5,FALSE
1263719,"bc5278",12,"Film - BW",1967,16000,153,2896,1375,1377.8,FALSE
1263725,"bc5278",18,"Film - BW",1967,16000,153,2896,1445.2,1331.6,FALSE
1263726,"bc5278",19,"Film - BW",1967,16000,153,2896,1640.1,1331.6,FALSE
1263727,"bc5278",20,"Film - BW",1967,16000,153,2896,1741.6,1331.7,FALSE
1263728,"bc5278",21,"Film - BW",1967,16000,153,2896,1830.1,1331.3,FALSE
1263729,"bc5278",22,"Film - BW",1967,16000,153,2896,1786.5,1331.3,FALSE
1263730,"bc5278",23,"Film - BW",1967,16000,153,2896,1763.8,1331.4,FALSE
1263731,"bc5278",24,"Film - BW",1967,16000,153,2896,1820.7,1331.4,FALSE
1263732,"bc5278",25,"Film - BW",1967,16000,153,2896,1864.3,1330.9,FALSE
1263733,"bc5278",26,"Film - BW",1967,16000,153,2896,1792.5,1330.9,FALSE
1263734,"bc5278",27,"Film - BW",1967,16000,153,2896,1568.1,1330.7,FALSE
699527,"bc5279",200,"Film - BW",1968,16000,153,1829,303.4,1082.7,FALSE
699528,"bc5279",201,"Film - BW",1968,16000,153,1829,338.2,1082,FALSE
699563,"bc5279",236,"Film - BW",1968,16000,153,1829,323.1,1094.7,FALSE
699676,"bc5280",85,"Film - BW",1968,16000,153,1829,353,945,FALSE
699677,"bc5280",86,"Film - BW",1968,16000,153,1829,376.1,945,FALSE
699678,"bc5280",87,"Film - BW",1968,16000,153,1829,349.4,951.4,FALSE
699679,"bc5280",88,"Film - BW",1968,16000,153,1829,301.5,951.6,FALSE
701583,"bc5285",151,"Film - BW",1968,15000,153,2438,1044.2,726.7,FALSE
701584,"bc5285",152,"Film - BW",1968,15000,153,2438,1118,727.7,FALSE
701585,"bc5285",153,"Film - BW",1968,15000,153,2438,1186.1,727.7,FALSE
701586,"bc5285",154,"Film - BW",1968,15000,153,2438,1233.8,727.6,FALSE
701587,"bc5285",155,"Film - BW",1968,15000,153,2438,1246.5,727.6,FALSE
701588,"bc5285",156,"Film - BW",1968,15000,153,2438,1225.9,672.9,FALSE
701589,"bc5285",157,"Film - BW",1968,15000,153,2438,1181.5,672.9,FALSE
701590,"bc5285",158,"Film - BW",1968,15000,153,2438,1141.7,672.9,FALSE
701591,"bc5285",159,"Film - BW",1968,15000,153,2438,1123.2,672.9,FALSE
701592,"bc5285",160,"Film - BW",1968,15000,153,2438,1104,672.9,FALSE
701593,"bc5285",161,"Film - BW",1968,15000,153,2438,1085.2,672.9,FALSE
701594,"bc5285",162,"Film - BW",1968,15000,153,2438,1063.5,672.8,FALSE
701595,"bc5285",163,"Film - BW",1968,15000,153,2438,1058.9,672.8,FALSE
701596,"bc5285",164,"Film - BW",1968,15000,153,2438,1083.6,672.8,FALSE
701597,"bc5285",165,"Film - BW",1968,15000,153,2438,1115.3,673.8,FALSE
701598,"bc5285",166,"Film - BW",1968,15000,153,2438,1127.8,762.1,FALSE
701599,"bc5285",167,"Film - BW",1968,15000,153,2438,1097.6,762.1,FALSE
701600,"bc5285",168,"Film - BW",1968,15000,153,2438,1059.5,761,FALSE
701601,"bc5285",169,"Film - BW",1968,15000,153,2438,1022.6,761,FALSE
701606,"bc5285",174,"Film - BW",1968,15000,153,2438,1008.1,764.5,FALSE
702349,"bc5287",32,"Film - BW",1968,15840,153,2438,1106.5,1619,FALSE
706931,"bc5295",48,"Film - BW",1968,12000,153,2225,1278,519.9,FALSE
706932,"bc5295",49,"Film - BW",1968,12000,153,2225,1267.9,519.9,FALSE
706933,"bc5295",50,"Film - BW",1968,12000,153,2225,1267.3,518.9,FALSE
706934,"bc5295",51,"Film - BW",1968,12000,153,2225,1274.7,518.9,FALSE
706935,"bc5295",52,"Film - BW",1968,12000,153,2225,1283.1,518.9,FALSE
706936,"bc5295",53,"Film - BW",1968,12000,153,2225,1294,518.9,FALSE
706937,"bc5295",54,"Film - BW",1968,12000,153,2225,1303.5,519.9,FALSE
706938,"bc5295",55,"Film - BW",1968,12000,153,2225,1309.2,518.9,FALSE
706939,"bc5295",56,"Film - BW",1968,12000,153,2225,1310.2,518.9,FALSE
706940,"bc5295",57,"Film - BW",1968,12000,153,2225,1311.6,519.8,FALSE
706941,"bc5295",58,"Film - BW",1968,12000,153,2225,1312.2,519.8,FALSE
706942,"bc5295",59,"Film - BW",1968,12000,153,2225,1311.1,571.6,FALSE
706943,"bc5295",60,"Film - BW",1968,12000,153,2225,1313.2,571.6,FALSE
706944,"bc5295",61,"Film - BW",1968,12000,153,2225,1320.7,570.9,FALSE
706945,"bc5295",62,"Film - BW",1968,12000,153,2225,1330.9,570.9,FALSE
706946,"bc5295",63,"Film - BW",1968,12000,153,2225,1339.4,571.5,FALSE
706947,"bc5295",64,"Film - BW",1968,12000,153,2225,1352.1,571.5,FALSE
706948,"bc5295",65,"Film - BW",1968,12000,153,2225,1363.7,570.9,FALSE
706949,"bc5295",66,"Film - BW",1968,12000,153,2225,1378.2,570.9,FALSE
706950,"bc5295",67,"Film - BW",1968,12000,153,2225,1390.3,571.5,FALSE
706951,"bc5295",68,"Film - BW",1968,12000,153,2225,1399.3,570.4,FALSE
706952,"bc5295",69,"Film - BW",1968,12000,153,2225,1397.2,570.4,FALSE
706953,"bc5295",70,"Film - BW",1968,12000,153,2286,1265.1,500.3,FALSE
706954,"bc5295",71,"Film - BW",1968,12000,153,2286,1264.1,500.3,FALSE
706955,"bc5295",72,"Film - BW",1968,12000,153,2286,1268,494.1,FALSE
706956,"bc5295",73,"Film - BW",1968,12000,153,2286,1274.8,494.1,FALSE
706957,"bc5295",74,"Film - BW",1968,12000,153,2286,1283.8,494,FALSE
706958,"bc5295",75,"Film - BW",1968,12000,153,2286,1292.9,494,FALSE
706959,"bc5295",76,"Film - BW",1968,12000,153,2286,1303.3,500.2,FALSE
706960,"bc5295",77,"Film - BW",1968,12000,153,2286,1311.7,494.5,FALSE
706961,"bc5295",78,"Film - BW",1968,12000,153,2286,1321.6,494.5,FALSE
706962,"bc5295",79,"Film - BW",1968,12000,153,2286,1341.2,493.9,FALSE
706963,"bc5295",80,"Film - BW",1968,12000,153,2286,1366.3,433.8,FALSE
706964,"bc5295",81,"Film - BW",1968,12000,153,2286,1391.1,433.8,FALSE
706965,"bc5295",82,"Film - BW",1968,12000,153,2286,1415.7,427.5,FALSE
706966,"bc5295",83,"Film - BW",1968,12000,153,2286,1437.2,427.5,FALSE
706967,"bc5295",84,"Film - BW",1968,12000,153,2286,1451.3,427.5,FALSE
706968,"bc5295",85,"Film - BW",1968,12000,153,2286,1459.9,427.5,FALSE
706969,"bc5295",86,"Film - BW",1968,12000,153,2286,1460.8,427.5,FALSE
706970,"bc5295",87,"Film - BW",1968,12000,153,2286,1455.8,427.4,FALSE
706971,"bc5295",88,"Film - BW",1968,12000,153,2286,1445.8,427.4,FALSE
706972,"bc5295",89,"Film - BW",1968,12000,153,2286,1430,427.4,FALSE
706973,"bc5295",90,"Film - BW",1968,12000,153,2286,1410.9,427.4,FALSE
706974,"bc5295",91,"Film - BW",1968,12000,153,2286,1377.1,564.8,FALSE
706975,"bc5295",92,"Film - BW",1968,12000,153,2286,1326,564.8,FALSE
706976,"bc5295",93,"Film - BW",1968,12000,153,2286,1271.8,558.6,FALSE
706977,"bc5295",94,"Film - BW",1968,12000,153,2286,1247.1,558.6,FALSE
706978,"bc5295",95,"Film - BW",1968,12000,153,2286,1225.3,565.1,FALSE
706979,"bc5295",96,"Film - BW",1968,12000,153,2286,1202.1,565.1,FALSE
706980,"bc5295",97,"Film - BW",1968,12000,153,2286,1196.8,565.1,FALSE
706981,"bc5295",98,"Film - BW",1968,12000,153,1676,750.3,477,FALSE
706982,"bc5295",99,"Film - BW",1968,12000,153,1676,726.5,476.6,FALSE
706983,"bc5295",100,"Film - BW",1968,12000,153,1676,703,476.6,FALSE
706984,"bc5295",101,"Film - BW",1968,12000,153,1676,682.5,477,FALSE
706985,"bc5295",102,"Film - BW",1968,12000,153,1676,667.1,477,FALSE
706986,"bc5295",103,"Film - BW",1968,12000,153,1676,661.5,477,FALSE
706987,"bc5295",104,"Film - BW",1968,12000,153,1676,660.3,477,FALSE
706988,"bc5295",105,"Film - BW",1968,12000,153,1676,650.1,476.7,FALSE
706989,"bc5295",106,"Film - BW",1968,12000,153,1676,638,476.7,FALSE
706990,"bc5295",107,"Film - BW",1968,12000,153,1676,623.5,477.1,FALSE
706991,"bc5295",108,"Film - BW",1968,12000,153,1676,614.9,477.1,FALSE
706992,"bc5295",109,"Film - BW",1968,12000,153,1676,609.6,595.2,FALSE
706993,"bc5295",110,"Film - BW",1968,12000,153,1676,609.4,595.2,FALSE
706994,"bc5295",111,"Film - BW",1968,12000,153,1676,609,588.8,FALSE
706995,"bc5295",112,"Film - BW",1968,12000,153,1676,602.6,588.8,FALSE
706996,"bc5295",113,"Film - BW",1968,12000,153,1676,594.2,595.6,FALSE
706997,"bc5295",114,"Film - BW",1968,12000,153,1676,580.8,595.6,FALSE
706998,"bc5295",115,"Film - BW",1968,12000,153,1676,565.5,595.7,FALSE
706999,"bc5295",116,"Film - BW",1968,12000,153,1676,549.7,595.3,FALSE
707000,"bc5295",117,"Film - BW",1968,12000,153,1676,535.2,595.3,FALSE
707047,"bc5295",164,"Film - BW",1968,12000,153,2530,1412.1,678,FALSE
707048,"bc5295",165,"Film - BW",1968,12000,153,2530,1470.3,678,FALSE
707049,"bc5295",166,"Film - BW",1968,12000,153,2530,1511.7,678,FALSE
707050,"bc5295",167,"Film - BW",1968,12000,153,2530,1540.5,678,FALSE
707051,"bc5295",168,"Film - BW",1968,12000,153,2530,1567.3,605.8,FALSE
707052,"bc5295",169,"Film - BW",1968,12000,153,2530,1590.9,598.6,FALSE
707053,"bc5295",170,"Film - BW",1968,12000,153,2530,1620.4,598.6,FALSE
707054,"bc5295",171,"Film - BW",1968,12000,153,2530,1650.6,605.8,FALSE
707055,"bc5295",172,"Film - BW",1968,12000,153,2530,1670.8,605.8,FALSE
707056,"bc5295",173,"Film - BW",1968,12000,153,2530,1670.8,605.8,FALSE
707057,"bc5295",174,"Film - BW",1968,12000,153,2530,1646.6,598.6,FALSE
707058,"bc5295",175,"Film - BW",1968,12000,153,2530,1622.7,598.6,FALSE
707059,"bc5295",176,"Film - BW",1968,12000,153,2499,1606.1,461.7,FALSE
707060,"bc5295",177,"Film - BW",1968,12000,153,2499,1628.2,461.7,FALSE
707061,"bc5295",178,"Film - BW",1968,12000,153,2499,1657.8,461.7,FALSE
707062,"bc5295",179,"Film - BW",1968,12000,153,2499,1684.2,461.7,FALSE
707063,"bc5295",180,"Film - BW",1968,12000,153,2499,1712.4,461.7,FALSE
707064,"bc5295",181,"Film - BW",1968,12000,153,2499,1740.7,461.7,FALSE
707065,"bc5295",182,"Film - BW",1968,12000,153,2499,1762,461.7,FALSE
707066,"bc5295",183,"Film - BW",1968,12000,153,2499,1779.5,461.7,FALSE
707067,"bc5295",184,"Film - BW",1968,12000,153,2499,1796.1,461.6,FALSE
707068,"bc5295",185,"Film - BW",1968,12000,153,2499,1808.8,461.6,FALSE
707069,"bc5295",186,"Film - BW",1968,12000,153,2499,1813.7,446.8,FALSE
707070,"bc5295",187,"Film - BW",1968,12000,153,2499,1813.6,445.9,FALSE
707071,"bc5295",188,"Film - BW",1968,12000,153,2499,1807.4,445.9,FALSE
707072,"bc5295",189,"Film - BW",1968,12000,153,2499,1790.9,445.9,FALSE
707073,"bc5295",190,"Film - BW",1968,12000,153,2499,1757.8,445.9,FALSE
707074,"bc5295",191,"Film - BW",1968,12000,153,2499,1712.8,445.9,FALSE
707075,"bc5295",192,"Film - BW",1968,12000,153,2499,1665.9,445.9,FALSE
707076,"bc5295",193,"Film - BW",1968,12000,153,2499,1622.4,445.9,FALSE
707077,"bc5295",194,"Film - BW",1968,12000,153,2499,1588.8,445.9,FALSE
707078,"bc5295",195,"Film - BW",1968,12000,153,2499,1561.4,445.9,FALSE
707079,"bc5295",196,"Film - BW",1968,12000,153,2499,1539,445.9,FALSE
707080,"bc5295",197,"Film - BW",1968,12000,153,2499,1511.3,601.7,FALSE
707081,"bc5295",198,"Film - BW",1968,12000,153,2499,1480.6,601.7,FALSE
707082,"bc5295",199,"Film - BW",1968,12000,153,2499,1444.9,601.6,FALSE
707083,"bc5295",200,"Film - BW",1968,12000,153,2499,1402.7,601.6,FALSE
707084,"bc5295",201,"Film - BW",1968,12000,153,2499,1369.2,602.5,FALSE
707096,"bc5295",213,"Film - BW",1968,12000,153,2591,1444,690.5,FALSE
707097,"bc5295",214,"Film - BW",1968,12000,153,2591,1466.4,690.5,FALSE
707098,"bc5295",215,"Film - BW",1968,12000,153,2591,1497.7,690.5,FALSE
707099,"bc5295",216,"Film - BW",1968,12000,153,2591,1533.1,535.3,FALSE
707100,"bc5295",217,"Film - BW",1968,12000,153,2591,1570.1,535.3,FALSE
707101,"bc5295",218,"Film - BW",1968,12000,153,2591,1612.1,535,FALSE
707102,"bc5295",219,"Film - BW",1968,12000,153,2591,1653.3,535,FALSE
707103,"bc5295",220,"Film - BW",1968,12000,153,2591,1692.7,536.1,FALSE
707104,"bc5295",221,"Film - BW",1968,12000,153,2591,1726.3,535.2,FALSE
707105,"bc5295",222,"Film - BW",1968,12000,153,2591,1749.5,535.2,FALSE
707106,"bc5295",223,"Film - BW",1968,12000,153,2591,1754.1,535.2,FALSE
707107,"bc5295",224,"Film - BW",1968,12000,153,2591,1748.1,535.2,FALSE
707108,"bc5295",225,"Film - BW",1968,12000,153,2591,1733,488.1,FALSE
707109,"bc5295",226,"Film - BW",1968,12000,153,2591,1707,487,FALSE
707110,"bc5295",227,"Film - BW",1968,12000,153,2591,1669.8,487,FALSE
707111,"bc5295",228,"Film - BW",1968,12000,153,2591,1628.8,488.1,FALSE
707112,"bc5295",229,"Film - BW",1968,12000,153,2591,1587.5,488.1,FALSE
707113,"bc5295",230,"Film - BW",1968,12000,153,2591,1549.8,487,FALSE
707114,"bc5295",231,"Film - BW",1968,12000,153,2591,1518.2,487,FALSE
707115,"bc5295",232,"Film - BW",1968,12000,153,2591,1494.4,488.1,FALSE
716752,"bc5313",108,"Film - BW",1968,10000,153,1981,1043.1,499.5,FALSE
716753,"bc5313",109,"Film - BW",1968,10000,153,1981,1085.8,499.5,FALSE
716754,"bc5313",110,"Film - BW",1968,10000,153,1981,1099.6,500.9,FALSE
771771,"bc5320",203,"Film - BW",1969,12000,153,1890,746.8,905.1,FALSE
771772,"bc5320",204,"Film - BW",1969,12000,153,1890,933.7,466.9,FALSE
771773,"bc5320",205,"Film - BW",1969,12000,153,1890,873.5,466.9,FALSE
771774,"bc5320",206,"Film - BW",1969,12000,153,1890,866.5,466.9,FALSE
771775,"bc5320",207,"Film - BW",1969,12000,153,1890,904.4,466.9,FALSE
771776,"bc5320",208,"Film - BW",1969,12000,153,1890,961.4,466.9,FALSE
771777,"bc5320",209,"Film - BW",1969,12000,153,1890,1041.2,466.9,FALSE
771778,"bc5320",210,"Film - BW",1969,12000,153,1890,1129.1,466.9,FALSE
771779,"bc5320",211,"Film - BW",1969,12000,153,1890,1154.3,466.9,FALSE
771780,"bc5320",212,"Film - BW",1969,12000,153,1890,1111.6,466.9,FALSE
771781,"bc5320",213,"Film - BW",1969,12000,153,1890,1024.7,466.9,FALSE
771782,"bc5320",214,"Film - BW",1969,12000,153,1890,934.6,467,FALSE
771783,"bc5320",215,"Film - BW",1969,12000,153,1890,805.8,474.2,FALSE
771990,"bc5321",168,"Film - BW",1969,12000,153,1890,752.5,583.5,FALSE
771991,"bc5321",169,"Film - BW",1969,12000,153,1890,747.5,583.5,FALSE
771998,"bc5321",176,"Film - BW",1969,12000,153,1890,793.6,554.5,FALSE
771999,"bc5321",177,"Film - BW",1969,12000,153,1890,881.4,554.5,FALSE
772000,"bc5321",178,"Film - BW",1969,12000,153,1890,891.8,554.5,FALSE
772001,"bc5321",179,"Film - BW",1969,12000,153,1890,845.1,554.5,FALSE
772002,"bc5321",180,"Film - BW",1969,12000,153,1890,808.3,554.5,FALSE
772003,"bc5321",181,"Film - BW",1969,12000,153,1890,763.2,554.5,FALSE
772038,"bc5321",216,"Film - BW",1969,12000,153,1890,798.6,452.2,FALSE
772039,"bc5321",217,"Film - BW",1969,12000,153,1890,969.8,452.2,FALSE
772040,"bc5321",218,"Film - BW",1969,12000,153,1890,1080.4,452.2,FALSE
772041,"bc5321",219,"Film - BW",1969,12000,153,1890,1122.8,452.2,FALSE
772042,"bc5321",220,"Film - BW",1969,12000,153,1890,1126.1,452.2,FALSE
772043,"bc5321",221,"Film - BW",1969,12000,153,1890,1070.6,452.2,FALSE
772044,"bc5321",222,"Film - BW",1969,12000,153,1890,933.6,686.2,FALSE
772045,"bc5321",223,"Film - BW",1969,12000,153,1890,814.5,686.2,FALSE
772046,"bc5321",224,"Film - BW",1969,12000,153,1890,750.3,686.2,FALSE
772047,"bc5321",225,"Film - BW",1969,12000,153,1890,811.1,686.2,FALSE
772048,"bc5321",226,"Film - BW",1969,12000,153,1890,955.8,686.2,FALSE
772049,"bc5321",227,"Film - BW",1969,12000,153,1890,1142.7,686.2,FALSE
772050,"bc5321",228,"Film - BW",1969,12000,153,1890,1317.7,686.2,FALSE
772051,"bc5321",229,"Film - BW",1969,12000,153,1981,1369.2,686.2,FALSE
772052,"bc5321",230,"Film - BW",1969,12000,153,1981,864,641.6,FALSE
772055,"bc5321",233,"Film - BW",1969,12000,153,1981,835.8,641.6,FALSE
772056,"bc5321",234,"Film - BW",1969,12000,153,1981,925,634.3,FALSE
772057,"bc5321",235,"Film - BW",1969,12000,153,1981,1041.9,495.5,FALSE
772058,"bc5321",236,"Film - BW",1969,12000,153,1981,1072.5,495.5,FALSE
772059,"bc5321",237,"Film - BW",1969,12000,153,1981,1000.3,495.5,FALSE
772060,"bc5321",238,"Film - BW",1969,12000,153,1981,856.4,495.5,FALSE
772145,"bc5322",54,"Film - BW",1969,12000,153,1981,846.1,669.9,FALSE
772203,"bc5322",112,"Film - BW",1969,12000,153,1981,863.4,553.6,FALSE
772204,"bc5322",113,"Film - BW",1969,12000,153,1981,904.8,553.6,FALSE
772205,"bc5322",114,"Film - BW",1969,12000,153,1981,852.8,553.6,FALSE
772208,"bc5322",117,"Film - BW",1969,12000,153,1981,1085.1,940.5,FALSE
772209,"bc5322",118,"Film - BW",1969,12000,153,1981,1325.8,940.5,FALSE
772210,"bc5322",119,"Film - BW",1969,12000,153,1981,1109.9,802,FALSE
772211,"bc5322",120,"Film - BW",1969,12000,153,1981,1119,794.7,FALSE
772212,"bc5322",121,"Film - BW",1969,12000,153,1981,1018.2,794.7,FALSE
772213,"bc5322",122,"Film - BW",1969,12000,153,1981,852.9,794.7,FALSE
772216,"bc5322",125,"Film - BW",1969,12000,153,1981,958.7,794.7,FALSE
772217,"bc5322",126,"Film - BW",1969,12000,153,1981,1070.5,590.9,FALSE
772218,"bc5322",127,"Film - BW",1969,12000,153,1981,1035.7,590.8,FALSE
772219,"bc5322",128,"Film - BW",1969,12000,153,1981,873,583.6,FALSE
772255,"bc5322",164,"Film - BW",1969,12000,153,1981,971.7,641.6,FALSE
772256,"bc5322",165,"Film - BW",1969,12000,153,1981,1040.7,641.6,FALSE
772257,"bc5322",166,"Film - BW",1969,12000,153,1981,1049.3,590.5,FALSE
772258,"bc5322",167,"Film - BW",1969,12000,153,1981,1026.8,590.5,FALSE
772259,"bc5322",168,"Film - BW",1969,12000,153,1981,951.6,590.5,FALSE
772260,"bc5322",169,"Film - BW",1969,12000,153,1981,860.1,590.5,FALSE
772270,"bc5322",179,"Film - BW",1969,12000,153,1981,839,568.6,FALSE
783990,"bc5326",205,"Film - BW",1969,10000,153,2286,1420.4,555.4,FALSE
767409,"bc5353",15,"Film - BW",1969,45000,153,6096,1844.7,1895.1,FALSE
767410,"bc5353",16,"Film - BW",1969,45000,153,6096,1919.7,1895.2,FALSE
767411,"bc5353",17,"Film - BW",1969,45000,153,6096,2040,1895.2,FALSE
767412,"bc5353",18,"Film - BW",1969,45000,153,6096,2092.4,1895.3,FALSE
767413,"bc5353",19,"Film - BW",1969,45000,153,6096,2041.4,1895.3,FALSE
767414,"bc5353",20,"Film - BW",1969,45000,153,6096,2037,1895.4,FALSE
767415,"bc5353",21,"Film - BW",1969,45000,153,6096,2070.5,1895.4,FALSE
767416,"bc5353",22,"Film - BW",1969,45000,153,6096,2010.9,1895.5,FALSE
767418,"bc5353",24,"Film - BW",1969,45000,153,6096,1902.9,2052.3,FALSE
767419,"bc5353",25,"Film - BW",1969,45000,153,6096,1878.5,2052.5,FALSE
767420,"bc5353",26,"Film - BW",1969,45000,153,6096,1885.6,2052.4,FALSE
767421,"bc5353",27,"Film - BW",1969,45000,153,6096,1881.9,2052.4,FALSE
1386592,"bc5495",76,"Film - BW",1972,16000,153,2743,1276,631.1,FALSE
1386593,"bc5495",77,"Film - BW",1972,16000,153,2743,1292.9,631.1,FALSE
1386594,"bc5495",78,"Film - BW",1972,16000,153,2743,1250.9,631.1,FALSE
1386607,"bc5495",91,"Film - BW",1972,16000,153,2743,1216.1,631.1,FALSE
1386608,"bc5495",92,"Film - BW",1972,16000,153,2743,1263.9,631,FALSE
1386609,"bc5495",93,"Film - BW",1972,16000,153,2743,1308.3,631,FALSE
1386610,"bc5495",94,"Film - BW",1972,16000,153,2743,1369.2,630.9,FALSE
1386611,"bc5495",95,"Film - BW",1972,16000,153,2743,1420.7,630.9,FALSE
1386612,"bc5495",96,"Film - BW",1972,16000,153,2743,1418.9,1503.1,FALSE
1386613,"bc5495",97,"Film - BW",1972,16000,153,2743,1338.8,1495.8,FALSE
1386644,"bc5495",128,"Film - BW",1972,16000,153,2743,1255.4,1025.7,FALSE
1386645,"bc5495",129,"Film - BW",1972,16000,153,2743,1317.4,1025.7,FALSE
1386646,"bc5495",130,"Film - BW",1972,16000,153,2743,1345.2,1025.7,FALSE
1386647,"bc5495",131,"Film - BW",1972,16000,153,2743,1331.7,1025.7,FALSE
1386648,"bc5495",132,"Film - BW",1972,16000,153,2743,1267.5,1025.6,FALSE
1386682,"bc5495",166,"Film - BW",1972,16000,153,2743,1227.3,1025.6,FALSE
1386683,"bc5495",167,"Film - BW",1972,16000,153,2743,1219.9,1025.6,FALSE
1386684,"bc5495",168,"Film - BW",1972,16000,153,2743,1222.4,1025.6,FALSE
1371683,"bc5541",136,"Film - BW",1973,4800,153,975,587.7,212.9,FALSE
1371684,"bc5541",137,"Film - BW",1973,4800,153,975,581.5,212.5,FALSE
1371685,"bc5541",138,"Film - BW",1973,4800,153,975,580.4,212.5,FALSE
1371686,"bc5541",139,"Film - BW",1973,4800,153,975,581.9,212.5,FALSE
1371687,"bc5541",140,"Film - BW",1973,4800,153,975,583.9,212.5,FALSE
1371688,"bc5541",141,"Film - BW",1973,4800,153,975,586.2,212.5,FALSE
1371689,"bc5541",142,"Film - BW",1973,4800,153,975,586.6,212.5,FALSE
1371690,"bc5541",143,"Film - BW",1973,4800,153,975,586.6,212.9,FALSE
1371691,"bc5541",144,"Film - BW",1973,4800,153,975,586.3,212.9,FALSE
1371692,"bc5541",145,"Film - BW",1973,4800,153,975,585.9,212.9,FALSE
1371693,"bc5541",146,"Film - BW",1973,4800,153,975,585.2,212.9,FALSE
1371694,"bc5541",147,"Film - BW",1973,4800,153,975,587.3,212.4,FALSE
1371695,"bc5541",148,"Film - BW",1973,4800,153,975,590.8,212.4,FALSE
1371696,"bc5541",149,"Film - BW",1973,4800,153,975,595.3,218.9,FALSE
1371697,"bc5541",150,"Film - BW",1973,4800,153,975,598.9,223.8,FALSE
1371698,"bc5541",151,"Film - BW",1973,4800,153,975,589.7,232.2,FALSE
1371699,"bc5541",152,"Film - BW",1973,4800,153,975,588.5,232.2,FALSE
1371700,"bc5541",153,"Film - BW",1973,4800,153,975,588.2,232.2,FALSE
1371701,"bc5541",154,"Film - BW",1973,4800,153,975,589.6,232.2,FALSE
1371702,"bc5541",155,"Film - BW",1973,4800,153,975,591.9,232.2,FALSE
1371703,"bc5541",156,"Film - BW",1973,4800,153,975,594.6,232.2,FALSE
1371704,"bc5541",157,"Film - BW",1973,4800,153,975,597,232.2,FALSE
1371705,"bc5541",158,"Film - BW",1973,4800,153,975,598.3,232.2,FALSE
1371706,"bc5541",159,"Film - BW",1973,4800,153,975,599,233.3,FALSE
1371707,"bc5541",160,"Film - BW",1973,4800,153,975,599.4,232.1,FALSE
1371708,"bc5541",161,"Film - BW",1973,4800,153,975,599.4,232.1,FALSE
1371709,"bc5541",162,"Film - BW",1973,4800,153,975,599.2,232.1,FALSE
1371710,"bc5541",163,"Film - BW",1973,4800,153,975,596.8,232.1,FALSE
1371711,"bc5541",164,"Film - BW",1973,4800,153,975,591.4,232.1,FALSE
1371712,"bc5541",165,"Film - BW",1973,4800,153,975,586,232.1,FALSE
1371713,"bc5541",166,"Film - BW",1973,4800,153,975,584.2,233.3,FALSE
1371714,"bc5541",167,"Film - BW",1973,4800,153,975,588.6,247,FALSE
1373000,"bc5544",34,"Film - BW",1973,12000,153,2773,1858.8,447.3,FALSE
1373001,"bc5544",35,"Film - BW",1973,12000,153,2773,1858.6,446.5,FALSE
1373002,"bc5544",36,"Film - BW",1973,12000,153,2773,1858.8,446.5,FALSE
1373003,"bc5544",37,"Film - BW",1973,12000,153,2773,1863,446.4,FALSE
1373004,"bc5544",38,"Film - BW",1973,12000,153,2773,1872.5,446.4,FALSE
1373005,"bc5544",39,"Film - BW",1973,12000,153,2773,1888.1,446.4,FALSE
1373006,"bc5544",40,"Film - BW",1973,12000,153,2773,1903.5,446.4,FALSE
1373007,"bc5544",41,"Film - BW",1973,12000,153,2773,1918.9,446.4,FALSE
1373008,"bc5544",42,"Film - BW",1973,12000,153,2773,1931.7,454.5,FALSE
1373009,"bc5544",43,"Film - BW",1973,12000,153,2773,1899.2,529.8,FALSE
1373010,"bc5544",44,"Film - BW",1973,12000,153,2773,1913.9,525.7,FALSE
1373011,"bc5544",45,"Film - BW",1973,12000,153,2773,1916.5,520.9,FALSE
1373012,"bc5544",46,"Film - BW",1973,12000,153,2773,1908,520.9,FALSE
1373013,"bc5544",47,"Film - BW",1973,12000,153,2773,1895.5,520.9,FALSE
1373014,"bc5544",48,"Film - BW",1973,12000,153,2773,1880.4,520.9,FALSE
1373015,"bc5544",49,"Film - BW",1973,12000,153,2773,1862.3,521,FALSE
1373016,"bc5544",50,"Film - BW",1973,12000,153,2773,1848.3,521,FALSE
1373017,"bc5544",51,"Film - BW",1973,12000,153,2773,1835.6,525.8,FALSE
1373018,"bc5544",52,"Film - BW",1973,12000,153,2773,1844.3,516.3,FALSE
1373019,"bc5544",53,"Film - BW",1973,12000,153,2773,1870.4,516.3,FALSE
1373020,"bc5544",54,"Film - BW",1973,12000,153,2773,1899.5,516.2,FALSE
1373021,"bc5544",55,"Film - BW",1973,12000,153,2773,1919.8,516.2,FALSE
1373022,"bc5544",56,"Film - BW",1973,12000,153,2773,1930.2,516.2,FALSE
1373023,"bc5544",57,"Film - BW",1973,12000,153,2773,1930.6,516.2,FALSE
1373024,"bc5544",58,"Film - BW",1973,12000,153,2773,1914.6,516.2,FALSE
1373025,"bc5544",59,"Film - BW",1973,12000,153,2773,1892.4,516.2,FALSE
1373026,"bc5544",60,"Film - BW",1973,12000,153,2773,1869.8,516.2,FALSE
1373027,"bc5544",61,"Film - BW",1973,12000,153,2773,1838.4,521.2,FALSE
1372962,"bc5544",62,"Film - BW",1973,12000,153,1981,1213.5,506.7,FALSE
1372963,"bc5544",63,"Film - BW",1973,12000,153,1981,1217.9,492.5,FALSE
1372964,"bc5544",64,"Film - BW",1973,12000,153,1981,1222.2,492.5,FALSE
1372965,"bc5544",65,"Film - BW",1973,12000,153,1981,1223.4,499.6,FALSE
1372966,"bc5544",66,"Film - BW",1973,12000,153,1981,1212.7,492.5,FALSE
1372967,"bc5544",67,"Film - BW",1973,12000,153,1981,1198,492.5,FALSE
1372968,"bc5544",68,"Film - BW",1973,12000,153,1981,1180.8,499.6,FALSE
1372969,"bc5544",69,"Film - BW",1973,12000,153,1981,1165.5,492.6,FALSE
1372970,"bc5544",70,"Film - BW",1973,12000,153,1981,1154.4,492.6,FALSE
1372971,"bc5544",71,"Film - BW",1973,12000,153,1981,1145,492.6,FALSE
1372972,"bc5544",72,"Film - BW",1973,12000,153,1981,1139.3,492.6,FALSE
1372973,"bc5544",73,"Film - BW",1973,12000,153,1981,1134.2,499.7,FALSE
1372974,"bc5544",74,"Film - BW",1973,12000,153,1981,1134.7,492.8,FALSE
1372975,"bc5544",75,"Film - BW",1973,12000,153,1981,1137.4,492.8,FALSE
1372976,"bc5544",76,"Film - BW",1973,12000,153,1981,1143.4,499.9,FALSE
1372977,"bc5544",77,"Film - BW",1973,12000,153,1981,1154.8,499.9,FALSE
1372978,"bc5544",78,"Film - BW",1973,12000,153,1981,1168.9,527.6,FALSE
1372979,"bc5544",79,"Film - BW",1973,12000,153,1981,1144.1,524,FALSE
1372980,"bc5544",80,"Film - BW",1973,12000,153,1981,1135.4,524,FALSE
1372981,"bc5544",81,"Film - BW",1973,12000,153,1981,1142,524.1,FALSE
1372982,"bc5544",82,"Film - BW",1973,12000,153,1981,1147.8,524.1,FALSE
1372983,"bc5544",83,"Film - BW",1973,12000,153,1981,1153.4,525,FALSE
1372984,"bc5544",84,"Film - BW",1973,12000,153,1981,1160.8,524.1,FALSE
1372985,"bc5544",85,"Film - BW",1973,12000,153,1981,1165.8,524.1,FALSE
1372986,"bc5544",86,"Film - BW",1973,12000,153,1981,1167.6,525,FALSE
1372987,"bc5544",87,"Film - BW",1973,12000,153,1981,1174.2,526,FALSE
1372988,"bc5544",88,"Film - BW",1973,12000,153,1981,1149.1,524.9,FALSE
1372989,"bc5544",89,"Film - BW",1973,12000,153,1981,1149.6,524.9,FALSE
1372990,"bc5544",90,"Film - BW",1973,12000,153,1981,1165.1,526,FALSE
1372991,"bc5544",91,"Film - BW",1973,12000,153,1981,1168.2,526,FALSE
1372992,"bc5544",92,"Film - BW",1973,12000,153,1981,1159.3,526,FALSE
1372993,"bc5544",93,"Film - BW",1973,12000,153,1981,1151.5,528.8,FALSE
1372994,"bc5544",94,"Film - BW",1973,12000,153,1981,1213,577,FALSE
1372995,"bc5544",95,"Film - BW",1973,12000,153,1981,1184.5,570.3,FALSE
1372996,"bc5544",96,"Film - BW",1973,12000,153,1981,1166.9,570.3,FALSE
1372997,"bc5544",97,"Film - BW",1973,12000,153,1981,1158.7,570.3,FALSE
1372998,"bc5544",98,"Film - BW",1973,12000,153,1981,1162.1,570.3,FALSE
1372999,"bc5544",99,"Film - BW",1973,12000,153,1981,1174.5,577.3,FALSE
1373028,"bc5546",195,"Film - BW",1973,12000,153,1828,924.4,496.6,FALSE
1373029,"bc5546",196,"Film - BW",1973,12000,153,1828,968.7,496.6,FALSE
1373030,"bc5546",197,"Film - BW",1973,12000,153,1828,996.5,495.6,FALSE
1373031,"bc5546",198,"Film - BW",1973,12000,153,1828,1003.5,495.6,FALSE
1373032,"bc5546",199,"Film - BW",1973,12000,153,1828,996.8,495.6,FALSE
1373033,"bc5546",200,"Film - BW",1973,12000,153,1828,982.5,495.6,FALSE
1373034,"bc5546",201,"Film - BW",1973,12000,153,1828,962.3,495.6,FALSE
1373035,"bc5546",202,"Film - BW",1973,12000,153,1828,942.7,495.6,FALSE
1373036,"bc5546",203,"Film - BW",1973,12000,153,1828,932.2,496.5,FALSE
1373037,"bc5546",204,"Film - BW",1973,12000,153,1828,928.4,495.5,FALSE
1373038,"bc5546",205,"Film - BW",1973,12000,153,1828,924.2,495.5,FALSE
1373039,"bc5546",206,"Film - BW",1973,12000,153,1828,912,499.8,FALSE
1373040,"bc5561",202,"Film - BW",1973,12000,153,2316,1352.7,567.3,FALSE
1373041,"bc5561",203,"Film - BW",1973,12000,153,2316,1361,567.3,FALSE
1373042,"bc5561",204,"Film - BW",1973,12000,153,2316,1377.3,568.4,FALSE
1373043,"bc5561",205,"Film - BW",1973,12000,153,2316,1394,459.4,FALSE
1373044,"bc5561",206,"Film - BW",1973,12000,153,2316,1403.2,455,FALSE
1373045,"bc5561",207,"Film - BW",1973,12000,153,2316,1411.5,455,FALSE
1373046,"bc5561",208,"Film - BW",1973,12000,153,2316,1419.4,455,FALSE
1373047,"bc5561",209,"Film - BW",1973,12000,153,2316,1424.5,455,FALSE
1373048,"bc5561",210,"Film - BW",1973,12000,153,2316,1427.1,455,FALSE
1373049,"bc5561",211,"Film - BW",1973,12000,153,2316,1459.7,521,FALSE
1373050,"bc5561",212,"Film - BW",1973,12000,153,2316,1433.4,521,FALSE
1373051,"bc5561",213,"Film - BW",1973,12000,153,2316,1419.6,367.1,FALSE
1373052,"bc5561",214,"Film - BW",1973,12000,153,2316,1416.2,367.1,FALSE
1373053,"bc5561",215,"Film - BW",1973,12000,153,2316,1415.3,367.1,FALSE
1373054,"bc5561",216,"Film - BW",1973,12000,153,2316,1414,367.1,FALSE
1373055,"bc5561",217,"Film - BW",1973,12000,153,2316,1391.3,529.5,FALSE
1373056,"bc5561",218,"Film - BW",1973,12000,153,2316,1387.6,525,FALSE
1373057,"bc5561",219,"Film - BW",1973,12000,153,2316,1387.7,525,FALSE
1373058,"bc5561",220,"Film - BW",1973,12000,153,2316,1394.6,525,FALSE
1373059,"bc5561",221,"Film - BW",1973,12000,153,2316,1401.8,525,FALSE
1373060,"bc5561",222,"Film - BW",1973,12000,153,2316,1411,525,FALSE
1373061,"bc5561",223,"Film - BW",1973,12000,153,2316,1426.4,525,FALSE
1373062,"bc5561",224,"Film - BW",1973,12000,153,2316,1446.3,525,FALSE
1373063,"bc5561",225,"Film - BW",1973,12000,153,2316,1466.1,523.9,FALSE
1373064,"bc5561",226,"Film - BW",1973,12000,153,2316,1482.6,523.9,FALSE
1373065,"bc5561",227,"Film - BW",1973,12000,153,2316,1498.6,526.1,FALSE
1373100,"bc5563",75,"Film - BW",1973,12000,153,1920,877.3,548.8,FALSE
1373101,"bc5563",76,"Film - BW",1973,12000,153,1920,882.6,544.1,FALSE
1373102,"bc5563",77,"Film - BW",1973,12000,153,1920,929,544.1,FALSE
1373103,"bc5563",78,"Film - BW",1973,12000,153,1920,1008.6,544.1,FALSE
1373104,"bc5563",79,"Film - BW",1973,12000,153,1920,1072.1,543.9,FALSE
1373105,"bc5563",80,"Film - BW",1973,12000,153,1920,1092.4,543.9,FALSE
1373106,"bc5563",81,"Film - BW",1973,12000,153,1920,1090.2,543.9,FALSE
1373107,"bc5563",82,"Film - BW",1973,12000,153,1920,1099.3,543.9,FALSE
1373108,"bc5563",83,"Film - BW",1973,12000,153,1920,1105.7,543.9,FALSE
1373109,"bc5563",84,"Film - BW",1973,12000,153,1920,1104.7,543.9,FALSE
1373110,"bc5563",85,"Film - BW",1973,12000,153,1920,1117.9,543.9,FALSE
1373111,"bc5563",86,"Film - BW",1973,12000,153,1920,1142.1,543.9,FALSE
1373112,"bc5563",87,"Film - BW",1973,12000,153,1920,1171.9,542.8,FALSE
1373113,"bc5563",88,"Film - BW",1973,12000,153,1920,1200.9,542.8,FALSE
1373114,"bc5563",89,"Film - BW",1973,12000,153,1920,1164.4,493.1,FALSE
1373115,"bc5563",90,"Film - BW",1973,12000,153,1920,1101,491.6,FALSE
1373116,"bc5563",91,"Film - BW",1973,12000,153,1920,1056,491.6,FALSE
1373117,"bc5563",92,"Film - BW",1973,12000,153,1920,1047.2,491.9,FALSE
1373118,"bc5563",93,"Film - BW",1973,12000,153,1920,1072.1,491.6,FALSE
1373119,"bc5563",94,"Film - BW",1973,12000,153,1920,1085.1,491.6,FALSE
1373120,"bc5563",95,"Film - BW",1973,12000,153,1920,1079.4,491.6,FALSE
1373121,"bc5563",96,"Film - BW",1973,12000,153,1920,1061.3,491.6,FALSE
1335471,"bc5574",138,"Film - BW",1974,12000,153,2225,1079.3,1217.5,FALSE
1335565,"bc5574",232,"Film - BW",1974,12000,153,1920,833.5,1123.3,FALSE
1335677,"bc5575",57,"Film - BW",1974,12000,153,1920,1154.4,1094.8,FALSE
1335678,"bc5575",58,"Film - BW",1974,12000,153,1920,1437.3,1117,FALSE
1335805,"bc5580",34,"Film - BW",1974,12000,153,1920,873,795.2,FALSE
1335806,"bc5580",35,"Film - BW",1974,12000,153,1920,838.2,795.2,FALSE
1335864,"bc5580",93,"Film - BW",1974,12000,153,1920,774.1,729.5,FALSE
1335865,"bc5580",94,"Film - BW",1974,12000,153,1920,824.5,729.5,FALSE
1335874,"bc5580",103,"Film - BW",1974,12000,153,1920,856.3,539.7,FALSE
1335875,"bc5580",104,"Film - BW",1974,12000,153,1920,905.7,547,FALSE
1335876,"bc5580",105,"Film - BW",1974,12000,153,1920,958.7,547,FALSE
1335877,"bc5580",106,"Film - BW",1974,12000,153,1920,990.7,547,FALSE
1335878,"bc5580",107,"Film - BW",1974,12000,153,1920,971.8,846.3,FALSE
1335879,"bc5580",108,"Film - BW",1974,12000,153,1920,902,846.3,FALSE
1338619,"bc5583",137,"Film - BW",1974,8000,153,1226,695.8,357.3,FALSE
1338620,"bc5583",138,"Film - BW",1974,8000,153,1226,661.8,357.3,FALSE
1338621,"bc5583",139,"Film - BW",1974,8000,153,1226,595.7,351.4,FALSE
1338622,"bc5583",140,"Film - BW",1974,8000,153,1226,510.4,351.4,FALSE
1336985,"bc5592",14,"Film - BW",1974,12000,153,2072,933.7,713.1,FALSE
1334941,"bc5595",45,"Film - BW",1974,16000,153,2651,1640.5,500.8,FALSE
1334942,"bc5595",46,"Film - BW",1974,16000,153,2651,1651.1,499.4,FALSE
1334943,"bc5595",47,"Film - BW",1974,16000,153,2651,1653.8,498.6,FALSE
1334944,"bc5595",48,"Film - BW",1974,16000,153,2651,1658.1,498.6,FALSE
1334945,"bc5595",49,"Film - BW",1974,16000,153,2651,1671.4,498.6,FALSE
1334946,"bc5595",50,"Film - BW",1974,16000,153,2651,1686.4,498.6,FALSE
1334947,"bc5595",51,"Film - BW",1974,16000,153,2651,1694.6,499.4,FALSE
1334948,"bc5595",52,"Film - BW",1974,16000,153,2651,1742.8,426.8,FALSE
1334949,"bc5595",53,"Film - BW",1974,16000,153,2651,1723.9,426.8,FALSE
1334950,"bc5595",54,"Film - BW",1974,16000,153,2651,1703.4,426.8,FALSE
1334951,"bc5595",55,"Film - BW",1974,16000,153,2651,1685.4,426.8,FALSE
1334952,"bc5595",56,"Film - BW",1974,16000,153,2651,1674.1,426.8,FALSE
1334953,"bc5595",57,"Film - BW",1974,16000,153,2651,1668,426.8,FALSE
1334954,"bc5595",58,"Film - BW",1974,16000,153,2651,1661.4,427.5,FALSE
1334955,"bc5595",59,"Film - BW",1974,16000,153,2651,1652,431.2,FALSE
1335189,"bc5595",60,"Film - BW",1974,16000,153,2651,1372.5,543.5,FALSE
1335190,"bc5595",61,"Film - BW",1974,16000,153,2651,1379.6,543.4,FALSE
1335191,"bc5595",62,"Film - BW",1974,16000,153,2651,1382,542.8,FALSE
1335192,"bc5595",63,"Film - BW",1974,16000,153,2651,1381.8,537.3,FALSE
1335193,"bc5595",64,"Film - BW",1974,16000,153,2651,1380.4,537.3,FALSE
1335194,"bc5595",65,"Film - BW",1974,16000,153,2651,1379.4,543.4,FALSE
1335195,"bc5595",66,"Film - BW",1974,16000,153,2651,1379.1,550.6,FALSE
1335196,"bc5595",67,"Film - BW",1974,16000,153,2651,1381,582.9,FALSE
1335197,"bc5595",68,"Film - BW",1974,16000,153,2651,1383.2,582.9,FALSE
1335198,"bc5595",69,"Film - BW",1974,16000,153,2651,1385.3,582.9,FALSE
1335199,"bc5595",70,"Film - BW",1974,16000,153,2651,1386.4,582.4,FALSE
1335200,"bc5595",71,"Film - BW",1974,16000,153,2651,1383.4,582.4,FALSE
1335201,"bc5595",72,"Film - BW",1974,16000,153,2651,1379.6,590.2,FALSE
1340302,"bc5595",142,"Film - BW",1974,12000,153,1463,728,407.8,FALSE
1340303,"bc5595",143,"Film - BW",1974,12000,153,1463,727.8,407.8,FALSE
1340304,"bc5595",144,"Film - BW",1974,12000,153,1463,728.6,407.8,FALSE
1340305,"bc5595",145,"Film - BW",1974,12000,153,1463,734.4,407.8,FALSE
1340306,"bc5595",146,"Film - BW",1974,12000,153,1463,741.9,407.8,FALSE
1340307,"bc5595",147,"Film - BW",1974,12000,153,1463,740.8,407.8,FALSE
1340308,"bc5595",148,"Film - BW",1974,12000,153,1463,726.2,407.8,FALSE
1340309,"bc5595",149,"Film - BW",1974,12000,153,1463,714,342.6,FALSE
1340310,"bc5595",150,"Film - BW",1974,12000,153,1463,710.2,336,FALSE
1340311,"bc5595",151,"Film - BW",1974,12000,153,1463,710.6,336,FALSE
1340312,"bc5595",152,"Film - BW",1974,12000,153,1463,709,335.5,FALSE
1340313,"bc5595",153,"Film - BW",1974,12000,153,1463,705.3,335.5,FALSE
1340314,"bc5595",154,"Film - BW",1974,12000,153,1463,702.3,336,FALSE
1340315,"bc5595",155,"Film - BW",1974,12000,153,1463,707,336,FALSE
1340316,"bc5595",156,"Film - BW",1974,12000,153,1463,722.9,336,FALSE
1340317,"bc5595",157,"Film - BW",1974,12000,153,1463,742,335.5,FALSE
1340318,"bc5595",158,"Film - BW",1974,12000,153,1463,754.5,335.5,FALSE
1340319,"bc5595",159,"Film - BW",1974,12000,153,1463,759.2,335.9,FALSE
1340320,"bc5595",160,"Film - BW",1974,12000,153,1463,767.2,335.9,FALSE
1340321,"bc5595",161,"Film - BW",1974,12000,153,1463,781.9,344,FALSE
1340322,"bc5595",162,"Film - BW",1974,12000,153,1463,813.4,353,FALSE
1340323,"bc5595",163,"Film - BW",1974,12000,153,1463,829.5,345,FALSE
1340324,"bc5595",164,"Film - BW",1974,12000,153,1463,840.1,345,FALSE
1340325,"bc5595",165,"Film - BW",1974,12000,153,1463,839.5,344.5,FALSE
1340326,"bc5595",166,"Film - BW",1974,12000,153,1463,824.3,344.5,FALSE
1340327,"bc5595",167,"Film - BW",1974,12000,153,1463,799.1,345,FALSE
1340328,"bc5595",168,"Film - BW",1974,12000,153,1463,774.3,345,FALSE
1340329,"bc5595",169,"Film - BW",1974,12000,153,1463,751.1,345,FALSE
1340330,"bc5595",170,"Film - BW",1974,12000,153,1463,735.7,345,FALSE
1340331,"bc5595",171,"Film - BW",1974,12000,153,1463,734.8,345,FALSE
1340332,"bc5595",172,"Film - BW",1974,12000,153,1463,749.6,346.1,FALSE
1340333,"bc5595",173,"Film - BW",1974,12000,153,1463,768.2,345.6,FALSE
1340334,"bc5595",174,"Film - BW",1974,12000,153,1463,791.7,345.6,FALSE
1340335,"bc5595",175,"Film - BW",1974,12000,153,1463,816.4,346.1,FALSE
1340336,"bc5595",176,"Film - BW",1974,12000,153,1463,831.8,346.1,FALSE
1340337,"bc5595",177,"Film - BW",1974,12000,153,1463,836.7,345.6,FALSE
1340338,"bc5595",178,"Film - BW",1974,12000,153,1463,825.4,345.6,FALSE
1340339,"bc5595",179,"Film - BW",1974,12000,153,1463,803.6,346.2,FALSE
1340340,"bc5595",180,"Film - BW",1974,12000,153,1249,661.9,327.6,FALSE
1340341,"bc5595",181,"Film - BW",1974,12000,153,1249,666.5,327.1,FALSE
1340342,"bc5595",182,"Film - BW",1974,12000,153,1249,670.4,327.1,FALSE
1340343,"bc5595",183,"Film - BW",1974,12000,153,1249,674,320.5,FALSE
1340344,"bc5595",184,"Film - BW",1974,12000,153,1249,676,320.5,FALSE
1340345,"bc5595",185,"Film - BW",1974,12000,153,1249,676.4,327.1,FALSE
1340346,"bc5595",186,"Film - BW",1974,12000,153,1249,672.7,327,FALSE
1340347,"bc5595",187,"Film - BW",1974,12000,153,1249,665.3,327,FALSE
1340348,"bc5595",188,"Film - BW",1974,12000,153,1249,656.5,321,FALSE
1340349,"bc5595",189,"Film - BW",1974,12000,153,1249,648.7,321,FALSE
1340350,"bc5595",190,"Film - BW",1974,12000,153,1249,640.1,335.6,FALSE
1340351,"bc5595",191,"Film - BW",1974,12000,153,1249,631.7,371.2,FALSE
1340352,"bc5595",192,"Film - BW",1974,12000,153,1249,635,365.4,FALSE
1340353,"bc5595",193,"Film - BW",1974,12000,153,1249,644.6,365.4,FALSE
1340354,"bc5595",194,"Film - BW",1974,12000,153,1249,657.1,371.1,FALSE
1340355,"bc5595",195,"Film - BW",1974,12000,153,1249,671.1,371.1,FALSE
1340356,"bc5595",196,"Film - BW",1974,12000,153,1249,677.1,371.1,FALSE
1340357,"bc5595",197,"Film - BW",1974,12000,153,1249,676.6,381.3,FALSE
1340358,"bc5595",198,"Film - BW",1974,12000,153,1249,683.1,337,FALSE
1340359,"bc5595",199,"Film - BW",1974,12000,153,1249,683.8,330,FALSE
1340360,"bc5595",200,"Film - BW",1974,12000,153,1249,689,330,FALSE
1340361,"bc5595",201,"Film - BW",1974,12000,153,1249,694.7,329.5,FALSE
1340362,"bc5595",202,"Film - BW",1974,12000,153,1249,697.8,329.5,FALSE
1340363,"bc5595",203,"Film - BW",1974,12000,153,1249,693.9,330,FALSE
1340364,"bc5595",204,"Film - BW",1974,12000,153,1249,679.7,329.5,FALSE
1340365,"bc5595",205,"Film - BW",1974,12000,153,1249,663,329.5,FALSE
1340366,"bc5595",206,"Film - BW",1974,12000,153,1249,654.9,330,FALSE
1340367,"bc5595",207,"Film - BW",1974,12000,153,1249,657.5,330.1,FALSE
1340368,"bc5595",208,"Film - BW",1974,12000,153,1249,667.2,322,FALSE
1340369,"bc5595",209,"Film - BW",1974,12000,153,1249,680.4,321.5,FALSE
1340370,"bc5595",210,"Film - BW",1974,12000,153,1249,691.7,321.5,FALSE
1340371,"bc5595",211,"Film - BW",1974,12000,153,1249,699.5,321.5,FALSE
1340372,"bc5595",212,"Film - BW",1974,12000,153,1249,703.8,321.5,FALSE
1340373,"bc5595",213,"Film - BW",1974,12000,153,1249,701.2,321.6,FALSE
1340374,"bc5595",214,"Film - BW",1974,12000,153,1249,694.8,321.6,FALSE
1340375,"bc5595",215,"Film - BW",1974,12000,153,1249,684.5,321.6,FALSE
1332939,"bc5596",140,"Film - BW",1974,16000,153,2529,1000.1,1194.2,FALSE
1332794,"bc5597",183,"Film - BW",1974,12000,153,2286,1173.9,874.4,FALSE
1332795,"bc5597",184,"Film - BW",1974,12000,153,2286,1187,874.4,FALSE
1332796,"bc5597",185,"Film - BW",1974,12000,153,2286,1217.7,878.5,FALSE
1332833,"bc5597",222,"Film - BW",1974,12000,153,2286,1156.5,927.4,FALSE
1332834,"bc5597",223,"Film - BW",1974,12000,153,2286,1210.6,934.1,FALSE
1332922,"bc5598",26,"Film - BW",1974,20000,153,3352,1592.4,1095.2,FALSE
1332923,"bc5598",27,"Film - BW",1974,20000,153,3352,1609.4,1094.1,FALSE
1332924,"bc5598",28,"Film - BW",1974,20000,153,3352,1598.2,1094.1,FALSE
1332925,"bc5598",29,"Film - BW",1974,20000,153,3352,1522.7,1095.3,FALSE
1335128,"bc5598",31,"Film - BW",1974,12000,153,2255,1306.4,761.9,FALSE
1335129,"bc5598",32,"Film - BW",1974,12000,153,2255,1326.7,760,FALSE
1335130,"bc5598",33,"Film - BW",1974,12000,153,2255,1341.9,760,FALSE
1335131,"bc5598",34,"Film - BW",1974,12000,153,2255,1352.4,755,FALSE
1335132,"bc5598",35,"Film - BW",1974,12000,153,2255,1348.9,755,FALSE
1335133,"bc5598",36,"Film - BW",1974,12000,153,2255,1328.8,760.1,FALSE
1335134,"bc5598",37,"Film - BW",1974,12000,153,2255,1286.2,760.8,FALSE
1335135,"bc5598",38,"Film - BW",1974,12000,153,2255,1314.1,552.2,FALSE
1335136,"bc5598",39,"Film - BW",1974,12000,153,2255,1324.2,552.2,FALSE
1335137,"bc5598",40,"Film - BW",1974,12000,153,2255,1327.2,557.9,FALSE
1335138,"bc5598",41,"Film - BW",1974,12000,153,2255,1327.7,552.1,FALSE
1335139,"bc5598",42,"Film - BW",1974,12000,153,2255,1324.3,552.1,FALSE
1335140,"bc5598",43,"Film - BW",1974,12000,153,2255,1318.6,557.8,FALSE
1335141,"bc5598",44,"Film - BW",1974,12000,153,2255,1310.4,557.8,FALSE
1335142,"bc5598",45,"Film - BW",1974,12000,153,2255,1301.7,559.8,FALSE
1335143,"bc5598",46,"Film - BW",1974,12000,153,2255,1334.3,540.6,FALSE
1335144,"bc5598",47,"Film - BW",1974,12000,153,2255,1357.4,540.6,FALSE
1335145,"bc5598",48,"Film - BW",1974,12000,153,2255,1373.5,535.2,FALSE
1335146,"bc5598",49,"Film - BW",1974,12000,153,2255,1378.5,535.2,FALSE
1335147,"bc5598",50,"Film - BW",1974,12000,153,2255,1379.3,539.8,FALSE
1335148,"bc5598",51,"Film - BW",1974,12000,153,2255,1381.2,535.1,FALSE
1335149,"bc5598",52,"Film - BW",1974,12000,153,2255,1382.1,535.1,FALSE
1335150,"bc5598",53,"Film - BW",1974,12000,153,2255,1386,539.7,FALSE
1335151,"bc5598",54,"Film - BW",1974,12000,153,2255,1392.2,540.4,FALSE
1335152,"bc5598",55,"Film - BW",1974,12000,153,2255,1400.4,534.3,FALSE
1335153,"bc5598",56,"Film - BW",1974,12000,153,2255,1407.5,534.3,FALSE
1335154,"bc5598",57,"Film - BW",1974,12000,153,2255,1410.5,539.6,FALSE
1335155,"bc5598",58,"Film - BW",1974,12000,153,2255,1406.9,539.6,FALSE
1335156,"bc5598",59,"Film - BW",1974,12000,153,2255,1399.6,545.7,FALSE
1335157,"bc5598",60,"Film - BW",1974,12000,153,2255,1434.1,509.4,FALSE
1335158,"bc5598",61,"Film - BW",1974,12000,153,2255,1425.2,509.4,FALSE
1335159,"bc5598",62,"Film - BW",1974,12000,153,2255,1414.3,509.4,FALSE
1335160,"bc5598",63,"Film - BW",1974,12000,153,2255,1402.5,509.4,FALSE
1335161,"bc5598",64,"Film - BW",1974,12000,153,2255,1393,509.4,FALSE
1335162,"bc5598",65,"Film - BW",1974,12000,153,2255,1390,509.4,FALSE
1335163,"bc5598",66,"Film - BW",1974,12000,153,2255,1387.7,517,FALSE
1335164,"bc5598",67,"Film - BW",1974,12000,153,2255,1337.2,618.9,FALSE
1335165,"bc5598",68,"Film - BW",1974,12000,153,2255,1345.1,618.5,FALSE
1335166,"bc5598",69,"Film - BW",1974,12000,153,2255,1352.8,618.5,FALSE
1335167,"bc5598",70,"Film - BW",1974,12000,153,2255,1361.6,618.4,FALSE
1335168,"bc5598",71,"Film - BW",1974,12000,153,2255,1377.5,618.4,FALSE
1335169,"bc5598",72,"Film - BW",1974,12000,153,2255,1398.7,618.4,FALSE
1335170,"bc5598",73,"Film - BW",1974,12000,153,2255,1430.2,618.4,FALSE
1335171,"bc5598",74,"Film - BW",1974,12000,153,2255,1464.2,618.4,FALSE
1335172,"bc5598",75,"Film - BW",1974,12000,153,2255,1243,545.8,FALSE
1335173,"bc5598",76,"Film - BW",1974,12000,153,2255,1259.6,545.8,FALSE
1335174,"bc5598",77,"Film - BW",1974,12000,153,2255,1271.8,545.8,FALSE
1335175,"bc5598",78,"Film - BW",1974,12000,153,2255,1281,545.8,FALSE
1335176,"bc5598",79,"Film - BW",1974,12000,153,2255,1292.3,549.1,FALSE
1335177,"bc5598",80,"Film - BW",1974,12000,153,2255,1301.8,545.8,FALSE
1335178,"bc5598",81,"Film - BW",1974,12000,153,2255,1306,545.8,FALSE
1335179,"bc5598",82,"Film - BW",1974,12000,153,2255,1304.6,549.1,FALSE
1335180,"bc5598",83,"Film - BW",1974,12000,153,2255,1291.4,555,FALSE
1335181,"bc5598",84,"Film - BW",1974,12000,153,2255,1370,549.6,FALSE
1335182,"bc5598",85,"Film - BW",1974,12000,153,2255,1363.4,546,FALSE
1335183,"bc5598",86,"Film - BW",1974,12000,153,2255,1363.5,540.6,FALSE
1335184,"bc5598",87,"Film - BW",1974,12000,153,2255,1356.4,540.6,FALSE
1335185,"bc5598",88,"Film - BW",1974,12000,153,2255,1341.7,540.7,FALSE
1335186,"bc5598",89,"Film - BW",1974,12000,153,2255,1325.2,540.1,FALSE
1335187,"bc5598",90,"Film - BW",1974,12000,153,2255,1307.3,540.1,FALSE
1335188,"bc5598",91,"Film - BW",1974,12000,153,2255,1280.1,540.7,FALSE
1335075,"bc5598",92,"Film - BW",1974,12000,153,2255,1394.5,573.3,FALSE
1335076,"bc5598",93,"Film - BW",1974,12000,153,2255,1383,573.3,FALSE
1335077,"bc5598",94,"Film - BW",1974,12000,153,2255,1374,573.3,FALSE
1335078,"bc5598",95,"Film - BW",1974,12000,153,2255,1371.9,573.3,FALSE
1335079,"bc5598",96,"Film - BW",1974,12000,153,2255,1376.9,573.3,FALSE
1335080,"bc5598",97,"Film - BW",1974,12000,153,2255,1382.2,573.3,FALSE
1335081,"bc5598",98,"Film - BW",1974,12000,153,2255,1385.5,573.3,FALSE
1335082,"bc5598",99,"Film - BW",1974,12000,153,2255,1386.3,573.4,FALSE
1335083,"bc5598",100,"Film - BW",1974,12000,153,2255,1383.9,573.5,FALSE
1334963,"bc5598",182,"Film - BW",1974,12000,153,2286,1400.9,421.4,FALSE
1334964,"bc5598",183,"Film - BW",1974,12000,153,2286,1397.7,421,FALSE
1334965,"bc5598",184,"Film - BW",1974,12000,153,2286,1389.6,419.9,FALSE
1334966,"bc5598",185,"Film - BW",1974,12000,153,2286,1380.4,419.9,FALSE
1334967,"bc5598",186,"Film - BW",1974,12000,153,2286,1372.4,419.9,FALSE
1334968,"bc5598",187,"Film - BW",1974,12000,153,2286,1368.9,419.9,FALSE
1334969,"bc5598",188,"Film - BW",1974,12000,153,2286,1366.8,419.9,FALSE
1334970,"bc5598",189,"Film - BW",1974,12000,153,2286,1365.3,419.9,FALSE
1334971,"bc5598",190,"Film - BW",1974,12000,153,2286,1365.1,419.9,FALSE
1334972,"bc5598",191,"Film - BW",1974,12000,153,2286,1364.7,419.9,FALSE
1334973,"bc5598",192,"Film - BW",1974,12000,153,2286,1393.1,424,FALSE
1334974,"bc5598",193,"Film - BW",1974,12000,153,2286,1390.4,424,FALSE
1334975,"bc5598",194,"Film - BW",1974,12000,153,2286,1388.1,422.9,FALSE
1334976,"bc5598",195,"Film - BW",1974,12000,153,2286,1386.7,422.9,FALSE
1334977,"bc5598",196,"Film - BW",1974,12000,153,2286,1388.6,424.3,FALSE
1334978,"bc5598",197,"Film - BW",1974,12000,153,2286,1393.7,422.9,FALSE
1334979,"bc5598",198,"Film - BW",1974,12000,153,2286,1400.5,422.9,FALSE
1334980,"bc5598",199,"Film - BW",1974,12000,153,2286,1304.9,542,FALSE
1334981,"bc5598",200,"Film - BW",1974,12000,153,2286,1318,542,FALSE
1334982,"bc5598",201,"Film - BW",1974,12000,153,2286,1334.3,542.4,FALSE
1334983,"bc5598",202,"Film - BW",1974,12000,153,2286,1354.8,542.4,FALSE
1334984,"bc5598",203,"Film - BW",1974,12000,153,2286,1377,541.9,FALSE
1334985,"bc5598",204,"Film - BW",1974,12000,153,2286,1395.8,541.9,FALSE
1334986,"bc5598",205,"Film - BW",1974,12000,153,2286,1412.4,542.3,FALSE
1334987,"bc5598",206,"Film - BW",1974,12000,153,2286,1425,541.9,FALSE
1334988,"bc5598",207,"Film - BW",1974,12000,153,2286,1429.7,541.9,FALSE
1334989,"bc5598",208,"Film - BW",1974,12000,153,2286,1428.3,541.9,FALSE
1334990,"bc5598",209,"Film - BW",1974,12000,153,2286,1425.9,541.8,FALSE
1334991,"bc5598",210,"Film - BW",1974,12000,153,2286,1421.4,541.8,FALSE
1334992,"bc5598",211,"Film - BW",1974,12000,153,2286,1415,548.5,FALSE
1334993,"bc5598",212,"Film - BW",1974,12000,153,2286,1403.8,553.1,FALSE
1335084,"bc5598",213,"Film - BW",1974,12000,153,2286,1388.1,572.7,FALSE
1335085,"bc5598",214,"Film - BW",1974,12000,153,2286,1381.3,572.7,FALSE
1335086,"bc5598",215,"Film - BW",1974,12000,153,2286,1377.5,573.6,FALSE
1335087,"bc5598",216,"Film - BW",1974,12000,153,2286,1373.7,572.6,FALSE
1335088,"bc5598",217,"Film - BW",1974,12000,153,2286,1370.9,572.6,FALSE
1335089,"bc5598",218,"Film - BW",1974,12000,153,2286,1371.6,572.6,FALSE
1335090,"bc5598",219,"Film - BW",1974,12000,153,2286,1371.3,572.6,FALSE
1335091,"bc5598",220,"Film - BW",1974,12000,153,2286,1371.4,573.6,FALSE
1335092,"bc5598",221,"Film - BW",1974,12000,153,2286,1369.2,572.6,FALSE
1335093,"bc5598",222,"Film - BW",1974,12000,153,2286,1369.2,572.6,FALSE
1335094,"bc5598",223,"Film - BW",1974,12000,153,2286,1372.3,572.6,FALSE
1335095,"bc5598",224,"Film - BW",1974,12000,153,2286,1373.9,577,FALSE
1335096,"bc5598",225,"Film - BW",1974,12000,153,2286,1374.2,584.3,FALSE
1335097,"bc5598",226,"Film - BW",1974,12000,153,2286,1366.5,551.8,FALSE
1335098,"bc5598",227,"Film - BW",1974,12000,153,2286,1365.1,551.8,FALSE
1335099,"bc5598",228,"Film - BW",1974,12000,153,2286,1368,550.7,FALSE
1335100,"bc5598",229,"Film - BW",1974,12000,153,2286,1373.2,550.7,FALSE
1335101,"bc5598",230,"Film - BW",1974,12000,153,2286,1380.1,551.8,FALSE
1335102,"bc5598",231,"Film - BW",1974,12000,153,2286,1385.9,550.7,FALSE
1335103,"bc5598",232,"Film - BW",1974,12000,153,2286,1387.6,550.7,FALSE
1335104,"bc5598",233,"Film - BW",1974,12000,153,2286,1387.9,551.8,FALSE
1335105,"bc5598",234,"Film - BW",1974,12000,153,2286,1392.1,551.8,FALSE
1335106,"bc5598",235,"Film - BW",1974,12000,153,2286,1395.2,550.7,FALSE
1335107,"bc5598",236,"Film - BW",1974,12000,153,2286,1398,550.7,FALSE
1335108,"bc5598",237,"Film - BW",1974,12000,153,2286,1404.7,551.8,FALSE
1340240,"bc5599",242,"Film - BW",1974,12000,153,1981,942.8,802.7,FALSE
1332719,"bc5601",45,"Film - BW",1974,12000,153,1828,907.4,552.8,FALSE
1332720,"bc5601",46,"Film - BW",1974,12000,153,1828,917.6,546.7,FALSE
1332721,"bc5601",47,"Film - BW",1974,12000,153,1828,920.9,546.7,FALSE
1332722,"bc5601",48,"Film - BW",1974,12000,153,1828,926.6,546.7,FALSE
1332723,"bc5601",49,"Film - BW",1974,12000,153,1828,941.4,543.6,FALSE
1332724,"bc5601",50,"Film - BW",1974,12000,153,1828,958.5,543.6,FALSE
1332725,"bc5601",51,"Film - BW",1974,12000,153,1828,971.1,546.7,FALSE
1332726,"bc5601",52,"Film - BW",1974,12000,153,1828,977.3,546.7,FALSE
1332727,"bc5601",53,"Film - BW",1974,12000,153,1828,969.6,546.7,FALSE
1332728,"bc5601",54,"Film - BW",1974,12000,153,1828,942.2,543.6,FALSE
1332729,"bc5601",55,"Film - BW",1974,12000,153,1828,901.9,543.6,FALSE
1342632,"bc5602",46,"Film - BW",1974,6000,153,1219,1067.4,730.8,FALSE
1335028,"bc5602",87,"Film - BW",1974,16000,153,2895,1873.7,571.7,FALSE
1335029,"bc5602",88,"Film - BW",1974,16000,153,2895,1897.6,571.7,FALSE
1335030,"bc5602",89,"Film - BW",1974,16000,153,2895,1923.2,571.7,FALSE
1335031,"bc5602",90,"Film - BW",1974,16000,153,2895,1949.2,571.8,FALSE
1335032,"bc5602",91,"Film - BW",1974,16000,153,2895,1972.9,571.8,FALSE
1335033,"bc5602",92,"Film - BW",1974,16000,153,2895,1985,571.8,FALSE
1335034,"bc5602",93,"Film - BW",1974,16000,153,2895,1984.5,571.8,FALSE
1335035,"bc5602",94,"Film - BW",1974,16000,153,2895,1973.9,571.8,FALSE
1335036,"bc5602",95,"Film - BW",1974,16000,153,2895,1962.5,571.8,FALSE
1335037,"bc5602",96,"Film - BW",1974,16000,153,2895,1950.7,575.1,FALSE
1334994,"bc5602",97,"Film - BW",1974,16000,153,2865,1932.1,535.3,FALSE
1334995,"bc5602",98,"Film - BW",1974,16000,153,2865,1962.7,535.3,FALSE
1334996,"bc5602",99,"Film - BW",1974,16000,153,2865,1983.5,540.5,FALSE
1334997,"bc5602",100,"Film - BW",1974,16000,153,2865,1990.1,540.5,FALSE
1334998,"bc5602",101,"Film - BW",1974,16000,153,2865,1985.2,535.2,FALSE
1334999,"bc5602",102,"Film - BW",1974,16000,153,2865,1973.2,535.2,FALSE
1335000,"bc5602",103,"Film - BW",1974,16000,153,2865,1956,539.7,FALSE
1335001,"bc5602",104,"Film - BW",1974,16000,153,2865,1934.9,540.4,FALSE
1335002,"bc5602",105,"Film - BW",1974,16000,153,2865,1912.3,535.1,FALSE
1335003,"bc5602",106,"Film - BW",1974,16000,153,2865,1890.7,535.1,FALSE
1335004,"bc5602",107,"Film - BW",1974,16000,153,2865,1869.8,540.4,FALSE
1335005,"bc5602",108,"Film - BW",1974,16000,153,2865,1844.9,552.4,FALSE
1335109,"bc5602",109,"Film - BW",1974,16000,153,2743,1800.3,531.1,FALSE
1335110,"bc5602",110,"Film - BW",1974,16000,153,2743,1814.3,531.1,FALSE
1335111,"bc5602",111,"Film - BW",1974,16000,153,2743,1826.4,531.1,FALSE
1335112,"bc5602",112,"Film - BW",1974,16000,153,2743,1835.3,531.1,FALSE
1335113,"bc5602",113,"Film - BW",1974,16000,153,2743,1837.9,531.1,FALSE
1335114,"bc5602",114,"Film - BW",1974,16000,153,2743,1837.3,531.1,FALSE
1335115,"bc5602",115,"Film - BW",1974,16000,153,2743,1840,531.4,FALSE
1335116,"bc5602",116,"Film - BW",1974,16000,153,2743,1838.1,477.8,FALSE
1335117,"bc5602",117,"Film - BW",1974,16000,153,2743,1837.7,477.8,FALSE
1335118,"bc5602",118,"Film - BW",1974,16000,153,2743,1833.9,477.8,FALSE
1335006,"bc5602",119,"Film - BW",1974,16000,153,2743,1805.9,486.8,FALSE
1335007,"bc5602",120,"Film - BW",1974,16000,153,2743,1813.4,486.2,FALSE
1335008,"bc5602",121,"Film - BW",1974,16000,153,2743,1822.3,486.2,FALSE
1335009,"bc5602",122,"Film - BW",1974,16000,153,2743,1833.5,486.1,FALSE
1335010,"bc5602",123,"Film - BW",1974,16000,153,2743,1842.7,486.1,FALSE
1335011,"bc5602",124,"Film - BW",1974,16000,153,2743,1847.5,486.1,FALSE
1335012,"bc5602",125,"Film - BW",1974,16000,153,2743,1847,486.1,FALSE
1335013,"bc5602",126,"Film - BW",1974,16000,153,2743,1842.8,486.1,FALSE
1335014,"bc5602",127,"Film - BW",1974,16000,153,2743,1834.7,486,FALSE
1335015,"bc5602",128,"Film - BW",1974,16000,153,2743,1823.5,486,FALSE
1335016,"bc5602",129,"Film - BW",1974,16000,153,2743,1811.4,495.1,FALSE
1335017,"bc5602",130,"Film - BW",1974,16000,153,2743,1840.2,531.2,FALSE
1335018,"bc5602",131,"Film - BW",1974,16000,153,2743,1848.8,524.1,FALSE
1335019,"bc5602",132,"Film - BW",1974,16000,153,2743,1852.7,523,FALSE
1335020,"bc5602",133,"Film - BW",1974,16000,153,2743,1851.2,523,FALSE
1335021,"bc5602",134,"Film - BW",1974,16000,153,2743,1840.8,524.1,FALSE
1335022,"bc5602",135,"Film - BW",1974,16000,153,2743,1821.7,523,FALSE
1335023,"bc5602",136,"Film - BW",1974,16000,153,2743,1805.1,523,FALSE
1335024,"bc5602",137,"Film - BW",1974,16000,153,2743,1791.1,524.1,FALSE
1335025,"bc5602",138,"Film - BW",1974,16000,153,2743,1777.5,523,FALSE
1335026,"bc5602",139,"Film - BW",1974,16000,153,2743,1763,523,FALSE
1335027,"bc5602",140,"Film - BW",1974,16000,153,2743,1748.4,524.1,FALSE
1334693,"bc5610",115,"Film - BW",1974,16000,153,2895,1377.2,1144.2,FALSE
1334705,"bc5610",127,"Film - BW",1974,16000,153,2895,1369.7,1359.5,FALSE
1334658,"bc5610",181,"Film - BW",1974,12000,153,2438,1299.9,641.5,FALSE
1334659,"bc5610",182,"Film - BW",1974,12000,153,2438,1297.6,641.5,FALSE
1341410,"bc5611",14,"Film - BW",1974,12000,153,2103,1248.1,1848.7,FALSE
1341740,"bc5611",344,"Film - BW",1974,12000,153,2103,1030.9,757.5,FALSE
1341741,"bc5611",345,"Film - BW",1974,12000,153,2103,1168.5,757.5,FALSE
1341742,"bc5611",346,"Film - BW",1974,12000,153,2103,1228.4,758.6,FALSE
1341743,"bc5611",347,"Film - BW",1974,12000,153,2103,1250.6,758.6,FALSE
1341744,"bc5611",348,"Film - BW",1974,12000,153,2103,1247.8,758.6,FALSE
1333551,"bc5634",94,"Film - BW",1974,16000,153,2590,1277.1,1537.4,FALSE
1333552,"bc5634",95,"Film - BW",1974,16000,153,2590,1339.9,1539.6,FALSE
1342994,"bc5635",72,"Film - BW",1974,10000,153,1066,179.2,526.4,FALSE
1342995,"bc5635",73,"Film - BW",1974,10000,153,1066,218.6,507.5,FALSE
1342996,"bc5635",74,"Film - BW",1974,10000,153,1066,215.5,506.9,FALSE
1342997,"bc5635",75,"Film - BW",1974,10000,153,1066,206.2,501.1,FALSE
1342998,"bc5635",76,"Film - BW",1974,10000,153,1066,209.1,501.1,FALSE
1342999,"bc5635",77,"Film - BW",1974,10000,153,1066,217.1,506.9,FALSE
1343000,"bc5635",78,"Film - BW",1974,10000,153,1066,228.2,506.9,FALSE
1343001,"bc5635",79,"Film - BW",1974,10000,153,1066,240.8,507,FALSE
1343002,"bc5635",80,"Film - BW",1974,10000,153,1066,245.8,507,FALSE
1343003,"bc5635",81,"Film - BW",1974,10000,153,1066,253.3,507,FALSE
1343004,"bc5635",82,"Film - BW",1974,10000,153,1066,269.6,507,FALSE
1343005,"bc5635",83,"Film - BW",1974,10000,153,1066,322.4,501.9,FALSE
1343006,"bc5635",84,"Film - BW",1974,10000,153,1066,396.1,501.9,FALSE
1343007,"bc5635",85,"Film - BW",1974,10000,153,1066,479,507,FALSE
1343008,"bc5635",86,"Film - BW",1974,10000,153,1066,559.4,507.1,FALSE
1343009,"bc5635",87,"Film - BW",1974,10000,153,1066,609.6,507.1,FALSE
1343010,"bc5635",88,"Film - BW",1974,10000,153,1066,603.3,501.3,FALSE
1343011,"bc5635",89,"Film - BW",1974,10000,153,1066,573,501.3,FALSE
1343012,"bc5635",90,"Film - BW",1974,10000,153,1066,549.2,507.8,FALSE
1343021,"bc5635",99,"Film - BW",1974,10000,153,1463,528.2,462.8,FALSE
1343022,"bc5635",100,"Film - BW",1974,10000,153,1463,546.8,462.8,FALSE
1343023,"bc5635",101,"Film - BW",1974,10000,153,1463,554.7,462.8,FALSE
1343024,"bc5635",102,"Film - BW",1974,10000,153,1463,557.2,462.8,FALSE
1343025,"bc5635",103,"Film - BW",1974,10000,153,1463,567.4,462.8,FALSE
1343026,"bc5635",104,"Film - BW",1974,10000,153,1463,588.3,462.8,FALSE
1343027,"bc5635",105,"Film - BW",1974,10000,153,1463,624.4,463.9,FALSE
1343028,"bc5635",106,"Film - BW",1974,10000,153,1463,680.4,471.2,FALSE
1343030,"bc5635",108,"Film - BW",1974,10000,153,1524,569.6,375.7,FALSE
1343031,"bc5635",109,"Film - BW",1974,10000,153,1524,583.7,375.7,FALSE
1343032,"bc5635",110,"Film - BW",1974,10000,153,1524,576.9,375.6,FALSE
1343039,"bc5635",117,"Film - BW",1974,10000,153,1524,577.4,375.6,FALSE
1343040,"bc5635",118,"Film - BW",1974,10000,153,1524,639.5,375.6,FALSE
1343041,"bc5635",119,"Film - BW",1974,10000,153,1524,725.5,382,FALSE
1343044,"bc5635",122,"Film - BW",1974,10000,153,1524,581.6,427.5,FALSE
1343045,"bc5635",123,"Film - BW",1974,10000,153,1524,589.6,427.6,FALSE
1343046,"bc5635",124,"Film - BW",1974,10000,153,1524,570.2,428.1,FALSE
1343049,"bc5635",127,"Film - BW",1974,10000,153,1524,581.2,427.6,FALSE
1343050,"bc5635",128,"Film - BW",1974,10000,153,1524,602.8,427.6,FALSE
1343483,"bc5635",162,"Film - BW",1974,9600,153,1859,952.1,635,FALSE
1343666,"bc5638",120,"Film - BW",1974,9600,153,1584,729.5,691.6,FALSE
1343667,"bc5638",121,"Film - BW",1974,9600,153,1584,677,628.6,FALSE
1343726,"bc5638",180,"Film - BW",1974,9600,153,1584,713.3,716.2,FALSE
1343727,"bc5640",1,"Film - BW",1974,9600,153,1584,797.1,515.1,FALSE
1343728,"bc5640",2,"Film - BW",1974,9600,153,1584,676.5,515.1,FALSE
1343757,"bc5640",31,"Film - BW",1974,9600,153,1584,754.7,640.6,FALSE
1343758,"bc5640",32,"Film - BW",1974,9600,153,1584,673.3,626.8,FALSE
1343810,"bc5640",84,"Film - BW",1974,9600,153,1584,821.8,583.4,FALSE
1282464,"bc5650",119,"Film - BW",1975,12500,153,2057,864.8,1012.9,FALSE
1286792,"bc5656",96,"Film - BW",1975,7992,153,1646,929.1,640.9,FALSE
1290443,"bc5658",187,"Film - BW",1975,20000,153,3383,1483.4,1414.4,FALSE
1290444,"bc5658",188,"Film - BW",1975,20000,153,3383,1575,1468.1,FALSE
1290445,"bc5658",189,"Film - BW",1975,20000,153,3383,1561.5,1468.1,FALSE
1290446,"bc5658",190,"Film - BW",1975,20000,153,3383,1564.2,1469.2,FALSE
1290447,"bc5658",191,"Film - BW",1975,20000,153,3383,1648.6,1468,FALSE
1290448,"bc5658",192,"Film - BW",1975,20000,153,3383,1673.9,1468,FALSE
1290449,"bc5658",193,"Film - BW",1975,20000,153,3383,1643.9,1459.7,FALSE
1290450,"bc5658",194,"Film - BW",1975,20000,153,3383,1553.2,1458.6,FALSE
1290483,"bc5660",69,"Film - BW",1975,20000,153,3383,1472.3,1421.5,FALSE
1290484,"bc5660",70,"Film - BW",1975,20000,153,3383,1530.3,1421.4,FALSE
1290485,"bc5660",71,"Film - BW",1975,20000,153,3383,1535.5,1421.4,FALSE
1290486,"bc5660",72,"Film - BW",1975,20000,153,3383,1538.2,1424,FALSE
1290487,"bc5660",73,"Film - BW",1975,20000,153,3383,1524.2,1441.3,FALSE
1290488,"bc5660",74,"Film - BW",1975,20000,153,3383,1479.3,1440.2,FALSE
1290541,"bc5660",127,"Film - BW",1975,20000,153,3383,1491.4,1487.5,FALSE
1290542,"bc5660",128,"Film - BW",1975,20000,153,3383,1495.2,1487.5,FALSE
1290552,"bc5660",138,"Film - BW",1975,20000,153,3383,1494.7,1629.8,FALSE
1290553,"bc5660",139,"Film - BW",1975,20000,153,3383,1560.6,1632.9,FALSE
1290554,"bc5660",140,"Film - BW",1975,20000,153,3383,1605.7,1628.5,FALSE
1290555,"bc5660",141,"Film - BW",1975,20000,153,3383,1634.2,1628.5,FALSE
1290556,"bc5660",142,"Film - BW",1975,20000,153,3383,1613.4,1632.5,FALSE
1290557,"bc5660",143,"Film - BW",1975,20000,153,3383,1574.5,1632.3,FALSE
1290558,"bc5660",144,"Film - BW",1975,20000,153,3383,1550.4,1632.2,FALSE
1290559,"bc5660",145,"Film - BW",1975,20000,153,3383,1471.2,1631.2,FALSE
1290584,"bc5660",170,"Film - BW",1975,20000,153,3383,1608.6,1429.7,FALSE
1290585,"bc5660",171,"Film - BW",1975,20000,153,3383,1710,1429.7,FALSE
1290586,"bc5660",172,"Film - BW",1975,20000,153,3383,1724.8,1430.7,FALSE
1290587,"bc5660",173,"Film - BW",1975,20000,153,3383,1658.5,1430,FALSE
1290588,"bc5660",174,"Film - BW",1975,20000,153,3383,1536.7,1430,FALSE
1290606,"bc5660",189,"Film - BW",1975,20000,153,3383,1612.6,1489.5,FALSE
1290607,"bc5660",190,"Film - BW",1975,20000,153,3383,1782.6,1489.4,FALSE
1290608,"bc5660",191,"Film - BW",1975,20000,153,3383,1878.9,1489.4,FALSE
1290609,"bc5660",192,"Film - BW",1975,20000,153,3383,1900,1488.3,FALSE
1290610,"bc5660",193,"Film - BW",1975,20000,153,3383,1908.1,1488.3,FALSE
1290611,"bc5660",194,"Film - BW",1975,20000,153,3383,1779.8,1489,FALSE
1290612,"bc5660",195,"Film - BW",1975,20000,153,3383,1524.8,1492.2,FALSE
1290625,"bc5660",208,"Film - BW",1975,20000,153,3383,1662.2,1453.3,FALSE
1290626,"bc5660",209,"Film - BW",1975,20000,153,3383,1818.5,1454.5,FALSE
1290627,"bc5660",210,"Film - BW",1975,20000,153,3383,1923.6,1454.5,FALSE
1290628,"bc5660",211,"Film - BW",1975,20000,153,3383,1966.2,1454.6,FALSE
1290629,"bc5660",212,"Film - BW",1975,20000,153,3383,1947.7,1455.7,FALSE
1290630,"bc5660",213,"Film - BW",1975,20000,153,3383,1905.4,1455.7,FALSE
1290631,"bc5660",214,"Film - BW",1975,20000,153,3383,1760.1,1455.8,FALSE
1290632,"bc5660",215,"Film - BW",1975,20000,153,3383,1565.9,1455.9,FALSE
1290633,"bc5660",216,"Film - BW",1975,20000,153,3383,1478.1,1456.1,FALSE
1290636,"bc5660",219,"Film - BW",1975,20000,153,3383,1584.6,1523.8,FALSE
1290637,"bc5660",220,"Film - BW",1975,20000,153,3383,1638.4,1512.3,FALSE
1290638,"bc5660",221,"Film - BW",1975,20000,153,3383,1630.8,1512.2,FALSE
1290639,"bc5660",222,"Film - BW",1975,20000,153,3383,1589.5,1512.1,FALSE
1290640,"bc5660",223,"Film - BW",1975,20000,153,3383,1616.6,1511.1,FALSE
1290641,"bc5660",224,"Film - BW",1975,20000,153,3383,1687.2,1510.9,FALSE
1290642,"bc5660",225,"Film - BW",1975,20000,153,3383,1822.7,1510.8,FALSE
1290643,"bc5660",226,"Film - BW",1975,20000,153,3383,1962.3,1510.8,FALSE
1290644,"bc5660",227,"Film - BW",1975,20000,153,3383,1965.9,1509.7,FALSE
1290645,"bc5660",228,"Film - BW",1975,20000,153,3383,1837.9,1509.7,FALSE
1290646,"bc5660",229,"Film - BW",1975,20000,153,3383,1676.8,1511.2,FALSE
1290647,"bc5660",230,"Film - BW",1975,20000,153,3383,1552.8,1511.2,FALSE
1290651,"bc5660",234,"Film - BW",1975,20000,153,3383,1907.3,1297.7,FALSE
1290652,"bc5660",235,"Film - BW",1975,20000,153,3383,1848.9,1297.7,FALSE
1290653,"bc5660",236,"Film - BW",1975,20000,153,3383,1809.6,1297.6,FALSE
1290654,"bc5660",237,"Film - BW",1975,20000,153,3383,1805,1297.6,FALSE
1290655,"bc5660",238,"Film - BW",1975,20000,153,3383,1772.8,1297.6,FALSE
1290656,"bc5660",239,"Film - BW",1975,20000,153,3383,1754.2,1297.6,FALSE
1290657,"bc5660",240,"Film - BW",1975,20000,153,3383,1679.2,1297.6,FALSE
1290658,"bc5660",241,"Film - BW",1975,20000,153,3383,1625.9,1297.6,FALSE
1290659,"bc5660",242,"Film - BW",1975,20000,153,3383,1602.6,1297.6,FALSE
1290660,"bc5660",243,"Film - BW",1975,20000,153,3383,1606.5,1297.6,FALSE
1290671,"bc5660",254,"Film - BW",1975,20000,153,3383,1545.1,1701.6,FALSE
1290691,"bc5660",274,"Film - BW",1975,20000,153,3383,1499.1,1554.3,FALSE
1290692,"bc5660",275,"Film - BW",1975,20000,153,3383,1495.2,1554.3,FALSE
1288764,"bc5673",11,"Film - BW",1975,12000,153,2743,1792.7,1175.3,FALSE
1288765,"bc5673",12,"Film - BW",1975,12000,153,2743,1805.3,1175.3,FALSE
1288766,"bc5673",13,"Film - BW",1975,12000,153,2743,1734.9,1175.3,FALSE
1293750,"bc5689",51,"Film - BW",1975,8000,153,1524,780.6,302,FALSE
1293751,"bc5689",52,"Film - BW",1975,8000,153,1524,796,302,FALSE
1293752,"bc5689",53,"Film - BW",1975,8000,153,1524,799.1,302,FALSE
1293753,"bc5689",54,"Film - BW",1975,8000,153,1524,794.3,302,FALSE
1293754,"bc5689",55,"Film - BW",1975,8000,153,1524,788.3,302,FALSE
1293755,"bc5689",56,"Film - BW",1975,8000,153,1524,791.6,302,FALSE
1293756,"bc5689",57,"Film - BW",1975,8000,153,1524,812.5,295.3,FALSE
1293757,"bc5689",58,"Film - BW",1975,8000,153,1524,844.7,295.3,FALSE
1293758,"bc5689",59,"Film - BW",1975,8000,153,1524,883.9,301.9,FALSE
1293759,"bc5689",60,"Film - BW",1975,8000,153,1524,919.6,301.9,FALSE
1293760,"bc5689",61,"Film - BW",1975,8000,153,1524,941.9,322.1,FALSE
1289640,"bc5690",80,"Film - BW",1975,10000,153,1920,987.8,712.9,FALSE
1289680,"bc5690",120,"Film - BW",1975,10000,153,1920,1027.2,778.4,FALSE
1289681,"bc5690",121,"Film - BW",1975,10000,153,1920,1102.7,706.3,FALSE
1289682,"bc5690",122,"Film - BW",1975,10000,153,1920,1056.4,697.2,FALSE
1290846,"bc5692",232,"Film - BW",1975,20000,153,3277,1370.6,1908.9,FALSE
1290852,"bc5692",238,"Film - BW",1975,20000,153,3277,1561.7,1918.1,FALSE
1290853,"bc5692",239,"Film - BW",1975,20000,153,3277,1559.4,1972.8,FALSE
1290854,"bc5692",240,"Film - BW",1975,20000,153,3277,1459,1971.3,FALSE
1211803,"bc5695",228,"Film - BW",1975,6000,153,945,406,629.1,FALSE
1212148,"bc5697",190,"Film - BW",1975,6000,153,610,81.1,318.6,FALSE
1212149,"bc5697",191,"Film - BW",1975,6000,153,610,69.7,311,FALSE
1212150,"bc5697",192,"Film - BW",1975,6000,153,610,62.8,310.9,FALSE
1212151,"bc5697",193,"Film - BW",1975,6000,153,610,61.4,310.9,FALSE
1212152,"bc5697",194,"Film - BW",1975,6000,153,610,65.4,310.9,FALSE
1212153,"bc5697",195,"Film - BW",1975,6000,153,610,69,310.9,FALSE
1212154,"bc5697",196,"Film - BW",1975,6000,153,610,63.1,311.3,FALSE
1212155,"bc5697",197,"Film - BW",1975,6000,153,610,62.2,311.3,FALSE
1212156,"bc5697",198,"Film - BW",1975,6000,153,610,61.9,311.3,FALSE
1212243,"bc5698",71,"Film - BW",1976,6000,153,610,53.4,314.6,FALSE
1212244,"bc5698",72,"Film - BW",1976,6000,153,610,50.2,314.6,FALSE
1212245,"bc5698",73,"Film - BW",1976,6000,153,610,52.3,315.4,FALSE
1212246,"bc5698",74,"Film - BW",1976,6000,153,610,54.3,314.6,FALSE
1212247,"bc5698",75,"Film - BW",1976,6000,153,610,55.9,314.6,FALSE
1212248,"bc5698",76,"Film - BW",1976,6000,153,610,61.1,314.6,FALSE
1212249,"bc5698",77,"Film - BW",1976,6000,153,610,67,314.6,FALSE
1212250,"bc5698",78,"Film - BW",1976,6000,153,610,72.6,314.6,FALSE
1212251,"bc5698",79,"Film - BW",1976,6000,153,610,76.6,314.6,FALSE
1212252,"bc5698",80,"Film - BW",1976,6000,153,610,79.1,314.6,FALSE
1212253,"bc5698",81,"Film - BW",1976,6000,153,610,81.9,314.5,FALSE
1212254,"bc5698",82,"Film - BW",1976,6000,153,610,82.5,314.5,FALSE
1212255,"bc5698",83,"Film - BW",1976,6000,153,610,83.5,314.5,FALSE
1212256,"bc5698",84,"Film - BW",1976,6000,153,610,81.2,314.5,FALSE
1212257,"bc5698",85,"Film - BW",1976,6000,153,610,77.2,314.5,FALSE
1212258,"bc5698",86,"Film - BW",1976,6000,153,610,74.2,315.3,FALSE
1212259,"bc5698",87,"Film - BW",1976,6000,153,610,71.6,315.3,FALSE
1212260,"bc5698",88,"Film - BW",1976,6000,153,610,71.9,315.3,FALSE
1212261,"bc5698",89,"Film - BW",1976,6000,153,610,70.9,315.3,FALSE
1212262,"bc5698",90,"Film - BW",1976,6000,153,610,66.3,321.4,FALSE
1212263,"bc5698",91,"Film - BW",1976,6000,153,610,62.8,321.4,FALSE
1212264,"bc5698",92,"Film - BW",1976,6000,153,610,59.1,320.6,FALSE
1212265,"bc5698",93,"Film - BW",1976,6000,153,610,58.4,320.6,FALSE
1212266,"bc5698",94,"Film - BW",1976,6000,153,610,60.4,320.6,FALSE
1212267,"bc5698",95,"Film - BW",1976,6000,153,610,61.9,320.6,FALSE
1212268,"bc5698",96,"Film - BW",1976,6000,153,610,60.9,321.3,FALSE
1212269,"bc5698",97,"Film - BW",1976,6000,153,610,57.1,320.6,FALSE
1212270,"bc5698",98,"Film - BW",1976,6000,153,610,53,320.6,FALSE
1212271,"bc5698",99,"Film - BW",1976,6000,153,610,47.4,320.6,FALSE
1212272,"bc5698",100,"Film - BW",1976,6000,153,610,38.9,320.6,FALSE
1212277,"bc5698",105,"Film - BW",1976,6000,153,610,69.7,281.5,FALSE
1212278,"bc5698",106,"Film - BW",1976,6000,153,610,69.1,272.9,FALSE
1212279,"bc5698",107,"Film - BW",1976,6000,153,610,67.8,272.9,FALSE
1212280,"bc5698",108,"Film - BW",1976,6000,153,610,64.9,276.2,FALSE
1212281,"bc5698",109,"Film - BW",1976,6000,153,610,68.1,274,FALSE
1212282,"bc5698",110,"Film - BW",1976,6000,153,610,74.2,274,FALSE
1212283,"bc5698",111,"Film - BW",1976,6000,153,610,78.3,276.2,FALSE
1212284,"bc5698",112,"Film - BW",1976,6000,153,610,74,273,FALSE
1212285,"bc5698",113,"Film - BW",1976,6000,153,610,67.5,273,FALSE
1212286,"bc5698",114,"Film - BW",1976,6000,153,610,63.8,273,FALSE
1212287,"bc5698",115,"Film - BW",1976,6000,153,610,62.2,273,FALSE
1229172,"bc5714",1,"Film - BW",1976,9840,153,945,91.8,792.3,FALSE
1229173,"bc5714",2,"Film - BW",1976,9840,153,945,137.3,792.3,FALSE
1229174,"bc5714",3,"Film - BW",1976,9840,153,945,163.6,789.4,FALSE
1229175,"bc5714",4,"Film - BW",1976,9840,153,945,177.5,789.4,FALSE
1229176,"bc5714",5,"Film - BW",1976,9840,153,945,182.7,792.3,FALSE
1229177,"bc5714",6,"Film - BW",1976,9840,153,945,195.1,790.4,FALSE
1229178,"bc5714",7,"Film - BW",1976,9840,153,945,199.3,790.4,FALSE
1229179,"bc5714",8,"Film - BW",1976,9840,153,945,196.5,790.4,FALSE
1229180,"bc5714",9,"Film - BW",1976,9840,153,945,198.6,790.4,FALSE
1229181,"bc5714",10,"Film - BW",1976,9840,153,945,216.7,791.2,FALSE
1229182,"bc5714",11,"Film - BW",1976,9840,153,945,208.7,792.3,FALSE
1229183,"bc5714",12,"Film - BW",1976,9840,153,945,196.4,795.5,FALSE
1229184,"bc5714",13,"Film - BW",1976,9840,153,945,174.5,846.1,FALSE
1229185,"bc5714",14,"Film - BW",1976,9840,153,945,144.6,841.7,FALSE
1229186,"bc5714",15,"Film - BW",1976,9840,153,945,116.1,841.7,FALSE
1229187,"bc5714",16,"Film - BW",1976,9840,153,945,74.9,840.6,FALSE
1229188,"bc5714",17,"Film - BW",1976,9840,153,945,42.8,840.6,FALSE
1229189,"bc5714",18,"Film - BW",1976,9840,153,945,25.5,841.7,FALSE
1229190,"bc5714",19,"Film - BW",1976,9840,153,945,16.7,841.7,FALSE
1229191,"bc5714",20,"Film - BW",1976,9840,153,945,15.3,841.7,FALSE
1229192,"bc5714",21,"Film - BW",1976,9840,153,945,23.1,840.7,FALSE
1229193,"bc5714",22,"Film - BW",1976,9840,153,945,27.8,840.7,FALSE
1229194,"bc5714",23,"Film - BW",1976,9840,153,945,24.1,841.7,FALSE
1229195,"bc5714",24,"Film - BW",1976,9840,153,945,14.6,841.7,FALSE
1229196,"bc5714",25,"Film - BW",1976,9840,153,945,4.3,840.7,FALSE
1229198,"bc5714",27,"Film - BW",1976,9840,153,945,21.8,841.7,FALSE
1229509,"bc5715",5,"Film - BW",1976,12000,153,2499,1549.1,1097.8,FALSE
1229510,"bc5715",6,"Film - BW",1976,12000,153,2499,1581,1310.5,FALSE
1224343,"bc5715",83,"Film - BW",1976,4800,153,732,434.1,875.9,FALSE
1221717,"bc5723",7,"Film - BW",1976,5000,305,1311,420.1,592.7,FALSE
1221718,"bc5723",8,"Film - BW",1976,5000,305,1311,543.5,591.6,FALSE
1221719,"bc5723",9,"Film - BW",1976,5000,305,1311,567.9,591.6,FALSE
1221720,"bc5723",10,"Film - BW",1976,5000,305,1311,559,503.9,FALSE
1221721,"bc5723",11,"Film - BW",1976,5000,305,1311,558.3,497.3,FALSE
1221722,"bc5723",12,"Film - BW",1976,5000,305,1311,561.4,495,FALSE
1221723,"bc5723",13,"Film - BW",1976,5000,305,1311,552.8,495,FALSE
1221724,"bc5723",14,"Film - BW",1976,5000,305,1311,516.2,496.1,FALSE
1221725,"bc5723",15,"Film - BW",1976,5000,305,1311,493.3,496.1,FALSE
1221726,"bc5723",16,"Film - BW",1976,5000,305,1311,493.9,496.1,FALSE
1221727,"bc5723",17,"Film - BW",1976,5000,305,1311,493.7,496.1,FALSE
1221728,"bc5723",18,"Film - BW",1976,5000,305,1311,487.3,496.1,FALSE
1221729,"bc5723",19,"Film - BW",1976,5000,305,1311,481,496.1,FALSE
1221730,"bc5723",20,"Film - BW",1976,5000,305,1311,465.9,497.2,FALSE
1221731,"bc5723",21,"Film - BW",1976,5000,305,1311,454.2,512.8,FALSE
1221732,"bc5723",22,"Film - BW",1976,5000,305,1311,452,512.8,FALSE
1221733,"bc5723",23,"Film - BW",1976,5000,305,1311,434.2,512.7,FALSE
1221734,"bc5723",24,"Film - BW",1976,5000,305,1311,414.1,512.7,FALSE
1221735,"bc5723",25,"Film - BW",1976,5000,305,1311,430.2,512.9,FALSE
1221736,"bc5723",26,"Film - BW",1976,5000,305,1311,464.1,512.7,FALSE
1221737,"bc5723",27,"Film - BW",1976,5000,305,1311,466.6,512.7,FALSE
1221738,"bc5723",28,"Film - BW",1976,5000,305,1311,447,512.7,FALSE
1221739,"bc5723",29,"Film - BW",1976,5000,305,1311,427.8,512.7,FALSE
1221740,"bc5723",30,"Film - BW",1976,5000,305,1311,420.1,513.8,FALSE
1221741,"bc5723",31,"Film - BW",1976,5000,305,1311,430.7,567.5,FALSE
1221742,"bc5723",32,"Film - BW",1976,5000,305,1311,451.1,565.3,FALSE
1221743,"bc5723",33,"Film - BW",1976,5000,305,1311,437.6,565.3,FALSE
1221744,"bc5723",34,"Film - BW",1976,5000,305,1311,383.9,566.4,FALSE
1221755,"bc5723",45,"Film - BW",1976,5000,305,1311,403.2,584.9,FALSE
1221756,"bc5723",46,"Film - BW",1976,5000,305,1311,391.9,584.9,FALSE
1221757,"bc5723",47,"Film - BW",1976,5000,305,1311,373.4,584.9,FALSE
1221758,"bc5723",48,"Film - BW",1976,5000,305,1311,386.6,584.9,FALSE
1221759,"bc5723",49,"Film - BW",1976,5000,305,1311,390,585.6,FALSE
1221760,"bc5723",50,"Film - BW",1976,5000,305,1311,397.1,521.3,FALSE
1221761,"bc5723",51,"Film - BW",1976,5000,305,1311,415.6,521.3,FALSE
1221762,"bc5723",52,"Film - BW",1976,5000,305,1311,435.7,521.3,FALSE
1221763,"bc5723",53,"Film - BW",1976,5000,305,1311,458.2,520.2,FALSE
1221764,"bc5723",54,"Film - BW",1976,5000,305,1311,487.8,520.2,FALSE
1221765,"bc5723",55,"Film - BW",1976,5000,305,1311,488.1,521.3,FALSE
1221766,"bc5723",56,"Film - BW",1976,5000,305,1311,446,521.3,FALSE
1221767,"bc5723",57,"Film - BW",1976,5000,305,1311,420.6,521.3,FALSE
1221768,"bc5723",58,"Film - BW",1976,5000,305,1311,434.6,521.3,FALSE
1221769,"bc5723",59,"Film - BW",1976,5000,305,1311,452.7,521.3,FALSE
1221770,"bc5723",60,"Film - BW",1976,5000,305,1311,455.6,506.1,FALSE
1221771,"bc5723",61,"Film - BW",1976,5000,305,1311,463.3,506.1,FALSE
1221772,"bc5723",62,"Film - BW",1976,5000,305,1311,480.4,506.1,FALSE
1221773,"bc5723",63,"Film - BW",1976,5000,305,1311,490.3,506.1,FALSE
1221774,"bc5723",64,"Film - BW",1976,5000,305,1311,495,506.1,FALSE
1221775,"bc5723",65,"Film - BW",1976,5000,305,1311,481.2,506.1,FALSE
1221776,"bc5723",66,"Film - BW",1976,5000,305,1311,464.5,506.1,FALSE
1221777,"bc5723",67,"Film - BW",1976,5000,305,1311,484.4,506.3,FALSE
1221778,"bc5723",68,"Film - BW",1976,5000,305,1311,515.2,506.1,FALSE
1221779,"bc5723",69,"Film - BW",1976,5000,305,1311,539.4,506.1,FALSE
1221780,"bc5723",70,"Film - BW",1976,5000,305,1311,561.2,515,FALSE
1221781,"bc5723",71,"Film - BW",1976,5000,305,1311,562.7,549.2,FALSE
1221782,"bc5723",72,"Film - BW",1976,5000,305,1311,573.2,549.2,FALSE
1221783,"bc5723",73,"Film - BW",1976,5000,305,1311,542.7,550.1,FALSE
1221784,"bc5723",74,"Film - BW",1976,5000,305,1311,417,550.1,FALSE
1221796,"bc5723",86,"Film - BW",1976,5000,305,1311,393.7,551.5,FALSE
1221797,"bc5723",87,"Film - BW",1976,5000,305,1311,516.9,552.6,FALSE
1221798,"bc5723",88,"Film - BW",1976,5000,305,1311,566.5,551.5,FALSE
1221799,"bc5723",89,"Film - BW",1976,5000,305,1311,551.1,551.5,FALSE
1221800,"bc5723",90,"Film - BW",1976,5000,305,1311,542.1,520.9,FALSE
1221801,"bc5723",91,"Film - BW",1976,5000,305,1311,524.7,508.5,FALSE
1221802,"bc5723",92,"Film - BW",1976,5000,305,1311,497.7,508,FALSE
1221803,"bc5723",93,"Film - BW",1976,5000,305,1311,470.9,508,FALSE
1221804,"bc5723",94,"Film - BW",1976,5000,305,1311,434.5,507.4,FALSE
1221805,"bc5723",95,"Film - BW",1976,5000,305,1311,405,507.4,FALSE
1221806,"bc5723",96,"Film - BW",1976,5000,305,1311,417.5,508,FALSE
1221807,"bc5723",97,"Film - BW",1976,5000,305,1311,437.9,507.4,FALSE
1221808,"bc5723",98,"Film - BW",1976,5000,305,1311,430.9,507.4,FALSE
1221809,"bc5723",99,"Film - BW",1976,5000,305,1311,409.8,508,FALSE
1221810,"bc5723",100,"Film - BW",1976,5000,305,1311,397.7,508,FALSE
1221811,"bc5723",101,"Film - BW",1976,5000,305,1311,398.5,508.5,FALSE
1221812,"bc5723",102,"Film - BW",1976,5000,305,1311,396.2,507.4,FALSE
1221813,"bc5723",103,"Film - BW",1976,5000,305,1311,399.8,507.4,FALSE
1221814,"bc5723",104,"Film - BW",1976,5000,305,1311,438.4,508,FALSE
1221815,"bc5723",105,"Film - BW",1976,5000,305,1311,482.6,507.4,FALSE
1221816,"bc5723",106,"Film - BW",1976,5000,305,1311,503.1,507.4,FALSE
1221817,"bc5723",107,"Film - BW",1976,5000,305,1311,528.2,508,FALSE
1221818,"bc5723",108,"Film - BW",1976,5000,305,1311,537.9,507.4,FALSE
1221819,"bc5723",109,"Film - BW",1976,5000,305,1311,497,507.4,FALSE
1221820,"bc5723",110,"Film - BW",1976,5000,305,1311,451.5,509.1,FALSE
1221821,"bc5723",111,"Film - BW",1976,5000,305,1311,438.1,564.6,FALSE
1221822,"bc5723",112,"Film - BW",1976,5000,305,1311,420.4,564.6,FALSE
1221823,"bc5723",113,"Film - BW",1976,5000,305,1311,374.6,565.7,FALSE
1221836,"bc5723",126,"Film - BW",1976,5000,305,1311,388.3,586.1,FALSE
1221837,"bc5723",127,"Film - BW",1976,5000,305,1311,414.1,586.1,FALSE
1221838,"bc5723",128,"Film - BW",1976,5000,305,1311,447.5,522.9,FALSE
1221839,"bc5723",129,"Film - BW",1976,5000,305,1311,498.1,522.4,FALSE
1221840,"bc5723",130,"Film - BW",1976,5000,305,1311,541.8,521.3,FALSE
1221841,"bc5723",131,"Film - BW",1976,5000,305,1311,554.1,521.3,FALSE
1221842,"bc5723",132,"Film - BW",1976,5000,305,1311,524.7,522.4,FALSE
1221843,"bc5723",133,"Film - BW",1976,5000,305,1311,473.5,522.4,FALSE
1221844,"bc5723",134,"Film - BW",1976,5000,305,1311,414.8,522.4,FALSE
1221845,"bc5723",135,"Film - BW",1976,5000,305,1311,362.4,522.4,FALSE
1221847,"bc5723",137,"Film - BW",1976,5000,305,1311,370.1,522.4,FALSE
1221848,"bc5723",138,"Film - BW",1976,5000,305,1311,371.7,521.8,FALSE
1221849,"bc5723",139,"Film - BW",1976,5000,305,1311,373.8,521.8,FALSE
1221850,"bc5723",140,"Film - BW",1976,5000,305,1311,385.6,522.4,FALSE
1221851,"bc5723",141,"Film - BW",1976,5000,305,1311,368.5,522.4,FALSE
1221853,"bc5723",143,"Film - BW",1976,5000,305,1311,389.7,522.4,FALSE
1221854,"bc5723",144,"Film - BW",1976,5000,305,1311,442.7,522.5,FALSE
1221855,"bc5723",145,"Film - BW",1976,5000,305,1311,474.6,522.5,FALSE
1221856,"bc5723",146,"Film - BW",1976,5000,305,1311,501.1,501,FALSE
1221857,"bc5723",147,"Film - BW",1976,5000,305,1311,516.3,501,FALSE
1221858,"bc5723",148,"Film - BW",1976,5000,305,1311,519.1,502.5,FALSE
1221859,"bc5723",149,"Film - BW",1976,5000,305,1311,523.9,501,FALSE
1221860,"bc5723",150,"Film - BW",1976,5000,305,1311,501.8,501,FALSE
1221861,"bc5723",151,"Film - BW",1976,5000,305,1311,440.5,501,FALSE
1221871,"bc5723",161,"Film - BW",1976,5000,305,1311,473.3,561.1,FALSE
1221872,"bc5723",162,"Film - BW",1976,5000,305,1311,548.1,561.1,FALSE
1221873,"bc5723",163,"Film - BW",1976,5000,305,1311,536.4,561.1,FALSE
1221874,"bc5723",164,"Film - BW",1976,5000,305,1311,473.6,561.1,FALSE
1221875,"bc5723",165,"Film - BW",1976,5000,305,1311,436.5,562.2,FALSE
1221876,"bc5723",166,"Film - BW",1976,5000,305,1311,459.8,576.3,FALSE
1221877,"bc5723",167,"Film - BW",1976,5000,305,1311,418.7,574.3,FALSE
1221882,"bc5723",172,"Film - BW",1976,5000,305,1311,378.2,574.3,FALSE
1221885,"bc5723",175,"Film - BW",1976,5000,305,1311,374.8,521.3,FALSE
1221886,"bc5723",176,"Film - BW",1976,5000,305,1311,448.5,521.3,FALSE
1221887,"bc5723",177,"Film - BW",1976,5000,305,1311,501.7,521.3,FALSE
1221888,"bc5723",178,"Film - BW",1976,5000,305,1311,494.2,521.3,FALSE
1221889,"bc5723",179,"Film - BW",1976,5000,305,1311,442.3,521.3,FALSE
1221890,"bc5723",180,"Film - BW",1976,5000,305,1311,413.3,521.3,FALSE
1221891,"bc5723",181,"Film - BW",1976,5000,305,1311,388.4,521.3,FALSE
1221897,"bc5723",187,"Film - BW",1976,5000,305,1311,383.5,528.4,FALSE
1221898,"bc5723",188,"Film - BW",1976,5000,305,1311,429.9,528.4,FALSE
1221899,"bc5723",189,"Film - BW",1976,5000,305,1311,457.9,528.4,FALSE
1221900,"bc5723",190,"Film - BW",1976,5000,305,1311,461.3,528.4,FALSE
1221901,"bc5723",191,"Film - BW",1976,5000,305,1311,426.2,528.4,FALSE
1221910,"bc5723",200,"Film - BW",1976,5000,305,1311,367.4,566.9,FALSE
1221913,"bc5723",203,"Film - BW",1976,5000,305,1311,436.6,566.9,FALSE
1221914,"bc5723",204,"Film - BW",1976,5000,305,1311,437.5,566.9,FALSE
1221934,"bc5723",224,"Film - BW",1976,5000,305,1311,402.8,636.6,FALSE
1221935,"bc5723",225,"Film - BW",1976,5000,305,1311,396.1,637.7,FALSE
1219416,"bc5727",153,"Film - BW",1976,20000,153,3505,1602.6,1101.8,FALSE
1219417,"bc5727",154,"Film - BW",1976,20000,153,3505,1679.5,1101.8,FALSE
1219418,"bc5727",155,"Film - BW",1976,20000,153,3505,1726.4,1101.6,FALSE
1219419,"bc5727",156,"Film - BW",1976,20000,153,3505,1837.9,1101.5,FALSE
1219420,"bc5727",157,"Film - BW",1976,20000,153,3505,1907.9,1101.4,FALSE
1219421,"bc5727",158,"Film - BW",1976,20000,153,3505,1906.2,1101.4,FALSE
1219422,"bc5727",159,"Film - BW",1976,20000,153,3505,1925.3,1115.6,FALSE
1219423,"bc5727",160,"Film - BW",1976,20000,153,3505,1780.7,1042.9,FALSE
1219424,"bc5727",161,"Film - BW",1976,20000,153,3505,1759.7,1035.9,FALSE
1219425,"bc5727",162,"Film - BW",1976,20000,153,3505,1777.6,1035.3,FALSE
1219426,"bc5727",163,"Film - BW",1976,20000,153,3505,1736.9,1035.3,FALSE
1219427,"bc5727",164,"Film - BW",1976,20000,153,3505,1638.6,1035.4,FALSE
1214815,"bc5740",89,"Film - BW",1976,10000,153,1951,1063,693,FALSE
1214816,"bc5740",90,"Film - BW",1976,10000,153,1951,1074.1,693.1,FALSE
1214817,"bc5740",91,"Film - BW",1976,10000,153,1951,1032.7,693.1,FALSE
1214041,"bc5744",125,"Film - BW",1976,15840,153,3353,1884.9,1222.3,FALSE
1192203,"bc5761",92,"Film - BW",1977,3000,153,610,377.6,306.1,FALSE
779829,"bc7209",297,"Film - BW",1969,10000,305,3505,1725.6,394.5,FALSE
779830,"bc7209",298,"Film - BW",1969,10000,305,3505,1743.8,394.5,FALSE
779831,"bc7209",299,"Film - BW",1969,10000,305,3505,1767.1,394,FALSE
779832,"bc7209",300,"Film - BW",1969,10000,305,3505,1793.5,394,FALSE
779833,"bc7209",301,"Film - BW",1969,10000,305,3505,1792,400,FALSE
779834,"bc7209",302,"Film - BW",1969,10000,305,3505,1733.5,394,FALSE
779835,"bc7209",303,"Film - BW",1969,10000,305,3505,1647.9,394,FALSE
779892,"bc7211",37,"Film - BW",1969,10000,305,3505,2121.3,270.6,FALSE
779893,"bc7211",38,"Film - BW",1969,10000,305,3505,2097.3,270.6,FALSE
779894,"bc7211",39,"Film - BW",1969,10000,305,3505,2044,271.3,FALSE
779895,"bc7211",40,"Film - BW",1969,10000,305,3505,1965.3,270.6,FALSE
779896,"bc7211",41,"Film - BW",1969,10000,305,3505,1874.2,270.6,FALSE
779897,"bc7211",42,"Film - BW",1969,10000,305,3505,1782.5,270.6,FALSE
779898,"bc7211",43,"Film - BW",1969,10000,305,3505,1701,270.6,FALSE
779899,"bc7211",44,"Film - BW",1969,10000,305,3505,1632.1,271.4,FALSE
779923,"bc7211",68,"Film - BW",1969,10000,305,3505,1599.4,430.1,FALSE
779924,"bc7211",69,"Film - BW",1969,10000,305,3505,1631.1,430.1,FALSE
779925,"bc7211",70,"Film - BW",1969,10000,305,3505,1655.6,430.1,FALSE
779926,"bc7211",71,"Film - BW",1969,10000,305,3505,1689.1,430.1,FALSE
779927,"bc7211",72,"Film - BW",1969,10000,305,3505,1712,435.4,FALSE
779928,"bc7211",73,"Film - BW",1969,10000,305,3505,1731.4,429.3,FALSE
779929,"bc7211",74,"Film - BW",1969,10000,305,3505,1774.7,429.3,FALSE
779930,"bc7211",75,"Film - BW",1969,10000,305,3505,1839.8,430,FALSE
1329717,"bc7566",73,"Film - BW",1974,6000,305,1828,710.3,519.2,FALSE
1329718,"bc7566",74,"Film - BW",1974,6000,305,1828,808.9,514.4,FALSE
1329719,"bc7566",75,"Film - BW",1974,6000,305,1828,907.3,514.4,FALSE
1329720,"bc7566",76,"Film - BW",1974,6000,305,1828,969.1,519.1,FALSE
1329721,"bc7566",77,"Film - BW",1974,6000,305,1828,979.1,514.3,FALSE
1329722,"bc7566",78,"Film - BW",1974,6000,305,1828,947.7,514.3,FALSE
1329723,"bc7566",79,"Film - BW",1974,6000,305,1828,873.7,499.6,FALSE
1329724,"bc7566",80,"Film - BW",1974,6000,305,1828,740.6,498.8,FALSE
1329731,"bc7566",87,"Film - BW",1974,6000,305,1828,694,506.5,FALSE
1329732,"bc7566",88,"Film - BW",1974,6000,305,1828,731.1,506.5,FALSE
1329733,"bc7566",89,"Film - BW",1974,6000,305,1828,772.2,506.6,FALSE
1329734,"bc7566",90,"Film - BW",1974,6000,305,1828,809.9,502.1,FALSE
1329735,"bc7566",91,"Film - BW",1974,6000,305,1828,841.2,502.1,FALSE
1329736,"bc7566",92,"Film - BW",1974,6000,305,1828,872.2,506.6,FALSE
1329737,"bc7566",93,"Film - BW",1974,6000,305,1828,894.6,505.6,FALSE
1329738,"bc7566",94,"Film - BW",1974,6000,305,1828,895.8,505.6,FALSE
1329739,"bc7566",95,"Film - BW",1974,6000,305,1828,897.1,506.6,FALSE
1329740,"bc7566",96,"Film - BW",1974,6000,305,1828,916.4,503.1,FALSE
1329741,"bc7566",97,"Film - BW",1974,6000,305,1828,947.5,503.1,FALSE
1329742,"bc7566",98,"Film - BW",1974,6000,305,1828,821.5,529,FALSE
1329743,"bc7566",99,"Film - BW",1974,6000,305,1828,828.3,522.4,FALSE
1329744,"bc7566",100,"Film - BW",1974,6000,305,1828,837.6,522.4,FALSE
1329745,"bc7566",101,"Film - BW",1974,6000,305,1828,852.3,525.7,FALSE
1329746,"bc7566",102,"Film - BW",1974,6000,305,1828,861.2,525.6,FALSE
1329747,"bc7566",103,"Film - BW",1974,6000,305,1828,854.8,525.6,FALSE
1329748,"bc7566",104,"Film - BW",1974,6000,305,1828,837.2,525.6,FALSE
1329749,"bc7566",105,"Film - BW",1974,6000,305,1828,819.8,525.6,FALSE
1329750,"bc7566",106,"Film - BW",1974,6000,305,1828,803.4,525.6,FALSE
1329751,"bc7566",107,"Film - BW",1974,6000,305,1828,783,525.6,FALSE
1329752,"bc7566",108,"Film - BW",1974,6000,305,1828,749.7,525.6,FALSE
1329753,"bc7566",109,"Film - BW",1974,6000,305,1828,702.4,525.6,FALSE
1329768,"bc7566",124,"Film - BW",1974,6000,305,1828,690.2,501.4,FALSE
1329769,"bc7566",125,"Film - BW",1974,6000,305,1828,772.3,507.9,FALSE
1332980,"bc7568",144,"Film - BW",1974,8000,305,2590,1428.8,495.4,FALSE
1332981,"bc7568",145,"Film - BW",1974,8000,305,2590,1273.8,495.4,FALSE
1332982,"bc7568",146,"Film - BW",1974,8000,305,2590,1119.1,492.7,FALSE
1346615,"bc7568",172,"Film - BW",1974,6000,305,1341,589.4,286,FALSE
1346616,"bc7568",173,"Film - BW",1974,6000,305,1341,593.7,286,FALSE
1346617,"bc7568",174,"Film - BW",1974,6000,305,1341,601.2,286.6,FALSE
1346618,"bc7568",175,"Film - BW",1974,6000,305,1341,608.2,286,FALSE
1346619,"bc7568",176,"Film - BW",1974,6000,305,1341,615.2,286,FALSE
1346620,"bc7568",177,"Film - BW",1974,6000,305,1341,622.8,286,FALSE
1346621,"bc7568",178,"Film - BW",1974,6000,305,1341,626.1,286,FALSE
1346622,"bc7568",179,"Film - BW",1974,6000,305,1341,635.1,286,FALSE
1346623,"bc7568",180,"Film - BW",1974,6000,305,1341,648.2,286.6,FALSE
1346624,"bc7568",181,"Film - BW",1974,6000,305,1341,664.8,290.5,FALSE
1346625,"bc7568",182,"Film - BW",1974,6000,305,1341,682,290.5,FALSE
1332362,"bc7596",174,"Film - BW",1974,6000,305,2346,1308.1,579.6,FALSE
1345513,"bc7597",22,"Film - BW",1974,10000,305,4114,2208.5,1192,FALSE
1345514,"bc7597",23,"Film - BW",1974,10000,305,4114,2347,1192.7,FALSE
1345515,"bc7597",24,"Film - BW",1974,10000,305,4114,2441.5,1191.7,FALSE
1345516,"bc7597",25,"Film - BW",1974,10000,305,4114,2371.1,1191.7,FALSE
1345517,"bc7597",26,"Film - BW",1974,10000,305,4114,2242.5,1191.5,FALSE
1345547,"bc7597",56,"Film - BW",1974,10000,305,4114,2283.9,1144,FALSE
1345548,"bc7597",57,"Film - BW",1974,10000,305,4114,2344.4,1144.2,FALSE
1345549,"bc7597",58,"Film - BW",1974,10000,305,4114,2271.9,1144.2,FALSE
1345552,"bc7597",61,"Film - BW",1974,10000,305,4114,2209.5,1145.2,FALSE
1345553,"bc7597",62,"Film - BW",1974,10000,305,4114,2387.8,1145.4,FALSE
1345554,"bc7597",63,"Film - BW",1974,10000,305,4114,2228.3,1145.4,FALSE
1345556,"bc7597",65,"Film - BW",1974,10000,305,4114,2247.6,1145.6,FALSE
1345557,"bc7597",66,"Film - BW",1974,10000,305,4114,2222,1145.7,FALSE
1345558,"bc7597",67,"Film - BW",1974,10000,305,4114,2215.2,1145.7,FALSE
1345559,"bc7597",68,"Film - BW",1974,10000,305,4114,2303.4,1145.8,FALSE
1345560,"bc7597",69,"Film - BW",1974,10000,305,4114,2346.5,1146.7,FALSE
1345561,"bc7597",70,"Film - BW",1974,10000,305,4114,2409.4,1141.8,FALSE
1345562,"bc7597",71,"Film - BW",1974,10000,305,4114,2356.9,1141.8,FALSE
1345574,"bc7597",83,"Film - BW",1974,10000,305,4114,2220.7,1143.7,FALSE
1345589,"bc7597",98,"Film - BW",1974,10000,305,4114,2233.8,1112.5,FALSE
1345590,"bc7597",99,"Film - BW",1974,10000,305,4114,2248.5,1112.4,FALSE
1345591,"bc7597",100,"Film - BW",1974,10000,305,4114,2228.5,1112.3,FALSE
1345592,"bc7597",101,"Film - BW",1974,10000,305,4114,2210.1,1112.2,FALSE
1345593,"bc7597",102,"Film - BW",1974,10000,305,4114,2229.6,1112.2,FALSE
1345604,"bc7597",113,"Film - BW",1974,10000,305,4114,2291.2,1114.8,FALSE
1345605,"bc7597",114,"Film - BW",1974,10000,305,4114,2418.6,1109.6,FALSE
1345606,"bc7597",115,"Film - BW",1974,10000,305,4114,2475.4,1109.6,FALSE
1345607,"bc7597",116,"Film - BW",1974,10000,305,4114,2484.1,1114.6,FALSE
1345608,"bc7597",117,"Film - BW",1974,10000,305,4114,2437.4,1109.3,FALSE
1345609,"bc7597",118,"Film - BW",1974,10000,305,4114,2228.5,1109.3,FALSE
1345610,"bc7597",119,"Film - BW",1974,10000,305,4114,2264.7,1113.5,FALSE
1345611,"bc7597",120,"Film - BW",1974,10000,305,4114,2445.6,1113.4,FALSE
1345612,"bc7597",121,"Film - BW",1974,10000,305,4114,2438.5,1113.4,FALSE
1345613,"bc7597",122,"Film - BW",1974,10000,305,4114,2335,1113.2,FALSE
1345614,"bc7597",123,"Film - BW",1974,10000,305,4114,2428.1,1113.2,FALSE
1345615,"bc7597",124,"Film - BW",1974,10000,305,4114,2390,1113,FALSE
1345616,"bc7597",125,"Film - BW",1974,10000,305,4114,2345.3,1112.9,FALSE
1345617,"bc7597",126,"Film - BW",1974,10000,305,4114,2335.9,1112.8,FALSE
1345618,"bc7597",127,"Film - BW",1974,10000,305,4114,2283,1112.8,FALSE
1345671,"bc7597",180,"Film - BW",1974,10000,305,4114,2226.4,1188.5,FALSE
1345672,"bc7597",181,"Film - BW",1974,10000,305,4114,2372.6,1189.4,FALSE
1345673,"bc7597",182,"Film - BW",1974,10000,305,4114,2379.7,1189.6,FALSE
1345674,"bc7597",183,"Film - BW",1974,10000,305,4114,2417,1189.6,FALSE
1345675,"bc7597",184,"Film - BW",1974,10000,305,4114,2363.5,1189.7,FALSE
1345676,"bc7597",185,"Film - BW",1974,10000,305,4114,2343,1189.8,FALSE
1345677,"bc7597",186,"Film - BW",1974,10000,305,4114,2330.7,1189.9,FALSE
1345751,"bc7597",260,"Film - BW",1974,10000,305,4053,2152,1430.5,FALSE
1345752,"bc7597",261,"Film - BW",1974,10000,305,4053,2251.3,1435.4,FALSE
1345753,"bc7597",262,"Film - BW",1974,10000,305,3992,2099,1215.7,FALSE
1345754,"bc7597",263,"Film - BW",1974,10000,305,3992,2190.2,1210.7,FALSE
1345755,"bc7597",264,"Film - BW",1974,10000,305,3992,2143.9,1210.1,FALSE
1345762,"bc7597",271,"Film - BW",1974,10000,305,3992,2167,1211.4,FALSE
1345763,"bc7597",272,"Film - BW",1974,10000,305,3992,2199.6,1212.3,FALSE
1345835,"bc7598",59,"Film - BW",1974,10000,305,3992,2130.5,1366.8,FALSE
1345836,"bc7598",60,"Film - BW",1974,10000,305,3992,2195.8,1053.8,FALSE
1345839,"bc7598",63,"Film - BW",1974,10000,305,3992,2289.6,1047.1,FALSE
1345840,"bc7598",64,"Film - BW",1974,10000,305,3992,2324.9,1047.1,FALSE
1345841,"bc7598",65,"Film - BW",1974,10000,305,3992,2123.5,1046.1,FALSE
1345843,"bc7598",67,"Film - BW",1974,10000,305,3992,2216.3,1046,FALSE
1345844,"bc7598",68,"Film - BW",1974,10000,305,3992,2343,1046,FALSE
1345845,"bc7598",69,"Film - BW",1974,10000,305,3992,2248.8,1050.8,FALSE
1345846,"bc7598",70,"Film - BW",1974,10000,305,3992,2158.4,1045.7,FALSE
1345847,"bc7598",71,"Film - BW",1974,10000,305,3992,2118.6,1045.7,FALSE
1345851,"bc7598",75,"Film - BW",1974,10000,305,3992,2102.8,1205.6,FALSE
1345852,"bc7598",76,"Film - BW",1974,10000,305,3992,2199.9,1205.6,FALSE
1345853,"bc7598",77,"Film - BW",1974,10000,305,3992,2197.9,1205.8,FALSE
1345854,"bc7598",78,"Film - BW",1974,10000,305,3992,2107.1,1205.8,FALSE
1345856,"bc7598",80,"Film - BW",1974,10000,305,3992,2165.6,1206.8,FALSE
1345857,"bc7598",81,"Film - BW",1974,10000,305,3992,2168.2,1206.9,FALSE
1345859,"bc7598",83,"Film - BW",1974,10000,305,3992,2109.2,1202.2,FALSE
1345860,"bc7598",84,"Film - BW",1974,10000,305,3992,2221,1202.2,FALSE
1345861,"bc7598",85,"Film - BW",1974,10000,305,3992,2145.7,1218.9,FALSE
1345897,"bc7598",121,"Film - BW",1974,10000,305,3992,2180.8,1235.6,FALSE
1345898,"bc7598",122,"Film - BW",1974,10000,305,3992,2189.9,1235.5,FALSE
1345907,"bc7598",131,"Film - BW",1974,10000,305,3992,2099,1121.8,FALSE
1345908,"bc7598",132,"Film - BW",1974,10000,305,3992,2147.5,1121.7,FALSE
1345909,"bc7598",133,"Film - BW",1974,10000,305,3992,2206,1121.6,FALSE
1345910,"bc7598",134,"Film - BW",1974,10000,305,3992,2283.1,1121.6,FALSE
1345911,"bc7598",135,"Film - BW",1974,10000,305,3992,2265.1,1120.7,FALSE
1345912,"bc7598",136,"Film - BW",1974,10000,305,3992,2180.9,1120.7,FALSE
1345913,"bc7598",137,"Film - BW",1974,10000,305,3992,2117.4,1121.3,FALSE
1345915,"bc7598",139,"Film - BW",1974,10000,305,3992,2167.3,1120.4,FALSE
1345916,"bc7598",140,"Film - BW",1974,10000,305,3992,2155.9,1132,FALSE
1345917,"bc7598",141,"Film - BW",1974,10000,305,3992,2125.5,1129.5,FALSE
1345918,"bc7598",142,"Film - BW",1974,10000,305,3992,2096.5,1129.5,FALSE
1345923,"bc7598",147,"Film - BW",1974,10000,305,3992,2217.5,1214.2,FALSE
1345924,"bc7598",148,"Film - BW",1974,10000,305,3992,2139.2,1214.3,FALSE
1345940,"bc7598",164,"Film - BW",1974,10000,305,3992,2129.5,1370.4,FALSE
1345941,"bc7598",165,"Film - BW",1974,10000,305,3992,2086.1,1370.6,FALSE
1345942,"bc7598",166,"Film - BW",1974,10000,305,3992,2101.4,1370.6,FALSE
1345981,"bc7598",205,"Film - BW",1974,10000,305,4114,2216.6,1219.9,FALSE
1345982,"bc7598",206,"Film - BW",1974,10000,305,4114,2409,1224.7,FALSE
1345983,"bc7598",207,"Film - BW",1974,10000,305,4114,2339.9,1219.6,FALSE
1345986,"bc7598",210,"Film - BW",1974,10000,305,4114,2235.3,1217.6,FALSE
1345987,"bc7598",211,"Film - BW",1974,10000,305,4114,2425.9,1216.9,FALSE
1345988,"bc7598",212,"Film - BW",1974,10000,305,4114,2271,1216.9,FALSE
1345989,"bc7598",213,"Film - BW",1974,10000,305,4114,2220.7,1217.8,FALSE
1345990,"bc7598",214,"Film - BW",1974,10000,305,4114,2308.5,1217.9,FALSE
1345991,"bc7598",215,"Film - BW",1974,10000,305,4114,2283.6,1218,FALSE
1345992,"bc7598",216,"Film - BW",1974,10000,305,4114,2293.4,1213.9,FALSE
1345993,"bc7598",217,"Film - BW",1974,10000,305,4114,2284.8,1213.9,FALSE
1345994,"bc7598",218,"Film - BW",1974,10000,305,4114,2299.8,1218.3,FALSE
1345995,"bc7598",219,"Film - BW",1974,10000,305,4114,2266.2,1219.2,FALSE
1346041,"bc7598",265,"Film - BW",1974,10000,305,4114,2276.7,1248.9,FALSE
1346042,"bc7598",266,"Film - BW",1974,10000,305,4114,2400.1,1248.1,FALSE
1346043,"bc7598",267,"Film - BW",1974,10000,305,4114,2444.8,1248.1,FALSE
1333037,"bc7603",223,"Film - BW",1974,12000,305,2712,905.3,476.2,FALSE
1333038,"bc7603",224,"Film - BW",1974,12000,305,2712,878.3,476.2,FALSE
1333039,"bc7603",225,"Film - BW",1974,12000,305,2712,862.2,476.2,FALSE
1333040,"bc7603",226,"Film - BW",1974,12000,305,2712,859.2,432.8,FALSE
1333041,"bc7603",227,"Film - BW",1974,12000,305,2712,866.3,432.5,FALSE
1333042,"bc7603",228,"Film - BW",1974,12000,305,2712,875,426.2,FALSE
1333043,"bc7603",229,"Film - BW",1974,12000,305,2712,884.3,426.2,FALSE
1333044,"bc7603",230,"Film - BW",1974,12000,305,2712,921.9,496.5,FALSE
1333045,"bc7603",231,"Film - BW",1974,12000,305,2712,912.8,496.5,FALSE
1333046,"bc7603",232,"Film - BW",1974,12000,305,2712,900.8,490,FALSE
1333047,"bc7603",233,"Film - BW",1974,12000,305,2712,888.5,490,FALSE
1333048,"bc7603",234,"Film - BW",1974,12000,305,2712,872.7,490,FALSE
1333049,"bc7603",235,"Film - BW",1974,12000,305,2712,862.6,490,FALSE
1333050,"bc7603",236,"Film - BW",1974,12000,305,2712,862.4,490.2,FALSE
1333051,"bc7603",237,"Film - BW",1974,12000,305,2712,873.9,490.2,FALSE
1333052,"bc7603",238,"Film - BW",1974,12000,305,2712,896.5,497.1,FALSE
1332580,"bc7683",260,"Film - BW",1974,6000,305,2438,1377.2,365.3,FALSE
1332581,"bc7683",261,"Film - BW",1974,6000,305,2438,1413.2,365.3,FALSE
1332582,"bc7683",262,"Film - BW",1974,6000,305,2438,1405.2,261,FALSE
1332583,"bc7683",263,"Film - BW",1974,6000,305,2438,1356.7,260.9,FALSE
1332605,"bc7683",285,"Film - BW",1974,6000,305,2438,1302.9,249.7,FALSE
1332606,"bc7683",286,"Film - BW",1974,6000,305,2438,1352.3,249.7,FALSE
1332607,"bc7683",287,"Film - BW",1974,6000,305,2438,1403,249.7,FALSE
1332608,"bc7683",288,"Film - BW",1974,6000,305,2438,1443.2,256.9,FALSE
1342852,"bc7685",273,"Film - BW",1974,6000,305,1828,791.2,462.7,FALSE
1342853,"bc7685",274,"Film - BW",1974,6000,305,1828,737.3,462.7,FALSE
1342854,"bc7685",275,"Film - BW",1974,6000,305,1828,688.2,462.8,FALSE
1193822,"bc77011",87,"Film - BW",1977,10000,153,1554,683,685.6,FALSE
1193823,"bc77011",88,"Film - BW",1977,10000,153,1554,855.9,685.6,FALSE
1193867,"bc77011",132,"Film - BW",1977,10000,153,1554,699.5,600.7,FALSE
1192058,"bc77026",140,"Film - BW",1977,6000,305,2042,1097,797.5,FALSE
1192059,"bc77026",141,"Film - BW",1977,6000,305,2042,1235.8,797.5,FALSE
1192060,"bc77026",142,"Film - BW",1977,6000,305,2042,1363.6,797.5,FALSE
1192061,"bc77026",143,"Film - BW",1977,6000,305,2042,1501.4,797.5,FALSE
1192062,"bc77026",144,"Film - BW",1977,6000,305,2042,1515.3,797.5,FALSE
1192063,"bc77026",145,"Film - BW",1977,6000,305,2042,1529.4,797.4,FALSE
1192064,"bc77026",146,"Film - BW",1977,6000,305,2042,1657.9,797.4,FALSE
1192065,"bc77026",147,"Film - BW",1977,6000,305,2042,1763.2,797.5,FALSE
1192066,"bc77026",148,"Film - BW",1977,6000,305,2042,1936.8,797.5,FALSE
1192069,"bc77026",151,"Film - BW",1977,6000,305,2042,2006.3,797.4,FALSE
1192071,"bc77026",153,"Film - BW",1977,6000,305,2042,1942.7,797.4,FALSE
1192072,"bc77026",154,"Film - BW",1977,6000,305,2042,1674.9,797.4,FALSE
1192073,"bc77026",155,"Film - BW",1977,6000,305,2042,1385.8,797.4,FALSE
1192074,"bc77026",156,"Film - BW",1977,6000,305,2042,1451.1,797.4,FALSE
1192075,"bc77026",157,"Film - BW",1977,6000,305,2042,1699.4,797.4,FALSE
1192076,"bc77026",158,"Film - BW",1977,6000,305,2042,1820.6,797.4,FALSE
1192077,"bc77026",159,"Film - BW",1977,6000,305,2042,1986.2,797.4,FALSE
1192078,"bc77026",160,"Film - BW",1977,6000,305,2042,1965.9,797.4,FALSE
1192079,"bc77026",161,"Film - BW",1977,6000,305,2042,1627.9,797.4,FALSE
1192080,"bc77026",162,"Film - BW",1977,6000,305,2042,1466.9,797.4,FALSE
1192081,"bc77026",163,"Film - BW",1977,6000,305,2042,1510.9,797.4,FALSE
1192082,"bc77026",164,"Film - BW",1977,6000,305,2042,1593.6,797.4,FALSE
1192083,"bc77026",165,"Film - BW",1977,6000,305,2042,1841.8,797.4,FALSE
1192084,"bc77026",166,"Film - BW",1977,6000,305,2042,1956.8,797.4,FALSE
1192085,"bc77026",167,"Film - BW",1977,6000,305,2042,1985.8,797.4,FALSE
1192087,"bc77026",169,"Film - BW",1977,6000,305,2042,1946.2,797.4,FALSE
1192088,"bc77026",170,"Film - BW",1977,6000,305,2042,1868,797.4,FALSE
1192089,"bc77026",171,"Film - BW",1977,6000,305,2042,1877.1,797.4,FALSE
1192090,"bc77026",172,"Film - BW",1977,6000,305,2042,1931,797.4,FALSE
1192091,"bc77026",173,"Film - BW",1977,6000,305,2042,2011,797.4,FALSE
1192093,"bc77026",175,"Film - BW",1977,6000,305,2042,997.6,769.4,FALSE
1192094,"bc77026",176,"Film - BW",1977,6000,305,2042,1292.7,762.2,FALSE
1192095,"bc77026",177,"Film - BW",1977,6000,305,2042,1484.9,762.2,FALSE
1192096,"bc77026",178,"Film - BW",1977,6000,305,2042,1609.2,769.3,FALSE
1192097,"bc77026",179,"Film - BW",1977,6000,305,2042,1763.6,762.2,FALSE
1192098,"bc77026",180,"Film - BW",1977,6000,305,2042,1824,762.2,FALSE
1192099,"bc77026",181,"Film - BW",1977,6000,305,2042,1700,762.2,FALSE
1192100,"bc77026",182,"Film - BW",1977,6000,305,2042,1639.5,762.2,FALSE
1192101,"bc77026",183,"Film - BW",1977,6000,305,2042,1857.5,762.2,FALSE
1192102,"bc77026",184,"Film - BW",1977,6000,305,2042,2025.1,762.2,FALSE
1192103,"bc77026",185,"Film - BW",1977,6000,305,2042,1921.8,762.2,FALSE
1192104,"bc77026",186,"Film - BW",1977,6000,305,2042,1729.7,762.2,FALSE
1192105,"bc77026",187,"Film - BW",1977,6000,305,2042,1623.6,769.3,FALSE
1192106,"bc77026",188,"Film - BW",1977,6000,305,2042,1581.6,762.2,FALSE
1192107,"bc77026",189,"Film - BW",1977,6000,305,2042,1546.3,762.2,FALSE
1192108,"bc77026",190,"Film - BW",1977,6000,305,2042,1574,762.2,FALSE
1192109,"bc77026",191,"Film - BW",1977,6000,305,2042,1497.4,762.2,FALSE
1192110,"bc77026",192,"Film - BW",1977,6000,305,2042,1332.4,762.2,FALSE
1192111,"bc77026",193,"Film - BW",1977,6000,305,2042,1460.1,762.2,FALSE
1192112,"bc77026",194,"Film - BW",1977,6000,305,2042,1742.4,762.2,FALSE
1192113,"bc77026",195,"Film - BW",1977,6000,305,2042,1980.8,762.2,FALSE
1192114,"bc77026",196,"Film - BW",1977,6000,305,2042,2013,769.3,FALSE
1192115,"bc77026",197,"Film - BW",1977,6000,305,2042,1727.5,762.1,FALSE
1192116,"bc77026",198,"Film - BW",1977,6000,305,2042,1472.8,762.1,FALSE
1192117,"bc77026",199,"Film - BW",1977,6000,305,2042,1343.5,762.1,FALSE
1192118,"bc77026",200,"Film - BW",1977,6000,305,2042,1242.1,762.1,FALSE
1192119,"bc77026",201,"Film - BW",1977,6000,305,2042,1321.2,762.1,FALSE
1192120,"bc77026",202,"Film - BW",1977,6000,305,2042,1539,762.1,FALSE
1192121,"bc77026",203,"Film - BW",1977,6000,305,2042,1656.8,762.1,FALSE
1192122,"bc77026",204,"Film - BW",1977,6000,305,2042,1843,762.1,FALSE
1192123,"bc77026",205,"Film - BW",1977,6000,305,2042,1858.8,769.3,FALSE
1192124,"bc77026",206,"Film - BW",1977,6000,305,2042,1716.9,762.1,FALSE
1192125,"bc77026",207,"Film - BW",1977,6000,305,2042,1717.9,762.1,FALSE
1192126,"bc77026",208,"Film - BW",1977,6000,305,2042,1727,762.1,FALSE
1192127,"bc77026",209,"Film - BW",1977,6000,305,2042,1769.9,762.1,FALSE
1192128,"bc77026",210,"Film - BW",1977,6000,305,2042,1871.9,762.1,FALSE
1192129,"bc77026",211,"Film - BW",1977,6000,305,2042,2012,762.1,FALSE
1192132,"bc77026",214,"Film - BW",1977,6000,305,2042,1804.2,762.1,FALSE
1192133,"bc77026",215,"Film - BW",1977,6000,305,2042,1439.5,762.1,FALSE
1192134,"bc77026",216,"Film - BW",1977,6000,305,2042,1257.7,762.1,FALSE
1192135,"bc77026",217,"Film - BW",1977,6000,305,2042,1170.6,769.2,FALSE
1192136,"bc77026",218,"Film - BW",1977,6000,305,2042,1037.7,790.7,FALSE
1192137,"bc77026",219,"Film - BW",1977,6000,305,2042,1677.9,804.7,FALSE
1192138,"bc77026",220,"Film - BW",1977,6000,305,2042,1961.8,804.7,FALSE
1192141,"bc77026",223,"Film - BW",1977,6000,305,2042,2032.6,797.6,FALSE
1192142,"bc77026",224,"Film - BW",1977,6000,305,2042,1946.3,804.7,FALSE
1192143,"bc77026",225,"Film - BW",1977,6000,305,2042,1863.9,804.7,FALSE
1192144,"bc77026",226,"Film - BW",1977,6000,305,2042,1805.9,804.7,FALSE
1192145,"bc77026",227,"Film - BW",1977,6000,305,2042,1791.1,804.7,FALSE
1192146,"bc77026",228,"Film - BW",1977,6000,305,2042,1872,804.7,FALSE
1192147,"bc77026",229,"Film - BW",1977,6000,305,2042,1848.3,804.7,FALSE
1192148,"bc77026",230,"Film - BW",1977,6000,305,2042,1784.3,804.7,FALSE
1192149,"bc77026",231,"Film - BW",1977,6000,305,2042,1840.5,804.7,FALSE
1192150,"bc77026",232,"Film - BW",1977,6000,305,2042,1601.8,804.7,FALSE
1192151,"bc77026",233,"Film - BW",1977,6000,305,2042,1392.1,797.6,FALSE
1192152,"bc77026",234,"Film - BW",1977,6000,305,2042,1348.9,797.6,FALSE
1192153,"bc77026",235,"Film - BW",1977,6000,305,2042,1484.6,804.7,FALSE
1192154,"bc77026",236,"Film - BW",1977,6000,305,2042,1896.3,804.7,FALSE
1192156,"bc77026",238,"Film - BW",1977,6000,305,2042,1897.3,804.8,FALSE
1192157,"bc77026",239,"Film - BW",1977,6000,305,2042,1685.3,804.8,FALSE
1192158,"bc77026",240,"Film - BW",1977,6000,305,2042,1404.4,804.8,FALSE
1192159,"bc77026",241,"Film - BW",1977,6000,305,2042,1417.6,804.8,FALSE
1192160,"bc77026",242,"Film - BW",1977,6000,305,2042,1706.8,804.8,FALSE
1192161,"bc77026",243,"Film - BW",1977,6000,305,2042,1819.2,804.8,FALSE
1192162,"bc77026",244,"Film - BW",1977,6000,305,2042,1852.2,804.8,FALSE
1192163,"bc77026",245,"Film - BW",1977,6000,305,2042,1829.4,797.7,FALSE
1192164,"bc77026",246,"Film - BW",1977,6000,305,2042,1938.5,797.7,FALSE
1192166,"bc77026",248,"Film - BW",1977,6000,305,2042,1983,804.8,FALSE
1192167,"bc77026",249,"Film - BW",1977,6000,305,2042,1772,804.8,FALSE
1192168,"bc77026",250,"Film - BW",1977,6000,305,2042,1657.4,804.8,FALSE
1192169,"bc77026",251,"Film - BW",1977,6000,305,2042,1722.3,804.8,FALSE
1192170,"bc77026",252,"Film - BW",1977,6000,305,2042,1724.1,804.8,FALSE
1192171,"bc77026",253,"Film - BW",1977,6000,305,2042,1614.7,804.8,FALSE
1192172,"bc77026",254,"Film - BW",1977,6000,305,2042,1468,804.8,FALSE
1192173,"bc77026",255,"Film - BW",1977,6000,305,2042,1292.2,804.8,FALSE
1192174,"bc77026",256,"Film - BW",1977,6000,305,2042,1091.8,804.8,FALSE
1192176,"bc77026",258,"Film - BW",1977,6000,305,2042,935.9,812,FALSE
1205377,"bc77046",145,"Film - BW",1977,10000,153,1615,789.6,549.8,FALSE
1205378,"bc77046",146,"Film - BW",1977,10000,153,1615,816.9,549.8,FALSE
1205379,"bc77046",147,"Film - BW",1977,10000,153,1615,825.1,549.8,FALSE
1205380,"bc77046",148,"Film - BW",1977,10000,153,1615,816.9,549.8,FALSE
1205381,"bc77046",149,"Film - BW",1977,10000,153,1615,813.3,552.8,FALSE
1205382,"bc77046",150,"Film - BW",1977,10000,153,1615,831.3,553.7,FALSE
1205383,"bc77046",151,"Film - BW",1977,10000,153,1615,912.4,503.1,FALSE
1205384,"bc77046",152,"Film - BW",1977,10000,153,1615,885.4,503.1,FALSE
1205385,"bc77046",153,"Film - BW",1977,10000,153,1615,862.9,503.3,FALSE
1205386,"bc77046",154,"Film - BW",1977,10000,153,1615,844.4,503.3,FALSE
1205387,"bc77046",155,"Film - BW",1977,10000,153,1615,824.5,503.1,FALSE
1205388,"bc77046",156,"Film - BW",1977,10000,153,1615,797,503.1,FALSE
1205389,"bc77046",157,"Film - BW",1977,10000,153,1615,774.4,503.3,FALSE
1205390,"bc77046",158,"Film - BW",1977,10000,153,1615,755.5,503.3,FALSE
1205391,"bc77046",159,"Film - BW",1977,10000,153,1615,738.8,503.1,FALSE
1205392,"bc77046",160,"Film - BW",1977,10000,153,1615,738.4,503.1,FALSE
1205393,"bc77046",161,"Film - BW",1977,10000,153,1615,765.4,503.3,FALSE
1205394,"bc77046",162,"Film - BW",1977,10000,153,1615,805.5,503.3,FALSE
1205395,"bc77046",163,"Film - BW",1977,10000,153,1615,864,506.4,FALSE
1205396,"bc77046",164,"Film - BW",1977,10000,153,1615,825.3,498.6,FALSE
1205397,"bc77046",165,"Film - BW",1977,10000,153,1615,787,498.6,FALSE
1205398,"bc77046",166,"Film - BW",1977,10000,153,1615,774.4,498.7,FALSE
1205399,"bc77046",167,"Film - BW",1977,10000,153,1615,778.7,497.6,FALSE
1205400,"bc77046",168,"Film - BW",1977,10000,153,1615,784.1,497.6,FALSE
1205401,"bc77046",169,"Film - BW",1977,10000,153,1615,785.1,498.6,FALSE
1205402,"bc77046",170,"Film - BW",1977,10000,153,1615,792.5,498.7,FALSE
1205403,"bc77046",171,"Film - BW",1977,10000,153,1615,802.6,498.6,FALSE
1205404,"bc77046",172,"Film - BW",1977,10000,153,1615,807.8,497.6,FALSE
1205405,"bc77046",173,"Film - BW",1977,10000,153,1615,815,497.6,FALSE
1205406,"bc77046",174,"Film - BW",1977,10000,153,1615,819.3,498.7,FALSE
1205407,"bc77046",175,"Film - BW",1977,10000,153,1615,827.9,506.5,FALSE
1192437,"bc77057",10,"Film - BW",1977,10000,153,1981,1031.5,848.9,FALSE
1192438,"bc77057",11,"Film - BW",1977,10000,153,1981,1055.1,913.1,FALSE
1192447,"bc77057",20,"Film - BW",1977,10000,153,1981,1163.7,593.8,FALSE
1192448,"bc77057",21,"Film - BW",1977,10000,153,1981,1236.1,593.8,FALSE
1192449,"bc77057",22,"Film - BW",1977,10000,153,1981,1308.6,593.5,FALSE
1192450,"bc77057",23,"Film - BW",1977,10000,153,1981,1329.3,593.5,FALSE
1192451,"bc77057",24,"Film - BW",1977,10000,153,1981,1278,587.3,FALSE
1192452,"bc77057",25,"Film - BW",1977,10000,153,1981,1177.8,587.3,FALSE
1192453,"bc77057",26,"Film - BW",1977,10000,153,1981,1060.5,593.9,FALSE
1192501,"bc77057",74,"Film - BW",1977,10000,153,1829,912.9,802.3,FALSE
1192517,"bc77057",90,"Film - BW",1977,10000,153,1829,902.2,661.9,FALSE
1194819,"bc77070",228,"Film - BW",1977,5000,153,1158,1061.5,839.9,FALSE
1194820,"bc77070",229,"Film - BW",1977,5000,153,1158,973.7,839.9,FALSE
1194821,"bc77070",230,"Film - BW",1977,5000,153,1158,878.4,820.4,FALSE
1194822,"bc77070",231,"Film - BW",1977,5000,153,1158,831.4,819.3,FALSE
1194823,"bc77070",232,"Film - BW",1977,5000,153,1158,1004.7,819.3,FALSE
1192620,"bc77071",61,"Film - BW",1977,10000,153,2225,1284.2,734.2,FALSE
1192621,"bc77071",62,"Film - BW",1977,10000,153,2225,1371.7,737,FALSE
1194931,"bc77072",112,"Film - BW",1977,10000,153,1981,1119,1847.1,FALSE
1194950,"bc77072",131,"Film - BW",1977,10000,153,1981,1097.7,1912.1,FALSE
1194953,"bc77072",134,"Film - BW",1977,10000,153,1981,1054.2,1877.7,FALSE
1194959,"bc77072",140,"Film - BW",1977,10000,153,1981,1226.4,1879,FALSE
1194960,"bc77072",141,"Film - BW",1977,10000,153,1981,1173.3,1886.5,FALSE
1194961,"bc77072",142,"Film - BW",1977,10000,153,1981,1199.1,1757.1,FALSE
1194962,"bc77072",143,"Film - BW",1977,10000,153,1981,1259.9,1757.1,FALSE
1194963,"bc77072",144,"Film - BW",1977,10000,153,1981,1218.5,1762.9,FALSE
1194964,"bc77072",145,"Film - BW",1977,10000,153,1981,1219.3,1762.7,FALSE
1194965,"bc77072",146,"Film - BW",1977,10000,153,1981,1149.2,1762.7,FALSE
1194968,"bc77072",149,"Film - BW",1977,10000,153,1981,1236.7,1761,FALSE
1194969,"bc77072",150,"Film - BW",1977,10000,153,1981,1302.6,1768.6,FALSE
1194970,"bc77072",151,"Film - BW",1977,10000,153,1981,1383.2,1807,FALSE
1194971,"bc77072",152,"Film - BW",1977,10000,153,1981,1511.8,1806.5,FALSE
1194972,"bc77072",153,"Film - BW",1977,10000,153,1981,1592.9,1806.5,FALSE
1194973,"bc77072",154,"Film - BW",1977,10000,153,1981,1668.8,1811.1,FALSE
1194974,"bc77072",155,"Film - BW",1977,10000,153,1981,1511.3,1804.7,FALSE
1194975,"bc77072",156,"Film - BW",1977,10000,153,1981,1515.8,1804.7,FALSE
1194976,"bc77072",157,"Film - BW",1977,10000,153,1981,1441.7,1809.8,FALSE
1194977,"bc77072",158,"Film - BW",1977,10000,153,1981,1384.1,1809.8,FALSE
1194978,"bc77072",159,"Film - BW",1977,10000,153,1981,1357.2,1811.7,FALSE
1194979,"bc77072",160,"Film - BW",1977,10000,153,1981,1690.1,2154.6,FALSE
1194980,"bc77072",161,"Film - BW",1977,10000,153,1981,1755.6,2153.4,FALSE
1194981,"bc77072",162,"Film - BW",1977,10000,153,1981,1603.6,2153.4,FALSE
1194982,"bc77072",163,"Film - BW",1977,10000,153,1981,1283.4,2153.4,FALSE
1194985,"bc77072",166,"Film - BW",1977,10000,153,1981,1043.7,2024.8,FALSE
1194986,"bc77072",167,"Film - BW",1977,10000,153,1981,1122.1,2024.8,FALSE
1194987,"bc77072",168,"Film - BW",1977,10000,153,1981,1112.9,2024.8,FALSE
1194988,"bc77072",169,"Film - BW",1977,10000,153,1981,1129.2,2024.8,FALSE
1194989,"bc77072",170,"Film - BW",1977,10000,153,1981,1152.8,2029.8,FALSE
1194990,"bc77072",171,"Film - BW",1977,10000,153,1981,1082.3,2094.8,FALSE
1194991,"bc77072",172,"Film - BW",1977,10000,153,1981,1185.9,2092.8,FALSE
1194992,"bc77072",173,"Film - BW",1977,10000,153,1981,1260.4,2092.8,FALSE
1194993,"bc77072",174,"Film - BW",1977,10000,153,1981,1435.6,2092.9,FALSE
1194994,"bc77072",175,"Film - BW",1977,10000,153,1981,1603.1,2092.9,FALSE
1194995,"bc77072",176,"Film - BW",1977,10000,153,1981,1825.9,2096,FALSE
1194999,"bc77072",180,"Film - BW",1977,10000,153,1981,1954.6,2126,FALSE
1195000,"bc77072",181,"Film - BW",1977,10000,153,1981,1612.6,2126,FALSE
1195001,"bc77072",182,"Film - BW",1977,10000,153,1981,1235.6,2127,FALSE
1195003,"bc77072",184,"Film - BW",1977,10000,153,1981,1257.8,1523.8,FALSE
1195004,"bc77072",185,"Film - BW",1977,10000,153,1981,1069,1523.8,FALSE
1195008,"bc77072",189,"Film - BW",1977,10000,153,1981,1076.3,1523.9,FALSE
1195009,"bc77072",190,"Film - BW",1977,10000,153,1981,1028.2,1523.9,FALSE
1195010,"bc77072",191,"Film - BW",1977,10000,153,1981,1193,1523.9,FALSE
1195011,"bc77072",192,"Film - BW",1977,10000,153,1981,1166.3,1523.9,FALSE
1195012,"bc77072",193,"Film - BW",1977,10000,153,1981,1051.3,1525,FALSE
1195014,"bc77072",195,"Film - BW",1977,10000,153,1981,1067.2,2051.6,FALSE
1195015,"bc77072",196,"Film - BW",1977,10000,153,1981,1573.4,2051.6,FALSE
1195016,"bc77072",197,"Film - BW",1977,10000,153,1981,1534.3,2052.7,FALSE
1195017,"bc77072",198,"Film - BW",1977,10000,153,1981,1651,2051.8,FALSE
1195018,"bc77072",199,"Film - BW",1977,10000,153,1981,1465.5,2051.8,FALSE
1195019,"bc77072",200,"Film - BW",1977,10000,153,1981,1136.4,2051.9,FALSE
1195031,"bc77072",212,"Film - BW",1977,10000,153,1829,1191.1,1716,FALSE
1195032,"bc77072",213,"Film - BW",1977,10000,153,1829,1649.4,1713.7,FALSE
1195033,"bc77072",214,"Film - BW",1977,10000,153,1829,1053.2,1713.7,FALSE
1195034,"bc77072",215,"Film - BW",1977,10000,153,1829,1170.9,1717.1,FALSE
1195035,"bc77072",216,"Film - BW",1977,10000,153,1829,1546.7,1717,FALSE
1195036,"bc77072",217,"Film - BW",1977,10000,153,1829,1716.4,1717,FALSE
1195037,"bc77072",218,"Film - BW",1977,10000,153,1829,1425.8,1770.3,FALSE
1195038,"bc77072",219,"Film - BW",1977,10000,153,1829,1494.7,1769.4,FALSE
1195039,"bc77072",220,"Film - BW",1977,10000,153,1829,1629.8,1769.4,FALSE
1195040,"bc77072",221,"Film - BW",1977,10000,153,1829,1818,1770,FALSE
1195041,"bc77072",222,"Film - BW",1977,10000,153,1829,1615.1,1764,FALSE
1195042,"bc77072",223,"Film - BW",1977,10000,153,1829,1626,1335.2,FALSE
1195043,"bc77072",224,"Film - BW",1977,10000,153,1829,1574.8,1335.2,FALSE
1195045,"bc77072",226,"Film - BW",1977,10000,153,1829,1634.6,2049.3,FALSE
1195046,"bc77072",227,"Film - BW",1977,10000,153,1829,1475.2,2049.1,FALSE
1195047,"bc77072",228,"Film - BW",1977,10000,153,1829,1212.8,2049.1,FALSE
1193493,"bc77078",116,"Film - BW",1977,12000,153,1859,988,834.1,FALSE
1194888,"bc77087",25,"Film - BW",1977,5000,153,1158,1117.5,931.5,FALSE
1194889,"bc77087",26,"Film - BW",1977,5000,153,1158,1003.2,931.7,FALSE
1194891,"bc77087",28,"Film - BW",1977,5000,153,1158,1081.8,904.9,FALSE
1194892,"bc77087",29,"Film - BW",1977,5000,153,1158,980.9,904.9,FALSE
1194893,"bc77087",30,"Film - BW",1977,5000,153,1158,911.5,904.9,FALSE
1194894,"bc77087",31,"Film - BW",1977,5000,153,1158,737.3,904,FALSE
1194898,"bc77087",35,"Film - BW",1977,5000,153,1158,848,905.1,FALSE
1194899,"bc77087",36,"Film - BW",1977,5000,153,1158,1034.4,908.3,FALSE
1194900,"bc77087",37,"Film - BW",1977,5000,153,1158,1110,822.5,FALSE
1194901,"bc77087",38,"Film - BW",1977,5000,153,1158,1093,822.5,FALSE
1194902,"bc77087",39,"Film - BW",1977,5000,153,1158,1116.8,822.5,FALSE
1194905,"bc77087",42,"Film - BW",1977,5000,153,1158,1101.8,822.5,FALSE
1194908,"bc77087",45,"Film - BW",1977,5000,153,1158,1032.4,830.5,FALSE
1194912,"bc77087",49,"Film - BW",1977,5000,153,1158,1113.9,847.5,FALSE
1194913,"bc77087",50,"Film - BW",1977,5000,153,1158,894,846.4,FALSE
1194914,"bc77087",51,"Film - BW",1977,5000,153,1158,848.1,846.4,FALSE
1194915,"bc77087",52,"Film - BW",1977,5000,153,1158,979,846.4,FALSE
1194916,"bc77087",53,"Film - BW",1977,5000,153,1158,1015.8,767.1,FALSE
1194917,"bc77087",54,"Film - BW",1977,5000,153,1158,1121,766,FALSE
1206807,"bc77087",67,"Film - BW",1977,12000,153,1981,1488.1,500.8,FALSE
1206808,"bc77087",68,"Film - BW",1977,12000,153,1981,1511.9,494.9,FALSE
1206809,"bc77087",69,"Film - BW",1977,12000,153,1981,1538.4,494.9,FALSE
1206810,"bc77087",70,"Film - BW",1977,12000,153,1981,1564.1,496,FALSE
1206811,"bc77087",71,"Film - BW",1977,12000,153,1981,1583.8,496,FALSE
1206812,"bc77087",72,"Film - BW",1977,12000,153,1981,1593.2,495.6,FALSE
1206813,"bc77087",73,"Film - BW",1977,12000,153,1981,1592.2,494.9,FALSE
1206814,"bc77087",74,"Film - BW",1977,12000,153,1981,1576.9,494.9,FALSE
1206815,"bc77087",75,"Film - BW",1977,12000,153,1981,1550.4,494.9,FALSE
1206816,"bc77087",76,"Film - BW",1977,12000,153,1981,1518.4,494.9,FALSE
1206817,"bc77087",77,"Film - BW",1977,12000,153,1981,1487.3,494.9,FALSE
1206818,"bc77087",78,"Film - BW",1977,12000,153,1981,1460.4,494.9,FALSE
1206819,"bc77087",79,"Film - BW",1977,12000,153,1920,1311.8,539.7,FALSE
1206820,"bc77087",80,"Film - BW",1977,12000,153,1920,1302,535.6,FALSE
1206821,"bc77087",81,"Film - BW",1977,12000,153,1920,1308.2,533.5,FALSE
1206822,"bc77087",82,"Film - BW",1977,12000,153,1920,1332.5,533.5,FALSE
1206823,"bc77087",83,"Film - BW",1977,12000,153,1920,1369.2,532.7,FALSE
1206824,"bc77087",84,"Film - BW",1977,12000,153,1920,1406.1,532.7,FALSE
1206825,"bc77087",85,"Film - BW",1977,12000,153,1920,1440.8,534.5,FALSE
1206826,"bc77087",86,"Film - BW",1977,12000,153,1920,1465.4,534.5,FALSE
1206827,"bc77087",87,"Film - BW",1977,12000,153,1920,1472.9,530.6,FALSE
1206828,"bc77087",88,"Film - BW",1977,12000,153,1920,1458.6,530.6,FALSE
1206829,"bc77087",89,"Film - BW",1977,12000,153,1920,1418.2,535.5,FALSE
1206831,"bc77087",91,"Film - BW",1977,12000,153,1920,841.8,502.2,FALSE
1206832,"bc77087",92,"Film - BW",1977,12000,153,1920,923.2,502.2,FALSE
1206833,"bc77087",93,"Film - BW",1977,12000,153,1920,987,502.2,FALSE
1206834,"bc77087",94,"Film - BW",1977,12000,153,1920,1039.9,502.2,FALSE
1206835,"bc77087",95,"Film - BW",1977,12000,153,1920,1080.6,502.2,FALSE
1206836,"bc77087",96,"Film - BW",1977,12000,153,1920,1114.6,502.2,FALSE
1206837,"bc77087",97,"Film - BW",1977,12000,153,1920,1145.5,502.2,FALSE
1206838,"bc77087",98,"Film - BW",1977,12000,153,1920,1168,502.2,FALSE
1206839,"bc77087",99,"Film - BW",1977,12000,153,1920,1181.6,502.2,FALSE
1206840,"bc77087",100,"Film - BW",1977,12000,153,1920,1191.1,502.1,FALSE
1206841,"bc77087",101,"Film - BW",1977,12000,153,1920,1205.7,502.1,FALSE
1206842,"bc77087",102,"Film - BW",1977,12000,153,1920,1220.8,502.1,FALSE
1206843,"bc77087",103,"Film - BW",1977,12000,153,1920,1236.3,502.1,FALSE
1206844,"bc77087",104,"Film - BW",1977,12000,153,1920,1171.9,572.7,FALSE
1206845,"bc77087",105,"Film - BW",1977,12000,153,1920,1143.1,568.2,FALSE
1206846,"bc77087",106,"Film - BW",1977,12000,153,1920,1129.1,562.3,FALSE
1206847,"bc77087",107,"Film - BW",1977,12000,153,1920,1127.2,562.3,FALSE
1206848,"bc77087",108,"Film - BW",1977,12000,153,1920,1125.3,563.2,FALSE
1206849,"bc77087",109,"Film - BW",1977,12000,153,1920,1107.9,563.2,FALSE
1206850,"bc77087",110,"Film - BW",1977,12000,153,1920,1083.8,563.1,FALSE
1206851,"bc77087",111,"Film - BW",1977,12000,153,1920,1063.8,563.1,FALSE
1206852,"bc77087",112,"Film - BW",1977,12000,153,1920,1065.3,563.1,FALSE
1206853,"bc77087",113,"Film - BW",1977,12000,153,1920,1078.9,563.1,FALSE
1206854,"bc77087",114,"Film - BW",1977,12000,153,1920,1085.1,564,FALSE
1206855,"bc77087",115,"Film - BW",1977,12000,153,1676,1309.1,516.8,FALSE
1206856,"bc77087",116,"Film - BW",1977,12000,153,1676,1318,510.6,FALSE
1206857,"bc77087",117,"Film - BW",1977,12000,153,1676,1326.3,510.6,FALSE
1206858,"bc77087",118,"Film - BW",1977,12000,153,1676,1337.5,511.2,FALSE
1206859,"bc77087",119,"Film - BW",1977,12000,153,1676,1349.6,511.2,FALSE
1206860,"bc77087",120,"Film - BW",1977,12000,153,1676,1361.9,511.2,FALSE
1206861,"bc77087",121,"Film - BW",1977,12000,153,1676,1372.3,510.5,FALSE
1206862,"bc77087",122,"Film - BW",1977,12000,153,1676,1385.4,510.5,FALSE
1206863,"bc77087",123,"Film - BW",1977,12000,153,1676,1399.9,511.1,FALSE
1206864,"bc77087",124,"Film - BW",1977,12000,153,1676,1411.8,511.1,FALSE
1193017,"bc77103",177,"Film - BW",1977,10000,153,2134,1218.4,818.2,FALSE
1193019,"bc77103",179,"Film - BW",1977,10000,153,2134,1327.2,798,FALSE
1193031,"bc77103",191,"Film - BW",1977,10000,153,2134,1205,728.3,FALSE
1193032,"bc77103",192,"Film - BW",1977,10000,153,2134,1206.5,728.2,FALSE
1193033,"bc77103",193,"Film - BW",1977,10000,153,2134,1225.9,728.2,FALSE
1193034,"bc77103",194,"Film - BW",1977,10000,153,2134,1221,728.2,FALSE
1193035,"bc77103",195,"Film - BW",1977,10000,153,2134,1180.9,736.5,FALSE
1206195,"bc77103",254,"Film - BW",1977,10000,153,2286,1352.4,525.4,FALSE
1206196,"bc77103",255,"Film - BW",1977,10000,153,2286,1436.3,525.3,FALSE
1206197,"bc77103",256,"Film - BW",1977,10000,153,2286,1502.3,525.3,FALSE
1206198,"bc77103",257,"Film - BW",1977,10000,153,2286,1552,525.3,FALSE
1206199,"bc77103",258,"Film - BW",1977,10000,153,2286,1581.6,525.3,FALSE
1206200,"bc77103",259,"Film - BW",1977,10000,153,2286,1563.1,525.3,FALSE
1206201,"bc77103",260,"Film - BW",1977,10000,153,2286,1536.5,424.2,FALSE
1206202,"bc77103",261,"Film - BW",1977,10000,153,2286,1535.1,424.2,FALSE
1206203,"bc77103",262,"Film - BW",1977,10000,153,2286,1554.7,424.2,FALSE
1206204,"bc77103",263,"Film - BW",1977,10000,153,2286,1590.5,424.2,FALSE
1206205,"bc77103",264,"Film - BW",1977,10000,153,2286,1643.2,424.2,FALSE
1206206,"bc77103",265,"Film - BW",1977,10000,153,2286,1687.7,424.5,FALSE
1206422,"bc77110",1,"Film - BW",1977,12000,153,2835,1802.9,623.4,FALSE
1206423,"bc77110",2,"Film - BW",1977,12000,153,2835,1805.7,623.4,FALSE
1206424,"bc77110",3,"Film - BW",1977,12000,153,2835,1816.4,623.4,FALSE
1206425,"bc77110",4,"Film - BW",1977,12000,153,2835,1831.7,623.4,FALSE
1206426,"bc77110",5,"Film - BW",1977,12000,153,2835,1851.7,553.1,FALSE
1206427,"bc77110",6,"Film - BW",1977,12000,153,2835,1859,546,FALSE
1206428,"bc77110",7,"Film - BW",1977,12000,153,2835,1853.3,546,FALSE
1206429,"bc77110",8,"Film - BW",1977,12000,153,2835,1841.3,546,FALSE
1206430,"bc77110",9,"Film - BW",1977,12000,153,2835,1834.2,546,FALSE
1206431,"bc77110",10,"Film - BW",1977,12000,153,2835,1826.3,551.9,FALSE
1206432,"bc77110",11,"Film - BW",1977,12000,153,2835,1830.6,544.8,FALSE
1206433,"bc77110",12,"Film - BW",1977,12000,153,2835,1841.9,544.7,FALSE
1206434,"bc77110",13,"Film - BW",1977,12000,153,2835,1848.7,544.7,FALSE
1206435,"bc77110",14,"Film - BW",1977,12000,153,2835,1846.9,544.8,FALSE
1206436,"bc77110",15,"Film - BW",1977,12000,153,2835,1845.8,544.7,FALSE
1206437,"bc77110",16,"Film - BW",1977,12000,153,2835,1840.3,544.7,FALSE
1206438,"bc77110",17,"Film - BW",1977,12000,153,2835,1834,551.9,FALSE
1206439,"bc77110",18,"Film - BW",1977,12000,153,2835,1836.4,581.1,FALSE
1206440,"bc77110",19,"Film - BW",1977,12000,153,2835,1831.3,573.7,FALSE
1206441,"bc77110",20,"Film - BW",1977,12000,153,2835,1823.9,566.6,FALSE
1206442,"bc77110",21,"Film - BW",1977,12000,153,2835,1808.8,566.6,FALSE
1206443,"bc77110",22,"Film - BW",1977,12000,153,2835,1795.2,566.6,FALSE
1206444,"bc77110",23,"Film - BW",1977,12000,153,2835,1793.3,566.6,FALSE
1206445,"bc77110",24,"Film - BW",1977,12000,153,2835,1806.7,566.6,FALSE
1206446,"bc77110",25,"Film - BW",1977,12000,153,2835,1820.6,566.6,FALSE
1206447,"bc77110",26,"Film - BW",1977,12000,153,2835,1833.2,566.6,FALSE
1206448,"bc77110",27,"Film - BW",1977,12000,153,2835,1837.7,566.6,FALSE
1206449,"bc77110",28,"Film - BW",1977,12000,153,2835,1831.3,566.6,FALSE
1206450,"bc77110",29,"Film - BW",1977,12000,153,2835,1813.3,566.6,FALSE
1206451,"bc77110",30,"Film - BW",1977,12000,153,2835,1797.7,566.6,FALSE
1206452,"bc77110",31,"Film - BW",1977,12000,153,2835,1786.8,566.6,FALSE
1206453,"bc77110",32,"Film - BW",1977,12000,153,2835,1781.7,566.6,FALSE
1206454,"bc77110",33,"Film - BW",1977,12000,153,2835,1777.5,566.6,FALSE
1206455,"bc77110",34,"Film - BW",1977,12000,153,2835,1770.8,566.6,FALSE
1206456,"bc77110",35,"Film - BW",1977,12000,153,2835,1754.9,566.6,FALSE
1206457,"bc77110",36,"Film - BW",1977,12000,153,2835,1828,561,FALSE
1206458,"bc77110",37,"Film - BW",1977,12000,153,2835,1833.8,560.8,FALSE
1206459,"bc77110",38,"Film - BW",1977,12000,153,2835,1839.5,558.6,FALSE
1206460,"bc77110",39,"Film - BW",1977,12000,153,2835,1842.9,558.6,FALSE
1206461,"bc77110",40,"Film - BW",1977,12000,153,2835,1840.7,559.7,FALSE
1206462,"bc77110",41,"Film - BW",1977,12000,153,2835,1842.6,559.7,FALSE
1206463,"bc77110",42,"Film - BW",1977,12000,153,2835,1849.1,559.7,FALSE
1206464,"bc77110",43,"Film - BW",1977,12000,153,2835,1858.1,561.3,FALSE
1206465,"bc77110",44,"Film - BW",1977,12000,153,2835,1867,561.3,FALSE
1206466,"bc77110",45,"Film - BW",1977,12000,153,2835,1879.3,561.3,FALSE
1206467,"bc77110",46,"Film - BW",1977,12000,153,2835,1890.9,561.3,FALSE
1206468,"bc77110",47,"Film - BW",1977,12000,153,2835,1903.6,561.3,FALSE
1206469,"bc77110",48,"Film - BW",1977,12000,153,2835,1914.3,561.3,FALSE
1206470,"bc77110",49,"Film - BW",1977,12000,153,2835,1926.5,561.3,FALSE
1206471,"bc77110",50,"Film - BW",1977,12000,153,2835,1941.4,565.4,FALSE
1206472,"bc77110",51,"Film - BW",1977,12000,153,2835,1963.2,503.1,FALSE
1206473,"bc77110",52,"Film - BW",1977,12000,153,2835,1986,503.1,FALSE
1206474,"bc77110",53,"Film - BW",1977,12000,153,2835,2001,510.2,FALSE
1206475,"bc77110",54,"Film - BW",1977,12000,153,2835,2000.6,510.2,FALSE
1206476,"bc77110",55,"Film - BW",1977,12000,153,2835,1993,510.2,FALSE
1206477,"bc77110",56,"Film - BW",1977,12000,153,2835,1988.3,473.9,FALSE
1206478,"bc77110",57,"Film - BW",1977,12000,153,2835,1982,466.8,FALSE
1206479,"bc77110",58,"Film - BW",1977,12000,153,2835,1972.3,466.8,FALSE
1206480,"bc77110",59,"Film - BW",1977,12000,153,2835,1965,473.9,FALSE
1206481,"bc77110",60,"Film - BW",1977,12000,153,2835,1958.6,473.9,FALSE
1206482,"bc77110",61,"Film - BW",1977,12000,153,2835,1949.2,481.2,FALSE
1206483,"bc77110",62,"Film - BW",1977,12000,153,2835,1780,644.1,FALSE
1206484,"bc77110",63,"Film - BW",1977,12000,153,2835,1799.9,638.8,FALSE
1206485,"bc77110",64,"Film - BW",1977,12000,153,2835,1819.4,638.8,FALSE
1206486,"bc77110",65,"Film - BW",1977,12000,153,2835,1839.7,644.1,FALSE
1206487,"bc77110",66,"Film - BW",1977,12000,153,2835,1858.7,644.1,FALSE
1206488,"bc77110",67,"Film - BW",1977,12000,153,2835,1881.9,577.2,FALSE
1206489,"bc77110",68,"Film - BW",1977,12000,153,2835,1907.6,576.4,FALSE
1206490,"bc77110",69,"Film - BW",1977,12000,153,2835,1935,576.4,FALSE
1206491,"bc77110",70,"Film - BW",1977,12000,153,2835,1960.4,576.4,FALSE
1206492,"bc77110",71,"Film - BW",1977,12000,153,2835,1975.5,576.4,FALSE
1206493,"bc77110",72,"Film - BW",1977,12000,153,2835,1979.5,581.8,FALSE
1206494,"bc77110",73,"Film - BW",1977,12000,153,2835,1866,629.9,FALSE
1206495,"bc77110",74,"Film - BW",1977,12000,153,2835,1867.6,629.9,FALSE
1206496,"bc77110",75,"Film - BW",1977,12000,153,2835,1859,629.9,FALSE
1206497,"bc77110",76,"Film - BW",1977,12000,153,2835,1845,629.9,FALSE
1206498,"bc77110",77,"Film - BW",1977,12000,153,2835,1837.1,606,FALSE
1206499,"bc77110",78,"Film - BW",1977,12000,153,2835,1828.9,601.1,FALSE
1206500,"bc77110",79,"Film - BW",1977,12000,153,2835,1822.2,601.1,FALSE
1206501,"bc77110",80,"Film - BW",1977,12000,153,2835,1826.5,600.4,FALSE
1206502,"bc77110",81,"Film - BW",1977,12000,153,2835,1833.8,600.4,FALSE
1206503,"bc77110",82,"Film - BW",1977,12000,153,2835,1905.3,605.9,FALSE
1206504,"bc77110",83,"Film - BW",1977,12000,153,2835,1897.3,601.1,FALSE
1206505,"bc77110",84,"Film - BW",1977,12000,153,2835,1897.7,600.4,FALSE
1206506,"bc77110",85,"Film - BW",1977,12000,153,2835,1906.9,600.4,FALSE
1206507,"bc77110",86,"Film - BW",1977,12000,153,2835,1922,603.2,FALSE
1206508,"bc77110",87,"Film - BW",1977,12000,153,2835,1933.7,534.4,FALSE
1206509,"bc77110",88,"Film - BW",1977,12000,153,2835,1940.4,534.4,FALSE
1206510,"bc77110",89,"Film - BW",1977,12000,153,2835,1937.8,534.5,FALSE
1206511,"bc77110",90,"Film - BW",1977,12000,153,2835,1930.9,534.5,FALSE
1206512,"bc77110",91,"Film - BW",1977,12000,153,2835,1918.2,534.5,FALSE
1206513,"bc77110",92,"Film - BW",1977,12000,153,2835,1899.4,534.5,FALSE
1206514,"bc77110",93,"Film - BW",1977,12000,153,2835,1879.4,534.5,FALSE
1206515,"bc77110",94,"Film - BW",1977,12000,153,2835,1861.3,535.3,FALSE
1206516,"bc77110",95,"Film - BW",1977,12000,153,2835,1845.8,467.6,FALSE
1206517,"bc77110",96,"Film - BW",1977,12000,153,2835,1833.9,467.6,FALSE
1206518,"bc77110",97,"Film - BW",1977,12000,153,2835,1820.2,473.1,FALSE
1206519,"bc77110",98,"Film - BW",1977,12000,153,2835,1800.9,467.7,FALSE
1206520,"bc77110",99,"Film - BW",1977,12000,153,2835,1780,467.7,FALSE
1206521,"bc77110",100,"Film - BW",1977,12000,153,2835,1757.6,473.1,FALSE
1206522,"bc77110",101,"Film - BW",1977,12000,153,2835,1733.6,474.6,FALSE
1206525,"bc77110",104,"Film - BW",1977,12000,153,2835,1731.3,631.9,FALSE
1206526,"bc77110",105,"Film - BW",1977,12000,153,2835,1785.3,631.8,FALSE
1206527,"bc77110",106,"Film - BW",1977,12000,153,2835,1805.6,631.8,FALSE
1206528,"bc77110",107,"Film - BW",1977,12000,153,2835,1819,632.5,FALSE
1206529,"bc77110",108,"Film - BW",1977,12000,153,2835,1831.3,568.5,FALSE
1206530,"bc77110",109,"Film - BW",1977,12000,153,2835,1843.2,563.7,FALSE
1206531,"bc77110",110,"Film - BW",1977,12000,153,2835,1855.4,562.9,FALSE
1206532,"bc77110",111,"Film - BW",1977,12000,153,2835,1868.9,562.9,FALSE
1206533,"bc77110",112,"Film - BW",1977,12000,153,2835,1882.9,562.9,FALSE
1206534,"bc77110",113,"Film - BW",1977,12000,153,2835,1891.7,562.9,FALSE
1206535,"bc77110",114,"Film - BW",1977,12000,153,2835,1894.3,534.9,FALSE
1206536,"bc77110",115,"Film - BW",1977,12000,153,2835,1889.6,529.4,FALSE
1206537,"bc77110",116,"Film - BW",1977,12000,153,2835,1876.6,529.4,FALSE
1206538,"bc77110",117,"Film - BW",1977,12000,153,2835,1863,529.4,FALSE
1206539,"bc77110",118,"Film - BW",1977,12000,153,2835,1858.9,529.4,FALSE
1206540,"bc77110",119,"Film - BW",1977,12000,153,2835,1858.1,529.4,FALSE
1206541,"bc77110",120,"Film - BW",1977,12000,153,2835,1862.1,535.5,FALSE
1206542,"bc77110",121,"Film - BW",1977,12000,153,2835,1867.1,536.9,FALSE
1206207,"bc77111",193,"Film - BW",1977,10000,153,2286,1668.5,623.2,FALSE
1206208,"bc77111",194,"Film - BW",1977,10000,153,2286,1660.6,616.6,FALSE
1206209,"bc77111",195,"Film - BW",1977,10000,153,2286,1636.6,616.6,FALSE
1206210,"bc77111",196,"Film - BW",1977,10000,153,2286,1550.3,617.2,FALSE
1206211,"bc77111",197,"Film - BW",1977,10000,153,2286,1391.8,616.6,FALSE
1206220,"bc77111",206,"Film - BW",1977,10000,153,2286,1504.7,555.8,FALSE
1206221,"bc77111",207,"Film - BW",1977,10000,153,2286,1629.2,554.5,FALSE
1206222,"bc77111",208,"Film - BW",1977,10000,153,2286,1724.1,554.5,FALSE
1206223,"bc77111",209,"Film - BW",1977,10000,153,2286,1748.1,554.7,FALSE
1206224,"bc77111",210,"Film - BW",1977,10000,153,2286,1706.9,554.5,FALSE
1206225,"bc77111",211,"Film - BW",1977,10000,153,2286,1640.2,554.5,FALSE
1206226,"bc77111",212,"Film - BW",1977,10000,153,2286,1554.2,554.7,FALSE
1206227,"bc77111",213,"Film - BW",1977,10000,153,2286,1476.1,554.7,FALSE
1206228,"bc77111",214,"Film - BW",1977,10000,153,2286,1405.6,554.5,FALSE
1206232,"bc77111",218,"Film - BW",1977,10000,153,2286,1387.7,554.5,FALSE
1206233,"bc77111",219,"Film - BW",1977,10000,153,2286,1509.4,554.7,FALSE
1206234,"bc77111",220,"Film - BW",1977,10000,153,2286,1591.6,554.7,FALSE
1206235,"bc77111",221,"Film - BW",1977,10000,153,2286,1597,554.8,FALSE
1206236,"bc77111",222,"Film - BW",1977,10000,153,2286,1551.3,554.8,FALSE
1206237,"bc77111",223,"Film - BW",1977,10000,153,2286,1466.1,554.8,FALSE
1206238,"bc77111",224,"Film - BW",1977,10000,153,2286,1361.5,554.8,FALSE
1206244,"bc77111",230,"Film - BW",1977,10000,153,2286,1603,1826.7,FALSE
1206245,"bc77111",231,"Film - BW",1977,10000,153,2286,1702,1826.8,FALSE
1206246,"bc77111",232,"Film - BW",1977,10000,153,2286,1508.8,1825.8,FALSE
1206248,"bc77111",234,"Film - BW",1977,10000,153,2286,1608.7,1826.9,FALSE
1206250,"bc77111",236,"Film - BW",1977,10000,153,2286,1736.8,511.7,FALSE
1206251,"bc77111",237,"Film - BW",1977,10000,153,2286,1674.8,504.4,FALSE
1206252,"bc77111",238,"Film - BW",1977,10000,153,2286,1595.5,504.3,FALSE
1206253,"bc77111",239,"Film - BW",1977,10000,153,2286,1549.8,504.3,FALSE
1206254,"bc77111",240,"Film - BW",1977,10000,153,2286,1533.1,504.4,FALSE
1206255,"bc77111",241,"Film - BW",1977,10000,153,2286,1541.9,504.4,FALSE
1206256,"bc77111",242,"Film - BW",1977,10000,153,2286,1570.7,504.3,FALSE
1206257,"bc77111",243,"Film - BW",1977,10000,153,2286,1562.2,504.3,FALSE
1206258,"bc77111",244,"Film - BW",1977,10000,153,2286,1515.7,504.3,FALSE
1206259,"bc77111",245,"Film - BW",1977,10000,153,2286,1460.8,504.3,FALSE
1206260,"bc77111",246,"Film - BW",1977,10000,153,2286,1396.9,504.3,FALSE
1206266,"bc77115",119,"Film - BW",1977,10000,153,2286,1336.9,446.6,FALSE
1206267,"bc77115",120,"Film - BW",1977,10000,153,2286,1422.6,453.9,FALSE
1206268,"bc77115",121,"Film - BW",1977,10000,153,2286,1488,453.8,FALSE
1206269,"bc77115",122,"Film - BW",1977,10000,153,2286,1541.8,446.6,FALSE
1206270,"bc77115",123,"Film - BW",1977,10000,153,2286,1575.4,446.6,FALSE
1206271,"bc77115",124,"Film - BW",1977,10000,153,2286,1590.6,453.9,FALSE
1206272,"bc77115",125,"Film - BW",1977,10000,153,2286,1571.6,453.8,FALSE
1206273,"bc77115",126,"Film - BW",1977,10000,153,2286,1542.2,446.6,FALSE
1206274,"bc77115",127,"Film - BW",1977,10000,153,2286,1526.2,446.6,FALSE
1206275,"bc77115",128,"Film - BW",1977,10000,153,2286,1538.6,453.9,FALSE
1206276,"bc77115",129,"Film - BW",1977,10000,153,2286,1565,461.7,FALSE
1206277,"bc77115",130,"Film - BW",1977,10000,153,2286,1774.3,508.5,FALSE
1206278,"bc77115",131,"Film - BW",1977,10000,153,2286,1697,508.5,FALSE
1206279,"bc77115",132,"Film - BW",1977,10000,153,2286,1551.7,515.1,FALSE
1206280,"bc77115",133,"Film - BW",1977,10000,153,2286,1375.7,508.6,FALSE
1206287,"bc77115",140,"Film - BW",1977,10000,153,2286,1365.2,509.4,FALSE
1206288,"bc77115",141,"Film - BW",1977,10000,153,2286,1389.8,515.3,FALSE
1206289,"bc77115",142,"Film - BW",1977,10000,153,2286,1373.5,515.3,FALSE
1206300,"bc77115",153,"Film - BW",1977,10000,153,2286,1358.9,508.5,FALSE
1206301,"bc77115",154,"Film - BW",1977,10000,153,2286,1531,509.1,FALSE
1206305,"bc77115",158,"Film - BW",1977,10000,153,2286,1422.8,789.5,FALSE
1206306,"bc77115",159,"Film - BW",1977,10000,153,2286,1528.5,790.3,FALSE
1206307,"bc77115",160,"Film - BW",1977,10000,153,2286,1544.7,790.3,FALSE
1206308,"bc77115",161,"Film - BW",1977,10000,153,2286,1490.1,789.2,FALSE
1206309,"bc77115",162,"Film - BW",1977,10000,153,2286,1385.8,789.2,FALSE
1206313,"bc77115",166,"Film - BW",1977,10000,153,2286,1470.8,789.2,FALSE
1206314,"bc77115",167,"Film - BW",1977,10000,153,2286,1594.4,790.4,FALSE
1206315,"bc77115",168,"Film - BW",1977,10000,153,2286,1567.2,790.4,FALSE
1206316,"bc77115",169,"Film - BW",1977,10000,153,2286,1421.9,722.3,FALSE
1206322,"bc77115",175,"Film - BW",1977,10000,153,2286,1361,721.7,FALSE
1206323,"bc77115",176,"Film - BW",1977,10000,153,2286,1444.2,721.7,FALSE
1206324,"bc77115",177,"Film - BW",1977,10000,153,2286,1510.9,721.7,FALSE
1206325,"bc77115",178,"Film - BW",1977,10000,153,2286,1568.6,721.7,FALSE
1206326,"bc77115",179,"Film - BW",1977,10000,153,2286,1591.3,722.4,FALSE
1206327,"bc77115",180,"Film - BW",1977,10000,153,2286,1559.1,721.3,FALSE
1206328,"bc77115",181,"Film - BW",1977,10000,153,2286,1477,721.3,FALSE
1206329,"bc77115",182,"Film - BW",1977,10000,153,2286,1351.6,724.5,FALSE
1206330,"bc77115",183,"Film - BW",1977,10000,153,2286,1579.4,575.7,FALSE
1206331,"bc77115",184,"Film - BW",1977,10000,153,2286,1461.8,575.6,FALSE
1206332,"bc77115",185,"Film - BW",1977,10000,153,2286,1352.9,575.6,FALSE
1206334,"bc77115",187,"Film - BW",1977,10000,153,2286,1352,575.6,FALSE
1206335,"bc77115",188,"Film - BW",1977,10000,153,2286,1445.5,575.6,FALSE
1206336,"bc77115",189,"Film - BW",1977,10000,153,2286,1558.6,575.5,FALSE
1206337,"bc77115",190,"Film - BW",1977,10000,153,2286,1648.2,575.5,FALSE
1206338,"bc77115",191,"Film - BW",1977,10000,153,2286,1703.8,575.5,FALSE
1206339,"bc77115",192,"Film - BW",1977,10000,153,2286,1724.3,575.5,FALSE
1206340,"bc77115",193,"Film - BW",1977,10000,153,2286,1733.1,575.5,FALSE
1206341,"bc77115",194,"Film - BW",1977,10000,153,2286,1685.8,581.5,FALSE
1206342,"bc77115",195,"Film - BW",1977,10000,153,2286,1616.5,642.8,FALSE
1206343,"bc77115",196,"Film - BW",1977,10000,153,2286,1518.4,642.8,FALSE
1206344,"bc77115",197,"Film - BW",1977,10000,153,2286,1334.8,642.5,FALSE
1206349,"bc77115",202,"Film - BW",1977,10000,153,2286,1371.2,642.5,FALSE
1206350,"bc77115",203,"Film - BW",1977,10000,153,2286,1484.6,642.5,FALSE
1206351,"bc77115",204,"Film - BW",1977,10000,153,2286,1570.7,643.9,FALSE
1206352,"bc77115",205,"Film - BW",1977,10000,153,2286,1603.7,645,FALSE
1206353,"bc77115",206,"Film - BW",1977,10000,153,2286,1531.4,750.1,FALSE
1206354,"bc77115",207,"Film - BW",1977,10000,153,2286,1375.7,750.1,FALSE
1206356,"bc77115",209,"Film - BW",1977,10000,153,2286,1334.6,749,FALSE
1206357,"bc77115",210,"Film - BW",1977,10000,153,2286,1449.3,749,FALSE
1206358,"bc77115",211,"Film - BW",1977,10000,153,2286,1541.6,749,FALSE
1206359,"bc77115",212,"Film - BW",1977,10000,153,2286,1655.2,750.1,FALSE
1206360,"bc77115",213,"Film - BW",1977,10000,153,2286,1743.7,749,FALSE
1206361,"bc77115",214,"Film - BW",1977,10000,153,2286,1767.9,749,FALSE
1206362,"bc77115",215,"Film - BW",1977,10000,153,2286,1658.1,750.1,FALSE
1206363,"bc77115",216,"Film - BW",1977,10000,153,2286,1482.6,750.1,FALSE
1167893,"bc78016",100,"Film - BW",1978,20000,153,3200,1391.4,947.6,FALSE
1167894,"bc78016",101,"Film - BW",1978,20000,153,3200,1462.7,940.4,FALSE
1167895,"bc78016",102,"Film - BW",1978,20000,153,3200,1448.3,940.4,FALSE
1167896,"bc78016",103,"Film - BW",1978,20000,153,3200,1418.1,947.6,FALSE
1167897,"bc78016",104,"Film - BW",1978,20000,153,3200,1329.3,947.6,FALSE
1167905,"bc78016",112,"Film - BW",1978,20000,153,3200,1315.1,896.9,FALSE
1167906,"bc78016",113,"Film - BW",1978,20000,153,3200,1431.2,897,FALSE
1167907,"bc78016",114,"Film - BW",1978,20000,153,3200,1513,897,FALSE
1167908,"bc78016",115,"Film - BW",1978,20000,153,3200,1547.1,889.8,FALSE
1167909,"bc78016",116,"Film - BW",1978,20000,153,3200,1511.4,889.8,FALSE
1167910,"bc78016",117,"Film - BW",1978,20000,153,3200,1444.8,897,FALSE
1167911,"bc78016",118,"Film - BW",1978,20000,153,3200,1325,897,FALSE
1167917,"bc78016",124,"Film - BW",1978,20000,153,3200,1383.8,818.2,FALSE
1167918,"bc78016",125,"Film - BW",1978,20000,153,3200,1503.9,818.1,FALSE
1167919,"bc78016",126,"Film - BW",1978,20000,153,3200,1547.7,818.1,FALSE
1167920,"bc78016",127,"Film - BW",1978,20000,153,3200,1550.5,825.3,FALSE
1167921,"bc78016",128,"Film - BW",1978,20000,153,3200,1495.3,818.1,FALSE
1167922,"bc78016",129,"Film - BW",1978,20000,153,3200,1377,818.1,FALSE
1169627,"bc78022",102,"Film - BW",1978,20000,153,3658,1904.5,805.4,FALSE
1169628,"bc78022",103,"Film - BW",1978,20000,153,3658,1991.8,805.8,FALSE
1169629,"bc78022",104,"Film - BW",1978,20000,153,3658,1973.7,806.9,FALSE
1169630,"bc78022",105,"Film - BW",1978,20000,153,3658,1898.9,741.2,FALSE
1169631,"bc78022",106,"Film - BW",1978,20000,153,3658,1921.9,737.9,FALSE
1169632,"bc78022",107,"Film - BW",1978,20000,153,3658,1924.1,737.9,FALSE
1169633,"bc78022",108,"Film - BW",1978,20000,153,3658,1905.3,739,FALSE
1169634,"bc78022",109,"Film - BW",1978,20000,153,3658,1852.6,737.9,FALSE
1169635,"bc78022",110,"Film - BW",1978,20000,153,3658,1792.8,658,FALSE
1169669,"bc78022",144,"Film - BW",1978,20000,153,3658,1839.3,912.7,FALSE
1169670,"bc78022",145,"Film - BW",1978,20000,153,3658,1915.9,913.5,FALSE
1169671,"bc78022",146,"Film - BW",1978,20000,153,3658,1930.6,972.4,FALSE
1169672,"bc78022",147,"Film - BW",1978,20000,153,3658,1940.8,972.4,FALSE
1169673,"bc78022",148,"Film - BW",1978,20000,153,3658,1940,971.5,FALSE
1169674,"bc78022",149,"Film - BW",1978,20000,153,3658,1947.7,971.5,FALSE
1169675,"bc78022",150,"Film - BW",1978,20000,153,3658,1966.7,978.7,FALSE
1169676,"bc78022",151,"Film - BW",1978,20000,153,3658,1975.2,997.5,FALSE
1169677,"bc78022",152,"Film - BW",1978,20000,153,3658,1965,997.5,FALSE
1169678,"bc78022",153,"Film - BW",1978,20000,153,3658,2004.7,999.3,FALSE
1159160,"bc78025",12,"Film - BW",1978,20000,153,3505,1748,2153.8,FALSE
1159161,"bc78025",13,"Film - BW",1978,20000,153,3505,1933.6,2159.1,FALSE
1159162,"bc78025",14,"Film - BW",1978,20000,153,3505,1633.2,1245.7,FALSE
1159165,"bc78025",17,"Film - BW",1978,20000,153,3505,1687.1,1861.1,FALSE
1159166,"bc78025",18,"Film - BW",1978,20000,153,3505,1885.6,1866.6,FALSE
1159167,"bc78025",19,"Film - BW",1978,20000,153,3505,1924.2,1866.6,FALSE
1159168,"bc78025",20,"Film - BW",1978,20000,153,3505,1882.4,1866.7,FALSE
1159169,"bc78025",21,"Film - BW",1978,20000,153,3505,1715.5,1931.8,FALSE
1178187,"bc78033",195,"Film - BW",1978,10000,153,1676,1541.3,484.7,FALSE
1178188,"bc78033",196,"Film - BW",1978,10000,153,1676,1580.9,481,FALSE
1178189,"bc78033",197,"Film - BW",1978,10000,153,1676,1587.3,481,FALSE
1178190,"bc78033",198,"Film - BW",1978,10000,153,1676,1561.8,479.9,FALSE
1178191,"bc78033",199,"Film - BW",1978,10000,153,1676,1502.6,479.9,FALSE
1178192,"bc78033",200,"Film - BW",1978,10000,153,1676,1405.9,445.1,FALSE
1178193,"bc78033",201,"Film - BW",1978,10000,153,1676,1303.9,443.9,FALSE
1178194,"bc78033",202,"Film - BW",1978,10000,153,1676,1210.8,443.9,FALSE
1178195,"bc78033",203,"Film - BW",1978,10000,153,1676,1121.3,444,FALSE
1178196,"bc78033",204,"Film - BW",1978,10000,153,1676,1040.2,444,FALSE
1178197,"bc78033",205,"Film - BW",1978,10000,153,1676,966.9,380.6,FALSE
1178198,"bc78033",206,"Film - BW",1978,10000,153,1676,913.3,380.6,FALSE
1178199,"bc78033",207,"Film - BW",1978,10000,153,1676,867.6,381.5,FALSE
1178200,"bc78033",208,"Film - BW",1978,10000,153,1676,936,272.6,FALSE
1178201,"bc78033",209,"Film - BW",1978,10000,153,1676,926.2,272.6,FALSE
1178202,"bc78033",210,"Film - BW",1978,10000,153,1676,914.8,273.2,FALSE
1178203,"bc78033",211,"Film - BW",1978,10000,153,1676,902,476.7,FALSE
1178204,"bc78033",212,"Film - BW",1978,10000,153,1676,903,476.6,FALSE
1178205,"bc78033",213,"Film - BW",1978,10000,153,1676,922.8,470.7,FALSE
1178206,"bc78033",214,"Film - BW",1978,10000,153,1676,957.5,470.7,FALSE
1178207,"bc78033",215,"Film - BW",1978,10000,153,1676,1002,419.6,FALSE
1178208,"bc78033",216,"Film - BW",1978,10000,153,1676,1036.3,419.6,FALSE
1178209,"bc78033",217,"Film - BW",1978,10000,153,1676,1069.8,417.4,FALSE
1178210,"bc78033",218,"Film - BW",1978,10000,153,1676,1099.7,416.7,FALSE
1178211,"bc78033",219,"Film - BW",1978,10000,153,1676,1132.3,416.7,FALSE
1178212,"bc78033",220,"Film - BW",1978,10000,153,1676,1167,416.7,FALSE
1178213,"bc78033",221,"Film - BW",1978,10000,153,1676,1238.8,514.3,FALSE
1178214,"bc78033",222,"Film - BW",1978,10000,153,1676,1312.4,514.3,FALSE
1178215,"bc78033",223,"Film - BW",1978,10000,153,1676,1382.2,513.7,FALSE
1178216,"bc78033",224,"Film - BW",1978,10000,153,1676,1423.2,513.7,FALSE
1173928,"bc78050",70,"Film - BW",1978,10000,153,2012,1101.8,943.9,FALSE
1171807,"bc78052",1,"Film - BW",1978,10000,305,2438,590.3,1109,FALSE
1171808,"bc78052",2,"Film - BW",1978,10000,305,2438,677.9,1101.8,FALSE
1171809,"bc78052",3,"Film - BW",1978,10000,305,2438,702.6,1101.8,FALSE
1171810,"bc78052",4,"Film - BW",1978,10000,305,2438,666.6,1101.8,FALSE
1171811,"bc78052",5,"Film - BW",1978,10000,305,2438,663.1,929.4,FALSE
1171812,"bc78052",6,"Film - BW",1978,10000,305,2438,646.2,929.4,FALSE
1171813,"bc78052",7,"Film - BW",1978,10000,305,2438,640.9,922.2,FALSE
1171814,"bc78052",8,"Film - BW",1978,10000,305,2438,639.3,922.2,FALSE
1171815,"bc78052",9,"Film - BW",1978,10000,305,2438,709.2,929.5,FALSE
1171816,"bc78052",10,"Film - BW",1978,10000,305,2438,782.4,929.6,FALSE
1171817,"bc78052",11,"Film - BW",1978,10000,305,2438,852,1577.7,FALSE
1171818,"bc78052",12,"Film - BW",1978,10000,305,2438,635.4,1177.6,FALSE
1171819,"bc78052",13,"Film - BW",1978,10000,305,2438,624.7,1177.6,FALSE
1171820,"bc78052",14,"Film - BW",1978,10000,305,2438,638.5,1177.4,FALSE
1171821,"bc78052",15,"Film - BW",1978,10000,305,2438,725.8,1087.8,FALSE
1171822,"bc78052",16,"Film - BW",1978,10000,305,2438,823.3,1087.7,FALSE
1171823,"bc78052",17,"Film - BW",1978,10000,305,2438,834.8,1080.5,FALSE
1171824,"bc78052",18,"Film - BW",1978,10000,305,2438,733.2,1080.5,FALSE
1171825,"bc78052",19,"Film - BW",1978,10000,305,2438,636.2,1087.7,FALSE
1171826,"bc78052",20,"Film - BW",1978,10000,305,2438,618.9,1073.6,FALSE
1171827,"bc78052",21,"Film - BW",1978,10000,305,2438,712.3,1066.4,FALSE
1171828,"bc78052",22,"Film - BW",1978,10000,305,2438,967.9,1066.4,FALSE
1171830,"bc78052",24,"Film - BW",1978,10000,305,2591,904.8,1478.7,FALSE
1171831,"bc78052",25,"Film - BW",1978,10000,305,2591,1087.1,816.7,FALSE
1171832,"bc78052",26,"Film - BW",1978,10000,305,2591,1121.4,816.7,FALSE
1171833,"bc78052",27,"Film - BW",1978,10000,305,2591,1137.7,818.3,FALSE
1171834,"bc78052",28,"Film - BW",1978,10000,305,2591,1200.6,819.2,FALSE
1171835,"bc78052",29,"Film - BW",1978,10000,305,2591,1297.7,814.1,FALSE
1171836,"bc78052",30,"Film - BW",1978,10000,305,2591,1317.6,788.1,FALSE
1171837,"bc78052",31,"Film - BW",1978,10000,305,2591,1275,783.7,FALSE
1171838,"bc78052",32,"Film - BW",1978,10000,305,2591,1220.1,780.3,FALSE
1171839,"bc78052",33,"Film - BW",1978,10000,305,2591,1177.8,780.3,FALSE
1171840,"bc78052",34,"Film - BW",1978,10000,305,2591,1155.6,783.8,FALSE
1171841,"bc78052",35,"Film - BW",1978,10000,305,2591,1119.6,771.6,FALSE
1171842,"bc78052",36,"Film - BW",1978,10000,305,2591,1094.3,771.6,FALSE
1171843,"bc78052",37,"Film - BW",1978,10000,305,2591,1168.9,772.6,FALSE
1171844,"bc78052",38,"Film - BW",1978,10000,305,2591,1085.5,684.5,FALSE
1171845,"bc78052",39,"Film - BW",1978,10000,305,2591,1152.1,684.5,FALSE
1171846,"bc78052",40,"Film - BW",1978,10000,305,2591,1287.5,689.4,FALSE
1171847,"bc78052",41,"Film - BW",1978,10000,305,2591,1361.1,823.8,FALSE
1171848,"bc78052",42,"Film - BW",1978,10000,305,2591,1340.7,822.8,FALSE
1171849,"bc78052",43,"Film - BW",1978,10000,305,2591,1274,822.8,FALSE
1171850,"bc78052",44,"Film - BW",1978,10000,305,2591,1211.3,822.8,FALSE
1171851,"bc78052",45,"Film - BW",1978,10000,305,2591,1143.1,829.6,FALSE
1171852,"bc78052",46,"Film - BW",1978,10000,305,2591,1089.3,947.4,FALSE
1171853,"bc78052",47,"Film - BW",1978,10000,305,2591,1077.9,950.7,FALSE
1171854,"bc78052",48,"Film - BW",1978,10000,305,2591,1034.7,946.3,FALSE
1171855,"bc78052",49,"Film - BW",1978,10000,305,2591,950.8,946.3,FALSE
1171856,"bc78052",50,"Film - BW",1978,10000,305,2591,908,953.2,FALSE
1171857,"bc78052",51,"Film - BW",1978,10000,305,2591,756.3,1191.7,FALSE
1171859,"bc78052",53,"Film - BW",1978,10000,305,2591,1121,1105.4,FALSE
1171860,"bc78052",54,"Film - BW",1978,10000,305,2591,1077.1,1099.9,FALSE
1171861,"bc78052",55,"Film - BW",1978,10000,305,2591,1094.9,906.6,FALSE
1171862,"bc78052",56,"Film - BW",1978,10000,305,2591,1031.7,904,FALSE
1171863,"bc78052",57,"Film - BW",1978,10000,305,2591,990.6,904,FALSE
1171864,"bc78052",58,"Film - BW",1978,10000,305,2591,986.8,904.1,FALSE
1171865,"bc78052",59,"Film - BW",1978,10000,305,2591,1107.8,908.8,FALSE
1171866,"bc78052",60,"Film - BW",1978,10000,305,2591,1079.2,973.8,FALSE
1171867,"bc78052",61,"Film - BW",1978,10000,305,2591,965.5,969.5,FALSE
1171868,"bc78052",62,"Film - BW",1978,10000,305,2591,971.5,969.5,FALSE
1171869,"bc78052",63,"Film - BW",1978,10000,305,2591,1033,968.6,FALSE
1171870,"bc78052",64,"Film - BW",1978,10000,305,2591,1079,968.6,FALSE
1171871,"bc78052",65,"Film - BW",1978,10000,305,2591,1112,831.1,FALSE
1171872,"bc78052",66,"Film - BW",1978,10000,305,2591,1128.2,827.9,FALSE
1171873,"bc78052",67,"Film - BW",1978,10000,305,2591,1115.6,827.9,FALSE
1171874,"bc78052",68,"Film - BW",1978,10000,305,2591,1088.3,827.9,FALSE
1171875,"bc78052",69,"Film - BW",1978,10000,305,2591,1015.5,827.9,FALSE
1171876,"bc78052",70,"Film - BW",1978,10000,305,2591,904.8,830,FALSE
1171877,"bc78052",71,"Film - BW",1978,10000,305,2591,842.7,888.4,FALSE
1171878,"bc78052",72,"Film - BW",1978,10000,305,2591,870.1,888.4,FALSE
1171879,"bc78052",73,"Film - BW",1978,10000,305,2591,881.3,887.7,FALSE
1171880,"bc78052",74,"Film - BW",1978,10000,305,2591,885.2,887.7,FALSE
1171881,"bc78052",75,"Film - BW",1978,10000,305,2591,878.2,888.4,FALSE
1171882,"bc78052",76,"Film - BW",1978,10000,305,2591,1022.5,1190.4,FALSE
1171883,"bc78052",77,"Film - BW",1978,10000,305,2591,911,963.1,FALSE
1171884,"bc78052",78,"Film - BW",1978,10000,305,2591,849.9,960,FALSE
1171885,"bc78052",79,"Film - BW",1978,10000,305,2591,922.7,960,FALSE
1171886,"bc78052",80,"Film - BW",1978,10000,305,2591,972.6,964.1,FALSE
1171887,"bc78052",81,"Film - BW",1978,10000,305,2591,939.6,1084.3,FALSE
1171888,"bc78052",82,"Film - BW",1978,10000,305,2591,1005.6,1084.3,FALSE
1171889,"bc78052",83,"Film - BW",1978,10000,305,2591,1016.7,1084.3,FALSE
1171890,"bc78052",84,"Film - BW",1978,10000,305,2591,968.8,1086.3,FALSE
1171891,"bc78052",85,"Film - BW",1978,10000,305,2591,959.6,867.7,FALSE
1171892,"bc78052",86,"Film - BW",1978,10000,305,2591,934.6,867.7,FALSE
1171893,"bc78052",87,"Film - BW",1978,10000,305,2591,977.8,867.7,FALSE
1171894,"bc78052",88,"Film - BW",1978,10000,305,2591,1091.3,866.6,FALSE
1171895,"bc78052",89,"Film - BW",1978,10000,305,2591,1159.3,866.6,FALSE
1171896,"bc78052",90,"Film - BW",1978,10000,305,2591,1215,869.4,FALSE
1171897,"bc78052",91,"Film - BW",1978,10000,305,2591,1257,1063.8,FALSE
1178398,"bc78059",12,"Film - BW",1978,12000,305,3810,1641.8,511.8,FALSE
1178399,"bc78059",13,"Film - BW",1978,12000,305,3810,1814.4,511.8,FALSE
1178400,"bc78059",14,"Film - BW",1978,12000,305,3810,1975.1,518.4,FALSE
1178401,"bc78059",15,"Film - BW",1978,12000,305,3810,1720.9,472,FALSE
1178402,"bc78059",16,"Film - BW",1978,12000,305,3810,1838,472,FALSE
1178403,"bc78059",17,"Film - BW",1978,12000,305,3810,1896.4,466.7,FALSE
1178404,"bc78059",18,"Film - BW",1978,12000,305,3810,1906.1,466.7,FALSE
1178405,"bc78059",19,"Film - BW",1978,12000,305,3810,1897.9,471.9,FALSE
1178406,"bc78059",20,"Film - BW",1978,12000,305,3810,1902.9,471.9,FALSE
1178407,"bc78059",21,"Film - BW",1978,12000,305,3810,1959.2,471.9,FALSE
1178408,"bc78059",22,"Film - BW",1978,12000,305,3810,2049.7,471.9,FALSE
1178409,"bc78059",23,"Film - BW",1978,12000,305,3810,2133.1,466.6,FALSE
1178410,"bc78059",24,"Film - BW",1978,12000,305,3810,2212.2,466.6,FALSE
1178411,"bc78059",25,"Film - BW",1978,12000,305,3810,2229.4,476.9,FALSE
1178412,"bc78059",26,"Film - BW",1978,12000,305,3810,2120.2,476.9,FALSE
1178413,"bc78059",27,"Film - BW",1978,12000,305,3810,1927.5,476.9,FALSE
1178414,"bc78059",28,"Film - BW",1978,12000,305,3810,1687.6,476.9,FALSE
1178440,"bc78059",54,"Film - BW",1978,12000,305,3810,1603.3,389.3,FALSE
1178441,"bc78059",55,"Film - BW",1978,12000,305,3810,1719,389.3,FALSE
1178442,"bc78059",56,"Film - BW",1978,12000,305,3810,1798.1,394.1,FALSE
1178443,"bc78059",57,"Film - BW",1978,12000,305,3810,1842.6,389.3,FALSE
1178444,"bc78059",58,"Film - BW",1978,12000,305,3810,1844.5,389.3,FALSE
1178445,"bc78059",59,"Film - BW",1978,12000,305,3810,1789.9,394.1,FALSE
1178446,"bc78059",60,"Film - BW",1978,12000,305,3810,1704.5,389.3,FALSE
1178447,"bc78059",61,"Film - BW",1978,12000,305,3810,1624.5,389.3,FALSE
1178448,"bc78059",62,"Film - BW",1978,12000,305,3810,1563.2,394.1,FALSE
1178449,"bc78059",63,"Film - BW",1978,12000,305,3810,1524.8,390.2,FALSE
1178464,"bc78059",78,"Film - BW",1978,12000,305,3810,1524,378.5,FALSE
1178465,"bc78059",79,"Film - BW",1978,12000,305,3810,1554.1,378.5,FALSE
1178466,"bc78059",80,"Film - BW",1978,12000,305,3810,1586.3,379.1,FALSE
1178467,"bc78059",81,"Film - BW",1978,12000,305,3810,1624.7,384.4,FALSE
1178468,"bc78059",82,"Film - BW",1978,12000,305,3810,1673.2,334.5,FALSE
1178469,"bc78059",83,"Film - BW",1978,12000,305,3810,1717.4,334.5,FALSE
1178470,"bc78059",84,"Film - BW",1978,12000,305,3810,1756.9,334.5,FALSE
1178471,"bc78059",85,"Film - BW",1978,12000,305,3810,1785.1,334.5,FALSE
1178472,"bc78059",86,"Film - BW",1978,12000,305,3810,1801,335.1,FALSE
1178473,"bc78059",87,"Film - BW",1978,12000,305,3810,1812.4,335.1,FALSE
1178474,"bc78059",88,"Film - BW",1978,12000,305,3810,1816.3,335.1,FALSE
1178475,"bc78059",89,"Film - BW",1978,12000,305,3810,1808.3,335.1,FALSE
1178476,"bc78059",90,"Film - BW",1978,12000,305,3810,1792.6,335.1,FALSE
1178477,"bc78059",91,"Film - BW",1978,12000,305,3810,1774.1,335.2,FALSE
1178478,"bc78059",92,"Film - BW",1978,12000,305,3810,1755.6,335.2,FALSE
1178479,"bc78059",93,"Film - BW",1978,12000,305,3810,1738.7,335.2,FALSE
1178480,"bc78059",94,"Film - BW",1978,12000,305,3810,1722,335.2,FALSE
1178481,"bc78059",95,"Film - BW",1978,12000,305,3810,1703.4,335.2,FALSE
1178482,"bc78059",96,"Film - BW",1978,12000,305,3810,1682.8,335.2,FALSE
1178483,"bc78059",97,"Film - BW",1978,12000,305,3810,1658.3,341,FALSE
1178484,"bc78059",98,"Film - BW",1978,12000,305,3810,1628.9,346.8,FALSE
1167206,"bc78077",65,"Film - BW",1978,10000,305,3200,1320.4,664.4,FALSE
1167207,"bc78077",66,"Film - BW",1978,10000,305,3200,1296.2,664.4,FALSE
1178811,"bc78104",81,"Film - BW",1978,20000,153,2438,549.5,928.2,FALSE
1178812,"bc78104",82,"Film - BW",1978,20000,153,2438,558.9,785.8,FALSE
1178813,"bc78104",83,"Film - BW",1978,20000,153,2438,540.8,784.6,FALSE
1178831,"bc78104",101,"Film - BW",1978,20000,153,2438,554.5,836.8,FALSE
1178832,"bc78104",102,"Film - BW",1978,20000,153,2438,583.7,836.9,FALSE
1178833,"bc78104",103,"Film - BW",1978,20000,153,2438,605.7,836.9,FALSE
1178834,"bc78104",104,"Film - BW",1978,20000,153,2438,620.3,837.9,FALSE
1178835,"bc78104",105,"Film - BW",1978,20000,153,2438,621.2,781.3,FALSE
1178836,"bc78104",106,"Film - BW",1978,20000,153,2438,617.8,781.3,FALSE
1178837,"bc78104",107,"Film - BW",1978,20000,153,2438,566,840.1,FALSE
1178838,"bc78104",108,"Film - BW",1978,20000,153,2438,580.9,839.1,FALSE
1178839,"bc78104",109,"Film - BW",1978,20000,153,2438,599.1,837.9,FALSE
1178840,"bc78104",110,"Film - BW",1978,20000,153,2438,617.3,837.9,FALSE
1178841,"bc78104",111,"Film - BW",1978,20000,153,2438,637.3,847.8,FALSE
1178842,"bc78104",112,"Film - BW",1978,20000,153,2438,651.5,847.9,FALSE
1178843,"bc78104",113,"Film - BW",1978,20000,153,2438,653.5,846.8,FALSE
1178844,"bc78104",114,"Film - BW",1978,20000,153,2438,638.3,846.8,FALSE
1178845,"bc78104",115,"Film - BW",1978,20000,153,2438,621.9,799,FALSE
1178846,"bc78104",116,"Film - BW",1978,20000,153,2438,593.9,795.8,FALSE
1178847,"bc78104",117,"Film - BW",1978,20000,153,2438,564,795.8,FALSE
1178848,"bc78104",118,"Film - BW",1978,20000,153,2438,535.9,795.7,FALSE
1178856,"bc78104",126,"Film - BW",1978,20000,153,2438,594.2,620.1,FALSE
1178857,"bc78104",127,"Film - BW",1978,20000,153,2438,580.3,838,FALSE
1178858,"bc78104",128,"Film - BW",1978,20000,153,2438,556.7,838.1,FALSE
1178859,"bc78104",129,"Film - BW",1978,20000,153,2438,546.6,838.1,FALSE
1178860,"bc78104",130,"Film - BW",1978,20000,153,2438,544.2,838,FALSE
1178861,"bc78104",131,"Film - BW",1978,20000,153,2438,548.8,836.5,FALSE
1178862,"bc78104",132,"Film - BW",1978,20000,153,2438,559.6,836.5,FALSE
1178863,"bc78104",133,"Film - BW",1978,20000,153,2438,587.1,836.5,FALSE
1178864,"bc78104",134,"Film - BW",1978,20000,153,2438,621.5,837.9,FALSE
1178865,"bc78104",135,"Film - BW",1978,20000,153,2438,647.3,819.1,FALSE
1178866,"bc78104",136,"Film - BW",1978,20000,153,2438,655.1,819.1,FALSE
1178867,"bc78104",137,"Film - BW",1978,20000,153,2438,653.5,819.1,FALSE
1178868,"bc78104",138,"Film - BW",1978,20000,153,2438,652,819.1,FALSE
1178869,"bc78104",139,"Film - BW",1978,20000,153,2438,639.5,819.1,FALSE
1178870,"bc78104",140,"Film - BW",1978,20000,153,2438,625.6,819.1,FALSE
1178871,"bc78104",141,"Film - BW",1978,20000,153,2438,611.8,819.1,FALSE
1178872,"bc78104",142,"Film - BW",1978,20000,153,2438,608,819.1,FALSE
1178873,"bc78104",143,"Film - BW",1978,20000,153,2438,603.1,819.1,FALSE
1178874,"bc78104",144,"Film - BW",1978,20000,153,2438,595.4,820.1,FALSE
1178875,"bc78104",145,"Film - BW",1978,20000,153,2438,607.3,825.6,FALSE
1178876,"bc78104",146,"Film - BW",1978,20000,153,2438,648.8,811.2,FALSE
1178877,"bc78104",147,"Film - BW",1978,20000,153,2438,629.6,807.9,FALSE
1178878,"bc78104",148,"Film - BW",1978,20000,153,2438,615.4,807.9,FALSE
1178879,"bc78104",149,"Film - BW",1978,20000,153,2438,622.3,807.9,FALSE
1178880,"bc78104",150,"Film - BW",1978,20000,153,2438,628,807.9,FALSE
1178881,"bc78104",151,"Film - BW",1978,20000,153,2438,651,849.9,FALSE
1178882,"bc78104",152,"Film - BW",1978,20000,153,2438,670.3,849.9,FALSE
1178883,"bc78104",153,"Film - BW",1978,20000,153,2438,684.9,851,FALSE
1178884,"bc78104",154,"Film - BW",1978,20000,153,2438,692.6,851,FALSE
1178885,"bc78104",155,"Film - BW",1978,20000,153,2438,683.8,851,FALSE
1178886,"bc78104",156,"Film - BW",1978,20000,153,2438,648.7,872.5,FALSE
1178887,"bc78104",157,"Film - BW",1978,20000,153,2438,611.9,871.4,FALSE
1178888,"bc78104",158,"Film - BW",1978,20000,153,2438,604.7,871.4,FALSE
1178889,"bc78104",159,"Film - BW",1978,20000,153,2438,614.2,872.4,FALSE
1178890,"bc78104",160,"Film - BW",1978,20000,153,2438,623.5,798.2,FALSE
1178891,"bc78104",161,"Film - BW",1978,20000,153,2438,648.2,796.3,FALSE
1178892,"bc78104",162,"Film - BW",1978,20000,153,2438,691.3,796.3,FALSE
1178893,"bc78104",163,"Film - BW",1978,20000,153,2438,724.6,795.4,FALSE
1178894,"bc78104",164,"Film - BW",1978,20000,153,2438,807.3,795.4,FALSE
1178895,"bc78104",165,"Film - BW",1978,20000,153,2438,743.2,1001.3,FALSE
1178896,"bc78104",166,"Film - BW",1978,20000,153,2438,693.3,1001.3,FALSE
1178897,"bc78104",167,"Film - BW",1978,20000,153,2438,671.3,1001.3,FALSE
1178898,"bc78104",168,"Film - BW",1978,20000,153,2438,662.5,1001.3,FALSE
1178899,"bc78104",169,"Film - BW",1978,20000,153,2438,685.1,1001.3,FALSE
1178900,"bc78104",170,"Film - BW",1978,20000,153,2438,735,1001.2,FALSE
1178901,"bc78104",171,"Film - BW",1978,20000,153,2438,758.4,1001.2,FALSE
1178902,"bc78104",172,"Film - BW",1978,20000,153,2438,741.4,1001.2,FALSE
1178903,"bc78104",173,"Film - BW",1978,20000,153,2438,708.8,1001.2,FALSE
1178904,"bc78104",174,"Film - BW",1978,20000,153,2438,669.7,1002.3,FALSE
1178905,"bc78104",175,"Film - BW",1978,20000,153,2438,656.8,1004.8,FALSE
1178906,"bc78104",176,"Film - BW",1978,20000,153,2438,662.9,1003.6,FALSE
1178907,"bc78104",177,"Film - BW",1978,20000,153,2438,691.4,1003.6,FALSE
1178908,"bc78104",178,"Film - BW",1978,20000,153,2438,730.3,1003.6,FALSE
1178909,"bc78104",179,"Film - BW",1978,20000,153,2438,770.9,1003.6,FALSE
1178910,"bc78104",180,"Film - BW",1978,20000,153,2438,825.2,1005.7,FALSE
1178911,"bc78104",181,"Film - BW",1978,20000,153,2438,855.7,774.6,FALSE
1178912,"bc78104",182,"Film - BW",1978,20000,153,2438,804.9,771.2,FALSE
1178913,"bc78104",183,"Film - BW",1978,20000,153,2438,751.5,771.2,FALSE
1178914,"bc78104",184,"Film - BW",1978,20000,153,2438,708.3,770.1,FALSE
1178915,"bc78104",185,"Film - BW",1978,20000,153,2438,692.3,770.1,FALSE
1178916,"bc78104",186,"Film - BW",1978,20000,153,2438,686.4,979,FALSE
1178917,"bc78104",187,"Film - BW",1978,20000,153,2438,733,977.9,FALSE
1178918,"bc78104",188,"Film - BW",1978,20000,153,2438,781.9,977.9,FALSE
1178919,"bc78104",189,"Film - BW",1978,20000,153,2438,822.5,979,FALSE
1178920,"bc78104",190,"Film - BW",1978,20000,153,2438,815.6,933,FALSE
1178921,"bc78104",191,"Film - BW",1978,20000,153,2438,851.8,806.8,FALSE
1178922,"bc78104",192,"Film - BW",1978,20000,153,2438,890.2,805.7,FALSE
1178923,"bc78104",193,"Film - BW",1978,20000,153,2438,888.5,805.7,FALSE
1178924,"bc78104",194,"Film - BW",1978,20000,153,2438,848.6,806.8,FALSE
1178925,"bc78104",195,"Film - BW",1978,20000,153,2438,799.1,805.7,FALSE
1178926,"bc78104",196,"Film - BW",1978,20000,153,2438,748.8,805.7,FALSE
1178927,"bc78104",197,"Film - BW",1978,20000,153,2438,729.8,806.8,FALSE
1178928,"bc78104",198,"Film - BW",1978,20000,153,2438,744.9,806.8,FALSE
1178929,"bc78104",199,"Film - BW",1978,20000,153,2438,779.9,805.6,FALSE
1178930,"bc78104",200,"Film - BW",1978,20000,153,2438,849.1,762.6,FALSE
1178931,"bc78104",201,"Film - BW",1978,20000,153,2438,915,762.6,FALSE
1178932,"bc78104",202,"Film - BW",1978,20000,153,2438,1052.7,836.5,FALSE
1178933,"bc78104",203,"Film - BW",1978,20000,153,2438,972.2,835.4,FALSE
1178934,"bc78104",204,"Film - BW",1978,20000,153,2438,877.8,834.8,FALSE
1178935,"bc78104",205,"Film - BW",1978,20000,153,2438,819.8,834.8,FALSE
1178936,"bc78104",206,"Film - BW",1978,20000,153,2438,796.4,892.4,FALSE
1178937,"bc78104",207,"Film - BW",1978,20000,153,2438,814.7,892.4,FALSE
1178938,"bc78104",208,"Film - BW",1978,20000,153,2438,874.9,892.4,FALSE
1178939,"bc78104",209,"Film - BW",1978,20000,153,2438,928.8,892.4,FALSE
1178940,"bc78104",210,"Film - BW",1978,20000,153,2438,954.4,892.6,FALSE
1175150,"bc78107",169,"Film - BW",1978,40000,305,7925,1057.2,3207.4,FALSE
1175151,"bc78107",170,"Film - BW",1978,40000,305,7925,1078.5,3207.4,FALSE
1175152,"bc78107",171,"Film - BW",1978,40000,305,7925,1097.6,3200,FALSE
1175153,"bc78107",172,"Film - BW",1978,40000,305,7925,1065.7,3200,FALSE
1175154,"bc78107",173,"Film - BW",1978,40000,305,7925,1052.7,3207.3,FALSE
1175155,"bc78107",174,"Film - BW",1978,40000,305,7925,1083.4,3199.9,FALSE
1175156,"bc78107",175,"Film - BW",1978,40000,305,7925,1006.4,3199.9,FALSE
1175157,"bc78107",176,"Film - BW",1978,40000,305,7925,818.9,3207.2,FALSE
1175158,"bc78107",177,"Film - BW",1978,40000,305,7925,743.6,3207.2,FALSE
1175159,"bc78107",178,"Film - BW",1978,40000,305,7925,754,3199.8,FALSE
1175160,"bc78107",179,"Film - BW",1978,40000,305,7925,880.7,3199.8,FALSE
1175161,"bc78107",180,"Film - BW",1978,40000,305,7925,929.8,3214.4,FALSE
1175162,"bc78107",181,"Film - BW",1978,40000,305,7925,968.4,3522,FALSE
1175163,"bc78107",182,"Film - BW",1978,40000,305,7925,937.9,3522,FALSE
1175164,"bc78107",183,"Film - BW",1978,40000,305,7925,882.7,3522,FALSE
1175165,"bc78107",184,"Film - BW",1978,40000,305,7925,955.4,3522,FALSE
1175166,"bc78107",185,"Film - BW",1978,40000,305,7925,1093.1,3522,FALSE
1175167,"bc78107",186,"Film - BW",1978,40000,305,7925,1287.7,3522,FALSE
1175168,"bc78107",187,"Film - BW",1978,40000,305,7925,1449.8,3522.1,FALSE
1175169,"bc78107",188,"Film - BW",1978,40000,305,7925,1624.9,3522.1,FALSE
1175170,"bc78107",189,"Film - BW",1978,40000,305,7925,1785.8,3522.1,FALSE
1175171,"bc78107",190,"Film - BW",1978,40000,305,7925,1730.6,3128.3,FALSE
1175172,"bc78107",191,"Film - BW",1978,40000,305,7925,1636.4,3120.8,FALSE
1175173,"bc78107",192,"Film - BW",1978,40000,305,7925,1576.9,3120.8,FALSE
1175174,"bc78107",193,"Film - BW",1978,40000,305,7925,1551.4,3127.9,FALSE
1175175,"bc78107",194,"Film - BW",1978,40000,305,7925,1545.8,3120.6,FALSE
1175176,"bc78107",195,"Film - BW",1978,40000,305,7925,1506.7,3120.6,FALSE
1175177,"bc78107",196,"Film - BW",1978,40000,305,7925,1448.1,3419.7,FALSE
1175178,"bc78107",197,"Film - BW",1978,40000,305,7925,1410.3,3412.6,FALSE
1175179,"bc78107",198,"Film - BW",1978,40000,305,7925,1227.9,3412.6,FALSE
1175180,"bc78107",199,"Film - BW",1978,40000,305,7925,943.1,3412.8,FALSE
1175181,"bc78107",200,"Film - BW",1978,40000,305,7925,639.4,2819.1,FALSE
1175182,"bc78107",201,"Film - BW",1978,40000,305,7925,585,2819.1,FALSE
1175183,"bc78107",202,"Film - BW",1978,40000,305,7925,654.1,2819,FALSE
1175184,"bc78107",203,"Film - BW",1978,40000,305,7925,983.4,2819,FALSE
1175185,"bc78107",204,"Film - BW",1978,40000,305,7925,1252.4,2819,FALSE
1175186,"bc78107",205,"Film - BW",1978,40000,305,7925,1503,2819,FALSE
1175187,"bc78107",206,"Film - BW",1978,40000,305,7925,1507.8,3529.3,FALSE
1175188,"bc78107",207,"Film - BW",1978,40000,305,7925,1338.2,3529.4,FALSE
1175189,"bc78107",208,"Film - BW",1978,40000,305,7925,1144.5,3529.4,FALSE
1175190,"bc78107",209,"Film - BW",1978,40000,305,7925,1227.7,3529.5,FALSE
1175191,"bc78107",210,"Film - BW",1978,40000,305,7925,1384.7,3529.5,FALSE
1175192,"bc78107",211,"Film - BW",1978,40000,305,7925,1435.9,3529.6,FALSE
1175193,"bc78107",212,"Film - BW",1978,40000,305,7925,1367,2696.7,FALSE
1175194,"bc78107",213,"Film - BW",1978,40000,305,7925,1405,2666.7,FALSE
1175195,"bc78107",214,"Film - BW",1978,40000,305,7925,1445.3,2666.7,FALSE
1175196,"bc78107",215,"Film - BW",1978,40000,305,7925,1445.9,2666.7,FALSE
1175197,"bc78107",216,"Film - BW",1978,40000,305,7925,1446.7,3364.5,FALSE
1175198,"bc78107",217,"Film - BW",1978,40000,305,7925,1349.3,2695.4,FALSE
1175199,"bc78107",218,"Film - BW",1978,40000,305,7925,1291.3,2695.4,FALSE
1175200,"bc78107",219,"Film - BW",1978,40000,305,7925,1244.4,2707.7,FALSE
1175201,"bc78107",220,"Film - BW",1978,40000,305,7925,1173,2707.7,FALSE
1175202,"bc78107",221,"Film - BW",1978,40000,305,7925,1171.4,2707.5,FALSE
1175203,"bc78107",222,"Film - BW",1978,40000,305,7925,1149.5,2707.5,FALSE
1175204,"bc78107",223,"Film - BW",1978,40000,305,7925,1142,2707.4,FALSE
1175205,"bc78107",224,"Film - BW",1978,40000,305,7925,1234.1,2707.4,FALSE
1175206,"bc78107",225,"Film - BW",1978,40000,305,7925,1348.3,2714.6,FALSE
1175207,"bc78107",226,"Film - BW",1978,40000,305,7925,1531.7,2844.7,FALSE
1175208,"bc78107",227,"Film - BW",1978,40000,305,7925,1559.8,2844.7,FALSE
1175209,"bc78107",228,"Film - BW",1978,40000,305,7925,1311.2,2852,FALSE
1175210,"bc78107",229,"Film - BW",1978,40000,305,7925,1035,2852,FALSE
1175211,"bc78107",230,"Film - BW",1978,40000,305,7925,732.7,2793.6,FALSE
1175212,"bc78107",231,"Film - BW",1978,40000,305,7925,633.7,2786.3,FALSE
1175213,"bc78107",232,"Film - BW",1978,40000,305,7925,589.5,2786.3,FALSE
1175214,"bc78107",233,"Film - BW",1978,40000,305,7925,644,2786.3,FALSE
1175215,"bc78107",234,"Film - BW",1978,40000,305,7925,883.5,2786.3,FALSE
1175216,"bc78107",235,"Film - BW",1978,40000,305,7925,1153.9,2486.6,FALSE
1175217,"bc78107",236,"Film - BW",1978,40000,305,7925,1331.3,2479.3,FALSE
1175218,"bc78107",237,"Film - BW",1978,40000,305,7925,1472.5,2479.3,FALSE
1175219,"bc78107",238,"Film - BW",1978,40000,305,7925,1513.4,2479.3,FALSE
1175220,"bc78107",239,"Film - BW",1978,40000,305,7925,1539.4,2479.3,FALSE
1175221,"bc78107",240,"Film - BW",1978,40000,305,7925,1547.7,2296.7,FALSE
1175222,"bc78107",241,"Film - BW",1978,40000,305,7925,1576.5,2296.7,FALSE
1175223,"bc78107",242,"Film - BW",1978,40000,305,7925,1584.7,2289.4,FALSE
1175224,"bc78107",243,"Film - BW",1978,40000,305,7925,1625,2289.4,FALSE
1175225,"bc78107",244,"Film - BW",1978,40000,305,7925,1690.7,2289.5,FALSE
1175226,"bc78107",245,"Film - BW",1978,40000,305,7925,1760.8,2289.5,FALSE
1175227,"bc78107",246,"Film - BW",1978,40000,305,7925,1797.7,2707.1,FALSE
1175228,"bc78107",247,"Film - BW",1978,40000,305,7925,1762,2699.7,FALSE
1175229,"bc78107",248,"Film - BW",1978,40000,305,7925,1728.4,2699.7,FALSE
1175230,"bc78107",249,"Film - BW",1978,40000,305,7925,1603.6,2699.5,FALSE
1175231,"bc78107",250,"Film - BW",1978,40000,305,7925,1439,2486.6,FALSE
1175232,"bc78107",251,"Film - BW",1978,40000,305,7925,1185.3,2472,FALSE
1175233,"bc78107",252,"Film - BW",1978,40000,305,7925,1011.6,2472,FALSE
1175234,"bc78107",253,"Film - BW",1978,40000,305,7925,1029.4,2472,FALSE
1175235,"bc78107",254,"Film - BW",1978,40000,305,7925,1146.6,2472.1,FALSE
1175236,"bc78107",255,"Film - BW",1978,40000,305,7925,1271.8,2472.1,FALSE
1175237,"bc78107",256,"Film - BW",1978,40000,305,7925,1308.7,2472.1,FALSE
1175238,"bc78107",257,"Film - BW",1978,40000,305,7925,1260.5,2472.1,FALSE
1175239,"bc78107",258,"Film - BW",1978,40000,305,7925,1151.1,2472.2,FALSE
1175240,"bc78107",259,"Film - BW",1978,40000,305,7925,1068.5,2472.2,FALSE
1175241,"bc78107",260,"Film - BW",1978,40000,305,7925,960.8,2472.2,FALSE
1175242,"bc78107",261,"Film - BW",1978,40000,305,7925,831.2,3139,FALSE
1175243,"bc78107",262,"Film - BW",1978,40000,305,7925,767.5,3139,FALSE
1175244,"bc78107",263,"Film - BW",1978,40000,305,7925,773.5,3146.4,FALSE
1175245,"bc78107",264,"Film - BW",1978,40000,305,7925,904.8,3134,FALSE
1175246,"bc78107",265,"Film - BW",1978,40000,305,7925,787.2,3126.9,FALSE
1175247,"bc78107",266,"Film - BW",1978,40000,305,7925,769.9,3126.9,FALSE
1175248,"bc78107",267,"Film - BW",1978,40000,305,7925,780.1,3134.3,FALSE
1175249,"bc78107",268,"Film - BW",1978,40000,305,7925,826.7,3127.5,FALSE
1175250,"bc78107",269,"Film - BW",1978,40000,305,7925,915.5,3127.5,FALSE
1175251,"bc78107",270,"Film - BW",1978,40000,305,7925,1077.7,2563.5,FALSE
1175252,"bc78107",271,"Film - BW",1978,40000,305,7925,1299.8,2563.3,FALSE
1175253,"bc78107",272,"Film - BW",1978,40000,305,7925,1410.7,2563.2,FALSE
1175254,"bc78107",273,"Film - BW",1978,40000,305,7925,1332.5,2563.2,FALSE
1175255,"bc78107",274,"Film - BW",1978,40000,305,7925,1217.3,2562.9,FALSE
1175256,"bc78107",275,"Film - BW",1978,40000,305,7925,1161.2,2562.9,FALSE
1175257,"bc78107",276,"Film - BW",1978,40000,305,7925,1515.7,5470.7,FALSE
1175258,"bc78107",277,"Film - BW",1978,40000,305,7925,1457.8,3741.8,FALSE
1175259,"bc78107",278,"Film - BW",1978,40000,305,7925,1278.4,3316.3,FALSE
1175260,"bc78107",279,"Film - BW",1978,40000,305,7925,1398.3,3316.3,FALSE
1175261,"bc78107",280,"Film - BW",1978,40000,305,7925,1596.9,3316.3,FALSE
1175262,"bc78107",281,"Film - BW",1978,40000,305,7925,1483.7,3308.9,FALSE
1175263,"bc78107",282,"Film - BW",1978,40000,305,7925,1120.2,3308.9,FALSE
1175264,"bc78107",283,"Film - BW",1978,40000,305,7925,817.6,3316.2,FALSE
1175265,"bc78107",284,"Film - BW",1978,40000,305,7925,849.5,3316.1,FALSE
1175266,"bc78107",285,"Film - BW",1978,40000,305,7925,961.8,3316.1,FALSE
1175267,"bc78107",286,"Film - BW",1978,40000,305,7925,1073.4,3440.7,FALSE
1175268,"bc78107",287,"Film - BW",1978,40000,305,7925,955,3440.5,FALSE
1175269,"bc78107",288,"Film - BW",1978,40000,305,7925,977.2,3440.5,FALSE
1175270,"bc78107",289,"Film - BW",1978,40000,305,7925,1135.3,3440.5,FALSE
1175271,"bc78107",290,"Film - BW",1978,40000,305,7925,1318.1,3447.7,FALSE
1175272,"bc78107",291,"Film - BW",1978,40000,305,7925,1391.4,3535.9,FALSE
1175273,"bc78107",292,"Film - BW",1978,40000,305,7925,1274.6,3535.9,FALSE
1175274,"bc78107",293,"Film - BW",1978,40000,305,7925,1085.9,3536,FALSE
1175275,"bc78107",294,"Film - BW",1978,40000,305,7925,1054.6,3536.2,FALSE
1175276,"bc78107",295,"Film - BW",1978,40000,305,7925,1294.3,3536.2,FALSE
1175277,"bc78107",296,"Film - BW",1978,40000,305,7925,1499.4,3551.3,FALSE
1175278,"bc78107",297,"Film - BW",1978,40000,305,7925,1691.7,3551.3,FALSE
1179322,"bc78128",1,"Film - BW",1978,10000,305,2347,826.8,760.8,FALSE
1179323,"bc78128",2,"Film - BW",1978,10000,305,2347,844.2,759.8,FALSE
1179324,"bc78128",3,"Film - BW",1978,10000,305,2347,867.8,759.8,FALSE
1179325,"bc78128",4,"Film - BW",1978,10000,305,2347,892.6,759.8,FALSE
1179326,"bc78128",5,"Film - BW",1978,10000,305,2347,908.1,745.6,FALSE
1179327,"bc78128",6,"Film - BW",1978,10000,305,2347,909.1,744.6,FALSE
1179328,"bc78128",7,"Film - BW",1978,10000,305,2347,909.3,744.6,FALSE
1179329,"bc78128",8,"Film - BW",1978,10000,305,2347,900.4,743.6,FALSE
1179330,"bc78128",9,"Film - BW",1978,10000,305,2347,883.3,743.6,FALSE
1179331,"bc78128",10,"Film - BW",1978,10000,305,2347,867.7,746.3,FALSE
1179332,"bc78128",11,"Film - BW",1978,10000,305,2347,862.3,1004.2,FALSE
1179333,"bc78128",12,"Film - BW",1978,10000,305,2347,865.6,1006.8,FALSE
1179334,"bc78128",13,"Film - BW",1978,10000,305,2347,882.5,1003.1,FALSE
1179335,"bc78128",14,"Film - BW",1978,10000,305,2347,911.3,1003.1,FALSE
1179336,"bc78128",15,"Film - BW",1978,10000,305,2347,820,902.5,FALSE
1179337,"bc78128",16,"Film - BW",1978,10000,305,2347,828,899,FALSE
1179338,"bc78128",17,"Film - BW",1978,10000,305,2347,854.1,899,FALSE
1179339,"bc78128",18,"Film - BW",1978,10000,305,2347,892.5,899.1,FALSE
1179340,"bc78128",19,"Film - BW",1978,10000,305,2347,932.5,899.1,FALSE
1179341,"bc78128",20,"Film - BW",1978,10000,305,2347,975.9,648.6,FALSE
1179342,"bc78128",21,"Film - BW",1978,10000,305,2347,1007.8,648.6,FALSE
1179343,"bc78128",22,"Film - BW",1978,10000,305,2347,1045.8,648.6,FALSE
1179344,"bc78128",23,"Film - BW",1978,10000,305,2347,1049.5,648.6,FALSE
1179345,"bc78128",24,"Film - BW",1978,10000,305,2347,1005.1,648.6,FALSE
1179346,"bc78128",25,"Film - BW",1978,10000,305,2347,924.2,651.6,FALSE
1179347,"bc78128",26,"Film - BW",1978,10000,305,2347,860.5,852.8,FALSE
1179348,"bc78128",27,"Film - BW",1978,10000,305,2347,850.4,855,FALSE
1179349,"bc78128",28,"Film - BW",1978,10000,305,2347,879.3,681.9,FALSE
1179350,"bc78128",29,"Film - BW",1978,10000,305,2347,874.9,681.9,FALSE
1179351,"bc78128",30,"Film - BW",1978,10000,305,2347,869.1,681.9,FALSE
1179352,"bc78128",31,"Film - BW",1978,10000,305,2347,863.4,913.6,FALSE
1179353,"bc78128",32,"Film - BW",1978,10000,305,2347,866.8,913.6,FALSE
1179354,"bc78128",33,"Film - BW",1978,10000,305,2347,872.6,912.5,FALSE
1179355,"bc78128",34,"Film - BW",1978,10000,305,2347,876.6,912.5,FALSE
1179356,"bc78128",35,"Film - BW",1978,10000,305,2347,882.2,834.7,FALSE
1179357,"bc78128",36,"Film - BW",1978,10000,305,2347,881.5,832.7,FALSE
1179358,"bc78128",37,"Film - BW",1978,10000,305,2347,868.3,832.7,FALSE
1179359,"bc78128",38,"Film - BW",1978,10000,305,2347,861.3,884.2,FALSE
1179360,"bc78128",39,"Film - BW",1978,10000,305,2347,871.7,881.8,FALSE
1179361,"bc78128",40,"Film - BW",1978,10000,305,2347,872.3,789.7,FALSE
1179362,"bc78128",41,"Film - BW",1978,10000,305,2347,867.5,786.6,FALSE
1179363,"bc78128",42,"Film - BW",1978,10000,305,2347,872.7,786.6,FALSE
1179364,"bc78128",43,"Film - BW",1978,10000,305,2347,876.2,787.7,FALSE
1179365,"bc78128",44,"Film - BW",1978,10000,305,2347,860.9,787.7,FALSE
1179366,"bc78128",45,"Film - BW",1978,10000,305,2347,863.2,789.7,FALSE
1179367,"bc78128",46,"Film - BW",1978,10000,305,2347,878.9,966.6,FALSE
1179368,"bc78128",47,"Film - BW",1978,10000,305,2347,877.1,967.7,FALSE
1179369,"bc78128",48,"Film - BW",1978,10000,305,2347,870.3,966.5,FALSE
1179370,"bc78128",49,"Film - BW",1978,10000,305,2347,860.1,966.5,FALSE
1179371,"bc78128",50,"Film - BW",1978,10000,305,2347,859.8,807.4,FALSE
1179372,"bc78128",51,"Film - BW",1978,10000,305,2347,855.6,807.4,FALSE
1179373,"bc78128",52,"Film - BW",1978,10000,305,2347,856.5,807.4,FALSE
1179374,"bc78128",53,"Film - BW",1978,10000,305,2347,848.9,807.4,FALSE
1179375,"bc78128",54,"Film - BW",1978,10000,305,2347,835.7,810.7,FALSE
1179376,"bc78128",55,"Film - BW",1978,10000,305,2438,909.1,840.3,FALSE
1179377,"bc78128",56,"Film - BW",1978,10000,305,2438,903.7,833.7,FALSE
1179378,"bc78128",57,"Film - BW",1978,10000,305,2438,902.9,833.7,FALSE
1179379,"bc78128",58,"Film - BW",1978,10000,305,2438,902,833.6,FALSE
1179380,"bc78128",59,"Film - BW",1978,10000,305,2438,903.2,833.6,FALSE
1179381,"bc78128",60,"Film - BW",1978,10000,305,2438,906.5,836.4,FALSE
1179382,"bc78128",61,"Film - BW",1978,10000,305,2438,900,927.9,FALSE
1179383,"bc78128",62,"Film - BW",1978,10000,305,2438,890.3,926.9,FALSE
1179384,"bc78128",63,"Film - BW",1978,10000,305,2438,871.1,926.9,FALSE
1179385,"bc78128",64,"Film - BW",1978,10000,305,2438,862,927.9,FALSE
1179386,"bc78128",65,"Film - BW",1978,10000,305,2438,862.7,924.9,FALSE
1179387,"bc78128",66,"Film - BW",1978,10000,305,2438,878.5,923,FALSE
1179388,"bc78128",67,"Film - BW",1978,10000,305,2438,894.4,922.9,FALSE
1179389,"bc78128",68,"Film - BW",1978,10000,305,2438,903.1,922.9,FALSE
1179390,"bc78128",69,"Film - BW",1978,10000,305,2438,907.6,922.9,FALSE
1179391,"bc78128",70,"Film - BW",1978,10000,305,2438,905.1,922.9,FALSE
1185987,"bc78128",71,"Film - BW",1978,40000,305,8382,1210.1,3987.4,FALSE
1185988,"bc78128",72,"Film - BW",1978,40000,305,8382,1628.3,3987.3,FALSE
1185989,"bc78128",73,"Film - BW",1978,40000,305,8382,1703.9,3980.1,FALSE
1185990,"bc78128",74,"Film - BW",1978,40000,305,8382,1726.2,3980.1,FALSE
1185991,"bc78128",75,"Film - BW",1978,40000,305,8382,1835.9,3408.7,FALSE
1185992,"bc78128",76,"Film - BW",1978,40000,305,8382,1928.5,3401.6,FALSE
1185993,"bc78128",77,"Film - BW",1978,40000,305,8382,1967.3,3401.6,FALSE
1185994,"bc78128",78,"Film - BW",1978,40000,305,8382,1886.4,3401.7,FALSE
1185995,"bc78128",79,"Film - BW",1978,40000,305,8382,1706.8,3401.8,FALSE
1185996,"bc78128",80,"Film - BW",1978,40000,305,8382,1600.4,3401.9,FALSE
1185997,"bc78128",81,"Film - BW",1978,40000,305,8382,1549,3559.2,FALSE
1185998,"bc78128",82,"Film - BW",1978,40000,305,8382,1675.3,3559.2,FALSE
1185999,"bc78128",83,"Film - BW",1978,40000,305,8382,1761.4,3559.4,FALSE
1186000,"bc78128",84,"Film - BW",1978,40000,305,8382,1852.4,3559.4,FALSE
1186001,"bc78128",85,"Film - BW",1978,40000,305,8382,1798.5,3559.7,FALSE
1186002,"bc78128",86,"Film - BW",1978,40000,305,8382,1567.5,3559.7,FALSE
1186003,"bc78128",87,"Film - BW",1978,40000,305,8382,1118.4,3567,FALSE
1106326,"bc78155",26,"Film - BW",1978,12000,153,1798,664.6,676.1,FALSE
1106333,"bc78155",33,"Film - BW",1978,12000,153,1798,663.5,705.8,FALSE
1106334,"bc78155",34,"Film - BW",1978,12000,153,1798,670.4,705.9,FALSE
1106335,"bc78155",35,"Film - BW",1978,12000,153,1798,678.4,687.3,FALSE
1106336,"bc78155",36,"Film - BW",1978,12000,153,1798,682.9,686,FALSE
1106337,"bc78155",37,"Film - BW",1978,12000,153,1798,676.1,686,FALSE
1106338,"bc78155",38,"Film - BW",1978,12000,153,1798,666.6,686,FALSE
1106349,"bc78155",49,"Film - BW",1978,12000,153,1798,674.1,649.8,FALSE
1106400,"bc78155",100,"Film - BW",1978,12000,153,1433,496.6,610.2,FALSE
1106401,"bc78155",101,"Film - BW",1978,12000,153,1433,488.5,609.3,FALSE
1106402,"bc78155",102,"Film - BW",1978,12000,153,1433,483,609.3,FALSE
1106403,"bc78155",103,"Film - BW",1978,12000,153,1433,481.1,610.3,FALSE
1106404,"bc78155",104,"Film - BW",1978,12000,153,1433,481.1,610.3,FALSE
1106405,"bc78155",105,"Film - BW",1978,12000,153,1433,481.9,603.9,FALSE
1106406,"bc78155",106,"Film - BW",1978,12000,153,1433,481.9,600.2,FALSE
1106407,"bc78155",107,"Film - BW",1978,12000,153,1433,481.6,600.2,FALSE
1106408,"bc78155",108,"Film - BW",1978,12000,153,1433,483.7,600.2,FALSE
1106409,"bc78155",109,"Film - BW",1978,12000,153,1433,487.8,600.2,FALSE
1106410,"bc78155",110,"Film - BW",1978,12000,153,1433,492.9,602.1,FALSE
1106411,"bc78155",111,"Film - BW",1978,12000,153,1433,501.3,602.1,FALSE
1106523,"bc78155",160,"Film - BW",1978,12000,153,1219,245.6,419.8,FALSE
1106524,"bc78155",161,"Film - BW",1978,12000,153,1219,247.4,419.8,FALSE
1106525,"bc78155",162,"Film - BW",1978,12000,153,1219,251.3,789.3,FALSE
1106526,"bc78155",163,"Film - BW",1978,12000,153,1219,249.6,789.3,FALSE
1106527,"bc78155",164,"Film - BW",1978,12000,153,1219,250.9,789.4,FALSE
1106528,"bc78155",165,"Film - BW",1978,12000,153,1219,254.6,634.2,FALSE
1106529,"bc78155",166,"Film - BW",1978,12000,153,1219,248.3,631.9,FALSE
1106530,"bc78155",167,"Film - BW",1978,12000,153,1219,250.5,627.4,FALSE
1106531,"bc78155",168,"Film - BW",1978,12000,153,1219,259.4,627.4,FALSE
1106532,"bc78155",169,"Film - BW",1978,12000,153,1219,285.4,627.4,FALSE
1106533,"bc78155",170,"Film - BW",1978,12000,153,1219,325.9,627.5,FALSE
1106534,"bc78155",171,"Film - BW",1978,12000,153,1219,288.9,456.8,FALSE
1106535,"bc78155",172,"Film - BW",1978,12000,153,1219,264,453.9,FALSE
1106536,"bc78155",173,"Film - BW",1978,12000,153,1219,253.4,453.9,FALSE
1106537,"bc78155",174,"Film - BW",1978,12000,153,1219,245.5,453.9,FALSE
1106538,"bc78155",175,"Film - BW",1978,12000,153,1219,235.8,453.9,FALSE
1106539,"bc78155",176,"Film - BW",1978,12000,153,1219,232.1,655.5,FALSE
1106540,"bc78155",177,"Film - BW",1978,12000,153,1219,226.8,654.4,FALSE
1106541,"bc78155",178,"Film - BW",1978,12000,153,1219,221.6,654.4,FALSE
1106542,"bc78155",179,"Film - BW",1978,12000,153,1219,222.4,654.4,FALSE
1106543,"bc78155",180,"Film - BW",1978,12000,153,1219,226.3,610.3,FALSE
1106544,"bc78155",181,"Film - BW",1978,12000,153,1219,225.3,609.2,FALSE
1106545,"bc78155",182,"Film - BW",1978,12000,153,1219,226.7,609.2,FALSE
1106546,"bc78155",183,"Film - BW",1978,12000,153,1219,230.4,609.2,FALSE
1106547,"bc78155",184,"Film - BW",1978,12000,153,1219,232.6,608.1,FALSE
1106548,"bc78155",185,"Film - BW",1978,12000,153,1219,233,608.1,FALSE
1106549,"bc78155",186,"Film - BW",1978,12000,153,1219,228.2,666.1,FALSE
1106550,"bc78155",187,"Film - BW",1978,12000,153,1219,213.6,666.1,FALSE
1106551,"bc78155",188,"Film - BW",1978,12000,153,1219,199.9,666.1,FALSE
1106552,"bc78155",189,"Film - BW",1978,12000,153,1219,193.6,664.7,FALSE
1106553,"bc78155",190,"Film - BW",1978,12000,153,1219,201,664.7,FALSE
1106554,"bc78155",191,"Film - BW",1978,12000,153,1219,249.3,667,FALSE
1106555,"bc78155",192,"Film - BW",1978,12000,153,1219,232.4,667,FALSE
1106556,"bc78155",193,"Film - BW",1978,12000,153,1219,219.5,662.4,FALSE
1106557,"bc78155",194,"Film - BW",1978,12000,153,1219,213,662.4,FALSE
1106558,"bc78155",195,"Film - BW",1978,12000,153,1219,215,666.9,FALSE
1106559,"bc78155",196,"Film - BW",1978,12000,153,1219,220.6,669.2,FALSE
1284606,"bc7830",138,"Film - BW",1975,10000,305,4115,2238.4,694.7,FALSE
1284607,"bc7830",139,"Film - BW",1975,10000,305,4115,2345.2,694.7,FALSE
1284608,"bc7830",140,"Film - BW",1975,10000,305,4115,2320.7,694.7,FALSE
1284609,"bc7830",141,"Film - BW",1975,10000,305,4115,2294.2,701.8,FALSE
1151571,"bc79012",12,"Film - BW",1979,5500,305,1981,1046,581.2,FALSE
1151629,"bc79012",70,"Film - BW",1979,5500,305,1981,971.3,409.5,FALSE
1151630,"bc79012",71,"Film - BW",1979,5500,305,1981,1072.8,414.7,FALSE
1154975,"bc79012",118,"Film - BW",1979,10000,305,1981,383.7,1253.8,FALSE
1154976,"bc79012",119,"Film - BW",1979,10000,305,1981,198.5,1253,FALSE
1154977,"bc79012",120,"Film - BW",1979,10000,305,1981,150.1,1252.8,FALSE
1154978,"bc79012",121,"Film - BW",1979,10000,305,1981,393.5,1252.7,FALSE
1154979,"bc79012",122,"Film - BW",1979,10000,305,1981,787.7,1252.5,FALSE
1154980,"bc79012",123,"Film - BW",1979,10000,305,1981,1090.6,1252.5,FALSE
1154981,"bc79012",124,"Film - BW",1979,10000,305,1981,320.8,602.1,FALSE
1154982,"bc79012",125,"Film - BW",1979,10000,305,1981,233.2,601.4,FALSE
1154983,"bc79012",126,"Film - BW",1979,10000,305,1981,175.6,601.4,FALSE
1154984,"bc79012",127,"Film - BW",1979,10000,305,1981,155.9,602.5,FALSE
1154985,"bc79012",128,"Film - BW",1979,10000,305,1981,158.2,602.1,FALSE
1154986,"bc79012",129,"Film - BW",1979,10000,305,1981,151.7,601.4,FALSE
1154987,"bc79012",130,"Film - BW",1979,10000,305,1981,151.6,601.4,FALSE
1154988,"bc79012",131,"Film - BW",1979,10000,305,1981,148.4,602.2,FALSE
1154989,"bc79012",132,"Film - BW",1979,10000,305,1981,158.3,602.2,FALSE
1154990,"bc79012",133,"Film - BW",1979,10000,305,1981,187.4,602.5,FALSE
1154991,"bc79012",134,"Film - BW",1979,10000,305,1981,237,603,FALSE
1154992,"bc79012",135,"Film - BW",1979,10000,305,1981,453.9,663.8,FALSE
1154993,"bc79012",136,"Film - BW",1979,10000,305,1981,348.4,663.3,FALSE
1154994,"bc79012",137,"Film - BW",1979,10000,305,1981,329.8,663.3,FALSE
1154995,"bc79012",138,"Film - BW",1979,10000,305,1981,358.5,663.4,FALSE
1154996,"bc79012",139,"Film - BW",1979,10000,305,1981,378.6,663.4,FALSE
1154997,"bc79012",140,"Film - BW",1979,10000,305,1981,386.4,662.9,FALSE
1154998,"bc79012",141,"Film - BW",1979,10000,305,1981,365.4,662.9,FALSE
1154999,"bc79012",142,"Film - BW",1979,10000,305,1981,356.4,663.5,FALSE
1155000,"bc79012",143,"Film - BW",1979,10000,305,1981,427.7,663.5,FALSE
1155001,"bc79012",144,"Film - BW",1979,10000,305,1981,572.5,663.6,FALSE
1155002,"bc79012",145,"Film - BW",1979,10000,305,1981,740,663.6,FALSE
1155003,"bc79012",146,"Film - BW",1979,10000,305,1981,827.2,664.2,FALSE
1155004,"bc79012",147,"Film - BW",1979,10000,305,1981,351.4,813.4,FALSE
1155005,"bc79012",148,"Film - BW",1979,10000,305,1981,362,813.4,FALSE
1155006,"bc79012",149,"Film - BW",1979,10000,305,1981,380.4,812.5,FALSE
1155007,"bc79012",150,"Film - BW",1979,10000,305,1981,377.1,812.5,FALSE
1155008,"bc79012",151,"Film - BW",1979,10000,305,1981,327.8,813.5,FALSE
1155009,"bc79012",152,"Film - BW",1979,10000,305,1981,359.7,811.5,FALSE
1155010,"bc79012",153,"Film - BW",1979,10000,305,1981,541.7,811.5,FALSE
1155011,"bc79012",154,"Film - BW",1979,10000,305,1981,819.3,814.6,FALSE
1155012,"bc79012",155,"Film - BW",1979,10000,305,1981,981.3,817.8,FALSE
1155013,"bc79012",156,"Film - BW",1979,10000,305,1981,268.5,810.1,FALSE
1155014,"bc79012",157,"Film - BW",1979,10000,305,1981,267.1,794.2,FALSE
1155015,"bc79012",158,"Film - BW",1979,10000,305,1981,311.9,794.2,FALSE
1155016,"bc79012",159,"Film - BW",1979,10000,305,1981,313.5,797.2,FALSE
1155017,"bc79012",160,"Film - BW",1979,10000,305,1981,309.3,797.1,FALSE
1155018,"bc79012",161,"Film - BW",1979,10000,305,1981,297,797.1,FALSE
1155019,"bc79012",162,"Film - BW",1979,10000,305,1981,311.7,797.1,FALSE
1155020,"bc79012",163,"Film - BW",1979,10000,305,1981,347.1,797.1,FALSE
1155021,"bc79012",164,"Film - BW",1979,10000,305,1981,325.8,797,FALSE
1155022,"bc79012",165,"Film - BW",1979,10000,305,1981,313.9,796.9,FALSE
1155023,"bc79012",166,"Film - BW",1979,10000,305,1981,425.7,796.9,FALSE
1155024,"bc79012",167,"Film - BW",1979,10000,305,1981,693.2,796.9,FALSE
1155025,"bc79012",168,"Film - BW",1979,10000,305,1981,429.5,650.6,FALSE
1155026,"bc79012",169,"Film - BW",1979,10000,305,1981,373.8,650.6,FALSE
1155027,"bc79012",170,"Film - BW",1979,10000,305,1981,326.2,650.7,FALSE
1155028,"bc79012",171,"Film - BW",1979,10000,305,1981,289.1,650.7,FALSE
1155029,"bc79012",172,"Film - BW",1979,10000,305,1981,301.4,650.7,FALSE
1155030,"bc79012",173,"Film - BW",1979,10000,305,1981,333.8,650.7,FALSE
1155031,"bc79012",174,"Film - BW",1979,10000,305,1981,330.5,650.7,FALSE
1155032,"bc79012",175,"Film - BW",1979,10000,305,1981,312.2,650.7,FALSE
1155033,"bc79012",176,"Film - BW",1979,10000,305,1981,276.9,650.8,FALSE
1155034,"bc79012",177,"Film - BW",1979,10000,305,1981,245.7,650.8,FALSE
1155035,"bc79012",178,"Film - BW",1979,10000,305,1981,219.2,653.8,FALSE
1133419,"bc79016",81,"Film - BW",1979,5000,153,762,486.2,392.6,FALSE
1133420,"bc79016",82,"Film - BW",1979,5000,153,762,391.8,392.6,FALSE
1133421,"bc79016",83,"Film - BW",1979,5000,153,762,302.5,385.3,FALSE
1133439,"bc79016",101,"Film - BW",1979,5000,153,762,308,423.4,FALSE
1133440,"bc79016",102,"Film - BW",1979,5000,153,762,338.9,430.5,FALSE
1131134,"bc79016",245,"Film - BW",1979,10000,153,2347,1413.3,519.5,FALSE
1131135,"bc79016",246,"Film - BW",1979,10000,153,2347,1520.9,519.5,FALSE
1136283,"bc79019",19,"Film - BW",1979,10000,153,2438,1514,800.7,FALSE
1136284,"bc79019",20,"Film - BW",1979,10000,153,2438,1546.7,800.7,FALSE
1136291,"bc79019",27,"Film - BW",1979,10000,153,2438,1629.5,655.8,FALSE
1136292,"bc79019",28,"Film - BW",1979,10000,153,2438,1577,655.8,FALSE
1136293,"bc79019",29,"Film - BW",1979,10000,153,2438,1505.8,655.8,FALSE
1136304,"bc79019",40,"Film - BW",1979,10000,153,2438,1530.5,582.6,FALSE
1136305,"bc79019",41,"Film - BW",1979,10000,153,2438,1622.2,589.8,FALSE
1136306,"bc79019",42,"Film - BW",1979,10000,153,2438,1698.6,582.6,FALSE
1136307,"bc79019",43,"Film - BW",1979,10000,153,2438,1763.2,582.6,FALSE
1136308,"bc79019",44,"Film - BW",1979,10000,153,2438,1811.5,589.8,FALSE
1136610,"bc79024",8,"Film - BW",1979,15000,153,2286,911.4,731.2,FALSE
1136611,"bc79024",9,"Film - BW",1979,15000,153,2286,998.4,731.2,FALSE
1136612,"bc79024",10,"Film - BW",1979,15000,153,2286,1081.6,731.2,FALSE
1136613,"bc79024",11,"Film - BW",1979,15000,153,2286,1155.6,731.2,FALSE
1136614,"bc79024",12,"Film - BW",1979,15000,153,2286,1215.5,731.2,FALSE
1136615,"bc79024",13,"Film - BW",1979,15000,153,2286,1308.2,731.1,FALSE
1136616,"bc79024",14,"Film - BW",1979,15000,153,2286,1438.2,731.1,FALSE
1136617,"bc79024",15,"Film - BW",1979,15000,153,2286,1006.1,819.1,FALSE
1136618,"bc79024",16,"Film - BW",1979,15000,153,2286,916.9,819.1,FALSE
1134504,"bc79037",281,"Film - BW",1979,10000,153,1250,306.2,594.9,FALSE
1134505,"bc79037",282,"Film - BW",1979,10000,153,1250,305.3,604.9,FALSE
1136691,"bc79037",318,"Film - BW",1979,20000,153,3658,1851.6,1170.3,FALSE
1136692,"bc79037",319,"Film - BW",1979,20000,153,3658,1820,1170.3,FALSE
1133477,"bc79039",125,"Film - BW",1979,5000,153,792,415.8,436.2,FALSE
1133478,"bc79039",126,"Film - BW",1979,5000,153,792,533.8,428.9,FALSE
1133479,"bc79039",127,"Film - BW",1979,5000,153,792,632.1,428.9,FALSE
1133480,"bc79039",128,"Film - BW",1979,5000,153,792,685.2,428.9,FALSE
1133481,"bc79039",129,"Film - BW",1979,5000,153,792,665.3,428.9,FALSE
1138328,"bc79063",104,"Film - BW",1979,10000,153,2134,1205.5,810.7,FALSE
1138329,"bc79063",105,"Film - BW",1979,10000,153,2134,1346.9,810.7,FALSE
1138330,"bc79063",106,"Film - BW",1979,10000,153,2134,1485,816,FALSE
1138331,"bc79063",107,"Film - BW",1979,10000,153,2134,1568.1,574.8,FALSE
1138332,"bc79063",108,"Film - BW",1979,10000,153,2134,1536.5,574.8,FALSE
1138333,"bc79063",109,"Film - BW",1979,10000,153,2134,1581.9,808.1,FALSE
1138334,"bc79063",110,"Film - BW",1979,10000,153,2134,1645.4,809.1,FALSE
1138335,"bc79063",111,"Film - BW",1979,10000,153,2134,1690.4,809.1,FALSE
1138336,"bc79063",112,"Film - BW",1979,10000,153,2134,1675.3,875,FALSE
1138337,"bc79063",113,"Film - BW",1979,10000,153,2134,1580.9,875.1,FALSE
1138338,"bc79063",114,"Film - BW",1979,10000,153,2134,1436.6,875.1,FALSE
1138339,"bc79063",115,"Film - BW",1979,10000,153,2134,1362.1,875.1,FALSE
1138340,"bc79063",116,"Film - BW",1979,10000,153,2134,1284.4,877.9,FALSE
1138341,"bc79063",117,"Film - BW",1979,10000,153,2134,1264.5,910.3,FALSE
1138342,"bc79063",118,"Film - BW",1979,10000,153,2134,1258,910.3,FALSE
1138356,"bc79063",132,"Film - BW",1979,10000,153,2134,1333.4,901.5,FALSE
1138357,"bc79063",133,"Film - BW",1979,10000,153,2134,1486.8,901.5,FALSE
1138358,"bc79063",134,"Film - BW",1979,10000,153,2134,1510.6,902.5,FALSE
1138359,"bc79063",135,"Film - BW",1979,10000,153,2134,1416.3,902.5,FALSE
1138360,"bc79063",136,"Film - BW",1979,10000,153,2134,1403.2,901.5,FALSE
1138361,"bc79063",137,"Film - BW",1979,10000,153,2134,1399.6,901.5,FALSE
1133984,"bc79065",157,"Film - BW",1979,10000,153,2286,1735.1,866.4,FALSE
1133985,"bc79065",158,"Film - BW",1979,10000,153,2286,1769.7,866.4,FALSE
1133986,"bc79065",159,"Film - BW",1979,10000,153,2286,1733,871.2,FALSE
1133987,"bc79065",160,"Film - BW",1979,10000,153,2286,1667,864.7,FALSE
1133988,"bc79065",161,"Film - BW",1979,10000,153,2286,1647.6,864.7,FALSE
1133989,"bc79065",162,"Film - BW",1979,10000,153,2286,1721.1,816.7,FALSE
1133990,"bc79065",163,"Film - BW",1979,10000,153,2286,1770.9,815,FALSE
1133991,"bc79065",164,"Film - BW",1979,10000,153,2286,1731.1,815,FALSE
1133992,"bc79065",165,"Film - BW",1979,10000,153,2286,1634.3,815,FALSE
1133993,"bc79065",166,"Film - BW",1979,10000,153,2286,1506.7,814.9,FALSE
1133994,"bc79065",167,"Film - BW",1979,10000,153,2286,1368.6,814.9,FALSE
1133995,"bc79065",168,"Film - BW",1979,10000,153,2286,1756.5,737.3,FALSE
1133996,"bc79065",169,"Film - BW",1979,10000,153,2286,1686.7,736,FALSE
1133997,"bc79065",170,"Film - BW",1979,10000,153,2286,1569.1,732.2,FALSE
1133998,"bc79065",171,"Film - BW",1979,10000,153,2286,1428.6,732.2,FALSE
1134001,"bc79065",174,"Film - BW",1979,10000,153,2286,1370.6,827.1,FALSE
1134002,"bc79065",175,"Film - BW",1979,10000,153,2286,1500.7,827.1,FALSE
1134003,"bc79065",176,"Film - BW",1979,10000,153,2286,1607.8,827.1,FALSE
1134004,"bc79065",177,"Film - BW",1979,10000,153,2286,1637.7,827,FALSE
1134005,"bc79065",178,"Film - BW",1979,10000,153,2286,1636,827,FALSE
1134006,"bc79065",179,"Film - BW",1979,10000,153,2286,1594.5,827,FALSE
1134007,"bc79065",180,"Film - BW",1979,10000,153,2286,1586.2,846.4,FALSE
1134008,"bc79065",181,"Film - BW",1979,10000,153,2286,1640.9,845.2,FALSE
1134009,"bc79065",182,"Film - BW",1979,10000,153,2286,1652.5,845.1,FALSE
1134010,"bc79065",183,"Film - BW",1979,10000,153,2286,1694.7,845.1,FALSE
1134011,"bc79065",184,"Film - BW",1979,10000,153,2286,1766.4,962.9,FALSE
1134012,"bc79065",185,"Film - BW",1979,10000,153,2286,1743.9,962.2,FALSE
1134013,"bc79065",186,"Film - BW",1979,10000,153,2286,1644,962.2,FALSE
1134014,"bc79065",187,"Film - BW",1979,10000,153,2286,1564,962.1,FALSE
1134015,"bc79065",188,"Film - BW",1979,10000,153,2286,1509.7,912.5,FALSE
1134016,"bc79065",189,"Film - BW",1979,10000,153,2286,1542.1,910.5,FALSE
1134017,"bc79065",190,"Film - BW",1979,10000,153,2286,1620.4,904.6,FALSE
1134018,"bc79065",191,"Film - BW",1979,10000,153,2286,1627.5,904.6,FALSE
1134019,"bc79065",192,"Film - BW",1979,10000,153,2286,1595.3,904.5,FALSE
1134020,"bc79065",193,"Film - BW",1979,10000,153,2286,1503.3,904.5,FALSE
1139196,"bc79070",40,"Film - BW",1979,10000,153,2134,1180.7,551.6,FALSE
1139197,"bc79070",41,"Film - BW",1979,10000,153,2134,1256.8,551.1,FALSE
1139198,"bc79070",42,"Film - BW",1979,10000,153,2134,1286.7,551.1,FALSE
1139199,"bc79070",43,"Film - BW",1979,10000,153,2134,1282.8,551,FALSE
1139200,"bc79070",44,"Film - BW",1979,10000,153,2134,1248,551,FALSE
1139245,"bc79070",89,"Film - BW",1979,10000,153,2134,1298.2,778.8,FALSE
1131825,"bc79114",1,"Film - BW",1979,10000,153,2286,1769.6,727,FALSE
1131826,"bc79114",2,"Film - BW",1979,10000,153,2286,1552.7,721.3,FALSE
1131827,"bc79114",3,"Film - BW",1979,10000,153,2286,1348.6,721.3,FALSE
1131828,"bc79114",4,"Film - BW",1979,10000,153,2286,1357.7,721.3,FALSE
1131829,"bc79114",5,"Film - BW",1979,10000,153,2286,1578.6,721.3,FALSE
1131830,"bc79114",6,"Film - BW",1979,10000,153,2286,1797.4,674.6,FALSE
1131831,"bc79114",7,"Film - BW",1979,10000,153,2286,1917,672.3,FALSE
1131832,"bc79114",8,"Film - BW",1979,10000,153,2286,1935.1,672.3,FALSE
1131833,"bc79114",9,"Film - BW",1979,10000,153,2286,1913.6,671.2,FALSE
1131834,"bc79114",10,"Film - BW",1979,10000,153,2286,1875.2,671.2,FALSE
1131835,"bc79114",11,"Film - BW",1979,10000,153,2286,1787.7,672.3,FALSE
1131836,"bc79114",12,"Film - BW",1979,10000,153,2286,1660.4,719.9,FALSE
1131837,"bc79114",13,"Film - BW",1979,10000,153,2286,1504.4,719.9,FALSE
1131838,"bc79114",14,"Film - BW",1979,10000,153,2286,1434.1,719.9,FALSE
1131839,"bc79114",15,"Film - BW",1979,10000,153,2286,1518,719.9,FALSE
1131840,"bc79114",16,"Film - BW",1979,10000,153,2286,1738.8,714,FALSE
1131841,"bc79114",17,"Film - BW",1979,10000,153,2286,1949,710.9,FALSE
1131842,"bc79114",18,"Film - BW",1979,10000,153,2286,2037.1,710.9,FALSE
1131843,"bc79114",19,"Film - BW",1979,10000,153,2286,1994.9,710.9,FALSE
1131844,"bc79114",20,"Film - BW",1979,10000,153,2286,1916.3,711,FALSE
1131845,"bc79114",21,"Film - BW",1979,10000,153,2286,1891.6,711,FALSE
1131846,"bc79114",22,"Film - BW",1979,10000,153,2286,1871.5,711,FALSE
1131847,"bc79114",23,"Film - BW",1979,10000,153,2286,1862.4,711,FALSE
1131848,"bc79114",24,"Film - BW",1979,10000,153,2286,1805.5,712,FALSE
1131849,"bc79121",122,"Film - BW",1979,10000,153,2438,2241.4,904.7,FALSE
1131850,"bc79121",123,"Film - BW",1979,10000,153,2438,2433,903.6,FALSE
1131852,"bc79121",125,"Film - BW",1979,10000,153,2438,2328.1,904.6,FALSE
1131853,"bc79121",126,"Film - BW",1979,10000,153,2438,2166.4,903.6,FALSE
1131854,"bc79121",127,"Film - BW",1979,10000,153,2438,2095.6,903.6,FALSE
1131855,"bc79121",128,"Film - BW",1979,10000,153,2438,1984.7,904.6,FALSE
1131856,"bc79121",129,"Film - BW",1979,10000,153,2438,1750.8,904.7,FALSE
1131861,"bc79121",134,"Film - BW",1979,10000,153,2438,1770.5,853.4,FALSE
1131862,"bc79121",135,"Film - BW",1979,10000,153,2438,1853.2,853.4,FALSE
1131863,"bc79121",136,"Film - BW",1979,10000,153,2438,1780.5,854.5,FALSE
1131864,"bc79121",137,"Film - BW",1979,10000,153,2438,1722.5,855.6,FALSE
1131865,"bc79121",138,"Film - BW",1979,10000,153,2438,1777.5,898,FALSE
1131866,"bc79121",139,"Film - BW",1979,10000,153,2438,1869.1,898,FALSE
1131867,"bc79121",140,"Film - BW",1979,10000,153,2438,2036.5,897.9,FALSE
1131868,"bc79121",141,"Film - BW",1979,10000,153,2438,2253.4,897.9,FALSE
1131869,"bc79121",142,"Film - BW",1979,10000,153,2438,2356.8,897.9,FALSE
1131873,"bc79121",146,"Film - BW",1979,10000,153,2438,2197.3,897.9,FALSE
1131874,"bc79121",147,"Film - BW",1979,10000,153,2438,1970.4,897.9,FALSE
1131875,"bc79121",148,"Film - BW",1979,10000,153,2438,1859.3,897.9,FALSE
1131876,"bc79121",149,"Film - BW",1979,10000,153,2438,1725.1,897.9,FALSE
1131881,"bc79121",154,"Film - BW",1979,10000,153,2438,1749.5,824.4,FALSE
1131882,"bc79121",155,"Film - BW",1979,10000,153,2438,2117.4,824.4,FALSE
1131883,"bc79121",156,"Film - BW",1979,10000,153,2438,2288.8,824.4,FALSE
1131884,"bc79121",157,"Film - BW",1979,10000,153,2438,2279.9,829.9,FALSE
1131886,"bc79121",159,"Film - BW",1979,10000,153,2438,1531.8,542.3,FALSE
1131887,"bc79121",160,"Film - BW",1979,10000,153,2438,1740.9,542.3,FALSE
1131888,"bc79121",161,"Film - BW",1979,10000,153,2438,1884.5,547.1,FALSE
1131889,"bc79121",162,"Film - BW",1979,10000,153,2438,1884.1,547.1,FALSE
1131890,"bc79121",163,"Film - BW",1979,10000,153,2438,1801.8,547.2,FALSE
1131891,"bc79121",164,"Film - BW",1979,10000,153,2438,1689.4,542.4,FALSE
1131892,"bc79121",165,"Film - BW",1979,10000,153,2438,1595.1,542.4,FALSE
1131893,"bc79121",166,"Film - BW",1979,10000,153,2438,1612.7,674,FALSE
1131894,"bc79121",167,"Film - BW",1979,10000,153,2438,1811.6,674,FALSE
1131895,"bc79121",168,"Film - BW",1979,10000,153,2438,2061.1,674,FALSE
1131896,"bc79121",169,"Film - BW",1979,10000,153,2438,2200.6,674.9,FALSE
1131897,"bc79121",170,"Film - BW",1979,10000,153,2438,2222.2,674.1,FALSE
1131898,"bc79121",171,"Film - BW",1979,10000,153,2438,2173.5,674.1,FALSE
1131899,"bc79121",172,"Film - BW",1979,10000,153,2438,2069.8,674.1,FALSE
1131900,"bc79121",173,"Film - BW",1979,10000,153,2438,2048.6,674.2,FALSE
1131901,"bc79121",174,"Film - BW",1979,10000,153,2438,2070.6,674.2,FALSE
1131902,"bc79121",175,"Film - BW",1979,10000,153,2438,2175,596.9,FALSE
1131903,"bc79121",176,"Film - BW",1979,10000,153,2438,2254.7,587.4,FALSE
1131904,"bc79121",177,"Film - BW",1979,10000,153,2438,2234.1,587.4,FALSE
1131905,"bc79121",178,"Film - BW",1979,10000,153,2438,2097.4,588.3,FALSE
1131906,"bc79121",179,"Film - BW",1979,10000,153,2438,1914.9,588.3,FALSE
1131907,"bc79121",180,"Film - BW",1979,10000,153,2438,1799.2,587.5,FALSE
1131908,"bc79121",181,"Film - BW",1979,10000,153,2438,1782.9,587.5,FALSE
1131909,"bc79121",182,"Film - BW",1979,10000,153,2438,1848.1,588.4,FALSE
1131910,"bc79121",183,"Film - BW",1979,10000,153,2438,1982,588.4,FALSE
1131911,"bc79121",184,"Film - BW",1979,10000,153,2438,2067.4,588.4,FALSE
1131912,"bc79121",185,"Film - BW",1979,10000,153,2438,2117.3,588.5,FALSE
1131913,"bc79121",186,"Film - BW",1979,10000,153,2438,2136.7,647.2,FALSE
1131914,"bc79121",187,"Film - BW",1979,10000,153,2438,2135.6,643.9,FALSE
1131915,"bc79121",188,"Film - BW",1979,10000,153,2438,2121.4,643.1,FALSE
1131916,"bc79121",189,"Film - BW",1979,10000,153,2438,2104.7,643.1,FALSE
1131917,"bc79121",190,"Film - BW",1979,10000,153,2438,2034.9,643.2,FALSE
1131918,"bc79121",191,"Film - BW",1979,10000,153,2438,1899,643.2,FALSE
1131919,"bc79121",192,"Film - BW",1979,10000,153,2438,2078.1,757.9,FALSE
1131920,"bc79121",193,"Film - BW",1979,10000,153,2438,2108.2,756.8,FALSE
1131921,"bc79121",194,"Film - BW",1979,10000,153,2438,2071,756.8,FALSE
1131922,"bc79121",195,"Film - BW",1979,10000,153,2438,2050.4,598.6,FALSE
1131923,"bc79121",196,"Film - BW",1979,10000,153,2438,2095.7,596.4,FALSE
1131924,"bc79121",197,"Film - BW",1979,10000,153,2438,2112.7,596.4,FALSE
1131925,"bc79121",198,"Film - BW",1979,10000,153,2438,2136.3,595.3,FALSE
1131926,"bc79121",199,"Film - BW",1979,10000,153,2438,2121.8,595.3,FALSE
1131927,"bc79121",200,"Film - BW",1979,10000,153,2438,2027.5,596.4,FALSE
1131928,"bc79121",201,"Film - BW",1979,10000,153,2438,1917.5,596.4,FALSE
1131929,"bc79121",202,"Film - BW",1979,10000,153,2438,1752.4,596.4,FALSE
1131930,"bc79121",203,"Film - BW",1979,10000,153,2438,1549.6,596.4,FALSE
1131938,"bc79121",211,"Film - BW",1979,10000,153,2438,1561.7,741.8,FALSE
1131939,"bc79121",212,"Film - BW",1979,10000,153,2438,1789.9,739.7,FALSE
1131940,"bc79121",213,"Film - BW",1979,10000,153,2438,1954.8,739.7,FALSE
1131941,"bc79121",214,"Film - BW",1979,10000,153,2438,2076,740.8,FALSE
1131942,"bc79121",215,"Film - BW",1979,10000,153,2438,2096.8,740.8,FALSE
1131946,"bc79121",219,"Film - BW",1979,10000,153,2438,1554.2,812.7,FALSE
1131947,"bc79121",220,"Film - BW",1979,10000,153,2438,1768.8,719.2,FALSE
1131948,"bc79121",221,"Film - BW",1979,10000,153,2438,1885.6,712,FALSE
1131949,"bc79121",222,"Film - BW",1979,10000,153,2438,1952.6,712,FALSE
1131950,"bc79121",223,"Film - BW",1979,10000,153,2438,1947.1,712.7,FALSE
1131951,"bc79121",224,"Film - BW",1979,10000,153,2438,1993.5,712.7,FALSE
1131952,"bc79121",225,"Film - BW",1979,10000,153,2438,2041.6,712,FALSE
1131953,"bc79121",226,"Film - BW",1979,10000,153,2438,2107.2,712,FALSE
1131954,"bc79121",227,"Film - BW",1979,10000,153,2438,2105.9,712.7,FALSE
1131955,"bc79121",228,"Film - BW",1979,10000,153,2438,2064,711,FALSE
1131956,"bc79121",229,"Film - BW",1979,10000,153,2438,2002.7,711,FALSE
1131957,"bc79121",230,"Film - BW",1979,10000,153,2438,1988.8,709.5,FALSE
1131958,"bc79121",231,"Film - BW",1979,10000,153,2438,2004.6,700.6,FALSE
1131959,"bc79121",232,"Film - BW",1979,10000,153,2438,2041.7,700.6,FALSE
1131960,"bc79121",233,"Film - BW",1979,10000,153,2438,2104.5,700.6,FALSE
1131961,"bc79121",234,"Film - BW",1979,10000,153,2438,2143.2,700.6,FALSE
1131962,"bc79121",235,"Film - BW",1979,10000,153,2438,2101.9,700.6,FALSE
1131963,"bc79121",236,"Film - BW",1979,10000,153,2438,1953.6,700.6,FALSE
1131964,"bc79121",237,"Film - BW",1979,10000,153,2438,1776.3,700.6,FALSE
1131965,"bc79121",238,"Film - BW",1979,10000,153,2438,1692.1,700.6,FALSE
1131966,"bc79121",239,"Film - BW",1979,10000,153,2438,1714.1,700.6,FALSE
1131967,"bc79121",240,"Film - BW",1979,10000,153,2438,1773.6,700.6,FALSE
1131968,"bc79121",241,"Film - BW",1979,10000,153,2438,2065.4,762.9,FALSE
1131969,"bc79121",242,"Film - BW",1979,10000,153,2438,2139.8,760.8,FALSE
1131970,"bc79121",243,"Film - BW",1979,10000,153,2438,2136.2,760.8,FALSE
1131971,"bc79121",244,"Film - BW",1979,10000,153,2438,2019.9,760.8,FALSE
1131972,"bc79121",245,"Film - BW",1979,10000,153,2438,1770.7,760.8,FALSE
1131973,"bc79121",246,"Film - BW",1979,10000,153,2438,1591.1,760.8,FALSE
1131974,"bc79121",247,"Film - BW",1979,10000,153,2438,1584.4,760.8,FALSE
1131975,"bc79121",248,"Film - BW",1979,10000,153,2438,1717.2,760.8,FALSE
1131976,"bc79121",249,"Film - BW",1979,10000,153,2438,1864.6,760.8,FALSE
1131977,"bc79121",250,"Film - BW",1979,10000,153,2438,1987.2,759.6,FALSE
1131978,"bc79121",251,"Film - BW",1979,10000,153,2438,2078.8,674.9,FALSE
1131979,"bc79121",252,"Film - BW",1979,10000,153,2438,2016.4,666,FALSE
1131980,"bc79121",253,"Film - BW",1979,10000,153,2438,1867.6,665.8,FALSE
1131981,"bc79121",254,"Film - BW",1979,10000,153,2438,1732.4,665.8,FALSE
1131982,"bc79121",255,"Film - BW",1979,10000,153,2438,1676.4,664.9,FALSE
1131983,"bc79121",256,"Film - BW",1979,10000,153,2438,1628.3,664.9,FALSE
1131984,"bc79121",257,"Film - BW",1979,10000,153,2438,1499.8,666,FALSE
1131987,"bc79121",260,"Film - BW",1979,10000,153,2438,1486.9,664.9,FALSE
1131988,"bc79121",261,"Film - BW",1979,10000,153,2438,1707.4,666,FALSE
1131989,"bc79121",262,"Film - BW",1979,10000,153,2438,1898,666,FALSE
1131601,"bc79128",60,"Film - BW",1979,10000,153,2073,1130.2,641.6,FALSE
1144064,"bc79161",157,"Film - BW",1979,5000,305,1676,760.5,460.8,FALSE
1144065,"bc79161",158,"Film - BW",1979,5000,305,1676,898.6,460.7,FALSE
1144066,"bc79161",159,"Film - BW",1979,5000,305,1676,983.4,460.7,FALSE
1144067,"bc79161",160,"Film - BW",1979,5000,305,1676,1069.6,460.7,FALSE
1144068,"bc79161",161,"Film - BW",1979,5000,305,1829,1094.9,673.4,FALSE
1144069,"bc79161",162,"Film - BW",1979,5000,305,1829,945.7,662.8,FALSE
1133182,"bc79164",68,"Film - BW",1979,10000,153,2256,1312.1,486.4,FALSE
1133183,"bc79164",69,"Film - BW",1979,10000,153,2256,1342,483.1,FALSE
1133184,"bc79164",70,"Film - BW",1979,10000,153,2256,1328.2,483.1,FALSE
1133185,"bc79164",71,"Film - BW",1979,10000,153,2256,1303.8,483.1,FALSE
1109152,"bc79173",73,"Film - BW",1979,20000,153,3200,1366.8,1376.2,FALSE
1132857,"bc79187",182,"Film - BW",1979,10000,153,1844,1172.3,925.3,FALSE
1132858,"bc79187",183,"Film - BW",1979,10000,153,1844,1145.8,923.8,FALSE
1132859,"bc79187",184,"Film - BW",1979,10000,153,1844,1053.8,922,FALSE
1132860,"bc79187",185,"Film - BW",1979,10000,153,1844,952.7,922,FALSE
1132861,"bc79187",186,"Film - BW",1979,10000,153,1844,890.4,922.7,FALSE
1132869,"bc79187",194,"Film - BW",1979,10000,153,1844,902,904,FALSE
1132870,"bc79187",195,"Film - BW",1979,10000,153,1844,1034,903.4,FALSE
1132871,"bc79187",196,"Film - BW",1979,10000,153,1844,1141.4,903.4,FALSE
1132872,"bc79187",197,"Film - BW",1979,10000,153,1844,1142.6,903.4,FALSE
1132873,"bc79187",198,"Film - BW",1979,10000,153,1844,1054.7,903.4,FALSE
1132875,"bc79187",200,"Film - BW",1979,10000,153,1844,932.8,865,FALSE
1132876,"bc79187",201,"Film - BW",1979,10000,153,1844,1030.6,865,FALSE
1132877,"bc79187",202,"Film - BW",1979,10000,153,1844,1124.6,865,FALSE
1132878,"bc79187",203,"Film - BW",1979,10000,153,1844,1147.3,865,FALSE
1132879,"bc79187",204,"Film - BW",1979,10000,153,1844,1094.2,866.9,FALSE
1132880,"bc79187",205,"Film - BW",1979,10000,153,1844,1012.4,867,FALSE
1132881,"bc79187",206,"Film - BW",1979,10000,153,1844,1024.1,901.5,FALSE
1132882,"bc79187",207,"Film - BW",1979,10000,153,1844,1058.1,902.6,FALSE
1132883,"bc79187",208,"Film - BW",1979,10000,153,1844,1004.7,901.5,FALSE
1132893,"bc79187",218,"Film - BW",1979,10000,153,1844,916.5,887.5,FALSE
1132894,"bc79187",219,"Film - BW",1979,10000,153,1844,939.1,888.5,FALSE
1132895,"bc79187",220,"Film - BW",1979,10000,153,1844,937.6,847.4,FALSE
1132896,"bc79187",221,"Film - BW",1979,10000,153,1844,924.2,847.4,FALSE
1132897,"bc79187",222,"Film - BW",1979,10000,153,1844,911.1,847.4,FALSE
1132904,"bc79187",229,"Film - BW",1979,10000,153,1844,911,933.8,FALSE
1132905,"bc79187",230,"Film - BW",1979,10000,153,1844,1029.6,920.7,FALSE
1132906,"bc79187",231,"Film - BW",1979,10000,153,1844,1115.9,920.7,FALSE
1132907,"bc79187",232,"Film - BW",1979,10000,153,1844,1134.1,919.6,FALSE
1132908,"bc79187",233,"Film - BW",1979,10000,153,1844,1130.8,919.6,FALSE
1132909,"bc79187",234,"Film - BW",1979,10000,153,1844,1126.9,920.7,FALSE
1132910,"bc79187",235,"Film - BW",1979,10000,153,1844,1120.8,906,FALSE
1132911,"bc79187",236,"Film - BW",1979,10000,153,1844,1064.7,906,FALSE
1132912,"bc79187",237,"Film - BW",1979,10000,153,1844,1015.7,906,FALSE
1132913,"bc79187",238,"Film - BW",1979,10000,153,1844,932.2,906,FALSE
1132914,"bc79187",239,"Film - BW",1979,10000,153,1844,890.6,906.2,FALSE
1132915,"bc79187",240,"Film - BW",1979,10000,153,1844,980.9,906.2,FALSE
1132916,"bc79187",241,"Film - BW",1979,10000,153,1844,1111.4,907.1,FALSE
1132917,"bc79187",242,"Film - BW",1979,10000,153,1844,1158.4,811.6,FALSE
1132918,"bc79187",243,"Film - BW",1979,10000,153,1844,1048,811.6,FALSE
1132919,"bc79187",244,"Film - BW",1979,10000,153,1844,943.9,811.6,FALSE
1132920,"bc79187",245,"Film - BW",1979,10000,153,1844,927.8,810.5,FALSE
1132921,"bc79187",246,"Film - BW",1979,10000,153,1844,983.3,810.5,FALSE
1132922,"bc79187",247,"Film - BW",1979,10000,153,1844,1061.4,816.1,FALSE
1132923,"bc79187",248,"Film - BW",1979,10000,153,1844,1143.8,846.8,FALSE
1132924,"bc79187",249,"Film - BW",1979,10000,153,1844,1218.3,846.8,FALSE
1132925,"bc79187",250,"Film - BW",1979,10000,153,1844,1221.2,846.9,FALSE
1132926,"bc79187",251,"Film - BW",1979,10000,153,1844,1168.1,846.9,FALSE
1132927,"bc79187",252,"Film - BW",1979,10000,153,1844,1096.7,851.2,FALSE
1132928,"bc79187",253,"Film - BW",1979,10000,153,1844,912.1,826.1,FALSE
1132929,"bc79187",254,"Film - BW",1979,10000,153,1844,933.7,825.1,FALSE
1132930,"bc79187",255,"Film - BW",1979,10000,153,1844,953.7,824.8,FALSE
1132931,"bc79187",256,"Film - BW",1979,10000,153,1844,983.2,824.8,FALSE
1132932,"bc79187",257,"Film - BW",1979,10000,153,1844,1029.9,824.8,FALSE
1132933,"bc79187",258,"Film - BW",1979,10000,153,1844,1092.7,824.7,FALSE
1132934,"bc79187",259,"Film - BW",1979,10000,153,1844,1137.8,824.7,FALSE
1144301,"bc79206",160,"Film - BW",1979,20000,153,3597,1840.9,1089.4,FALSE
1144891,"bc79212",139,"Film - BW",1979,5000,305,1920,967.1,526.1,FALSE
1144892,"bc79212",140,"Film - BW",1979,5000,305,1920,1025.6,526.1,FALSE
1144893,"bc79212",141,"Film - BW",1979,5000,305,1920,1037.8,526.1,FALSE
1144894,"bc79212",142,"Film - BW",1979,5000,305,1920,1025.2,526.1,FALSE
1144895,"bc79212",143,"Film - BW",1979,5000,305,1920,1026,526.1,FALSE
1144896,"bc79212",144,"Film - BW",1979,5000,305,1920,1046.6,526.1,FALSE
1144897,"bc79212",145,"Film - BW",1979,5000,305,1920,1074.1,528.8,FALSE
1144898,"bc79212",146,"Film - BW",1979,5000,305,1920,1100.7,634.5,FALSE
1144899,"bc79212",147,"Film - BW",1979,5000,305,1920,1132.4,634.5,FALSE
1144900,"bc79212",148,"Film - BW",1979,5000,305,1920,1180.1,637,FALSE
1144901,"bc79212",149,"Film - BW",1979,5000,305,1920,1233.9,637,FALSE
1144902,"bc79212",150,"Film - BW",1979,5000,305,1920,1296.6,637,FALSE
1144903,"bc79212",151,"Film - BW",1979,5000,305,1920,1370.2,637.6,FALSE
1144904,"bc79212",152,"Film - BW",1979,5000,305,1920,1054.7,497.4,FALSE
1144905,"bc79212",153,"Film - BW",1979,5000,305,1920,1045.9,492.1,FALSE
1144906,"bc79212",154,"Film - BW",1979,5000,305,1920,1035.4,492.1,FALSE
1144907,"bc79212",155,"Film - BW",1979,5000,305,1920,1008.8,492.1,FALSE
1144908,"bc79212",156,"Film - BW",1979,5000,305,1920,987.6,492.1,FALSE
1144909,"bc79212",157,"Film - BW",1979,5000,305,1920,988.1,491,FALSE
1144910,"bc79212",158,"Film - BW",1979,5000,305,1920,1006.4,491,FALSE
1144911,"bc79212",159,"Film - BW",1979,5000,305,1920,1016.6,491,FALSE
1144912,"bc79212",160,"Film - BW",1979,5000,305,1920,993.1,491,FALSE
1144913,"bc79212",161,"Film - BW",1979,5000,305,1920,1051,458.5,FALSE
1144914,"bc79212",162,"Film - BW",1979,5000,305,1920,989.4,455.2,FALSE
1144915,"bc79212",163,"Film - BW",1979,5000,305,1920,970.8,455.2,FALSE
1144916,"bc79212",164,"Film - BW",1979,5000,305,1920,988.1,458.5,FALSE
1144917,"bc79212",165,"Film - BW",1979,5000,305,1920,1048.7,457.5,FALSE
1144918,"bc79212",166,"Film - BW",1979,5000,305,1920,1076.6,457.5,FALSE
1144919,"bc79212",167,"Film - BW",1979,5000,305,1920,1098,455.1,FALSE
1144920,"bc79212",168,"Film - BW",1979,5000,305,1920,1116.8,455.1,FALSE
1144921,"bc79212",169,"Film - BW",1979,5000,305,1920,1142.8,458.4,FALSE
1144922,"bc79212",170,"Film - BW",1979,5000,305,1920,1166.4,458.4,FALSE
1144923,"bc79212",171,"Film - BW",1979,5000,305,1920,1192.5,458.4,FALSE
1144924,"bc79212",172,"Film - BW",1979,5000,305,1920,1053.5,475.1,FALSE
1144925,"bc79212",173,"Film - BW",1979,5000,305,1920,993.2,475.1,FALSE
1144927,"bc79212",175,"Film - BW",1979,5000,305,1920,996.9,474,FALSE
1144928,"bc79212",176,"Film - BW",1979,5000,305,1920,1053.8,474,FALSE
1144929,"bc79212",177,"Film - BW",1979,5000,305,1920,1082.6,474,FALSE
1144930,"bc79212",178,"Film - BW",1979,5000,305,1920,1101.5,474,FALSE
1144931,"bc79212",179,"Film - BW",1979,5000,305,1920,1126.4,476.6,FALSE
1144932,"bc79212",180,"Film - BW",1979,5000,305,1920,1155.3,386.9,FALSE
1144933,"bc79212",181,"Film - BW",1979,5000,305,1920,1175.7,386.9,FALSE
1144934,"bc79212",182,"Film - BW",1979,5000,305,1920,1201.8,386.9,FALSE
1144935,"bc79212",183,"Film - BW",1979,5000,305,1920,1228.4,386.9,FALSE
1144936,"bc79212",184,"Film - BW",1979,5000,305,1920,1251.6,386.9,FALSE
1144937,"bc79212",185,"Film - BW",1979,5000,305,1920,1280.5,386.9,FALSE
1144938,"bc79212",186,"Film - BW",1979,5000,305,1920,1322.4,386.9,FALSE
1144939,"bc79212",187,"Film - BW",1979,5000,305,1920,1379.5,386.9,FALSE
1144940,"bc79212",188,"Film - BW",1979,5000,305,1920,1439,386.9,FALSE
1144941,"bc79212",189,"Film - BW",1979,5000,305,1920,1485.2,391.1,FALSE
1144942,"bc79212",190,"Film - BW",1979,5000,305,1920,1037.4,573.2,FALSE
1144943,"bc79212",191,"Film - BW",1979,5000,305,1920,1028,573.2,FALSE
1144944,"bc79212",192,"Film - BW",1979,5000,305,1920,1075.6,573.2,FALSE
1144945,"bc79212",193,"Film - BW",1979,5000,305,1920,1138,573.2,FALSE
1144946,"bc79212",194,"Film - BW",1979,5000,305,1920,1175.2,573.2,FALSE
1144947,"bc79212",195,"Film - BW",1979,5000,305,1920,1214.8,573.2,FALSE
1144948,"bc79212",196,"Film - BW",1979,5000,305,1920,1240.2,573.2,FALSE
1144949,"bc79212",197,"Film - BW",1979,5000,305,1920,1267.9,573.2,FALSE
1144950,"bc79212",198,"Film - BW",1979,5000,305,1920,1322.5,512.9,FALSE
1144951,"bc79212",199,"Film - BW",1979,5000,305,1920,1389.2,512.9,FALSE
1144952,"bc79212",200,"Film - BW",1979,5000,305,1920,1438.9,513.9,FALSE
1144953,"bc79212",201,"Film - BW",1979,5000,305,1920,1465.6,513.9,FALSE
1144954,"bc79212",202,"Film - BW",1979,5000,305,1920,1486,513.8,FALSE
1144955,"bc79212",203,"Film - BW",1979,5000,305,1920,1502,513.8,FALSE
1144956,"bc79212",204,"Film - BW",1979,5000,305,1920,1510.9,513.8,FALSE
1144957,"bc79212",205,"Film - BW",1979,5000,305,1920,1514.4,514.8,FALSE
1144958,"bc79212",206,"Film - BW",1979,5000,305,1920,1526.2,514.8,FALSE
1144959,"bc79212",207,"Film - BW",1979,5000,305,1920,1119.5,1346.5,FALSE
1144960,"bc79212",208,"Film - BW",1979,5000,305,1920,969.8,1346.5,FALSE
1144961,"bc79212",209,"Film - BW",1979,5000,305,1920,1082.9,1345.5,FALSE
1144962,"bc79212",210,"Film - BW",1979,5000,305,1920,1138.6,1345.5,FALSE
1144963,"bc79212",211,"Film - BW",1979,5000,305,1920,1186.9,1347.7,FALSE
1144964,"bc79212",212,"Film - BW",1979,5000,305,1920,1268.8,1350.9,FALSE
725034,"bc80051",226,"Film - BW",1980,20000,153,3505,1642.5,989,FALSE
723239,"bc80052",113,"Film - BW",1980,10000,153,2073,1168.6,632.9,FALSE
723240,"bc80052",114,"Film - BW",1980,10000,153,2073,1242.2,632.9,FALSE
723241,"bc80052",115,"Film - BW",1980,10000,153,2073,1338,647.8,FALSE
733158,"bc80110",23,"Film - BW",1980,5000,305,2073,1149.6,335.4,FALSE
733159,"bc80110",24,"Film - BW",1980,5000,305,2073,1188,341.4,FALSE
733160,"bc80110",25,"Film - BW",1980,5000,305,2073,1252.2,357.4,FALSE
723169,"bc80141",45,"Film - BW",1980,5000,153,914,447.7,365.3,FALSE
785834,"bc81001",55,"Film - BW",1980,10000,153,1585,667.6,794.5,FALSE
785540,"bc81001",70,"Film - BW",1980,10000,153,1737,801.9,554.8,FALSE
785541,"bc81001",71,"Film - BW",1980,10000,153,1737,806.9,554,FALSE
785542,"bc81001",72,"Film - BW",1980,10000,153,1737,796.4,554,FALSE
785553,"bc81001",83,"Film - BW",1980,10000,153,1737,817.1,634.9,FALSE
785565,"bc81001",95,"Film - BW",1980,10000,153,1737,805.1,627.9,FALSE
785566,"bc81001",96,"Film - BW",1980,10000,153,1737,887.7,627.9,FALSE
785764,"bc81001",294,"Film - BW",1980,10000,153,1981,1271.4,491.4,FALSE
785765,"bc81001",295,"Film - BW",1980,10000,153,1981,1257.9,486,FALSE
785766,"bc81001",296,"Film - BW",1980,10000,153,1981,1225.1,481.8,FALSE
785767,"bc81001",297,"Film - BW",1980,10000,153,1981,1176.6,481.8,FALSE
785768,"bc81001",298,"Film - BW",1980,10000,153,1981,1130.9,481.9,FALSE
785769,"bc81001",299,"Film - BW",1980,10000,153,1981,1091.3,481.9,FALSE
785770,"bc81001",300,"Film - BW",1980,10000,153,1981,1055.2,482.8,FALSE
786133,"bc81002",300,"Film - BW",1981,12000,153,2286,1203.1,963.6,FALSE
809488,"bc81023",12,"Film - BW",1981,5000,153,792,314,360.8,FALSE
809507,"bc81023",31,"Film - BW",1981,5000,153,792,371.9,322.1,FALSE
809508,"bc81023",32,"Film - BW",1981,5000,153,792,482.6,322.1,FALSE
809509,"bc81023",33,"Film - BW",1981,5000,153,792,530.3,322.1,FALSE
809510,"bc81023",34,"Film - BW",1981,5000,153,792,537.1,322.1,FALSE
809511,"bc81023",35,"Film - BW",1981,5000,153,792,512.6,322.1,FALSE
809512,"bc81023",36,"Film - BW",1981,5000,153,792,502.4,322.1,FALSE
809513,"bc81023",37,"Film - BW",1981,5000,153,792,484.8,322.1,FALSE
809514,"bc81023",38,"Film - BW",1981,5000,153,792,429.8,322.1,FALSE
809515,"bc81023",39,"Film - BW",1981,5000,153,792,331.9,322.1,FALSE
786592,"bc81024",103,"Film - BW",1981,10000,153,2012,1060.3,499.5,FALSE
786593,"bc81024",104,"Film - BW",1981,10000,153,2012,1140.4,492.4,FALSE
786594,"bc81024",105,"Film - BW",1981,10000,153,2012,1199,492.4,FALSE
786595,"bc81024",106,"Film - BW",1981,10000,153,2012,1228.7,506.9,FALSE
805213,"bc81026",124,"Film - BW",1981,10000,305,2560,1059.1,451,FALSE
805214,"bc81026",125,"Film - BW",1981,10000,305,2560,1014.6,448.1,FALSE
805215,"bc81026",126,"Film - BW",1981,10000,305,2560,976,448.1,FALSE
805216,"bc81026",127,"Film - BW",1981,10000,305,2560,939.3,443.3,FALSE
805217,"bc81026",128,"Film - BW",1981,10000,305,2560,909.3,443.3,FALSE
805218,"bc81026",129,"Film - BW",1981,10000,305,2560,890.9,448.1,FALSE
805219,"bc81026",130,"Film - BW",1981,10000,305,2560,871.5,448.1,FALSE
805220,"bc81026",131,"Film - BW",1981,10000,305,2560,868.5,588.9,FALSE
805221,"bc81026",132,"Film - BW",1981,10000,305,2560,873.7,588.9,FALSE
805222,"bc81026",133,"Film - BW",1981,10000,305,2560,895.1,588.9,FALSE
805223,"bc81026",134,"Film - BW",1981,10000,305,2560,916.9,588.1,FALSE
805224,"bc81026",135,"Film - BW",1981,10000,305,2560,925,588.1,FALSE
805225,"bc81026",136,"Film - BW",1981,10000,305,2560,920.7,613,FALSE
805226,"bc81026",137,"Film - BW",1981,10000,305,2560,898.1,611.4,FALSE
805227,"bc81026",138,"Film - BW",1981,10000,305,2560,880.4,611.4,FALSE
805228,"bc81026",139,"Film - BW",1981,10000,305,2560,890.8,612.1,FALSE
805229,"bc81026",140,"Film - BW",1981,10000,305,2560,881.3,616.7,FALSE
805230,"bc81026",141,"Film - BW",1981,10000,305,2560,882,701.6,FALSE
805231,"bc81026",142,"Film - BW",1981,10000,305,2560,878.5,701.5,FALSE
805232,"bc81026",143,"Film - BW",1981,10000,305,2560,859.2,700.7,FALSE
805233,"bc81026",144,"Film - BW",1981,10000,305,2560,850.6,700.7,FALSE
805234,"bc81026",145,"Film - BW",1981,10000,305,2560,836.4,695.7,FALSE
805235,"bc81026",146,"Film - BW",1981,10000,305,2560,800.9,695.7,FALSE
805236,"bc81026",147,"Film - BW",1981,10000,305,2560,791.4,701.4,FALSE
805237,"bc81026",148,"Film - BW",1981,10000,305,2560,776.9,700.5,FALSE
805238,"bc81026",149,"Film - BW",1981,10000,305,2560,707.1,700.5,FALSE
800433,"bc81029",215,"Film - BW",1981,10000,153,1554,623.9,690.9,FALSE
800434,"bc81029",216,"Film - BW",1981,10000,153,1554,647.7,690.9,FALSE
795952,"bc81040",88,"Film - BW",1981,5000,305,1707,765.8,390.4,FALSE
808324,"bc81052",165,"Film - BW",1981,10000,153,2438,1500.6,384,FALSE
808325,"bc81052",166,"Film - BW",1981,10000,153,2438,1596.2,384,FALSE
808326,"bc81052",167,"Film - BW",1981,10000,153,2438,1676.5,384,FALSE
808327,"bc81052",168,"Film - BW",1981,10000,153,2438,1740,384,FALSE
808328,"bc81052",169,"Film - BW",1981,10000,153,2438,1783.3,384,FALSE
808329,"bc81052",170,"Film - BW",1981,10000,153,2438,1795.5,384,FALSE
808330,"bc81052",171,"Film - BW",1981,10000,153,2438,1778,384,FALSE
808331,"bc81052",172,"Film - BW",1981,10000,153,2438,1719.9,384,FALSE
808332,"bc81052",173,"Film - BW",1981,10000,153,2438,1620.2,383.9,FALSE
808333,"bc81052",174,"Film - BW",1981,10000,153,2438,1486.4,383.9,FALSE
808342,"bc81052",183,"Film - BW",1981,10000,153,2438,1535.4,383.8,FALSE
808343,"bc81052",184,"Film - BW",1981,10000,153,2438,1606.4,383.8,FALSE
808344,"bc81052",185,"Film - BW",1981,10000,153,2438,1632.5,383.8,FALSE
808345,"bc81052",186,"Film - BW",1981,10000,153,2438,1615.7,383.8,FALSE
808346,"bc81052",187,"Film - BW",1981,10000,153,2438,1581.2,383.8,FALSE
808347,"bc81052",188,"Film - BW",1981,10000,153,2438,1549.7,383.8,FALSE
808348,"bc81052",189,"Film - BW",1981,10000,153,2438,1518.8,383.8,FALSE
808349,"bc81052",190,"Film - BW",1981,10000,153,2438,1488.5,383.8,FALSE
806159,"bc81071",252,"Film - BW",1981,10000,153,1615,687.9,528.1,FALSE
806160,"bc81071",253,"Film - BW",1981,10000,153,1615,745.2,528.1,FALSE
806182,"bc81072",22,"Film - BW",1981,10000,153,1615,786.7,476.8,FALSE
806183,"bc81072",23,"Film - BW",1981,10000,153,1615,891.7,476.8,FALSE
806184,"bc81072",24,"Film - BW",1981,10000,153,1615,972.9,475.7,FALSE
806185,"bc81072",25,"Film - BW",1981,10000,153,1615,986.2,475.7,FALSE
806186,"bc81072",26,"Film - BW",1981,10000,153,1615,907.3,475.2,FALSE
806187,"bc81072",27,"Film - BW",1981,10000,153,1615,760.6,475.2,FALSE
806388,"bc81075",122,"Film - BW",1981,10000,153,1554,1466.1,517,FALSE
806389,"bc81075",123,"Film - BW",1981,10000,153,1554,1492.8,510,FALSE
806390,"bc81075",124,"Film - BW",1981,10000,153,1554,1533.2,510,FALSE
806395,"bc81075",129,"Film - BW",1981,10000,153,1554,1553.6,644.1,FALSE
806396,"bc81075",130,"Film - BW",1981,10000,153,1554,1512.5,530.8,FALSE
806397,"bc81075",131,"Film - BW",1981,10000,153,1554,1485.2,523.7,FALSE
806398,"bc81075",132,"Film - BW",1981,10000,153,1554,1469,523.7,FALSE
806399,"bc81075",133,"Film - BW",1981,10000,153,1554,1482,530.8,FALSE
806400,"bc81075",134,"Film - BW",1981,10000,153,1554,1528.9,530.8,FALSE
806402,"bc81075",136,"Film - BW",1981,10000,153,1554,1494.8,714.6,FALSE
806408,"bc81075",142,"Film - BW",1981,10000,153,1554,1552,714.6,FALSE
806409,"bc81075",143,"Film - BW",1981,10000,153,1554,1514.1,714.6,FALSE
806410,"bc81075",144,"Film - BW",1981,10000,153,1554,1485.1,714.6,FALSE
806411,"bc81075",145,"Film - BW",1981,10000,153,1554,1471.7,714.6,FALSE
806412,"bc81075",146,"Film - BW",1981,10000,153,1554,1454.4,714.6,FALSE
806413,"bc81075",147,"Film - BW",1981,10000,153,1554,1427.6,714.6,FALSE
806414,"bc81075",148,"Film - BW",1981,10000,153,1554,1385,714.6,FALSE
806415,"bc81075",149,"Film - BW",1981,10000,153,1554,1334.4,714.6,FALSE
806416,"bc81075",150,"Film - BW",1981,10000,153,1554,1302.4,714.6,FALSE
806417,"bc81075",151,"Film - BW",1981,10000,153,1554,1514,615.4,FALSE
806453,"bc81075",248,"Film - BW",1981,10000,153,1676,1604.8,687.1,FALSE
806454,"bc81075",249,"Film - BW",1981,10000,153,1676,1553,680.1,FALSE
806455,"bc81075",250,"Film - BW",1981,10000,153,1676,1451.4,680.1,FALSE
806456,"bc81075",251,"Film - BW",1981,10000,153,1676,1303.6,678,FALSE
806457,"bc81075",252,"Film - BW",1981,10000,153,1676,1141.5,678,FALSE
806458,"bc81075",253,"Film - BW",1981,10000,153,1676,1038.6,680.2,FALSE
806459,"bc81075",254,"Film - BW",1981,10000,153,1676,1021.9,681.2,FALSE
806460,"bc81075",255,"Film - BW",1981,10000,153,1676,1038,678,FALSE
806461,"bc81075",256,"Film - BW",1981,10000,153,1676,1038.2,678,FALSE
806462,"bc81089",1,"Film - BW",1981,10000,153,1676,952.5,506.8,FALSE
806463,"bc81089",2,"Film - BW",1981,10000,153,1676,1005.7,506.8,FALSE
806464,"bc81089",3,"Film - BW",1981,10000,153,1676,974.3,506.8,FALSE
806465,"bc81089",4,"Film - BW",1981,10000,153,1676,912.8,504.2,FALSE
806466,"bc81089",5,"Film - BW",1981,10000,153,1676,858.8,504.2,FALSE
806467,"bc81089",6,"Film - BW",1981,10000,153,1676,832.7,505,FALSE
806468,"bc81089",7,"Film - BW",1981,10000,153,1676,885.9,503.9,FALSE
806469,"bc81089",8,"Film - BW",1981,10000,153,1676,946.6,503.9,FALSE
806470,"bc81089",9,"Film - BW",1981,10000,153,1676,998.6,503.9,FALSE
806471,"bc81089",10,"Film - BW",1981,10000,153,1676,1074.8,508,FALSE
806472,"bc81089",11,"Film - BW",1981,10000,153,1676,1166,525.9,FALSE
806473,"bc81089",12,"Film - BW",1981,10000,153,1676,1249.9,524.9,FALSE
806474,"bc81089",13,"Film - BW",1981,10000,153,1676,1299.8,524.9,FALSE
806475,"bc81089",14,"Film - BW",1981,10000,153,1676,1346.3,525.9,FALSE
806476,"bc81089",15,"Film - BW",1981,10000,153,1676,1391.4,525.9,FALSE
806477,"bc81089",16,"Film - BW",1981,10000,153,1676,1440.4,525.9,FALSE
806478,"bc81089",17,"Film - BW",1981,10000,153,1676,1470.9,525.9,FALSE
806479,"bc81089",18,"Film - BW",1981,10000,153,1676,1491,525.9,FALSE
806480,"bc81089",19,"Film - BW",1981,10000,153,1676,1477.3,525.9,FALSE
806481,"bc81089",20,"Film - BW",1981,10000,153,1676,1428.6,529,FALSE
806482,"bc81089",21,"Film - BW",1981,10000,153,1676,1394.7,584.5,FALSE
806483,"bc81089",22,"Film - BW",1981,10000,153,1676,1353.4,584.5,FALSE
806484,"bc81089",23,"Film - BW",1981,10000,153,1676,1339,585.3,FALSE
806485,"bc81089",24,"Film - BW",1981,10000,153,1676,1347.9,585.3,FALSE
806486,"bc81089",25,"Film - BW",1981,10000,153,1676,1369.6,591.3,FALSE
806490,"bc81089",29,"Film - BW",1981,20000,153,3353,1485.7,1364.5,FALSE
806491,"bc81089",30,"Film - BW",1981,20000,153,3353,1629.5,1364.5,FALSE
806492,"bc81089",31,"Film - BW",1981,20000,153,3353,1625.6,1364.5,FALSE
806493,"bc81089",32,"Film - BW",1981,20000,153,3353,1522.8,1403.9,FALSE
806494,"bc81089",33,"Film - BW",1981,20000,153,3353,1453,1403.8,FALSE
806430,"bc81089",102,"Film - BW",1981,20000,153,3109,1422.1,1421.8,FALSE
806431,"bc81089",103,"Film - BW",1981,20000,153,3109,1551.6,1421.8,FALSE
806432,"bc81089",104,"Film - BW",1981,20000,153,3109,1564,1428.8,FALSE
806433,"bc81089",105,"Film - BW",1981,20000,153,3109,1534.4,1428.8,FALSE
806434,"bc81089",106,"Film - BW",1981,20000,153,3109,1513.5,1556.1,FALSE
806435,"bc81089",107,"Film - BW",1981,20000,153,3109,1468.5,1563.2,FALSE
806436,"bc81089",108,"Film - BW",1981,20000,153,3109,1377.4,1556.1,FALSE
806437,"bc81089",109,"Film - BW",1981,20000,153,3109,1327.8,1556.1,FALSE
806438,"bc81089",110,"Film - BW",1981,20000,153,3109,1405.6,1727.6,FALSE
806439,"bc81089",111,"Film - BW",1981,20000,153,3109,1460.4,1733.5,FALSE
806440,"bc81089",112,"Film - BW",1981,20000,153,3109,1529.7,1733.5,FALSE
806441,"bc81089",113,"Film - BW",1981,20000,153,3109,1559.8,1733.5,FALSE
806442,"bc81089",114,"Film - BW",1981,20000,153,3109,1581.7,1733.5,FALSE
806443,"bc81089",115,"Film - BW",1981,20000,153,3109,1578.6,1450.5,FALSE
806444,"bc81089",116,"Film - BW",1981,20000,153,3109,1461.8,1450.5,FALSE
806445,"bc81089",117,"Film - BW",1981,20000,153,3109,1237.5,1450.5,FALSE
806446,"bc81089",118,"Film - BW",1981,20000,153,3109,1394.3,1642.7,FALSE
806447,"bc81089",119,"Film - BW",1981,20000,153,3109,1495.8,1642.7,FALSE
806448,"bc81089",120,"Film - BW",1981,20000,153,3109,1569.2,1402.9,FALSE
806449,"bc81089",121,"Film - BW",1981,20000,153,3109,1640.1,1395.7,FALSE
806450,"bc81089",122,"Film - BW",1981,20000,153,3109,1674.6,1395.7,FALSE
806451,"bc81089",123,"Film - BW",1981,20000,153,3109,1640.9,1402.8,FALSE
806452,"bc81089",124,"Film - BW",1981,20000,153,3109,1618.1,1402.9,FALSE
806506,"bc81092",64,"Film - BW",1981,10000,153,1676,1417.1,667.3,FALSE
806507,"bc81092",65,"Film - BW",1981,10000,153,1676,1463.8,667.3,FALSE
806508,"bc81092",66,"Film - BW",1981,10000,153,1676,1529.8,668.4,FALSE
806509,"bc81092",67,"Film - BW",1981,10000,153,1676,1584,667.3,FALSE
806510,"bc81092",68,"Film - BW",1981,10000,153,1676,1580.4,667.3,FALSE
806511,"bc81092",69,"Film - BW",1981,10000,153,1676,1517,668.4,FALSE
806512,"bc81092",70,"Film - BW",1981,10000,153,1676,1387.8,664.8,FALSE
806513,"bc81092",71,"Film - BW",1981,10000,153,1676,1243.4,664.8,FALSE
806514,"bc81092",72,"Film - BW",1981,10000,153,1676,1110.9,664.3,FALSE
806515,"bc81092",73,"Film - BW",1981,10000,153,1676,1000.3,664.3,FALSE
806516,"bc81092",74,"Film - BW",1981,10000,153,1676,912,664.8,FALSE
806517,"bc81092",75,"Film - BW",1981,10000,153,1676,856.7,665.4,FALSE
806518,"bc81092",76,"Film - BW",1981,10000,153,1676,821.1,665.4,FALSE
806519,"bc81092",77,"Film - BW",1981,10000,153,1676,779.6,667.6,FALSE
806520,"bc81092",78,"Film - BW",1981,10000,153,1676,930.1,717.8,FALSE
806521,"bc81092",79,"Film - BW",1981,10000,153,1676,1146.8,711.8,FALSE
806522,"bc81092",80,"Film - BW",1981,10000,153,1676,1377.4,711.8,FALSE
806523,"bc81092",81,"Film - BW",1981,10000,153,1676,1537.1,711.9,FALSE
806524,"bc81092",82,"Film - BW",1981,10000,153,1676,1568.6,711.9,FALSE
806525,"bc81092",83,"Film - BW",1981,10000,153,1676,1515.8,712,FALSE
806526,"bc81092",84,"Film - BW",1981,10000,153,1676,1431.4,712,FALSE
806527,"bc81092",85,"Film - BW",1981,10000,153,1676,1356.2,713.8,FALSE
806528,"bc81092",86,"Film - BW",1981,10000,153,1676,1133.7,654.6,FALSE
806529,"bc81092",87,"Film - BW",1981,10000,153,1676,1068.6,654.6,FALSE
806530,"bc81092",88,"Film - BW",1981,10000,153,1676,1003.3,654.6,FALSE
806531,"bc81092",89,"Film - BW",1981,10000,153,1676,958.1,654.6,FALSE
806532,"bc81092",90,"Film - BW",1981,10000,153,1676,945.9,655.4,FALSE
806533,"bc81092",91,"Film - BW",1981,10000,153,1676,984.1,716.5,FALSE
806534,"bc81092",92,"Film - BW",1981,10000,153,1676,1037,716.5,FALSE
806535,"bc81092",93,"Film - BW",1981,10000,153,1676,1080,717.2,FALSE
806536,"bc81092",94,"Film - BW",1981,10000,153,1676,1116.2,712.2,FALSE
806537,"bc81092",95,"Film - BW",1981,10000,153,1676,1158,712.2,FALSE
806538,"bc81092",96,"Film - BW",1981,10000,153,1676,1205.7,716.3,FALSE
806539,"bc81092",97,"Film - BW",1981,10000,153,1676,1244.7,716.3,FALSE
806540,"bc81092",98,"Film - BW",1981,10000,153,1676,1230.6,722.1,FALSE
811038,"bc81092",138,"Film - BW",1981,10000,153,2057,1120.8,614.2,FALSE
811039,"bc81092",139,"Film - BW",1981,10000,153,2057,1252,618.9,FALSE
811040,"bc81092",140,"Film - BW",1981,10000,153,2057,1334.6,627.7,FALSE
811109,"bc81093",20,"Film - BW",1981,10000,153,2057,1137.4,654.4,FALSE
811110,"bc81093",21,"Film - BW",1981,10000,153,2057,1193.6,654.5,FALSE
811111,"bc81093",22,"Film - BW",1981,10000,153,2057,1257.6,654.5,FALSE
811112,"bc81093",23,"Film - BW",1981,10000,153,2057,1268.8,660.5,FALSE
811113,"bc81093",24,"Film - BW",1981,10000,153,2057,1123.8,581.1,FALSE
807134,"bc81105",141,"Film - BW",1981,10000,153,2195,1300.1,826.4,FALSE
807135,"bc81105",142,"Film - BW",1981,10000,153,2195,1617.4,833,FALSE
807164,"bc81105",171,"Film - BW",1981,10000,153,2195,1267.1,453,FALSE
806906,"bc81111",121,"Film - BW",1981,10000,153,2073,1820.8,895.7,FALSE
806907,"bc81111",122,"Film - BW",1981,10000,153,2073,1683.5,895.7,FALSE
806908,"bc81111",123,"Film - BW",1981,10000,153,2073,1702.2,907.5,FALSE
807744,"bc81120",1,"Film - BW",1981,20000,153,3536,1698.7,812.4,FALSE
807745,"bc81120",2,"Film - BW",1981,20000,153,3536,1709.7,810.1,FALSE
807746,"bc81120",3,"Film - BW",1981,20000,153,3536,1724.3,810.1,FALSE
807747,"bc81120",4,"Film - BW",1981,20000,153,3536,1730.1,810.1,FALSE
807748,"bc81120",5,"Film - BW",1981,20000,153,3536,1720.6,811.2,FALSE
807749,"bc81120",6,"Film - BW",1981,20000,153,3536,1698.1,810.1,FALSE
807750,"bc81120",7,"Film - BW",1981,20000,153,3536,1673.8,810.1,FALSE
807751,"bc81120",8,"Film - BW",1981,20000,153,3536,1648.8,810.1,FALSE
807752,"bc81120",9,"Film - BW",1981,20000,153,3536,1628.9,811.2,FALSE
807754,"bc81120",11,"Film - BW",1981,20000,153,3536,1628.1,810,FALSE
807755,"bc81120",12,"Film - BW",1981,20000,153,3536,1642.4,810,FALSE
807756,"bc81120",13,"Film - BW",1981,20000,153,3536,1660.6,811.1,FALSE
807757,"bc81120",14,"Film - BW",1981,20000,153,3536,1680.1,810,FALSE
807758,"bc81120",15,"Film - BW",1981,20000,153,3536,1706.3,810,FALSE
807759,"bc81120",16,"Film - BW",1981,20000,153,3536,1734,810,FALSE
807760,"bc81120",17,"Film - BW",1981,20000,153,3536,1769.6,810,FALSE
807761,"bc81120",18,"Film - BW",1981,20000,153,3536,1810,810,FALSE
807762,"bc81120",19,"Film - BW",1981,20000,153,3536,1840.5,811.1,FALSE
807763,"bc81120",20,"Film - BW",1981,20000,153,3536,1874.1,810,FALSE
807764,"bc81120",21,"Film - BW",1981,20000,153,3536,1904.4,810,FALSE
807765,"bc81120",22,"Film - BW",1981,20000,153,3536,1919.7,810,FALSE
807766,"bc81120",23,"Film - BW",1981,20000,153,3536,1915.1,810,FALSE
807767,"bc81120",24,"Film - BW",1981,20000,153,3536,1899.5,809.9,FALSE
807768,"bc81120",25,"Film - BW",1981,20000,153,3536,1884.5,809.9,FALSE
807769,"bc81120",26,"Film - BW",1981,20000,153,3536,1848.4,810,FALSE
807770,"bc81120",27,"Film - BW",1981,20000,153,3536,1801.3,811,FALSE
807771,"bc81120",28,"Film - BW",1981,20000,153,3536,1748.3,809.9,FALSE
807772,"bc81120",29,"Film - BW",1981,20000,153,3536,1692.5,809.9,FALSE
807773,"bc81120",30,"Film - BW",1981,20000,153,3536,1639,811,FALSE
807804,"bc81120",61,"Film - BW",1981,20000,153,3536,1636.9,957.9,FALSE
807805,"bc81120",62,"Film - BW",1981,20000,153,3536,1701.2,957.9,FALSE
807806,"bc81120",63,"Film - BW",1981,20000,153,3536,1765.6,957.9,FALSE
807807,"bc81120",64,"Film - BW",1981,20000,153,3536,1821.4,957.9,FALSE
807808,"bc81120",65,"Film - BW",1981,20000,153,3536,1863,957.9,FALSE
807809,"bc81120",66,"Film - BW",1981,20000,153,3536,1874.5,957.9,FALSE
807810,"bc81120",67,"Film - BW",1981,20000,153,3536,1872.8,957.9,FALSE
807811,"bc81120",68,"Film - BW",1981,20000,153,3536,1857.7,958,FALSE
807812,"bc81120",69,"Film - BW",1981,20000,153,3536,1832,958,FALSE
807813,"bc81120",70,"Film - BW",1981,20000,153,3536,1806.9,769.9,FALSE
807814,"bc81120",71,"Film - BW",1981,20000,153,3536,1790.6,769.9,FALSE
807815,"bc81120",72,"Film - BW",1981,20000,153,3536,1776.7,769.9,FALSE
807816,"bc81120",73,"Film - BW",1981,20000,153,3536,1772,770,FALSE
807817,"bc81120",74,"Film - BW",1981,20000,153,3536,1769.3,770,FALSE
807818,"bc81120",75,"Film - BW",1981,20000,153,3536,1775.9,774.4,FALSE
807819,"bc81120",76,"Film - BW",1981,20000,153,3536,1789.8,783.2,FALSE
807820,"bc81120",77,"Film - BW",1981,20000,153,3536,1803.8,783.3,FALSE
807821,"bc81120",78,"Film - BW",1981,20000,153,3536,1827.4,783.3,FALSE
807822,"bc81120",79,"Film - BW",1981,20000,153,3536,1835.7,783.3,FALSE
807823,"bc81120",80,"Film - BW",1981,20000,153,3536,1835.2,783.3,FALSE
807824,"bc81120",81,"Film - BW",1981,20000,153,3536,1839,783.3,FALSE
807825,"bc81120",82,"Film - BW",1981,20000,153,3536,1851.2,783.3,FALSE
807826,"bc81120",83,"Film - BW",1981,20000,153,3536,1876.7,783.3,FALSE
807827,"bc81120",84,"Film - BW",1981,20000,153,3536,1908,783.3,FALSE
807828,"bc81120",85,"Film - BW",1981,20000,153,3536,1947.9,784.4,FALSE
807829,"bc81120",86,"Film - BW",1981,20000,153,3536,1990.6,894.7,FALSE
807830,"bc81120",87,"Film - BW",1981,20000,153,3536,2023.8,895.3,FALSE
807831,"bc81120",88,"Film - BW",1981,20000,153,3536,2045.1,894.7,FALSE
807832,"bc81120",89,"Film - BW",1981,20000,153,3536,2038.4,894.7,FALSE
807833,"bc81120",90,"Film - BW",1981,20000,153,3536,2012.1,898,FALSE
807834,"bc81120",91,"Film - BW",1981,20000,153,3536,1966.4,987.2,FALSE
807835,"bc81120",92,"Film - BW",1981,20000,153,3536,1935.8,987.2,FALSE
807836,"bc81120",93,"Film - BW",1981,20000,153,3536,1881.2,987.2,FALSE
807837,"bc81120",94,"Film - BW",1981,20000,153,3536,1826.3,987.3,FALSE
807838,"bc81120",95,"Film - BW",1981,20000,153,3536,1806.4,987.3,FALSE
807839,"bc81120",96,"Film - BW",1981,20000,153,3536,1809.1,987.3,FALSE
807840,"bc81120",97,"Film - BW",1981,20000,153,3536,1845.8,991.7,FALSE
807841,"bc81120",98,"Film - BW",1981,20000,153,3536,2178.9,765,FALSE
807842,"bc81120",99,"Film - BW",1981,20000,153,3536,2157.5,757.9,FALSE
807843,"bc81120",100,"Film - BW",1981,20000,153,3536,2177.6,757.9,FALSE
807844,"bc81120",101,"Film - BW",1981,20000,153,3536,2195.9,757.9,FALSE
807845,"bc81120",102,"Film - BW",1981,20000,153,3536,2227.4,757.9,FALSE
807846,"bc81120",103,"Film - BW",1981,20000,153,3536,2277.5,757.9,FALSE
807847,"bc81120",104,"Film - BW",1981,20000,153,3536,2318.7,758.3,FALSE
807848,"bc81120",105,"Film - BW",1981,20000,153,3536,2361.7,715,FALSE
807849,"bc81120",106,"Film - BW",1981,20000,153,3536,2355,711.1,FALSE
807850,"bc81120",107,"Film - BW",1981,20000,153,3536,2341,711.1,FALSE
807851,"bc81120",108,"Film - BW",1981,20000,153,3536,2302.2,711.1,FALSE
807852,"bc81120",109,"Film - BW",1981,20000,153,3536,2241,711.1,FALSE
807853,"bc81120",110,"Film - BW",1981,20000,153,3536,2181.6,711.1,FALSE
807854,"bc81120",111,"Film - BW",1981,20000,153,3536,2108.6,711.1,FALSE
807855,"bc81120",112,"Film - BW",1981,20000,153,3536,2040.6,711.1,FALSE
807856,"bc81120",113,"Film - BW",1981,20000,153,3536,1809.9,929.1,FALSE
807857,"bc81120",114,"Film - BW",1981,20000,153,3536,1745.3,903.6,FALSE
807858,"bc81120",115,"Film - BW",1981,20000,153,3536,1677.7,903.6,FALSE
807859,"bc81120",116,"Film - BW",1981,20000,153,3536,1627.4,903.6,FALSE
807875,"bc81120",132,"Film - BW",1981,20000,153,3536,1643.8,903.5,FALSE
807876,"bc81120",133,"Film - BW",1981,20000,153,3536,1725.5,903.4,FALSE
807877,"bc81120",134,"Film - BW",1981,20000,153,3536,1778.2,902.3,FALSE
807878,"bc81120",135,"Film - BW",1981,20000,153,3536,1862.8,902.3,FALSE
807879,"bc81120",136,"Film - BW",1981,20000,153,3536,1935.8,902.3,FALSE
807880,"bc81120",137,"Film - BW",1981,20000,153,3536,1956.6,902.3,FALSE
807881,"bc81120",138,"Film - BW",1981,20000,153,3536,1912,902.3,FALSE
807882,"bc81120",139,"Film - BW",1981,20000,153,3536,1883.1,902.3,FALSE
807883,"bc81120",140,"Film - BW",1981,20000,153,3536,1870.1,903.4,FALSE
807884,"bc81120",141,"Film - BW",1981,20000,153,3536,1865.8,903.4,FALSE
807885,"bc81120",142,"Film - BW",1981,20000,153,3536,1887.4,903.4,FALSE
820267,"bc82039",1,"Film - BW",1982,10000,153,1981,1120,561.2,FALSE
820268,"bc82039",2,"Film - BW",1982,10000,153,1981,1045.2,561.2,FALSE
820276,"bc82039",10,"Film - BW",1982,10000,153,1981,1058,561.3,FALSE
820277,"bc82039",11,"Film - BW",1982,10000,153,1981,1233.5,561.3,FALSE
820278,"bc82039",12,"Film - BW",1982,10000,153,1981,1342.7,561.3,FALSE
820279,"bc82039",13,"Film - BW",1982,10000,153,1981,1377.2,561.3,FALSE
820280,"bc82039",14,"Film - BW",1982,10000,153,1981,1333.2,561.3,FALSE
820281,"bc82039",15,"Film - BW",1982,10000,153,1981,1288.7,561.3,FALSE
820282,"bc82039",16,"Film - BW",1982,10000,153,1981,1291.7,569.1,FALSE
820283,"bc82039",17,"Film - BW",1982,10000,153,1981,1247.6,540.2,FALSE
820284,"bc82039",18,"Film - BW",1982,10000,153,1981,1178.1,540.2,FALSE
820285,"bc82039",19,"Film - BW",1982,10000,153,1981,1085.2,540.2,FALSE
820294,"bc82039",28,"Film - BW",1982,10000,153,1981,1070.6,533,FALSE
820295,"bc82039",29,"Film - BW",1982,10000,153,1981,1140.2,540.2,FALSE
820296,"bc82039",30,"Film - BW",1982,10000,153,1981,1249.4,555,FALSE
820585,"bc82042",81,"Film - BW",1982,20000,153,3505,1779.7,1384.4,FALSE
820586,"bc82042",82,"Film - BW",1982,20000,153,3505,1788.5,1381,FALSE
820587,"bc82042",83,"Film - BW",1982,20000,153,3505,1733.8,1381,FALSE
820588,"bc82042",84,"Film - BW",1982,20000,153,3505,1624.4,1382.1,FALSE
820326,"bc82044",1,"Film - BW",1982,10000,305,2347,835.8,721,FALSE
820327,"bc82044",2,"Film - BW",1982,10000,305,2347,843,721,FALSE
820328,"bc82044",3,"Film - BW",1982,10000,305,2347,844.7,721.9,FALSE
820329,"bc82044",4,"Film - BW",1982,10000,305,2347,860.8,721.8,FALSE
820330,"bc82044",5,"Film - BW",1982,10000,305,2347,918.3,721.8,FALSE
820331,"bc82044",6,"Film - BW",1982,10000,305,2347,823.6,493.5,FALSE
820332,"bc82044",7,"Film - BW",1982,10000,305,2347,820.1,486.4,FALSE
820333,"bc82044",8,"Film - BW",1982,10000,305,2347,816.8,486.4,FALSE
820334,"bc82044",9,"Film - BW",1982,10000,305,2347,819.7,493,FALSE
820335,"bc82044",10,"Film - BW",1982,10000,305,2347,822.2,493.9,FALSE
820336,"bc82044",11,"Film - BW",1982,10000,305,2347,822,658.9,FALSE
820337,"bc82044",12,"Film - BW",1982,10000,305,2347,825.1,658.9,FALSE
820338,"bc82044",13,"Film - BW",1982,10000,305,2347,830.7,659.3,FALSE
820339,"bc82044",14,"Film - BW",1982,10000,305,2347,833.1,659.2,FALSE
820340,"bc82044",15,"Film - BW",1982,10000,305,2347,857,659.2,FALSE
819400,"bc82044",16,"Film - BW",1982,10000,305,2743,1062.4,489.9,FALSE
819401,"bc82044",17,"Film - BW",1982,10000,305,2743,1062,489.1,FALSE
819402,"bc82044",18,"Film - BW",1982,10000,305,2743,1067.2,489.1,FALSE
819403,"bc82044",19,"Film - BW",1982,10000,305,2743,1077.4,489.1,FALSE
819404,"bc82044",20,"Film - BW",1982,10000,305,2743,1088.6,489.1,FALSE
819405,"bc82044",21,"Film - BW",1982,10000,305,2743,1096.6,489.1,FALSE
819406,"bc82044",22,"Film - BW",1982,10000,305,2743,1104.1,489.1,FALSE
819407,"bc82044",23,"Film - BW",1982,10000,305,2743,1108,489.1,FALSE
819408,"bc82044",24,"Film - BW",1982,10000,305,2743,1112.6,489.1,FALSE
819409,"bc82044",25,"Film - BW",1982,10000,305,2743,1119.3,489,FALSE
819410,"bc82044",26,"Film - BW",1982,10000,305,2743,1125.2,489,FALSE
819411,"bc82044",27,"Film - BW",1982,10000,305,2743,1133.7,488.8,FALSE
819412,"bc82044",28,"Film - BW",1982,10000,305,2743,1140.4,488.8,FALSE
819413,"bc82044",29,"Film - BW",1982,10000,305,2743,1146,489,FALSE
819414,"bc82044",30,"Film - BW",1982,10000,305,2743,1151.6,489,FALSE
819415,"bc82044",31,"Film - BW",1982,10000,305,2743,1154,499,FALSE
819416,"bc82044",32,"Film - BW",1982,10000,305,2743,1394.6,397.3,FALSE
819417,"bc82044",33,"Film - BW",1982,10000,305,2743,1394.6,390.7,FALSE
819418,"bc82044",34,"Film - BW",1982,10000,305,2743,1385.5,390.7,FALSE
819419,"bc82044",35,"Film - BW",1982,10000,305,2743,1374,390.7,FALSE
819420,"bc82044",36,"Film - BW",1982,10000,305,2743,1361.3,390.7,FALSE
819421,"bc82044",37,"Film - BW",1982,10000,305,2743,1350.3,390.7,FALSE
819422,"bc82044",38,"Film - BW",1982,10000,305,2743,1338.3,390.7,FALSE
819423,"bc82044",39,"Film - BW",1982,10000,305,2743,1325,390.7,FALSE
819424,"bc82044",40,"Film - BW",1982,10000,305,2743,1311.1,390.7,FALSE
819425,"bc82044",41,"Film - BW",1982,10000,305,2743,1292.9,432.9,FALSE
819426,"bc82044",42,"Film - BW",1982,10000,305,2743,1269.6,432.9,FALSE
819427,"bc82044",43,"Film - BW",1982,10000,305,2743,1240.3,433,FALSE
819428,"bc82044",44,"Film - BW",1982,10000,305,2743,1219.5,433,FALSE
819429,"bc82044",45,"Film - BW",1982,10000,305,2743,1203.9,433,FALSE
819430,"bc82044",46,"Film - BW",1982,10000,305,2743,1195.9,433,FALSE
819431,"bc82044",47,"Film - BW",1982,10000,305,2743,1199.4,433,FALSE
819432,"bc82044",48,"Film - BW",1982,10000,305,2743,1217,433,FALSE
819433,"bc82044",49,"Film - BW",1982,10000,305,2743,1240.9,433,FALSE
819434,"bc82044",50,"Film - BW",1982,10000,305,2743,1274.5,379.5,FALSE
819435,"bc82044",51,"Film - BW",1982,10000,305,2743,1310.6,379.5,FALSE
819436,"bc82044",52,"Film - BW",1982,10000,305,2743,1350,378.7,FALSE
819437,"bc82044",53,"Film - BW",1982,10000,305,2743,1388.4,378.7,FALSE
819438,"bc82044",54,"Film - BW",1982,10000,305,2743,1423.7,379.6,FALSE
819439,"bc82044",55,"Film - BW",1982,10000,305,2743,1452.6,379.6,FALSE
819440,"bc82044",56,"Film - BW",1982,10000,305,2743,1469.3,378.5,FALSE
819441,"bc82044",57,"Film - BW",1982,10000,305,2743,1476.6,378.5,FALSE
819442,"bc82044",58,"Film - BW",1982,10000,305,2743,1477.7,378.5,FALSE
819443,"bc82044",59,"Film - BW",1982,10000,305,2743,1473.8,378.5,FALSE
819444,"bc82044",60,"Film - BW",1982,10000,305,2743,1469.3,373.9,FALSE
819445,"bc82044",61,"Film - BW",1982,10000,305,2743,1465.5,367.3,FALSE
819446,"bc82044",62,"Film - BW",1982,10000,305,2743,1465.2,366.8,FALSE
819447,"bc82044",63,"Film - BW",1982,10000,305,2743,1466.8,366.8,FALSE
819448,"bc82044",64,"Film - BW",1982,10000,305,2743,1470.4,366.2,FALSE
819449,"bc82044",65,"Film - BW",1982,10000,305,2743,1479,366.2,FALSE
819450,"bc82044",66,"Film - BW",1982,10000,305,2743,1490.5,366.8,FALSE
819451,"bc82044",67,"Film - BW",1982,10000,305,2743,1501.7,367.3,FALSE
819452,"bc82044",68,"Film - BW",1982,10000,305,2743,1511.5,366.8,FALSE
819453,"bc82044",69,"Film - BW",1982,10000,305,2743,1519.3,366.8,FALSE
820671,"bc82044",70,"Film - BW",1982,10000,305,2560,1159.5,659.1,FALSE
820672,"bc82044",71,"Film - BW",1982,10000,305,2560,1109.1,658.2,FALSE
820673,"bc82044",72,"Film - BW",1982,10000,305,2560,1087.8,658.2,FALSE
820674,"bc82044",73,"Film - BW",1982,10000,305,2560,1084.9,658.3,FALSE
820675,"bc82044",74,"Film - BW",1982,10000,305,2560,1081.1,658.3,FALSE
820676,"bc82044",75,"Film - BW",1982,10000,305,2560,1053.6,659.2,FALSE
820542,"bc82044",76,"Film - BW",1982,10000,305,2316,1371.1,809.5,FALSE
820543,"bc82044",77,"Film - BW",1982,10000,305,2316,1402.7,809.5,FALSE
820544,"bc82044",78,"Film - BW",1982,10000,305,2316,1410.1,807.5,FALSE
820545,"bc82044",79,"Film - BW",1982,10000,305,2316,1415.9,807.5,FALSE
820546,"bc82044",80,"Film - BW",1982,10000,305,2316,1420.9,642.4,FALSE
820547,"bc82044",81,"Film - BW",1982,10000,305,2316,1409.8,642.4,FALSE
820548,"bc82044",82,"Film - BW",1982,10000,305,2316,1409.9,637.7,FALSE
820549,"bc82044",83,"Film - BW",1982,10000,305,2316,1430.5,637.7,FALSE
820550,"bc82044",84,"Film - BW",1982,10000,305,2316,1461,641.5,FALSE
820551,"bc82044",85,"Film - BW",1982,10000,305,2316,823.4,730.3,FALSE
820552,"bc82044",86,"Film - BW",1982,10000,305,2316,858.3,730.3,FALSE
820553,"bc82044",87,"Film - BW",1982,10000,305,2316,907.2,730.2,FALSE
820554,"bc82044",88,"Film - BW",1982,10000,305,2316,923.8,729.5,FALSE
820555,"bc82044",89,"Film - BW",1982,10000,305,2316,927.5,729.5,FALSE
820556,"bc82044",90,"Film - BW",1982,10000,305,2316,930.1,731.3,FALSE
820557,"bc82044",91,"Film - BW",1982,10000,305,2316,946.7,731.3,FALSE
839309,"bc83006",63,"Film - BW",1983,8000,153,1311,936.6,669,FALSE
839310,"bc83006",64,"Film - BW",1983,8000,153,1311,959.2,666.9,FALSE
839311,"bc83006",65,"Film - BW",1983,8000,153,1311,970.9,666.9,FALSE
839312,"bc83006",66,"Film - BW",1983,8000,153,1311,957.5,667.9,FALSE
839313,"bc83006",67,"Film - BW",1983,8000,153,1311,933.7,668,FALSE
839314,"bc83006",68,"Film - BW",1983,8000,153,1311,908.5,666.9,FALSE
839315,"bc83006",69,"Film - BW",1983,8000,153,1311,888.2,666.9,FALSE
839316,"bc83006",70,"Film - BW",1983,8000,153,1311,876.9,668,FALSE
839317,"bc83006",71,"Film - BW",1983,8000,153,1311,859.4,693.9,FALSE
839318,"bc83006",72,"Film - BW",1983,8000,153,1311,833.6,691.6,FALSE
839319,"bc83006",73,"Film - BW",1983,8000,153,1311,801.7,691.6,FALSE
839320,"bc83006",74,"Film - BW",1983,8000,153,1311,781.9,695,FALSE
839321,"bc83006",75,"Film - BW",1983,8000,153,1311,775.6,695,FALSE
839322,"bc83006",76,"Film - BW",1983,8000,153,1311,771.4,694,FALSE
839323,"bc83006",77,"Film - BW",1983,8000,153,1311,768.3,693.8,FALSE
839324,"bc83006",78,"Film - BW",1983,8000,153,1311,761,693.8,FALSE
839325,"bc83006",79,"Film - BW",1983,8000,153,1311,756.6,695.1,FALSE
839326,"bc83006",80,"Film - BW",1983,8000,153,1311,760.1,536.9,FALSE
839327,"bc83006",81,"Film - BW",1983,8000,153,1311,761.6,536.9,FALSE
839328,"bc83006",82,"Film - BW",1983,8000,153,1311,758.7,534.9,FALSE
839329,"bc83006",83,"Film - BW",1983,8000,153,1311,750.2,534.9,FALSE
839330,"bc83006",84,"Film - BW",1983,8000,153,1311,736.8,534.9,FALSE
839331,"bc83006",85,"Film - BW",1983,8000,153,1311,757.2,627.7,FALSE
839332,"bc83006",86,"Film - BW",1983,8000,153,1311,757.6,626,FALSE
839333,"bc83006",87,"Film - BW",1983,8000,153,1311,753.3,625,FALSE
839334,"bc83006",88,"Film - BW",1983,8000,153,1311,766.7,625,FALSE
839335,"bc83006",89,"Film - BW",1983,8000,153,1311,792.9,626,FALSE
839336,"bc83006",90,"Film - BW",1983,8000,153,1311,813.7,623,FALSE
839337,"bc83006",91,"Film - BW",1983,8000,153,1311,815.5,623,FALSE
839338,"bc83006",92,"Film - BW",1983,8000,153,1311,821.9,621.9,FALSE
839339,"bc83006",93,"Film - BW",1983,8000,153,1311,813.9,621.9,FALSE
839340,"bc83006",94,"Film - BW",1983,8000,153,1311,798.4,622.9,FALSE
839341,"bc83006",95,"Film - BW",1983,8000,153,1311,793.3,621.9,FALSE
839342,"bc83006",96,"Film - BW",1983,8000,153,1311,813.7,621.9,FALSE
839343,"bc83006",97,"Film - BW",1983,8000,153,1311,853.3,622.9,FALSE
839344,"bc83006",98,"Film - BW",1983,8000,153,1311,897.9,622.9,FALSE
839345,"bc83006",99,"Film - BW",1983,8000,153,1311,941.8,621.9,FALSE
839346,"bc83006",100,"Film - BW",1983,8000,153,1311,983.9,621.9,FALSE
839347,"bc83006",101,"Film - BW",1983,8000,153,1311,1013.4,625.2,FALSE
839348,"bc83006",102,"Film - BW",1983,8000,153,1311,1043.7,627.6,FALSE
839349,"bc83006",103,"Film - BW",1983,8000,153,1311,759.9,700.7,FALSE
839350,"bc83006",104,"Film - BW",1983,8000,153,1311,752.6,695.1,FALSE
839351,"bc83006",105,"Film - BW",1983,8000,153,1311,756.1,694.1,FALSE
839352,"bc83006",106,"Film - BW",1983,8000,153,1311,763.3,694.1,FALSE
839353,"bc83006",107,"Film - BW",1983,8000,153,1311,774.1,695.2,FALSE
839354,"bc83006",108,"Film - BW",1983,8000,153,1311,795.3,695.2,FALSE
839355,"bc83006",109,"Film - BW",1983,8000,153,1311,792.7,692.7,FALSE
839356,"bc83006",110,"Film - BW",1983,8000,153,1311,778.5,692.7,FALSE
839357,"bc83006",111,"Film - BW",1983,8000,153,1311,756,695.2,FALSE
839358,"bc83006",112,"Film - BW",1983,8000,153,1311,737.9,694.2,FALSE
839359,"bc83006",113,"Film - BW",1983,8000,153,1311,720.5,694.2,FALSE
839360,"bc83006",114,"Film - BW",1983,8000,153,1311,715.3,608,FALSE
839361,"bc83006",115,"Film - BW",1983,8000,153,1311,713.9,608,FALSE
839362,"bc83006",116,"Film - BW",1983,8000,153,1311,723.5,608,FALSE
839363,"bc83006",117,"Film - BW",1983,8000,153,1311,739.6,608,FALSE
839364,"bc83006",118,"Film - BW",1983,8000,153,1311,764.8,605.8,FALSE
839365,"bc83006",119,"Film - BW",1983,8000,153,1311,788.6,605.8,FALSE
839366,"bc83006",120,"Film - BW",1983,8000,153,1311,807.1,607.9,FALSE
839367,"bc83006",121,"Film - BW",1983,8000,153,1311,813.5,607.9,FALSE
839368,"bc83006",122,"Film - BW",1983,8000,153,1311,794.9,605.8,FALSE
839369,"bc83006",123,"Film - BW",1983,8000,153,1311,777.5,605.8,FALSE
839370,"bc83006",124,"Film - BW",1983,8000,153,1311,764.2,607.9,FALSE
839371,"bc83006",125,"Film - BW",1983,8000,153,1311,765.1,607.9,FALSE
839372,"bc83006",126,"Film - BW",1983,8000,153,1311,762,607.9,FALSE
839373,"bc83006",127,"Film - BW",1983,8000,153,1311,753.2,612.2,FALSE
839374,"bc83006",128,"Film - BW",1983,8000,153,1311,765,731.8,FALSE
839375,"bc83006",129,"Film - BW",1983,8000,153,1311,761.9,730.9,FALSE
839376,"bc83006",130,"Film - BW",1983,8000,153,1311,759.2,726.8,FALSE
839377,"bc83006",131,"Film - BW",1983,8000,153,1311,750.7,726.8,FALSE
839378,"bc83006",132,"Film - BW",1983,8000,153,1311,744.6,726.7,FALSE
839379,"bc83006",133,"Film - BW",1983,8000,153,1311,733.7,726.7,FALSE
839380,"bc83006",134,"Film - BW",1983,8000,153,1311,729.4,730.7,FALSE
839381,"bc83006",135,"Film - BW",1983,8000,153,1311,724,725.7,FALSE
839382,"bc83006",136,"Film - BW",1983,8000,153,1311,721.3,725.7,FALSE
839383,"bc83006",137,"Film - BW",1983,8000,153,1311,730.1,725.7,FALSE
839384,"bc83006",138,"Film - BW",1983,8000,153,1311,743.5,725.7,FALSE
839385,"bc83006",139,"Film - BW",1983,8000,153,1311,757.1,730.6,FALSE
680092,"bc84001",65,"Film - BW",1984,12000,153,1844,713.1,777.8,FALSE
680093,"bc84001",66,"Film - BW",1984,12000,153,1844,796.4,777.8,FALSE
680094,"bc84001",67,"Film - BW",1984,12000,153,1844,846,778.5,FALSE
680095,"bc84001",68,"Film - BW",1984,12000,153,1844,902.4,782.7,FALSE
680021,"bc84001",183,"Film - BW",1984,12000,153,1737,708,933.5,FALSE
679026,"bc84015",40,"Film - BW",1984,5000,305,2286,1353.7,322.1,FALSE
679027,"bc84015",41,"Film - BW",1984,5000,305,2286,1383.9,323.6,FALSE
679491,"bc84022",3,"Film - BW",1984,10000,305,2438,806.5,1185.1,FALSE
679518,"bc84022",30,"Film - BW",1984,10000,305,2438,1534.6,875.8,FALSE
679520,"bc84022",32,"Film - BW",1984,10000,305,2438,1459.7,1053.2,FALSE
680368,"bc84032",235,"Film - BW",1984,16000,153,1981,546.3,1724.1,FALSE
680369,"bc84032",236,"Film - BW",1984,16000,153,1981,500.8,1723.4,FALSE
680370,"bc84032",237,"Film - BW",1984,16000,153,1981,501.5,1720.4,FALSE
680371,"bc84032",238,"Film - BW",1984,16000,153,1981,488.7,1720.4,FALSE
680372,"bc84032",239,"Film - BW",1984,16000,153,1981,517,1723.8,FALSE
680373,"bc84032",240,"Film - BW",1984,16000,153,1981,544.9,1591.5,FALSE
680374,"bc84032",241,"Film - BW",1984,16000,153,1981,610.6,1591.5,FALSE
680375,"bc84032",242,"Film - BW",1984,16000,153,1981,879.9,1590.8,FALSE
680376,"bc84032",243,"Film - BW",1984,16000,153,1981,1245.3,1590.8,FALSE
680377,"bc84032",244,"Film - BW",1984,16000,153,1981,1467,1591.9,FALSE
680378,"bc84032",245,"Film - BW",1984,16000,153,1981,1524.8,1591.9,FALSE
680379,"bc84032",246,"Film - BW",1984,16000,153,1981,1441.3,1592,FALSE
680380,"bc84032",247,"Film - BW",1984,16000,153,1981,1041.4,1539.2,FALSE
680381,"bc84032",248,"Film - BW",1984,16000,153,1981,1034.5,1539.1,FALSE
680382,"bc84032",249,"Film - BW",1984,16000,153,1981,935.5,1539.1,FALSE
680383,"bc84032",250,"Film - BW",1984,16000,153,1981,848.6,1538.9,FALSE
680384,"bc84032",251,"Film - BW",1984,16000,153,1981,800,1538.8,FALSE
680385,"bc84032",252,"Film - BW",1984,16000,153,1981,752.7,1538.8,FALSE
680386,"bc84032",253,"Film - BW",1984,16000,153,1981,853,1832.7,FALSE
680387,"bc84032",254,"Film - BW",1984,16000,153,1981,834.3,1828.5,FALSE
680388,"bc84032",255,"Film - BW",1984,16000,153,1981,793.7,1828.5,FALSE
680389,"bc84032",256,"Film - BW",1984,16000,153,1981,1042.7,1832.2,FALSE
680390,"bc84032",257,"Film - BW",1984,16000,153,1981,1263,1833,FALSE
841300,"bc84053",11,"Film - BW",1984,10000,153,1402,744.7,1042,FALSE
679392,"bc84074",104,"Film - BW",1984,10000,153,1829,900.3,747.3,FALSE
679393,"bc84074",105,"Film - BW",1984,10000,153,1829,941.3,747.3,FALSE
679394,"bc84074",106,"Film - BW",1984,10000,153,1829,1062.8,747.7,FALSE
679395,"bc84074",107,"Film - BW",1984,10000,153,1829,1156.1,747.7,FALSE
679413,"bc84074",125,"Film - BW",1984,10000,153,1676,736.2,767,FALSE
850351,"bc85010",69,"Film - BW",1985,10000,153,1676,764.1,740.5,FALSE
850352,"bc85010",70,"Film - BW",1985,10000,153,1676,921.7,749.7,FALSE
849940,"bc85011",141,"Film - BW",1985,10000,153,1067,267.2,1008.7,FALSE
849941,"bc85011",142,"Film - BW",1985,10000,153,1067,372,1007.3,FALSE
849942,"bc85011",143,"Film - BW",1985,10000,153,1067,345.3,1006,FALSE
849943,"bc85011",144,"Film - BW",1985,10000,153,1067,299.1,1004.7,FALSE
849944,"bc85011",145,"Film - BW",1985,10000,153,1067,257.6,1003.5,FALSE
849945,"bc85011",146,"Film - BW",1985,10000,153,1067,218.2,1002.4,FALSE
849946,"bc85011",147,"Film - BW",1985,10000,153,1067,168.8,1000.9,FALSE
850070,"bc85016",70,"Film - BW",1985,5000,305,1707,769.9,434.5,FALSE
853290,"bc85084",15,"Film - BW",1985,8000,153,1326,692.5,634.3,FALSE
853291,"bc85084",16,"Film - BW",1985,8000,153,1326,755.3,648.7,FALSE
853316,"bc85084",41,"Film - BW",1985,8000,153,1311,611.3,652.2,FALSE
878989,"bc86024",1,"Film - BW",1986,16000,153,2591,1205.6,1480,FALSE
878990,"bc86024",2,"Film - BW",1986,16000,153,2591,1275.2,1466.7,FALSE
878991,"bc86024",3,"Film - BW",1986,16000,153,2591,1334.1,1466.7,FALSE
878992,"bc86024",4,"Film - BW",1986,16000,153,2591,1359.7,1471.9,FALSE
878993,"bc86024",5,"Film - BW",1986,16000,153,2591,1321.7,1466.3,FALSE
878994,"bc86024",6,"Film - BW",1986,16000,153,2591,1212.1,1466.3,FALSE
878995,"bc86024",7,"Film - BW",1986,16000,153,2591,1099.3,1470.7,FALSE
878996,"bc86024",8,"Film - BW",1986,16000,153,2591,1095.3,1470.7,FALSE
878997,"bc86024",9,"Film - BW",1986,16000,153,2591,1131.3,1470.4,FALSE
878998,"bc86024",10,"Film - BW",1986,16000,153,2591,1090.6,1470.3,FALSE
878999,"bc86024",11,"Film - BW",1986,16000,153,2591,1136.6,1469.4,FALSE
879000,"bc86024",12,"Film - BW",1986,16000,153,2591,1280.4,1469.4,FALSE
879001,"bc86024",13,"Film - BW",1986,16000,153,2591,1411.7,1469.1,FALSE
879002,"bc86024",14,"Film - BW",1986,16000,153,2591,1412.5,1469.1,FALSE
879003,"bc86024",15,"Film - BW",1986,16000,153,2591,1419.3,1201.8,FALSE
879004,"bc86024",16,"Film - BW",1986,16000,153,2591,1394,1195.6,FALSE
879005,"bc86024",17,"Film - BW",1986,16000,153,2591,1379.1,1191.1,FALSE
879006,"bc86024",18,"Film - BW",1986,16000,153,2591,1377.7,1190.2,FALSE
879007,"bc86024",19,"Film - BW",1986,16000,153,2591,1350.2,1190.2,FALSE
879008,"bc86024",20,"Film - BW",1986,16000,153,2591,1316.3,1190,FALSE
879009,"bc86024",21,"Film - BW",1986,16000,153,2591,1333.8,1190,FALSE
879010,"bc86024",22,"Film - BW",1986,16000,153,2591,1376.9,1189.8,FALSE
879011,"bc86024",23,"Film - BW",1986,16000,153,2591,1445.7,1189.8,FALSE
879012,"bc86024",24,"Film - BW",1986,16000,153,2591,1491.5,1189.6,FALSE
879013,"bc86024",25,"Film - BW",1986,16000,153,2591,1503.5,1189.6,FALSE
879014,"bc86024",26,"Film - BW",1986,16000,153,2591,1497.8,1193.9,FALSE
879015,"bc86024",27,"Film - BW",1986,16000,153,2591,1473.9,1189.3,FALSE
879016,"bc86024",28,"Film - BW",1986,16000,153,2591,1432.2,1189.3,FALSE
879017,"bc86024",29,"Film - BW",1986,16000,153,2591,1380.7,1192.9,FALSE
879018,"bc86024",30,"Film - BW",1986,16000,153,2591,1335.4,1193.5,FALSE
879019,"bc86024",31,"Film - BW",1986,16000,153,2591,1291.5,1193.4,FALSE
879020,"bc86024",32,"Film - BW",1986,16000,153,2591,1224.2,1193.4,FALSE
879021,"bc86024",33,"Film - BW",1986,16000,153,2591,1329.5,1289.4,FALSE
879022,"bc86024",34,"Film - BW",1986,16000,153,2591,1365.8,1289.4,FALSE
879023,"bc86024",35,"Film - BW",1986,16000,153,2591,1356.7,1290.4,FALSE
879024,"bc86024",36,"Film - BW",1986,16000,153,2591,1345.8,1290.4,FALSE
879025,"bc86024",37,"Film - BW",1986,16000,153,2591,1401.2,1290.6,FALSE
879026,"bc86024",38,"Film - BW",1986,16000,153,2591,1467.7,1290.6,FALSE
879027,"bc86024",39,"Film - BW",1986,16000,153,2591,1506.4,1291.5,FALSE
879028,"bc86024",40,"Film - BW",1986,16000,153,2591,1407,1296.2,FALSE
879029,"bc86024",41,"Film - BW",1986,16000,153,2591,1251.6,1387.8,FALSE
879030,"bc86024",42,"Film - BW",1986,16000,153,2591,1124.3,1388.8,FALSE
879031,"bc86024",43,"Film - BW",1986,16000,153,2591,1079.5,1388.8,FALSE
879034,"bc86024",46,"Film - BW",1986,16000,153,2591,1171.6,1344.5,FALSE
879035,"bc86024",47,"Film - BW",1986,16000,153,2591,1268.4,1344.5,FALSE
879036,"bc86024",48,"Film - BW",1986,16000,153,2591,1349.4,1346,FALSE
879037,"bc86024",49,"Film - BW",1986,16000,153,2591,1385.4,1346.3,FALSE
879038,"bc86024",50,"Film - BW",1986,16000,153,2591,1362.9,1346.3,FALSE
879039,"bc86024",51,"Film - BW",1986,16000,153,2591,1256.6,1590.4,FALSE
879040,"bc86024",52,"Film - BW",1986,16000,153,2591,1263.4,1585.2,FALSE
879041,"bc86024",53,"Film - BW",1986,16000,153,2591,1315.5,1584.3,FALSE
879042,"bc86024",54,"Film - BW",1986,16000,153,2591,1348.2,1583.4,FALSE
879043,"bc86024",55,"Film - BW",1986,16000,153,2591,1330.2,1583.2,FALSE
879044,"bc86024",56,"Film - BW",1986,16000,153,2591,1206.2,1583.2,FALSE
879045,"bc86024",57,"Film - BW",1986,16000,153,2591,1121.4,1582.9,FALSE
879046,"bc86024",58,"Film - BW",1986,16000,153,2591,1179,1582,FALSE
879047,"bc86024",59,"Film - BW",1986,16000,153,2591,1175.5,1582,FALSE
879048,"bc86024",60,"Film - BW",1986,16000,153,2591,1127.6,1581.6,FALSE
879049,"bc86024",61,"Film - BW",1986,16000,153,2591,1153.8,1581.6,FALSE
879050,"bc86024",62,"Film - BW",1986,16000,153,2591,1149.8,1581.3,FALSE
879051,"bc86024",63,"Film - BW",1986,16000,153,2591,1198.6,1581.3,FALSE
879052,"bc86024",64,"Film - BW",1986,16000,153,2591,1326.3,1585.7,FALSE
879053,"bc86024",65,"Film - BW",1986,16000,153,2591,1412.7,1350.5,FALSE
879054,"bc86024",66,"Film - BW",1986,16000,153,2591,1408.2,1325.4,FALSE
879055,"bc86024",67,"Film - BW",1986,16000,153,2591,1360.4,1325.4,FALSE
879056,"bc86024",68,"Film - BW",1986,16000,153,2591,1300.4,1329.8,FALSE
879057,"bc86024",69,"Film - BW",1986,16000,153,2591,1275.8,1329.6,FALSE
879058,"bc86024",70,"Film - BW",1986,16000,153,2591,1290.1,1329.6,FALSE
879059,"bc86024",71,"Film - BW",1986,16000,153,2591,1328.3,1329.4,FALSE
879060,"bc86024",72,"Film - BW",1986,16000,153,2591,1368.9,1328.5,FALSE
879061,"bc86024",73,"Film - BW",1986,16000,153,2591,1417,1328.5,FALSE
879062,"bc86024",74,"Film - BW",1986,16000,153,2591,1444.7,1329,FALSE
879063,"bc86024",75,"Film - BW",1986,16000,153,2591,1446.9,1329,FALSE
879064,"bc86024",76,"Film - BW",1986,16000,153,2591,1400.4,1328,FALSE
879065,"bc86024",77,"Film - BW",1986,16000,153,2591,1310.2,1328,FALSE
879066,"bc86024",78,"Film - BW",1986,16000,153,2591,1226.4,1327.8,FALSE
879067,"bc86024",79,"Film - BW",1986,16000,153,2591,1110,1326.9,FALSE
879073,"bc86024",85,"Film - BW",1986,16000,153,2591,1110.2,1458.8,FALSE
879074,"bc86024",86,"Film - BW",1986,16000,153,2591,1214,1458.8,FALSE
879075,"bc86024",87,"Film - BW",1986,16000,153,2591,1332.3,1459.7,FALSE
879076,"bc86024",88,"Film - BW",1986,16000,153,2591,1387.6,1459.8,FALSE
879077,"bc86024",89,"Film - BW",1986,16000,153,2591,1373.5,1460,FALSE
879078,"bc86024",90,"Film - BW",1986,16000,153,2591,1317.2,1466.1,FALSE
879079,"bc86024",91,"Film - BW",1986,16000,153,2591,1280.8,1541.5,FALSE
879080,"bc86024",92,"Film - BW",1986,16000,153,2591,1270.1,1541.5,FALSE
879081,"bc86024",93,"Film - BW",1986,16000,153,2591,1268.7,1547.9,FALSE
879082,"bc86024",94,"Film - BW",1986,16000,153,2591,1268.2,1543.4,FALSE
879083,"bc86024",95,"Film - BW",1986,16000,153,2591,1251,1543.4,FALSE
879084,"bc86024",96,"Film - BW",1986,16000,153,2591,1211.8,1543.7,FALSE
879085,"bc86024",97,"Film - BW",1986,16000,153,2591,1180.6,1543.7,FALSE
879086,"bc86024",98,"Film - BW",1986,16000,153,2591,1229.8,1544.1,FALSE
879087,"bc86024",99,"Film - BW",1986,16000,153,2591,1361.1,1544.1,FALSE
879088,"bc86024",100,"Film - BW",1986,16000,153,2591,1418.4,1550.5,FALSE
879089,"bc86024",101,"Film - BW",1986,16000,153,2591,1356.1,1639,FALSE
879090,"bc86024",102,"Film - BW",1986,16000,153,2591,1277.8,1639.2,FALSE
879091,"bc86024",103,"Film - BW",1986,16000,153,2591,1241.2,1639.3,FALSE
879092,"bc86024",104,"Film - BW",1986,16000,153,2591,1172.9,1639.5,FALSE
879093,"bc86024",105,"Film - BW",1986,16000,153,2591,1198.8,1640.6,FALSE
879094,"bc86024",106,"Film - BW",1986,16000,153,2591,1322.1,1640.6,FALSE
879095,"bc86024",107,"Film - BW",1986,16000,153,2591,1341,1640.8,FALSE
879096,"bc86024",108,"Film - BW",1986,16000,153,2591,1316.8,1636.5,FALSE
879097,"bc86024",109,"Film - BW",1986,16000,153,2591,1296.7,1636.5,FALSE
879098,"bc86024",110,"Film - BW",1986,16000,153,2591,1281.1,1642.1,FALSE
879099,"bc86024",111,"Film - BW",1986,16000,153,2591,1248,1648.8,FALSE
879100,"bc86024",112,"Film - BW",1986,16000,153,2591,1205.2,1657.5,FALSE
879101,"bc86024",113,"Film - BW",1986,16000,153,2591,1253.5,1648.2,FALSE
879102,"bc86024",114,"Film - BW",1986,16000,153,2591,1278,1647.3,FALSE
879103,"bc86024",115,"Film - BW",1986,16000,153,2591,1294.7,1646.4,FALSE
879104,"bc86024",116,"Film - BW",1986,16000,153,2591,1308.8,1646.4,FALSE
879105,"bc86024",117,"Film - BW",1986,16000,153,2591,1272.7,1646,FALSE
879106,"bc86024",118,"Film - BW",1986,16000,153,2591,1211.5,1645.8,FALSE
879107,"bc86024",119,"Film - BW",1986,16000,153,2591,1260.2,1645.8,FALSE
879108,"bc86024",120,"Film - BW",1986,16000,153,2591,1344.3,1651.2,FALSE
879109,"bc86024",121,"Film - BW",1986,16000,153,2591,1412.9,1779.3,FALSE
879110,"bc86024",122,"Film - BW",1986,16000,153,2591,1486.9,1777.6,FALSE
879111,"bc86024",123,"Film - BW",1986,16000,153,2591,1574.9,1777.6,FALSE
879112,"bc86024",124,"Film - BW",1986,16000,153,2591,1616.8,1777.9,FALSE
879113,"bc86024",125,"Film - BW",1986,16000,153,2591,1473.3,1777.9,FALSE
879114,"bc86024",126,"Film - BW",1986,16000,153,2591,1292,1808.7,FALSE
879115,"bc86024",127,"Film - BW",1986,16000,153,2591,1222.4,1802.9,FALSE
879116,"bc86024",128,"Film - BW",1986,16000,153,2591,1222.7,1802.9,FALSE
879117,"bc86024",129,"Film - BW",1986,16000,153,2591,1249.5,1807.3,FALSE
879118,"bc86024",130,"Film - BW",1986,16000,153,2591,1261.7,1478.2,FALSE
879119,"bc86024",131,"Film - BW",1986,16000,153,2591,1268.8,1471.8,FALSE
879120,"bc86024",132,"Film - BW",1986,16000,153,2591,1280.8,1471.8,FALSE
879121,"bc86024",133,"Film - BW",1986,16000,153,2591,1280.7,1471.5,FALSE
879122,"bc86024",134,"Film - BW",1986,16000,153,2591,1259.3,1471.5,FALSE
879123,"bc86024",135,"Film - BW",1986,16000,153,2591,1213.1,1476.1,FALSE
879124,"bc86024",136,"Film - BW",1986,16000,153,2591,1149.3,1471.1,FALSE
879134,"bc86024",146,"Film - BW",1986,16000,153,2591,1133.2,1583.9,FALSE
879135,"bc86024",147,"Film - BW",1986,16000,153,2591,1225.6,1583.9,FALSE
879136,"bc86024",148,"Film - BW",1986,16000,153,2591,1291.1,1584,FALSE
879137,"bc86024",149,"Film - BW",1986,16000,153,2591,1320.8,1584.4,FALSE
879138,"bc86024",150,"Film - BW",1986,16000,153,2591,1304.4,1584.4,FALSE
879139,"bc86024",151,"Film - BW",1986,16000,153,2591,1298.6,1585.3,FALSE
879140,"bc86024",152,"Film - BW",1986,16000,153,2591,1296.9,1585.6,FALSE
879141,"bc86024",153,"Film - BW",1986,16000,153,2591,1276,1585.6,FALSE
879142,"bc86024",154,"Film - BW",1986,16000,153,2591,1285.5,1586.6,FALSE
879143,"bc86024",155,"Film - BW",1986,16000,153,2591,1388.6,1592.8,FALSE
879144,"bc86024",156,"Film - BW",1986,16000,153,2591,1521.2,1701.4,FALSE
879145,"bc86024",157,"Film - BW",1986,16000,153,2591,1649.1,1701.4,FALSE
879146,"bc86024",158,"Film - BW",1986,16000,153,2591,1689.9,1702.5,FALSE
879147,"bc86024",159,"Film - BW",1986,16000,153,2591,1625.9,1702.5,FALSE
879148,"bc86024",160,"Film - BW",1986,16000,153,2591,1621.7,1503.1,FALSE
879149,"bc86024",161,"Film - BW",1986,16000,153,2591,1579,1503.1,FALSE
879150,"bc86024",162,"Film - BW",1986,16000,153,2591,1498,1503.4,FALSE
879151,"bc86024",163,"Film - BW",1986,16000,153,2591,1400.4,1503.4,FALSE
879152,"bc86024",164,"Film - BW",1986,16000,153,2591,1311.8,1504.4,FALSE
879153,"bc86024",165,"Film - BW",1986,16000,153,2591,1245.3,1504.4,FALSE
879154,"bc86024",166,"Film - BW",1986,16000,153,2591,1247.3,1504,FALSE
879155,"bc86024",167,"Film - BW",1986,16000,153,2591,1271.9,1504,FALSE
879156,"bc86024",168,"Film - BW",1986,16000,153,2591,1271.7,1514,FALSE
879157,"bc86024",169,"Film - BW",1986,16000,153,2591,1172.1,1673.4,FALSE
879158,"bc86024",170,"Film - BW",1986,16000,153,2591,1265,1672.5,FALSE
879159,"bc86024",171,"Film - BW",1986,16000,153,2591,1356.1,1672.5,FALSE
879160,"bc86024",172,"Film - BW",1986,16000,153,2591,1401.8,1672.1,FALSE
879161,"bc86024",173,"Film - BW",1986,16000,153,2591,1495.4,1671.9,FALSE
879162,"bc86024",174,"Film - BW",1986,16000,153,2591,1633.8,1671,FALSE
879163,"bc86024",175,"Film - BW",1986,16000,153,2591,1826.6,1670.8,FALSE
879164,"bc86024",176,"Film - BW",1986,16000,153,2591,1975.7,1670.8,FALSE
879165,"bc86024",177,"Film - BW",1986,16000,153,2591,1900.2,1670.4,FALSE
879166,"bc86024",178,"Film - BW",1986,16000,153,2591,1720.1,1669.5,FALSE
879167,"bc86024",179,"Film - BW",1986,16000,153,2591,1548,1669.5,FALSE
879168,"bc86024",180,"Film - BW",1986,16000,153,2591,1436.5,1675.6,FALSE
879169,"bc86024",181,"Film - BW",1986,16000,153,2591,1387.9,1692.5,FALSE
879170,"bc86024",182,"Film - BW",1986,16000,153,2591,1378.4,1692.3,FALSE
879171,"bc86024",183,"Film - BW",1986,16000,153,2591,1366.1,1692.3,FALSE
879172,"bc86024",184,"Film - BW",1986,16000,153,2591,1308.6,1691.2,FALSE
879173,"bc86024",185,"Film - BW",1986,16000,153,2591,1201.8,1690.2,FALSE
879174,"bc86024",186,"Film - BW",1986,16000,153,2591,1157.2,1690.2,FALSE
879175,"bc86024",187,"Film - BW",1986,16000,153,2591,1082.9,1690.8,FALSE
879178,"bc86024",190,"Film - BW",1986,16000,153,2591,1162.3,1689.2,FALSE
879179,"bc86024",191,"Film - BW",1986,16000,153,2591,1351.1,1689.2,FALSE
879180,"bc86024",192,"Film - BW",1986,16000,153,2591,1396.7,1693.4,FALSE
879181,"bc86024",193,"Film - BW",1986,16000,153,2591,1374.7,1693.4,FALSE
879182,"bc86024",194,"Film - BW",1986,16000,153,2591,1215.6,1597.8,FALSE
879183,"bc86024",195,"Film - BW",1986,16000,153,2591,1188.5,1593.3,FALSE
879184,"bc86024",196,"Film - BW",1986,16000,153,2591,1107.7,1593.3,FALSE
879187,"bc86024",199,"Film - BW",1986,16000,153,2591,1067.2,1593.8,FALSE
879188,"bc86024",200,"Film - BW",1986,16000,153,2591,1235.1,1594.9,FALSE
879189,"bc86024",201,"Film - BW",1986,16000,153,2591,1327.3,1594.9,FALSE
879190,"bc86024",202,"Film - BW",1986,16000,153,2591,1342.4,1595.3,FALSE
879191,"bc86024",203,"Film - BW",1986,16000,153,2591,1338.6,1595.3,FALSE
879192,"bc86024",204,"Film - BW",1986,16000,153,2591,1309.6,1596.9,FALSE
879193,"bc86024",205,"Film - BW",1986,16000,153,2591,1292.7,1531.7,FALSE
879194,"bc86024",206,"Film - BW",1986,16000,153,2591,1336.1,1527.4,FALSE
879195,"bc86024",207,"Film - BW",1986,16000,153,2591,1414.9,1527.4,FALSE
879196,"bc86024",208,"Film - BW",1986,16000,153,2591,1522.6,1532,FALSE
879197,"bc86024",209,"Film - BW",1986,16000,153,2591,1606.5,1530.1,FALSE
879198,"bc86024",210,"Film - BW",1986,16000,153,2591,1641.7,1530.1,FALSE
879199,"bc86024",211,"Film - BW",1986,16000,153,2591,1683.2,1591.5,FALSE
879200,"bc86024",212,"Film - BW",1986,16000,153,2591,1731.9,1591.9,FALSE
879201,"bc86024",213,"Film - BW",1986,16000,153,2591,1735,1591.9,FALSE
879202,"bc86024",214,"Film - BW",1986,16000,153,2591,1616.5,1592.7,FALSE
879203,"bc86024",215,"Film - BW",1986,16000,153,2591,1504.6,1561.4,FALSE
879204,"bc86024",216,"Film - BW",1986,16000,153,2591,1422,1561.4,FALSE
879205,"bc86024",217,"Film - BW",1986,16000,153,2591,1338.8,1556.6,FALSE
879206,"bc86024",218,"Film - BW",1986,16000,153,2591,1254.5,1556.6,FALSE
879207,"bc86024",219,"Film - BW",1986,16000,153,2591,1224.7,1563.5,FALSE
879850,"bc86053",127,"Film - BW",1986,16000,153,2865,1366.9,1194.4,FALSE
879851,"bc86053",128,"Film - BW",1986,16000,153,2865,1425.3,1200.5,FALSE
879852,"bc86053",129,"Film - BW",1986,16000,153,2865,1444.8,1193.3,FALSE
879853,"bc86053",130,"Film - BW",1986,16000,153,2865,1396,1193.3,FALSE
879854,"bc86053",131,"Film - BW",1986,16000,153,2865,1358.7,1193.5,FALSE
879855,"bc86053",132,"Film - BW",1986,16000,153,2865,1382.8,1193.5,FALSE
879856,"bc86053",133,"Film - BW",1986,16000,153,2865,1520,1199.6,FALSE
879857,"bc86053",134,"Film - BW",1986,16000,153,2865,1689,1204.7,FALSE
879858,"bc86053",135,"Film - BW",1986,16000,153,2865,1487.2,1139.8,FALSE
879859,"bc86053",136,"Film - BW",1986,16000,153,2865,1387.6,1139.8,FALSE
879875,"bc86053",152,"Film - BW",1986,16000,153,2865,1458.2,1229.1,FALSE
879892,"bc86053",169,"Film - BW",1986,16000,153,2865,1339.7,1393.6,FALSE
879500,"bc86059",7,"Film - BW",1986,8000,153,1448,734.7,705.5,FALSE
879501,"bc86059",8,"Film - BW",1986,8000,153,1448,837.4,705.5,FALSE
882162,"bc86103",81,"Film - BW",1986,16000,153,2804,1288,353,FALSE
882163,"bc86103",82,"Film - BW",1986,16000,153,2804,1311.7,353,FALSE
882164,"bc86103",83,"Film - BW",1986,16000,153,2804,1331.1,353,FALSE
882165,"bc86103",84,"Film - BW",1986,16000,153,2804,1339.5,353,FALSE
882166,"bc86103",85,"Film - BW",1986,16000,153,2804,1333.7,353,FALSE
882167,"bc86103",86,"Film - BW",1986,16000,153,2804,1319.8,357.9,FALSE
882168,"bc86103",87,"Film - BW",1986,16000,153,2774,1475.8,485.3,FALSE
882169,"bc86103",88,"Film - BW",1986,16000,153,2774,1453.6,484.3,FALSE
882170,"bc86103",89,"Film - BW",1986,16000,153,2774,1420.6,483.3,FALSE
882171,"bc86103",90,"Film - BW",1986,16000,153,2774,1383.9,368.9,FALSE
882172,"bc86103",91,"Film - BW",1986,16000,153,2774,1351.6,362.8,FALSE
882173,"bc86103",92,"Film - BW",1986,16000,153,2774,1310.8,362.8,FALSE
882174,"bc86103",93,"Film - BW",1986,16000,153,2774,1256.2,362.8,FALSE
916593,"bc87019",191,"Film - BW",1987,5000,305,1585,647.7,331.2,FALSE
919301,"bc87063",178,"Film - BW",1987,23000,153,4054,1891.7,1519.6,FALSE
919302,"bc87063",179,"Film - BW",1987,23000,153,4054,1892.2,1512.3,FALSE
919303,"bc87063",180,"Film - BW",1987,23000,153,4054,1865.8,1512.3,FALSE
918678,"bc87069",36,"Film - BW",1987,18000,153,2743,1048.5,408.6,FALSE
918679,"bc87069",37,"Film - BW",1987,18000,153,2743,1140.1,408.7,FALSE
918692,"bc87069",50,"Film - BW",1987,18000,153,2743,1083.3,423.9,FALSE
918693,"bc87069",51,"Film - BW",1987,18000,153,2743,1167.5,424.1,FALSE
919330,"bc87070",61,"Film - BW",1987,23000,153,4054,1869.9,1495.9,FALSE
919349,"bc87070",80,"Film - BW",1987,23000,153,4054,1898.3,1518.6,FALSE
919350,"bc87070",81,"Film - BW",1987,23000,153,4054,1884.2,1518.6,FALSE
919384,"bc87070",115,"Film - BW",1987,23000,153,4054,1873.8,1570.8,FALSE
919385,"bc87070",116,"Film - BW",1987,23000,153,4054,1922.5,1570.8,FALSE
919386,"bc87070",117,"Film - BW",1987,23000,153,4054,1884.1,1570.8,FALSE
919419,"bc87070",150,"Film - BW",1987,23000,153,4054,1896.3,1454.4,FALSE
919420,"bc87070",151,"Film - BW",1987,23000,153,4054,1865.1,1454.4,FALSE
919488,"bc87070",219,"Film - BW",1987,23000,153,3962,1853.8,1652.2,FALSE
919489,"bc87070",220,"Film - BW",1987,23000,153,3962,1876.2,1253.4,FALSE
919490,"bc87070",221,"Film - BW",1987,23000,153,3962,1795,1253.4,FALSE
919510,"bc87073",15,"Film - BW",1987,23000,153,3962,1891.3,1278.7,FALSE
919511,"bc87073",16,"Film - BW",1987,23000,153,3962,1813.2,1271.4,FALSE
919544,"bc87073",49,"Film - BW",1987,23000,153,3962,1832.7,1395.6,FALSE
919545,"bc87073",50,"Film - BW",1987,23000,153,3962,1831.2,1472.6,FALSE
919582,"bc87073",87,"Film - BW",1987,23000,153,3871,1781.2,1550.4,FALSE
919583,"bc87073",88,"Film - BW",1987,23000,153,3871,1962.8,1550.5,FALSE
919584,"bc87073",89,"Film - BW",1987,23000,153,3871,1914,1587.7,FALSE
919618,"bc87073",123,"Film - BW",1987,23000,153,3871,1839.9,1815.3,FALSE
919619,"bc87073",124,"Film - BW",1987,23000,153,3871,1716.4,1692.9,FALSE
919659,"bc87073",164,"Film - BW",1987,23000,153,3962,1821.6,1568.9,FALSE
919660,"bc87073",165,"Film - BW",1987,23000,153,3962,1896.4,1576.1,FALSE
919661,"bc87073",166,"Film - BW",1987,23000,153,3962,1893.2,1568.8,FALSE
919662,"bc87073",167,"Film - BW",1987,23000,153,3962,1845.5,1568.8,FALSE
919663,"bc87073",168,"Film - BW",1987,23000,153,3962,1849.3,1576.1,FALSE
919664,"bc87073",169,"Film - BW",1987,23000,153,3962,1852.8,1576.1,FALSE
919740,"bc87073",245,"Film - BW",1987,23000,153,3962,1791.4,1435.6,FALSE
919762,"bc87073",267,"Film - BW",1987,23000,153,3962,1802.9,1516.7,FALSE
919763,"bc87073",268,"Film - BW",1987,23000,153,3962,1850.5,1516.7,FALSE
919764,"bc87073",269,"Film - BW",1987,23000,153,3962,1886.8,1516.7,FALSE
919765,"bc87073",270,"Film - BW",1987,23000,153,3962,1883.3,1516.7,FALSE
919766,"bc87073",271,"Film - BW",1987,23000,153,3962,1863.7,1516.7,FALSE
919780,"bc87099",14,"Film - BW",1987,23000,153,3962,1799.9,1217.2,FALSE
919781,"bc87099",15,"Film - BW",1987,23000,153,3962,1851.9,1224.4,FALSE
919782,"bc87099",16,"Film - BW",1987,23000,153,3962,1820.4,1224.5,FALSE
919809,"bc87099",43,"Film - BW",1987,23000,153,3962,1813.4,1456.2,FALSE
919810,"bc87099",44,"Film - BW",1987,23000,153,3962,1892.8,1456.2,FALSE
919811,"bc87099",45,"Film - BW",1987,23000,153,3962,1861.5,1456.2,FALSE
918983,"bc87099",194,"Film - BW",1987,8000,153,1585,876.2,427,FALSE
918991,"bc87099",202,"Film - BW",1987,8000,153,1585,823.8,654.1,FALSE
919006,"bc87099",217,"Film - BW",1987,8000,153,1585,820.2,646.7,FALSE
919024,"bc87099",235,"Film - BW",1987,8000,153,1585,824.5,509.3,FALSE
919025,"bc87099",236,"Film - BW",1987,8000,153,1585,931.6,509.3,FALSE
919026,"bc87099",237,"Film - BW",1987,8000,153,1585,1118,509.3,FALSE
919057,"bc87103",157,"Film - BW",1987,8000,153,1768,1096.9,646.7,FALSE
919084,"bc87103",184,"Film - BW",1987,8000,153,1707,984.6,645,FALSE
918020,"bc87105",70,"Film - BW",1987,23000,153,4298,2111.4,1087.9,FALSE
918021,"bc87105",71,"Film - BW",1987,23000,153,4298,2111.6,1459,FALSE
982336,"bc88002",185,"Film - BW",1988,8000,153,1829,1094.1,590.3,FALSE
982462,"bc88081",112,"Film - BW",1988,23000,153,4267,2088.3,955,FALSE
982463,"bc88081",113,"Film - BW",1988,23000,153,4267,2107.6,956.1,FALSE
1043130,"bc89026",147,"Film - BW",1989,23000,153,4054,1859.8,1134.3,FALSE
1043131,"bc89026",148,"Film - BW",1989,23000,153,4054,1961.6,1135.3,FALSE
1043132,"bc89026",149,"Film - BW",1989,23000,153,4054,1969.9,1135.3,FALSE
1043133,"bc89026",150,"Film - BW",1989,23000,153,4054,1947,1089.2,FALSE
1043134,"bc89026",151,"Film - BW",1989,23000,153,4054,1877.3,1089.2,FALSE
1043476,"bc89027",83,"Film - BW",1989,8000,153,1768,1053.6,629,FALSE
1035339,"bc89073",64,"Film - BW",1989,15000,305,3048,966.3,1666.3,FALSE
1035340,"bc89073",65,"Film - BW",1989,15000,305,3048,1028.4,1660,FALSE
1035341,"bc89073",66,"Film - BW",1989,15000,305,3048,1109,1155.7,FALSE
1035342,"bc89073",67,"Film - BW",1989,15000,305,3048,1113.7,1155.7,FALSE
1035343,"bc89073",68,"Film - BW",1989,15000,305,3048,1045.2,1319.2,FALSE
1035344,"bc89073",69,"Film - BW",1989,15000,305,3048,953.8,1319.2,FALSE
1035345,"bc89073",70,"Film - BW",1989,15000,305,3048,885,1319.2,FALSE
1035346,"bc89073",71,"Film - BW",1989,15000,305,3048,837.9,1388.7,FALSE
1035347,"bc89073",72,"Film - BW",1989,15000,305,3048,770,1388.7,FALSE
1035348,"bc89073",73,"Film - BW",1989,15000,305,3048,758.8,1388.7,FALSE
1035349,"bc89073",74,"Film - BW",1989,15000,305,3048,844.4,1388.7,FALSE
1035350,"bc89073",75,"Film - BW",1989,15000,305,3048,958.8,1117.2,FALSE
1035351,"bc89073",76,"Film - BW",1989,15000,305,3048,992.1,1110.9,FALSE
1035352,"bc89073",77,"Film - BW",1989,15000,305,3048,1004.3,1110.9,FALSE
1035353,"bc89073",78,"Film - BW",1989,15000,305,3048,1044.6,1110.9,FALSE
1035354,"bc89073",79,"Film - BW",1989,15000,305,3048,1111.2,1110.9,FALSE
1035355,"bc89073",80,"Film - BW",1989,15000,305,3048,1191.7,1110.9,FALSE
1035356,"bc89073",81,"Film - BW",1989,15000,305,3048,1276.3,1224.9,FALSE
1035357,"bc89073",82,"Film - BW",1989,15000,305,3048,1358.9,1224.9,FALSE
1035358,"bc89073",83,"Film - BW",1989,15000,305,3048,1388.8,1224.9,FALSE
1035359,"bc89073",84,"Film - BW",1989,15000,305,3048,1385.6,1224.8,FALSE
1035360,"bc89073",85,"Film - BW",1989,15000,305,3048,1314.9,1224.8,FALSE
1035361,"bc89073",86,"Film - BW",1989,15000,305,3048,1249.5,1231.1,FALSE
1035362,"bc89073",87,"Film - BW",1989,15000,305,3048,1127.5,966.7,FALSE
1035363,"bc89073",88,"Film - BW",1989,15000,305,3048,1135.6,966.7,FALSE
1035364,"bc89073",89,"Film - BW",1989,15000,305,3048,1226.2,973,FALSE
1035365,"bc89073",90,"Film - BW",1989,15000,305,3048,1345.6,973,FALSE
1035366,"bc89073",91,"Film - BW",1989,15000,305,3048,1430.7,1116.7,FALSE
1035367,"bc89073",92,"Film - BW",1989,15000,305,3048,1423.3,1116.7,FALSE
1035368,"bc89073",93,"Film - BW",1989,15000,305,3048,1342.4,1116.7,FALSE
1035369,"bc89073",94,"Film - BW",1989,15000,305,3048,1257.2,1116.7,FALSE
1035370,"bc89073",95,"Film - BW",1989,15000,305,3048,1176.8,1047.2,FALSE
1035371,"bc89073",96,"Film - BW",1989,15000,305,3048,1112.3,1040.9,FALSE
1035372,"bc89073",97,"Film - BW",1989,15000,305,3048,1064.1,1040.9,FALSE
1035373,"bc89073",98,"Film - BW",1989,15000,305,3048,1042.9,1040.9,FALSE
1035374,"bc89073",99,"Film - BW",1989,15000,305,3048,1041.7,1040.9,FALSE
1035375,"bc89073",100,"Film - BW",1989,15000,305,3048,1045.9,1047.2,FALSE
1035376,"bc89073",101,"Film - BW",1989,15000,305,3048,1026.5,1236.6,FALSE
1035377,"bc89073",102,"Film - BW",1989,15000,305,3048,932.7,1236.6,FALSE
1035378,"bc89073",103,"Film - BW",1989,15000,305,3048,805.6,1236.5,FALSE
1035379,"bc89073",104,"Film - BW",1989,15000,305,3048,710.7,1236.5,FALSE
1035380,"bc89073",105,"Film - BW",1989,15000,305,3048,727.1,1154.5,FALSE
1035381,"bc89073",106,"Film - BW",1989,15000,305,3048,788.4,1154.5,FALSE
1035382,"bc89073",107,"Film - BW",1989,15000,305,3048,863.7,1154.5,FALSE
1035383,"bc89073",108,"Film - BW",1989,15000,305,3048,907.8,1154.5,FALSE
1035384,"bc89073",109,"Film - BW",1989,15000,305,3048,963,1160.8,FALSE
1035385,"bc89073",110,"Film - BW",1989,15000,305,3048,1010.6,1160.8,FALSE
1035386,"bc89073",111,"Film - BW",1989,15000,305,3048,1035.5,1280.6,FALSE
1035387,"bc89073",112,"Film - BW",1989,15000,305,3048,1003.5,1280.6,FALSE
1035388,"bc89073",113,"Film - BW",1989,15000,305,3048,978.1,1274.4,FALSE
1035389,"bc89073",114,"Film - BW",1989,15000,305,3048,965.5,1274.4,FALSE
1035390,"bc89073",115,"Film - BW",1989,15000,305,3048,983.3,1274.3,FALSE
1035391,"bc89073",116,"Film - BW",1989,15000,305,3048,987.6,1274.3,FALSE
1043947,"bc89083",10,"Film - BW",1989,10000,153,2134,1186,481.8,FALSE
1043948,"bc89083",11,"Film - BW",1989,10000,153,2134,1249,481.8,FALSE
1043949,"bc89083",12,"Film - BW",1989,10000,153,2134,1315.1,474.5,FALSE
1043950,"bc89083",13,"Film - BW",1989,10000,153,2134,1367.7,474.5,FALSE
1043951,"bc89083",14,"Film - BW",1989,10000,153,2134,1404.1,474.6,FALSE
1043952,"bc89083",15,"Film - BW",1989,10000,153,2134,1420.2,474.6,FALSE
1043953,"bc89083",16,"Film - BW",1989,10000,153,2134,1401.5,489.4,FALSE
1043934,"bc89083",102,"Film - BW",1989,10000,153,1524,598.1,487.7,FALSE
1043935,"bc89083",103,"Film - BW",1989,10000,153,1524,712.8,487.7,FALSE
1043936,"bc89083",104,"Film - BW",1989,10000,153,1524,808.3,487.7,FALSE
1043937,"bc89083",105,"Film - BW",1989,10000,153,1524,885.8,495,FALSE
667068,"bcb04001",31,"Film - BW",2004,3000,305,1222,658.8,108.7,FALSE
667069,"bcb04001",32,"Film - BW",2004,3000,305,1222,683.2,108.7,FALSE
667070,"bcb04001",33,"Film - BW",2004,3000,305,1222,713.2,130.7,FALSE
667071,"bcb04001",34,"Film - BW",2004,3000,305,1223,731.6,108.4,FALSE
667072,"bcb04001",35,"Film - BW",2004,3000,305,1223,733.3,108.4,FALSE
667073,"bcb04001",36,"Film - BW",2004,3000,305,1223,722.4,130.7,FALSE
667074,"bcb04001",37,"Film - BW",2004,3000,305,1222,706,131,FALSE
565207,"bcb90008",80,"Film - BW",1990,5000,153,1219,763.3,246.2,FALSE
565208,"bcb90008",81,"Film - BW",1990,5000,153,1219,755.2,246.2,FALSE
1086993,"bcb90016",188,"Film - BW",1990,5000,153,884,449,263.6,FALSE
565651,"bcb90017",23,"Film - BW",1990,16000,153,2438,1001.7,796.5,FALSE
565652,"bcb90017",24,"Film - BW",1990,16000,153,2438,1057.3,796.5,FALSE
565653,"bcb90017",25,"Film - BW",1990,16000,153,2438,1079.8,730.4,FALSE
565654,"bcb90017",26,"Film - BW",1990,16000,153,2438,1087.9,723.4,FALSE
565655,"bcb90017",27,"Film - BW",1990,16000,153,2438,1079.4,723.4,FALSE
565656,"bcb90017",28,"Film - BW",1990,16000,153,2438,1035.3,723.4,FALSE
565657,"bcb90017",29,"Film - BW",1990,16000,153,2438,978.2,723.5,FALSE
565658,"bcb90017",30,"Film - BW",1990,16000,153,2438,928.2,723.8,FALSE
1088213,"bcb90027",1,"Film - BW",1990,10000,305,3505,1679,286.6,FALSE
1088214,"bcb90027",2,"Film - BW",1990,10000,305,3505,1680.9,286.6,FALSE
1088215,"bcb90027",3,"Film - BW",1990,10000,305,3505,1682.2,286.6,FALSE
1088216,"bcb90027",4,"Film - BW",1990,10000,305,3505,1681.2,286.6,FALSE
1088217,"bcb90027",5,"Film - BW",1990,10000,305,3505,1677.5,286.6,FALSE
1088218,"bcb90027",6,"Film - BW",1990,10000,305,3505,1673,293.3,FALSE
1088219,"bcb90027",7,"Film - BW",1990,10000,305,3505,1666.9,293.5,FALSE
1088220,"bcb90027",8,"Film - BW",1990,10000,305,3505,1739.6,801.9,FALSE
1088221,"bcb90027",9,"Film - BW",1990,10000,305,3505,1696.6,796.6,FALSE
1088222,"bcb90027",10,"Film - BW",1990,10000,305,3505,1675.1,794.5,FALSE
1088223,"bcb90027",11,"Film - BW",1990,10000,305,3505,1672.4,794.5,FALSE
1088224,"bcb90027",12,"Film - BW",1990,10000,305,3505,1653.4,795.5,FALSE
1086387,"bcb90108",49,"Film - BW",1990,16000,153,2560,1094.6,951.8,FALSE
1086388,"bcb90108",50,"Film - BW",1990,16000,153,2560,1031.3,951.8,FALSE
565887,"bcb90115",198,"Film - BW",1990,16000,153,2438,961,777.2,FALSE
565888,"bcb90115",199,"Film - BW",1990,16000,153,2438,1023,777.2,FALSE
565889,"bcb90115",200,"Film - BW",1990,16000,153,2438,1055.3,767.1,FALSE
565890,"bcb90115",201,"Film - BW",1990,16000,153,2438,1064.5,766.8,FALSE
565891,"bcb90115",202,"Film - BW",1990,16000,153,2438,1065.5,766.8,FALSE
565892,"bcb90115",203,"Film - BW",1990,16000,153,2438,1029.3,760.1,FALSE
565893,"bcb90115",204,"Film - BW",1990,16000,153,2438,982.8,760.1,FALSE
565894,"bcb90115",205,"Film - BW",1990,16000,153,2438,927.6,774.5,FALSE
593552,"bcb91002",109,"Film - BW",1991,15000,153,2743,1326.1,1339.3,FALSE
597211,"bcb91008",93,"Film - BW",1991,8000,153,1585,1133.1,466.5,FALSE
597213,"bcb91008",95,"Film - BW",1991,8000,153,1585,962.9,466.5,FALSE
597219,"bcb91008",101,"Film - BW",1991,8000,153,1585,829.3,571.9,FALSE
597220,"bcb91008",102,"Film - BW",1991,8000,153,1585,993.1,571.9,FALSE
595369,"bcb91009",108,"Film - BW",1991,5000,153,1219,762,528.7,FALSE
632027,"bcb91025",114,"Film - BW",1991,15000,305,2964,472,1261.3,FALSE
632028,"bcb91025",115,"Film - BW",1991,15000,305,2964,355.1,1261.3,FALSE
632029,"bcb91025",116,"Film - BW",1991,15000,305,2934,322.9,1268.2,FALSE
632030,"bcb91025",117,"Film - BW",1991,15000,305,2964,201.5,1275.6,FALSE
632031,"bcb91025",118,"Film - BW",1991,15000,305,2964,138.6,1254.5,FALSE
632032,"bcb91025",119,"Film - BW",1991,15000,305,2964,295,1254.5,FALSE
632033,"bcb91025",120,"Film - BW",1991,15000,305,2964,464.1,1282.2,FALSE
632034,"bcb91025",121,"Film - BW",1991,15000,305,2964,399.8,1318.1,FALSE
632035,"bcb91025",122,"Film - BW",1991,15000,305,2964,275.4,1317.4,FALSE
632036,"bcb91025",123,"Film - BW",1991,15000,305,2964,268.9,1317.4,FALSE
632037,"bcb91025",124,"Film - BW",1991,15000,305,2964,331.1,1324.3,FALSE
632038,"bcb91025",125,"Film - BW",1991,15000,305,2964,378.6,1324.3,FALSE
632039,"bcb91025",126,"Film - BW",1991,15000,305,2964,416.7,1387.4,FALSE
632040,"bcb91025",127,"Film - BW",1991,15000,305,2964,380.6,1380.4,FALSE
632041,"bcb91025",128,"Film - BW",1991,15000,305,2964,340.3,1380.4,FALSE
632042,"bcb91025",129,"Film - BW",1991,15000,305,2964,325.1,1387.5,FALSE
632043,"bcb91025",130,"Film - BW",1991,15000,305,2934,329.3,1387.5,FALSE
632044,"bcb91025",131,"Film - BW",1991,15000,305,2964,352.3,1443.4,FALSE
632045,"bcb91025",132,"Film - BW",1991,15000,305,2964,353.7,1436.8,FALSE
632046,"bcb91025",133,"Film - BW",1991,15000,305,2964,300.2,1436.8,FALSE
632047,"bcb91025",134,"Film - BW",1991,15000,305,2964,250.9,1444,FALSE
632048,"bcb91025",135,"Film - BW",1991,15000,305,2964,172.7,1261.5,FALSE
632049,"bcb91025",136,"Film - BW",1991,15000,305,2964,136,1261.3,FALSE
594530,"bcb91093",50,"Film - BW",1991,15000,153,2896,1598.9,427.7,FALSE
594531,"bcb91093",51,"Film - BW",1991,15000,153,2896,1578,427.7,FALSE
594532,"bcb91093",52,"Film - BW",1991,15000,153,2896,1548.7,427,FALSE
594533,"bcb91093",53,"Film - BW",1991,15000,153,2896,1512.2,427,FALSE
594534,"bcb91093",54,"Film - BW",1991,15000,153,2896,1468.4,427.7,FALSE
350634,"bcb92004",43,"Film - BW",1992,5000,305,1921,974.8,113,FALSE
350635,"bcb92004",44,"Film - BW",1992,5000,305,1921,983.2,120.6,FALSE
350636,"bcb92004",45,"Film - BW",1992,5000,305,1921,992.2,145.9,FALSE
350637,"bcb92004",46,"Film - BW",1992,5000,305,1921,998,145.9,FALSE
350638,"bcb92004",47,"Film - BW",1992,5000,305,1921,999.5,121.4,FALSE
350639,"bcb92004",48,"Film - BW",1992,5000,305,1921,997.6,121.4,FALSE
350640,"bcb92004",49,"Film - BW",1992,5000,305,1921,986.2,120.6,FALSE
350641,"bcb92004",50,"Film - BW",1992,5000,305,1921,972.9,120.6,FALSE
350671,"bcb92004",80,"Film - BW",1992,5000,305,1921,982.8,145.9,FALSE
350672,"bcb92004",81,"Film - BW",1992,5000,305,1921,996.4,145.9,FALSE
350673,"bcb92004",82,"Film - BW",1992,5000,305,1921,1003.6,109.2,FALSE
350674,"bcb92004",83,"Film - BW",1992,5000,305,1921,1000.2,109.2,FALSE
350675,"bcb92004",84,"Film - BW",1992,5000,305,1921,991.3,120.6,FALSE
350685,"bcb92004",94,"Film - BW",1992,5000,305,1921,982.3,159,FALSE
350686,"bcb92004",95,"Film - BW",1992,5000,305,1921,990.3,145.9,FALSE
350687,"bcb92004",96,"Film - BW",1992,5000,305,1921,991.6,145.9,FALSE
350688,"bcb92004",97,"Film - BW",1992,5000,305,1921,988.3,108.2,FALSE
350689,"bcb92004",98,"Film - BW",1992,5000,305,1921,985.3,108.2,FALSE
350690,"bcb92004",99,"Film - BW",1992,5000,305,1921,977.2,145.9,FALSE
350691,"bcb92004",100,"Film - BW",1992,5000,305,1921,969.5,145.9,FALSE
482695,"bcb92031",57,"Film - BW",1992,12000,153,2622,1495.7,754.3,FALSE
533194,"bcb92131",1,"Film - BW",1992,10000,153,1810,967.1,185.5,FALSE
533195,"bcb92131",2,"Film - BW",1992,10000,153,1810,930.4,175.4,FALSE
533196,"bcb92131",3,"Film - BW",1992,10000,153,1810,888.1,175.4,FALSE
533676,"bcb92132",216,"Film - BW",1992,10000,153,1810,855.3,198.5,FALSE
533677,"bcb92132",217,"Film - BW",1992,10000,153,1810,875.4,198.5,FALSE
533678,"bcb92132",218,"Film - BW",1992,10000,153,1810,895.8,194,FALSE
533679,"bcb92132",219,"Film - BW",1992,10000,153,1810,906,185.4,FALSE
533680,"bcb92132",220,"Film - BW",1992,10000,153,1810,913.5,185.4,FALSE
533681,"bcb92132",221,"Film - BW",1992,10000,153,1810,911.3,185.4,FALSE
533682,"bcb92132",222,"Film - BW",1992,10000,153,1810,909.3,185.4,FALSE
533683,"bcb92132",223,"Film - BW",1992,10000,153,1810,897.8,194,FALSE
533684,"bcb92132",224,"Film - BW",1992,10000,153,1810,875.5,197.6,FALSE
102134,"bcb94097",106,"Film - BW",1994,3000,305,930,413.9,185.6,FALSE
654739,"bcb98001",41,"Film - BW",1998,3000,305,948,379.2,172.6,FALSE
654740,"bcb98001",42,"Film - BW",1998,3000,305,951,412.5,134,FALSE
654741,"bcb98001",43,"Film - BW",1998,3000,305,951,422.9,134,FALSE
654742,"bcb98001",44,"Film - BW",1998,3000,305,950,434,133.2,FALSE
654743,"bcb98001",45,"Film - BW",1998,3000,305,949,442.5,133.2,FALSE
1592953,"bcc07085",35,"Film - Colour",2007,3000,305,1243,712.8,239.3,FALSE
1592954,"bcc07085",36,"Film - Colour",2007,3000,305,1241,732.7,138.7,FALSE
1592955,"bcc07085",37,"Film - Colour",2007,3000,305,1239,720.9,138.7,FALSE
1592956,"bcc07085",38,"Film - Colour",2007,3000,305,1239,702.5,139,FALSE
1344494,"bcc103",244,"Film - Colour",1974,6000,305,2438,1335.7,546.9,FALSE
1344495,"bcc103",245,"Film - Colour",1974,6000,305,2438,1309.2,547.3,FALSE
1344496,"bcc103",246,"Film - Colour",1974,6000,305,2438,1330.2,426.6,FALSE
1344497,"bcc103",247,"Film - Colour",1974,6000,305,2438,1464.7,404.8,FALSE
1344498,"bcc103",248,"Film - Colour",1974,6000,305,2438,1487.2,404.8,FALSE
1344499,"bcc103",249,"Film - Colour",1974,6000,305,2438,1459.1,412.1,FALSE
1344500,"bcc103",250,"Film - Colour",1974,6000,305,2438,1432.5,404.8,FALSE
1344501,"bcc103",251,"Film - Colour",1974,6000,305,2438,1437.5,404.8,FALSE
1344502,"bcc103",252,"Film - Colour",1974,6000,305,2438,1424.7,404.8,FALSE
1344503,"bcc103",253,"Film - Colour",1974,6000,305,2438,1351.8,404.8,FALSE
1344538,"bcc103",288,"Film - Colour",1974,6000,305,2438,1328.5,419.4,FALSE
1344539,"bcc103",289,"Film - Colour",1974,6000,305,2438,1405.2,419.4,FALSE
1344540,"bcc103",290,"Film - Colour",1974,6000,305,2438,1437,419.4,FALSE
1344541,"bcc103",291,"Film - Colour",1974,6000,305,2438,1418.9,419.4,FALSE
1344542,"bcc103",292,"Film - Colour",1974,6000,305,2438,1351.9,419.4,FALSE
1344545,"bcc103",295,"Film - Colour",1974,6000,305,2438,1321.1,397.8,FALSE
1344546,"bcc103",296,"Film - Colour",1974,6000,305,2438,1371.1,397.8,FALSE
1344547,"bcc103",297,"Film - Colour",1974,6000,305,2438,1388.2,397.8,FALSE
1344548,"bcc103",298,"Film - Colour",1974,6000,305,2438,1405.8,397.8,FALSE
1344549,"bcc103",299,"Film - Colour",1974,6000,305,2438,1447.5,397.8,FALSE
1344550,"bcc103",300,"Film - Colour",1974,6000,305,2438,1456.8,369.3,FALSE
1344551,"bcc103",301,"Film - Colour",1974,6000,305,2438,1443.2,362.1,FALSE
1344552,"bcc103",302,"Film - Colour",1974,6000,305,2438,1419.8,362.1,FALSE
1344553,"bcc103",303,"Film - Colour",1974,6000,305,2438,1417.4,362.1,FALSE
1344554,"bcc103",304,"Film - Colour",1974,6000,305,2438,1411.1,362.1,FALSE
1344555,"bcc103",305,"Film - Colour",1974,6000,305,2438,1389.4,362.1,FALSE
1344556,"bcc103",306,"Film - Colour",1974,6000,305,2438,1336.6,362.1,FALSE
1344562,"bcc103",312,"Film - Colour",1974,6000,305,2438,1311.6,477.3,FALSE
1344563,"bcc103",313,"Film - Colour",1974,6000,305,2438,1302.4,477.3,FALSE
1344578,"bcc103",328,"Film - Colour",1974,6000,305,2438,1298.2,450.6,FALSE
1344579,"bcc103",329,"Film - Colour",1974,6000,305,2438,1401.4,450.6,FALSE
1344580,"bcc103",330,"Film - Colour",1974,6000,305,2438,1436.9,450.5,FALSE
1344581,"bcc103",331,"Film - Colour",1974,6000,305,2438,1434.8,450.5,FALSE
1344582,"bcc103",332,"Film - Colour",1974,6000,305,2438,1386.5,457.8,FALSE
1227118,"bcc136",110,"Film - Colour",1976,4800,305,1463,572,752,FALSE
1182597,"bcc195",64,"Film - Colour",1978,25000,153,2438,952.6,772.3,FALSE
1182598,"bcc195",65,"Film - Colour",1978,25000,153,2438,964.7,771.6,FALSE
1182599,"bcc195",66,"Film - Colour",1978,25000,153,2438,972.1,771.6,FALSE
1182600,"bcc195",67,"Film - Colour",1978,25000,153,2438,975.8,772.5,FALSE
1182601,"bcc195",68,"Film - Colour",1978,25000,153,2438,979.7,772.5,FALSE
1182602,"bcc195",69,"Film - Colour",1978,25000,153,2438,979.7,772.5,FALSE
1182603,"bcc195",70,"Film - Colour",1978,25000,153,2438,976.6,772.6,FALSE
1182604,"bcc195",71,"Film - Colour",1978,25000,153,2438,970.9,772.6,FALSE
1182605,"bcc195",72,"Film - Colour",1978,25000,153,2438,967.4,772.7,FALSE
1182606,"bcc195",73,"Film - Colour",1978,25000,153,2438,965.5,772.7,FALSE
1182607,"bcc195",74,"Film - Colour",1978,25000,153,2438,960.4,772.8,FALSE
1182608,"bcc195",75,"Film - Colour",1978,25000,153,2438,955.9,772.8,FALSE
1182609,"bcc195",76,"Film - Colour",1978,25000,153,2438,956.6,773.6,FALSE
1182610,"bcc195",77,"Film - Colour",1978,25000,153,2438,966.8,772.9,FALSE
1182611,"bcc195",78,"Film - Colour",1978,25000,153,2438,970.2,772.9,FALSE
1182612,"bcc195",79,"Film - Colour",1978,25000,153,2438,963.5,768.8,FALSE
1182613,"bcc195",80,"Film - Colour",1978,25000,153,2438,953.3,768.8,FALSE
1182614,"bcc195",81,"Film - Colour",1978,25000,153,2438,940.5,773.1,FALSE
1182615,"bcc195",82,"Film - Colour",1978,25000,153,2438,926,773.9,FALSE
1182616,"bcc195",83,"Film - Colour",1978,25000,153,2438,906.4,773.9,FALSE
1182617,"bcc195",84,"Film - Colour",1978,25000,153,2438,885.7,773.3,FALSE
1182618,"bcc195",85,"Film - Colour",1978,25000,153,2438,869.8,773.3,FALSE
1182619,"bcc195",86,"Film - Colour",1978,25000,153,2438,863,774.1,FALSE
1182620,"bcc195",87,"Film - Colour",1978,25000,153,2438,868.4,774.1,FALSE
1182621,"bcc195",88,"Film - Colour",1978,25000,153,2438,882.4,781.4,FALSE
1146642,"bcc217",62,"Film - Colour",1979,5000,305,1859,914.7,160.8,FALSE
814910,"bcc285",76,"Film - Colour",1981,5000,305,1707,1435.1,319,FALSE
814911,"bcc285",77,"Film - Colour",1981,5000,305,1707,1446.4,316.2,FALSE
814912,"bcc285",78,"Film - Colour",1981,5000,305,1707,1457.6,316.2,FALSE
814913,"bcc285",79,"Film - Colour",1981,5000,305,1707,1487.1,316.2,FALSE
814914,"bcc285",80,"Film - Colour",1981,5000,305,1707,1556.9,316.2,FALSE
814915,"bcc285",81,"Film - Colour",1981,5000,305,1707,1667.1,316.2,FALSE
814919,"bcc285",85,"Film - Colour",1981,5000,305,1707,1697.6,316.3,FALSE
814920,"bcc285",86,"Film - Colour",1981,5000,305,1707,1631.6,316.3,FALSE
814921,"bcc285",87,"Film - Colour",1981,5000,305,1707,1620.1,316.3,FALSE
814922,"bcc285",88,"Film - Colour",1981,5000,305,1707,1663.6,316.3,FALSE
814938,"bcc285",104,"Film - Colour",1981,5000,305,1707,1679.1,286.3,FALSE
814939,"bcc285",105,"Film - Colour",1981,5000,305,1707,1642.8,286.3,FALSE
814940,"bcc285",106,"Film - Colour",1981,5000,305,1707,1627,292.8,FALSE
814942,"bcc285",108,"Film - Colour",1981,5000,305,1707,1606.5,607.4,FALSE
814943,"bcc285",109,"Film - Colour",1981,5000,305,1707,1540.9,421.1,FALSE
814944,"bcc285",110,"Film - Colour",1981,5000,305,1707,1574,420.4,FALSE
814945,"bcc285",111,"Film - Colour",1981,5000,305,1707,1662.8,420,FALSE
814957,"bcc285",123,"Film - Colour",1981,5000,305,1707,1619.8,407.8,FALSE
814958,"bcc285",124,"Film - Colour",1981,5000,305,1707,1560.3,408.6,FALSE
814959,"bcc285",125,"Film - Colour",1981,5000,305,1707,1639.7,407.4,FALSE
814972,"bcc285",138,"Film - Colour",1981,5000,305,1707,1693.5,307.8,FALSE
814973,"bcc285",139,"Film - Colour",1981,5000,305,1707,1616.3,307.8,FALSE
814974,"bcc285",140,"Film - Colour",1981,5000,305,1707,1535.2,310.6,FALSE
814975,"bcc285",141,"Film - Colour",1981,5000,305,1707,1524.2,344.4,FALSE
814976,"bcc285",142,"Film - Colour",1981,5000,305,1707,1607,344.4,FALSE
814998,"bcc285",164,"Film - Colour",1981,5000,305,1707,1682.6,420.6,FALSE
814999,"bcc285",165,"Film - Colour",1981,5000,305,1707,1604,427.7,FALSE
815000,"bcc285",166,"Film - Colour",1981,5000,305,1707,1591.7,420.6,FALSE
815001,"bcc285",167,"Film - Colour",1981,5000,305,1707,1653.9,420.6,FALSE
815012,"bcc285",178,"Film - Colour",1981,5000,305,1707,1687.3,387.4,FALSE
815013,"bcc285",179,"Film - Colour",1981,5000,305,1707,1605.4,387.4,FALSE
815014,"bcc285",180,"Film - Colour",1981,5000,305,1707,1575.4,387.4,FALSE
815015,"bcc285",181,"Film - Colour",1981,5000,305,1707,1621.2,387.8,FALSE
815028,"bcc285",194,"Film - Colour",1981,5000,305,1707,1702.9,387.8,FALSE
815036,"bcc285",202,"Film - Colour",1981,5000,305,1707,1695.2,364.9,FALSE
815037,"bcc285",203,"Film - Colour",1981,5000,305,1707,1591,364.9,FALSE
815038,"bcc285",204,"Film - Colour",1981,5000,305,1707,1563,364.9,FALSE
815039,"bcc285",205,"Film - Colour",1981,5000,305,1707,1606.3,372,FALSE
815040,"bcc285",206,"Film - Colour",1981,5000,305,1707,1699.9,372,FALSE
830337,"bcc325",71,"Film - Colour",1982,2000,153,396,352.9,422.5,FALSE
855926,"bcc337",45,"Film - Colour",1985,10000,305,3871,2020.3,853.9,FALSE
855927,"bcc337",46,"Film - Colour",1985,10000,305,3871,2068.7,853.9,FALSE
855928,"bcc337",47,"Film - Colour",1985,10000,305,3871,2030.1,853.9,FALSE
855929,"bcc337",48,"Film - Colour",1985,10000,305,3871,2000.5,853.9,FALSE
855930,"bcc337",49,"Film - Colour",1985,10000,305,3871,1979.7,853.9,FALSE
855931,"bcc337",50,"Film - Colour",1985,10000,305,3871,1966.6,858.5,FALSE
1261606,"bcc4",26,"Film - Colour",1967,12000,153,1829,736.5,998.6,FALSE
1261607,"bcc4",27,"Film - Colour",1967,12000,153,1829,705.9,998.6,FALSE
892772,"bcc454",102,"Film - Colour",1986,10000,305,3658,1787,634.2,FALSE
895268,"bcc544",1,"Film - Colour",1986,8000,305,1768,443.9,445.9,FALSE
895269,"bcc544",2,"Film - Colour",1986,8000,305,1768,405.9,443.4,FALSE
895270,"bcc544",3,"Film - Colour",1986,8000,305,1768,372.3,443.1,FALSE
895271,"bcc544",4,"Film - Colour",1986,8000,305,1768,337.5,436.5,FALSE
895272,"bcc544",5,"Film - Colour",1986,8000,305,1768,309.5,436.5,FALSE
895273,"bcc544",6,"Film - Colour",1986,8000,305,1768,292,443.4,FALSE
895274,"bcc544",7,"Film - Colour",1986,8000,305,1768,281.3,443.4,FALSE
895275,"bcc544",8,"Film - Colour",1986,8000,305,1768,283,443,FALSE
895276,"bcc544",9,"Film - Colour",1986,8000,305,1768,284.9,443,FALSE
895277,"bcc544",10,"Film - Colour",1986,8000,305,1768,284.9,391.2,FALSE
895278,"bcc544",11,"Film - Colour",1986,8000,305,1768,287,390.9,FALSE
895279,"bcc544",12,"Film - Colour",1986,8000,305,1768,289.3,390.2,FALSE
895280,"bcc544",13,"Film - Colour",1986,8000,305,1768,297.1,390.2,FALSE
895281,"bcc544",14,"Film - Colour",1986,8000,305,1768,309.7,390.9,FALSE
895282,"bcc544",15,"Film - Colour",1986,8000,305,1768,320.5,408.1,FALSE
895283,"bcc544",16,"Film - Colour",1986,8000,305,1768,300.8,393.7,FALSE
895284,"bcc544",17,"Film - Colour",1986,8000,305,1768,290.7,393.7,FALSE
895285,"bcc544",18,"Film - Colour",1986,8000,305,1768,292.5,393.7,FALSE
895286,"bcc544",19,"Film - Colour",1986,8000,305,1768,313.4,394.1,FALSE
895287,"bcc544",20,"Film - Colour",1986,8000,305,1768,363.8,394.1,FALSE
895288,"bcc544",21,"Film - Colour",1986,8000,305,1768,433.2,400.3,FALSE
895289,"bcc544",22,"Film - Colour",1986,8000,305,1737,390.8,431.3,FALSE
895290,"bcc544",23,"Film - Colour",1986,8000,305,1737,348.9,423.6,FALSE
895291,"bcc544",24,"Film - Colour",1986,8000,305,1737,319.7,423.6,FALSE
895292,"bcc544",25,"Film - Colour",1986,8000,305,1737,306.9,423.5,FALSE
895293,"bcc544",26,"Film - Colour",1986,8000,305,1737,307.9,423.5,FALSE
895294,"bcc544",27,"Film - Colour",1986,8000,305,1737,323.7,422.9,FALSE
895295,"bcc544",28,"Film - Colour",1986,8000,305,1737,344.7,422.9,FALSE
895296,"bcc544",29,"Film - Colour",1986,8000,305,1737,363.1,423.5,FALSE
895297,"bcc544",30,"Film - Colour",1986,8000,305,1737,357.3,429.4,FALSE
895298,"bcc544",31,"Film - Colour",1986,8000,305,1737,332.2,434.5,FALSE
895299,"bcc544",32,"Film - Colour",1986,8000,305,1737,309.3,431.2,FALSE
895300,"bcc544",33,"Film - Colour",1986,8000,305,1737,295.6,431.2,FALSE
895301,"bcc544",34,"Film - Colour",1986,8000,305,1737,281.2,431.2,FALSE
895302,"bcc544",35,"Film - Colour",1986,8000,305,1737,275.7,431.8,FALSE
895303,"bcc544",36,"Film - Colour",1986,8000,305,1737,276.3,431.8,FALSE
895304,"bcc544",37,"Film - Colour",1986,8000,305,1737,350.2,463.4,FALSE
895305,"bcc544",38,"Film - Colour",1986,8000,305,1737,292.4,463.4,FALSE
895306,"bcc544",39,"Film - Colour",1986,8000,305,1737,285.2,463.4,FALSE
895307,"bcc544",40,"Film - Colour",1986,8000,305,1737,281.4,436.3,FALSE
895308,"bcc544",41,"Film - Colour",1986,8000,305,1737,271.8,436.3,FALSE
895309,"bcc544",42,"Film - Colour",1986,8000,305,1737,282.1,435.3,FALSE
895310,"bcc544",43,"Film - Colour",1986,8000,305,1737,302.6,435.3,FALSE
895311,"bcc544",44,"Film - Colour",1986,8000,305,1737,326.2,461.2,FALSE
895312,"bcc544",45,"Film - Colour",1986,8000,305,1737,361.8,461.2,FALSE
895313,"bcc544",46,"Film - Colour",1986,8000,305,1737,383,464.9,FALSE
895314,"bcc544",47,"Film - Colour",1986,8000,305,1737,418.7,464.9,FALSE
895315,"bcc544",48,"Film - Colour",1986,8000,305,1737,374.8,548.5,FALSE
895316,"bcc544",49,"Film - Colour",1986,8000,305,1737,349.3,548.5,FALSE
895317,"bcc544",50,"Film - Colour",1986,8000,305,1737,328.9,432.9,FALSE
895318,"bcc544",51,"Film - Colour",1986,8000,305,1737,307.1,425.8,FALSE
895319,"bcc544",52,"Film - Colour",1986,8000,305,1737,294.8,425.8,FALSE
895320,"bcc544",53,"Film - Colour",1986,8000,305,1737,279,431.6,FALSE
895321,"bcc544",54,"Film - Colour",1986,8000,305,1737,279,431.6,FALSE
895322,"bcc544",55,"Film - Colour",1986,8000,305,1737,291,431.6,FALSE
895323,"bcc544",56,"Film - Colour",1986,8000,305,1676,348.7,435.5,FALSE
895324,"bcc544",57,"Film - Colour",1986,8000,305,1676,283.6,435.5,FALSE
895325,"bcc544",58,"Film - Colour",1986,8000,305,1676,251.5,435.5,FALSE
895326,"bcc544",59,"Film - Colour",1986,8000,305,1676,241,435.5,FALSE
895327,"bcc544",60,"Film - Colour",1986,8000,305,1676,258.7,435.5,FALSE
895328,"bcc544",61,"Film - Colour",1986,8000,305,1676,285.9,445.1,FALSE
895329,"bcc544",62,"Film - Colour",1986,8000,305,1676,301.1,444,FALSE
895330,"bcc544",63,"Film - Colour",1986,8000,305,1676,297.4,444,FALSE
895331,"bcc544",64,"Film - Colour",1986,8000,305,1676,278.7,444,FALSE
895332,"bcc544",65,"Film - Colour",1986,8000,305,1676,256.8,444,FALSE
895333,"bcc544",66,"Film - Colour",1986,8000,305,1676,231,445.1,FALSE
895334,"bcc544",67,"Film - Colour",1986,8000,305,1676,193.6,444,FALSE
895335,"bcc544",68,"Film - Colour",1986,8000,305,1676,175.2,444,FALSE
895336,"bcc544",69,"Film - Colour",1986,8000,305,1676,183,444,FALSE
895337,"bcc544",70,"Film - Colour",1986,8000,305,1676,210.2,444,FALSE
895359,"bcc544",92,"Film - Colour",1986,8000,305,1615,135.3,447.2,FALSE
895360,"bcc544",93,"Film - Colour",1986,8000,305,1615,99.1,391.9,FALSE
895361,"bcc544",94,"Film - Colour",1986,8000,305,1615,93.6,391.9,FALSE
895365,"bcc544",98,"Film - Colour",1986,8000,305,1615,105.1,478.1,FALSE
895366,"bcc544",99,"Film - Colour",1986,8000,305,1615,147.3,479.1,FALSE
895367,"bcc544",100,"Film - Colour",1986,8000,305,1615,201.9,480.2,FALSE
895368,"bcc544",101,"Film - Colour",1986,8000,305,1615,260.9,480.2,FALSE
895369,"bcc544",102,"Film - Colour",1986,8000,305,1615,324,481.2,FALSE
1302776,"bcc778",63,"Film - Colour",1988,15000,305,3810,1195.1,1316.7,FALSE
1302777,"bcc778",64,"Film - Colour",1988,15000,305,3810,997,1316.7,FALSE
1302778,"bcc778",65,"Film - Colour",1988,15000,305,3810,1060.9,1298.2,FALSE
1302779,"bcc778",66,"Film - Colour",1988,15000,305,3810,1366.6,1298.2,FALSE
1302780,"bcc778",67,"Film - Colour",1988,15000,305,3810,1682.1,1299.3,FALSE
1302781,"bcc778",68,"Film - Colour",1988,15000,305,3810,1782.3,1299.3,FALSE
1302782,"bcc778",69,"Film - Colour",1988,15000,305,3810,1711.4,1299.4,FALSE
1302783,"bcc778",70,"Film - Colour",1988,15000,305,3810,1600.2,1299.5,FALSE
1302784,"bcc778",71,"Film - Colour",1988,15000,305,3810,1567.4,1363.6,FALSE
1302785,"bcc778",72,"Film - Colour",1988,15000,305,3810,1574.9,1363.6,FALSE
1302786,"bcc778",73,"Film - Colour",1988,15000,305,3810,1594.5,1360.8,FALSE
1302787,"bcc778",74,"Film - Colour",1988,15000,305,3810,1418.9,1360.8,FALSE
1302788,"bcc778",75,"Film - Colour",1988,15000,305,3810,1279.1,1368.5,FALSE
1302789,"bcc778",76,"Film - Colour",1988,15000,305,3810,1377.4,1400.5,FALSE
1302790,"bcc778",77,"Film - Colour",1988,15000,305,3810,1440.3,1400.6,FALSE
1302791,"bcc778",78,"Film - Colour",1988,15000,305,3810,1279.6,1400.7,FALSE
1302792,"bcc778",79,"Film - Colour",1988,15000,305,3810,1162.6,1400.9,FALSE
1302793,"bcc778",80,"Film - Colour",1988,15000,305,3810,1088.6,1400.9,FALSE
1302794,"bcc778",81,"Film - Colour",1988,15000,305,3810,1013.4,1408.4,FALSE
1302796,"bcc778",83,"Film - Colour",1988,15000,305,3810,973.3,1409.6,FALSE
1302810,"bcc778",97,"Film - Colour",1988,15000,305,3810,1145.8,1761.1,FALSE
1302811,"bcc778",98,"Film - Colour",1988,15000,305,3810,1346.7,1762.2,FALSE
1302812,"bcc778",99,"Film - Colour",1988,15000,305,3810,1611,1762.4,FALSE
1302813,"bcc778",100,"Film - Colour",1988,15000,305,3810,1818.4,1543,FALSE
1302814,"bcc778",101,"Film - Colour",1988,15000,305,3810,1935.9,1543,FALSE
1302815,"bcc778",102,"Film - Colour",1988,15000,305,3810,1978.3,1544,FALSE
1302816,"bcc778",103,"Film - Colour",1988,15000,305,3810,1903.9,1544.2,FALSE
1302817,"bcc778",104,"Film - Colour",1988,15000,305,3810,1843.5,1544.3,FALSE
1302818,"bcc778",105,"Film - Colour",1988,15000,305,3810,1803.9,1548.2,FALSE
1302819,"bcc778",106,"Film - Colour",1988,15000,305,3810,1035.2,1566.3,FALSE
1302820,"bcc778",107,"Film - Colour",1988,15000,305,3810,989.2,1538.6,FALSE
1302821,"bcc778",108,"Film - Colour",1988,15000,305,3810,1017.6,1534,FALSE
1302822,"bcc778",109,"Film - Colour",1988,15000,305,3810,1014.9,1534,FALSE
1302823,"bcc778",110,"Film - Colour",1988,15000,305,3810,985.1,1537.5,FALSE
1302824,"bcc778",111,"Film - Colour",1988,15000,305,3810,967.7,1537.3,FALSE
1302825,"bcc778",112,"Film - Colour",1988,15000,305,3810,980.7,1537.1,FALSE
1302826,"bcc778",113,"Film - Colour",1988,15000,305,3810,1083.9,1536.1,FALSE
1302827,"bcc778",114,"Film - Colour",1988,15000,305,3810,1199.6,1536.1,FALSE
1302828,"bcc778",115,"Film - Colour",1988,15000,305,3810,1270.9,1535.9,FALSE
1302829,"bcc778",116,"Film - Colour",1988,15000,305,3810,1276.3,1535.9,FALSE
1302830,"bcc778",117,"Film - Colour",1988,15000,305,3810,1216.4,1535.7,FALSE
1302831,"bcc778",118,"Film - Colour",1988,15000,305,3810,1091.5,1535.7,FALSE
1302832,"bcc778",119,"Film - Colour",1988,15000,305,3810,952.5,1535.4,FALSE
1302834,"bcc778",121,"Film - Colour",1988,15000,305,3810,983.1,1535.2,FALSE
1302835,"bcc778",122,"Film - Colour",1988,15000,305,3810,985.3,1535.2,FALSE
1302836,"bcc778",123,"Film - Colour",1988,15000,305,3810,1025.5,1535,FALSE
1302837,"bcc778",124,"Film - Colour",1988,15000,305,3810,1055.7,1535,FALSE
1302838,"bcc778",125,"Film - Colour",1988,15000,305,3810,1058,1537.5,FALSE
1302839,"bcc778",126,"Film - Colour",1988,15000,305,3810,1030,1537.3,FALSE
1302840,"bcc778",127,"Film - Colour",1988,15000,305,3810,1015.8,1536.3,FALSE
1302841,"bcc778",128,"Film - Colour",1988,15000,305,3810,978,1536.3,FALSE
1302842,"bcc778",129,"Film - Colour",1988,15000,305,3810,1017.9,1537,FALSE
1302843,"bcc778",130,"Film - Colour",1988,15000,305,3810,1042.6,1535.9,FALSE
1302844,"bcc778",131,"Film - Colour",1988,15000,305,3810,1000.1,1535.9,FALSE
1302845,"bcc778",132,"Film - Colour",1988,15000,305,3810,1038.2,1535.7,FALSE
1302846,"bcc778",133,"Film - Colour",1988,15000,305,3810,1170.1,1535.7,FALSE
1302847,"bcc778",134,"Film - Colour",1988,15000,305,3810,1307.3,1536.4,FALSE
1302848,"bcc778",135,"Film - Colour",1988,15000,305,3810,1243.4,1536.4,FALSE
1302849,"bcc778",136,"Film - Colour",1988,15000,305,3810,1236.1,1535.3,FALSE
1302850,"bcc778",137,"Film - Colour",1988,15000,305,3810,1438.8,1535.3,FALSE
1302851,"bcc778",138,"Film - Colour",1988,15000,305,3810,1583.5,1537.7,FALSE
1302852,"bcc778",139,"Film - Colour",1988,15000,305,3810,1681.5,1534.9,FALSE
1302853,"bcc778",140,"Film - Colour",1988,15000,305,3810,1761.7,1391.1,FALSE
1302854,"bcc778",141,"Film - Colour",1988,15000,305,3810,1657.4,1386.4,FALSE
1302855,"bcc778",142,"Film - Colour",1988,15000,305,3810,1465.5,1386.3,FALSE
1302856,"bcc778",143,"Film - Colour",1988,15000,305,3810,1655.8,1386.2,FALSE
1302857,"bcc778",144,"Film - Colour",1988,15000,305,3810,1909.6,1386.1,FALSE
1302858,"bcc778",145,"Film - Colour",1988,15000,305,3810,1963.8,1298.8,FALSE
1302859,"bcc778",146,"Film - Colour",1988,15000,305,3810,1976.7,1297.8,FALSE
1302860,"bcc778",147,"Film - Colour",1988,15000,305,3810,2050.8,1297.7,FALSE
1302861,"bcc778",148,"Film - Colour",1988,15000,305,3810,2070.5,1297.6,FALSE
1302862,"bcc778",149,"Film - Colour",1988,15000,305,3810,2007.3,1297.5,FALSE
1302863,"bcc778",150,"Film - Colour",1988,15000,305,3810,1778,1242.2,FALSE
1302864,"bcc778",151,"Film - Colour",1988,15000,305,3810,1403.1,1241.1,FALSE
1302865,"bcc778",152,"Film - Colour",1988,15000,305,3810,1073.6,1241.1,FALSE
1005023,"bcc812",79,"Film - Colour",1988,15000,305,3810,1932.4,1354.9,FALSE
1005024,"bcc812",80,"Film - Colour",1988,15000,305,3810,1882,1354.9,FALSE
1005025,"bcc812",81,"Film - Colour",1988,15000,305,3810,1893.8,1354.9,FALSE
1005026,"bcc812",82,"Film - Colour",1988,15000,305,3810,1975.1,1354.9,FALSE
1005027,"bcc812",83,"Film - Colour",1988,15000,305,3810,1878.8,1354.9,FALSE
1005028,"bcc812",84,"Film - Colour",1988,15000,305,3810,1706.1,1354.8,FALSE
1005029,"bcc812",85,"Film - Colour",1988,15000,305,3810,1627.3,1354.8,FALSE
1005030,"bcc812",86,"Film - Colour",1988,15000,305,3810,1516.7,1354.8,FALSE
1005031,"bcc812",87,"Film - Colour",1988,15000,305,3810,1555,1354.8,FALSE
1005032,"bcc812",88,"Film - Colour",1988,15000,305,3810,1760.3,1354.8,FALSE
1005033,"bcc812",89,"Film - Colour",1988,15000,305,3810,1864.3,1354.8,FALSE
1005034,"bcc812",90,"Film - Colour",1988,15000,305,3810,1786.9,1354.8,FALSE
1005035,"bcc812",91,"Film - Colour",1988,15000,305,3810,1634.7,1354.8,FALSE
1005036,"bcc812",92,"Film - Colour",1988,15000,305,3810,1514.9,1354.8,FALSE
1005037,"bcc812",93,"Film - Colour",1988,15000,305,3810,1345.7,1354.8,FALSE
1005038,"bcc812",94,"Film - Colour",1988,15000,305,3810,1150.9,1354.8,FALSE
1005039,"bcc812",95,"Film - Colour",1988,15000,305,3810,1121.7,1354.8,FALSE
1005040,"bcc812",96,"Film - Colour",1988,15000,305,3810,1224.8,1354.8,FALSE
1005041,"bcc812",97,"Film - Colour",1988,15000,305,3810,1236.2,1398.5,FALSE
1005042,"bcc812",98,"Film - Colour",1988,15000,305,3810,1188.1,1391.3,FALSE
1005043,"bcc812",99,"Film - Colour",1988,15000,305,3810,1138.9,1391.3,FALSE
1005044,"bcc812",100,"Film - Colour",1988,15000,305,3810,1122.1,1398.5,FALSE
1005045,"bcc812",101,"Film - Colour",1988,15000,305,3810,1019.6,1748.3,FALSE
1005057,"bcc812",113,"Film - Colour",1988,15000,305,3810,1058.2,1778.2,FALSE
1005058,"bcc812",114,"Film - Colour",1988,15000,305,3810,1100.1,1778.2,FALSE
1005059,"bcc813",7,"Film - Colour",1988,15000,305,3810,1069.8,1721.7,FALSE
1005060,"bcc813",8,"Film - Colour",1988,15000,305,3810,1117.8,1714.2,FALSE
1005061,"bcc813",9,"Film - Colour",1988,15000,305,3810,1152.2,1714.2,FALSE
1005062,"bcc813",10,"Film - Colour",1988,15000,305,3810,1202.2,1646.2,FALSE
1005063,"bcc813",11,"Film - Colour",1988,15000,305,3810,1308.6,1638.9,FALSE
1005064,"bcc813",12,"Film - Colour",1988,15000,305,3810,1378.9,1638.9,FALSE
1005065,"bcc813",13,"Film - Colour",1988,15000,305,3810,1365.3,1638.9,FALSE
1005066,"bcc813",14,"Film - Colour",1988,15000,305,3810,1359,1638.9,FALSE
1005067,"bcc813",15,"Film - Colour",1988,15000,305,3810,1433.5,1602.6,FALSE
1005068,"bcc813",16,"Film - Colour",1988,15000,305,3810,1520.6,1602.5,FALSE
1005069,"bcc813",17,"Film - Colour",1988,15000,305,3810,1598.3,1595.3,FALSE
1005070,"bcc813",18,"Film - Colour",1988,15000,305,3810,1624.5,1595.3,FALSE
1005071,"bcc813",19,"Film - Colour",1988,15000,305,3810,1657.5,1595.3,FALSE
1005072,"bcc813",20,"Film - Colour",1988,15000,305,3810,1782.7,1573.3,FALSE
1005073,"bcc813",21,"Film - Colour",1988,15000,305,3810,1795.6,1566,FALSE
1005074,"bcc813",22,"Film - Colour",1988,15000,305,3810,1614.7,1566,FALSE
1005075,"bcc813",23,"Film - Colour",1988,15000,305,3810,1362.2,1566,FALSE
1005076,"bcc813",24,"Film - Colour",1988,15000,305,3810,1127.5,1566,FALSE
1005077,"bcc813",25,"Film - Colour",1988,15000,305,3810,1133.7,1398.5,FALSE
1005078,"bcc813",26,"Film - Colour",1988,15000,305,3810,1395.2,1398.5,FALSE
1005079,"bcc813",27,"Film - Colour",1988,15000,305,3810,1571.3,1398.5,FALSE
1005830,"bcc833",68,"Film - Colour",1988,15000,305,3810,1517.8,1893.9,FALSE
1005831,"bcc833",69,"Film - Colour",1988,15000,305,3810,1439.3,1030.1,FALSE
1005832,"bcc833",70,"Film - Colour",1988,15000,305,3810,1365.9,1030.1,FALSE
1005833,"bcc833",71,"Film - Colour",1988,15000,305,3810,1247.7,1587.7,FALSE
1005834,"bcc833",72,"Film - Colour",1988,15000,305,3810,1106.7,1587.7,FALSE
1005835,"bcc833",73,"Film - Colour",1988,15000,305,3810,1040.8,1587.8,FALSE
1005836,"bcc833",74,"Film - Colour",1988,15000,305,3810,1090.9,1587.8,FALSE
1005837,"bcc833",75,"Film - Colour",1988,15000,305,3810,1179,1493.7,FALSE
1005838,"bcc833",76,"Film - Colour",1988,15000,305,3810,1318.8,1486.5,FALSE
1005839,"bcc833",77,"Film - Colour",1988,15000,305,3810,1503.1,1486.4,FALSE
1005840,"bcc833",78,"Film - Colour",1988,15000,305,3810,1674,1486.4,FALSE
1005841,"bcc833",79,"Film - Colour",1988,15000,305,3810,1761.9,1486.4,FALSE
1005842,"bcc833",80,"Film - Colour",1988,15000,305,3810,1764.5,1406.7,FALSE
1005843,"bcc833",81,"Film - Colour",1988,15000,305,3810,1774.6,1399.4,FALSE
1005844,"bcc833",82,"Film - Colour",1988,15000,305,3810,1810.7,1399.4,FALSE
1005845,"bcc833",83,"Film - Colour",1988,15000,305,3810,1825,1399.4,FALSE
1005846,"bcc833",84,"Film - Colour",1988,15000,305,3810,1781.7,1399.4,FALSE
1005847,"bcc833",85,"Film - Colour",1988,15000,305,3810,1556.4,1399.4,FALSE
1005848,"bcc833",86,"Film - Colour",1988,15000,305,3810,1176.3,1566.3,FALSE
1005849,"bcc833",87,"Film - Colour",1988,15000,305,3810,967,1566.3,FALSE
1005859,"bcc833",97,"Film - Colour",1988,15000,305,3810,957.7,1674.6,FALSE
1005860,"bcc833",98,"Film - Colour",1988,15000,305,3810,1093.1,1674.6,FALSE
1005861,"bcc833",99,"Film - Colour",1988,15000,305,3810,1148.5,1674.6,FALSE
1005862,"bcc833",100,"Film - Colour",1988,15000,305,3810,1157.7,1674.6,FALSE
1005863,"bcc833",101,"Film - Colour",1988,15000,305,3810,1137.1,1725.3,FALSE
1005864,"bcc833",102,"Film - Colour",1988,15000,305,3810,1067.3,1725.3,FALSE
1005865,"bcc833",103,"Film - Colour",1988,15000,305,3810,1021.1,1725.3,FALSE
1005866,"bcc833",104,"Film - Colour",1988,15000,305,3810,996.2,1725.3,FALSE
1005867,"bcc833",105,"Film - Colour",1988,15000,305,3810,972.9,1725.3,FALSE
1005868,"bcc833",106,"Film - Colour",1988,15000,305,3810,1009,1761.6,FALSE
1005869,"bcc833",107,"Film - Colour",1988,15000,305,3810,1094.7,1761.6,FALSE
1005870,"bcc833",108,"Film - Colour",1988,15000,305,3810,1192.7,1761.6,FALSE
1005871,"bcc833",109,"Film - Colour",1988,15000,305,3810,1268.3,1761.6,FALSE
1005872,"bcc833",110,"Film - Colour",1988,15000,305,3810,1356.9,1566,FALSE
1005873,"bcc833",111,"Film - Colour",1988,15000,305,3810,1419.3,1558.7,FALSE
1005874,"bcc833",112,"Film - Colour",1988,15000,305,3810,1521.7,1558.7,FALSE
1005875,"bcc833",113,"Film - Colour",1988,15000,305,3810,1728.1,1558.8,FALSE
1005876,"bcc833",114,"Film - Colour",1988,15000,305,3810,1918.5,1424.7,FALSE
1005877,"bcc833",115,"Film - Colour",1988,15000,305,3810,1989.9,1424.7,FALSE
1005878,"bcc833",116,"Film - Colour",1988,15000,305,3810,1928.8,1500.9,FALSE
1005879,"bcc833",117,"Film - Colour",1988,15000,305,3810,1748.8,1500.9,FALSE
1005880,"bcc833",118,"Film - Colour",1988,15000,305,3810,1581.8,1500.9,FALSE
1005881,"bcc833",119,"Film - Colour",1988,15000,305,3810,1633.9,1500.9,FALSE
1005882,"bcc833",120,"Film - Colour",1988,15000,305,3810,1871.6,1211.5,FALSE
1005883,"bcc833",121,"Film - Colour",1988,15000,305,3810,1991.3,1211.4,FALSE
1005884,"bcc833",122,"Film - Colour",1988,15000,305,3810,2051.1,1211.4,FALSE
1005885,"bcc833",123,"Film - Colour",1988,15000,305,3810,2080.3,1211.4,FALSE
1005886,"bcc833",124,"Film - Colour",1988,15000,305,3810,2029.2,1211.4,FALSE
1005887,"bcc833",125,"Film - Colour",1988,15000,305,3810,1845.5,1211.4,FALSE
1005888,"bcc833",126,"Film - Colour",1988,15000,305,3810,1681.4,1356.3,FALSE
1005889,"bcc833",127,"Film - Colour",1988,15000,305,3810,1690.7,1356.3,FALSE
1005890,"bcc833",128,"Film - Colour",1988,15000,305,3810,1854.9,1356.3,FALSE
1005891,"bcc833",129,"Film - Colour",1988,15000,305,3810,1946.4,1356.3,FALSE
1005892,"bcc833",130,"Film - Colour",1988,15000,305,3810,1926,1356.3,FALSE
1005893,"bcc833",131,"Film - Colour",1988,15000,305,3810,1689.1,1406.5,FALSE
1005894,"bcc833",132,"Film - Colour",1988,15000,305,3810,1656.7,1406.5,FALSE
1105269,"bcc90027",4,"Film - Colour",1990,5000,305,1524,574.6,377.2,FALSE
1092867,"bcc90043",196,"Film - Colour",1990,10000,305,3139,1282.7,888.4,FALSE
1092868,"bcc90043",197,"Film - Colour",1990,10000,305,3139,1315.4,884.3,FALSE
1052353,"bcc948",57,"Film - Colour",1989,10000,305,3200,1535.8,857.1,FALSE
1052354,"bcc948",58,"Film - Colour",1989,10000,305,3200,1549.6,850.5,FALSE
1052355,"bcc948",59,"Film - Colour",1989,10000,305,3200,1575.8,850.5,FALSE
1052356,"bcc948",60,"Film - Colour",1989,10000,305,3200,1612.2,799.5,FALSE
1052357,"bcc948",61,"Film - Colour",1989,10000,305,3200,1614,785.5,FALSE
1052358,"bcc948",62,"Film - Colour",1989,10000,305,3200,1577.3,785.5,FALSE
1052359,"bcc948",63,"Film - Colour",1989,10000,305,3200,1522.9,785.6,FALSE
1052360,"bcc948",64,"Film - Colour",1989,10000,305,3200,1494.8,785.6,FALSE
1052361,"bcc948",65,"Film - Colour",1989,10000,305,3200,1474.5,785.5,FALSE
1052362,"bcc948",66,"Film - Colour",1989,10000,305,3200,1455.3,785.5,FALSE
1052363,"bcc948",67,"Film - Colour",1989,10000,305,3200,1454.2,785.5,FALSE
1052364,"bcc948",68,"Film - Colour",1989,10000,305,3200,1470,785.5,FALSE
1052365,"bcc948",69,"Film - Colour",1989,10000,305,3200,1485.3,785.5,FALSE
1052366,"bcc948",70,"Film - Colour",1989,10000,305,3200,1485.8,785.5,FALSE
1052367,"bcc948",71,"Film - Colour",1989,10000,305,3200,1468.1,785.5,FALSE
1052368,"bcc948",72,"Film - Colour",1989,10000,305,3200,1436.8,785.4,FALSE
1052369,"bcc948",73,"Film - Colour",1989,10000,305,3200,1413.5,785.4,FALSE
1052370,"bcc948",74,"Film - Colour",1989,10000,305,3200,1423.2,785.4,FALSE
1053543,"bcc948",137,"Film - Colour",1989,10000,305,3658,1823.3,825.8,FALSE
1053544,"bcc948",138,"Film - Colour",1989,10000,305,3658,1925.1,825.8,FALSE
1053545,"bcc948",139,"Film - Colour",1989,10000,305,3658,1948,825.8,FALSE
1053546,"bcc948",140,"Film - Colour",1989,10000,305,3658,1857.9,782.4,FALSE
1053551,"bcc948",145,"Film - Colour",1989,10000,305,3200,1607.7,997.1,FALSE
1053552,"bcc948",146,"Film - Colour",1989,10000,305,3200,1647.6,993.1,FALSE
1053553,"bcc948",147,"Film - Colour",1989,10000,305,3200,1569.5,993.1,FALSE
1053554,"bcc948",148,"Film - Colour",1989,10000,305,3200,1433.3,996.1,FALSE
1053559,"bcc948",153,"Film - Colour",1989,10000,305,3200,1577.2,915.8,FALSE
1053560,"bcc948",154,"Film - Colour",1989,10000,305,3200,1806.1,915.8,FALSE
1053561,"bcc948",155,"Film - Colour",1989,10000,305,3200,1785.1,839.3,FALSE
1053562,"bcc948",156,"Film - Colour",1989,10000,305,3200,1617.8,837.4,FALSE
1053563,"bcc948",157,"Film - Colour",1989,10000,305,3200,1449.3,834.4,FALSE
1053564,"bcc948",158,"Film - Colour",1989,10000,305,3200,1325.5,834.4,FALSE
1053567,"bcc948",161,"Film - Colour",1989,10000,305,3353,1556.7,643.9,FALSE
1053568,"bcc948",162,"Film - Colour",1989,10000,305,3353,1734.1,647.9,FALSE
1053569,"bcc948",163,"Film - Colour",1989,10000,305,3353,1869.6,647.9,FALSE
1053570,"bcc948",164,"Film - Colour",1989,10000,305,3353,1920.7,648.8,FALSE
1053571,"bcc948",165,"Film - Colour",1989,10000,305,3353,1946.4,649.7,FALSE
1053572,"bcc948",166,"Film - Colour",1989,10000,305,3353,1882.2,738.9,FALSE
1053573,"bcc948",167,"Film - Colour",1989,10000,305,3353,1733.1,742.9,FALSE
1053574,"bcc948",168,"Film - Colour",1989,10000,305,3353,1572.6,739,FALSE
1053597,"bcc948",191,"Film - Colour",1989,10000,305,3353,1460.8,779,FALSE
1053598,"bcc948",192,"Film - Colour",1989,10000,305,3353,1463.6,782.3,FALSE
1052432,"bcc949",117,"Film - Colour",1989,10000,305,3353,1532.7,745.2,FALSE
1052433,"bcc949",118,"Film - Colour",1989,10000,305,3353,1578.9,745.2,FALSE
1052434,"bcc949",119,"Film - Colour",1989,10000,305,3353,1610,745.3,FALSE
1052435,"bcc949",120,"Film - Colour",1989,10000,305,3353,1600.9,745.3,FALSE
1052436,"bcc949",121,"Film - Colour",1989,10000,305,3353,1571.7,745.3,FALSE
1052437,"bcc949",122,"Film - Colour",1989,10000,305,3353,1549.8,745.3,FALSE
1052438,"bcc949",123,"Film - Colour",1989,10000,305,3353,1538,745.3,FALSE
1052439,"bcc949",124,"Film - Colour",1989,10000,305,3353,1529.6,745.3,FALSE
1052440,"bcc949",125,"Film - Colour",1989,10000,305,3353,1516.6,745.4,FALSE
1052441,"bcc949",126,"Film - Colour",1989,10000,305,3353,1491.9,745.3,FALSE
1052442,"bcc949",127,"Film - Colour",1989,10000,305,3353,1457.2,745.3,FALSE
1052496,"bcc954",53,"Film - Colour",1989,10000,305,3200,1294.5,724.3,FALSE
1052497,"bcc954",54,"Film - Colour",1989,10000,305,3200,1339,731,FALSE
1052498,"bcc954",55,"Film - Colour",1989,10000,305,3200,1387.9,594.6,FALSE
1052499,"bcc954",56,"Film - Colour",1989,10000,305,3200,1422,594.6,FALSE
1052500,"bcc954",57,"Film - Colour",1989,10000,305,3200,1448,594.7,FALSE
1052501,"bcc954",58,"Film - Colour",1989,10000,305,3200,1448,594.6,FALSE
1052502,"bcc954",59,"Film - Colour",1989,10000,305,3200,1421.5,594.6,FALSE
1052503,"bcc954",60,"Film - Colour",1989,10000,305,3200,1398.3,601.8,FALSE
1052504,"bcc954",61,"Film - Colour",1989,10000,305,3200,1392.4,857.2,FALSE
1052505,"bcc954",62,"Film - Colour",1989,10000,305,3200,1422.8,857.2,FALSE
1052506,"bcc954",63,"Film - Colour",1989,10000,305,3200,1446,857.2,FALSE
1052507,"bcc954",64,"Film - Colour",1989,10000,305,3200,1457.8,857.2,FALSE
1052508,"bcc954",65,"Film - Colour",1989,10000,305,3200,1470.8,844.3,FALSE
1052509,"bcc954",66,"Film - Colour",1989,10000,305,3200,1474,844.3,FALSE
1052510,"bcc954",67,"Film - Colour",1989,10000,305,3200,1471.4,844.3,FALSE
1052511,"bcc954",68,"Film - Colour",1989,10000,305,3200,1481,844.3,FALSE
1052512,"bcc954",69,"Film - Colour",1989,10000,305,3200,1504.6,844.2,FALSE
1052513,"bcc954",70,"Film - Colour",1989,10000,305,3200,1538.9,844.2,FALSE
1052514,"bcc954",71,"Film - Colour",1989,10000,305,3200,1604.3,974.1,FALSE
1052515,"bcc954",72,"Film - Colour",1989,10000,305,3200,1668.4,974.2,FALSE
1052516,"bcc954",73,"Film - Colour",1989,10000,305,3200,1692.7,974.2,FALSE
1052517,"bcc954",74,"Film - Colour",1989,10000,305,3200,1660.1,974.2,FALSE
1052518,"bcc954",75,"Film - Colour",1989,10000,305,3200,1588.8,717.8,FALSE
1052519,"bcc954",76,"Film - Colour",1989,10000,305,3200,1556.7,717.8,FALSE
1052520,"bcc954",77,"Film - Colour",1989,10000,305,3200,1530.8,724.5,FALSE
1052521,"bcc954",78,"Film - Colour",1989,10000,305,3200,1493.5,717.8,FALSE
1052522,"bcc954",79,"Film - Colour",1989,10000,305,3200,1445.4,717.8,FALSE
1052523,"bcc954",80,"Film - Colour",1989,10000,305,3200,1393.6,717.8,FALSE
1052524,"bcc954",81,"Film - Colour",1989,10000,305,3200,1350.2,717.8,FALSE
1052525,"bcc954",82,"Film - Colour",1989,10000,305,3200,1321.6,731.1,FALSE
1052526,"bcc954",83,"Film - Colour",1989,10000,305,3200,1466.2,738.4,FALSE
1052527,"bcc954",84,"Film - Colour",1989,10000,305,3200,1444.9,733.5,FALSE
1052528,"bcc954",85,"Film - Colour",1989,10000,305,3200,1400.5,733.5,FALSE
1052529,"bcc954",86,"Film - Colour",1989,10000,305,3200,1350.1,734.5,FALSE
1052530,"bcc954",87,"Film - Colour",1989,10000,305,3200,1308.8,734.5,FALSE
1052548,"bcc954",105,"Film - Colour",1989,10000,305,3200,1314.2,733.9,FALSE
1052549,"bcc954",106,"Film - Colour",1989,10000,305,3200,1331.3,914.5,FALSE
1052569,"bcc954",126,"Film - Colour",1989,10000,305,3353,1477,640.8,FALSE
1052570,"bcc954",127,"Film - Colour",1989,10000,305,3353,1507,640.7,FALSE
1052571,"bcc954",128,"Film - Colour",1989,10000,305,3353,1515.7,640.7,FALSE
1052572,"bcc954",129,"Film - Colour",1989,10000,305,3353,1502.7,640.7,FALSE
1052573,"bcc954",130,"Film - Colour",1989,10000,305,3353,1480.2,642.7,FALSE
1052615,"bcc954",172,"Film - Colour",1989,10000,305,3505,1684.5,763.4,FALSE
1052616,"bcc954",173,"Film - Colour",1989,10000,305,3505,1772.5,763.3,FALSE
1052617,"bcc954",174,"Film - Colour",1989,10000,305,3505,1834.4,763.3,FALSE
1052739,"bcc968",102,"Film - Colour",1989,10000,305,3200,1444.5,594.5,FALSE
1052740,"bcc968",103,"Film - Colour",1989,10000,305,3200,1434.8,594.5,FALSE
1052741,"bcc968",104,"Film - Colour",1989,10000,305,3200,1406.1,601.1,FALSE
1052742,"bcc968",105,"Film - Colour",1989,10000,305,3200,1386.7,601.1,FALSE
1052743,"bcc968",106,"Film - Colour",1989,10000,305,3200,1380.7,601.6,FALSE
