"tail","film_roll","flying_height","focal_length","scale_n","frames_measured","reason","sibling_reason"
"lower","bc5097",2012,153,31680,15,"logbook covers under half the frames","no adjacent frame in an exact named relation"
"lower","bc5097",2073,153,31680,1,"logbook height is not a named multiple of the catalogue's","no adjacent frame in band"
"lower","bc5280",457,153,6000,3,"spacing rejects the logbook's height","no adjacent frame in an exact named relation"
"lower","bc5524",243,153,12000,30,"logbook height or frame range not read","no adjacent frame in an exact named relation"
"lower","bc5524",274,153,12000,18,"logbook height or frame range not read","no adjacent frame in band"
"lower","bc5524",304,153,12000,21,"logbook height or frame range not read","no adjacent frame in an exact named relation"
"lower","bc5593",1066,153,15000,8,"logbook height is not a named multiple of the catalogue's","no adjacent frame at another height"
"lower","bc5597",777,153,12000,18,"spacing rejects the logbook's height","no adjacent frame in an exact named relation"
"lower","bc5598",2,153,16000,29,"logbook rows covering these frames disagree","no adjacent frame at another height"
"lower","bc5628",1371,153,80000,35,"spacing rejects the logbook's height","no adjacent frame at another height"
"lower","bc7211",4877,305,32000,18,"spacing rejects the logbook's height","no adjacent frame at another height"
"lower","bc78104",1295,153,20000,52,"no logbook page covers these frames","no adjacent frame in band"
"lower","bc79067",4770,305,50000,47,"spacing rejects the logbook's height","no adjacent frame in band"
"lower","bc79067",4968,305,50000,60,"spacing rejects the logbook's height","no adjacent frame in band"
"lower","bc79067",5067,305,50000,8,"spacing rejects the logbook's height","no adjacent frame in band"
"lower","bc79067",5624,305,50000,10,"spacing rejects the logbook's height","no adjacent frame in band"
"lower","bc79086",6325,305,60000,107,"logbook names a different lens; nominal scale already sizes it","no adjacent frame at another height"
"lower","bc79209",7620,305,50000,85,"logbook rows covering these frames disagree","no adjacent frame at another height"
"lower","bc80001",1524,305,10000,106,"logbook names a different lens; nominal scale already sizes it","no adjacent frame at another height"
"lower","bc81026",762,305,5000,11,"logbook names a different lens; nominal scale already sizes it","no adjacent frame at another height"
"lower","bcb05001",1051,305,20000,2,"no logbook page covers these frames","no adjacent frame in band"
"lower","bcb05001",1053,305,20000,3,"no logbook page covers these frames","no adjacent frame in band"
"lower","bcb05001",1054,305,20000,2,"no logbook page covers these frames","no adjacent frame in band"
"lower","bcb05001",1055,305,20000,2,"no logbook page covers these frames","no adjacent frame in band"
"lower","bcb05001",1056,305,20000,3,"no logbook page covers these frames","no adjacent frame in band"
"lower","bcb05001",1057,305,20000,2,"no logbook page covers these frames","no adjacent frame in band"
"lower","bcb05001",1058,305,20000,4,"no logbook page covers these frames","no adjacent frame in band"
"lower","bcb05001",1059,305,20000,4,"no logbook page covers these frames","no adjacent frame in band"
"lower","bcb05001",1060,305,20000,2,"no logbook page covers these frames","no adjacent frame in band"
"lower","bcb05001",1061,305,20000,1,"no logbook page covers these frames","no adjacent frame in band"
"lower","bcb05001",1062,305,20000,3,"no logbook page covers these frames","no adjacent frame in band"
"lower","bcb05001",1063,305,20000,1,"no logbook page covers these frames","no adjacent frame in band"
"lower","bcb05001",1064,305,20000,1,"no logbook page covers these frames","no adjacent frame in band"
"lower","bcb05001",1065,305,20000,2,"no logbook page covers these frames","no adjacent frame in band"
"lower","bcb05001",1066,305,20000,1,"no logbook page covers these frames","no adjacent frame in band"
"lower","bcb05001",1069,305,20000,1,"no logbook page covers these frames","no adjacent frame in band"
"lower","bcb05001",1215,305,20000,1,"no logbook page covers these frames","no adjacent frame in band"
"lower","bcb05001",1216,305,20000,1,"no logbook page covers these frames","no adjacent frame in band"
"lower","bcb05001",1217,305,20000,1,"no logbook page covers these frames","no adjacent frame in band"
"lower","bcb05001",1218,305,20000,1,"no logbook page covers these frames","no adjacent frame in band"
"lower","bcb05001",1220,305,20000,1,"no logbook page covers these frames","no adjacent frame in band"
"lower","bcb05001",1222,305,20000,1,"no logbook page covers these frames","no adjacent frame in band"
"lower","bcb05001",1225,305,20000,2,"no logbook page covers these frames","no adjacent frame in band"
"lower","bcb05001",1226,305,20000,2,"no logbook page covers these frames","no adjacent frame in band"
"lower","bcb05001",1227,305,20000,1,"no logbook page covers these frames","no adjacent frame in band"
"lower","bcb05001",1228,305,20000,2,"no logbook page covers these frames","no adjacent frame in band"
"lower","bcb05001",1229,305,20000,1,"no logbook page covers these frames","no adjacent frame in band"
"lower","bcb05001",1230,305,20000,2,"no logbook page covers these frames","no adjacent frame in band"
"lower","bcb05001",1231,305,20000,1,"no logbook page covers these frames","no adjacent frame in band"
"lower","bcc162",2438,305,16000,86,"logbook names a different lens; nominal scale already sizes it","no adjacent frame at another height"
"lower","bcc401",1219,305,10000,12,"logbook height is not a named multiple of the catalogue's","no adjacent frame in an exact named relation"
"lower","bcc94147",5511,305,52000,1,"logbook height is not a named multiple of the catalogue's","no adjacent frame at another height"
"near_upper","bc5667",1890,153,6000,2,"spacing rejects the logbook's height; nominal scale still applies","not applied: the scale is disputed, not the height"
"near_upper","bc7223",1249,305,2000,5,"logbook height or frame range not read; nominal scale still applies","not applied: the scale is disputed, not the height"
"near_upper","bc7407",5029,153,15000,6,"spacing rejects the logbook's height; nominal scale still applies","not applied: the scale is disputed, not the height"
"near_upper","bc7454",2438,153,6000,3,"spacing rejects the logbook's height; nominal scale still applies","not applied: the scale is disputed, not the height"
"near_upper","bc77013",7315,153,20000,2,"logbook names a different lens; nominal scale already sizes it","not applied: the scale is disputed, not the height"
"near_upper","bc77115",7620,153,20000,2,"logbook names a different lens; nominal scale already sizes it","not applied: the scale is disputed, not the height"
"near_upper","bc7716",3810,305,5000,5,"spacing rejects the logbook's height; nominal scale still applies","not applied: the scale is disputed, not the height"
"near_upper","bc78009",1829,153,5000,1,"logbook names a different lens; nominal scale already sizes it","not applied: the scale is disputed, not the height"
"near_upper","bc78009",2134,153,5000,2,"logbook names a different lens; nominal scale already sizes it","not applied: the scale is disputed, not the height"
"near_upper","bc78009",2286,153,5000,5,"logbook names a different lens; nominal scale already sizes it","not applied: the scale is disputed, not the height"
"near_upper","bc78028",6919,153,20000,1,"logbook names a different lens; nominal scale already sizes it","not applied: the scale is disputed, not the height"
"near_upper","bc78051",6858,153,20000,13,"logbook names a different lens; nominal scale already sizes it","not applied: the scale is disputed, not the height"
"near_upper","bc78101",7315,153,20000,2,"logbook names a different lens; nominal scale already sizes it","not applied: the scale is disputed, not the height"
"near_upper","bc78153",7468,153,20000,5,"logbook names a different lens; nominal scale already sizes it","not applied: the scale is disputed, not the height"
"near_upper","bc79026",7468,153,20000,2,"logbook names a different lens; nominal scale already sizes it","not applied: the scale is disputed, not the height"
"near_upper","bc79026",7620,153,20000,3,"logbook names a different lens; nominal scale already sizes it","not applied: the scale is disputed, not the height"
"near_upper","bc79029",1676,153,5000,4,"no logbook page covers these frames; nominal scale still applies","not applied: the scale is disputed, not the height"
"near_upper","bc79043",1676,153,5000,2,"logbook names a different lens and spacing fits the reported height; the two disagree; nominal scale still applies","not applied: the scale is disputed, not the height"
"near_upper","bc79058",7468,153,20000,2,"logbook names a different lens; nominal scale already sizes it","not applied: the scale is disputed, not the height"
"near_upper","bc79058",7620,153,20000,2,"logbook names a different lens; nominal scale already sizes it","not applied: the scale is disputed, not the height"
"near_upper","bc79072",7925,153,20000,9,"logbook names a different lens; nominal scale already sizes it","not applied: the scale is disputed, not the height"
"near_upper","bc79075",5029,88,25000,3,"spacing rejects the logbook's height; nominal scale still applies","not applied: the scale is disputed, not the height"
"near_upper","bc79127",5895,153,15840,5,"logbook names a different lens; nominal scale already sizes it","not applied: the scale is disputed, not the height"
"near_upper","bc79131",5590,153,16000,5,"logbook names a different lens; nominal scale already sizes it","not applied: the scale is disputed, not the height"
"near_upper","bc79195",7010,153,20000,6,"logbook names a different lens; nominal scale already sizes it","not applied: the scale is disputed, not the height"
"near_upper","bc80005",1585,153,5000,1,"spacing rejects the logbook's height; nominal scale still applies","not applied: the scale is disputed, not the height"
"near_upper","bc80006",1585,153,5000,2,"logbook names a different lens; nominal scale already sizes it","not applied: the scale is disputed, not the height"
"near_upper","bc80018",6401,153,20000,3,"logbook names a different lens; nominal scale already sizes it","not applied: the scale is disputed, not the height"
"near_upper","bc80048",6553,153,20000,11,"spacing rejects the logbook's height; nominal scale still applies","not applied: the scale is disputed, not the height"
"near_upper","bc80122",4115,153,10000,8,"logbook names a different lens; nominal scale already sizes it","not applied: the scale is disputed, not the height"
"near_upper","bc80122",7925,153,20000,2,"logbook names a different lens; nominal scale already sizes it","not applied: the scale is disputed, not the height"
"near_upper","bc81012",7925,153,20000,6,"logbook height is not a named multiple of the catalogue's; nominal scale still applies","not applied: the scale is disputed, not the height"
"near_upper","bc84029",6401,305,10000,1,"logbook height is not a named multiple of the catalogue's; nominal scale still applies","not applied: the scale is disputed, not the height"
"near_upper","bcc544",6096,305,8000,1,"logbook height is not a named multiple of the catalogue's; nominal scale still applies","not applied: the scale is disputed, not the height"
"terrain","bc5060",1981,153,12000,3,"spacing fits nominal scale, which no logbook height changes; nominal scale still applies","not applied: the scale is disputed, not the height"
"terrain","bc5061",1981,153,12000,5,"spacing fits nominal scale, which no logbook height changes; nominal scale still applies","not applied: the scale is disputed, not the height"
"terrain","bc5062",1981,153,12000,4,"spacing fits nominal scale, which no logbook height changes; nominal scale still applies","not applied: the scale is disputed, not the height"
"terrain","bc5064",1890,153,12000,2,"spacing fits nominal scale, which no logbook height changes; nominal scale still applies","not applied: the scale is disputed, not the height"
"terrain","bc5064",1951,153,12000,1,"spacing fits nominal scale, which no logbook height changes; nominal scale still applies","not applied: the scale is disputed, not the height"
"terrain","bc5065",1890,153,12000,7,"spacing fits nominal scale, which no logbook height changes; nominal scale still applies","not applied: the scale is disputed, not the height"
"terrain","bc5072",1890,153,12000,10,"logbook covers under half the frames; nominal scale still applies","not applied: the scale is disputed, not the height"
"terrain","bc5120",1737,153,10000,19,"spacing fits nominal scale, which no logbook height changes; nominal scale still applies","not applied: the scale is disputed, not the height"
"terrain","bc5120",2042,153,10000,11,"spacing fits nominal scale, which no logbook height changes; nominal scale still applies","not applied: the scale is disputed, not the height"
"terrain","bc5121",1798,153,10000,13,"spacing rejects the logbook's height; nominal scale still applies","not applied: the scale is disputed, not the height"
"terrain","bc5121",2103,153,10000,21,"spacing rejects the logbook's height; nominal scale still applies","not applied: the scale is disputed, not the height"
"terrain","bc5121",2286,153,10000,16,"spacing fits nominal scale, which no logbook height changes; nominal scale still applies","not applied: the scale is disputed, not the height"
"terrain","bc5225",2614,153,15840,2,"spacing fits nominal scale, which no logbook height changes; nominal scale still applies","not applied: the scale is disputed, not the height"
"terrain","bc5229",1829,153,12000,3,"spacing cannot fit the catalogued height within 2%, whatever the logbook reads; nominal scale still applies","not applied: the scale is disputed, not the height"
"terrain","bc5271",3200,153,15840,3,"spacing fits nominal scale, which no logbook height changes; nominal scale still applies","not applied: the scale is disputed, not the height"
"terrain","bc5272",1524,153,9600,16,"spacing cannot fit the catalogued height within 2%, whatever the logbook reads; nominal scale still applies","not applied: the scale is disputed, not the height"
"terrain","bc5274",3200,153,15840,2,"spacing fits nominal scale, which no logbook height changes; nominal scale still applies","not applied: the scale is disputed, not the height"
"terrain","bc5277",2896,153,16000,27,"spacing fits nominal scale, which no logbook height changes; nominal scale still applies","not applied: the scale is disputed, not the height"
"terrain","bc5278",2896,153,16000,14,"spacing fits nominal scale, which no logbook height changes; nominal scale still applies","not applied: the scale is disputed, not the height"
"terrain","bc5279",1829,153,16000,3,"spacing fits nominal scale, which no logbook height changes; nominal scale still applies","not applied: the scale is disputed, not the height"
"terrain","bc5280",1829,153,16000,4,"spacing fits nominal scale, which no logbook height changes; nominal scale still applies","not applied: the scale is disputed, not the height"
"terrain","bc5287",2438,153,15840,1,"spacing cannot fit the catalogued height within 2%, whatever the logbook reads; nominal scale still applies","not applied: the scale is disputed, not the height"
"terrain","bc5295",2530,153,12000,12,"spacing fits nominal scale, which no logbook height changes; nominal scale still applies","not applied: the scale is disputed, not the height"
"terrain","bc5321",1890,153,12000,21,"no logbook page covers these frames; nominal scale still applies","not applied: the scale is disputed, not the height"
"terrain","bc5326",2286,153,10000,1,"spacing fits nominal scale, which no logbook height changes; nominal scale still applies","not applied: the scale is disputed, not the height"
"terrain","bc5495",2743,153,16000,18,"spacing fits nominal scale, which no logbook height changes; nominal scale still applies","not applied: the scale is disputed, not the height"
"terrain","bc5541",975,153,4800,32,"logbook height or frame range not read; nominal scale still applies","not applied: the scale is disputed, not the height"
"terrain","bc5546",1828,153,12000,12,"no logbook page covers these frames; nominal scale still applies","not applied: the scale is disputed, not the height"
"terrain","bc5574",1920,153,12000,1,"spacing fits nominal scale, which no logbook height changes; nominal scale still applies","not applied: the scale is disputed, not the height"
"terrain","bc5574",2225,153,12000,1,"spacing cannot fit the catalogued height within 2%, whatever the logbook reads; nominal scale still applies","not applied: the scale is disputed, not the height"
"terrain","bc5575",1920,153,12000,2,"spacing fits nominal scale, which no logbook height changes; nominal scale still applies","not applied: the scale is disputed, not the height"
"terrain","bc5580",1920,153,12000,10,"spacing fits nominal scale, which no logbook height changes; nominal scale still applies","not applied: the scale is disputed, not the height"
"terrain","bc5592",2072,153,12000,1,"spacing fits nominal scale, which no logbook height changes; nominal scale still applies","not applied: the scale is disputed, not the height"
"terrain","bc5596",2529,153,16000,1,"spacing fits nominal scale, which no logbook height changes; nominal scale still applies","not applied: the scale is disputed, not the height"
"terrain","bc5597",2286,153,12000,5,"spacing fits nominal scale, which no logbook height changes; nominal scale still applies","not applied: the scale is disputed, not the height"
"terrain","bc5598",2286,153,12000,56,"logbook height is not a named multiple of the catalogue's; nominal scale still applies","not applied: the scale is disputed, not the height"
"terrain","bc5598",3352,153,20000,4,"spacing fits nominal scale, which no logbook height changes; nominal scale still applies","not applied: the scale is disputed, not the height"
"terrain","bc5599",1981,153,12000,1,"spacing fits nominal scale, which no logbook height changes; nominal scale still applies","not applied: the scale is disputed, not the height"
"terrain","bc5602",1219,153,6000,1,"spacing cannot fit the catalogued height within 2%, whatever the logbook reads; nominal scale still applies","not applied: the scale is disputed, not the height"
"terrain","bc5610",2438,153,12000,2,"spacing fits nominal scale, which no logbook height changes; nominal scale still applies","not applied: the scale is disputed, not the height"
"terrain","bc5610",2895,153,16000,2,"spacing fits nominal scale, which no logbook height changes; nominal scale still applies","not applied: the scale is disputed, not the height"
"terrain","bc5611",2103,153,12000,6,"spacing fits nominal scale, which no logbook height changes; nominal scale still applies","not applied: the scale is disputed, not the height"
"terrain","bc5634",2590,153,16000,2,"spacing fits nominal scale, which no logbook height changes; nominal scale still applies","not applied: the scale is disputed, not the height"
"terrain","bc5635",1066,153,10000,19,"spacing fits nominal scale, which no logbook height changes; nominal scale still applies","not applied: the scale is disputed, not the height"
"terrain","bc5635",1859,153,9600,1,"spacing fits nominal scale, which no logbook height changes; nominal scale still applies","not applied: the scale is disputed, not the height"
"terrain","bc5638",1584,153,9600,3,"spacing fits nominal scale, which no logbook height changes; nominal scale still applies","not applied: the scale is disputed, not the height"
"terrain","bc5640",1584,153,9600,5,"spacing fits nominal scale, which no logbook height changes; nominal scale still applies","not applied: the scale is disputed, not the height"
"terrain","bc5650",2057,153,12500,1,"spacing fits nominal scale, which no logbook height changes; nominal scale still applies","not applied: the scale is disputed, not the height"
"terrain","bc5656",1646,153,7992,1,"spacing fits nominal scale, which no logbook height changes; nominal scale still applies","not applied: the scale is disputed, not the height"
"terrain","bc5658",3383,153,20000,8,"spacing fits nominal scale, which no logbook height changes; nominal scale still applies","not applied: the scale is disputed, not the height"
"terrain","bc5660",3383,153,20000,62,"spacing fits nominal scale, which no logbook height changes; nominal scale still applies","not applied: the scale is disputed, not the height"
"terrain","bc5673",2743,153,12000,3,"spacing fits nominal scale, which no logbook height changes; nominal scale still applies","not applied: the scale is disputed, not the height"
"terrain","bc5690",1920,153,10000,4,"spacing fits nominal scale, which no logbook height changes; nominal scale still applies","not applied: the scale is disputed, not the height"
"terrain","bc5692",3277,153,20000,4,"spacing fits nominal scale, which no logbook height changes; nominal scale still applies","not applied: the scale is disputed, not the height"
"terrain","bc5695",945,153,6000,1,"spacing cannot fit the catalogued height within 2%, whatever the logbook reads; nominal scale still applies","not applied: the scale is disputed, not the height"
"terrain","bc5697",610,153,6000,9,"spacing fits nominal scale, which no logbook height changes; nominal scale still applies","not applied: the scale is disputed, not the height"
"terrain","bc5698",610,153,6000,41,"spacing fits nominal scale, which no logbook height changes; nominal scale still applies","not applied: the scale is disputed, not the height"
"terrain","bc5714",945,153,9840,26,"spacing fits nominal scale, which no logbook height changes; nominal scale still applies","not applied: the scale is disputed, not the height"
"terrain","bc5715",732,153,4800,1,"spacing cannot fit the catalogued height within 2%, whatever the logbook reads; nominal scale still applies","not applied: the scale is disputed, not the height"
"terrain","bc5715",2499,153,12000,2,"spacing fits nominal scale, which no logbook height changes; nominal scale still applies","not applied: the scale is disputed, not the height"
"terrain","bc5723",1311,305,5000,135,"spacing cannot fit the catalogued height within 2%, whatever the logbook reads; nominal scale still applies","not applied: the scale is disputed, not the height"
"terrain","bc5727",3505,153,20000,12,"spacing fits nominal scale, which no logbook height changes; nominal scale still applies","not applied: the scale is disputed, not the height"
"terrain","bc5740",1951,153,10000,3,"spacing fits nominal scale, which no logbook height changes; nominal scale still applies","not applied: the scale is disputed, not the height"
"terrain","bc5744",3353,153,15840,1,"spacing fits nominal scale, which no logbook height changes; nominal scale still applies","not applied: the scale is disputed, not the height"
"terrain","bc5761",610,153,3000,1,"spacing cannot fit the catalogued height within 2%, whatever the logbook reads; nominal scale still applies","not applied: the scale is disputed, not the height"
"terrain","bc7209",3505,305,10000,7,"no logbook page covers these frames; nominal scale still applies","not applied: the scale is disputed, not the height"
"terrain","bc7566",1828,305,6000,33,"spacing fits nominal scale, which no logbook height changes; nominal scale still applies","not applied: the scale is disputed, not the height"
"terrain","bc7568",1341,305,6000,11,"spacing cannot fit the catalogued height within 2%, whatever the logbook reads; nominal scale still applies","not applied: the scale is disputed, not the height"
"terrain","bc7568",2590,305,8000,3,"spacing fits nominal scale, which no logbook height changes; nominal scale still applies","not applied: the scale is disputed, not the height"
"terrain","bc7596",2346,305,6000,1,"spacing fits nominal scale, which no logbook height changes; nominal scale still applies","not applied: the scale is disputed, not the height"
"terrain","bc7597",3992,305,10000,5,"spacing cannot fit the catalogued height within 2%, whatever the logbook reads; nominal scale still applies","not applied: the scale is disputed, not the height"
"terrain","bc7597",4053,305,10000,2,"spacing cannot fit the catalogued height within 2%, whatever the logbook reads; nominal scale still applies","not applied: the scale is disputed, not the height"
"terrain","bc7597",4114,305,10000,46,"spacing cannot fit the catalogued height within 2%, whatever the logbook reads; nominal scale still applies","not applied: the scale is disputed, not the height"
"terrain","bc7598",3992,305,10000,37,"spacing cannot fit the catalogued height within 2%, whatever the logbook reads; nominal scale still applies","not applied: the scale is disputed, not the height"
"terrain","bc7598",4114,305,10000,16,"spacing cannot fit the catalogued height within 2%, whatever the logbook reads; nominal scale still applies","not applied: the scale is disputed, not the height"
"terrain","bc7683",2438,305,6000,8,"logbook height is not a named multiple of the catalogue's; nominal scale still applies","not applied: the scale is disputed, not the height"
"terrain","bc7685",1828,305,6000,3,"spacing fits nominal scale, which no logbook height changes; nominal scale still applies","not applied: the scale is disputed, not the height"
"terrain","bc77011",1554,153,10000,3,"spacing fits nominal scale, which no logbook height changes; nominal scale still applies","not applied: the scale is disputed, not the height"
"terrain","bc77026",2042,305,6000,107,"no logbook page covers these frames; nominal scale still applies","not applied: the scale is disputed, not the height"
"terrain","bc77057",1829,153,10000,2,"spacing fits nominal scale, which no logbook height changes; nominal scale still applies","not applied: the scale is disputed, not the height"
"terrain","bc77057",1981,153,10000,9,"spacing fits nominal scale, which no logbook height changes; nominal scale still applies","not applied: the scale is disputed, not the height"
"terrain","bc77070",1158,153,5000,5,"spacing cannot fit the catalogued height within 2%, whatever the logbook reads; nominal scale still applies","not applied: the scale is disputed, not the height"
"terrain","bc77071",2225,153,10000,2,"spacing fits nominal scale, which no logbook height changes; nominal scale still applies","not applied: the scale is disputed, not the height"
"terrain","bc77072",1829,153,10000,16,"no logbook page covers these frames; nominal scale still applies","not applied: the scale is disputed, not the height"
"terrain","bc77072",1981,153,10000,52,"no logbook page covers these frames; nominal scale still applies","not applied: the scale is disputed, not the height"
"terrain","bc77078",1859,153,12000,1,"spacing fits nominal scale, which no logbook height changes; nominal scale still applies","not applied: the scale is disputed, not the height"
"terrain","bc77087",1158,153,5000,19,"spacing cannot fit the catalogued height within 2%, whatever the logbook reads; nominal scale still applies","not applied: the scale is disputed, not the height"
"terrain","bc77087",1676,153,12000,10,"spacing cannot fit the catalogued height within 2%, whatever the logbook reads; nominal scale still applies","not applied: the scale is disputed, not the height"
"terrain","bc77087",1920,153,12000,35,"logbook height is not a named multiple of the catalogue's; nominal scale still applies","not applied: the scale is disputed, not the height"
"terrain","bc77087",1981,153,12000,12,"spacing cannot fit the catalogued height within 2%, whatever the logbook reads; nominal scale still applies","not applied: the scale is disputed, not the height"
"terrain","bc77103",2134,153,10000,7,"spacing fits nominal scale, which no logbook height changes; nominal scale still applies","not applied: the scale is disputed, not the height"
"terrain","bc77103",2286,153,10000,12,"no logbook page covers these frames; nominal scale still applies","not applied: the scale is disputed, not the height"
"terrain","bc77111",2286,153,10000,36,"spacing fits nominal scale, which no logbook height changes; nominal scale still applies","not applied: the scale is disputed, not the height"
"terrain","bc77115",2286,153,10000,65,"spacing fits nominal scale, which no logbook height changes; nominal scale still applies","not applied: the scale is disputed, not the height"
"terrain","bc78025",3505,153,20000,8,"spacing fits nominal scale, which no logbook height changes; nominal scale still applies","not applied: the scale is disputed, not the height"
"terrain","bc78033",1676,153,10000,30,"logbook height or frame range not read; nominal scale still applies","not applied: the scale is disputed, not the height"
"terrain","bc78050",2012,153,10000,1,"spacing fits nominal scale, which no logbook height changes; nominal scale still applies","not applied: the scale is disputed, not the height"
"terrain","bc78052",2438,305,10000,22,"spacing cannot fit the catalogued height within 2%, whatever the logbook reads; nominal scale still applies","not applied: the scale is disputed, not the height"
"terrain","bc78052",2591,305,10000,67,"spacing fits nominal scale, which no logbook height changes; nominal scale still applies","not applied: the scale is disputed, not the height"
"terrain","bc78077",3200,305,10000,2,"spacing fits nominal scale, which no logbook height changes; nominal scale still applies","not applied: the scale is disputed, not the height"
"terrain","bc78107",7925,305,40000,129,"spacing fits nominal scale, which no logbook height changes; nominal scale still applies","not applied: the scale is disputed, not the height"
"terrain","bc78128",2347,305,10000,54,"spacing fits nominal scale, which no logbook height changes; nominal scale still applies","not applied: the scale is disputed, not the height"
"terrain","bc78128",2438,305,10000,16,"spacing fits nominal scale, which no logbook height changes; nominal scale still applies","not applied: the scale is disputed, not the height"
"terrain","bc78128",8382,305,40000,17,"spacing fits nominal scale, which no logbook height changes; nominal scale still applies","not applied: the scale is disputed, not the height"
"terrain","bc78155",1219,153,12000,37,"spacing fits nominal scale, which no logbook height changes; nominal scale still applies","not applied: the scale is disputed, not the height"
"terrain","bc78155",1798,153,12000,8,"spacing fits nominal scale, which no logbook height changes; nominal scale still applies","not applied: the scale is disputed, not the height"
"terrain","bc7830",4115,305,10000,4,"spacing fits nominal scale, which no logbook height changes; nominal scale still applies","not applied: the scale is disputed, not the height"
"terrain","bc79012",1981,305,10000,61,"spacing fits nominal scale, which no logbook height changes; nominal scale still applies","not applied: the scale is disputed, not the height"
"terrain","bc79012",1981,305,5500,3,"spacing fits nominal scale, which no logbook height changes; nominal scale still applies","not applied: the scale is disputed, not the height"
"terrain","bc79016",762,153,5000,5,"spacing fits nominal scale, which no logbook height changes; nominal scale still applies","not applied: the scale is disputed, not the height"
"terrain","bc79016",2347,153,10000,2,"spacing fits nominal scale, which no logbook height changes; nominal scale still applies","not applied: the scale is disputed, not the height"
"terrain","bc79019",2438,153,10000,10,"spacing fits nominal scale, which no logbook height changes; nominal scale still applies","not applied: the scale is disputed, not the height"
"terrain","bc79037",1250,153,10000,2,"spacing fits nominal scale, which no logbook height changes; nominal scale still applies","not applied: the scale is disputed, not the height"
"terrain","bc79037",3658,153,20000,2,"spacing fits nominal scale, which no logbook height changes; nominal scale still applies","not applied: the scale is disputed, not the height"
"terrain","bc79039",792,153,5000,5,"spacing fits nominal scale, which no logbook height changes; nominal scale still applies","not applied: the scale is disputed, not the height"
"terrain","bc79063",2134,153,10000,21,"spacing fits nominal scale, which no logbook height changes; nominal scale still applies","not applied: the scale is disputed, not the height"
"terrain","bc79065",2286,153,10000,35,"spacing fits nominal scale, which no logbook height changes; nominal scale still applies","not applied: the scale is disputed, not the height"
"terrain","bc79070",2134,153,10000,6,"spacing fits nominal scale, which no logbook height changes; nominal scale still applies","not applied: the scale is disputed, not the height"
"terrain","bc79114",2286,153,10000,24,"spacing fits nominal scale, which no logbook height changes; nominal scale still applies","not applied: the scale is disputed, not the height"
"terrain","bc79121",2438,153,10000,116,"spacing fits nominal scale, which no logbook height changes; nominal scale still applies","not applied: the scale is disputed, not the height"
"terrain","bc79128",2073,153,10000,1,"spacing fits nominal scale, which no logbook height changes; nominal scale still applies","not applied: the scale is disputed, not the height"
"terrain","bc79161",1676,305,5000,4,"spacing fits nominal scale, which no logbook height changes; nominal scale still applies","not applied: the scale is disputed, not the height"
"terrain","bc79161",1829,305,5000,2,"spacing cannot fit the catalogued height within 2%, whatever the logbook reads; nominal scale still applies","not applied: the scale is disputed, not the height"
"terrain","bc79173",3200,153,20000,1,"spacing fits nominal scale, which no logbook height changes; nominal scale still applies","not applied: the scale is disputed, not the height"
"terrain","bc79187",1844,153,10000,55,"spacing fits nominal scale, which no logbook height changes; nominal scale still applies","not applied: the scale is disputed, not the height"
"terrain","bc79206",3597,153,20000,1,"spacing fits nominal scale, which no logbook height changes; nominal scale still applies","not applied: the scale is disputed, not the height"
"terrain","bc79212",1920,305,5000,73,"spacing fits nominal scale, which no logbook height changes; nominal scale still applies","not applied: the scale is disputed, not the height"
"terrain","bc80052",2073,153,10000,3,"spacing fits nominal scale, which no logbook height changes; nominal scale still applies","not applied: the scale is disputed, not the height"
"terrain","bc80110",2073,305,5000,3,"spacing fits nominal scale, which no logbook height changes; nominal scale still applies","not applied: the scale is disputed, not the height"
"terrain","bc80141",914,153,5000,1,"spacing fits nominal scale, which no logbook height changes; nominal scale still applies","not applied: the scale is disputed, not the height"
"terrain","bc81001",1585,153,10000,1,"spacing fits nominal scale, which no logbook height changes; nominal scale still applies","not applied: the scale is disputed, not the height"
"terrain","bc81001",1737,153,10000,6,"spacing fits nominal scale, which no logbook height changes; nominal scale still applies","not applied: the scale is disputed, not the height"
"terrain","bc81002",2286,153,12000,1,"spacing fits nominal scale, which no logbook height changes; nominal scale still applies","not applied: the scale is disputed, not the height"
"terrain","bc81023",792,153,5000,10,"spacing fits nominal scale, which no logbook height changes; nominal scale still applies","not applied: the scale is disputed, not the height"
"terrain","bc81026",2560,305,10000,26,"spacing fits nominal scale, which no logbook height changes; nominal scale still applies","not applied: the scale is disputed, not the height"
"terrain","bc81029",1554,153,10000,2,"spacing fits nominal scale, which no logbook height changes; nominal scale still applies","not applied: the scale is disputed, not the height"
"terrain","bc81040",1707,305,5000,1,"spacing fits nominal scale, which no logbook height changes; nominal scale still applies","not applied: the scale is disputed, not the height"
"terrain","bc81071",1615,153,10000,2,"spacing fits nominal scale, which no logbook height changes; nominal scale still applies","not applied: the scale is disputed, not the height"
"terrain","bc81072",1615,153,10000,6,"spacing rejects the logbook's height; nominal scale still applies","not applied: the scale is disputed, not the height"
"terrain","bc81075",1554,153,10000,20,"spacing fits nominal scale, which no logbook height changes; nominal scale still applies","not applied: the scale is disputed, not the height"
"terrain","bc81075",1676,153,10000,9,"spacing fits nominal scale, which no logbook height changes; nominal scale still applies","not applied: the scale is disputed, not the height"
"terrain","bc81089",1676,153,10000,25,"spacing fits nominal scale, which no logbook height changes; nominal scale still applies","not applied: the scale is disputed, not the height"
"terrain","bc81089",3109,153,20000,23,"spacing fits nominal scale, which no logbook height changes; nominal scale still applies","not applied: the scale is disputed, not the height"
"terrain","bc81089",3353,153,20000,5,"spacing fits nominal scale, which no logbook height changes; nominal scale still applies","not applied: the scale is disputed, not the height"
"terrain","bc81092",1676,153,10000,35,"spacing fits nominal scale, which no logbook height changes; nominal scale still applies","not applied: the scale is disputed, not the height"
"terrain","bc81092",2057,153,10000,3,"spacing fits nominal scale, which no logbook height changes; nominal scale still applies","not applied: the scale is disputed, not the height"
"terrain","bc81093",2057,153,10000,5,"spacing fits nominal scale, which no logbook height changes; nominal scale still applies","not applied: the scale is disputed, not the height"
"terrain","bc81105",2195,153,10000,3,"spacing fits nominal scale, which no logbook height changes; nominal scale still applies","not applied: the scale is disputed, not the height"
"terrain","bc81111",2073,153,10000,3,"spacing fits nominal scale, which no logbook height changes; nominal scale still applies","not applied: the scale is disputed, not the height"
"terrain","bc82039",1981,153,10000,15,"spacing fits nominal scale, which no logbook height changes; nominal scale still applies","not applied: the scale is disputed, not the height"
"terrain","bc82042",3505,153,20000,4,"spacing fits nominal scale, which no logbook height changes; nominal scale still applies","not applied: the scale is disputed, not the height"
"terrain","bc82044",2316,305,10000,16,"spacing fits nominal scale, which no logbook height changes; nominal scale still applies","not applied: the scale is disputed, not the height"
"terrain","bc82044",2347,305,10000,15,"spacing fits nominal scale, which no logbook height changes; nominal scale still applies","not applied: the scale is disputed, not the height"
"terrain","bc82044",2560,305,10000,6,"spacing fits nominal scale, which no logbook height changes; nominal scale still applies","not applied: the scale is disputed, not the height"
"terrain","bc82044",2743,305,10000,54,"logbook names a different lens and spacing fits the reported height; the two disagree; nominal scale still applies","not applied: the scale is disputed, not the height"
"terrain","bc83006",1311,153,8000,77,"spacing fits nominal scale, which no logbook height changes; nominal scale still applies","not applied: the scale is disputed, not the height"
"terrain","bc84001",1737,153,12000,1,"spacing fits nominal scale, which no logbook height changes; nominal scale still applies","not applied: the scale is disputed, not the height"
"terrain","bc84001",1844,153,12000,4,"spacing fits nominal scale, which no logbook height changes; nominal scale still applies","not applied: the scale is disputed, not the height"
"terrain","bc84015",2286,305,5000,2,"spacing fits nominal scale, which no logbook height changes; nominal scale still applies","not applied: the scale is disputed, not the height"
"terrain","bc84022",2438,305,10000,3,"spacing cannot fit the catalogued height within 2%, whatever the logbook reads; nominal scale still applies","not applied: the scale is disputed, not the height"
"terrain","bc84032",1981,153,16000,23,"spacing fits nominal scale, which no logbook height changes; nominal scale still applies","not applied: the scale is disputed, not the height"
"terrain","bc84053",1402,153,10000,1,"spacing cannot fit the catalogued height within 2%, whatever the logbook reads; nominal scale still applies","not applied: the scale is disputed, not the height"
"terrain","bc84074",1676,153,10000,1,"spacing fits nominal scale, which no logbook height changes; nominal scale still applies","not applied: the scale is disputed, not the height"
"terrain","bc84074",1829,153,10000,4,"spacing fits nominal scale, which no logbook height changes; nominal scale still applies","not applied: the scale is disputed, not the height"
"terrain","bc85010",1676,153,10000,2,"spacing fits nominal scale, which no logbook height changes; nominal scale still applies","not applied: the scale is disputed, not the height"
"terrain","bc85011",1067,153,10000,7,"spacing fits nominal scale, which no logbook height changes; nominal scale still applies","not applied: the scale is disputed, not the height"
"terrain","bc85016",1707,305,5000,1,"spacing fits nominal scale, which no logbook height changes; nominal scale still applies","not applied: the scale is disputed, not the height"
"terrain","bc85084",1311,153,8000,1,"spacing fits nominal scale, which no logbook height changes; nominal scale still applies","not applied: the scale is disputed, not the height"
"terrain","bc85084",1326,153,8000,2,"spacing fits nominal scale, which no logbook height changes; nominal scale still applies","not applied: the scale is disputed, not the height"
"terrain","bc86024",2591,153,16000,199,"spacing fits nominal scale, which no logbook height changes; nominal scale still applies","not applied: the scale is disputed, not the height"
"terrain","bc86053",2865,153,16000,12,"spacing fits nominal scale, which no logbook height changes; nominal scale still applies","not applied: the scale is disputed, not the height"
"terrain","bc86059",1448,153,8000,2,"spacing fits nominal scale, which no logbook height changes; nominal scale still applies","not applied: the scale is disputed, not the height"
"terrain","bc86103",2774,153,16000,7,"spacing rejects the logbook's height; nominal scale still applies","not applied: the scale is disputed, not the height"
"terrain","bc86103",2804,153,16000,6,"spacing cannot fit the catalogued height within 2%, whatever the logbook reads; nominal scale still applies","not applied: the scale is disputed, not the height"
"terrain","bc87019",1585,305,5000,1,"spacing fits nominal scale, which no logbook height changes; nominal scale still applies","not applied: the scale is disputed, not the height"
"terrain","bc87063",4054,153,23000,3,"spacing fits nominal scale, which no logbook height changes; nominal scale still applies","not applied: the scale is disputed, not the height"
"terrain","bc87069",2743,153,18000,4,"spacing cannot fit the catalogued height within 2%, whatever the logbook reads; nominal scale still applies","not applied: the scale is disputed, not the height"
"terrain","bc87070",3962,153,23000,3,"spacing fits nominal scale, which no logbook height changes; nominal scale still applies","not applied: the scale is disputed, not the height"
"terrain","bc87070",4054,153,23000,8,"spacing fits nominal scale, which no logbook height changes; nominal scale still applies","not applied: the scale is disputed, not the height"
"terrain","bc87073",3871,153,23000,5,"spacing fits nominal scale, which no logbook height changes; nominal scale still applies","not applied: the scale is disputed, not the height"
"terrain","bc87073",3962,153,23000,16,"spacing fits nominal scale, which no logbook height changes; nominal scale still applies","not applied: the scale is disputed, not the height"
"terrain","bc87099",1585,153,8000,6,"spacing fits nominal scale, which no logbook height changes; nominal scale still applies","not applied: the scale is disputed, not the height"
"terrain","bc87099",3962,153,23000,6,"spacing fits nominal scale, which no logbook height changes; nominal scale still applies","not applied: the scale is disputed, not the height"
"terrain","bc87103",1707,153,8000,1,"spacing fits nominal scale, which no logbook height changes; nominal scale still applies","not applied: the scale is disputed, not the height"
"terrain","bc87103",1768,153,8000,1,"spacing fits nominal scale, which no logbook height changes; nominal scale still applies","not applied: the scale is disputed, not the height"
"terrain","bc87105",4298,153,23000,2,"spacing fits nominal scale, which no logbook height changes; nominal scale still applies","not applied: the scale is disputed, not the height"
"terrain","bc88002",1829,153,8000,1,"spacing fits nominal scale, which no logbook height changes; nominal scale still applies","not applied: the scale is disputed, not the height"
"terrain","bc89027",1768,153,8000,1,"spacing fits nominal scale, which no logbook height changes; nominal scale still applies","not applied: the scale is disputed, not the height"
"terrain","bc89073",3048,305,15000,53,"spacing fits nominal scale, which no logbook height changes; nominal scale still applies","not applied: the scale is disputed, not the height"
"terrain","bcb04001",1222,305,3000,4,"no logbook page covers these frames; nominal scale still applies","not applied: the scale is disputed, not the height"
"terrain","bcb04001",1223,305,3000,3,"no logbook page covers these frames; nominal scale still applies","not applied: the scale is disputed, not the height"
"terrain","bcb90008",1219,153,5000,2,"logbook height or frame range not read; nominal scale still applies","not applied: the scale is disputed, not the height"
"terrain","bcb90016",884,153,5000,1,"spacing fits nominal scale, which no logbook height changes; nominal scale still applies","not applied: the scale is disputed, not the height"
"terrain","bcb90027",3505,305,10000,12,"spacing rejects the logbook's height; nominal scale still applies","not applied: the scale is disputed, not the height"
"terrain","bcb90108",2560,153,16000,2,"spacing fits nominal scale, which no logbook height changes; nominal scale still applies","not applied: the scale is disputed, not the height"
"terrain","bcb91002",2743,153,15000,1,"spacing fits nominal scale, which no logbook height changes; nominal scale still applies","not applied: the scale is disputed, not the height"
"terrain","bcb91008",1585,153,8000,4,"spacing fits nominal scale, which no logbook height changes; nominal scale still applies","not applied: the scale is disputed, not the height"
"terrain","bcb91009",1219,153,5000,1,"spacing cannot fit the catalogued height within 2%, whatever the logbook reads; nominal scale still applies","not applied: the scale is disputed, not the height"
"terrain","bcb91025",2934,305,15000,2,"spacing fits nominal scale, which no logbook height changes; nominal scale still applies","not applied: the scale is disputed, not the height"
"terrain","bcb91025",2964,305,15000,21,"spacing fits nominal scale, which no logbook height changes; nominal scale still applies","not applied: the scale is disputed, not the height"
"terrain","bcb91093",2896,153,15000,5,"spacing rejects the logbook's height; nominal scale still applies","not applied: the scale is disputed, not the height"
"terrain","bcb92004",1921,305,5000,20,"logbook writes the catalogue's scale; nominal scale still applies","not applied: the scale is disputed, not the height"
"terrain","bcb92031",2622,153,12000,1,"spacing fits nominal scale, which no logbook height changes; nominal scale still applies","not applied: the scale is disputed, not the height"
"terrain","bcb92131",1810,153,10000,3,"spacing cannot fit the catalogued height within 2%, whatever the logbook reads; nominal scale still applies","not applied: the scale is disputed, not the height"
"terrain","bcb92132",1810,153,10000,9,"spacing cannot fit the catalogued height within 2%, whatever the logbook reads; nominal scale still applies","not applied: the scale is disputed, not the height"
"terrain","bcb94097",930,305,3000,1,"spacing fits nominal scale, which no logbook height changes; nominal scale still applies","not applied: the scale is disputed, not the height"
"terrain","bcb98001",948,305,3000,1,"spacing fits nominal scale, which no logbook height changes; nominal scale still applies","not applied: the scale is disputed, not the height"
"terrain","bcb98001",949,305,3000,1,"logbook height or frame range not read; nominal scale still applies","not applied: the scale is disputed, not the height"
"terrain","bcb98001",950,305,3000,1,"no logbook page covers these frames; nominal scale still applies","not applied: the scale is disputed, not the height"
"terrain","bcb98001",951,305,3000,2,"no logbook page covers these frames; nominal scale still applies","not applied: the scale is disputed, not the height"
"terrain","bcc07085",1239,305,3000,2,"no logbook page covers these frames; nominal scale still applies","not applied: the scale is disputed, not the height"
"terrain","bcc07085",1241,305,3000,1,"no logbook page covers these frames; nominal scale still applies","not applied: the scale is disputed, not the height"
"terrain","bcc07085",1243,305,3000,1,"spacing fits nominal scale, which no logbook height changes; nominal scale still applies","not applied: the scale is disputed, not the height"
"terrain","bcc103",2438,305,6000,34,"spacing fits nominal scale, which no logbook height changes; nominal scale still applies","not applied: the scale is disputed, not the height"
"terrain","bcc136",1463,305,4800,1,"spacing cannot fit the catalogued height within 2%, whatever the logbook reads; nominal scale still applies","not applied: the scale is disputed, not the height"
"terrain","bcc195",2438,153,25000,25,"logbook height or frame range not read; nominal scale still applies","not applied: the scale is disputed, not the height"
"terrain","bcc285",1707,305,5000,39,"spacing fits nominal scale, which no logbook height changes; nominal scale still applies","not applied: the scale is disputed, not the height"
"terrain","bcc325",396,153,2000,1,"spacing cannot fit the catalogued height within 2%, whatever the logbook reads; nominal scale still applies","not applied: the scale is disputed, not the height"
"terrain","bcc337",3871,305,10000,6,"spacing fits nominal scale, which no logbook height changes; nominal scale still applies","not applied: the scale is disputed, not the height"
"terrain","bcc4",1829,153,12000,2,"spacing fits nominal scale, which no logbook height changes; nominal scale still applies","not applied: the scale is disputed, not the height"
"terrain","bcc454",3658,305,10000,1,"spacing fits nominal scale, which no logbook height changes; nominal scale still applies","not applied: the scale is disputed, not the height"
"terrain","bcc544",1615,305,8000,8,"spacing fits nominal scale, which no logbook height changes; nominal scale still applies","not applied: the scale is disputed, not the height"
"terrain","bcc544",1676,305,8000,15,"spacing fits nominal scale, which no logbook height changes; nominal scale still applies","not applied: the scale is disputed, not the height"
"terrain","bcc544",1737,305,8000,34,"spacing fits nominal scale, which no logbook height changes; nominal scale still applies","not applied: the scale is disputed, not the height"
"terrain","bcc778",3810,305,15000,75,"spacing cannot fit the catalogued height within 2%, whatever the logbook reads; nominal scale still applies","not applied: the scale is disputed, not the height"
"terrain","bcc812",3810,305,15000,25,"spacing fits nominal scale, which no logbook height changes; nominal scale still applies","not applied: the scale is disputed, not the height"
"terrain","bcc813",3810,305,15000,21,"spacing cannot fit the catalogued height within 2%, whatever the logbook reads; nominal scale still applies","not applied: the scale is disputed, not the height"
"terrain","bcc833",3810,305,15000,56,"spacing fits nominal scale, which no logbook height changes; nominal scale still applies","not applied: the scale is disputed, not the height"
"terrain","bcc90027",1524,305,5000,1,"spacing fits nominal scale, which no logbook height changes; nominal scale still applies","not applied: the scale is disputed, not the height"
"terrain","bcc90043",3139,305,10000,2,"spacing fits nominal scale, which no logbook height changes; nominal scale still applies","not applied: the scale is disputed, not the height"
"terrain","bcc948",3200,305,10000,28,"spacing fits nominal scale, which no logbook height changes; nominal scale still applies","not applied: the scale is disputed, not the height"
"terrain","bcc948",3353,305,10000,10,"spacing fits nominal scale, which no logbook height changes; nominal scale still applies","not applied: the scale is disputed, not the height"
"terrain","bcc948",3658,305,10000,4,"spacing fits nominal scale, which no logbook height changes; nominal scale still applies","not applied: the scale is disputed, not the height"
"terrain","bcc949",3353,305,10000,11,"spacing fits nominal scale, which no logbook height changes; nominal scale still applies","not applied: the scale is disputed, not the height"
"terrain","bcc954",3200,305,10000,37,"spacing fits nominal scale, which no logbook height changes; nominal scale still applies","not applied: the scale is disputed, not the height"
"terrain","bcc954",3353,305,10000,5,"spacing fits nominal scale, which no logbook height changes; nominal scale still applies","not applied: the scale is disputed, not the height"
"terrain","bcc954",3505,305,10000,3,"spacing fits nominal scale, which no logbook height changes; nominal scale still applies","not applied: the scale is disputed, not the height"
"terrain","bcc968",3200,305,10000,5,"spacing fits nominal scale, which no logbook height changes; nominal scale still applies","not applied: the scale is disputed, not the height"
"upper","bc79027",19995,153,13000,10,"spacing rejects the logbook's height; #54's 10.764 still applies","no adjacent frame in an exact named relation"
"upper","bcc03004",71640,153,30000,3,"no logbook page covers these frames; #54's 10.764 still applies","no adjacent frame in band"
"upper","bcc03004",71641,153,30000,5,"no logbook page covers these frames; #54's 10.764 still applies","no adjacent frame in band"
"upper","bcc03004",71642,153,30000,2,"no logbook page covers these frames; #54's 10.764 still applies","no adjacent frame in band"
"upper","bcc03004",71644,153,30000,4,"no logbook page covers these frames; #54's 10.764 still applies","no adjacent frame in band"
"upper","bcc03004",71645,153,30000,6,"no logbook page covers these frames; #54's 10.764 still applies","no adjacent frame in band"
"upper","bcc03004",71646,153,30000,1,"no logbook page covers these frames; #54's 10.764 still applies","no adjacent frame in band"
"upper","bcc03004",71647,153,30000,3,"no logbook page covers these frames; #54's 10.764 still applies","no adjacent frame in band"
"upper","bcc03004",71649,153,30000,1,"no logbook page covers these frames; #54's 10.764 still applies","no adjacent frame in band"
"upper","bcc03004",71710,153,30000,1,"no logbook page covers these frames; #54's 10.764 still applies","no adjacent frame in band"
"upper","bcc03004",71712,153,30000,1,"no logbook page covers these frames; #54's 10.764 still applies","no adjacent frame in band"
"upper","bcc03004",71714,153,30000,2,"no logbook page covers these frames; #54's 10.764 still applies","no adjacent frame in band"
"upper","bcc03004",71715,153,30000,2,"no logbook page covers these frames; #54's 10.764 still applies","no adjacent frame in band"
"upper","bcc03004",71716,153,30000,2,"no logbook page covers these frames; #54's 10.764 still applies","no adjacent frame in band"
"upper","bcc03004",71718,153,30000,1,"no logbook page covers these frames; #54's 10.764 still applies","no adjacent frame in band"
"upper","bcc03004",71719,153,30000,1,"no logbook page covers these frames; #54's 10.764 still applies","no adjacent frame in band"
"upper","bcc03004",71941,153,30000,1,"no logbook page covers these frames; #54's 10.764 still applies","no adjacent frame in band"
"upper","bcc03004",71943,153,30000,2,"no logbook page covers these frames; #54's 10.764 still applies","no adjacent frame in band"
"upper","bcc03004",71944,153,30000,2,"no logbook page covers these frames; #54's 10.764 still applies","no adjacent frame in band"
"upper","bcc03004",71947,153,30000,2,"no logbook page covers these frames; #54's 10.764 still applies","no adjacent frame in band"
"upper","bcc03004",71948,153,30000,2,"no logbook page covers these frames; #54's 10.764 still applies","no adjacent frame in band"
"upper","bcc03004",71949,153,30000,1,"no logbook page covers these frames; #54's 10.764 still applies","no adjacent frame in band"
"upper","bcc03004",71970,153,30000,3,"no logbook page covers these frames; #54's 10.764 still applies","no adjacent frame in band"
"upper","bcc03004",71971,153,30000,2,"no logbook page covers these frames; #54's 10.764 still applies","no adjacent frame in band"
"upper","bcc03004",71972,153,30000,2,"no logbook page covers these frames; #54's 10.764 still applies","no adjacent frame in band"
"upper","bcc03004",71973,153,30000,1,"no logbook page covers these frames; #54's 10.764 still applies","no adjacent frame in band"
"upper","bcc03004",71974,153,30000,1,"no logbook page covers these frames; #54's 10.764 still applies","no adjacent frame in band"
"upper","bcc03004",71975,153,30000,2,"no logbook page covers these frames; #54's 10.764 still applies","no adjacent frame in band"
"upper","bcc03004",71976,153,30000,2,"no logbook page covers these frames; #54's 10.764 still applies","no adjacent frame in band"
"upper","bcc03004",71978,153,30000,2,"no logbook page covers these frames; #54's 10.764 still applies","no adjacent frame in band"
"upper","bcc03004",71979,153,30000,2,"no logbook page covers these frames; #54's 10.764 still applies","no adjacent frame in band"
"upper","bcc03004",71990,153,30000,3,"no logbook page covers these frames; #54's 10.764 still applies","no adjacent frame in band"
"upper","bcc03004",71991,153,30000,1,"no logbook page covers these frames; #54's 10.764 still applies","no adjacent frame in band"
"upper","bcc03004",71992,153,30000,5,"no logbook page covers these frames; #54's 10.764 still applies","no adjacent frame in band"
"upper","bcc03004",71993,153,30000,1,"no logbook page covers these frames; #54's 10.764 still applies","no adjacent frame in band"
"upper","bcc03004",71994,153,30000,5,"no logbook page covers these frames; #54's 10.764 still applies","no adjacent frame in band"
"upper","bcc03004",71995,153,30000,1,"no logbook page covers these frames; #54's 10.764 still applies","no adjacent frame in band"
"upper","bcc03004",71996,153,30000,3,"no logbook page covers these frames; #54's 10.764 still applies","no adjacent frame in band"
"upper","bcc03004",71997,153,30000,3,"no logbook page covers these frames; #54's 10.764 still applies","no adjacent frame in band"
"upper","bcc03004",71998,153,30000,5,"no logbook page covers these frames; #54's 10.764 still applies","no adjacent frame in band"
"upper","bcc03004",71999,153,30000,3,"no logbook page covers these frames; #54's 10.764 still applies","no adjacent frame in band"
"upper","bcc03004",72030,153,30000,2,"no logbook page covers these frames; #54's 10.764 still applies","no adjacent frame in band"
"upper","bcc03004",72031,153,30000,2,"no logbook page covers these frames; #54's 10.764 still applies","no adjacent frame in band"
"upper","bcc03004",72032,153,30000,1,"no logbook page covers these frames; #54's 10.764 still applies","no adjacent frame in band"
"upper","bcc03004",72033,153,30000,3,"no logbook page covers these frames; #54's 10.764 still applies","no adjacent frame in band"
"upper","bcc03004",72034,153,30000,2,"no logbook page covers these frames; #54's 10.764 still applies","no adjacent frame in band"
"upper","bcc03004",72035,153,30000,3,"no logbook page covers these frames; #54's 10.764 still applies","no adjacent frame in band"
"upper","bcc03004",72036,153,30000,6,"no logbook page covers these frames; #54's 10.764 still applies","no adjacent frame in band"
"upper","bcc03004",72037,153,30000,2,"no logbook page covers these frames; #54's 10.764 still applies","no adjacent frame in band"
"upper","bcc03004",72038,153,30000,2,"no logbook page covers these frames; #54's 10.764 still applies","no adjacent frame in band"
"upper","bcc03004",72039,153,30000,2,"no logbook page covers these frames; #54's 10.764 still applies","no adjacent frame in band"
"upper","bcc03004",72040,153,30000,2,"no logbook page covers these frames; #54's 10.764 still applies","no adjacent frame in band"
"upper","bcc03004",72041,153,30000,2,"no logbook page covers these frames; #54's 10.764 still applies","no adjacent frame in band"
"upper","bcc03004",72043,153,30000,2,"no logbook page covers these frames; #54's 10.764 still applies","no adjacent frame in band"
"upper","bcc03004",72044,153,30000,4,"no logbook page covers these frames; #54's 10.764 still applies","no adjacent frame in band"
"upper","bcc03004",72045,153,30000,2,"no logbook page covers these frames; #54's 10.764 still applies","no adjacent frame in band"
"upper","bcc03004",72047,153,30000,1,"no logbook page covers these frames; #54's 10.764 still applies","no adjacent frame in band"
"upper","bcc03004",72048,153,30000,3,"no logbook page covers these frames; #54's 10.764 still applies","no adjacent frame in band"
"upper","bcc03004",72049,153,30000,1,"no logbook page covers these frames; #54's 10.764 still applies","no adjacent frame in band"
"upper","bcc03004",72222,153,30000,1,"no logbook page covers these frames; #54's 10.764 still applies","no adjacent frame in band"
"upper","bcc03004",72223,153,30000,1,"no logbook page covers these frames; #54's 10.764 still applies","no adjacent frame in band"
"upper","bcc03004",72226,153,30000,2,"no logbook page covers these frames; #54's 10.764 still applies","no adjacent frame in band"
"upper","bcc03004",72227,153,30000,3,"no logbook page covers these frames; #54's 10.764 still applies","no adjacent frame in band"
"upper","bcc03004",72228,153,30000,3,"no logbook page covers these frames; #54's 10.764 still applies","no adjacent frame in band"
"upper","bcc03004",72229,153,30000,2,"no logbook page covers these frames; #54's 10.764 still applies","no adjacent frame in band"
"upper","bcc03004",72250,153,30000,2,"no logbook page covers these frames; #54's 10.764 still applies","no adjacent frame in band"
"upper","bcc03004",72251,153,30000,1,"no logbook page covers these frames; #54's 10.764 still applies","no adjacent frame in band"
"upper","bcc03004",72253,153,30000,2,"no logbook page covers these frames; #54's 10.764 still applies","no adjacent frame in band"
"upper","bcc03004",72254,153,30000,2,"no logbook page covers these frames; #54's 10.764 still applies","no adjacent frame in band"
"upper","bcc03004",72256,153,30000,3,"no logbook page covers these frames; #54's 10.764 still applies","no adjacent frame in band"
"upper","bcc03004",72259,153,30000,2,"no logbook page covers these frames; #54's 10.764 still applies","no adjacent frame in band"
"upper","bcc03004",72270,153,30000,3,"no logbook page covers these frames; #54's 10.764 still applies","no adjacent frame in band"
"upper","bcc03004",72271,153,30000,4,"no logbook page covers these frames; #54's 10.764 still applies","no adjacent frame in band"
"upper","bcc03004",72272,153,30000,1,"no logbook page covers these frames; #54's 10.764 still applies","no adjacent frame in band"
"upper","bcc03004",72273,153,30000,4,"no logbook page covers these frames; #54's 10.764 still applies","no adjacent frame in band"
"upper","bcc03004",72274,153,30000,1,"no logbook page covers these frames; #54's 10.764 still applies","no adjacent frame in band"
"upper","bcc03004",72275,153,30000,3,"no logbook page covers these frames; #54's 10.764 still applies","no adjacent frame in band"
"upper","bcc03004",72276,153,30000,3,"no logbook page covers these frames; #54's 10.764 still applies","no adjacent frame in band"
"upper","bcc03004",72277,153,30000,4,"no logbook page covers these frames; #54's 10.764 still applies","no adjacent frame in band"
"upper","bcc03004",72279,153,30000,5,"no logbook page covers these frames; #54's 10.764 still applies","no adjacent frame in band"
"upper","bcc03004",72280,153,30000,1,"no logbook page covers these frames; #54's 10.764 still applies","no adjacent frame in band"
"upper","bcc03004",72282,153,30000,1,"no logbook page covers these frames; #54's 10.764 still applies","no adjacent frame in band"
"upper","bcc03004",72283,153,30000,1,"no logbook page covers these frames; #54's 10.764 still applies","no adjacent frame in band"
"upper","bcc03004",72285,153,30000,3,"no logbook page covers these frames; #54's 10.764 still applies","no adjacent frame in band"
"upper","bcc03004",72287,153,30000,2,"no logbook page covers these frames; #54's 10.764 still applies","no adjacent frame in band"
"upper","bcc03004",72288,153,30000,1,"no logbook page covers these frames; #54's 10.764 still applies","no adjacent frame in band"
"upper","bcc03004",72289,153,30000,3,"no logbook page covers these frames; #54's 10.764 still applies","no adjacent frame in band"
"upper","bcc03004",72380,153,30000,4,"no logbook page covers these frames; #54's 10.764 still applies","no adjacent frame in band"
"upper","bcc03004",72381,153,30000,2,"no logbook page covers these frames; #54's 10.764 still applies","no adjacent frame in band"
"upper","bcc03004",72382,153,30000,1,"no logbook page covers these frames; #54's 10.764 still applies","no adjacent frame in band"
"upper","bcc03004",72383,153,30000,2,"no logbook page covers these frames; #54's 10.764 still applies","no adjacent frame in band"
"upper","bcc03004",72384,153,30000,1,"no logbook page covers these frames; #54's 10.764 still applies","no adjacent frame in band"
"upper","bcc03004",72386,153,30000,2,"no logbook page covers these frames; #54's 10.764 still applies","no adjacent frame in band"
"upper","bcc03004",72387,153,30000,4,"no logbook page covers these frames; #54's 10.764 still applies","no adjacent frame in band"
"upper","bcc03004",72389,153,30000,1,"no logbook page covers these frames; #54's 10.764 still applies","no adjacent frame in band"
"upper","bcc03004",72460,153,30000,2,"no logbook page covers these frames; #54's 10.764 still applies","no adjacent frame in band"
"upper","bcc03004",72462,153,30000,1,"no logbook page covers these frames; #54's 10.764 still applies","no adjacent frame in band"
"upper","bcc03004",72463,153,30000,2,"no logbook page covers these frames; #54's 10.764 still applies","no adjacent frame in band"
"upper","bcc03004",72464,153,30000,1,"no logbook page covers these frames; #54's 10.764 still applies","no adjacent frame in band"
"upper","bcc03004",72466,153,30000,2,"no logbook page covers these frames; #54's 10.764 still applies","no adjacent frame in band"
"upper","bcc03004",72467,153,30000,3,"no logbook page covers these frames; #54's 10.764 still applies","no adjacent frame in band"
"upper","bcc03004",72468,153,30000,3,"no logbook page covers these frames; #54's 10.764 still applies","no adjacent frame in band"
"upper","bcc03004",72469,153,30000,3,"no logbook page covers these frames; #54's 10.764 still applies","no adjacent frame in band"
"upper","bcc03006",72030,153,35000,4,"no logbook page covers these frames; #54's 10.764 still applies","no adjacent frame in band"
"upper","bcc03006",72031,153,35000,2,"no logbook page covers these frames; #54's 10.764 still applies","no adjacent frame in band"
"upper","bcc03006",72032,153,35000,2,"no logbook page covers these frames; #54's 10.764 still applies","no adjacent frame in band"
"upper","bcc03006",72033,153,35000,2,"no logbook page covers these frames; #54's 10.764 still applies","no adjacent frame in band"
"upper","bcc03006",72034,153,35000,3,"no logbook page covers these frames; #54's 10.764 still applies","no adjacent frame in band"
"upper","bcc03006",72035,153,35000,3,"no logbook page covers these frames; #54's 10.764 still applies","no adjacent frame in band"
"upper","bcc03006",72036,153,35000,3,"no logbook page covers these frames; #54's 10.764 still applies","no adjacent frame in band"
"upper","bcc03006",72037,153,35000,4,"no logbook page covers these frames; #54's 10.764 still applies","no adjacent frame in band"
"upper","bcc03006",72039,153,35000,4,"no logbook page covers these frames; #54's 10.764 still applies","no adjacent frame in band"
"upper","bcc03006",75030,153,35000,7,"no logbook page covers these frames; #54's 10.764 still applies","no adjacent frame in band"
"upper","bcc03006",75031,153,35000,3,"no logbook page covers these frames; #54's 10.764 still applies","no adjacent frame in band"
"upper","bcc03006",75032,153,35000,3,"no logbook page covers these frames; #54's 10.764 still applies","no adjacent frame in band"
"upper","bcc03006",75033,153,35000,4,"no logbook page covers these frames; #54's 10.764 still applies","no adjacent frame in band"
"upper","bcc03006",75034,153,35000,4,"no logbook page covers these frames; #54's 10.764 still applies","no adjacent frame in band"
"upper","bcc03006",75036,153,35000,2,"no logbook page covers these frames; #54's 10.764 still applies","no adjacent frame in band"
"upper","bcc03006",75037,153,35000,4,"no logbook page covers these frames; #54's 10.764 still applies","no adjacent frame in band"
"upper","bcc03006",75038,153,35000,2,"no logbook page covers these frames; #54's 10.764 still applies","no adjacent frame in band"
"upper","bcc03006",75039,153,35000,2,"no logbook page covers these frames; #54's 10.764 still applies","no adjacent frame in band"
"upper","bcc03006",75110,153,35000,2,"no logbook page covers these frames; #54's 10.764 still applies","no adjacent frame in band"
"upper","bcc03006",75111,153,35000,2,"no logbook page covers these frames; #54's 10.764 still applies","no adjacent frame in band"
"upper","bcc03006",75112,153,35000,4,"no logbook page covers these frames; #54's 10.764 still applies","no adjacent frame in band"
"upper","bcc03006",75113,153,35000,4,"no logbook page covers these frames; #54's 10.764 still applies","no adjacent frame in band"
"upper","bcc03006",75114,153,35000,5,"no logbook page covers these frames; #54's 10.764 still applies","no adjacent frame in band"
"upper","bcc03006",75115,153,35000,4,"no logbook page covers these frames; #54's 10.764 still applies","no adjacent frame in band"
"upper","bcc03006",75116,153,35000,3,"no logbook page covers these frames; #54's 10.764 still applies","no adjacent frame in band"
"upper","bcc03006",75117,153,35000,4,"no logbook page covers these frames; #54's 10.764 still applies","no adjacent frame in band"
"upper","bcc03006",75118,153,35000,3,"no logbook page covers these frames; #54's 10.764 still applies","no adjacent frame in band"
"upper","bcc03006",75220,153,35000,3,"no logbook page covers these frames; #54's 10.764 still applies","no adjacent frame in band"
"upper","bcc03006",75221,153,35000,5,"no logbook page covers these frames; #54's 10.764 still applies","no adjacent frame in band"
"upper","bcc03006",75222,153,35000,4,"no logbook page covers these frames; #54's 10.764 still applies","no adjacent frame in band"
"upper","bcc03006",75223,153,35000,5,"no logbook page covers these frames; #54's 10.764 still applies","no adjacent frame in band"
"upper","bcc03006",75224,153,35000,3,"no logbook page covers these frames; #54's 10.764 still applies","no adjacent frame in band"
"upper","bcc03006",75226,153,35000,1,"no logbook page covers these frames; #54's 10.764 still applies","no adjacent frame in band"
"upper","bcc03006",75227,153,35000,3,"no logbook page covers these frames; #54's 10.764 still applies","no adjacent frame in band"
"upper","bcc03006",75228,153,35000,6,"no logbook page covers these frames; #54's 10.764 still applies","no adjacent frame in band"
"upper","bcc03006",75229,153,35000,1,"no logbook page covers these frames; #54's 10.764 still applies","no adjacent frame in band"
"upper","bcc03006",76600,153,35000,1,"no logbook page covers these frames; #54's 10.764 still applies","no adjacent frame in band"
"upper","bcc03006",76601,153,35000,1,"no logbook page covers these frames; #54's 10.764 still applies","no adjacent frame in band"
"upper","bcc03006",76602,153,35000,3,"no logbook page covers these frames; #54's 10.764 still applies","no adjacent frame in band"
"upper","bcc03006",76603,153,35000,3,"no logbook page covers these frames; #54's 10.764 still applies","no adjacent frame in band"
"upper","bcc03006",76604,153,35000,4,"no logbook page covers these frames; #54's 10.764 still applies","no adjacent frame in band"
"upper","bcc03006",76605,153,35000,4,"no logbook page covers these frames; #54's 10.764 still applies","no adjacent frame in band"
"upper","bcc03006",76606,153,35000,3,"no logbook page covers these frames; #54's 10.764 still applies","no adjacent frame in band"
"upper","bcc03006",76607,153,35000,2,"no logbook page covers these frames; #54's 10.764 still applies","no adjacent frame in band"
"upper","bcc03006",76608,153,35000,3,"no logbook page covers these frames; #54's 10.764 still applies","no adjacent frame in band"
"upper","bcc03006",76609,153,35000,3,"no logbook page covers these frames; #54's 10.764 still applies","no adjacent frame in band"
"upper","bcc03006",76680,153,35000,5,"no logbook page covers these frames; #54's 10.764 still applies","no adjacent frame in band"
"upper","bcc03006",76681,153,35000,2,"no logbook page covers these frames; #54's 10.764 still applies","no adjacent frame in band"
"upper","bcc03006",76682,153,35000,4,"no logbook page covers these frames; #54's 10.764 still applies","no adjacent frame in band"
"upper","bcc03006",76683,153,35000,2,"no logbook page covers these frames; #54's 10.764 still applies","no adjacent frame in band"
"upper","bcc03006",76684,153,35000,3,"no logbook page covers these frames; #54's 10.764 still applies","no adjacent frame in band"
"upper","bcc03006",76685,153,35000,1,"no logbook page covers these frames; #54's 10.764 still applies","no adjacent frame in band"
"upper","bcc03006",76686,153,35000,3,"no logbook page covers these frames; #54's 10.764 still applies","no adjacent frame in band"
"upper","bcc03006",76687,153,35000,3,"no logbook page covers these frames; #54's 10.764 still applies","no adjacent frame in band"
"upper","bcc03006",76688,153,35000,4,"no logbook page covers these frames; #54's 10.764 still applies","no adjacent frame in band"
"upper","bcc03006",76689,153,35000,4,"no logbook page covers these frames; #54's 10.764 still applies","no adjacent frame in band"
"upper","bcc03007",69751,153,35000,1,"no logbook page covers these frames; #54's 10.764 still applies","no adjacent frame in band"
"upper","bcc03007",69753,153,35000,4,"no logbook page covers these frames; #54's 10.764 still applies","no adjacent frame in band"
"upper","bcc03007",69754,153,35000,1,"no logbook page covers these frames; #54's 10.764 still applies","no adjacent frame in band"
"upper","bcc03007",69755,153,35000,2,"no logbook page covers these frames; #54's 10.764 still applies","no adjacent frame in band"
"upper","bcc03007",69756,153,35000,3,"no logbook page covers these frames; #54's 10.764 still applies","no adjacent frame in band"
"upper","bcc03007",69757,153,35000,3,"no logbook page covers these frames; #54's 10.764 still applies","no adjacent frame in band"
"upper","bcc03007",69758,153,35000,1,"no logbook page covers these frames; #54's 10.764 still applies","no adjacent frame in band"
"upper","bcc03007",69920,153,35000,4,"no logbook page covers these frames; #54's 10.764 still applies","no adjacent frame in band"
"upper","bcc03007",69923,153,35000,3,"no logbook page covers these frames; #54's 10.764 still applies","no adjacent frame in band"
"upper","bcc03007",69924,153,35000,1,"no logbook page covers these frames; #54's 10.764 still applies","no adjacent frame in band"
"upper","bcc03007",69925,153,35000,1,"no logbook page covers these frames; #54's 10.764 still applies","no adjacent frame in band"
"upper","bcc03007",69926,153,35000,1,"no logbook page covers these frames; #54's 10.764 still applies","no adjacent frame in band"
"upper","bcc03007",69927,153,35000,3,"no logbook page covers these frames; #54's 10.764 still applies","no adjacent frame in band"
"upper","bcc03007",69928,153,35000,2,"no logbook page covers these frames; #54's 10.764 still applies","no adjacent frame in band"
"upper","bcc03007",69962,153,35000,1,"no logbook page covers these frames; #54's 10.764 still applies","no adjacent frame in band"
"upper","bcc03007",69963,153,35000,1,"no logbook page covers these frames; #54's 10.764 still applies","no adjacent frame in band"
"upper","bcc03007",69964,153,35000,2,"no logbook page covers these frames; #54's 10.764 still applies","no adjacent frame in band"
"upper","bcc03007",69967,153,35000,2,"no logbook page covers these frames; #54's 10.764 still applies","no adjacent frame in band"
"upper","bcc03007",69969,153,35000,1,"no logbook page covers these frames; #54's 10.764 still applies","no adjacent frame in band"
"upper","bcc03007",70040,153,35000,1,"no logbook page covers these frames; #54's 10.764 still applies","no adjacent frame in band"
"upper","bcc03007",70042,153,35000,1,"no logbook page covers these frames; #54's 10.764 still applies","no adjacent frame in band"
"upper","bcc03007",70043,153,35000,1,"no logbook page covers these frames; #54's 10.764 still applies","no adjacent frame in band"
"upper","bcc03007",70045,153,35000,3,"no logbook page covers these frames; #54's 10.764 still applies","no adjacent frame in band"
"upper","bcc03007",70046,153,35000,2,"no logbook page covers these frames; #54's 10.764 still applies","no adjacent frame in band"
"upper","bcc03007",70048,153,35000,1,"no logbook page covers these frames; #54's 10.764 still applies","no adjacent frame in band"
"upper","bcc03007",70049,153,35000,3,"no logbook page covers these frames; #54's 10.764 still applies","no adjacent frame in band"
"upper","bcc03007",72830,153,35000,1,"no logbook page covers these frames; #54's 10.764 still applies","no adjacent frame in band"
"upper","bcc03007",72831,153,35000,2,"no logbook page covers these frames; #54's 10.764 still applies","no adjacent frame in band"
"upper","bcc03007",72832,153,35000,2,"no logbook page covers these frames; #54's 10.764 still applies","no adjacent frame in band"
"upper","bcc03007",72833,153,35000,1,"no logbook page covers these frames; #54's 10.764 still applies","no adjacent frame in band"
"upper","bcc03007",72834,153,35000,1,"no logbook page covers these frames; #54's 10.764 still applies","no adjacent frame in band"
"upper","bcc03007",72835,153,35000,3,"no logbook page covers these frames; #54's 10.764 still applies","no adjacent frame in band"
"upper","bcc03007",72836,153,35000,2,"no logbook page covers these frames; #54's 10.764 still applies","no adjacent frame in band"
"upper","bcc03007",72838,153,35000,2,"no logbook page covers these frames; #54's 10.764 still applies","no adjacent frame in band"
"upper","bcc03007",72839,153,35000,1,"no logbook page covers these frames; #54's 10.764 still applies","no adjacent frame in band"
"upper","bcc03007",72941,153,35000,1,"no logbook page covers these frames; #54's 10.764 still applies","no adjacent frame in band"
"upper","bcc03007",72942,153,35000,2,"no logbook page covers these frames; #54's 10.764 still applies","no adjacent frame in band"
"upper","bcc03007",72943,153,35000,1,"no logbook page covers these frames; #54's 10.764 still applies","no adjacent frame in band"
"upper","bcc03007",72944,153,35000,2,"no logbook page covers these frames; #54's 10.764 still applies","no adjacent frame in band"
"upper","bcc03007",72945,153,35000,2,"no logbook page covers these frames; #54's 10.764 still applies","no adjacent frame in band"
"upper","bcc03007",72946,153,35000,3,"no logbook page covers these frames; #54's 10.764 still applies","no adjacent frame in band"
"upper","bcc03007",72948,153,35000,3,"no logbook page covers these frames; #54's 10.764 still applies","no adjacent frame in band"
"upper","bcc03007",72949,153,35000,1,"no logbook page covers these frames; #54's 10.764 still applies","no adjacent frame in band"
"upper","bcc03007",72991,153,35000,3,"no logbook page covers these frames; #54's 10.764 still applies","no adjacent frame in band"
"upper","bcc03007",72992,153,35000,3,"no logbook page covers these frames; #54's 10.764 still applies","no adjacent frame in band"
"upper","bcc03007",72994,153,35000,1,"no logbook page covers these frames; #54's 10.764 still applies","no adjacent frame in band"
"upper","bcc03007",72997,153,35000,2,"no logbook page covers these frames; #54's 10.764 still applies","no adjacent frame in band"
"upper","bcc03007",72998,153,35000,1,"no logbook page covers these frames; #54's 10.764 still applies","no adjacent frame in band"
"upper","bcc03007",72999,153,35000,1,"no logbook page covers these frames; #54's 10.764 still applies","no adjacent frame in band"
"upper","bcc03007",73130,153,35000,1,"no logbook page covers these frames; #54's 10.764 still applies","no adjacent frame in band"
"upper","bcc03007",73131,153,35000,2,"no logbook page covers these frames; #54's 10.764 still applies","no adjacent frame in band"
"upper","bcc03007",73133,153,35000,2,"no logbook page covers these frames; #54's 10.764 still applies","no adjacent frame in band"
"upper","bcc03007",73134,153,35000,8,"no logbook page covers these frames; #54's 10.764 still applies","no adjacent frame in band"
"upper","bcc03007",73135,153,35000,1,"no logbook page covers these frames; #54's 10.764 still applies","no adjacent frame in band"
"upper","bcc03007",73136,153,35000,4,"no logbook page covers these frames; #54's 10.764 still applies","no adjacent frame in band"
"upper","bcc03007",73137,153,35000,2,"no logbook page covers these frames; #54's 10.764 still applies","no adjacent frame in band"
"upper","bcc03007",73138,153,35000,4,"no logbook page covers these frames; #54's 10.764 still applies","no adjacent frame in band"
"upper","bcc03007",73139,153,35000,2,"no logbook page covers these frames; #54's 10.764 still applies","no adjacent frame in band"
"upper","bcc03007",73190,153,35000,3,"no logbook page covers these frames; #54's 10.764 still applies","no adjacent frame in band"
"upper","bcc03007",73191,153,35000,2,"no logbook page covers these frames; #54's 10.764 still applies","no adjacent frame in band"
"upper","bcc03007",73194,153,35000,1,"no logbook page covers these frames; #54's 10.764 still applies","no adjacent frame in band"
"upper","bcc03007",73195,153,35000,3,"no logbook page covers these frames; #54's 10.764 still applies","no adjacent frame in band"
"upper","bcc03007",73196,153,35000,1,"no logbook page covers these frames; #54's 10.764 still applies","no adjacent frame in band"
"upper","bcc03007",73197,153,35000,1,"no logbook page covers these frames; #54's 10.764 still applies","no adjacent frame in band"
"upper","bcc03007",73198,153,35000,2,"no logbook page covers these frames; #54's 10.764 still applies","no adjacent frame in band"
"upper","bcc03007",73199,153,35000,2,"no logbook page covers these frames; #54's 10.764 still applies","no adjacent frame in band"
"upper","bcc03007",73210,153,35000,7,"no logbook page covers these frames; #54's 10.764 still applies","no adjacent frame in band"
"upper","bcc03007",73212,153,35000,5,"no logbook page covers these frames; #54's 10.764 still applies","no adjacent frame in band"
"upper","bcc03007",73213,153,35000,1,"no logbook page covers these frames; #54's 10.764 still applies","no adjacent frame in band"
"upper","bcc03007",73215,153,35000,1,"no logbook page covers these frames; #54's 10.764 still applies","no adjacent frame in band"
"upper","bcc03007",73216,153,35000,2,"no logbook page covers these frames; #54's 10.764 still applies","no adjacent frame in band"
"upper","bcc03007",73217,153,35000,1,"no logbook page covers these frames; #54's 10.764 still applies","no adjacent frame in band"
"upper","bcc03007",73218,153,35000,4,"no logbook page covers these frames; #54's 10.764 still applies","no adjacent frame in band"
"upper","bcc03007",73219,153,35000,2,"no logbook page covers these frames; #54's 10.764 still applies","no adjacent frame in band"
"upper","bcc03007",73310,153,35000,3,"no logbook page covers these frames; #54's 10.764 still applies","no adjacent frame in band"
"upper","bcc03007",73311,153,35000,1,"no logbook page covers these frames; #54's 10.764 still applies","no adjacent frame in band"
"upper","bcc03007",73312,153,35000,2,"no logbook page covers these frames; #54's 10.764 still applies","no adjacent frame in band"
"upper","bcc03007",73313,153,35000,2,"no logbook page covers these frames; #54's 10.764 still applies","no adjacent frame in band"
"upper","bcc03007",73314,153,35000,1,"no logbook page covers these frames; #54's 10.764 still applies","no adjacent frame in band"
"upper","bcc03007",73315,153,35000,2,"no logbook page covers these frames; #54's 10.764 still applies","no adjacent frame in band"
"upper","bcc03007",73316,153,35000,2,"no logbook page covers these frames; #54's 10.764 still applies","no adjacent frame in band"
"upper","bcc03007",73317,153,35000,4,"no logbook page covers these frames; #54's 10.764 still applies","no adjacent frame in band"
"upper","bcc03007",73318,153,35000,4,"no logbook page covers these frames; #54's 10.764 still applies","no adjacent frame in band"
"upper","bcc03007",73319,153,35000,2,"no logbook page covers these frames; #54's 10.764 still applies","no adjacent frame in band"
"upper","bcc03007",73330,153,35000,3,"no logbook page covers these frames; #54's 10.764 still applies","no adjacent frame in band"
"upper","bcc03007",73331,153,35000,2,"no logbook page covers these frames; #54's 10.764 still applies","no adjacent frame in band"
"upper","bcc03007",73332,153,35000,6,"no logbook page covers these frames; #54's 10.764 still applies","no adjacent frame in band"
"upper","bcc03007",73333,153,35000,3,"no logbook page covers these frames; #54's 10.764 still applies","no adjacent frame in band"
"upper","bcc03007",73334,153,35000,5,"no logbook page covers these frames; #54's 10.764 still applies","no adjacent frame in band"
"upper","bcc03007",73335,153,35000,4,"no logbook page covers these frames; #54's 10.764 still applies","no adjacent frame in band"
"upper","bcc03007",73336,153,35000,1,"no logbook page covers these frames; #54's 10.764 still applies","no adjacent frame in band"
"upper","bcc03007",73337,153,35000,1,"no logbook page covers these frames; #54's 10.764 still applies","no adjacent frame in band"
"upper","bcc03007",73339,153,35000,2,"no logbook page covers these frames; #54's 10.764 still applies","no adjacent frame in band"
"upper","bcc03007",74940,153,35000,2,"no logbook page covers these frames; #54's 10.764 still applies","no adjacent frame in band"
"upper","bcc03007",74941,153,35000,4,"no logbook page covers these frames; #54's 10.764 still applies","no adjacent frame in band"
"upper","bcc03007",74942,153,35000,1,"no logbook page covers these frames; #54's 10.764 still applies","no adjacent frame in band"
"upper","bcc03007",74943,153,35000,1,"no logbook page covers these frames; #54's 10.764 still applies","no adjacent frame in band"
"upper","bcc03007",74944,153,35000,3,"no logbook page covers these frames; #54's 10.764 still applies","no adjacent frame in band"
"upper","bcc03007",74945,153,35000,3,"no logbook page covers these frames; #54's 10.764 still applies","no adjacent frame in band"
"upper","bcc03007",74946,153,35000,4,"no logbook page covers these frames; #54's 10.764 still applies","no adjacent frame in band"
"upper","bcc03007",74947,153,35000,3,"no logbook page covers these frames; #54's 10.764 still applies","no adjacent frame in band"
"upper","bcc03007",74948,153,35000,3,"no logbook page covers these frames; #54's 10.764 still applies","no adjacent frame in band"
"upper","bcc03007",74949,153,35000,3,"no logbook page covers these frames; #54's 10.764 still applies","no adjacent frame in band"
"upper","bcc03008",72130,153,35000,3,"no logbook page covers these frames; #54's 10.764 still applies","no adjacent frame in band"
"upper","bcc03008",72131,153,35000,4,"no logbook page covers these frames; #54's 10.764 still applies","no adjacent frame in band"
"upper","bcc03008",72133,153,35000,2,"no logbook page covers these frames; #54's 10.764 still applies","no adjacent frame in band"
"upper","bcc03008",72134,153,35000,2,"no logbook page covers these frames; #54's 10.764 still applies","no adjacent frame in band"
"upper","bcc03008",72135,153,35000,2,"no logbook page covers these frames; #54's 10.764 still applies","no adjacent frame in band"
"upper","bcc03008",72136,153,35000,2,"no logbook page covers these frames; #54's 10.764 still applies","no adjacent frame in band"
"upper","bcc03008",72137,153,35000,2,"no logbook page covers these frames; #54's 10.764 still applies","no adjacent frame in band"
"upper","bcc03008",72138,153,35000,2,"no logbook page covers these frames; #54's 10.764 still applies","no adjacent frame in band"
"upper","bcc03008",72139,153,35000,4,"no logbook page covers these frames; #54's 10.764 still applies","no adjacent frame in band"
"upper","bcc03008",72860,153,35000,3,"no logbook page covers these frames; #54's 10.764 still applies","no adjacent frame in band"
"upper","bcc03008",72861,153,35000,3,"no logbook page covers these frames; #54's 10.764 still applies","no adjacent frame in band"
"upper","bcc03008",72865,153,35000,1,"no logbook page covers these frames; #54's 10.764 still applies","no adjacent frame in band"
"upper","bcc03008",72867,153,35000,5,"no logbook page covers these frames; #54's 10.764 still applies","no adjacent frame in band"
"upper","bcc03008",72868,153,35000,1,"no logbook page covers these frames; #54's 10.764 still applies","no adjacent frame in band"
"upper","bcc03008",72869,153,35000,2,"no logbook page covers these frames; #54's 10.764 still applies","no adjacent frame in band"
"upper","bcc03008",72990,153,35000,3,"no logbook page covers these frames; #54's 10.764 still applies","no adjacent frame in band"
"upper","bcc03008",72991,153,35000,4,"no logbook page covers these frames; #54's 10.764 still applies","no adjacent frame in band"
"upper","bcc03008",72992,153,35000,2,"no logbook page covers these frames; #54's 10.764 still applies","no adjacent frame in band"
"upper","bcc03008",72994,153,35000,2,"no logbook page covers these frames; #54's 10.764 still applies","no adjacent frame in band"
"upper","bcc03008",72995,153,35000,2,"no logbook page covers these frames; #54's 10.764 still applies","no adjacent frame in band"
"upper","bcc03008",72997,153,35000,1,"no logbook page covers these frames; #54's 10.764 still applies","no adjacent frame in band"
"upper","bcc03008",72999,153,35000,1,"no logbook page covers these frames; #54's 10.764 still applies","no adjacent frame in band"
"upper","bcc03008",73010,153,35000,1,"no logbook page covers these frames; #54's 10.764 still applies","no adjacent frame in band"
"upper","bcc03008",73012,153,35000,2,"no logbook page covers these frames; #54's 10.764 still applies","no adjacent frame in band"
"upper","bcc03008",73013,153,35000,2,"no logbook page covers these frames; #54's 10.764 still applies","no adjacent frame in band"
"upper","bcc03008",73014,153,35000,2,"no logbook page covers these frames; #54's 10.764 still applies","no adjacent frame in band"
"upper","bcc03008",73017,153,35000,2,"no logbook page covers these frames; #54's 10.764 still applies","no adjacent frame in band"
"upper","bcc03008",73018,153,35000,1,"no logbook page covers these frames; #54's 10.764 still applies","no adjacent frame in band"
"upper","bcc03008",73019,153,35000,1,"no logbook page covers these frames; #54's 10.764 still applies","no adjacent frame in band"
"upper","bcc03008",73060,153,35000,1,"no logbook page covers these frames; #54's 10.764 still applies","no adjacent frame in band"
"upper","bcc03008",73061,153,35000,1,"no logbook page covers these frames; #54's 10.764 still applies","no adjacent frame in band"
"upper","bcc03008",73062,153,35000,1,"no logbook page covers these frames; #54's 10.764 still applies","no adjacent frame in band"
"upper","bcc03008",73063,153,35000,3,"no logbook page covers these frames; #54's 10.764 still applies","no adjacent frame in band"
"upper","bcc03008",73064,153,35000,1,"no logbook page covers these frames; #54's 10.764 still applies","no adjacent frame in band"
"upper","bcc03008",73065,153,35000,2,"no logbook page covers these frames; #54's 10.764 still applies","no adjacent frame in band"
"upper","bcc03008",73066,153,35000,1,"no logbook page covers these frames; #54's 10.764 still applies","no adjacent frame in band"
"upper","bcc03008",73067,153,35000,2,"no logbook page covers these frames; #54's 10.764 still applies","no adjacent frame in band"
"upper","bcc03008",73068,153,35000,1,"no logbook page covers these frames; #54's 10.764 still applies","no adjacent frame in band"
"upper","bcc03008",73069,153,35000,2,"no logbook page covers these frames; #54's 10.764 still applies","no adjacent frame in band"
"upper","bcc03008",74121,153,35000,3,"no logbook page covers these frames; #54's 10.764 still applies","no adjacent frame in band"
"upper","bcc03008",74122,153,35000,3,"no logbook page covers these frames; #54's 10.764 still applies","no adjacent frame in band"
"upper","bcc03008",74123,153,35000,2,"no logbook page covers these frames; #54's 10.764 still applies","no adjacent frame in band"
"upper","bcc03008",74124,153,35000,1,"no logbook page covers these frames; #54's 10.764 still applies","no adjacent frame in band"
"upper","bcc03008",74128,153,35000,2,"no logbook page covers these frames; #54's 10.764 still applies","no adjacent frame in band"
"upper","bcc03008",74363,153,35000,2,"no logbook page covers these frames; #54's 10.764 still applies","no adjacent frame in band"
"upper","bcc03008",74365,153,35000,1,"no logbook page covers these frames; #54's 10.764 still applies","no adjacent frame in band"
"upper","bcc03008",74366,153,35000,2,"no logbook page covers these frames; #54's 10.764 still applies","no adjacent frame in band"
"upper","bcc03008",74367,153,35000,3,"no logbook page covers these frames; #54's 10.764 still applies","no adjacent frame in band"
"upper","bcc03008",74368,153,35000,1,"no logbook page covers these frames; #54's 10.764 still applies","no adjacent frame in band"
"upper","bcc03008",74369,153,35000,2,"no logbook page covers these frames; #54's 10.764 still applies","no adjacent frame in band"
"upper","bcc03008",74680,153,35000,2,"no logbook page covers these frames; #54's 10.764 still applies","no adjacent frame in band"
"upper","bcc03008",74683,153,35000,2,"no logbook page covers these frames; #54's 10.764 still applies","no adjacent frame in band"
"upper","bcc03008",74684,153,35000,1,"no logbook page covers these frames; #54's 10.764 still applies","no adjacent frame in band"
"upper","bcc03008",74685,153,35000,2,"no logbook page covers these frames; #54's 10.764 still applies","no adjacent frame in band"
"upper","bcc03008",74686,153,35000,1,"no logbook page covers these frames; #54's 10.764 still applies","no adjacent frame in band"
"upper","bcc03008",74688,153,35000,2,"no logbook page covers these frames; #54's 10.764 still applies","no adjacent frame in band"
"upper","bcc03008",74689,153,35000,1,"no logbook page covers these frames; #54's 10.764 still applies","no adjacent frame in band"
"upper","bcc03008",74990,153,35000,5,"no logbook page covers these frames; #54's 10.764 still applies","no adjacent frame in band"
"upper","bcc03008",74991,153,35000,3,"no logbook page covers these frames; #54's 10.764 still applies","no adjacent frame in band"
"upper","bcc03008",74992,153,35000,2,"no logbook page covers these frames; #54's 10.764 still applies","no adjacent frame in band"
"upper","bcc03008",74993,153,35000,2,"no logbook page covers these frames; #54's 10.764 still applies","no adjacent frame in band"
"upper","bcc03008",74994,153,35000,3,"no logbook page covers these frames; #54's 10.764 still applies","no adjacent frame in band"
"upper","bcc03008",74996,153,35000,3,"no logbook page covers these frames; #54's 10.764 still applies","no adjacent frame in band"
"upper","bcc03008",74997,153,35000,1,"no logbook page covers these frames; #54's 10.764 still applies","no adjacent frame in band"
"upper","bcc03008",74998,153,35000,3,"no logbook page covers these frames; #54's 10.764 still applies","no adjacent frame in band"
"upper","bcc03008",74999,153,35000,1,"no logbook page covers these frames; #54's 10.764 still applies","no adjacent frame in band"
"upper","bcc03008",78010,153,35000,1,"no logbook page covers these frames; #54's 10.764 still applies","no adjacent frame in band"
"upper","bcc03008",78011,153,35000,1,"no logbook page covers these frames; #54's 10.764 still applies","no adjacent frame in band"
"upper","bcc03008",78012,153,35000,1,"no logbook page covers these frames; #54's 10.764 still applies","no adjacent frame in band"
"upper","bcc03008",78013,153,35000,1,"no logbook page covers these frames; #54's 10.764 still applies","no adjacent frame in band"
"upper","bcc03008",78015,153,35000,1,"no logbook page covers these frames; #54's 10.764 still applies","no adjacent frame in band"
"upper","bcc03008",78017,153,35000,1,"no logbook page covers these frames; #54's 10.764 still applies","no adjacent frame in band"
"upper","bcc03008",78019,153,35000,1,"no logbook page covers these frames; #54's 10.764 still applies","no adjacent frame in band"
"upper","bcc03008",78030,153,35000,1,"no logbook page covers these frames; #54's 10.764 still applies","no adjacent frame in band"
"upper","bcc03008",78032,153,35000,2,"no logbook page covers these frames; #54's 10.764 still applies","no adjacent frame in band"
"upper","bcc03008",78033,153,35000,4,"no logbook page covers these frames; #54's 10.764 still applies","no adjacent frame in band"
"upper","bcc03008",78035,153,35000,2,"no logbook page covers these frames; #54's 10.764 still applies","no adjacent frame in band"
"upper","bcc03008",78036,153,35000,3,"no logbook page covers these frames; #54's 10.764 still applies","no adjacent frame in band"
"upper","bcc03008",78037,153,35000,1,"no logbook page covers these frames; #54's 10.764 still applies","no adjacent frame in band"
"upper","bcc03008",78038,153,35000,2,"no logbook page covers these frames; #54's 10.764 still applies","no adjacent frame in band"
"upper","bcc03008",78210,153,35000,2,"no logbook page covers these frames; #54's 10.764 still applies","no adjacent frame in band"
"upper","bcc03008",78211,153,35000,1,"no logbook page covers these frames; #54's 10.764 still applies","no adjacent frame in band"
"upper","bcc03008",78212,153,35000,2,"no logbook page covers these frames; #54's 10.764 still applies","no adjacent frame in band"
"upper","bcc03008",78213,153,35000,3,"no logbook page covers these frames; #54's 10.764 still applies","no adjacent frame in band"
"upper","bcc03008",78215,153,35000,3,"no logbook page covers these frames; #54's 10.764 still applies","no adjacent frame in band"
"upper","bcc03008",78217,153,35000,1,"no logbook page covers these frames; #54's 10.764 still applies","no adjacent frame in band"
"upper","bcc03008",78218,153,35000,2,"no logbook page covers these frames; #54's 10.764 still applies","no adjacent frame in band"
"upper","bcc03008",78219,153,35000,1,"no logbook page covers these frames; #54's 10.764 still applies","no adjacent frame in band"
"upper","bcc03008",79792,153,35000,2,"no logbook page covers these frames; #54's 10.764 still applies","no adjacent frame in band"
"upper","bcc03008",79793,153,35000,1,"no logbook page covers these frames; #54's 10.764 still applies","no adjacent frame in band"
"upper","bcc03008",79796,153,35000,2,"no logbook page covers these frames; #54's 10.764 still applies","no adjacent frame in band"
"upper","bcc03008",79798,153,35000,1,"no logbook page covers these frames; #54's 10.764 still applies","no adjacent frame in band"
"upper","bcc03008",79799,153,35000,1,"no logbook page covers these frames; #54's 10.764 still applies","no adjacent frame in band"
"upper","bcc03046",70881,153,30000,1,"no logbook page covers these frames; #54's 10.764 still applies","no adjacent frame in band"
"upper","bcc03046",70882,153,30000,2,"no logbook page covers these frames; #54's 10.764 still applies","no adjacent frame in band"
"upper","bcc03046",70885,153,30000,2,"no logbook page covers these frames; #54's 10.764 still applies","no adjacent frame in band"
"upper","bcc03046",70886,153,30000,1,"no logbook page covers these frames; #54's 10.764 still applies","no adjacent frame in band"
"upper","bcc03046",70888,153,30000,1,"no logbook page covers these frames; #54's 10.764 still applies","no adjacent frame in band"
"upper","bcc03046",70980,153,30000,1,"no logbook page covers these frames; #54's 10.764 still applies","no adjacent frame in band"
"upper","bcc03046",70982,153,30000,3,"no logbook page covers these frames; #54's 10.764 still applies","no adjacent frame in band"
"upper","bcc03046",70983,153,30000,1,"no logbook page covers these frames; #54's 10.764 still applies","no adjacent frame in band"
"upper","bcc03046",70988,153,30000,1,"no logbook page covers these frames; #54's 10.764 still applies","no adjacent frame in band"
"upper","bcc03046",70989,153,30000,1,"no logbook page covers these frames; #54's 10.764 still applies","no adjacent frame in band"
"upper","bcc03046",71090,153,30000,2,"no logbook page covers these frames; #54's 10.764 still applies","no adjacent frame in band"
"upper","bcc03046",71091,153,30000,2,"no logbook page covers these frames; #54's 10.764 still applies","no adjacent frame in band"
"upper","bcc03046",71092,153,30000,1,"no logbook page covers these frames; #54's 10.764 still applies","no adjacent frame in band"
"upper","bcc03046",71093,153,30000,2,"no logbook page covers these frames; #54's 10.764 still applies","no adjacent frame in band"
"upper","bcc03046",71094,153,30000,3,"no logbook page covers these frames; #54's 10.764 still applies","no adjacent frame in band"
"upper","bcc03046",71095,153,30000,4,"no logbook page covers these frames; #54's 10.764 still applies","no adjacent frame in band"
"upper","bcc03046",71096,153,30000,1,"no logbook page covers these frames; #54's 10.764 still applies","no adjacent frame in band"
"upper","bcc03046",71098,153,30000,3,"no logbook page covers these frames; #54's 10.764 still applies","no adjacent frame in band"
"upper","bcc03046",71099,153,30000,4,"no logbook page covers these frames; #54's 10.764 still applies","no adjacent frame in band"
"upper","bcc03046",71121,153,30000,2,"no logbook page covers these frames; #54's 10.764 still applies","no adjacent frame in band"
"upper","bcc03046",71123,153,30000,1,"no logbook page covers these frames; #54's 10.764 still applies","no adjacent frame in band"
"upper","bcc03046",71126,153,30000,3,"no logbook page covers these frames; #54's 10.764 still applies","no adjacent frame in band"
"upper","bcc03046",71128,153,30000,1,"no logbook page covers these frames; #54's 10.764 still applies","no adjacent frame in band"
"upper","bcc03046",71550,153,30000,1,"no logbook page covers these frames; #54's 10.764 still applies","no adjacent frame in band"
"upper","bcc03046",71551,153,30000,2,"no logbook page covers these frames; #54's 10.764 still applies","no adjacent frame in band"
"upper","bcc03046",71552,153,30000,3,"no logbook page covers these frames; #54's 10.764 still applies","no adjacent frame in band"
"upper","bcc03046",71553,153,30000,1,"no logbook page covers these frames; #54's 10.764 still applies","no adjacent frame in band"
"upper","bcc03046",71554,153,30000,5,"no logbook page covers these frames; #54's 10.764 still applies","no adjacent frame in band"
"upper","bcc03046",71555,153,30000,2,"no logbook page covers these frames; #54's 10.764 still applies","no adjacent frame in band"
"upper","bcc03046",71556,153,30000,5,"no logbook page covers these frames; #54's 10.764 still applies","no adjacent frame in band"
"upper","bcc03046",71557,153,30000,5,"no logbook page covers these frames; #54's 10.764 still applies","no adjacent frame in band"
"upper","bcc03046",71558,153,30000,4,"no logbook page covers these frames; #54's 10.764 still applies","no adjacent frame in band"
"upper","bcc03046",71559,153,30000,4,"no logbook page covers these frames; #54's 10.764 still applies","no adjacent frame in band"
"upper","bcc03046",71650,153,30000,2,"no logbook page covers these frames; #54's 10.764 still applies","no adjacent frame in band"
"upper","bcc03046",71651,153,30000,3,"no logbook page covers these frames; #54's 10.764 still applies","no adjacent frame in band"
"upper","bcc03046",71652,153,30000,3,"no logbook page covers these frames; #54's 10.764 still applies","no adjacent frame in band"
"upper","bcc03046",71653,153,30000,4,"no logbook page covers these frames; #54's 10.764 still applies","no adjacent frame in band"
"upper","bcc03046",71654,153,30000,1,"no logbook page covers these frames; #54's 10.764 still applies","no adjacent frame in band"
"upper","bcc03046",71655,153,30000,2,"no logbook page covers these frames; #54's 10.764 still applies","no adjacent frame in band"
"upper","bcc03046",71656,153,30000,4,"no logbook page covers these frames; #54's 10.764 still applies","no adjacent frame in band"
"upper","bcc03046",71657,153,30000,5,"no logbook page covers these frames; #54's 10.764 still applies","no adjacent frame in band"
"upper","bcc03046",71658,153,30000,3,"no logbook page covers these frames; #54's 10.764 still applies","no adjacent frame in band"
"upper","bcc03046",71659,153,30000,5,"no logbook page covers these frames; #54's 10.764 still applies","no adjacent frame in band"
"upper","bcc03046",71670,153,30000,1,"no logbook page covers these frames; #54's 10.764 still applies","no adjacent frame in band"
"upper","bcc03046",71671,153,30000,3,"no logbook page covers these frames; #54's 10.764 still applies","no adjacent frame in band"
"upper","bcc03046",71672,153,30000,3,"no logbook page covers these frames; #54's 10.764 still applies","no adjacent frame in band"
"upper","bcc03046",71673,153,30000,1,"no logbook page covers these frames; #54's 10.764 still applies","no adjacent frame in band"
"upper","bcc03046",71674,153,30000,1,"no logbook page covers these frames; #54's 10.764 still applies","no adjacent frame in band"
"upper","bcc03046",71675,153,30000,2,"no logbook page covers these frames; #54's 10.764 still applies","no adjacent frame in band"
"upper","bcc03046",71676,153,30000,3,"no logbook page covers these frames; #54's 10.764 still applies","no adjacent frame in band"
"upper","bcc03046",71677,153,30000,1,"no logbook page covers these frames; #54's 10.764 still applies","no adjacent frame in band"
"upper","bcc03046",71678,153,30000,1,"no logbook page covers these frames; #54's 10.764 still applies","no adjacent frame in band"
"upper","bcc03046",71679,153,30000,1,"no logbook page covers these frames; #54's 10.764 still applies","no adjacent frame in band"
"upper","bcc03046",71690,153,30000,3,"no logbook page covers these frames; #54's 10.764 still applies","no adjacent frame in band"
"upper","bcc03046",71691,153,30000,3,"no logbook page covers these frames; #54's 10.764 still applies","no adjacent frame in band"
"upper","bcc03046",71692,153,30000,2,"no logbook page covers these frames; #54's 10.764 still applies","no adjacent frame in band"
"upper","bcc03046",71693,153,30000,1,"no logbook page covers these frames; #54's 10.764 still applies","no adjacent frame in band"
"upper","bcc03046",71694,153,30000,3,"no logbook page covers these frames; #54's 10.764 still applies","no adjacent frame in band"
"upper","bcc03046",71695,153,30000,3,"no logbook page covers these frames; #54's 10.764 still applies","no adjacent frame in band"
"upper","bcc03046",71696,153,30000,2,"no logbook page covers these frames; #54's 10.764 still applies","no adjacent frame in band"
"upper","bcc03046",71697,153,30000,1,"no logbook page covers these frames; #54's 10.764 still applies","no adjacent frame in band"
"upper","bcc03046",71698,153,30000,2,"no logbook page covers these frames; #54's 10.764 still applies","no adjacent frame in band"
"upper","bcc03046",71699,153,30000,2,"no logbook page covers these frames; #54's 10.764 still applies","no adjacent frame in band"
"upper","bcc03046",71720,153,30000,1,"no logbook page covers these frames; #54's 10.764 still applies","no adjacent frame in band"
"upper","bcc03046",71721,153,30000,1,"no logbook page covers these frames; #54's 10.764 still applies","no adjacent frame in band"
"upper","bcc03046",71722,153,30000,1,"no logbook page covers these frames; #54's 10.764 still applies","no adjacent frame in band"
"upper","bcc03046",71723,153,30000,2,"no logbook page covers these frames; #54's 10.764 still applies","no adjacent frame in band"
"upper","bcc03046",71724,153,30000,1,"no logbook page covers these frames; #54's 10.764 still applies","no adjacent frame in band"
"upper","bcc03046",71725,153,30000,2,"no logbook page covers these frames; #54's 10.764 still applies","no adjacent frame in band"
"upper","bcc03046",71726,153,30000,3,"no logbook page covers these frames; #54's 10.764 still applies","no adjacent frame in band"
"upper","bcc03046",71728,153,30000,2,"no logbook page covers these frames; #54's 10.764 still applies","no adjacent frame in band"
"upper","bcc03046",71729,153,30000,1,"no logbook page covers these frames; #54's 10.764 still applies","no adjacent frame in band"
"upper","bcc03046",71732,153,30000,1,"no logbook page covers these frames; #54's 10.764 still applies","no adjacent frame in band"
"upper","bcc03046",71733,153,30000,1,"no logbook page covers these frames; #54's 10.764 still applies","no adjacent frame in band"
"upper","bcc03046",71734,153,30000,5,"no logbook page covers these frames; #54's 10.764 still applies","no adjacent frame in band"
"upper","bcc03046",71736,153,30000,3,"no logbook page covers these frames; #54's 10.764 still applies","no adjacent frame in band"
"upper","bcc03046",71737,153,30000,4,"no logbook page covers these frames; #54's 10.764 still applies","no adjacent frame in band"
"upper","bcc03046",71738,153,30000,2,"no logbook page covers these frames; #54's 10.764 still applies","no adjacent frame in band"
"upper","bcc03046",71739,153,30000,1,"no logbook page covers these frames; #54's 10.764 still applies","no adjacent frame in band"
"upper","bcc03046",71780,153,30000,3,"no logbook page covers these frames; #54's 10.764 still applies","no adjacent frame in band"
"upper","bcc03046",71781,153,30000,2,"no logbook page covers these frames; #54's 10.764 still applies","no adjacent frame in band"
"upper","bcc03046",71782,153,30000,4,"no logbook page covers these frames; #54's 10.764 still applies","no adjacent frame in band"
"upper","bcc03046",71783,153,30000,3,"no logbook page covers these frames; #54's 10.764 still applies","no adjacent frame in band"
"upper","bcc03046",71785,153,30000,1,"no logbook page covers these frames; #54's 10.764 still applies","no adjacent frame in band"
"upper","bcc03046",71786,153,30000,4,"no logbook page covers these frames; #54's 10.764 still applies","no adjacent frame in band"
"upper","bcc03046",71787,153,30000,5,"no logbook page covers these frames; #54's 10.764 still applies","no adjacent frame in band"
"upper","bcc03046",71788,153,30000,4,"no logbook page covers these frames; #54's 10.764 still applies","no adjacent frame in band"
"upper","bcc03046",71789,153,30000,6,"no logbook page covers these frames; #54's 10.764 still applies","no adjacent frame in band"
"upper","bcc03046",71800,153,30000,2,"no logbook page covers these frames; #54's 10.764 still applies","no adjacent frame in band"
"upper","bcc03046",71802,153,30000,2,"no logbook page covers these frames; #54's 10.764 still applies","no adjacent frame in band"
"upper","bcc03046",71803,153,30000,1,"no logbook page covers these frames; #54's 10.764 still applies","no adjacent frame in band"
"upper","bcc03046",71804,153,30000,1,"no logbook page covers these frames; #54's 10.764 still applies","no adjacent frame in band"
"upper","bcc03046",71805,153,30000,3,"no logbook page covers these frames; #54's 10.764 still applies","no adjacent frame in band"
"upper","bcc03046",71806,153,30000,1,"no logbook page covers these frames; #54's 10.764 still applies","no adjacent frame in band"
"upper","bcc03046",71807,153,30000,1,"no logbook page covers these frames; #54's 10.764 still applies","no adjacent frame in band"
"upper","bcc03046",71808,153,30000,1,"no logbook page covers these frames; #54's 10.764 still applies","no adjacent frame in band"
"upper","bcc03046",71840,153,30000,3,"no logbook page covers these frames; #54's 10.764 still applies","no adjacent frame in band"
"upper","bcc03046",71841,153,30000,1,"no logbook page covers these frames; #54's 10.764 still applies","no adjacent frame in band"
"upper","bcc03046",71842,153,30000,1,"no logbook page covers these frames; #54's 10.764 still applies","no adjacent frame in band"
"upper","bcc03046",71843,153,30000,2,"no logbook page covers these frames; #54's 10.764 still applies","no adjacent frame in band"
"upper","bcc03046",71844,153,30000,1,"no logbook page covers these frames; #54's 10.764 still applies","no adjacent frame in band"
"upper","bcc03046",71846,153,30000,2,"no logbook page covers these frames; #54's 10.764 still applies","no adjacent frame in band"
"upper","bcc03046",71848,153,30000,1,"no logbook page covers these frames; #54's 10.764 still applies","no adjacent frame in band"
"upper","bcc03046",71849,153,30000,2,"no logbook page covers these frames; #54's 10.764 still applies","no adjacent frame in band"
"upper","bcc05001",62500,153,30000,106,"no logbook page covers these frames; #54's 10.764 still applies","no adjacent frame in band"
"upper","bcc05001",64000,153,30000,32,"no logbook page covers these frames; #54's 10.764 still applies","no adjacent frame in band"
"upper","bcc05001",64020,153,30000,28,"no logbook page covers these frames; #54's 10.764 still applies","no adjacent frame in band"
"upper","bcc05001",65550,153,30000,25,"no logbook page covers these frames; #54's 10.764 still applies","no adjacent frame in band"
"upper","bcc05001",67070,153,30000,26,"no logbook page covers these frames; #54's 10.764 still applies","no adjacent frame in band"
