"airp_id","film_roll","frame_number","media","photo_year","scale_n","focal_length","flying_height","elev","base","dup_key","height_class"
1518662,"bc5312",1,"Film - BW IR",1968,30000,153,5791,1260.9,2351.9,FALSE,"reported"
1518663,"bc5312",2,"Film - BW IR",1968,30000,153,5791,1299.9,2351.9,FALSE,"reported"
1518664,"bc5312",3,"Film - BW IR",1968,30000,153,5791,1359.9,2351.8,FALSE,"reported"
1518665,"bc5312",4,"Film - BW IR",1968,30000,153,5791,1424.6,2351.8,FALSE,"reported"
1518666,"bc5312",5,"Film - BW IR",1968,30000,153,5791,1437,2351.6,FALSE,"reported"
1518667,"bc5312",6,"Film - BW IR",1968,30000,153,5791,1437.5,2351.6,FALSE,"reported"
1518668,"bc5312",7,"Film - BW IR",1968,30000,153,5791,1407.8,2351.5,FALSE,"reported"
1518669,"bc5312",8,"Film - BW IR",1968,30000,153,5791,1363.5,2351.5,FALSE,"reported"
1518670,"bc5312",9,"Film - BW IR",1968,30000,153,5791,1312.6,2351.4,FALSE,"reported"
1518671,"bc5312",10,"Film - BW IR",1968,30000,153,5791,1264.1,2351.4,FALSE,"reported"
1518672,"bc5312",11,"Film - BW IR",1968,30000,153,5791,1212.3,2352.4,FALSE,"reported"
1518673,"bc5312",12,"Film - BW IR",1968,30000,153,5791,1413.7,2681.9,FALSE,"reported"
1518674,"bc5312",13,"Film - BW IR",1968,30000,153,5791,1368.3,2681.9,FALSE,"reported"
1518675,"bc5312",14,"Film - BW IR",1968,30000,153,5791,1356.9,2681.9,FALSE,"reported"
1518676,"bc5312",15,"Film - BW IR",1968,30000,153,5791,1416.7,2682.1,FALSE,"reported"
1518677,"bc5312",16,"Film - BW IR",1968,30000,153,5791,1528.3,2682.1,FALSE,"reported"
1518678,"bc5312",17,"Film - BW IR",1968,30000,153,5791,1582.4,2682.2,FALSE,"reported"
1518679,"bc5312",18,"Film - BW IR",1968,30000,153,5791,1583.4,2682.3,FALSE,"reported"
1518680,"bc5312",19,"Film - BW IR",1968,30000,153,5791,1463.3,2682.3,FALSE,"reported"
1518681,"bc5312",20,"Film - BW IR",1968,30000,153,5791,1367,2682.4,FALSE,"reported"
1518682,"bc5312",21,"Film - BW IR",1968,30000,153,5791,1359,2682.5,FALSE,"reported"
1518683,"bc5312",22,"Film - BW IR",1968,30000,153,5791,1441.5,2682.6,FALSE,"reported"
1518684,"bc5312",23,"Film - BW IR",1968,30000,153,5791,1441.1,2545.5,FALSE,"reported"
1518685,"bc5312",24,"Film - BW IR",1968,30000,153,5791,1346.9,2544.3,FALSE,"reported"
1518686,"bc5312",25,"Film - BW IR",1968,30000,153,5791,1390.9,2544.3,FALSE,"reported"
1518687,"bc5312",26,"Film - BW IR",1968,30000,153,5791,1517.4,2544.2,FALSE,"reported"
1518688,"bc5312",27,"Film - BW IR",1968,30000,153,5791,1603.5,2544.2,FALSE,"reported"
1518689,"bc5312",28,"Film - BW IR",1968,30000,153,5791,1629.1,2544,FALSE,"reported"
1518690,"bc5312",29,"Film - BW IR",1968,30000,153,5791,1583.1,2544,FALSE,"reported"
1518691,"bc5312",30,"Film - BW IR",1968,30000,153,5791,1499.9,2543.9,FALSE,"reported"
1518692,"bc5312",31,"Film - BW IR",1968,30000,153,5791,1360.2,2543.9,FALSE,"reported"
1518693,"bc5312",32,"Film - BW IR",1968,30000,153,5791,1263,2543.7,FALSE,"reported"
1518694,"bc5312",33,"Film - BW IR",1968,30000,153,5791,1270.2,2543.7,FALSE,"reported"
1518695,"bc5312",34,"Film - BW IR",1968,30000,153,5791,841.8,2579.2,FALSE,"reported"
1518696,"bc5312",35,"Film - BW IR",1968,30000,153,5791,881.3,2578.2,FALSE,"reported"
1518697,"bc5312",36,"Film - BW IR",1968,30000,153,5791,1056.7,2578.2,FALSE,"reported"
1518698,"bc5312",37,"Film - BW IR",1968,30000,153,5791,1257.2,2578.3,FALSE,"reported"
1518699,"bc5312",38,"Film - BW IR",1968,30000,153,5791,1506.6,2578.3,FALSE,"reported"
1518700,"bc5312",39,"Film - BW IR",1968,30000,153,5791,1599.3,2578.4,FALSE,"reported"
1518701,"bc5312",40,"Film - BW IR",1968,30000,153,5791,1623.1,2578.6,FALSE,"reported"
1518702,"bc5312",41,"Film - BW IR",1968,30000,153,5791,1615,2578.6,FALSE,"reported"
1518703,"bc5312",42,"Film - BW IR",1968,30000,153,5791,1622.7,2578.7,FALSE,"reported"
1518704,"bc5312",43,"Film - BW IR",1968,30000,153,5791,1561.5,2578.7,FALSE,"reported"
1518705,"bc5312",44,"Film - BW IR",1968,30000,153,5791,1475.7,2578.8,FALSE,"reported"
1518706,"bc5312",45,"Film - BW IR",1968,30000,153,5791,1388.1,2580,FALSE,"reported"
1518645,"bc5312",46,"Film - BW IR",1968,30000,153,3353,705.1,1471.7,FALSE,"outside_band"
1518646,"bc5312",47,"Film - BW IR",1968,30000,153,3353,766.3,1471.7,FALSE,"outside_band"
1518647,"bc5312",48,"Film - BW IR",1968,30000,153,3353,873.6,1471.7,FALSE,"outside_band"
1518648,"bc5312",49,"Film - BW IR",1968,30000,153,3353,976.8,1471.7,FALSE,"outside_band"
1518649,"bc5312",50,"Film - BW IR",1968,30000,153,3353,1072.7,1471.7,FALSE,"outside_band"
1518650,"bc5312",51,"Film - BW IR",1968,30000,153,3353,1085.7,1471.7,FALSE,"outside_band"
1518651,"bc5312",52,"Film - BW IR",1968,30000,153,3353,1252.1,1194,FALSE,"outside_band"
1518652,"bc5312",53,"Film - BW IR",1968,30000,153,3353,1302.1,1192.9,FALSE,"outside_band"
1518653,"bc5312",54,"Film - BW IR",1968,30000,153,3353,1319.2,1192.9,FALSE,"outside_band"
1518654,"bc5312",55,"Film - BW IR",1968,30000,153,3353,1339.3,1192.9,FALSE,"outside_band"
1518655,"bc5312",56,"Film - BW IR",1968,30000,153,3353,1354.6,1192.9,FALSE,"outside_band"
1518656,"bc5312",57,"Film - BW IR",1968,30000,153,3353,1195.3,1334.2,FALSE,"outside_band"
1518657,"bc5312",58,"Film - BW IR",1968,30000,153,3353,1192,1334.2,FALSE,"outside_band"
1518658,"bc5312",59,"Film - BW IR",1968,30000,153,3353,1185.2,1334.2,FALSE,"outside_band"
1518659,"bc5312",60,"Film - BW IR",1968,30000,153,3353,1179.8,1334.2,FALSE,"outside_band"
1518660,"bc5312",61,"Film - BW IR",1968,30000,153,3353,1168.4,1334.2,FALSE,"outside_band"
1518661,"bc5312",62,"Film - BW IR",1968,30000,153,3353,1152.4,1334.2,FALSE,"outside_band"
1518707,"bc5367",1,"Film - BW IR",1969,32000,153,5486,11.9,3313,FALSE,"reported"
1518708,"bc5367",2,"Film - BW IR",1969,32000,153,5486,23.5,3306.8,FALSE,"reported"
1518709,"bc5367",3,"Film - BW IR",1969,32000,153,5486,73.1,3306.8,FALSE,"reported"
1518710,"bc5367",4,"Film - BW IR",1969,32000,153,5486,151.2,3307.9,FALSE,"reported"
1518711,"bc5367",5,"Film - BW IR",1969,32000,153,5486,184.8,3308.8,FALSE,"reported"
1518712,"bc5367",6,"Film - BW IR",1969,32000,153,5486,180.7,3308.8,FALSE,"reported"
1518713,"bc5367",7,"Film - BW IR",1969,32000,153,5486,201,3309.4,FALSE,"reported"
1518714,"bc5367",8,"Film - BW IR",1969,32000,153,5486,184.9,3310.1,FALSE,"reported"
1518715,"bc5367",9,"Film - BW IR",1969,32000,153,5486,133.7,3317,FALSE,"reported"
1518716,"bc5367",10,"Film - BW IR",1969,32000,153,5486,93.8,3317,FALSE,"reported"
1518717,"bc5367",11,"Film - BW IR",1969,32000,153,5486,65.7,3317.7,FALSE,"reported"
1518718,"bc5367",12,"Film - BW IR",1969,32000,153,5486,136.8,3319,FALSE,"reported"
1518719,"bc5367",13,"Film - BW IR",1969,32000,153,5486,209.7,3319,FALSE,"reported"
1518720,"bc5367",14,"Film - BW IR",1969,32000,153,5486,237.1,3319.7,FALSE,"reported"
1518721,"bc5367",15,"Film - BW IR",1969,32000,153,5486,306.1,3321,FALSE,"reported"
1518722,"bc5367",16,"Film - BW IR",1969,32000,153,5486,367.1,3321,FALSE,"reported"
1518723,"bc5367",17,"Film - BW IR",1969,32000,153,5486,366.6,3321.6,FALSE,"reported"
1518724,"bc5367",18,"Film - BW IR",1969,32000,153,5486,365.2,3329.2,FALSE,"reported"
1518725,"bc5367",19,"Film - BW IR",1969,32000,153,5486,714.5,3178.1,FALSE,"reported"
1518726,"bc5367",20,"Film - BW IR",1969,32000,153,5486,688.8,3177.1,FALSE,"reported"
1518727,"bc5367",21,"Film - BW IR",1969,32000,153,5486,638.8,3176.9,FALSE,"reported"
1518728,"bc5367",22,"Film - BW IR",1969,32000,153,5486,512.3,3176.9,FALSE,"reported"
1518729,"bc5367",23,"Film - BW IR",1969,32000,153,5486,345.2,3175.6,FALSE,"reported"
1518730,"bc5367",24,"Film - BW IR",1969,32000,153,5486,218.9,3174.5,FALSE,"reported"
1518731,"bc5367",25,"Film - BW IR",1969,32000,153,5486,184.3,3174.3,FALSE,"reported"
1518732,"bc5367",26,"Film - BW IR",1969,32000,153,5486,217.6,3173.7,FALSE,"reported"
1518733,"bc5367",27,"Film - BW IR",1969,32000,153,5486,273.4,2859.2,FALSE,"reported"
1518734,"bc5367",28,"Film - BW IR",1969,32000,153,5486,420.6,2852.1,FALSE,"reported"
1518735,"bc5367",29,"Film - BW IR",1969,32000,153,5486,536.1,2851.3,FALSE,"reported"
1518736,"bc5367",30,"Film - BW IR",1969,32000,153,5486,501.4,2851.2,FALSE,"reported"
1518737,"bc5367",31,"Film - BW IR",1969,32000,153,5486,444.5,2851.2,FALSE,"reported"
1518738,"bc5367",32,"Film - BW IR",1969,32000,153,5486,461.6,2850.3,FALSE,"reported"
1518739,"bc5367",33,"Film - BW IR",1969,32000,153,5486,480.2,2849.8,FALSE,"reported"
1518740,"bc5367",34,"Film - BW IR",1969,32000,153,5486,362.3,2849.8,FALSE,"reported"
1518741,"bc5367",35,"Film - BW IR",1969,32000,153,5486,229.2,2848.9,FALSE,"reported"
1518742,"bc5367",36,"Film - BW IR",1969,32000,153,5486,83.5,2848,FALSE,"reported"
1518743,"bc5367",37,"Film - BW IR",1969,32000,153,5486,79.3,2848,FALSE,"reported"
1518744,"bc5367",38,"Film - BW IR",1969,32000,153,5486,105.1,3078.1,FALSE,"reported"
1518745,"bc5367",39,"Film - BW IR",1969,32000,153,5486,117.6,3072.3,FALSE,"reported"
1518746,"bc5367",40,"Film - BW IR",1969,32000,153,5486,331.2,3072.3,FALSE,"reported"
1518747,"bc5367",41,"Film - BW IR",1969,32000,153,5486,470.7,3079.3,FALSE,"reported"
1518748,"bc5367",42,"Film - BW IR",1969,32000,153,5486,431.7,3079.9,FALSE,"reported"
1518749,"bc5367",43,"Film - BW IR",1969,32000,153,5486,437.9,3074.1,FALSE,"reported"
1518750,"bc5367",44,"Film - BW IR",1969,32000,153,5486,509.6,3074.1,FALSE,"reported"
1518751,"bc5367",45,"Film - BW IR",1969,32000,153,5486,593.1,3081.6,FALSE,"reported"
1518752,"bc5367",46,"Film - BW IR",1969,32000,153,5486,490.8,3082.6,FALSE,"reported"
1518753,"bc5367",47,"Film - BW IR",1969,32000,153,5486,419.4,3082.7,FALSE,"reported"
1518754,"bc5367",48,"Film - BW IR",1969,32000,153,5486,486.9,3257.2,FALSE,"reported"
1518755,"bc5367",49,"Film - BW IR",1969,32000,153,5486,533.3,3258.5,FALSE,"reported"
1518756,"bc5367",50,"Film - BW IR",1969,32000,153,5486,375,3258.5,FALSE,"reported"
1518757,"bc5367",51,"Film - BW IR",1969,32000,153,5486,195.3,3259.8,FALSE,"reported"
1518758,"bc5367",52,"Film - BW IR",1969,32000,153,5486,215.1,3259.8,FALSE,"reported"
1518759,"bc5367",53,"Film - BW IR",1969,32000,153,5486,371.6,3260.6,FALSE,"reported"
1518760,"bc5367",54,"Film - BW IR",1969,32000,153,5486,453,3260.6,FALSE,"reported"
1518761,"bc5367",55,"Film - BW IR",1969,32000,153,5486,557.1,3268.6,FALSE,"reported"
1518762,"bc5367",56,"Film - BW IR",1969,32000,153,5486,488.6,2882.4,FALSE,"reported"
1518763,"bc5367",57,"Film - BW IR",1969,32000,153,5486,494.4,2882.4,FALSE,"reported"
1518764,"bc5367",58,"Film - BW IR",1969,32000,153,5486,501.7,2881.4,FALSE,"reported"
1518765,"bc5367",59,"Film - BW IR",1969,32000,153,5486,454.4,2881.4,FALSE,"reported"
1518766,"bc5367",60,"Film - BW IR",1969,32000,153,5486,350,2880.8,FALSE,"reported"
1518767,"bc5367",61,"Film - BW IR",1969,32000,153,5486,389.9,2879.9,FALSE,"reported"
1518768,"bc5367",62,"Film - BW IR",1969,32000,153,5486,461.8,2879.9,FALSE,"reported"
1518769,"bc5367",63,"Film - BW IR",1969,32000,153,5486,602.4,2878.8,FALSE,"reported"
1518770,"bc5367",64,"Film - BW IR",1969,32000,153,5486,602.1,2878.8,FALSE,"reported"
1518771,"bc5367",65,"Film - BW IR",1969,32000,153,5486,519.2,2885.6,FALSE,"reported"
1518772,"bc5367",66,"Film - BW IR",1969,32000,153,5486,449.5,2996.5,FALSE,"reported"
1518773,"bc5367",67,"Film - BW IR",1969,32000,153,5486,536.2,2995.9,FALSE,"reported"
1518774,"bc5367",68,"Film - BW IR",1969,32000,153,5486,580.2,2995.9,FALSE,"reported"
1518775,"bc5367",69,"Film - BW IR",1969,32000,153,5486,542.7,2994.4,FALSE,"reported"
1518776,"bc5367",70,"Film - BW IR",1969,32000,153,5486,499.8,2994.2,FALSE,"reported"
1518777,"bc5367",71,"Film - BW IR",1969,32000,153,5486,492.6,2994.2,FALSE,"reported"
1518778,"bc5367",72,"Film - BW IR",1969,32000,153,5486,532.3,2992.7,FALSE,"reported"
1518779,"bc5367",73,"Film - BW IR",1969,32000,153,5486,342.4,2992.7,FALSE,"reported"
1518780,"bc5367",74,"Film - BW IR",1969,32000,153,5486,184,2991.7,FALSE,"reported"
1518781,"bc5367",75,"Film - BW IR",1969,32000,153,5486,214.7,2991.7,FALSE,"reported"
784933,"bcc23",1,"Film - Colour IR",1969,12000,305,3658,2.1,1290.4,FALSE,"reported"
784934,"bcc23",2,"Film - Colour IR",1969,12000,305,3658,2.2,1284.9,FALSE,"reported"
784935,"bcc23",3,"Film - Colour IR",1969,12000,305,3658,7.6,1284.9,FALSE,"reported"
784936,"bcc23",4,"Film - Colour IR",1969,12000,305,3658,7.2,1285.2,FALSE,"reported"
784937,"bcc23",5,"Film - Colour IR",1969,12000,305,3658,5.8,1285.2,FALSE,"reported"
784938,"bcc23",6,"Film - Colour IR",1969,12000,305,3658,2.7,1290.9,FALSE,"reported"
784939,"bcc23",7,"Film - Colour IR",1969,12000,305,3658,1.6,1291,FALSE,"reported"
784940,"bcc23",8,"Film - Colour IR",1969,12000,305,3658,1.5,1350.7,FALSE,"reported"
784941,"bcc23",9,"Film - Colour IR",1969,12000,305,3658,12.7,1350.7,FALSE,"reported"
784942,"bcc23",10,"Film - Colour IR",1969,12000,305,3658,16.4,1349.7,FALSE,"reported"
784943,"bcc23",11,"Film - Colour IR",1969,12000,305,3658,15.8,1349.7,FALSE,"reported"
784944,"bcc23",12,"Film - Colour IR",1969,12000,305,3658,16.7,1350.2,FALSE,"reported"
784945,"bcc23",13,"Film - Colour IR",1969,12000,305,3658,14.7,1350.2,FALSE,"reported"
784946,"bcc23",14,"Film - Colour IR",1969,12000,305,3658,16.1,1350,FALSE,"reported"
784947,"bcc23",15,"Film - Colour IR",1969,12000,305,3658,17.8,1350,FALSE,"reported"
784948,"bcc23",16,"Film - Colour IR",1969,12000,305,3658,34.8,1355.2,FALSE,"reported"
784949,"bcc23",17,"Film - Colour IR",1969,12000,305,3658,49.4,1355.2,FALSE,"reported"
784950,"bcc23",18,"Film - Colour IR",1969,12000,305,3658,37.3,1230.6,FALSE,"reported"
784951,"bcc23",19,"Film - Colour IR",1969,12000,305,3658,36.1,1230.6,FALSE,"reported"
784952,"bcc23",20,"Film - Colour IR",1969,12000,305,3658,30,1229.8,FALSE,"reported"
784953,"bcc23",21,"Film - Colour IR",1969,12000,305,3658,27.3,1229.8,FALSE,"reported"
784954,"bcc23",22,"Film - Colour IR",1969,12000,305,3658,21.1,1230.8,FALSE,"reported"
784955,"bcc23",23,"Film - Colour IR",1969,12000,305,3658,12.1,1230.8,FALSE,"reported"
784956,"bcc23",24,"Film - Colour IR",1969,12000,305,3658,0.3,1230.9,FALSE,"reported"
784957,"bcc23",25,"Film - Colour IR",1969,12000,305,3658,63.3,1045.8,FALSE,"reported"
784958,"bcc23",26,"Film - Colour IR",1969,12000,305,3658,19.4,1045.8,FALSE,"reported"
784959,"bcc23",27,"Film - Colour IR",1969,12000,305,3658,7.3,1052.7,FALSE,"reported"
784960,"bcc23",28,"Film - Colour IR",1969,12000,305,3658,8.5,1052.7,FALSE,"reported"
784961,"bcc23",29,"Film - Colour IR",1969,12000,305,3658,9.2,1052.6,FALSE,"reported"
784962,"bcc23",30,"Film - Colour IR",1969,12000,305,3658,15.3,1045.5,FALSE,"reported"
784963,"bcc23",31,"Film - Colour IR",1969,12000,305,3658,14.1,1045.5,FALSE,"reported"
784964,"bcc23",32,"Film - Colour IR",1969,12000,305,3658,5.4,1052.2,FALSE,"reported"
1518817,"bcc23",34,"Film - Colour IR",1969,16000,305,4907,43.7,1217.8,FALSE,"reported"
1518818,"bcc23",35,"Film - Colour IR",1969,16000,305,4907,56.8,1217.7,FALSE,"reported"
1518819,"bcc23",36,"Film - Colour IR",1969,16000,305,4907,67.2,1217.6,FALSE,"reported"
1518820,"bcc23",37,"Film - Colour IR",1969,16000,305,4907,66.3,1217.5,FALSE,"reported"
1518821,"bcc23",38,"Film - Colour IR",1969,16000,305,4907,43.2,1217.4,FALSE,"reported"
1518822,"bcc23",39,"Film - Colour IR",1969,16000,305,4907,20.3,1217.4,FALSE,"reported"
1518782,"bcc23",40,"Film - Colour IR",1969,10000,305,4206,537.1,1144.9,FALSE,"reported"
1518783,"bcc23",41,"Film - Colour IR",1969,10000,305,4206,535.2,1144.9,FALSE,"reported"
1518784,"bcc23",42,"Film - Colour IR",1969,10000,305,4206,536.6,1144.9,FALSE,"reported"
1518785,"bcc23",43,"Film - Colour IR",1969,10000,305,4206,538.9,1144.9,FALSE,"reported"
1518786,"bcc23",44,"Film - Colour IR",1969,10000,305,4206,543.7,1145,FALSE,"reported"
1518787,"bcc23",45,"Film - Colour IR",1969,10000,305,4206,537.3,1145,FALSE,"reported"
1518788,"bcc23",46,"Film - Colour IR",1969,10000,305,4206,533.4,1146.1,FALSE,"reported"
1518789,"bcc23",47,"Film - Colour IR",1969,10000,305,4206,533.7,1087.4,FALSE,"reported"
1518790,"bcc23",48,"Film - Colour IR",1969,10000,305,4206,533.7,1087.4,FALSE,"reported"
1518791,"bcc23",49,"Film - Colour IR",1969,10000,305,4206,533.7,1087.4,FALSE,"reported"
1518792,"bcc23",50,"Film - Colour IR",1969,10000,305,4206,533.6,1087.4,FALSE,"reported"
1518793,"bcc23",51,"Film - Colour IR",1969,10000,305,4206,533.8,1087.4,FALSE,"reported"
1518794,"bcc23",52,"Film - Colour IR",1969,10000,305,4206,533.7,1087.4,FALSE,"reported"
1518795,"bcc23",53,"Film - Colour IR",1969,10000,305,4206,532.9,1087.4,FALSE,"reported"
1518796,"bcc23",54,"Film - Colour IR",1969,10000,305,4206,532.9,1087.4,FALSE,"reported"
1518797,"bcc23",55,"Film - Colour IR",1969,10000,305,4206,533.5,1087.4,FALSE,"reported"
1518798,"bcc23",56,"Film - Colour IR",1969,10000,305,4206,533.6,1293.2,FALSE,"reported"
1518799,"bcc23",57,"Film - Colour IR",1969,10000,305,4206,533.4,1293.2,FALSE,"reported"
1518800,"bcc23",58,"Film - Colour IR",1969,10000,305,4206,532.8,1293.8,FALSE,"reported"
1518801,"bcc23",59,"Film - Colour IR",1969,10000,305,4206,532.9,1293.8,FALSE,"reported"
1518802,"bcc23",60,"Film - Colour IR",1969,10000,305,4206,532.6,1293.8,FALSE,"reported"
1518803,"bcc23",61,"Film - Colour IR",1969,10000,305,4206,532.3,1294.9,FALSE,"reported"
1518804,"bcc23",62,"Film - Colour IR",1969,10000,305,4206,771.3,1100.1,FALSE,"reported"
1518805,"bcc23",63,"Film - Colour IR",1969,10000,305,4206,659.7,1100.1,FALSE,"reported"
1518806,"bcc23",64,"Film - Colour IR",1969,10000,305,4206,603.4,1100.1,FALSE,"reported"
1518807,"bcc23",65,"Film - Colour IR",1969,10000,305,4206,565.8,1100.1,FALSE,"reported"
1518808,"bcc23",66,"Film - Colour IR",1969,10000,305,4206,541.1,1100.1,FALSE,"reported"
1518809,"bcc23",67,"Film - Colour IR",1969,10000,305,4206,533.3,1100,FALSE,"reported"
1518810,"bcc23",68,"Film - Colour IR",1969,10000,305,4206,533.5,1100,FALSE,"reported"
1518811,"bcc23",69,"Film - Colour IR",1969,10000,305,4206,533.7,1100,FALSE,"reported"
1518812,"bcc23",70,"Film - Colour IR",1969,10000,305,4206,534,1101.6,FALSE,"reported"
1518813,"bcc23",71,"Film - Colour IR",1969,10000,305,4206,534.3,1214.2,FALSE,"reported"
1518814,"bcc23",72,"Film - Colour IR",1969,10000,305,4206,534.4,1214.1,FALSE,"reported"
1518815,"bcc23",73,"Film - Colour IR",1969,10000,305,4206,533.8,1214.1,FALSE,"reported"
1518816,"bcc23",74,"Film - Colour IR",1969,10000,305,4206,533.7,1214.1,FALSE,"reported"
1518558,"bcc7",1,"Film - Colour IR",1967,12000,305,4420,391.1,970.5,FALSE,"reported"
1518559,"bcc7",2,"Film - Colour IR",1967,12000,305,4420,589.1,966.2,FALSE,"reported"
1518560,"bcc7",3,"Film - Colour IR",1967,12000,305,4420,767.3,966.2,FALSE,"reported"
1518561,"bcc7",4,"Film - Colour IR",1967,12000,305,4420,882.5,967,FALSE,"reported"
1518562,"bcc7",5,"Film - Colour IR",1967,12000,305,4420,948.7,966,FALSE,"reported"
1518563,"bcc7",6,"Film - Colour IR",1967,12000,305,4420,1016,966,FALSE,"reported"
1518564,"bcc7",7,"Film - Colour IR",1967,12000,305,4420,986.8,966.9,FALSE,"reported"
1518565,"bcc7",8,"Film - Colour IR",1967,12000,305,4420,831.5,966.9,FALSE,"reported"
1518566,"bcc7",9,"Film - Colour IR",1967,12000,305,4328,1073.4,788.2,FALSE,"reported"
1518567,"bcc7",10,"Film - Colour IR",1967,12000,305,4328,1021.9,788.1,FALSE,"reported"
1518568,"bcc7",11,"Film - Colour IR",1967,12000,305,4328,962.4,788.1,FALSE,"reported"
1518569,"bcc7",12,"Film - Colour IR",1967,12000,305,4328,906.6,788.1,FALSE,"reported"
1518570,"bcc7",13,"Film - Colour IR",1967,12000,305,4328,836,788.1,FALSE,"reported"
1518571,"bcc7",14,"Film - Colour IR",1967,12000,305,4328,733.3,788.1,FALSE,"reported"
1518572,"bcc7",15,"Film - Colour IR",1967,12000,305,4328,642.7,788.1,FALSE,"reported"
1518573,"bcc7",16,"Film - Colour IR",1967,12000,305,4328,569.4,788.1,FALSE,"reported"
1518574,"bcc7",17,"Film - Colour IR",1967,12000,305,4328,516.9,788.8,FALSE,"reported"
1518575,"bcc7",18,"Film - Colour IR",1967,12000,305,4115,847.4,864.4,FALSE,"reported"
1518576,"bcc7",19,"Film - Colour IR",1967,12000,305,4115,719.2,860.3,FALSE,"reported"
1518577,"bcc7",20,"Film - Colour IR",1967,12000,305,4115,625.7,859.5,FALSE,"reported"
1518578,"bcc7",21,"Film - Colour IR",1967,12000,305,4115,585.1,859.5,FALSE,"reported"
1518579,"bcc7",22,"Film - Colour IR",1967,12000,305,4115,560,859.6,FALSE,"reported"
1518580,"bcc7",23,"Film - Colour IR",1967,12000,305,4115,550.7,859.6,FALSE,"reported"
1518581,"bcc7",24,"Film - Colour IR",1967,12000,305,4115,569.9,860.5,FALSE,"reported"
1518582,"bcc7",25,"Film - Colour IR",1967,12000,305,4115,584.5,859.7,FALSE,"reported"
1518583,"bcc7",26,"Film - Colour IR",1967,12000,305,4115,577.5,859.7,FALSE,"reported"
1518584,"bcc7",27,"Film - Colour IR",1967,12000,305,4115,560.7,860.6,FALSE,"reported"
1518585,"bcc7",28,"Film - Colour IR",1967,12000,305,4115,511.9,860.7,FALSE,"reported"
1518586,"bcc7",29,"Film - Colour IR",1967,12000,305,4115,439.1,860.7,FALSE,"reported"
1518587,"bcc7",30,"Film - Colour IR",1967,12000,305,4115,410.4,860.7,FALSE,"reported"
1518588,"bcc7",31,"Film - Colour IR",1967,12000,305,4115,703,855.6,FALSE,"reported"
1518589,"bcc7",32,"Film - Colour IR",1967,12000,305,4115,736.8,855.6,FALSE,"reported"
1518590,"bcc7",33,"Film - Colour IR",1967,12000,305,4115,701,852.7,FALSE,"reported"
1518591,"bcc7",34,"Film - Colour IR",1967,12000,305,4115,657.6,852.7,FALSE,"reported"
1518592,"bcc7",35,"Film - Colour IR",1967,12000,305,4115,682.3,855.5,FALSE,"reported"
1518593,"bcc7",36,"Film - Colour IR",1967,12000,305,4115,776.2,855.5,FALSE,"reported"
1518594,"bcc7",37,"Film - Colour IR",1967,12000,305,4115,861.8,852.7,FALSE,"reported"
1518595,"bcc7",38,"Film - Colour IR",1967,12000,305,4115,870.3,852.7,FALSE,"reported"
1518596,"bcc7",39,"Film - Colour IR",1967,12000,305,4115,471.3,899.9,FALSE,"reported"
1518597,"bcc7",40,"Film - Colour IR",1967,12000,305,4115,463,899.9,FALSE,"reported"
1518598,"bcc7",41,"Film - Colour IR",1967,12000,305,4115,517.3,898.9,FALSE,"reported"
1518599,"bcc7",42,"Film - Colour IR",1967,12000,305,4115,525.1,898.9,FALSE,"reported"
1518600,"bcc7",43,"Film - Colour IR",1967,12000,305,4115,524.5,898.9,FALSE,"reported"
1518601,"bcc7",44,"Film - Colour IR",1967,12000,305,4115,528.2,898.9,FALSE,"reported"
1518602,"bcc7",45,"Film - Colour IR",1967,12000,305,4115,574,900,FALSE,"reported"
1518603,"bcc7",46,"Film - Colour IR",1967,12000,305,4115,841.8,819.8,FALSE,"reported"
1518604,"bcc7",47,"Film - Colour IR",1967,12000,305,4115,828.8,819.8,FALSE,"reported"
1518605,"bcc7",48,"Film - Colour IR",1967,12000,305,4115,827.4,819.8,FALSE,"reported"
1518606,"bcc7",49,"Film - Colour IR",1967,12000,305,4115,818.3,819.8,FALSE,"reported"
1518607,"bcc7",50,"Film - Colour IR",1967,12000,305,4115,860.8,819.7,FALSE,"reported"
1518608,"bcc7",51,"Film - Colour IR",1967,12000,305,4115,846.7,819.6,FALSE,"reported"
1518609,"bcc7",52,"Film - Colour IR",1967,12000,305,4115,842.5,819.6,FALSE,"reported"
1518610,"bcc7",53,"Film - Colour IR",1967,12000,305,4115,872,819.6,FALSE,"reported"
1518611,"bcc7",54,"Film - Colour IR",1967,12000,305,4115,886.2,819.6,FALSE,"reported"
1518612,"bcc7",55,"Film - Colour IR",1967,12000,305,4115,850.9,820.3,FALSE,"reported"
1518613,"bcc7",56,"Film - Colour IR",1967,12000,305,4115,751.5,819.4,FALSE,"reported"
1518614,"bcc7",57,"Film - Colour IR",1967,12000,305,4115,641.4,819.4,FALSE,"reported"
1518615,"bcc7",58,"Film - Colour IR",1967,12000,305,4115,613.1,819.4,FALSE,"reported"
1518616,"bcc7",59,"Film - Colour IR",1967,12000,305,4115,692.6,819.4,FALSE,"reported"
1518617,"bcc7",60,"Film - Colour IR",1967,12000,305,4115,793.3,824.1,FALSE,"reported"
1518618,"bcc7",61,"Film - Colour IR",1967,12000,305,4328,686.5,892.6,FALSE,"reported"
1518619,"bcc7",62,"Film - Colour IR",1967,12000,305,4328,784.1,892.6,FALSE,"reported"
1518620,"bcc7",63,"Film - Colour IR",1967,12000,305,4328,835.9,892.5,FALSE,"reported"
1518621,"bcc7",64,"Film - Colour IR",1967,12000,305,4328,837.4,892.5,FALSE,"reported"
1518622,"bcc7",65,"Film - Colour IR",1967,12000,305,4328,791.5,892.4,FALSE,"reported"
1518623,"bcc7",66,"Film - Colour IR",1967,12000,305,4328,765.8,892.4,FALSE,"reported"
1518624,"bcc7",67,"Film - Colour IR",1967,12000,305,4328,809.3,892.8,FALSE,"reported"
1518625,"bcc7",68,"Film - Colour IR",1967,12000,305,4328,840.5,892.2,FALSE,"reported"
1518626,"bcc7",69,"Film - Colour IR",1967,12000,305,4328,855,892.2,FALSE,"reported"
1518627,"bcc7",70,"Film - Colour IR",1967,12000,305,4328,890.1,892.1,FALSE,"reported"
1518628,"bcc7",71,"Film - Colour IR",1967,12000,305,4328,913.8,847.3,FALSE,"reported"
1518629,"bcc7",72,"Film - Colour IR",1967,12000,305,4328,916.4,846.8,FALSE,"reported"
1518630,"bcc7",73,"Film - Colour IR",1967,12000,305,4328,879.7,846.8,FALSE,"reported"
1518631,"bcc7",74,"Film - Colour IR",1967,12000,305,4328,853.3,846.7,FALSE,"reported"
1518632,"bcc7",75,"Film - Colour IR",1967,12000,305,4328,853.3,840.6,FALSE,"reported"
1518633,"bcc7",76,"Film - Colour IR",1967,12000,305,4328,895.3,840.6,FALSE,"reported"
1518634,"bcc7",77,"Film - Colour IR",1967,12000,305,4328,895.7,846.6,FALSE,"reported"
1518635,"bcc7",78,"Film - Colour IR",1967,12000,305,4328,956,847,FALSE,"reported"
1518636,"bcc7",79,"Film - Colour IR",1967,12000,305,4328,509.8,975.4,FALSE,"reported"
1518637,"bcc7",80,"Film - Colour IR",1967,12000,305,4328,487.6,975.4,FALSE,"reported"
1518638,"bcc7",81,"Film - Colour IR",1967,12000,305,4328,411.7,975.4,FALSE,"reported"
1518639,"bcc7",82,"Film - Colour IR",1967,12000,305,4328,307.3,975.4,FALSE,"reported"
1518640,"bcc7",83,"Film - Colour IR",1967,12000,305,4328,221.9,975.4,FALSE,"reported"
1518641,"bcc7",84,"Film - Colour IR",1967,12000,305,4328,121.9,975.3,FALSE,"reported"
1518642,"bcc7",85,"Film - Colour IR",1967,12000,305,4328,49.7,975.3,FALSE,"reported"
1518643,"bcc7",86,"Film - Colour IR",1967,12000,305,4328,22.9,975.3,FALSE,"reported"
1518644,"bcc7",87,"Film - Colour IR",1967,12000,305,4328,38.2,975.3,FALSE,"reported"
1518471,"bcc8",1,"Film - Colour IR",1967,16000,305,5486,987.3,1108.3,FALSE,"reported"
1518472,"bcc8",2,"Film - Colour IR",1967,16000,305,5486,987.5,1108.3,FALSE,"reported"
1518473,"bcc8",3,"Film - Colour IR",1967,16000,305,5486,971.8,1108.3,FALSE,"reported"
1518474,"bcc8",4,"Film - Colour IR",1967,16000,305,5486,957.4,1108.3,FALSE,"reported"
1518475,"bcc8",5,"Film - Colour IR",1967,16000,305,5486,951.4,1108.3,FALSE,"reported"
1518476,"bcc8",6,"Film - Colour IR",1967,16000,305,5486,911.3,1108.3,FALSE,"reported"
1518477,"bcc8",7,"Film - Colour IR",1967,16000,305,5486,889,1108.3,FALSE,"reported"
1518478,"bcc8",8,"Film - Colour IR",1967,16000,305,5486,856.4,1186.6,FALSE,"reported"
1518479,"bcc8",9,"Film - Colour IR",1967,16000,305,5486,811.1,1186.6,FALSE,"reported"
1518480,"bcc8",10,"Film - Colour IR",1967,16000,305,5486,720.4,1193.8,FALSE,"reported"
1518481,"bcc8",11,"Film - Colour IR",1967,16000,305,5486,651.1,1193.8,FALSE,"reported"
1518482,"bcc8",12,"Film - Colour IR",1967,16000,305,5486,580.6,1186.6,FALSE,"reported"
1518483,"bcc8",13,"Film - Colour IR",1967,16000,305,5486,535.8,1186.6,FALSE,"reported"
1518484,"bcc8",14,"Film - Colour IR",1967,16000,305,5486,484.1,1193.8,FALSE,"reported"
1518485,"bcc8",15,"Film - Colour IR",1967,16000,305,5486,455.5,1215.3,FALSE,"reported"
1518486,"bcc8",16,"Film - Colour IR",1967,16000,305,5486,425.2,1215.3,FALSE,"reported"
1518487,"bcc8",17,"Film - Colour IR",1967,16000,305,5486,388.7,1215.3,FALSE,"reported"
1518488,"bcc8",18,"Film - Colour IR",1967,16000,305,5486,360,1215.3,FALSE,"reported"
1518489,"bcc8",19,"Film - Colour IR",1967,16000,305,5486,348.6,1215.3,FALSE,"reported"
1518490,"bcc8",20,"Film - Colour IR",1967,16000,305,5486,344,1215.3,FALSE,"reported"
1518491,"bcc8",21,"Film - Colour IR",1967,16000,305,5486,341.9,1215.3,FALSE,"reported"
1518492,"bcc8",22,"Film - Colour IR",1967,16000,305,5486,944.4,935,FALSE,"reported"
1518493,"bcc8",23,"Film - Colour IR",1967,16000,305,5486,1008.8,931.5,FALSE,"reported"
1518494,"bcc8",24,"Film - Colour IR",1967,16000,305,5486,1062,931.4,FALSE,"reported"
1518495,"bcc8",25,"Film - Colour IR",1967,16000,305,5486,1078.6,931.4,FALSE,"reported"
1518496,"bcc8",26,"Film - Colour IR",1967,16000,305,5486,1059.5,931.4,FALSE,"reported"
1518497,"bcc8",27,"Film - Colour IR",1967,16000,305,5486,1004.4,931.4,FALSE,"reported"
1518498,"bcc8",28,"Film - Colour IR",1967,16000,305,5486,920.4,931.3,FALSE,"reported"
1518499,"bcc8",29,"Film - Colour IR",1967,16000,305,5486,830.7,931.3,FALSE,"reported"
1518500,"bcc8",30,"Film - Colour IR",1967,16000,305,5486,754.5,931.3,FALSE,"reported"
1518501,"bcc8",31,"Film - Colour IR",1967,16000,305,5486,719.5,1241.4,FALSE,"reported"
1518502,"bcc8",32,"Film - Colour IR",1967,16000,305,5486,690.4,1241.3,FALSE,"reported"
1518503,"bcc8",33,"Film - Colour IR",1967,16000,305,5486,651.5,1241.3,FALSE,"reported"
1518504,"bcc8",34,"Film - Colour IR",1967,16000,305,5486,633.2,1241.3,FALSE,"reported"
1518505,"bcc8",35,"Film - Colour IR",1967,16000,305,5486,638.6,1241.2,FALSE,"reported"
1518506,"bcc8",36,"Film - Colour IR",1967,16000,305,5486,632.9,1241.2,FALSE,"reported"
1518507,"bcc8",37,"Film - Colour IR",1967,16000,305,5486,595.2,1241.1,FALSE,"reported"
1518508,"bcc8",38,"Film - Colour IR",1967,16000,305,5486,538.9,1241.1,FALSE,"reported"
1518509,"bcc8",39,"Film - Colour IR",1967,16000,305,5486,507.8,1319.6,FALSE,"reported"
1518510,"bcc8",40,"Film - Colour IR",1967,16000,305,5486,535.7,1319.6,FALSE,"reported"
1518511,"bcc8",41,"Film - Colour IR",1967,16000,305,5486,671,1322.1,FALSE,"reported"
1518512,"bcc8",42,"Film - Colour IR",1967,16000,305,5486,865.3,1319.4,FALSE,"reported"
1518513,"bcc8",43,"Film - Colour IR",1967,16000,305,5486,1010.8,1319.4,FALSE,"reported"
1518514,"bcc8",44,"Film - Colour IR",1967,16000,305,5486,1078.1,1321.9,FALSE,"reported"
1518515,"bcc8",45,"Film - Colour IR",1967,16000,305,5486,1119,1322.8,FALSE,"reported"
1518516,"bcc8",46,"Film - Colour IR",1967,16000,305,5486,465.6,1219.6,FALSE,"reported"
1518517,"bcc8",47,"Film - Colour IR",1967,16000,305,5486,433.2,1212.4,FALSE,"reported"
1518518,"bcc8",48,"Film - Colour IR",1967,16000,305,5486,421.7,1212.4,FALSE,"reported"
1518519,"bcc8",49,"Film - Colour IR",1967,16000,305,5486,420.6,1212.4,FALSE,"reported"
1518520,"bcc8",50,"Film - Colour IR",1967,16000,305,5486,423.4,1212.4,FALSE,"reported"
1518521,"bcc8",51,"Film - Colour IR",1967,16000,305,5486,435.9,1219.5,FALSE,"reported"
1518522,"bcc8",52,"Film - Colour IR",1967,16000,305,5486,455.4,1212.4,FALSE,"reported"
1518523,"bcc8",53,"Film - Colour IR",1967,16000,305,5486,546.1,1212.4,FALSE,"reported"
1518524,"bcc8",54,"Film - Colour IR",1967,16000,305,5486,705.1,1091,FALSE,"reported"
1518525,"bcc8",55,"Film - Colour IR",1967,16000,305,5486,889,1091,FALSE,"reported"
1518526,"bcc8",56,"Film - Colour IR",1967,16000,305,5486,1050.8,1091,FALSE,"reported"
1518527,"bcc8",57,"Film - Colour IR",1967,16000,305,5486,1108.8,1091,FALSE,"reported"
1518528,"bcc8",58,"Film - Colour IR",1967,16000,305,5486,1111.2,1091,FALSE,"reported"
1518529,"bcc8",59,"Film - Colour IR",1967,16000,305,5486,1037.9,1091,FALSE,"reported"
1518530,"bcc8",60,"Film - Colour IR",1967,16000,305,5486,956,1091,FALSE,"reported"
1518531,"bcc8",61,"Film - Colour IR",1967,16000,305,5486,858.2,1090.9,FALSE,"reported"
1518532,"bcc8",62,"Film - Colour IR",1967,16000,305,5486,806.9,1090.9,FALSE,"reported"
1518533,"bcc8",63,"Film - Colour IR",1967,16000,305,5486,412.6,1265.3,FALSE,"reported"
1518534,"bcc8",64,"Film - Colour IR",1967,16000,305,5486,386.8,1265.3,FALSE,"reported"
1518535,"bcc8",65,"Film - Colour IR",1967,16000,305,5486,384.2,1265.3,FALSE,"reported"
1518536,"bcc8",66,"Film - Colour IR",1967,16000,305,5486,396.8,1265.3,FALSE,"reported"
1518537,"bcc8",67,"Film - Colour IR",1967,16000,305,5486,426.2,1264.2,FALSE,"reported"
1518538,"bcc8",68,"Film - Colour IR",1967,16000,305,5486,485.1,1264.2,FALSE,"reported"
1518539,"bcc8",69,"Film - Colour IR",1967,16000,305,5486,555.1,1265.4,FALSE,"reported"
1518540,"bcc8",70,"Film - Colour IR",1967,16000,305,5486,636.1,1265.4,FALSE,"reported"
1518541,"bcc8",71,"Film - Colour IR",1967,16000,305,5486,747.9,1265.4,FALSE,"reported"
1518542,"bcc8",72,"Film - Colour IR",1967,16000,305,5486,830.4,1192.2,FALSE,"reported"
1518543,"bcc8",73,"Film - Colour IR",1967,16000,305,5486,815.3,1192.2,FALSE,"reported"
1518544,"bcc8",74,"Film - Colour IR",1967,16000,305,5486,706.5,1193,FALSE,"reported"
1518545,"bcc8",75,"Film - Colour IR",1967,16000,305,5486,592.1,1191.9,FALSE,"reported"
1518546,"bcc8",76,"Film - Colour IR",1967,16000,305,5486,563.4,1191.9,FALSE,"reported"
1518547,"bcc8",77,"Film - Colour IR",1967,16000,305,5486,646.3,1193.1,FALSE,"reported"
1518548,"bcc8",78,"Film - Colour IR",1967,16000,305,5486,838.2,1192.3,FALSE,"reported"
1518549,"bcc8",79,"Film - Colour IR",1967,16000,305,5486,1028.8,1192.3,FALSE,"reported"
1518550,"bcc8",80,"Film - Colour IR",1967,16000,305,5486,1136.1,1193.1,FALSE,"reported"
1518551,"bcc8",81,"Film - Colour IR",1967,16000,305,5486,1138.8,1193.4,FALSE,"reported"
1518552,"bcc8",82,"Film - Colour IR",1967,16000,305,5486,1265.1,1383.8,FALSE,"reported"
1518553,"bcc8",83,"Film - Colour IR",1967,16000,305,5486,1135.8,1383.8,FALSE,"reported"
1518554,"bcc8",84,"Film - Colour IR",1967,16000,305,5486,958.2,1383.9,FALSE,"reported"
1518555,"bcc8",85,"Film - Colour IR",1967,16000,305,5486,790.5,1384,FALSE,"reported"
1518556,"bcc8",86,"Film - Colour IR",1967,16000,305,5486,762.9,1384.1,FALSE,"reported"
1518557,"bcc8",87,"Film - Colour IR",1967,16000,305,5486,841.2,1384.2,FALSE,"reported"
1387383,"bcc84",83,"Film - Colour IR",1972,12000,305,3992,424.4,1092,FALSE,"reported"
1387384,"bcc84",84,"Film - Colour IR",1972,12000,305,3992,411.5,1086.6,FALSE,"reported"
1387385,"bcc84",85,"Film - Colour IR",1972,12000,305,3992,402.7,1086.5,FALSE,"reported"
1387386,"bcc84",86,"Film - Colour IR",1972,12000,305,3992,411.9,1086.5,FALSE,"reported"
1387387,"bcc84",87,"Film - Colour IR",1972,12000,305,3992,425,1085.4,FALSE,"reported"
1387388,"bcc84",88,"Film - Colour IR",1972,12000,305,3992,421.2,1085.4,FALSE,"reported"
1387389,"bcc84",89,"Film - Colour IR",1972,12000,305,3992,395.4,1085.4,FALSE,"reported"
1387390,"bcc84",90,"Film - Colour IR",1972,12000,305,3992,366.7,1085.4,FALSE,"reported"
1387391,"bcc84",91,"Film - Colour IR",1972,12000,305,3992,354.4,1086.5,FALSE,"reported"
1387392,"bcc84",92,"Film - Colour IR",1972,12000,305,3992,348.8,1085.4,FALSE,"reported"
1387393,"bcc84",93,"Film - Colour IR",1972,12000,305,3992,353.2,1085.4,FALSE,"reported"
1387394,"bcc84",94,"Film - Colour IR",1972,12000,305,3992,378.2,902.2,FALSE,"reported"
1387395,"bcc84",95,"Film - Colour IR",1972,12000,305,3992,367,901.8,FALSE,"reported"
1387396,"bcc84",96,"Film - Colour IR",1972,12000,305,3992,360.1,901.8,FALSE,"reported"
1387397,"bcc84",97,"Film - Colour IR",1972,12000,305,3992,358,901.7,FALSE,"reported"
1387398,"bcc84",98,"Film - Colour IR",1972,12000,305,3992,358.1,901.7,FALSE,"reported"
1387399,"bcc84",99,"Film - Colour IR",1972,12000,305,3992,361,901.6,FALSE,"reported"
1387400,"bcc84",100,"Film - Colour IR",1972,12000,305,3992,365.1,901.6,FALSE,"reported"
1387401,"bcc84",101,"Film - Colour IR",1972,12000,305,3992,358.4,901.6,FALSE,"reported"
1387402,"bcc84",102,"Film - Colour IR",1972,12000,305,3992,354.1,901.1,FALSE,"reported"
1387403,"bcc84",103,"Film - Colour IR",1972,12000,305,3992,349.7,901.1,FALSE,"reported"
1387404,"bcc84",104,"Film - Colour IR",1972,12000,305,3992,348,901.1,FALSE,"reported"
1387405,"bcc84",105,"Film - Colour IR",1972,12000,305,3992,345.4,901,FALSE,"reported"
1387406,"bcc84",106,"Film - Colour IR",1972,12000,305,3992,346.5,901,FALSE,"reported"
1387407,"bcc84",107,"Film - Colour IR",1972,12000,305,3992,348.7,900.9,FALSE,"reported"
1387408,"bcc84",108,"Film - Colour IR",1972,12000,305,3992,354.5,900.9,FALSE,"reported"
1387409,"bcc84",109,"Film - Colour IR",1972,12000,305,3992,356.4,900.8,FALSE,"reported"
1387410,"bcc84",110,"Film - Colour IR",1972,12000,305,3992,353,900.8,FALSE,"reported"
1387411,"bcc84",111,"Film - Colour IR",1972,12000,305,3992,353.1,900.8,FALSE,"reported"
1387412,"bcc84",112,"Film - Colour IR",1972,12000,305,3992,354.8,900.8,FALSE,"reported"
1387413,"bcc84",113,"Film - Colour IR",1972,12000,305,3992,371.1,924.6,FALSE,"reported"
1387414,"bcc84",114,"Film - Colour IR",1972,12000,305,3992,453.9,1207.6,FALSE,"reported"
1387415,"bcc84",115,"Film - Colour IR",1972,12000,305,3992,436.9,1205.3,FALSE,"reported"
1387416,"bcc84",116,"Film - Colour IR",1972,12000,305,3992,416.1,1198.5,FALSE,"reported"
1387417,"bcc84",117,"Film - Colour IR",1972,12000,305,3992,394,1198.5,FALSE,"reported"
1387418,"bcc84",118,"Film - Colour IR",1972,12000,305,3992,388.6,1198.8,FALSE,"reported"
1387419,"bcc84",119,"Film - Colour IR",1972,12000,305,3992,411.8,1198.6,FALSE,"reported"
1387420,"bcc84",120,"Film - Colour IR",1972,12000,305,3992,452.1,1198.6,FALSE,"reported"
1387421,"bcc84",121,"Film - Colour IR",1972,12000,305,3992,477,1199,FALSE,"reported"
1387422,"bcc84",122,"Film - Colour IR",1972,12000,305,3992,484,1199,FALSE,"reported"
1387423,"bcc84",123,"Film - Colour IR",1972,12000,305,3992,465.9,1199.4,FALSE,"reported"
1387424,"bcc84",124,"Film - Colour IR",1972,12000,305,3992,437.6,1199.4,FALSE,"reported"
1387425,"bcc84",125,"Film - Colour IR",1972,12000,305,3992,412.6,1199.6,FALSE,"reported"
1387426,"bcc84",126,"Film - Colour IR",1972,12000,305,3992,397.4,1199.6,FALSE,"reported"
1518823,"bcc92",1,"Film - Colour IR",1973,6000,305,1828,3.1,480.5,FALSE,"reported"
1518824,"bcc92",2,"Film - Colour IR",1973,6000,305,1828,5.8,480.5,FALSE,"reported"
1518825,"bcc92",3,"Film - Colour IR",1973,6000,305,1828,8.3,480.5,FALSE,"reported"
1518826,"bcc92",4,"Film - Colour IR",1973,6000,305,1828,10.6,479.7,FALSE,"reported"
1518827,"bcc92",5,"Film - Colour IR",1973,6000,305,1828,12.2,479.7,FALSE,"reported"
1518828,"bcc92",6,"Film - Colour IR",1973,6000,305,1828,11.9,480.4,FALSE,"reported"
1518829,"bcc92",7,"Film - Colour IR",1973,6000,305,1828,10.1,479.6,FALSE,"reported"
1518830,"bcc92",8,"Film - Colour IR",1973,6000,305,1828,9.8,479.6,FALSE,"reported"
1518831,"bcc92",9,"Film - Colour IR",1973,6000,305,1828,9.1,480.4,FALSE,"reported"
1518832,"bcc92",10,"Film - Colour IR",1973,6000,305,1828,7.1,483.6,FALSE,"reported"
1518833,"bcc92",11,"Film - Colour IR",1973,6000,305,1828,6.8,494.3,FALSE,"reported"
1518834,"bcc92",12,"Film - Colour IR",1973,6000,305,1828,6.5,494.3,FALSE,"reported"
1518835,"bcc92",13,"Film - Colour IR",1973,6000,305,1828,6.7,494.3,FALSE,"reported"
1518836,"bcc92",14,"Film - Colour IR",1973,6000,305,1828,7.4,494.3,FALSE,"reported"
1518837,"bcc92",15,"Film - Colour IR",1973,6000,305,1828,8.5,494.3,FALSE,"reported"
1518838,"bcc92",16,"Film - Colour IR",1973,6000,305,1828,10.2,494.2,FALSE,"reported"
1518839,"bcc92",17,"Film - Colour IR",1973,6000,305,1828,12.4,494.2,FALSE,"reported"
1518840,"bcc92",18,"Film - Colour IR",1973,6000,305,1828,15.8,500.4,FALSE,"reported"
1518863,"bcc92",19,"Film - Colour IR",1973,6000,305,1828,0.2,407.3,FALSE,"reported"
1518864,"bcc92",20,"Film - Colour IR",1973,6000,305,1828,0,399.3,FALSE,"reported"
1518865,"bcc92",21,"Film - Colour IR",1973,6000,305,1828,0.1,399.3,FALSE,"reported"
1518866,"bcc92",22,"Film - Colour IR",1973,6000,305,1828,0.3,403.9,FALSE,"reported"
1518867,"bcc92",23,"Film - Colour IR",1973,6000,305,1828,0.3,399.3,FALSE,"reported"
1518868,"bcc92",24,"Film - Colour IR",1973,6000,305,1828,0.1,399.3,FALSE,"reported"
1518869,"bcc92",25,"Film - Colour IR",1973,6000,305,1828,0.1,404.8,FALSE,"reported"
1518841,"bcc92",26,"Film - Colour IR",1973,6000,305,1828,0.3,510.6,FALSE,"reported"
1518842,"bcc92",27,"Film - Colour IR",1973,6000,305,1828,1,510.6,FALSE,"reported"
1518843,"bcc92",28,"Film - Colour IR",1973,6000,305,1828,2.3,515.2,FALSE,"reported"
1518844,"bcc92",29,"Film - Colour IR",1973,6000,305,1828,3.6,515.2,FALSE,"reported"
1518845,"bcc92",30,"Film - Colour IR",1973,6000,305,1828,4,515.2,FALSE,"reported"
1518846,"bcc92",31,"Film - Colour IR",1973,6000,305,1828,3.7,515.1,FALSE,"reported"
1518847,"bcc92",32,"Film - Colour IR",1973,6000,305,1828,2.8,510.5,FALSE,"reported"
1518848,"bcc92",33,"Film - Colour IR",1973,6000,305,1828,2.7,510.5,FALSE,"reported"
1518849,"bcc92",34,"Film - Colour IR",1973,6000,305,1828,1.8,515.1,FALSE,"reported"
1518850,"bcc92",35,"Film - Colour IR",1973,6000,305,1828,0.6,515.1,FALSE,"reported"
1518851,"bcc92",36,"Film - Colour IR",1973,6000,305,1828,0.1,515.1,FALSE,"reported"
1518852,"bcc92",37,"Film - Colour IR",1973,6000,305,1828,-0.1,515.1,FALSE,"reported"
1518853,"bcc92",38,"Film - Colour IR",1973,6000,305,1828,-0.1,515,FALSE,"reported"
1518854,"bcc92",39,"Film - Colour IR",1973,6000,305,1828,0,515,FALSE,"reported"
1518855,"bcc92",40,"Film - Colour IR",1973,6000,305,1828,-0.1,515,FALSE,"reported"
1518856,"bcc92",41,"Film - Colour IR",1973,6000,305,1828,0.1,509.5,FALSE,"reported"
1518857,"bcc92",42,"Film - Colour IR",1973,6000,305,1828,0.6,509.5,FALSE,"reported"
1518858,"bcc92",43,"Film - Colour IR",1973,6000,305,1828,1.4,515,FALSE,"reported"
1518859,"bcc92",44,"Film - Colour IR",1973,6000,305,1828,2.3,515,FALSE,"reported"
1518860,"bcc92",45,"Film - Colour IR",1973,6000,305,1828,2.9,514.9,FALSE,"reported"
1518861,"bcc92",46,"Film - Colour IR",1973,6000,305,1828,3.8,514.9,FALSE,"reported"
1518862,"bcc92",47,"Film - Colour IR",1973,6000,305,1828,5.4,515.8,FALSE,"reported"
1518905,"bcc92",48,"Film - Colour IR",1973,6000,305,1828,9.8,507.9,FALSE,"reported"
1518906,"bcc92",49,"Film - Colour IR",1973,6000,305,1828,8.3,507.9,FALSE,"reported"
1518907,"bcc92",50,"Film - Colour IR",1973,6000,305,1828,5.2,507.9,FALSE,"reported"
1518908,"bcc92",51,"Film - Colour IR",1973,6000,305,1828,1.9,503.7,FALSE,"reported"
1518909,"bcc92",52,"Film - Colour IR",1973,6000,305,1828,4.1,503.7,FALSE,"reported"
1518910,"bcc92",53,"Film - Colour IR",1973,6000,305,1828,8,507.9,FALSE,"reported"
1518911,"bcc92",54,"Film - Colour IR",1973,6000,305,1828,8.9,503,FALSE,"reported"
1518912,"bcc92",55,"Film - Colour IR",1973,6000,305,1828,4.4,503,FALSE,"reported"
1518913,"bcc92",56,"Film - Colour IR",1973,6000,305,1828,-0.7,508.8,FALSE,"reported"
1518880,"bcc92",57,"Film - Colour IR",1973,6000,305,1828,0.1,479.1,FALSE,"reported"
1518881,"bcc92",58,"Film - Colour IR",1973,6000,305,1828,0.6,478.8,FALSE,"reported"
1518882,"bcc92",59,"Film - Colour IR",1973,6000,305,1828,2.9,472.3,FALSE,"reported"
1518883,"bcc92",60,"Film - Colour IR",1973,6000,305,1828,2.9,472.3,FALSE,"reported"
1518884,"bcc92",61,"Film - Colour IR",1973,6000,305,1828,3.8,472.2,FALSE,"reported"
1518885,"bcc92",62,"Film - Colour IR",1973,6000,305,1828,4.7,472.2,FALSE,"reported"
1518886,"bcc92",63,"Film - Colour IR",1973,6000,305,1828,7.1,478.7,FALSE,"reported"
1518887,"bcc92",64,"Film - Colour IR",1973,6000,305,1828,12.2,471.8,FALSE,"reported"
1518888,"bcc92",65,"Film - Colour IR",1973,6000,305,1828,14.8,471.8,FALSE,"reported"
1518889,"bcc92",66,"Film - Colour IR",1973,6000,305,1828,13.5,479,FALSE,"reported"
1518890,"bcc92",67,"Film - Colour IR",1973,6000,305,1828,6.8,486.9,FALSE,"reported"
1518870,"bcc92",68,"Film - Colour IR",1973,6000,305,1828,0.1,275.5,FALSE,"reported"
1518871,"bcc92",69,"Film - Colour IR",1973,6000,305,1828,0.1,268.7,FALSE,"reported"
1518872,"bcc92",70,"Film - Colour IR",1973,6000,305,1828,0.2,268.7,FALSE,"reported"
1518873,"bcc92",71,"Film - Colour IR",1973,6000,305,1828,0.2,268.4,FALSE,"reported"
1518874,"bcc92",72,"Film - Colour IR",1973,6000,305,1828,0.3,268.4,FALSE,"reported"
1518875,"bcc92",73,"Film - Colour IR",1973,6000,305,1828,0.4,268.4,FALSE,"reported"
1518876,"bcc92",74,"Film - Colour IR",1973,6000,305,1828,0.4,268.4,FALSE,"reported"
1518877,"bcc92",75,"Film - Colour IR",1973,6000,305,1828,0.2,268.8,FALSE,"reported"
1518878,"bcc92",76,"Film - Colour IR",1973,6000,305,1828,0,268.4,FALSE,"reported"
1518879,"bcc92",77,"Film - Colour IR",1973,6000,305,1828,0.1,268.4,FALSE,"reported"
1518891,"bcc92",78,"Film - Colour IR",1973,6000,305,1828,-0.9,502.3,FALSE,"reported"
1518892,"bcc92",79,"Film - Colour IR",1973,6000,305,1828,3.4,495.1,FALSE,"reported"
1518893,"bcc92",80,"Film - Colour IR",1973,6000,305,1828,5,495.1,FALSE,"reported"
1518894,"bcc92",81,"Film - Colour IR",1973,6000,305,1828,2.8,495.2,FALSE,"reported"
1518895,"bcc92",82,"Film - Colour IR",1973,6000,305,1828,0.9,495.2,FALSE,"reported"
1518896,"bcc92",83,"Film - Colour IR",1973,6000,305,1828,1.3,495.2,FALSE,"reported"
1518897,"bcc92",84,"Film - Colour IR",1973,6000,305,1828,2.1,495.2,FALSE,"reported"
1518898,"bcc92",85,"Film - Colour IR",1973,6000,305,1828,3.5,495.2,FALSE,"reported"
1518899,"bcc92",86,"Film - Colour IR",1973,6000,305,1828,6.1,495.2,FALSE,"reported"
1518900,"bcc92",87,"Film - Colour IR",1973,6000,305,1828,10.7,495.2,FALSE,"reported"
1518901,"bcc92",88,"Film - Colour IR",1973,6000,305,1828,8.3,495.2,FALSE,"reported"
1518902,"bcc92",89,"Film - Colour IR",1973,6000,305,1828,1,495.2,FALSE,"reported"
1518903,"bcc92",90,"Film - Colour IR",1973,6000,305,1828,0,495.3,FALSE,"reported"
1518904,"bcc92",91,"Film - Colour IR",1973,6000,305,1828,0.3,495.3,FALSE,"reported"
1601400,"bcf07060",1,"Film - Colour IR",2007,7000,305,2210,11.7,1357.1,FALSE,"reported"
1601401,"bcf07060",2,"Film - Colour IR",2007,7000,305,2210,3.1,1357.1,FALSE,"reported"
1601402,"bcf07060",3,"Film - Colour IR",2007,7000,305,2210,5.6,1272.4,FALSE,"reported"
1601403,"bcf07060",4,"Film - Colour IR",2007,7000,305,2210,10.7,1272.4,FALSE,"reported"
1601404,"bcf07060",5,"Film - Colour IR",2007,7000,305,2210,7.6,1276.5,FALSE,"reported"
1601405,"bcf07060",6,"Film - Colour IR",2007,7000,305,2210,3.6,1281.4,FALSE,"reported"
1601406,"bcf07060",7,"Film - Colour IR",2007,7000,305,2210,0.1,1281.4,FALSE,"reported"
1601407,"bcf07060",8,"Film - Colour IR",2007,7000,305,2210,0.1,1378.9,FALSE,"reported"
1601408,"bcf07060",9,"Film - Colour IR",2007,7000,305,2210,0.1,1390.1,FALSE,"reported"
1601409,"bcf07060",10,"Film - Colour IR",2007,7000,305,2210,1,1310.5,FALSE,"reported"
1601410,"bcf07060",11,"Film - Colour IR",2007,7000,305,2210,5.2,1310.5,FALSE,"reported"
1601411,"bcf07060",12,"Film - Colour IR",2007,7000,305,2210,7.2,1243.6,FALSE,"reported"
1601412,"bcf07060",13,"Film - Colour IR",2007,7000,305,2210,13.6,1243.6,FALSE,"reported"
1601413,"bcf07060",14,"Film - Colour IR",2007,7000,305,2210,6.1,1348.2,FALSE,"reported"
1601414,"bcf07060",15,"Film - Colour IR",2007,7000,305,2210,1.1,1272.4,FALSE,"reported"
1601415,"bcf07060",16,"Film - Colour IR",2007,7000,305,2210,2.1,1272.4,FALSE,"reported"
1601416,"bcf07060",17,"Film - Colour IR",2007,7000,305,2210,16.5,1353.8,FALSE,"reported"
1601417,"bcf07060",18,"Film - Colour IR",2007,7000,305,2210,3.7,1353.8,FALSE,"reported"
1601418,"bcf07060",19,"Film - Colour IR",2007,7000,305,2210,0.8,1289.2,FALSE,"reported"
1601419,"bcf07060",20,"Film - Colour IR",2007,7000,305,2210,0.3,1289.2,FALSE,"reported"
1601420,"bcf07060",21,"Film - Colour IR",2007,7000,305,2210,0.1,1298.2,FALSE,"reported"
1601421,"bcf07060",22,"Film - Colour IR",2007,7000,305,2210,0.1,1363.7,FALSE,"reported"
1601422,"bcf07060",23,"Film - Colour IR",2007,7000,305,2210,8.1,1260,FALSE,"reported"
1601423,"bcf07060",24,"Film - Colour IR",2007,7000,305,2210,17.4,1260,FALSE,"reported"
1601424,"bcf07060",25,"Film - Colour IR",2007,7000,305,2210,5.1,1251.3,FALSE,"reported"
1601425,"bcf07060",26,"Film - Colour IR",2007,7000,305,2210,1.3,1251.3,FALSE,"reported"
1601426,"bcf07060",27,"Film - Colour IR",2007,7000,305,2210,11.5,1351.3,FALSE,"reported"
1601427,"bcf07060",28,"Film - Colour IR",2007,7000,305,2210,33.1,1355.3,FALSE,"reported"
1601428,"bcf07060",29,"Film - Colour IR",2007,7000,305,2210,17.2,1300.3,FALSE,"reported"
1601429,"bcf07060",30,"Film - Colour IR",2007,7000,305,2210,15,1300.3,FALSE,"reported"
1601430,"bcf07060",31,"Film - Colour IR",2007,7000,305,2210,11.4,1312.6,FALSE,"reported"
1601431,"bcf07060",32,"Film - Colour IR",2007,7000,305,2210,7,1312.6,FALSE,"reported"
1601432,"bcf07060",33,"Film - Colour IR",2007,7000,305,2210,8.4,1252.4,FALSE,"reported"
1601433,"bcf07060",34,"Film - Colour IR",2007,7000,305,2210,3.6,1252.4,FALSE,"reported"
1601434,"bcf07060",35,"Film - Colour IR",2007,7000,305,2210,0,1073.4,FALSE,"reported"
1601435,"bcf07060",36,"Film - Colour IR",2007,7000,305,2210,0,1073.4,FALSE,"reported"
1601436,"bcf07060",37,"Film - Colour IR",2007,7000,305,2210,0.2,1239.2,FALSE,"reported"
1601437,"bcf07060",38,"Film - Colour IR",2007,7000,305,2210,2.3,1339.8,FALSE,"reported"
1601438,"bcf07060",39,"Film - Colour IR",2007,7000,305,2210,3.6,1336.4,FALSE,"reported"
1601439,"bcf07060",40,"Film - Colour IR",2007,7000,305,2210,3.5,1331.1,FALSE,"reported"
1601440,"bcf07060",41,"Film - Colour IR",2007,7000,305,2210,6.2,1244.7,FALSE,"reported"
1601441,"bcf07060",42,"Film - Colour IR",2007,7000,305,2210,15.7,1244.7,FALSE,"reported"
1601442,"bcf07060",43,"Film - Colour IR",2007,7000,305,2210,16.8,1350.1,FALSE,"reported"
1601443,"bcf07060",44,"Film - Colour IR",2007,7000,305,2210,11.1,1300.8,FALSE,"reported"
1601444,"bcf07060",45,"Film - Colour IR",2007,7000,305,2210,3.8,1300.8,FALSE,"reported"
1601445,"bcf07060",46,"Film - Colour IR",2007,7000,305,2210,1.5,1312.6,FALSE,"reported"
1601446,"bcf07060",47,"Film - Colour IR",2007,7000,305,2210,1.8,1312.6,FALSE,"reported"
1601447,"bcf07060",48,"Film - Colour IR",2007,7000,305,2210,0.1,1313.4,FALSE,"reported"
1601448,"bcf07060",49,"Film - Colour IR",2007,7000,305,2210,0.1,1312.5,FALSE,"reported"
1601449,"bcf07060",50,"Film - Colour IR",2007,7000,305,2210,0.1,1312.5,FALSE,"reported"
1601450,"bcf07060",51,"Film - Colour IR",2007,7000,305,2210,0.1,1274,FALSE,"reported"
1601451,"bcf07060",52,"Film - Colour IR",2007,7000,305,2210,0.1,1274,FALSE,"reported"
1601452,"bcf07060",53,"Film - Colour IR",2007,7000,305,2210,2.5,1287.2,FALSE,"reported"
1601453,"bcf07060",54,"Film - Colour IR",2007,7000,305,2210,15.6,1287.2,FALSE,"reported"
1601454,"bcf07060",55,"Film - Colour IR",2007,7000,305,2210,61,1274.5,FALSE,"reported"
1601455,"bcf07060",56,"Film - Colour IR",2007,7000,305,2210,44.1,1274.5,FALSE,"reported"
1601456,"bcf07060",57,"Film - Colour IR",2007,7000,305,2210,2.4,1283.6,FALSE,"reported"
1601457,"bcf07060",58,"Film - Colour IR",2007,7000,305,2210,0.1,1283.6,FALSE,"reported"
1601458,"bcf07060",59,"Film - Colour IR",2007,7000,305,2210,0.1,1293.8,FALSE,"reported"
1601459,"bcf07060",60,"Film - Colour IR",2007,7000,305,2210,0.1,1270,FALSE,"reported"
1601460,"bcf07060",61,"Film - Colour IR",2007,7000,305,2210,0.1,1270,FALSE,"reported"
1601461,"bcf07060",62,"Film - Colour IR",2007,7000,305,2210,0.1,1264.2,FALSE,"reported"
1601462,"bcf07060",63,"Film - Colour IR",2007,7000,305,2210,0.6,1264.2,FALSE,"reported"
1601463,"bcf07060",64,"Film - Colour IR",2007,7000,305,2210,0.5,1294,FALSE,"reported"
1601464,"bcf07060",65,"Film - Colour IR",2007,7000,305,2210,4.5,1294,FALSE,"reported"
1601465,"bcf07060",66,"Film - Colour IR",2007,7000,305,2210,0.4,1302.9,FALSE,"reported"
1601466,"bcf07060",67,"Film - Colour IR",2007,7000,305,2210,24.7,1214.9,FALSE,"reported"
1601467,"bcf07060",68,"Film - Colour IR",2007,7000,305,2210,50.7,1214.9,FALSE,"reported"
1601468,"bcf07060",69,"Film - Colour IR",2007,7000,305,2210,50.2,1297.8,FALSE,"reported"
1601469,"bcf07060",70,"Film - Colour IR",2007,7000,305,2210,40.4,1254.3,FALSE,"reported"
1601470,"bcf07060",71,"Film - Colour IR",2007,7000,305,2210,55.5,1158.8,FALSE,"reported"
1601471,"bcf07060",72,"Film - Colour IR",2007,7000,305,2210,62.8,1158.8,FALSE,"reported"
1601472,"bcf07060",73,"Film - Colour IR",2007,7000,305,2210,11.8,1261.9,FALSE,"reported"
1601473,"bcf07060",74,"Film - Colour IR",2007,7000,305,2210,9.5,1261.9,FALSE,"reported"
1601474,"bcf07060",75,"Film - Colour IR",2007,7000,305,2210,47.3,1278.4,FALSE,"reported"
1601475,"bcf07060",76,"Film - Colour IR",2007,7000,305,2210,31.2,1281.6,FALSE,"reported"
1601476,"bcf07060",77,"Film - Colour IR",2007,7000,305,2210,12.4,1292.2,FALSE,"reported"
1601477,"bcf07060",78,"Film - Colour IR",2007,7000,305,2210,0.5,1285,FALSE,"reported"
1601478,"bcf07060",79,"Film - Colour IR",2007,7000,305,2210,0.1,1285,FALSE,"reported"
1601479,"bcf07060",80,"Film - Colour IR",2007,7000,305,2210,0.1,1366.3,FALSE,"reported"
1601480,"bcf07060",81,"Film - Colour IR",2007,7000,305,2210,0.1,1353,FALSE,"reported"
1601481,"bcf07060",82,"Film - Colour IR",2007,7000,305,2210,0.1,1353,FALSE,"reported"
1601482,"bcf07060",83,"Film - Colour IR",2007,7000,305,2210,0.1,1268.6,FALSE,"reported"
1601483,"bcf07060",84,"Film - Colour IR",2007,7000,305,2210,0.5,1268.6,FALSE,"reported"
1601484,"bcf07060",85,"Film - Colour IR",2007,7000,305,2210,0.3,1288.3,FALSE,"reported"
1601485,"bcf07060",86,"Film - Colour IR",2007,7000,305,2210,0.1,1288.3,FALSE,"reported"
1601486,"bcf07060",87,"Film - Colour IR",2007,7000,305,2210,6,1271.3,FALSE,"reported"
1601487,"bcf07060",88,"Film - Colour IR",2007,7000,305,2210,18.2,1271.3,FALSE,"reported"
1601488,"bcf07060",89,"Film - Colour IR",2007,7000,305,2210,12.3,1296.4,FALSE,"reported"
1601489,"bcf07060",90,"Film - Colour IR",2007,7000,305,2210,0,1308.4,FALSE,"reported"
1601490,"bcf07060",91,"Film - Colour IR",2007,7000,305,2210,33.5,1271.7,FALSE,"reported"
1601491,"bcf07060",92,"Film - Colour IR",2007,7000,305,2210,34.4,1271.7,FALSE,"reported"
1601492,"bcf07060",93,"Film - Colour IR",2007,7000,305,2210,13.2,1278.2,FALSE,"reported"
1601493,"bcf07060",94,"Film - Colour IR",2007,7000,305,2210,16.7,1307.1,FALSE,"reported"
1601494,"bcf07060",95,"Film - Colour IR",2007,7000,305,2210,17.6,1222.3,FALSE,"reported"
1601495,"bcf07060",96,"Film - Colour IR",2007,7000,305,2210,17.6,1222.3,FALSE,"reported"
1601496,"bcf07060",97,"Film - Colour IR",2007,7000,305,2210,9.1,1382.6,FALSE,"reported"
1601497,"bcf07060",98,"Film - Colour IR",2007,7000,305,2286,0.4,1384.4,FALSE,"reported"
1601498,"bcf07060",99,"Film - Colour IR",2007,7000,305,2286,12.4,1296.1,FALSE,"reported"
1601499,"bcf07060",100,"Film - Colour IR",2007,7000,305,2286,44.7,1296.1,FALSE,"reported"
1601500,"bcf07060",101,"Film - Colour IR",2007,7000,305,2286,26.1,1322.2,FALSE,"reported"
1601501,"bcf07060",102,"Film - Colour IR",2007,7000,305,2286,-0.1,1335.6,FALSE,"reported"
1601502,"bcf07060",103,"Film - Colour IR",2007,7000,305,2286,0,1350.7,FALSE,"reported"
1601503,"bcf07060",104,"Film - Colour IR",2007,7000,305,2210,0.1,1353.7,FALSE,"reported"
1601504,"bcf07060",105,"Film - Colour IR",2007,7000,305,2210,0.2,1297.3,FALSE,"reported"
1601505,"bcf07060",106,"Film - Colour IR",2007,7000,305,2210,1.7,1297.3,FALSE,"reported"
1601506,"bcf07060",107,"Film - Colour IR",2007,7000,305,2210,0.5,1328.1,FALSE,"reported"
1601507,"bcf07060",108,"Film - Colour IR",2007,7000,305,2210,0.1,1275.5,FALSE,"reported"
1601508,"bcf07060",109,"Film - Colour IR",2007,7000,305,2210,0.3,1275.5,FALSE,"reported"
1601509,"bcf07060",110,"Film - Colour IR",2007,7000,305,2210,0.1,1266.7,FALSE,"reported"
1601510,"bcf07060",111,"Film - Colour IR",2007,7000,305,2210,0.1,1266.7,FALSE,"reported"
1601511,"bcf07060",112,"Film - Colour IR",2007,7000,305,2210,0.1,1369.2,FALSE,"reported"
1601512,"bcf07060",113,"Film - Colour IR",2007,7000,305,2210,0.1,1280.7,FALSE,"reported"
1601513,"bcf07060",114,"Film - Colour IR",2007,7000,305,2210,0.1,1280.7,FALSE,"reported"
1601514,"bcf07060",115,"Film - Colour IR",2007,7000,305,2210,0.2,1282.1,FALSE,"reported"
1601515,"bcf07060",116,"Film - Colour IR",2007,7000,305,2210,4.2,1282.1,FALSE,"reported"
1601516,"bcf07060",117,"Film - Colour IR",2007,7000,305,2210,2.9,1292.9,FALSE,"reported"
1601517,"bcf07060",118,"Film - Colour IR",2007,7000,305,2210,4.3,1292.9,FALSE,"reported"
1601518,"bcf07060",119,"Film - Colour IR",2007,7000,305,2210,5.9,1314.8,FALSE,"reported"
1601519,"bcf07060",120,"Film - Colour IR",2007,7000,305,2210,4.9,1323.7,FALSE,"reported"
1601520,"bcf07060",121,"Film - Colour IR",2007,7000,305,2210,0.5,1241.2,FALSE,"reported"
1601521,"bcf07060",122,"Film - Colour IR",2007,7000,305,2210,0.2,1241.2,FALSE,"reported"
1601522,"bcf07060",123,"Film - Colour IR",2007,7000,305,2210,0.1,1348.1,FALSE,"reported"
1601523,"bcf07060",124,"Film - Colour IR",2007,7000,305,2210,0.2,1348.1,FALSE,"reported"
1601524,"bcf07060",125,"Film - Colour IR",2007,7000,305,2210,20.8,1378.9,FALSE,"reported"
1601525,"bcf07060",126,"Film - Colour IR",2007,7000,305,2210,10.9,1275.3,FALSE,"reported"
1601526,"bcf07060",127,"Film - Colour IR",2007,7000,305,2210,2.5,1275.3,FALSE,"reported"
1601527,"bcf07060",128,"Film - Colour IR",2007,7000,305,2210,5.4,1276.3,FALSE,"reported"
1601528,"bcf07060",129,"Film - Colour IR",2007,7000,305,2210,4.1,1276.9,FALSE,"reported"
1601529,"bcf07060",130,"Film - Colour IR",2007,7000,305,2210,1.1,1276.9,FALSE,"reported"
1601530,"bcf07060",131,"Film - Colour IR",2007,7000,305,2210,0.1,1264.3,FALSE,"reported"
1601531,"bcf07060",132,"Film - Colour IR",2007,7000,305,2210,0.1,1264.3,FALSE,"reported"
1601532,"bcf07060",133,"Film - Colour IR",2007,7000,305,2210,0.1,1369.8,FALSE,"reported"
1601533,"bcf07060",134,"Film - Colour IR",2007,7000,305,2210,0,1251.2,FALSE,"reported"
1601534,"bcf07060",135,"Film - Colour IR",2007,7000,305,2210,0,1251.2,FALSE,"reported"
1601535,"bcf07060",136,"Film - Colour IR",2007,7000,305,2210,0,1132.9,FALSE,"reported"
1601536,"bcf07060",137,"Film - Colour IR",2007,7000,305,2210,0,1132.9,FALSE,"reported"
1601537,"bcf07060",138,"Film - Colour IR",2007,7000,305,2210,0,1311.5,FALSE,"reported"
1601538,"bcf07060",139,"Film - Colour IR",2007,7000,305,2210,0,1328.1,FALSE,"reported"
1601539,"bcf07060",140,"Film - Colour IR",2007,7000,305,2210,0,1347.4,FALSE,"reported"
1601540,"bcf07060",141,"Film - Colour IR",2007,7000,305,2210,0.1,1253.3,FALSE,"reported"
1601541,"bcf07060",142,"Film - Colour IR",2007,7000,305,2210,0.1,1253.3,FALSE,"reported"
1601542,"bcf07060",143,"Film - Colour IR",2007,7000,305,2210,0.2,1253.3,FALSE,"reported"
1601543,"bcf07060",144,"Film - Colour IR",2007,7000,305,2210,0.4,1253.3,FALSE,"reported"
1601544,"bcf07060",145,"Film - Colour IR",2007,7000,305,2210,1.2,1366.6,FALSE,"reported"
1601545,"bcf07060",146,"Film - Colour IR",2007,7000,305,2210,4.3,1266.7,FALSE,"reported"
1601546,"bcf07060",147,"Film - Colour IR",2007,7000,305,2210,8.9,1266.7,FALSE,"reported"
1601547,"bcf07060",148,"Film - Colour IR",2007,7000,305,2210,14.2,1275.7,FALSE,"reported"
1601548,"bcf07060",149,"Film - Colour IR",2007,7000,305,2210,9.3,1275.7,FALSE,"reported"
1601549,"bcf07060",150,"Film - Colour IR",2007,7000,305,2210,4.9,1277.5,FALSE,"reported"
1601550,"bcf07060",151,"Film - Colour IR",2007,7000,305,2210,1.1,1277.5,FALSE,"reported"
1601551,"bcf07060",152,"Film - Colour IR",2007,7000,305,2210,1.1,1279.7,FALSE,"reported"
1601552,"bcf07060",153,"Film - Colour IR",2007,7000,305,2210,0.2,1394.1,FALSE,"reported"
1601553,"bcf07060",154,"Film - Colour IR",2007,7000,305,2210,0.2,1351.2,FALSE,"reported"
1601554,"bcf07060",155,"Film - Colour IR",2007,7000,305,2210,1.6,1351.2,FALSE,"reported"
1601555,"bcf07060",156,"Film - Colour IR",2007,7000,305,2210,8.1,1269.8,FALSE,"reported"
1601556,"bcf07060",157,"Film - Colour IR",2007,7000,305,2210,4.8,1269.8,FALSE,"reported"
1601557,"bcf07060",158,"Film - Colour IR",2007,7000,305,2210,3.7,1296.2,FALSE,"reported"
1601558,"bcf07060",159,"Film - Colour IR",2007,7000,305,2210,7.6,1296.2,FALSE,"reported"
1601559,"bcf07060",160,"Film - Colour IR",2007,7000,305,2210,2.1,1305.1,FALSE,"reported"
1601560,"bcf07060",161,"Film - Colour IR",2007,7000,305,2210,0.4,1305,FALSE,"reported"
1601561,"bcf07060",162,"Film - Colour IR",2007,7000,305,2210,1.2,1305,FALSE,"reported"
1601562,"bcf07060",163,"Film - Colour IR",2007,7000,305,2210,2.1,1337.3,FALSE,"reported"
1601563,"bcf07060",164,"Film - Colour IR",2007,7000,305,2210,0.8,1300.6,FALSE,"reported"
1601564,"bcf07060",165,"Film - Colour IR",2007,7000,305,2210,0.1,1263.1,FALSE,"reported"
1601565,"bcf07060",166,"Film - Colour IR",2007,7000,305,2210,0,1263.1,FALSE,"reported"
1601566,"bcf07060",167,"Film - Colour IR",2007,7000,305,2210,0,1340.2,FALSE,"reported"
1601567,"bcf07060",168,"Film - Colour IR",2007,7000,305,2210,0,1324.8,FALSE,"reported"
1601568,"bcf07060",169,"Film - Colour IR",2007,7000,305,2210,0,1315.4,FALSE,"reported"
1601569,"bcf07060",170,"Film - Colour IR",2007,7000,305,2210,0,1315.4,FALSE,"reported"
1601570,"bcf07060",171,"Film - Colour IR",2007,7000,305,2210,0.2,1227.5,FALSE,"reported"
1601571,"bcf07060",172,"Film - Colour IR",2007,7000,305,2210,0.2,1227.5,FALSE,"reported"
1601572,"bcf07060",173,"Film - Colour IR",2007,7000,305,2210,0.9,1351.6,FALSE,"reported"
1601573,"bcf07060",174,"Film - Colour IR",2007,7000,305,2210,0.8,1238.3,FALSE,"reported"
1601574,"bcf07060",175,"Film - Colour IR",2007,7000,305,2210,0.2,1238.3,FALSE,"reported"
1601575,"bcf07060",176,"Film - Colour IR",2007,7000,305,2210,0.1,1349.6,FALSE,"reported"
1601576,"bcf07060",177,"Film - Colour IR",2007,7000,305,2210,0.4,1344.9,FALSE,"reported"
1601577,"bcf07060",178,"Film - Colour IR",2007,7000,305,2210,4.1,1340.1,FALSE,"reported"
1601578,"bcf07060",179,"Film - Colour IR",2007,7000,305,2210,10.2,1340.1,FALSE,"reported"
1601579,"bcf07060",180,"Film - Colour IR",2007,7000,305,2210,6.8,1284.7,FALSE,"reported"
1601580,"bcf07060",181,"Film - Colour IR",2007,7000,305,2210,1,1278.1,FALSE,"reported"
1601581,"bcf07060",182,"Film - Colour IR",2007,7000,305,2210,0.2,1278.1,FALSE,"reported"
1601582,"bcf07060",183,"Film - Colour IR",2007,7000,305,2210,0.1,1273.4,FALSE,"reported"
1601583,"bcf07060",184,"Film - Colour IR",2007,7000,305,2210,0.1,1273.4,FALSE,"reported"
1601584,"bcf07060",185,"Film - Colour IR",2007,7000,305,2210,0.6,1286.3,FALSE,"reported"
1601585,"bcf07060",186,"Film - Colour IR",2007,7000,305,2210,0.2,1286.3,FALSE,"reported"
1601586,"bcf07060",187,"Film - Colour IR",2007,7000,305,2210,0.2,1287.4,FALSE,"reported"
1601587,"bcf07060",188,"Film - Colour IR",2007,7000,305,2210,0.1,1334.4,FALSE,"reported"
1601588,"bcf07060",189,"Film - Colour IR",2007,7000,305,2210,0.1,1334.4,FALSE,"reported"
1601589,"bcf07060",190,"Film - Colour IR",2007,7000,305,2210,0.1,1352.4,FALSE,"reported"
1601590,"bcf07060",191,"Film - Colour IR",2007,7000,305,2210,0.5,1251,FALSE,"reported"
1601591,"bcf07060",192,"Film - Colour IR",2007,7000,305,2210,5.2,1251,FALSE,"reported"
1601592,"bcf07060",193,"Film - Colour IR",2007,7000,305,2210,10,1272.4,FALSE,"reported"
1601593,"bcf07060",194,"Film - Colour IR",2007,7000,305,2210,12.3,1272.4,FALSE,"reported"
1601594,"bcf07060",195,"Film - Colour IR",2007,7000,305,2210,36.1,1260.9,FALSE,"reported"
1601595,"bcf07060",196,"Film - Colour IR",2007,7000,305,2210,19.2,1260.9,FALSE,"reported"
1601596,"bcf07060",197,"Film - Colour IR",2007,7000,305,2210,10.5,1261.2,FALSE,"reported"
1601597,"bcf07060",198,"Film - Colour IR",2007,7000,305,2210,7.5,1261.2,FALSE,"reported"
1601598,"bcf07060",199,"Film - Colour IR",2007,7000,305,2210,15.2,1263.3,FALSE,"reported"
1601599,"bcf07060",200,"Film - Colour IR",2007,7000,305,2210,10.5,1263.3,FALSE,"reported"
1601600,"bcf07060",201,"Film - Colour IR",2007,7000,305,2210,3.3,1269.3,FALSE,"reported"
1601601,"bcf07060",202,"Film - Colour IR",2007,7000,305,2210,3.3,1269.3,FALSE,"reported"
1601602,"bcf07060",203,"Film - Colour IR",2007,7000,305,2210,0.8,1269.4,FALSE,"reported"
1601603,"bcf07060",204,"Film - Colour IR",2007,7000,305,2210,0.1,1266.6,FALSE,"reported"
1601604,"bcf07060",205,"Film - Colour IR",2007,7000,305,2210,0.1,1266.6,FALSE,"reported"
1601605,"bcf07060",206,"Film - Colour IR",2007,7000,305,2210,0.6,1275.4,FALSE,"reported"
1601606,"bcf07060",207,"Film - Colour IR",2007,7000,305,2210,1.4,1275.4,FALSE,"reported"
1601607,"bcf07060",208,"Film - Colour IR",2007,7000,305,2210,0.1,1277.7,FALSE,"reported"
1601608,"bcf07060",209,"Film - Colour IR",2007,7000,305,2210,0.1,1272.7,FALSE,"reported"
1601609,"bcf07060",210,"Film - Colour IR",2007,7000,305,2210,0.2,1272.7,FALSE,"reported"
1601610,"bcf07060",211,"Film - Colour IR",2007,7000,305,2210,10.4,1280.8,FALSE,"reported"
1601611,"bcf07060",212,"Film - Colour IR",2007,7000,305,2210,20.1,1280.8,FALSE,"reported"
1601612,"bcf07060",213,"Film - Colour IR",2007,7000,305,2210,17.3,1273.3,FALSE,"reported"
1601613,"bcf07060",214,"Film - Colour IR",2007,7000,305,2210,12.9,1273.3,FALSE,"reported"
1601614,"bcf07060",215,"Film - Colour IR",2007,7000,305,2210,10.1,1273.2,FALSE,"reported"
1601615,"bcf07060",216,"Film - Colour IR",2007,7000,305,2210,3.8,1273.2,FALSE,"reported"
1601616,"bcf07060",217,"Film - Colour IR",2007,7000,305,2210,0.2,1375.9,FALSE,"reported"
1601617,"bcf07060",218,"Film - Colour IR",2007,7000,305,2210,2.2,1377.5,FALSE,"reported"
1601618,"bcf07060",219,"Film - Colour IR",2007,7000,305,2210,7.8,1253.6,FALSE,"reported"
1601619,"bcf07060",220,"Film - Colour IR",2007,7000,305,2210,1.8,1253.6,FALSE,"reported"
1601620,"bcf07060",221,"Film - Colour IR",2007,7000,305,2210,6.5,1249.3,FALSE,"reported"
1601621,"bcf07060",222,"Film - Colour IR",2007,7000,305,2210,5.3,1249.3,FALSE,"reported"
1601622,"bcf07060",223,"Film - Colour IR",2007,7000,305,2210,2.2,1253.9,FALSE,"reported"
1601623,"bcf07060",224,"Film - Colour IR",2007,7000,305,2210,1.3,1253.9,FALSE,"reported"
1601624,"bcf07060",225,"Film - Colour IR",2007,7000,305,2210,0.4,1249.3,FALSE,"reported"
1601625,"bcf07060",226,"Film - Colour IR",2007,7000,305,2210,0.1,1116,FALSE,"reported"
1601626,"bcf07060",227,"Film - Colour IR",2007,7000,305,2210,0.1,1116,FALSE,"reported"
1601627,"bcf07060",228,"Film - Colour IR",2007,7000,305,2210,0.3,1336,FALSE,"reported"
1601628,"bcf07060",229,"Film - Colour IR",2007,7000,305,2210,1.2,1334,FALSE,"reported"
1601629,"bcf07060",230,"Film - Colour IR",2007,7000,305,2210,1.1,1319,FALSE,"reported"
1601630,"bcf07060",231,"Film - Colour IR",2007,7000,305,2210,2,1319,FALSE,"reported"
1601631,"bcf07060",232,"Film - Colour IR",2007,7000,305,2210,1.5,1324.6,FALSE,"reported"
1601632,"bcf07060",233,"Film - Colour IR",2007,7000,305,2210,0.5,1322.5,FALSE,"reported"
1601633,"bcf07060",234,"Film - Colour IR",2007,7000,305,2210,0.2,1322.5,FALSE,"reported"
1601634,"bcf07060",235,"Film - Colour IR",2007,7000,305,2210,0.1,1333.8,FALSE,"reported"
1601635,"bcf07060",236,"Film - Colour IR",2007,7000,305,2210,12.8,1372.3,FALSE,"reported"
1601636,"bcf07060",237,"Film - Colour IR",2007,7000,305,2210,14.5,1251.1,FALSE,"reported"
1601637,"bcf07060",238,"Film - Colour IR",2007,7000,305,2210,4.4,1251.1,FALSE,"reported"
1601638,"bcf07060",239,"Film - Colour IR",2007,7000,305,2210,0.3,1249.2,FALSE,"reported"
1601639,"bcf07060",240,"Film - Colour IR",2007,7000,305,2210,0.1,1249.2,FALSE,"reported"
1601640,"bcf07060",241,"Film - Colour IR",2007,7000,305,2210,0.1,1375.5,FALSE,"reported"
1601641,"bcf07060",242,"Film - Colour IR",2007,7000,305,2210,0.1,1375.5,FALSE,"reported"
1601642,"bcf07060",243,"Film - Colour IR",2007,7000,305,2210,0.1,1329.6,FALSE,"reported"
1601643,"bcf07060",244,"Film - Colour IR",2007,7000,305,2210,0.1,1329.6,FALSE,"reported"
1601644,"bcf07060",245,"Film - Colour IR",2007,7000,305,2210,0.1,1335.1,FALSE,"reported"
1601645,"bcf07060",246,"Film - Colour IR",2007,7000,305,2210,1.8,1332.1,FALSE,"reported"
1601646,"bcf07060",247,"Film - Colour IR",2007,7000,305,2210,9.7,1332.1,FALSE,"reported"
1520487,"bcf335",1,"Film - Colour IR",1985,10000,305,4054,785.7,907.1,FALSE,"reported"
1520488,"bcf335",2,"Film - Colour IR",1985,10000,305,4054,797.2,894.9,FALSE,"reported"
1520489,"bcf335",3,"Film - Colour IR",1985,10000,305,4054,806.1,894.9,FALSE,"reported"
1520490,"bcf335",4,"Film - Colour IR",1985,10000,305,4054,827.2,901,FALSE,"reported"
1520491,"bcf335",5,"Film - Colour IR",1985,10000,305,4054,833,901,FALSE,"reported"
1520492,"bcf335",6,"Film - Colour IR",1985,10000,305,4054,811.6,894.9,FALSE,"reported"
1520493,"bcf335",7,"Film - Colour IR",1985,10000,305,4054,776,894.9,FALSE,"reported"
1520494,"bcf335",8,"Film - Colour IR",1985,10000,305,4054,765,901,FALSE,"reported"
1520495,"bcf335",9,"Film - Colour IR",1985,10000,305,4054,776.7,901,FALSE,"reported"
1520496,"bcf335",10,"Film - Colour IR",1985,10000,305,4054,818.9,901,FALSE,"reported"
1520497,"bcf335",11,"Film - Colour IR",1985,10000,305,4054,895.9,901.4,FALSE,"reported"
1520498,"bcf335",12,"Film - Colour IR",1985,10000,305,4054,954.1,901.4,FALSE,"reported"
1520499,"bcf335",13,"Film - Colour IR",1985,10000,305,4054,933.2,901.3,FALSE,"reported"
1520500,"bcf335",14,"Film - Colour IR",1985,10000,305,4054,886.4,901.3,FALSE,"reported"
1520501,"bcf335",15,"Film - Colour IR",1985,10000,305,4054,859.7,901.3,FALSE,"reported"
1520502,"bcf335",16,"Film - Colour IR",1985,10000,305,4054,866.4,901.3,FALSE,"reported"
1520503,"bcf335",17,"Film - Colour IR",1985,10000,305,4054,868.9,901.3,FALSE,"reported"
1520466,"bcf335",18,"Film - Colour IR",1985,10000,305,4054,714.5,871,FALSE,"reported"
1520467,"bcf335",19,"Film - Colour IR",1985,10000,305,4054,737.8,871,FALSE,"reported"
1520468,"bcf335",20,"Film - Colour IR",1985,10000,305,4054,782.9,871,FALSE,"reported"
1520469,"bcf335",21,"Film - Colour IR",1985,10000,305,4054,835.6,871,FALSE,"reported"
1520470,"bcf335",22,"Film - Colour IR",1985,10000,305,4054,843.5,871,FALSE,"reported"
1520471,"bcf335",23,"Film - Colour IR",1985,10000,305,4054,822.4,871,FALSE,"reported"
1520472,"bcf335",24,"Film - Colour IR",1985,10000,305,4054,838,871,FALSE,"reported"
1520473,"bcf335",25,"Film - Colour IR",1985,10000,305,4054,883.5,864.9,FALSE,"reported"
1520474,"bcf335",26,"Film - Colour IR",1985,10000,305,4054,884.5,864.9,FALSE,"reported"
1520475,"bcf335",27,"Film - Colour IR",1985,10000,305,4054,844.3,871,FALSE,"reported"
1520476,"bcf335",28,"Film - Colour IR",1985,10000,305,4054,805.6,871,FALSE,"reported"
1520504,"bcf335",29,"Film - Colour IR",1985,10000,305,4054,781.7,906.9,FALSE,"reported"
1520505,"bcf335",30,"Film - Colour IR",1985,10000,305,4054,797.9,906.8,FALSE,"reported"
1520506,"bcf335",31,"Film - Colour IR",1985,10000,305,4054,830.8,906.8,FALSE,"reported"
1520507,"bcf335",32,"Film - Colour IR",1985,10000,305,4054,865.1,906.8,FALSE,"reported"
1520508,"bcf335",33,"Film - Colour IR",1985,10000,305,4054,862.9,906.8,FALSE,"reported"
1520509,"bcf335",34,"Film - Colour IR",1985,10000,305,4054,818.2,906.8,FALSE,"reported"
1520510,"bcf335",35,"Film - Colour IR",1985,10000,305,4054,781.5,906.8,FALSE,"reported"
1520511,"bcf335",36,"Film - Colour IR",1985,10000,305,4054,790.6,906.8,FALSE,"reported"
1520512,"bcf335",37,"Film - Colour IR",1985,10000,305,4054,844.6,906.8,FALSE,"reported"
1520513,"bcf335",38,"Film - Colour IR",1985,10000,305,4054,917,906.8,FALSE,"reported"
1520514,"bcf335",39,"Film - Colour IR",1985,10000,305,4054,961.6,906.8,FALSE,"reported"
1520515,"bcf335",40,"Film - Colour IR",1985,10000,305,4054,954,906.8,FALSE,"reported"
1520516,"bcf335",41,"Film - Colour IR",1985,10000,305,4054,932.9,949.7,FALSE,"reported"
1520517,"bcf335",42,"Film - Colour IR",1985,10000,305,4054,916.3,949.7,FALSE,"reported"
1520518,"bcf335",43,"Film - Colour IR",1985,10000,305,4054,886.8,955.8,FALSE,"reported"
1520519,"bcf335",44,"Film - Colour IR",1985,10000,305,4054,863,955.8,FALSE,"reported"
1520477,"bcf335",45,"Film - Colour IR",1985,10000,305,4054,784.6,999.4,FALSE,"reported"
1520478,"bcf335",46,"Film - Colour IR",1985,10000,305,4054,843.7,993.3,FALSE,"reported"
1520479,"bcf335",47,"Film - Colour IR",1985,10000,305,4054,863.2,993.3,FALSE,"reported"
1520480,"bcf335",48,"Film - Colour IR",1985,10000,305,4054,840.8,993.3,FALSE,"reported"
1520481,"bcf335",49,"Film - Colour IR",1985,10000,305,4054,836.7,993.3,FALSE,"reported"
1520482,"bcf335",50,"Film - Colour IR",1985,10000,305,4054,875.8,999.4,FALSE,"reported"
1520483,"bcf335",51,"Film - Colour IR",1985,10000,305,4054,918.8,1054.6,FALSE,"reported"
1520484,"bcf335",52,"Film - Colour IR",1985,10000,305,4054,870.5,1048.5,FALSE,"reported"
1520485,"bcf335",53,"Film - Colour IR",1985,10000,305,4054,809.5,1048.5,FALSE,"reported"
1520486,"bcf335",54,"Film - Colour IR",1985,10000,305,4054,775.9,1054.6,FALSE,"reported"
1520520,"bcf335",55,"Film - Colour IR",1985,10000,305,4054,744.6,955.4,FALSE,"reported"
1520521,"bcf335",56,"Film - Colour IR",1985,10000,305,4054,772.4,955.4,FALSE,"reported"
1520522,"bcf335",57,"Film - Colour IR",1985,10000,305,4054,791.1,949.3,FALSE,"reported"
1520523,"bcf335",58,"Film - Colour IR",1985,10000,305,4054,822.1,949.3,FALSE,"reported"
1520524,"bcf335",59,"Film - Colour IR",1985,10000,305,4054,871.2,955.4,FALSE,"reported"
1520525,"bcf335",60,"Film - Colour IR",1985,10000,305,4054,888.4,931.6,FALSE,"reported"
1520526,"bcf335",61,"Film - Colour IR",1985,10000,305,4054,860.2,919.1,FALSE,"reported"
1520527,"bcf335",62,"Film - Colour IR",1985,10000,305,4054,825.2,919.1,FALSE,"reported"
1520528,"bcf335",63,"Film - Colour IR",1985,10000,305,4054,807.2,919.1,FALSE,"reported"
1520529,"bcf335",64,"Film - Colour IR",1985,10000,305,4054,829.6,919.1,FALSE,"reported"
1520530,"bcf335",65,"Film - Colour IR",1985,10000,305,4054,893.8,919,FALSE,"reported"
1520531,"bcf335",66,"Film - Colour IR",1985,10000,305,4054,955.8,919,FALSE,"reported"
1520532,"bcf335",67,"Film - Colour IR",1985,10000,305,4054,997.7,919,FALSE,"reported"
1520533,"bcf335",68,"Film - Colour IR",1985,10000,305,4054,1030.3,919,FALSE,"reported"
1520534,"bcf335",69,"Film - Colour IR",1985,10000,305,4054,1023.8,919,FALSE,"reported"
1520535,"bcf335",70,"Film - Colour IR",1985,10000,305,4054,968.1,919,FALSE,"reported"
1520536,"bcf335",71,"Film - Colour IR",1985,10000,305,4054,885.1,919,FALSE,"reported"
1520537,"bcf335",72,"Film - Colour IR",1985,10000,305,4054,872.4,900.3,FALSE,"reported"
1520538,"bcf335",73,"Film - Colour IR",1985,10000,305,4054,944.6,894.1,FALSE,"reported"
1520539,"bcf335",74,"Film - Colour IR",1985,10000,305,4054,1008.7,894.1,FALSE,"reported"
1520540,"bcf335",75,"Film - Colour IR",1985,10000,305,4054,1024.5,894.2,FALSE,"reported"
1520541,"bcf335",76,"Film - Colour IR",1985,10000,305,4054,988.8,894.2,FALSE,"reported"
1520542,"bcf335",77,"Film - Colour IR",1985,10000,305,4054,931,894.2,FALSE,"reported"
1520543,"bcf335",78,"Film - Colour IR",1985,10000,305,4054,869.7,894.2,FALSE,"reported"
1520544,"bcf335",79,"Film - Colour IR",1985,10000,305,4054,829.8,894.2,FALSE,"reported"
1520545,"bcf335",80,"Film - Colour IR",1985,10000,305,4054,830,900.4,FALSE,"reported"
1520546,"bcf335",81,"Film - Colour IR",1985,10000,305,4054,878,1028.6,FALSE,"reported"
1520547,"bcf335",82,"Film - Colour IR",1985,10000,305,4054,919.3,1034.7,FALSE,"reported"
1520548,"bcf335",83,"Film - Colour IR",1985,10000,305,4054,897.4,1028.6,FALSE,"reported"
1520549,"bcf335",84,"Film - Colour IR",1985,10000,305,4054,832.6,1028.6,FALSE,"reported"
1520550,"bcf335",85,"Film - Colour IR",1985,10000,305,4054,793.3,1034.7,FALSE,"reported"
1520551,"bcf335",86,"Film - Colour IR",1985,10000,305,4054,768.9,1034.7,FALSE,"reported"
1520552,"bcf335",87,"Film - Colour IR",1985,10000,305,4054,733.7,1034.8,FALSE,"reported"
1520553,"bcf335",88,"Film - Colour IR",1985,10000,305,4054,717.4,1058.9,FALSE,"reported"
1520554,"bcf335",89,"Film - Colour IR",1985,10000,305,4054,754,1058.9,FALSE,"reported"
1520555,"bcf335",90,"Film - Colour IR",1985,10000,305,4054,788.9,1022.2,FALSE,"reported"
1520556,"bcf335",91,"Film - Colour IR",1985,10000,305,4054,827.8,1022.1,FALSE,"reported"
1520557,"bcf335",92,"Film - Colour IR",1985,10000,305,4054,890.3,1022.1,FALSE,"reported"
1520558,"bcf335",93,"Film - Colour IR",1985,10000,305,4054,937,1022.1,FALSE,"reported"
1520559,"bcf335",94,"Film - Colour IR",1985,10000,305,4054,952,1022.1,FALSE,"reported"
1520560,"bcf335",95,"Film - Colour IR",1985,10000,305,4054,917.3,1022.1,FALSE,"reported"
1520561,"bcf335",96,"Film - Colour IR",1985,10000,305,4054,871.8,1016,FALSE,"reported"
1520562,"bcf335",97,"Film - Colour IR",1985,10000,305,4054,884.3,1016,FALSE,"reported"
1520563,"bcf335",98,"Film - Colour IR",1985,10000,305,4054,951.7,1022.1,FALSE,"reported"
1520564,"bcf335",99,"Film - Colour IR",1985,10000,305,4054,996.4,1022.1,FALSE,"reported"
1520565,"bcf335",100,"Film - Colour IR",1985,10000,305,4054,998.9,814.3,FALSE,"reported"
1520566,"bcf335",101,"Film - Colour IR",1985,10000,305,4054,955.9,808.1,FALSE,"reported"
1520567,"bcf335",102,"Film - Colour IR",1985,10000,305,4054,895.7,808.1,FALSE,"reported"
1520568,"bcf335",103,"Film - Colour IR",1985,10000,305,4054,860.8,808.1,FALSE,"reported"
1520569,"bcf335",104,"Film - Colour IR",1985,10000,305,4054,939.6,1064.6,FALSE,"reported"
1520570,"bcf335",105,"Film - Colour IR",1985,10000,305,4054,1009.7,1064.6,FALSE,"reported"
1520571,"bcf335",106,"Film - Colour IR",1985,10000,305,4054,995,1064.6,FALSE,"reported"
1520572,"bcf335",107,"Film - Colour IR",1985,10000,305,4054,931.1,1064.6,FALSE,"reported"
1520573,"bcf335",108,"Film - Colour IR",1985,10000,305,4054,904.4,1064.6,FALSE,"reported"
1520574,"bcf335",109,"Film - Colour IR",1985,10000,305,4054,934.3,1064.6,FALSE,"reported"
1520575,"bcf335",110,"Film - Colour IR",1985,10000,305,4054,939.8,1064.6,FALSE,"reported"
1520576,"bcf335",111,"Film - Colour IR",1985,10000,305,4054,884.3,1120.4,FALSE,"reported"
1520577,"bcf335",112,"Film - Colour IR",1985,10000,305,4054,834.3,1120.4,FALSE,"reported"
1520578,"bcf335",113,"Film - Colour IR",1985,10000,305,4054,801.3,1120.5,FALSE,"reported"
1520579,"bcf335",114,"Film - Colour IR",1985,10000,305,4054,782.1,1120.6,FALSE,"reported"
1520580,"bcf335",115,"Film - Colour IR",1985,10000,305,4054,762.4,1120.6,FALSE,"reported"
1520581,"bcf335",116,"Film - Colour IR",1985,10000,305,4054,721.6,954.4,FALSE,"reported"
1520582,"bcf335",117,"Film - Colour IR",1985,10000,305,4054,729,954.4,FALSE,"reported"
1520583,"bcf335",118,"Film - Colour IR",1985,10000,305,4054,735.4,954.4,FALSE,"reported"
1520584,"bcf335",119,"Film - Colour IR",1985,10000,305,4054,748.4,954.4,FALSE,"reported"
1520585,"bcf335",120,"Film - Colour IR",1985,10000,305,4054,775.7,960.5,FALSE,"reported"
1520586,"bcf335",121,"Film - Colour IR",1985,10000,305,4054,819.8,990.7,FALSE,"reported"
1520587,"bcf335",122,"Film - Colour IR",1985,10000,305,4054,855.3,990.7,FALSE,"reported"
1520588,"bcf335",123,"Film - Colour IR",1985,10000,305,4054,894.3,990.7,FALSE,"reported"
1520589,"bcf335",124,"Film - Colour IR",1985,10000,305,4054,920.3,990.7,FALSE,"reported"
1520590,"bcf335",125,"Film - Colour IR",1985,10000,305,4054,951.5,990.7,FALSE,"reported"
1520591,"bcf335",126,"Film - Colour IR",1985,10000,305,4054,994.9,990.7,FALSE,"reported"
1520592,"bcf335",127,"Film - Colour IR",1985,10000,305,4054,1018.4,990.7,FALSE,"reported"
1520593,"bcf335",128,"Film - Colour IR",1985,10000,305,4054,1001.1,990.7,FALSE,"reported"
1520594,"bcf517",1,"Film - Colour IR",1986,4000,153,2088,1406,217,FALSE,"reported"
1520595,"bcf517",2,"Film - Colour IR",1986,4000,153,2088,1368.7,209.9,FALSE,"reported"
1520596,"bcf517",3,"Film - Colour IR",1986,4000,153,2088,1340.2,209.9,FALSE,"reported"
1520597,"bcf517",4,"Film - Colour IR",1986,4000,153,2088,1328.8,212,FALSE,"reported"
1520598,"bcf517",5,"Film - Colour IR",1986,4000,153,2088,1330.3,208.9,FALSE,"reported"
1520599,"bcf517",6,"Film - Colour IR",1986,4000,153,2088,1329.4,208.9,FALSE,"reported"
1520600,"bcf517",7,"Film - Colour IR",1986,4000,153,2088,1321.1,212,FALSE,"reported"
1520601,"bcf517",8,"Film - Colour IR",1986,4000,153,2088,1300.9,208.9,FALSE,"reported"
1520602,"bcf517",9,"Film - Colour IR",1986,4000,153,2088,1264.7,208.9,FALSE,"reported"
1520603,"bcf517",10,"Film - Colour IR",1986,4000,153,2088,1222.3,207.9,FALSE,"reported"
1520604,"bcf517",11,"Film - Colour IR",1986,4000,153,2088,1186.7,207.9,FALSE,"reported"
1520605,"bcf517",12,"Film - Colour IR",1986,4000,153,2088,1159.2,212,FALSE,"reported"
1520606,"bcf517",13,"Film - Colour IR",1986,4000,153,2088,1139.3,212,FALSE,"reported"
1521055,"bcf96001",1,"Film - Colour IR",1996,10000,305,3505,779.7,791.8,FALSE,"reported"
1521056,"bcf96001",2,"Film - Colour IR",1996,10000,305,3505,766.5,791.8,FALSE,"reported"
1521057,"bcf96001",3,"Film - Colour IR",1996,10000,305,3505,743.4,776.7,FALSE,"reported"
1521058,"bcf96001",4,"Film - Colour IR",1996,10000,305,3505,699.5,776.7,FALSE,"reported"
1521059,"bcf96001",5,"Film - Colour IR",1996,10000,305,3505,652.3,847,FALSE,"reported"
1521060,"bcf96001",6,"Film - Colour IR",1996,10000,305,3505,635.8,847,FALSE,"reported"
1521061,"bcf96001",7,"Film - Colour IR",1996,10000,305,3505,638.5,838.6,FALSE,"reported"
1521062,"bcf96001",8,"Film - Colour IR",1996,10000,305,3505,645.8,838.6,FALSE,"reported"
1521063,"bcf96001",9,"Film - Colour IR",1996,10000,305,3505,649.9,771.8,FALSE,"reported"
1521064,"bcf96001",10,"Film - Colour IR",1996,10000,305,3505,643.3,771.8,FALSE,"reported"
1521065,"bcf96001",11,"Film - Colour IR",1996,10000,305,3505,632.6,853.1,FALSE,"reported"
1521066,"bcf96001",12,"Film - Colour IR",1996,10000,305,3505,617.3,857.4,FALSE,"reported"
1521067,"bcf96001",13,"Film - Colour IR",1996,10000,305,3505,597.2,868.2,FALSE,"reported"
1521068,"bcf96001",14,"Film - Colour IR",1996,10000,305,3505,583.1,868.2,FALSE,"reported"
1521069,"bcf96001",15,"Film - Colour IR",1996,10000,305,3505,581.3,877.4,FALSE,"reported"
1521070,"bcf96001",16,"Film - Colour IR",1996,10000,305,3505,583.7,883.4,FALSE,"reported"
1521071,"bcf96001",17,"Film - Colour IR",1996,10000,305,3505,588.4,883.4,FALSE,"reported"
1521072,"bcf96001",18,"Film - Colour IR",1996,10000,305,3505,594.8,912.8,FALSE,"reported"
1521073,"bcf96001",19,"Film - Colour IR",1996,10000,305,3505,584.6,900.8,FALSE,"reported"
1521074,"bcf96001",20,"Film - Colour IR",1996,10000,305,3505,573.5,890.1,FALSE,"reported"
1521075,"bcf96001",21,"Film - Colour IR",1996,10000,305,3505,563.9,890.1,FALSE,"reported"
1521076,"bcf96001",22,"Film - Colour IR",1996,10000,305,3505,559.7,865.8,FALSE,"reported"
1521077,"bcf96001",23,"Film - Colour IR",1996,10000,305,3505,562.1,865.8,FALSE,"reported"
1521078,"bcf96001",24,"Film - Colour IR",1996,10000,305,3505,576.9,873.5,FALSE,"reported"
1521079,"bcf96001",25,"Film - Colour IR",1996,10000,305,3505,619.5,873.5,FALSE,"reported"
1521080,"bcf96001",26,"Film - Colour IR",1996,10000,305,3505,681.7,794.5,FALSE,"reported"
1521081,"bcf96001",27,"Film - Colour IR",1996,10000,305,3505,733.6,794.5,FALSE,"reported"
1521082,"bcf96001",28,"Film - Colour IR",1996,10000,305,3505,785.2,806,FALSE,"reported"
1521083,"bcf96001",29,"Film - Colour IR",1996,10000,305,3505,811.4,765.1,FALSE,"reported"
1521084,"bcf96001",30,"Film - Colour IR",1996,10000,305,3505,812.9,765.1,FALSE,"reported"
1521085,"bcf96001",31,"Film - Colour IR",1996,10000,305,3505,780.2,817.3,FALSE,"reported"
1521086,"bcf96001",32,"Film - Colour IR",1996,10000,305,3505,755.3,817.3,FALSE,"reported"
1521087,"bcf96001",33,"Film - Colour IR",1996,10000,305,3505,762.2,806,FALSE,"reported"
1521088,"bcf96001",34,"Film - Colour IR",1996,10000,305,3505,814,806,FALSE,"reported"
1521089,"bcf96001",35,"Film - Colour IR",1996,10000,305,3505,850.6,732.8,FALSE,"reported"
1521090,"bcf96001",36,"Film - Colour IR",1996,10000,305,3505,852.3,732.8,FALSE,"reported"
1521091,"bcf96001",37,"Film - Colour IR",1996,10000,305,3505,856.9,815.8,FALSE,"reported"
1521092,"bcf96001",38,"Film - Colour IR",1996,10000,305,3505,721.7,880.1,FALSE,"reported"
1521093,"bcf96001",39,"Film - Colour IR",1996,10000,305,3505,780.6,762.1,FALSE,"reported"
1521094,"bcf96001",40,"Film - Colour IR",1996,10000,305,3505,811.7,762.1,FALSE,"reported"
1521095,"bcf96001",41,"Film - Colour IR",1996,10000,305,3505,802.6,808.6,FALSE,"reported"
1521096,"bcf96001",42,"Film - Colour IR",1996,10000,305,3505,771.6,830.9,FALSE,"reported"
1521097,"bcf96001",43,"Film - Colour IR",1996,10000,305,3505,789.9,830.8,FALSE,"reported"
1521098,"bcf96001",44,"Film - Colour IR",1996,10000,305,3505,801.6,774.5,FALSE,"reported"
1521099,"bcf96001",45,"Film - Colour IR",1996,10000,305,3505,771.5,774.5,FALSE,"reported"
1521100,"bcf96001",46,"Film - Colour IR",1996,10000,305,3505,727.7,786,FALSE,"reported"
1521101,"bcf96001",47,"Film - Colour IR",1996,10000,305,3505,684.4,808.4,FALSE,"reported"
1521102,"bcf96001",48,"Film - Colour IR",1996,10000,305,3505,636,809.2,FALSE,"reported"
1521103,"bcf96001",49,"Film - Colour IR",1996,10000,305,3505,592.6,861,FALSE,"reported"
1521104,"bcf96001",50,"Film - Colour IR",1996,10000,305,3505,566,865,FALSE,"reported"
1521105,"bcf96001",51,"Film - Colour IR",1996,10000,305,3505,553.8,893.6,FALSE,"reported"
1521106,"bcf96001",52,"Film - Colour IR",1996,10000,305,3505,551,860.2,FALSE,"reported"
1521107,"bcf96001",53,"Film - Colour IR",1996,10000,305,3505,552.8,860.2,FALSE,"reported"
1521108,"bcf96001",54,"Film - Colour IR",1996,10000,305,3505,560.1,905.1,FALSE,"reported"
1521109,"bcf96001",55,"Film - Colour IR",1996,10000,305,3505,571.7,905.1,FALSE,"reported"
1521110,"bcf96001",56,"Film - Colour IR",1996,10000,305,3505,392.1,929.2,FALSE,"reported"
1521111,"bcf96001",57,"Film - Colour IR",1996,10000,305,3505,386.7,855,FALSE,"reported"
1521112,"bcf96001",58,"Film - Colour IR",1996,10000,305,3505,387.6,855,FALSE,"reported"
1521113,"bcf96001",59,"Film - Colour IR",1996,10000,305,3505,390.3,877.3,FALSE,"reported"
1521114,"bcf96001",60,"Film - Colour IR",1996,10000,305,3505,386.5,877.3,FALSE,"reported"
1521115,"bcf96001",61,"Film - Colour IR",1996,10000,305,3505,382.6,846.2,FALSE,"reported"
1521116,"bcf96001",62,"Film - Colour IR",1996,10000,305,3505,382,846.2,FALSE,"reported"
1521117,"bcf96001",63,"Film - Colour IR",1996,10000,305,3505,380.4,897.3,FALSE,"reported"
1521118,"bcf96001",64,"Film - Colour IR",1996,10000,305,3505,375.5,897.3,FALSE,"reported"
1521119,"bcf96001",65,"Film - Colour IR",1996,10000,305,3505,378.6,856.1,FALSE,"reported"
1521120,"bcf96001",66,"Film - Colour IR",1996,10000,305,3505,380.6,856.1,FALSE,"reported"
1521121,"bcf96001",67,"Film - Colour IR",1996,10000,305,3505,379.2,890.7,FALSE,"reported"
1521122,"bcf96001",68,"Film - Colour IR",1996,10000,305,3505,379.6,880,FALSE,"reported"
1521123,"bcf96001",69,"Film - Colour IR",1996,10000,305,3505,383.2,880,FALSE,"reported"
1521124,"bcf96001",70,"Film - Colour IR",1996,10000,305,3505,381.8,898.3,FALSE,"reported"
1521125,"bcf96001",71,"Film - Colour IR",1996,10000,305,3505,381.2,898.3,FALSE,"reported"
1521126,"bcf96001",72,"Film - Colour IR",1996,10000,305,3505,378.6,875.7,FALSE,"reported"
1521127,"bcf96001",73,"Film - Colour IR",1996,10000,305,3505,366.3,875.7,FALSE,"reported"
1521128,"bcf96001",74,"Film - Colour IR",1996,10000,305,3505,366.7,896.9,FALSE,"reported"
1521129,"bcf96001",75,"Film - Colour IR",1996,10000,305,3505,364.5,895,FALSE,"reported"
1521130,"bcf96001",76,"Film - Colour IR",1996,10000,305,3505,364.8,895,FALSE,"reported"
1521131,"bcf96001",77,"Film - Colour IR",1996,10000,305,3505,362.6,901,FALSE,"reported"
1521132,"bcf96001",78,"Film - Colour IR",1996,10000,305,3505,361.4,899.7,FALSE,"reported"
1521133,"bcf96001",79,"Film - Colour IR",1996,10000,305,3505,364.4,899.7,FALSE,"reported"
1521134,"bcf96001",80,"Film - Colour IR",1996,10000,305,3505,385.7,930.3,FALSE,"reported"
1521135,"bcf96001",81,"Film - Colour IR",1996,10000,305,3505,381.8,888.2,FALSE,"reported"
1521136,"bcf96001",82,"Film - Colour IR",1996,10000,305,3505,407.4,888.2,FALSE,"reported"
1521137,"bcf96001",83,"Film - Colour IR",1996,10000,305,3505,446.4,862.2,FALSE,"reported"
1521138,"bcf96001",84,"Film - Colour IR",1996,10000,305,3505,463.1,862.2,FALSE,"reported"
1521139,"bcf96001",85,"Film - Colour IR",1996,10000,305,3505,462.5,891.4,FALSE,"reported"
1521140,"bcf96001",86,"Film - Colour IR",1996,10000,305,3505,448.1,893.7,FALSE,"reported"
1521215,"bcf96001",87,"Film - Colour IR",1996,10000,305,3505,480.8,925.2,FALSE,"reported"
1521216,"bcf96001",88,"Film - Colour IR",1996,10000,305,3505,476.7,850.5,FALSE,"reported"
1521217,"bcf96001",89,"Film - Colour IR",1996,10000,305,3505,463,850.5,FALSE,"reported"
1521218,"bcf96001",90,"Film - Colour IR",1996,10000,305,3505,448.1,880,FALSE,"reported"
1521219,"bcf96001",91,"Film - Colour IR",1996,10000,305,3505,438.1,851,FALSE,"reported"
1521220,"bcf96001",92,"Film - Colour IR",1996,10000,305,3505,432.1,851,FALSE,"reported"
1521221,"bcf96001",93,"Film - Colour IR",1996,10000,305,3505,418.3,891.3,FALSE,"reported"
1521222,"bcf96001",94,"Film - Colour IR",1996,10000,305,3505,403.8,869.9,FALSE,"reported"
1521223,"bcf96001",95,"Film - Colour IR",1996,10000,305,3505,398.8,869.9,FALSE,"reported"
1521224,"bcf96001",96,"Film - Colour IR",1996,10000,305,3505,396,907.7,FALSE,"reported"
1521225,"bcf96001",97,"Film - Colour IR",1996,10000,305,3505,396.1,851.7,FALSE,"reported"
1521226,"bcf96001",98,"Film - Colour IR",1996,10000,305,3505,393.7,851.7,FALSE,"reported"
1521227,"bcf96001",99,"Film - Colour IR",1996,10000,305,3505,393.9,894.3,FALSE,"reported"
1521228,"bcf96001",100,"Film - Colour IR",1996,10000,305,3505,401.4,886.4,FALSE,"reported"
1521229,"bcf96001",101,"Film - Colour IR",1996,10000,305,3505,407.3,886.4,FALSE,"reported"
1521230,"bcf96001",102,"Film - Colour IR",1996,10000,305,3505,418.5,876.4,FALSE,"reported"
1521231,"bcf96001",103,"Film - Colour IR",1996,10000,305,3505,430,875.4,FALSE,"reported"
1521232,"bcf96001",104,"Film - Colour IR",1996,10000,305,3505,425.4,875.4,FALSE,"reported"
1521233,"bcf96001",105,"Film - Colour IR",1996,10000,305,3505,411.1,886.6,FALSE,"reported"
1521234,"bcf96001",106,"Film - Colour IR",1996,10000,305,3505,437,900.1,FALSE,"reported"
1521235,"bcf96001",107,"Film - Colour IR",1996,10000,305,3505,418.8,900.1,FALSE,"reported"
1521236,"bcf96001",108,"Film - Colour IR",1996,10000,305,3505,404.4,850.9,FALSE,"reported"
1521237,"bcf96001",109,"Film - Colour IR",1996,10000,305,3505,404.6,850.9,FALSE,"reported"
1521238,"bcf96001",110,"Film - Colour IR",1996,10000,305,3505,403.8,878.1,FALSE,"reported"
1521239,"bcf96001",111,"Film - Colour IR",1996,10000,305,3505,400.9,878.1,FALSE,"reported"
1521240,"bcf96001",112,"Film - Colour IR",1996,10000,305,3505,397.7,867.2,FALSE,"reported"
1521241,"bcf96001",113,"Film - Colour IR",1996,10000,305,3505,397.2,867.2,FALSE,"reported"
1521242,"bcf96001",114,"Film - Colour IR",1996,10000,305,3505,382.1,880.5,FALSE,"reported"
1521243,"bcf96001",115,"Film - Colour IR",1996,10000,305,3505,370.4,880.5,FALSE,"reported"
1521244,"bcf96001",116,"Film - Colour IR",1996,10000,305,3505,366.6,858.4,FALSE,"reported"
1521245,"bcf96001",117,"Film - Colour IR",1996,10000,305,3505,371.8,858.4,FALSE,"reported"
1521246,"bcf96001",118,"Film - Colour IR",1996,10000,305,3505,372.7,879.7,FALSE,"reported"
1521247,"bcf96001",119,"Film - Colour IR",1996,10000,305,3505,367.7,896.9,FALSE,"reported"
1521248,"bcf96001",120,"Film - Colour IR",1996,10000,305,3505,358.8,880.3,FALSE,"reported"
1521249,"bcf96001",121,"Film - Colour IR",1996,10000,305,3505,358.6,880.3,FALSE,"reported"
1521250,"bcf96001",122,"Film - Colour IR",1996,10000,305,3505,379.7,883.3,FALSE,"reported"
1521251,"bcf96001",123,"Film - Colour IR",1996,10000,305,3505,411.8,883.3,FALSE,"reported"
1521252,"bcf96001",124,"Film - Colour IR",1996,10000,305,3505,445.8,901.8,FALSE,"reported"
1521186,"bcf96001",125,"Film - Colour IR",1996,10000,305,3505,432.5,918.8,FALSE,"reported"
1521187,"bcf96001",126,"Film - Colour IR",1996,10000,305,3505,445.1,873.3,FALSE,"reported"
1521188,"bcf96001",127,"Film - Colour IR",1996,10000,305,3505,458.2,873.3,FALSE,"reported"
1521189,"bcf96001",128,"Film - Colour IR",1996,10000,305,3505,474.1,879.9,FALSE,"reported"
1521190,"bcf96001",129,"Film - Colour IR",1996,10000,305,3505,494,880.2,FALSE,"reported"
1521191,"bcf96001",130,"Film - Colour IR",1996,10000,305,3505,519.2,849.4,FALSE,"reported"
1521192,"bcf96001",131,"Film - Colour IR",1996,10000,305,3505,539.4,849.4,FALSE,"reported"
1521193,"bcf96001",132,"Film - Colour IR",1996,10000,305,3505,552.7,875.1,FALSE,"reported"
1521194,"bcf96001",133,"Film - Colour IR",1996,10000,305,3505,558,875.1,FALSE,"reported"
1521195,"bcf96001",134,"Film - Colour IR",1996,10000,305,3505,562.4,834.6,FALSE,"reported"
1521196,"bcf96001",135,"Film - Colour IR",1996,10000,305,3505,565,834.6,FALSE,"reported"
1521197,"bcf96001",136,"Film - Colour IR",1996,10000,305,3505,561.9,874.8,FALSE,"reported"
1521198,"bcf96001",137,"Film - Colour IR",1996,10000,305,3505,550.6,879.6,FALSE,"reported"
1521199,"bcf96001",138,"Film - Colour IR",1996,10000,305,3505,538.8,837.9,FALSE,"reported"
1521200,"bcf96001",139,"Film - Colour IR",1996,10000,305,3505,536,837.9,FALSE,"reported"
1521201,"bcf96001",140,"Film - Colour IR",1996,10000,305,3505,524.9,858.5,FALSE,"reported"
1521202,"bcf96001",141,"Film - Colour IR",1996,10000,305,3505,514.9,858.5,FALSE,"reported"
1521203,"bcf96001",142,"Film - Colour IR",1996,10000,305,3505,513.4,850.8,FALSE,"reported"
1521204,"bcf96001",143,"Film - Colour IR",1996,10000,305,3505,515.6,850.8,FALSE,"reported"
1521205,"bcf96001",144,"Film - Colour IR",1996,10000,305,3505,512.2,860.5,FALSE,"reported"
1521206,"bcf96001",145,"Film - Colour IR",1996,10000,305,3505,506.3,860.5,FALSE,"reported"
1521207,"bcf96001",146,"Film - Colour IR",1996,10000,305,3505,496.2,866.1,FALSE,"reported"
1521208,"bcf96001",147,"Film - Colour IR",1996,10000,305,3505,486.3,860.7,FALSE,"reported"
1521209,"bcf96001",148,"Film - Colour IR",1996,10000,305,3505,472.4,860.7,FALSE,"reported"
1521210,"bcf96001",149,"Film - Colour IR",1996,10000,305,3505,455.5,873.8,FALSE,"reported"
1521211,"bcf96001",150,"Film - Colour IR",1996,10000,305,3505,437,915.4,FALSE,"reported"
1521212,"bcf96001",151,"Film - Colour IR",1996,10000,305,3505,424.7,838.6,FALSE,"reported"
1521213,"bcf96001",152,"Film - Colour IR",1996,10000,305,3505,417.9,838.6,FALSE,"reported"
1521214,"bcf96001",153,"Film - Colour IR",1996,10000,305,3505,413,890.6,FALSE,"reported"
1521141,"bcf96001",154,"Film - Colour IR",1996,10000,305,3505,332.4,907.7,FALSE,"reported"
1521142,"bcf96001",155,"Film - Colour IR",1996,10000,305,3505,340,907.7,FALSE,"reported"
1521143,"bcf96001",156,"Film - Colour IR",1996,10000,305,3505,353,930.2,FALSE,"reported"
1521144,"bcf96001",157,"Film - Colour IR",1996,10000,305,3505,363.9,863.2,FALSE,"reported"
1521145,"bcf96001",158,"Film - Colour IR",1996,10000,305,3505,367.6,857.4,FALSE,"reported"
1521146,"bcf96001",159,"Film - Colour IR",1996,10000,305,3505,365.5,857.4,FALSE,"reported"
1521147,"bcf96001",160,"Film - Colour IR",1996,10000,305,3505,357.7,891.2,FALSE,"reported"
1521148,"bcf96001",161,"Film - Colour IR",1996,10000,305,3505,341.3,924.9,FALSE,"reported"
1521149,"bcf96001",162,"Film - Colour IR",1996,10000,305,3505,325.2,925,FALSE,"reported"
1521150,"bcf96001",163,"Film - Colour IR",1996,10000,305,3505,337,919.2,FALSE,"reported"
1521151,"bcf96001",164,"Film - Colour IR",1996,10000,305,3505,362.2,919.2,FALSE,"reported"
1521152,"bcf96001",165,"Film - Colour IR",1996,10000,305,3505,394.5,928.2,FALSE,"reported"
1521153,"bcf96001",166,"Film - Colour IR",1996,10000,305,3505,416.4,955.9,FALSE,"reported"
1521176,"bcf96001",167,"Film - Colour IR",1996,10000,305,3505,441.1,872,FALSE,"reported"
1521177,"bcf96001",168,"Film - Colour IR",1996,10000,305,3505,428.7,872,FALSE,"reported"
1521178,"bcf96001",169,"Film - Colour IR",1996,10000,305,3505,418.1,879.4,FALSE,"reported"
1521179,"bcf96001",170,"Film - Colour IR",1996,10000,305,3505,408.4,905.8,FALSE,"reported"
1521180,"bcf96001",171,"Film - Colour IR",1996,10000,305,3505,403.7,915.8,FALSE,"reported"
1521181,"bcf96001",172,"Film - Colour IR",1996,10000,305,3505,387.7,915.8,FALSE,"reported"
1521182,"bcf96001",173,"Film - Colour IR",1996,10000,305,3505,376.5,929.1,FALSE,"reported"
1521183,"bcf96001",174,"Film - Colour IR",1996,10000,305,3505,368.2,940.2,FALSE,"reported"
1521184,"bcf96001",175,"Film - Colour IR",1996,10000,305,3505,356.5,909.1,FALSE,"reported"
1521185,"bcf96001",176,"Film - Colour IR",1996,10000,305,3505,342.9,909.1,FALSE,"reported"
1521154,"bcf96001",177,"Film - Colour IR",1996,10000,305,3505,382.7,932.1,FALSE,"reported"
1521155,"bcf96001",178,"Film - Colour IR",1996,10000,305,3505,367.6,915.6,FALSE,"reported"
1521156,"bcf96001",179,"Film - Colour IR",1996,10000,305,3505,348.5,915.6,FALSE,"reported"
1521157,"bcf96001",180,"Film - Colour IR",1996,10000,305,3505,335.6,922.2,FALSE,"reported"
1521158,"bcf96001",181,"Film - Colour IR",1996,10000,305,3505,338.4,888.9,FALSE,"reported"
1521159,"bcf96001",182,"Film - Colour IR",1996,10000,305,3505,350.4,888.9,FALSE,"reported"
1521160,"bcf96001",183,"Film - Colour IR",1996,10000,305,3505,362.9,904.6,FALSE,"reported"
1521161,"bcf96001",184,"Film - Colour IR",1996,10000,305,3505,357.4,913.9,FALSE,"reported"
1521162,"bcf96001",185,"Film - Colour IR",1996,10000,305,3505,373.3,915,FALSE,"reported"
1521163,"bcf96001",186,"Film - Colour IR",1996,10000,305,3505,410.7,884.7,FALSE,"reported"
1521164,"bcf96001",187,"Film - Colour IR",1996,10000,305,3505,436.6,884.7,FALSE,"reported"
1521165,"bcf96001",188,"Film - Colour IR",1996,10000,305,3505,362.4,879.5,FALSE,"reported"
1521166,"bcf96001",189,"Film - Colour IR",1996,10000,305,3505,340.9,879.5,FALSE,"reported"
1521167,"bcf96001",190,"Film - Colour IR",1996,10000,305,3505,331.8,923.2,FALSE,"reported"
1521168,"bcf96001",191,"Film - Colour IR",1996,10000,305,3505,341.4,934.1,FALSE,"reported"
1521169,"bcf96001",192,"Film - Colour IR",1996,10000,305,3505,343.7,909.9,FALSE,"reported"
1521170,"bcf96001",193,"Film - Colour IR",1996,10000,305,3505,339.6,909.9,FALSE,"reported"
1521171,"bcf96001",194,"Film - Colour IR",1996,10000,305,3505,338.1,928,FALSE,"reported"
1521172,"bcf96001",195,"Film - Colour IR",1996,10000,305,3505,341.1,933.5,FALSE,"reported"
1521173,"bcf96001",196,"Film - Colour IR",1996,10000,305,3505,352,887.2,FALSE,"reported"
1521174,"bcf96001",197,"Film - Colour IR",1996,10000,305,3505,351.5,887.2,FALSE,"reported"
1521175,"bcf96001",198,"Film - Colour IR",1996,10000,305,3505,333.5,948.7,FALSE,"reported"
1521328,"bcf96001",199,"Film - Colour IR",1996,10000,305,3444,376.1,938.3,FALSE,"reported"
1521329,"bcf96001",200,"Film - Colour IR",1996,10000,305,3444,378.6,857.1,FALSE,"reported"
1521330,"bcf96001",201,"Film - Colour IR",1996,10000,305,3444,383.3,857.1,FALSE,"reported"
1521331,"bcf96001",202,"Film - Colour IR",1996,10000,305,3444,389.8,880.2,FALSE,"reported"
1521332,"bcf96001",203,"Film - Colour IR",1996,10000,305,3444,397.6,880.2,FALSE,"reported"
1521333,"bcf96001",204,"Film - Colour IR",1996,10000,305,3444,404.2,881.5,FALSE,"reported"
1521334,"bcf96001",205,"Film - Colour IR",1996,10000,305,3444,410,904.8,FALSE,"reported"
1521335,"bcf96001",206,"Film - Colour IR",1996,10000,305,3444,415.1,863.1,FALSE,"reported"
1521336,"bcf96001",207,"Film - Colour IR",1996,10000,305,3444,420.4,863.1,FALSE,"reported"
1521337,"bcf96001",208,"Film - Colour IR",1996,10000,305,3444,424.4,892,FALSE,"reported"
1521338,"bcf96001",209,"Film - Colour IR",1996,10000,305,3444,421.7,856.7,FALSE,"reported"
1521339,"bcf96001",210,"Film - Colour IR",1996,10000,305,3444,417.6,856.7,FALSE,"reported"
1521340,"bcf96001",211,"Film - Colour IR",1996,10000,305,3444,411.8,880,FALSE,"reported"
1521341,"bcf96001",212,"Film - Colour IR",1996,10000,305,3444,406.4,874.2,FALSE,"reported"
1521342,"bcf96001",213,"Film - Colour IR",1996,10000,305,3444,400.3,874.2,FALSE,"reported"
1521343,"bcf96001",214,"Film - Colour IR",1996,10000,305,3444,393.2,886,FALSE,"reported"
1521344,"bcf96001",215,"Film - Colour IR",1996,10000,305,3444,385.6,886,FALSE,"reported"
1521345,"bcf96001",216,"Film - Colour IR",1996,10000,305,3444,379.8,880.1,FALSE,"reported"
1521346,"bcf96001",217,"Film - Colour IR",1996,10000,305,3444,375.5,880.1,FALSE,"reported"
1521347,"bcf96001",218,"Film - Colour IR",1996,10000,305,3444,372.4,926.2,FALSE,"reported"
1521253,"bcf96001",219,"Film - Colour IR",1996,10000,305,3444,370,893.2,FALSE,"reported"
1521254,"bcf96001",220,"Film - Colour IR",1996,10000,305,3444,368.1,889.7,FALSE,"reported"
1521255,"bcf96001",221,"Film - Colour IR",1996,10000,305,3444,366.8,889.7,FALSE,"reported"
1521256,"bcf96001",222,"Film - Colour IR",1996,10000,305,3444,367.8,868.6,FALSE,"reported"
1521257,"bcf96001",223,"Film - Colour IR",1996,10000,305,3444,367.7,868.6,FALSE,"reported"
1521258,"bcf96001",224,"Film - Colour IR",1996,10000,305,3444,366.4,901.5,FALSE,"reported"
1521259,"bcf96001",225,"Film - Colour IR",1996,10000,305,3444,365.4,899.7,FALSE,"reported"
1521260,"bcf96001",226,"Film - Colour IR",1996,10000,305,3444,364.5,899.7,FALSE,"reported"
1521261,"bcf96001",227,"Film - Colour IR",1996,10000,305,3444,363.6,884.2,FALSE,"reported"
1521262,"bcf96001",228,"Film - Colour IR",1996,10000,305,3444,362.2,884.2,FALSE,"reported"
1521263,"bcf96002",37,"Film - Colour IR",1996,10000,305,3444,357.9,904.7,FALSE,"reported"
1521264,"bcf96002",38,"Film - Colour IR",1996,10000,305,3444,354.3,891.3,FALSE,"reported"
1521265,"bcf96002",39,"Film - Colour IR",1996,10000,305,3444,345.3,891.3,FALSE,"reported"
1521266,"bcf96002",40,"Film - Colour IR",1996,10000,305,3444,336.7,895.5,FALSE,"reported"
1521267,"bcf96002",41,"Film - Colour IR",1996,10000,305,3444,325.6,903.6,FALSE,"reported"
1521268,"bcf96002",42,"Film - Colour IR",1996,10000,305,3444,309.6,905.7,FALSE,"reported"
1521269,"bcf96002",43,"Film - Colour IR",1996,10000,305,3444,294.2,903,FALSE,"reported"
1521270,"bcf96002",44,"Film - Colour IR",1996,10000,305,3444,282.3,903,FALSE,"reported"
1521271,"bcf96002",45,"Film - Colour IR",1996,10000,305,3444,279.9,888.8,FALSE,"reported"
1521272,"bcf96002",46,"Film - Colour IR",1996,10000,305,3444,290.1,888.8,FALSE,"reported"
1521273,"bcf96002",47,"Film - Colour IR",1996,10000,305,3444,310.9,879.9,FALSE,"reported"
1521274,"bcf96002",48,"Film - Colour IR",1996,10000,305,3444,336.1,879.9,FALSE,"reported"
1521275,"bcf96002",49,"Film - Colour IR",1996,10000,305,3444,363.7,892.2,FALSE,"reported"
1521276,"bcf96002",50,"Film - Colour IR",1996,10000,305,3444,381.8,892.5,FALSE,"reported"
1521277,"bcf96002",51,"Film - Colour IR",1996,10000,305,3444,396.7,847.3,FALSE,"reported"
1521278,"bcf96002",52,"Film - Colour IR",1996,10000,305,3444,409.1,847.3,FALSE,"reported"
1521279,"bcf96002",53,"Film - Colour IR",1996,10000,305,3444,416.6,874.3,FALSE,"reported"
1521280,"bcf96002",54,"Film - Colour IR",1996,10000,305,3444,418.3,890.2,FALSE,"reported"
1521281,"bcf96002",55,"Film - Colour IR",1996,10000,305,3444,418.3,864.1,FALSE,"reported"
1521282,"bcf96002",56,"Film - Colour IR",1996,10000,305,3444,421.1,858.6,FALSE,"reported"
1521283,"bcf96002",57,"Film - Colour IR",1996,10000,305,3444,425,858.6,FALSE,"reported"
1521284,"bcf96002",58,"Film - Colour IR",1996,10000,305,3444,425.9,862.2,FALSE,"reported"
1521285,"bcf96002",59,"Film - Colour IR",1996,10000,305,3444,419.9,862.2,FALSE,"reported"
1521286,"bcf96002",60,"Film - Colour IR",1996,10000,305,3444,412.4,827,FALSE,"reported"
1521287,"bcf96002",61,"Film - Colour IR",1996,10000,305,3444,402.5,827,FALSE,"reported"
1521288,"bcf96002",62,"Film - Colour IR",1996,10000,305,3444,385.7,877.1,FALSE,"reported"
1521289,"bcf96002",63,"Film - Colour IR",1996,10000,305,3444,367.4,881.7,FALSE,"reported"
1521290,"bcf96002",64,"Film - Colour IR",1996,10000,305,3444,349.1,881.7,FALSE,"reported"
1521291,"bcf96002",65,"Film - Colour IR",1996,10000,305,3444,328.5,919.3,FALSE,"reported"
1521292,"bcf96002",66,"Film - Colour IR",1996,10000,305,3444,309.7,893.9,FALSE,"reported"
1521293,"bcf96002",67,"Film - Colour IR",1996,10000,305,3444,295.7,893.9,FALSE,"reported"
1521294,"bcf96002",68,"Film - Colour IR",1996,10000,305,3444,286.5,906.8,FALSE,"reported"
1521295,"bcf96002",69,"Film - Colour IR",1996,10000,305,3444,280.9,908,FALSE,"reported"
1521296,"bcf96002",70,"Film - Colour IR",1996,10000,305,3444,279.4,898.7,FALSE,"reported"
1521297,"bcf96002",71,"Film - Colour IR",1996,10000,305,3444,289.3,898.7,FALSE,"reported"
1521298,"bcf96002",72,"Film - Colour IR",1996,10000,305,3444,301.6,900.9,FALSE,"reported"
1521299,"bcf96002",73,"Film - Colour IR",1996,10000,305,3444,314.7,875.2,FALSE,"reported"
1521300,"bcf96002",74,"Film - Colour IR",1996,10000,305,3444,327.1,875.2,FALSE,"reported"
1521301,"bcf96002",75,"Film - Colour IR",1996,10000,305,3444,346.1,900.6,FALSE,"reported"
1521302,"bcf96002",76,"Film - Colour IR",1996,10000,305,3444,354.4,900.6,FALSE,"reported"
1521303,"bcf96002",77,"Film - Colour IR",1996,10000,305,3444,357.4,901.3,FALSE,"reported"
1521304,"bcf96002",78,"Film - Colour IR",1996,10000,305,3444,361.4,905.4,FALSE,"reported"
1521305,"bcf96002",79,"Film - Colour IR",1996,10000,305,3444,370.8,875.6,FALSE,"reported"
1521306,"bcf96002",80,"Film - Colour IR",1996,10000,305,3444,383.2,875.6,FALSE,"reported"
1521307,"bcf96002",81,"Film - Colour IR",1996,10000,305,3444,399.2,876.4,FALSE,"reported"
1521308,"bcf96002",82,"Film - Colour IR",1996,10000,305,3444,415.3,900.8,FALSE,"reported"
1521309,"bcf96002",83,"Film - Colour IR",1996,10000,305,3444,424.6,846.3,FALSE,"reported"
1521310,"bcf96002",84,"Film - Colour IR",1996,10000,305,3444,427.7,846.3,FALSE,"reported"
1521311,"bcf96002",85,"Film - Colour IR",1996,10000,305,3444,424.4,824.3,FALSE,"reported"
1521312,"bcf96002",86,"Film - Colour IR",1996,10000,305,3444,414.7,824.3,FALSE,"reported"
1521313,"bcf96002",87,"Film - Colour IR",1996,10000,305,3444,402.2,867.4,FALSE,"reported"
1521314,"bcf96002",88,"Film - Colour IR",1996,10000,305,3444,392.7,867.4,FALSE,"reported"
1521315,"bcf96002",89,"Film - Colour IR",1996,10000,305,3444,385.2,877.3,FALSE,"reported"
1521316,"bcf96002",90,"Film - Colour IR",1996,10000,305,3444,379.4,877.3,FALSE,"reported"
1521317,"bcf96002",91,"Film - Colour IR",1996,10000,305,3444,376.3,862.4,FALSE,"reported"
1521318,"bcf96002",92,"Film - Colour IR",1996,10000,305,3444,375.3,862.4,FALSE,"reported"
1521319,"bcf96002",93,"Film - Colour IR",1996,10000,305,3444,372.1,886.7,FALSE,"reported"
1521320,"bcf96002",94,"Film - Colour IR",1996,10000,305,3444,398.2,914.3,FALSE,"reported"
1521321,"bcf96002",95,"Film - Colour IR",1996,10000,305,3444,398.8,861.3,FALSE,"reported"
1521322,"bcf96002",96,"Film - Colour IR",1996,10000,305,3444,399.1,861.3,FALSE,"reported"
1521323,"bcf96002",97,"Film - Colour IR",1996,10000,305,3444,400.8,869.2,FALSE,"reported"
1521324,"bcf96002",98,"Film - Colour IR",1996,10000,305,3444,405.2,880.1,FALSE,"reported"
1521325,"bcf96002",99,"Film - Colour IR",1996,10000,305,3444,411.6,880.4,FALSE,"reported"
1521326,"bcf96002",100,"Film - Colour IR",1996,10000,305,3444,417.6,864.2,FALSE,"reported"
1521327,"bcf96002",101,"Film - Colour IR",1996,10000,305,3444,424.4,864.2,FALSE,"reported"
1522043,"bcf97001",1,"Film - Colour IR",1997,10000,305,3353,323.5,946.5,FALSE,"reported"
1522044,"bcf97001",2,"Film - Colour IR",1997,10000,305,3353,304.4,575.7,FALSE,"reported"
1522045,"bcf97001",3,"Film - Colour IR",1997,10000,305,3353,298,575.7,FALSE,"reported"
1522046,"bcf97001",4,"Film - Colour IR",1997,10000,305,3353,303.3,687.1,FALSE,"reported"
1522047,"bcf97001",5,"Film - Colour IR",1997,10000,305,3353,310.2,687.1,FALSE,"reported"
1522048,"bcf97001",6,"Film - Colour IR",1997,10000,305,3353,312.1,797.1,FALSE,"reported"
1522049,"bcf97001",7,"Film - Colour IR",1997,10000,305,3353,308.7,797.1,FALSE,"reported"
1522050,"bcf97001",8,"Film - Colour IR",1997,10000,305,3353,304.9,687,FALSE,"reported"
1522051,"bcf97001",9,"Film - Colour IR",1997,10000,305,3353,301.7,687,FALSE,"reported"
1522052,"bcf97001",10,"Film - Colour IR",1997,10000,305,3353,297.1,798.5,FALSE,"reported"
1522053,"bcf97001",11,"Film - Colour IR",1997,10000,305,3353,294.2,798.5,FALSE,"reported"
1522054,"bcf97001",12,"Film - Colour IR",1997,10000,305,3353,297.7,704.7,FALSE,"reported"
1522055,"bcf97001",13,"Film - Colour IR",1997,10000,305,3353,301.6,704.7,FALSE,"reported"
1522056,"bcf97001",14,"Film - Colour IR",1997,10000,305,3353,312.8,668,FALSE,"reported"
1522057,"bcf97001",15,"Film - Colour IR",1997,10000,305,3353,318.5,668,FALSE,"reported"
1522058,"bcf97001",16,"Film - Colour IR",1997,10000,305,3353,330.5,631.6,FALSE,"reported"
1522059,"bcf97001",17,"Film - Colour IR",1997,10000,305,3353,340,631.6,FALSE,"reported"
1521969,"bcf97001",18,"Film - Colour IR",1997,10000,305,3505,429.9,670.3,FALSE,"reported"
1521970,"bcf97001",19,"Film - Colour IR",1997,10000,305,3505,417.2,670.3,FALSE,"reported"
1521971,"bcf97001",20,"Film - Colour IR",1997,10000,305,3505,424.3,782.4,FALSE,"reported"
1521972,"bcf97001",21,"Film - Colour IR",1997,10000,305,3505,453.7,648.9,FALSE,"reported"
1521973,"bcf97001",22,"Film - Colour IR",1997,10000,305,3505,468.7,648.9,FALSE,"reported"
1521974,"bcf97001",23,"Film - Colour IR",1997,10000,305,3505,469,783.9,FALSE,"reported"
1521975,"bcf97001",24,"Film - Colour IR",1997,10000,305,3505,468,765.4,FALSE,"reported"
1521976,"bcf97001",25,"Film - Colour IR",1997,10000,305,3505,461.5,627.3,FALSE,"reported"
1521977,"bcf97001",26,"Film - Colour IR",1997,10000,305,3505,453.3,627.3,FALSE,"reported"
1521978,"bcf97001",27,"Film - Colour IR",1997,10000,305,3505,423.3,771,FALSE,"reported"
1521979,"bcf97001",28,"Film - Colour IR",1997,10000,305,3505,386.4,771,FALSE,"reported"
1521910,"bcf97001",29,"Film - Colour IR",1997,10000,305,3505,370.2,846.4,FALSE,"reported"
1521911,"bcf97001",30,"Film - Colour IR",1997,10000,305,3505,379.7,835.1,FALSE,"reported"
1521912,"bcf97001",31,"Film - Colour IR",1997,10000,305,3505,380.5,825.2,FALSE,"reported"
1521913,"bcf97001",32,"Film - Colour IR",1997,10000,305,3505,380,825.2,FALSE,"reported"
1521914,"bcf97001",33,"Film - Colour IR",1997,10000,305,3505,373.1,729.8,FALSE,"reported"
1521915,"bcf97001",34,"Film - Colour IR",1997,10000,305,3505,366.1,729.8,FALSE,"reported"
1521916,"bcf97001",35,"Film - Colour IR",1997,10000,305,3505,364.8,824.8,FALSE,"reported"
1521917,"bcf97001",36,"Film - Colour IR",1997,10000,305,3505,361.2,824.8,FALSE,"reported"
1521918,"bcf97001",37,"Film - Colour IR",1997,10000,305,3505,361.2,718.6,FALSE,"reported"
1521919,"bcf97001",38,"Film - Colour IR",1997,10000,305,3505,360.1,718.6,FALSE,"reported"
1521980,"bcf97001",39,"Film - Colour IR",1997,10000,305,3505,375.6,776.6,FALSE,"reported"
1521981,"bcf97001",40,"Film - Colour IR",1997,10000,305,3505,368.7,776.6,FALSE,"reported"
1521982,"bcf97001",41,"Film - Colour IR",1997,10000,305,3505,365.6,641.2,FALSE,"reported"
1521983,"bcf97001",42,"Film - Colour IR",1997,10000,305,3505,362.6,641.2,FALSE,"reported"
1521984,"bcf97001",43,"Film - Colour IR",1997,10000,305,3505,359.4,782.4,FALSE,"reported"
1521985,"bcf97001",44,"Film - Colour IR",1997,10000,305,3505,343.9,812.1,FALSE,"reported"
1521986,"bcf97001",45,"Film - Colour IR",1997,10000,305,3505,338,812.1,FALSE,"reported"
1521987,"bcf97001",46,"Film - Colour IR",1997,10000,305,3505,341.6,851.9,FALSE,"reported"
1521988,"bcf97001",47,"Film - Colour IR",1997,10000,305,3505,345.5,892.5,FALSE,"reported"
1522060,"bcf97001",48,"Film - Colour IR",1997,10000,305,3353,380.7,687.2,FALSE,"reported"
1522061,"bcf97001",49,"Film - Colour IR",1997,10000,305,3353,373,687.2,FALSE,"reported"
1522062,"bcf97001",50,"Film - Colour IR",1997,10000,305,3353,362,741.9,FALSE,"reported"
1522063,"bcf97001",51,"Film - Colour IR",1997,10000,305,3353,349.2,761.7,FALSE,"reported"
1522064,"bcf97001",52,"Film - Colour IR",1997,10000,305,3353,338.6,761.7,FALSE,"reported"
1522065,"bcf97001",53,"Film - Colour IR",1997,10000,305,3353,327.9,631.5,FALSE,"reported"
1522066,"bcf97001",54,"Film - Colour IR",1997,10000,305,3353,325.6,631.5,FALSE,"reported"
1522067,"bcf97001",55,"Film - Colour IR",1997,10000,305,3353,328.5,724.2,FALSE,"reported"
1522068,"bcf97001",56,"Film - Colour IR",1997,10000,305,3353,333.1,724.2,FALSE,"reported"
1522069,"bcf97001",57,"Film - Colour IR",1997,10000,305,3353,336.2,780.6,FALSE,"reported"
1522070,"bcf97001",58,"Film - Colour IR",1997,10000,305,3353,335,780.6,FALSE,"reported"
1522071,"bcf97001",59,"Film - Colour IR",1997,10000,305,3353,331.7,780.6,FALSE,"reported"
1522072,"bcf97001",60,"Film - Colour IR",1997,10000,305,3353,324.3,761.1,FALSE,"reported"
1522073,"bcf97001",61,"Film - Colour IR",1997,10000,305,3353,317.3,743.6,FALSE,"reported"
1522074,"bcf97001",62,"Film - Colour IR",1997,10000,305,3353,310.3,743.6,FALSE,"reported"
1521989,"bcf97001",63,"Film - Colour IR",1997,10000,305,3353,338.6,699.7,FALSE,"reported"
1521990,"bcf97001",64,"Film - Colour IR",1997,10000,305,3353,340.5,699.7,FALSE,"reported"
1521991,"bcf97001",65,"Film - Colour IR",1997,10000,305,3353,347.1,750.3,FALSE,"reported"
1521992,"bcf97001",66,"Film - Colour IR",1997,10000,305,3353,360.4,765.4,FALSE,"reported"
1521993,"bcf97001",67,"Film - Colour IR",1997,10000,305,3353,372.9,744.2,FALSE,"reported"
1521994,"bcf97001",68,"Film - Colour IR",1997,10000,305,3353,378.4,719,FALSE,"reported"
1521995,"bcf97001",69,"Film - Colour IR",1997,10000,305,3353,380.6,719,FALSE,"reported"
1521996,"bcf97001",70,"Film - Colour IR",1997,10000,305,3353,384.8,843.7,FALSE,"reported"
1521997,"bcf97001",71,"Film - Colour IR",1997,10000,305,3353,389.4,843.7,FALSE,"reported"
1521998,"bcf97001",72,"Film - Colour IR",1997,10000,305,3353,393.7,625.7,FALSE,"reported"
1521999,"bcf97001",73,"Film - Colour IR",1997,10000,305,3353,396.2,625.7,FALSE,"reported"
1522000,"bcf97001",74,"Film - Colour IR",1997,10000,305,3353,397.2,756.1,FALSE,"reported"
1522001,"bcf97001",75,"Film - Colour IR",1997,10000,305,3353,389.6,709.5,FALSE,"reported"
1522002,"bcf97001",76,"Film - Colour IR",1997,10000,305,3353,359.6,691.5,FALSE,"reported"
1522003,"bcf97001",77,"Film - Colour IR",1997,10000,305,3353,331.1,691.5,FALSE,"reported"
1522004,"bcf97001",78,"Film - Colour IR",1997,10000,305,3353,337.5,975.4,FALSE,"reported"
1522005,"bcf97001",79,"Film - Colour IR",1997,10000,305,3353,341.2,804.1,FALSE,"reported"
1522006,"bcf97001",80,"Film - Colour IR",1997,10000,305,3353,317.6,628.4,FALSE,"reported"
1522007,"bcf97001",81,"Film - Colour IR",1997,10000,305,3353,325,628.4,FALSE,"reported"
1522008,"bcf97001",82,"Film - Colour IR",1997,10000,305,3353,345.1,737.4,FALSE,"reported"
1522009,"bcf97001",83,"Film - Colour IR",1997,10000,305,3353,353.1,737.4,FALSE,"reported"
1522010,"bcf97001",84,"Film - Colour IR",1997,10000,305,3353,360.3,757.5,FALSE,"reported"
1522011,"bcf97001",85,"Film - Colour IR",1997,10000,305,3353,367,753.7,FALSE,"reported"
1522012,"bcf97001",86,"Film - Colour IR",1997,10000,305,3353,370.3,753.7,FALSE,"reported"
1522013,"bcf97001",87,"Film - Colour IR",1997,10000,305,3353,362.6,755.9,FALSE,"reported"
1522014,"bcf97001",88,"Film - Colour IR",1997,10000,305,3353,343.1,774.8,FALSE,"reported"
1522015,"bcf97001",89,"Film - Colour IR",1997,10000,305,3353,326.1,756.7,FALSE,"reported"
1522016,"bcf97001",90,"Film - Colour IR",1997,10000,305,3353,315.6,756.7,FALSE,"reported"
1522017,"bcf97001",91,"Film - Colour IR",1997,10000,305,3353,311.8,769.3,FALSE,"reported"
1522018,"bcf97001",92,"Film - Colour IR",1997,10000,305,3353,311.6,747.1,FALSE,"reported"
1522019,"bcf97001",93,"Film - Colour IR",1997,10000,305,3353,317.6,747.1,FALSE,"reported"
1522020,"bcf97001",94,"Film - Colour IR",1997,10000,305,3353,320.4,790.5,FALSE,"reported"
1522021,"bcf97001",95,"Film - Colour IR",1997,10000,305,3353,369.5,866.2,FALSE,"reported"
1522022,"bcf97001",96,"Film - Colour IR",1997,10000,305,3353,358.2,707,FALSE,"reported"
1522023,"bcf97001",97,"Film - Colour IR",1997,10000,305,3353,344.6,707,FALSE,"reported"
1522024,"bcf97001",98,"Film - Colour IR",1997,10000,305,3353,329.2,709.9,FALSE,"reported"
1522025,"bcf97001",99,"Film - Colour IR",1997,10000,305,3353,317.6,729.2,FALSE,"reported"
1522026,"bcf97001",100,"Film - Colour IR",1997,10000,305,3353,313.4,756.4,FALSE,"reported"
1522027,"bcf97001",101,"Film - Colour IR",1997,10000,305,3353,317.3,763.2,FALSE,"reported"
1522028,"bcf97001",102,"Film - Colour IR",1997,10000,305,3353,320.9,763.2,FALSE,"reported"
1522029,"bcf97001",103,"Film - Colour IR",1997,10000,305,3353,321.3,760.1,FALSE,"reported"
1522030,"bcf97001",104,"Film - Colour IR",1997,10000,305,3353,324,760.1,FALSE,"reported"
1522031,"bcf97001",105,"Film - Colour IR",1997,10000,305,3353,333.7,856.8,FALSE,"reported"
1522032,"bcf97001",106,"Film - Colour IR",1997,10000,305,3353,352.6,848,FALSE,"reported"
1522033,"bcf97001",107,"Film - Colour IR",1997,10000,305,3353,371.9,732.5,FALSE,"reported"
1522034,"bcf97001",108,"Film - Colour IR",1997,10000,305,3353,394.4,732.5,FALSE,"reported"
1522035,"bcf97001",109,"Film - Colour IR",1997,10000,305,3353,321.5,815.2,FALSE,"reported"
1522036,"bcf97001",110,"Film - Colour IR",1997,10000,305,3353,320,676.1,FALSE,"reported"
1522037,"bcf97001",111,"Film - Colour IR",1997,10000,305,3353,318.3,676.1,FALSE,"reported"
1522038,"bcf97001",112,"Film - Colour IR",1997,10000,305,3353,316.5,802.6,FALSE,"reported"
1522039,"bcf97001",113,"Film - Colour IR",1997,10000,305,3353,316.8,802.6,FALSE,"reported"
1522040,"bcf97001",114,"Film - Colour IR",1997,10000,305,3353,314.4,676,FALSE,"reported"
1522041,"bcf97001",115,"Film - Colour IR",1997,10000,305,3353,316.3,676,FALSE,"reported"
1522042,"bcf97001",116,"Film - Colour IR",1997,10000,305,3353,318.4,785.3,FALSE,"reported"
1521920,"bcf97001",117,"Film - Colour IR",1997,10000,305,3353,315.9,768.4,FALSE,"reported"
1521921,"bcf97001",118,"Film - Colour IR",1997,10000,305,3353,318.6,733.9,FALSE,"reported"
1521922,"bcf97001",119,"Film - Colour IR",1997,10000,305,3353,318.3,733.9,FALSE,"reported"
1521923,"bcf97001",120,"Film - Colour IR",1997,10000,305,3353,312.9,774.4,FALSE,"reported"
1521924,"bcf97001",121,"Film - Colour IR",1997,10000,305,3353,308.6,845.4,FALSE,"reported"
1521925,"bcf97001",122,"Film - Colour IR",1997,10000,305,3353,306.7,722.8,FALSE,"reported"
1521926,"bcf97001",123,"Film - Colour IR",1997,10000,305,3353,307.9,722.8,FALSE,"reported"
1521927,"bcf97001",124,"Film - Colour IR",1997,10000,305,3353,308.7,740.3,FALSE,"reported"
1521928,"bcf97001",125,"Film - Colour IR",1997,10000,305,3353,311.9,705.4,FALSE,"reported"
1521929,"bcf97001",126,"Film - Colour IR",1997,10000,305,3353,315,705.4,FALSE,"reported"
1521930,"bcf97001",127,"Film - Colour IR",1997,10000,305,3353,317.5,729.7,FALSE,"reported"
1521931,"bcf97001",128,"Film - Colour IR",1997,10000,305,3353,319.6,729.7,FALSE,"reported"
1521932,"bcf97001",129,"Film - Colour IR",1997,10000,305,3353,325.6,717.3,FALSE,"reported"
1521933,"bcf97001",130,"Film - Colour IR",1997,10000,305,3353,331.7,717.3,FALSE,"reported"
1521934,"bcf97001",131,"Film - Colour IR",1997,10000,305,3353,336.9,777.5,FALSE,"reported"
1521935,"bcf97001",132,"Film - Colour IR",1997,10000,305,3353,334.4,654.3,FALSE,"reported"
1521936,"bcf97001",133,"Film - Colour IR",1997,10000,305,3353,315.5,654.3,FALSE,"reported"
1521937,"bcf97001",134,"Film - Colour IR",1997,10000,305,3353,299.5,656.3,FALSE,"reported"
1521938,"bcf97001",135,"Film - Colour IR",1997,10000,305,3353,297.4,656.3,FALSE,"reported"
1521939,"bcf97001",136,"Film - Colour IR",1997,10000,305,3353,305.2,809.2,FALSE,"reported"
1521940,"bcf97001",137,"Film - Colour IR",1997,10000,305,3353,309.1,676,FALSE,"reported"
1521941,"bcf97001",138,"Film - Colour IR",1997,10000,305,3353,308.7,676,FALSE,"reported"
1521942,"bcf97001",139,"Film - Colour IR",1997,10000,305,3353,306.7,754,FALSE,"reported"
1521943,"bcf97001",140,"Film - Colour IR",1997,10000,305,3353,307.9,747.9,FALSE,"reported"
1521944,"bcf97001",141,"Film - Colour IR",1997,10000,305,3353,309.8,747.9,FALSE,"reported"
1521945,"bcf97001",142,"Film - Colour IR",1997,10000,305,3353,313,786.3,FALSE,"reported"
1521946,"bcf97001",143,"Film - Colour IR",1997,10000,305,3353,310,769.1,FALSE,"reported"
1521947,"bcf97001",144,"Film - Colour IR",1997,10000,305,3353,302.5,769.1,FALSE,"reported"
1521948,"bcf97001",145,"Film - Colour IR",1997,10000,305,3353,294.1,786.2,FALSE,"reported"
1521949,"bcf97001",146,"Film - Colour IR",1997,10000,305,3353,290.7,766.4,FALSE,"reported"
1521950,"bcf97001",147,"Film - Colour IR",1997,10000,305,3353,289.3,766.4,FALSE,"reported"
1521951,"bcf97001",148,"Film - Colour IR",1997,10000,305,3353,290.6,883.9,FALSE,"reported"
1521952,"bcf97001",149,"Film - Colour IR",1997,10000,305,3353,356.7,752.3,FALSE,"reported"
1521953,"bcf97001",150,"Film - Colour IR",1997,10000,305,3353,347.1,714.3,FALSE,"reported"
1521954,"bcf97001",151,"Film - Colour IR",1997,10000,305,3353,342.6,714.3,FALSE,"reported"
1521955,"bcf97001",152,"Film - Colour IR",1997,10000,305,3353,337.6,868.8,FALSE,"reported"
1521956,"bcf97001",153,"Film - Colour IR",1997,10000,305,3353,334.1,597.4,FALSE,"reported"
1521957,"bcf97001",154,"Film - Colour IR",1997,10000,305,3353,324.8,597.4,FALSE,"reported"
1521958,"bcf97001",155,"Film - Colour IR",1997,10000,305,3353,319.8,712.8,FALSE,"reported"
1521959,"bcf97001",156,"Film - Colour IR",1997,10000,305,3353,315.9,810.6,FALSE,"reported"
1521960,"bcf97001",157,"Film - Colour IR",1997,10000,305,3353,317.6,810.6,FALSE,"reported"
1521961,"bcf97001",158,"Film - Colour IR",1997,10000,305,3353,312.5,712.4,FALSE,"reported"
1521962,"bcf97001",159,"Film - Colour IR",1997,10000,305,3353,308.6,712.4,FALSE,"reported"
1521963,"bcf97001",160,"Film - Colour IR",1997,10000,305,3353,302.8,807.6,FALSE,"reported"
1521964,"bcf97001",161,"Film - Colour IR",1997,10000,305,3353,303.2,729.6,FALSE,"reported"
1521965,"bcf97001",162,"Film - Colour IR",1997,10000,305,3353,306.3,729.6,FALSE,"reported"
1521966,"bcf97001",163,"Film - Colour IR",1997,10000,305,3353,325,692.7,FALSE,"reported"
1521967,"bcf97001",164,"Film - Colour IR",1997,10000,305,3353,338.5,692.7,FALSE,"reported"
1521968,"bcf97001",165,"Film - Colour IR",1997,10000,305,3353,355.7,709.9,FALSE,"reported"
1521462,"bcf97001",166,"Film - Colour IR",1997,10000,305,3353,364.2,693,FALSE,"reported"
1521463,"bcf97001",167,"Film - Colour IR",1997,10000,305,3353,359.2,693,FALSE,"reported"
1521464,"bcf97001",168,"Film - Colour IR",1997,10000,305,3353,354.6,657.5,FALSE,"reported"
1521465,"bcf97001",169,"Film - Colour IR",1997,10000,305,3353,350.4,657.5,FALSE,"reported"
1521466,"bcf97001",170,"Film - Colour IR",1997,10000,305,3353,327.4,717.2,FALSE,"reported"
1521467,"bcf97001",171,"Film - Colour IR",1997,10000,305,3353,303.1,717.2,FALSE,"reported"
1521468,"bcf97001",172,"Film - Colour IR",1997,10000,305,3353,284.5,683.2,FALSE,"reported"
1521469,"bcf97001",173,"Film - Colour IR",1997,10000,305,3353,285.6,683.2,FALSE,"reported"
1521470,"bcf97001",174,"Film - Colour IR",1997,10000,305,3353,298,833.1,FALSE,"reported"
1521471,"bcf97001",175,"Film - Colour IR",1997,10000,305,3353,308.1,711.5,FALSE,"reported"
1521472,"bcf97001",176,"Film - Colour IR",1997,10000,305,3353,310.4,711.5,FALSE,"reported"
1521473,"bcf97001",177,"Film - Colour IR",1997,10000,305,3353,307.3,754.2,FALSE,"reported"
1521474,"bcf97001",178,"Film - Colour IR",1997,10000,305,3353,312.2,754.2,FALSE,"reported"
1521475,"bcf97001",179,"Film - Colour IR",1997,10000,305,3353,322.6,709.2,FALSE,"reported"
1521476,"bcf97001",180,"Film - Colour IR",1997,10000,305,3353,335.3,709.2,FALSE,"reported"
1521477,"bcf97001",181,"Film - Colour IR",1997,10000,305,3353,345.9,814,FALSE,"reported"
1521478,"bcf97001",182,"Film - Colour IR",1997,10000,305,3353,353.6,720.6,FALSE,"reported"
1521479,"bcf97001",183,"Film - Colour IR",1997,10000,305,3353,357.5,720.6,FALSE,"reported"
1521480,"bcf97001",184,"Film - Colour IR",1997,10000,305,3353,359.7,666,FALSE,"reported"
1521481,"bcf97001",185,"Film - Colour IR",1997,10000,305,3353,359.8,666,FALSE,"reported"
1521482,"bcf97001",186,"Film - Colour IR",1997,10000,305,3353,359.8,771,FALSE,"reported"
1521483,"bcf97001",187,"Film - Colour IR",1997,10000,305,3353,360.4,771,FALSE,"reported"
1521484,"bcf97001",188,"Film - Colour IR",1997,10000,305,3353,360.4,686.6,FALSE,"reported"
1521485,"bcf97001",189,"Film - Colour IR",1997,10000,305,3353,361.6,671.5,FALSE,"reported"
1521486,"bcf97001",190,"Film - Colour IR",1997,10000,305,3353,363.3,671.5,FALSE,"reported"
1521487,"bcf97001",191,"Film - Colour IR",1997,10000,305,3353,365.8,727.9,FALSE,"reported"
1521488,"bcf97001",192,"Film - Colour IR",1997,10000,305,3353,367.4,727.9,FALSE,"reported"
1521489,"bcf97001",193,"Film - Colour IR",1997,10000,305,3353,368.6,714.7,FALSE,"reported"
1521490,"bcf97001",194,"Film - Colour IR",1997,10000,305,3353,367.6,702.1,FALSE,"reported"
1521491,"bcf97001",195,"Film - Colour IR",1997,10000,305,3353,365.1,702.1,FALSE,"reported"
1521492,"bcf97001",196,"Film - Colour IR",1997,10000,305,3353,360.8,770.6,FALSE,"reported"
1521493,"bcf97001",197,"Film - Colour IR",1997,10000,305,3353,355,660.3,FALSE,"reported"
1521494,"bcf97001",198,"Film - Colour IR",1997,10000,305,3353,351,660.3,FALSE,"reported"
1521503,"bcf97001",199,"Film - Colour IR",1997,10000,305,3505,424.6,726.7,FALSE,"reported"
1521504,"bcf97001",200,"Film - Colour IR",1997,10000,305,3505,421.9,726.7,FALSE,"reported"
1521505,"bcf97001",201,"Film - Colour IR",1997,10000,305,3505,416.7,809.7,FALSE,"reported"
1521506,"bcf97001",202,"Film - Colour IR",1997,10000,305,3505,410.4,820.2,FALSE,"reported"
1521507,"bcf97001",203,"Film - Colour IR",1997,10000,305,3505,408.5,820.2,FALSE,"reported"
1521508,"bcf97001",204,"Film - Colour IR",1997,10000,305,3505,408.9,687.3,FALSE,"reported"
1521509,"bcf97001",205,"Film - Colour IR",1997,10000,305,3505,408.5,687.3,FALSE,"reported"
1521510,"bcf97001",206,"Film - Colour IR",1997,10000,305,3505,423.9,803.8,FALSE,"reported"
1521511,"bcf97001",207,"Film - Colour IR",1997,10000,305,3505,423.3,798.4,FALSE,"reported"
1521512,"bcf97001",208,"Film - Colour IR",1997,10000,305,3505,423.4,759.3,FALSE,"reported"
1521513,"bcf97001",209,"Film - Colour IR",1997,10000,305,3505,423.9,759.3,FALSE,"reported"
1521514,"bcf97001",210,"Film - Colour IR",1997,10000,305,3505,423.8,832.8,FALSE,"reported"
1521515,"bcf97001",211,"Film - Colour IR",1997,10000,305,3505,423.8,672.9,FALSE,"reported"
1521516,"bcf97001",212,"Film - Colour IR",1997,10000,305,3505,424.6,672.9,FALSE,"reported"
1521517,"bcf97001",213,"Film - Colour IR",1997,10000,305,3505,427.1,861.9,FALSE,"reported"
1521495,"bcf97001",214,"Film - Colour IR",1997,10000,305,3353,303.6,776.1,FALSE,"reported"
1521496,"bcf97001",215,"Film - Colour IR",1997,10000,305,3353,296.4,776.1,FALSE,"reported"
1521497,"bcf97001",216,"Film - Colour IR",1997,10000,305,3353,291.7,767.9,FALSE,"reported"
1521498,"bcf97001",217,"Film - Colour IR",1997,10000,305,3353,289.5,767.9,FALSE,"reported"
1521499,"bcf97001",218,"Film - Colour IR",1997,10000,305,3353,285.7,641.8,FALSE,"reported"
1521500,"bcf97001",219,"Film - Colour IR",1997,10000,305,3353,283.7,641.8,FALSE,"reported"
1521501,"bcf97001",220,"Film - Colour IR",1997,10000,305,3353,284,656.6,FALSE,"reported"
1521502,"bcf97001",221,"Film - Colour IR",1997,10000,305,3353,286.4,656.6,FALSE,"reported"
1522075,"bcf97002",1,"Film - Colour IR",1997,10000,305,3353,294.2,941.9,FALSE,"reported"
1522076,"bcf97002",2,"Film - Colour IR",1997,10000,305,3353,300,775.1,FALSE,"reported"
1522077,"bcf97002",3,"Film - Colour IR",1997,10000,305,3353,307.3,771.3,FALSE,"reported"
1522078,"bcf97002",4,"Film - Colour IR",1997,10000,305,3353,314.1,771.3,FALSE,"reported"
1522079,"bcf97002",5,"Film - Colour IR",1997,10000,305,3353,320.6,759.1,FALSE,"reported"
1522080,"bcf97002",6,"Film - Colour IR",1997,10000,305,3353,325.2,759.1,FALSE,"reported"
1522081,"bcf97002",7,"Film - Colour IR",1997,10000,305,3353,325.8,741.5,FALSE,"reported"
1522082,"bcf97002",8,"Film - Colour IR",1997,10000,305,3353,324.9,741.5,FALSE,"reported"
1522083,"bcf97002",9,"Film - Colour IR",1997,10000,305,3353,323.6,820.3,FALSE,"reported"
1522084,"bcf97002",10,"Film - Colour IR",1997,10000,305,3353,324.7,783,FALSE,"reported"
1522085,"bcf97002",11,"Film - Colour IR",1997,10000,305,3353,326.2,783,FALSE,"reported"
1522086,"bcf97002",12,"Film - Colour IR",1997,10000,305,3353,326.6,807.1,FALSE,"reported"
1522087,"bcf97002",13,"Film - Colour IR",1997,10000,305,3353,324.7,772.4,FALSE,"reported"
1522088,"bcf97002",14,"Film - Colour IR",1997,10000,305,3353,323.2,761,FALSE,"reported"
1522089,"bcf97002",15,"Film - Colour IR",1997,10000,305,3353,322.6,761,FALSE,"reported"
1522090,"bcf97002",16,"Film - Colour IR",1997,10000,305,3353,324.2,797.5,FALSE,"reported"
1522091,"bcf97002",17,"Film - Colour IR",1997,10000,305,3353,325.3,648.4,FALSE,"reported"
1522092,"bcf97002",18,"Film - Colour IR",1997,10000,305,3353,319.9,648.4,FALSE,"reported"
1522093,"bcf97002",19,"Film - Colour IR",1997,10000,305,3353,334.4,876.9,FALSE,"reported"
1522094,"bcf97002",20,"Film - Colour IR",1997,10000,305,3505,375.1,702.3,FALSE,"reported"
1522095,"bcf97002",21,"Film - Colour IR",1997,10000,305,3505,378.8,702.3,FALSE,"reported"
1522096,"bcf97002",22,"Film - Colour IR",1997,10000,305,3505,383.8,796.5,FALSE,"reported"
1522097,"bcf97002",23,"Film - Colour IR",1997,10000,305,3505,390.5,803.4,FALSE,"reported"
1522098,"bcf97002",24,"Film - Colour IR",1997,10000,305,3505,397.4,797.6,FALSE,"reported"
1522099,"bcf97002",25,"Film - Colour IR",1997,10000,305,3505,403.8,781,FALSE,"reported"
1522100,"bcf97002",26,"Film - Colour IR",1997,10000,305,3505,409.1,781,FALSE,"reported"
1521597,"bcf97002",27,"Film - Colour IR",1997,10000,305,3353,327.3,856.5,FALSE,"reported"
1521598,"bcf97002",28,"Film - Colour IR",1997,10000,305,3353,321.6,805.5,FALSE,"reported"
1521599,"bcf97002",29,"Film - Colour IR",1997,10000,305,3353,315.8,805.5,FALSE,"reported"
1521600,"bcf97002",30,"Film - Colour IR",1997,10000,305,3353,311.3,689.7,FALSE,"reported"
1521601,"bcf97002",31,"Film - Colour IR",1997,10000,305,3353,306.5,689.7,FALSE,"reported"
1521602,"bcf97002",32,"Film - Colour IR",1997,10000,305,3353,301.8,797.1,FALSE,"reported"
1521603,"bcf97002",33,"Film - Colour IR",1997,10000,305,3353,292.1,822.5,FALSE,"reported"
1521604,"bcf97002",34,"Film - Colour IR",1997,10000,305,3353,284.9,850.5,FALSE,"reported"
1521605,"bcf97002",35,"Film - Colour IR",1997,10000,305,3353,281.4,667.5,FALSE,"reported"
1521606,"bcf97002",36,"Film - Colour IR",1997,10000,305,3353,285.7,667.5,FALSE,"reported"
1521607,"bcf97002",37,"Film - Colour IR",1997,10000,305,3353,294.8,673.2,FALSE,"reported"
1521608,"bcf97002",38,"Film - Colour IR",1997,10000,305,3353,298.6,673.2,FALSE,"reported"
1521609,"bcf97002",39,"Film - Colour IR",1997,10000,305,3353,303.4,822.9,FALSE,"reported"
1521610,"bcf97002",40,"Film - Colour IR",1997,10000,305,3353,307.8,805.8,FALSE,"reported"
1521611,"bcf97002",41,"Film - Colour IR",1997,10000,305,3353,313,805.8,FALSE,"reported"
1521612,"bcf97002",42,"Film - Colour IR",1997,10000,305,3353,314.3,678.8,FALSE,"reported"
1521613,"bcf97002",43,"Film - Colour IR",1997,10000,305,3353,313.6,678.8,FALSE,"reported"
1521614,"bcf97002",44,"Film - Colour IR",1997,10000,305,3353,309.7,712.8,FALSE,"reported"
1521615,"bcf97002",45,"Film - Colour IR",1997,10000,305,3353,306.9,712.8,FALSE,"reported"
1521616,"bcf97002",46,"Film - Colour IR",1997,10000,305,3353,301.5,825.1,FALSE,"reported"
1521617,"bcf97002",47,"Film - Colour IR",1997,10000,305,3353,294.3,788.8,FALSE,"reported"
1521618,"bcf97002",48,"Film - Colour IR",1997,10000,305,3353,291,788.8,FALSE,"reported"
1521619,"bcf97002",49,"Film - Colour IR",1997,10000,305,3353,286.7,697.9,FALSE,"reported"
1521620,"bcf97002",50,"Film - Colour IR",1997,10000,305,3353,291.1,697.9,FALSE,"reported"
1521621,"bcf97002",51,"Film - Colour IR",1997,10000,305,3353,294.5,794.3,FALSE,"reported"
1521622,"bcf97002",52,"Film - Colour IR",1997,10000,305,3353,304.5,794.3,FALSE,"reported"
1521681,"bcf97002",53,"Film - Colour IR",1997,10000,305,3505,297.4,803.7,FALSE,"reported"
1521682,"bcf97002",54,"Film - Colour IR",1997,10000,305,3505,283.9,803.7,FALSE,"reported"
1521683,"bcf97002",55,"Film - Colour IR",1997,10000,305,3505,302.7,857.2,FALSE,"reported"
1521684,"bcf97002",56,"Film - Colour IR",1997,10000,305,3505,333.6,819.6,FALSE,"reported"
1521685,"bcf97002",57,"Film - Colour IR",1997,10000,305,3505,364,819.6,FALSE,"reported"
1521686,"bcf97002",58,"Film - Colour IR",1997,10000,305,3505,402.3,821.3,FALSE,"reported"
1521687,"bcf97002",59,"Film - Colour IR",1997,10000,305,3505,428.4,821.3,FALSE,"reported"
1521688,"bcf97002",60,"Film - Colour IR",1997,10000,305,3505,433.6,821.4,FALSE,"reported"
1521689,"bcf97002",61,"Film - Colour IR",1997,10000,305,3505,468.3,729.1,FALSE,"reported"
1521690,"bcf97002",62,"Film - Colour IR",1997,10000,305,3505,529.2,729.1,FALSE,"reported"
1521691,"bcf97002",63,"Film - Colour IR",1997,10000,305,3505,591.4,802.7,FALSE,"reported"
1521541,"bcf97002",64,"Film - Colour IR",1997,10000,305,3505,642.2,783.7,FALSE,"reported"
1521542,"bcf97002",65,"Film - Colour IR",1997,10000,305,3505,635,783.7,FALSE,"reported"
1521543,"bcf97002",66,"Film - Colour IR",1997,10000,305,3505,571.4,766,FALSE,"reported"
1521544,"bcf97002",67,"Film - Colour IR",1997,10000,305,3505,494.5,709.6,FALSE,"reported"
1521545,"bcf97002",68,"Film - Colour IR",1997,10000,305,3505,444.3,709.6,FALSE,"reported"
1521546,"bcf97002",69,"Film - Colour IR",1997,10000,305,3505,414.8,859,FALSE,"reported"
1521547,"bcf97002",70,"Film - Colour IR",1997,10000,305,3505,391.6,670.7,FALSE,"reported"
1521548,"bcf97002",71,"Film - Colour IR",1997,10000,305,3505,371.4,670.7,FALSE,"reported"
1521549,"bcf97002",72,"Film - Colour IR",1997,10000,305,3505,350.9,783.6,FALSE,"reported"
1521550,"bcf97002",73,"Film - Colour IR",1997,10000,305,3505,323.1,783.6,FALSE,"reported"
1521551,"bcf97002",74,"Film - Colour IR",1997,10000,305,3505,289.2,784.9,FALSE,"reported"
1521552,"bcf97002",75,"Film - Colour IR",1997,10000,305,3505,284.1,784.9,FALSE,"reported"
1521576,"bcf97002",76,"Film - Colour IR",1997,10000,305,3505,285.5,861.4,FALSE,"reported"
1521577,"bcf97002",77,"Film - Colour IR",1997,10000,305,3505,320.8,827.9,FALSE,"reported"
1521578,"bcf97002",78,"Film - Colour IR",1997,10000,305,3505,352.9,817.8,FALSE,"reported"
1521579,"bcf97002",79,"Film - Colour IR",1997,10000,305,3505,376.3,725.8,FALSE,"reported"
1521580,"bcf97002",80,"Film - Colour IR",1997,10000,305,3505,399.3,725.8,FALSE,"reported"
1521581,"bcf97002",81,"Film - Colour IR",1997,10000,305,3505,418.9,696.4,FALSE,"reported"
1521582,"bcf97002",82,"Film - Colour IR",1997,10000,305,3505,423.2,696.4,FALSE,"reported"
1521583,"bcf97002",83,"Film - Colour IR",1997,10000,305,3505,432.4,667,FALSE,"reported"
1521584,"bcf97002",84,"Film - Colour IR",1997,10000,305,3505,446.8,667,FALSE,"reported"
1521585,"bcf97002",85,"Film - Colour IR",1997,10000,305,3505,463.7,1006.2,FALSE,"reported"
1521586,"bcf97002",86,"Film - Colour IR",1997,10000,305,3505,361,795.5,FALSE,"reported"
1521587,"bcf97002",87,"Film - Colour IR",1997,10000,305,3505,312,795.5,FALSE,"reported"
1521588,"bcf97002",88,"Film - Colour IR",1997,10000,305,3505,294.9,795.3,FALSE,"reported"
1521589,"bcf97002",89,"Film - Colour IR",1997,10000,305,3505,323.3,795.3,FALSE,"reported"
1521590,"bcf97002",90,"Film - Colour IR",1997,10000,305,3505,390.8,859.7,FALSE,"reported"
1521591,"bcf97002",91,"Film - Colour IR",1997,10000,305,3505,426.5,709.4,FALSE,"reported"
1521592,"bcf97002",92,"Film - Colour IR",1997,10000,305,3505,448.1,709.4,FALSE,"reported"
1521593,"bcf97002",93,"Film - Colour IR",1997,10000,305,3505,456.4,818.3,FALSE,"reported"
1521594,"bcf97002",94,"Film - Colour IR",1997,10000,305,3505,458.1,659.9,FALSE,"reported"
1521595,"bcf97002",95,"Film - Colour IR",1997,10000,305,3505,457.8,659.9,FALSE,"reported"
1521596,"bcf97002",96,"Film - Colour IR",1997,10000,305,3505,456,913.5,FALSE,"reported"
1521553,"bcf97002",97,"Film - Colour IR",1997,10000,305,3505,314.3,1010.5,FALSE,"reported"
1521554,"bcf97002",98,"Film - Colour IR",1997,10000,305,3505,302.6,821.5,FALSE,"reported"
1521555,"bcf97002",99,"Film - Colour IR",1997,10000,305,3505,289.6,713.9,FALSE,"reported"
1521556,"bcf97002",100,"Film - Colour IR",1997,10000,305,3505,280.8,713.9,FALSE,"reported"
1521557,"bcf97002",101,"Film - Colour IR",1997,10000,305,3505,307,889.3,FALSE,"reported"
1521558,"bcf97002",102,"Film - Colour IR",1997,10000,305,3505,330.6,797.1,FALSE,"reported"
1521559,"bcf97002",103,"Film - Colour IR",1997,10000,305,3505,349.8,796.8,FALSE,"reported"
1521560,"bcf97002",104,"Film - Colour IR",1997,10000,305,3505,358,796.8,FALSE,"reported"
1521561,"bcf97002",105,"Film - Colour IR",1997,10000,305,3505,365.2,612.2,FALSE,"reported"
1521562,"bcf97002",106,"Film - Colour IR",1997,10000,305,3505,366.7,612.2,FALSE,"reported"
1521563,"bcf97002",107,"Film - Colour IR",1997,10000,305,3505,361.6,806.7,FALSE,"reported"
1521564,"bcf97002",108,"Film - Colour IR",1997,10000,305,3505,341.3,806.7,FALSE,"reported"
1521565,"bcf97002",109,"Film - Colour IR",1997,10000,305,3505,317.9,831.4,FALSE,"reported"
1521566,"bcf97002",110,"Film - Colour IR",1997,10000,305,3505,305.2,806.9,FALSE,"reported"
1521567,"bcf97002",111,"Film - Colour IR",1997,10000,305,3505,295.9,797.7,FALSE,"reported"
1521568,"bcf97002",112,"Film - Colour IR",1997,10000,305,3505,291.8,797.7,FALSE,"reported"
1521569,"bcf97002",113,"Film - Colour IR",1997,10000,305,3505,304.4,816.7,FALSE,"reported"
1521570,"bcf97002",114,"Film - Colour IR",1997,10000,305,3505,320.2,812.6,FALSE,"reported"
1521571,"bcf97002",115,"Film - Colour IR",1997,10000,305,3505,322.3,812.6,FALSE,"reported"
1521572,"bcf97002",116,"Film - Colour IR",1997,10000,305,3505,318.5,670.9,FALSE,"reported"
1521573,"bcf97002",117,"Film - Colour IR",1997,10000,305,3505,308,670.9,FALSE,"reported"
1521574,"bcf97002",118,"Film - Colour IR",1997,10000,305,3505,299.5,764.1,FALSE,"reported"
1521575,"bcf97002",119,"Film - Colour IR",1997,10000,305,3505,291.7,764.1,FALSE,"reported"
1521518,"bcf97002",120,"Film - Colour IR",1997,10000,305,3505,312.8,721.1,FALSE,"reported"
1521519,"bcf97002",121,"Film - Colour IR",1997,10000,305,3505,306.4,721.1,FALSE,"reported"
1521520,"bcf97002",122,"Film - Colour IR",1997,10000,305,3505,302.5,808.1,FALSE,"reported"
1521521,"bcf97002",123,"Film - Colour IR",1997,10000,305,3505,298.1,808.1,FALSE,"reported"
1521522,"bcf97002",124,"Film - Colour IR",1997,10000,305,3505,288.9,866.1,FALSE,"reported"
1521523,"bcf97002",125,"Film - Colour IR",1997,10000,305,3505,281.9,866.1,FALSE,"reported"
1521524,"bcf97002",126,"Film - Colour IR",1997,10000,305,3505,286.4,662.3,FALSE,"reported"
1521525,"bcf97002",127,"Film - Colour IR",1997,10000,305,3505,288.5,662.3,FALSE,"reported"
1521526,"bcf97002",128,"Film - Colour IR",1997,10000,305,3505,289.1,875.7,FALSE,"reported"
1521527,"bcf97002",129,"Film - Colour IR",1997,10000,305,3505,303.9,851.1,FALSE,"reported"
1521528,"bcf97002",130,"Film - Colour IR",1997,10000,305,3505,309.6,851.1,FALSE,"reported"
1521529,"bcf97002",131,"Film - Colour IR",1997,10000,305,3505,308.2,704.8,FALSE,"reported"
1521530,"bcf97002",132,"Film - Colour IR",1997,10000,305,3505,303.3,704.8,FALSE,"reported"
1521531,"bcf97002",133,"Film - Colour IR",1997,10000,305,3505,307.5,807.5,FALSE,"reported"
1521532,"bcf97002",134,"Film - Colour IR",1997,10000,305,3505,320.8,855.6,FALSE,"reported"
1521533,"bcf97002",135,"Film - Colour IR",1997,10000,305,3505,334.2,812.2,FALSE,"reported"
1521534,"bcf97002",136,"Film - Colour IR",1997,10000,305,3505,343.1,812.2,FALSE,"reported"
1521535,"bcf97002",137,"Film - Colour IR",1997,10000,305,3505,352.4,680.6,FALSE,"reported"
1521536,"bcf97002",138,"Film - Colour IR",1997,10000,305,3505,367.6,680.6,FALSE,"reported"
1521537,"bcf97002",139,"Film - Colour IR",1997,10000,305,3505,372.1,794.3,FALSE,"reported"
1521538,"bcf97002",140,"Film - Colour IR",1997,10000,305,3505,362.4,710,FALSE,"reported"
1521539,"bcf97002",141,"Film - Colour IR",1997,10000,305,3505,372.1,710,FALSE,"reported"
1521540,"bcf97002",142,"Film - Colour IR",1997,10000,305,3505,402.3,932.7,FALSE,"reported"
1521623,"bcf97002",143,"Film - Colour IR",1997,10000,305,3505,457.4,973.5,FALSE,"reported"
1521624,"bcf97002",144,"Film - Colour IR",1997,10000,305,3505,446.2,581.5,FALSE,"reported"
1521625,"bcf97002",145,"Film - Colour IR",1997,10000,305,3505,445.9,581.5,FALSE,"reported"
1521626,"bcf97002",146,"Film - Colour IR",1997,10000,305,3505,469.3,660.9,FALSE,"reported"
1521627,"bcf97002",147,"Film - Colour IR",1997,10000,305,3505,488.3,660.9,FALSE,"reported"
1521628,"bcf97002",148,"Film - Colour IR",1997,10000,305,3505,496.6,799.1,FALSE,"reported"
1521629,"bcf97002",149,"Film - Colour IR",1997,10000,305,3505,485.7,799.1,FALSE,"reported"
1521630,"bcf97002",150,"Film - Colour IR",1997,10000,305,3505,463.1,575.9,FALSE,"reported"
1521631,"bcf97002",151,"Film - Colour IR",1997,10000,305,3505,445.1,575.9,FALSE,"reported"
1521632,"bcf97002",152,"Film - Colour IR",1997,10000,305,3505,405.4,666.7,FALSE,"reported"
1521633,"bcf97002",153,"Film - Colour IR",1997,10000,305,3505,381.8,666.7,FALSE,"reported"
1521634,"bcf97002",154,"Film - Colour IR",1997,10000,305,3505,357.4,855.2,FALSE,"reported"
1521635,"bcf97002",155,"Film - Colour IR",1997,10000,305,3505,351.3,703,FALSE,"reported"
1521636,"bcf97002",156,"Film - Colour IR",1997,10000,305,3505,350,703,FALSE,"reported"
1521637,"bcf97002",157,"Film - Colour IR",1997,10000,305,3505,347.9,801.7,FALSE,"reported"
1521638,"bcf97002",158,"Film - Colour IR",1997,10000,305,3505,344.1,720.1,FALSE,"reported"
1521639,"bcf97002",159,"Film - Colour IR",1997,10000,305,3505,341.3,720.1,FALSE,"reported"
1521640,"bcf97002",160,"Film - Colour IR",1997,10000,305,3505,339.3,934.5,FALSE,"reported"
1521641,"bcf97002",161,"Film - Colour IR",1997,10000,305,3505,338.6,674.7,FALSE,"reported"
1521642,"bcf97002",162,"Film - Colour IR",1997,10000,305,3505,338.3,674.7,FALSE,"reported"
1521643,"bcf97002",163,"Film - Colour IR",1997,10000,305,3505,337.8,805.2,FALSE,"reported"
1521644,"bcf97002",164,"Film - Colour IR",1997,10000,305,3505,337.3,674.9,FALSE,"reported"
1521645,"bcf97002",165,"Film - Colour IR",1997,10000,305,3505,336.8,674.9,FALSE,"reported"
1521646,"bcf97002",166,"Film - Colour IR",1997,10000,305,3505,335.3,807.6,FALSE,"reported"
1521647,"bcf97002",167,"Film - Colour IR",1997,10000,305,3505,333.1,807.4,FALSE,"reported"
1521648,"bcf97002",168,"Film - Colour IR",1997,10000,305,3505,329.7,805.3,FALSE,"reported"
1521649,"bcf97002",169,"Film - Colour IR",1997,10000,305,3505,321.4,799.6,FALSE,"reported"
1521650,"bcf97002",170,"Film - Colour IR",1997,10000,305,3505,309.8,799.6,FALSE,"reported"
1521651,"bcf97002",171,"Film - Colour IR",1997,10000,305,3505,296.8,824.6,FALSE,"reported"
1521652,"bcf97002",172,"Film - Colour IR",1997,10000,305,3505,286.6,799.6,FALSE,"reported"
1521653,"bcf97002",173,"Film - Colour IR",1997,10000,305,3505,282,799.6,FALSE,"reported"
1521654,"bcf97002",174,"Film - Colour IR",1997,10000,305,3505,278.2,708.9,FALSE,"reported"
1521655,"bcf97002",175,"Film - Colour IR",1997,10000,305,3505,279.2,708.9,FALSE,"reported"
1521656,"bcf97002",176,"Film - Colour IR",1997,10000,305,3505,284.6,807.7,FALSE,"reported"
1521657,"bcf97002",177,"Film - Colour IR",1997,10000,305,3505,293.3,934.9,FALSE,"reported"
1521658,"bcf97002",178,"Film - Colour IR",1997,10000,305,3505,301.3,542.4,FALSE,"reported"
1521659,"bcf97002",179,"Film - Colour IR",1997,10000,305,3505,306.9,542.4,FALSE,"reported"
1521660,"bcf97002",180,"Film - Colour IR",1997,10000,305,3505,315.8,954.6,FALSE,"reported"
1521661,"bcf97002",181,"Film - Colour IR",1997,10000,305,3505,323.1,692.1,FALSE,"reported"
1521662,"bcf97002",182,"Film - Colour IR",1997,10000,305,3505,327.5,692.1,FALSE,"reported"
1521663,"bcf97002",183,"Film - Colour IR",1997,10000,305,3505,332.9,760.1,FALSE,"reported"
1521664,"bcf97002",184,"Film - Colour IR",1997,10000,305,3505,335.9,760.1,FALSE,"reported"
1521665,"bcf97002",185,"Film - Colour IR",1997,10000,305,3505,338.6,768.3,FALSE,"reported"
1521666,"bcf97002",186,"Film - Colour IR",1997,10000,305,3505,341.6,794.3,FALSE,"reported"
1521667,"bcf97002",187,"Film - Colour IR",1997,10000,305,3505,345,712.8,FALSE,"reported"
1521668,"bcf97002",188,"Film - Colour IR",1997,10000,305,3505,350.7,712.8,FALSE,"reported"
1521669,"bcf97002",189,"Film - Colour IR",1997,10000,305,3505,358.7,849.3,FALSE,"reported"
1521670,"bcf97002",190,"Film - Colour IR",1997,10000,305,3505,358.2,815.2,FALSE,"reported"
1521671,"bcf97002",191,"Film - Colour IR",1997,10000,305,3505,350.6,794.5,FALSE,"reported"
1521672,"bcf97002",192,"Film - Colour IR",1997,10000,305,3505,344.1,690,FALSE,"reported"
1521673,"bcf97002",193,"Film - Colour IR",1997,10000,305,3505,339.8,690,FALSE,"reported"
1521674,"bcf97002",194,"Film - Colour IR",1997,10000,305,3505,333.8,833.5,FALSE,"reported"
1521675,"bcf97002",195,"Film - Colour IR",1997,10000,305,3505,330.1,805.8,FALSE,"reported"
1521676,"bcf97002",196,"Film - Colour IR",1997,10000,305,3505,332.4,681,FALSE,"reported"
1521677,"bcf97002",197,"Film - Colour IR",1997,10000,305,3505,337.9,681,FALSE,"reported"
1521678,"bcf97002",198,"Film - Colour IR",1997,10000,305,3505,343.5,828,FALSE,"reported"
1521679,"bcf97002",199,"Film - Colour IR",1997,10000,305,3505,350.6,717.7,FALSE,"reported"
1521680,"bcf97002",200,"Film - Colour IR",1997,10000,305,3505,354.9,717.7,FALSE,"reported"
1521848,"bcf97003",1,"Film - Colour IR",1997,10000,305,3353,307.4,774.6,FALSE,"reported"
1521849,"bcf97003",2,"Film - Colour IR",1997,10000,305,3353,299.1,774.6,FALSE,"reported"
1521850,"bcf97003",3,"Film - Colour IR",1997,10000,305,3353,287.9,664.3,FALSE,"reported"
1521851,"bcf97003",4,"Film - Colour IR",1997,10000,305,3353,283.1,664.3,FALSE,"reported"
1521852,"bcf97003",5,"Film - Colour IR",1997,10000,305,3353,285.7,823.3,FALSE,"reported"
1521853,"bcf97003",6,"Film - Colour IR",1997,10000,305,3353,293.9,797.2,FALSE,"reported"
1521854,"bcf97003",7,"Film - Colour IR",1997,10000,305,3353,297.7,797.2,FALSE,"reported"
1521855,"bcf97003",8,"Film - Colour IR",1997,10000,305,3353,298.7,800.4,FALSE,"reported"
1521856,"bcf97003",9,"Film - Colour IR",1997,10000,305,3353,297.8,669.9,FALSE,"reported"
1521857,"bcf97003",10,"Film - Colour IR",1997,10000,305,3353,294.5,669.9,FALSE,"reported"
1521858,"bcf97003",11,"Film - Colour IR",1997,10000,305,3353,287.5,825.4,FALSE,"reported"
1521859,"bcf97003",12,"Film - Colour IR",1997,10000,305,3353,285.4,825.4,FALSE,"reported"
1521860,"bcf97003",13,"Film - Colour IR",1997,10000,305,3353,295.4,797.1,FALSE,"reported"
1521861,"bcf97003",14,"Film - Colour IR",1997,10000,305,3353,302.5,797,FALSE,"reported"
1521862,"bcf97003",15,"Film - Colour IR",1997,10000,305,3353,307.4,797,FALSE,"reported"
1521863,"bcf97003",16,"Film - Colour IR",1997,10000,305,3353,306.3,850.5,FALSE,"reported"
1521864,"bcf97003",17,"Film - Colour IR",1997,10000,305,3353,306.5,664.2,FALSE,"reported"
1521865,"bcf97003",18,"Film - Colour IR",1997,10000,305,3353,304.6,664.2,FALSE,"reported"
1521866,"bcf97003",19,"Film - Colour IR",1997,10000,305,3353,302,763.1,FALSE,"reported"
1521867,"bcf97003",20,"Film - Colour IR",1997,10000,305,3353,299.4,763.1,FALSE,"reported"
1521868,"bcf97003",21,"Film - Colour IR",1997,10000,305,3353,296,811,FALSE,"reported"
1521869,"bcf97003",22,"Film - Colour IR",1997,10000,305,3353,288.4,802.5,FALSE,"reported"
1521870,"bcf97003",23,"Film - Colour IR",1997,10000,305,3353,284.4,802.5,FALSE,"reported"
1521871,"bcf97003",24,"Film - Colour IR",1997,10000,305,3353,281.1,805.7,FALSE,"reported"
1521872,"bcf97003",25,"Film - Colour IR",1997,10000,305,3353,285.7,695.8,FALSE,"reported"
1521873,"bcf97003",26,"Film - Colour IR",1997,10000,305,3353,291.6,695.8,FALSE,"reported"
1521874,"bcf97003",27,"Film - Colour IR",1997,10000,305,3353,303.3,834.2,FALSE,"reported"
1521875,"bcf97003",28,"Film - Colour IR",1997,10000,305,3353,309.4,805.7,FALSE,"reported"
1521876,"bcf97003",29,"Film - Colour IR",1997,10000,305,3353,310.2,805.7,FALSE,"reported"
1521877,"bcf97003",30,"Film - Colour IR",1997,10000,305,3353,310,834.2,FALSE,"reported"
1521878,"bcf97003",31,"Film - Colour IR",1997,10000,305,3353,304,803.7,FALSE,"reported"
1521879,"bcf97003",32,"Film - Colour IR",1997,10000,305,3353,296.6,803.7,FALSE,"reported"
1521880,"bcf97003",33,"Film - Colour IR",1997,10000,305,3353,285.5,692.1,FALSE,"reported"
1521881,"bcf97003",34,"Film - Colour IR",1997,10000,305,3353,279.8,692.1,FALSE,"reported"
1521882,"bcf97003",35,"Film - Colour IR",1997,10000,305,3353,276.6,836.4,FALSE,"reported"
1521883,"bcf97003",36,"Film - Colour IR",1997,10000,305,3353,280.8,542.4,FALSE,"reported"
1521884,"bcf97003",37,"Film - Colour IR",1997,10000,305,3353,284.1,542.4,FALSE,"reported"
1521885,"bcf97003",38,"Film - Colour IR",1997,10000,305,3353,290.1,768.3,FALSE,"reported"
1521886,"bcf97003",39,"Film - Colour IR",1997,10000,305,3353,294.5,768.3,FALSE,"reported"
1521887,"bcf97003",40,"Film - Colour IR",1997,10000,305,3353,299.2,847.5,FALSE,"reported"
1521888,"bcf97003",41,"Film - Colour IR",1997,10000,305,3353,303.2,810.6,FALSE,"reported"
1521889,"bcf97003",42,"Film - Colour IR",1997,10000,305,3353,305.1,703.3,FALSE,"reported"
1521890,"bcf97003",43,"Film - Colour IR",1997,10000,305,3353,304,703.3,FALSE,"reported"
1521891,"bcf97003",44,"Film - Colour IR",1997,10000,305,3353,301.5,807.7,FALSE,"reported"
1521892,"bcf97003",45,"Film - Colour IR",1997,10000,305,3353,301.9,663.6,FALSE,"reported"
1521893,"bcf97003",46,"Film - Colour IR",1997,10000,305,3353,305.6,663.6,FALSE,"reported"
1521894,"bcf97003",47,"Film - Colour IR",1997,10000,305,3353,308.8,680.7,FALSE,"reported"
1521895,"bcf97003",48,"Film - Colour IR",1997,10000,305,3353,311.3,680.7,FALSE,"reported"
1521896,"bcf97003",49,"Film - Colour IR",1997,10000,305,3353,317.4,807.6,FALSE,"reported"
1521897,"bcf97003",50,"Film - Colour IR",1997,10000,305,3353,325.7,807.6,FALSE,"reported"
1521898,"bcf97003",51,"Film - Colour IR",1997,10000,305,3353,335.6,810.4,FALSE,"reported"
1521899,"bcf97003",52,"Film - Colour IR",1997,10000,305,3353,344.7,807.4,FALSE,"reported"
1521900,"bcf97003",53,"Film - Colour IR",1997,10000,305,3353,355.3,669.3,FALSE,"reported"
1521901,"bcf97003",54,"Film - Colour IR",1997,10000,305,3353,367.7,669.3,FALSE,"reported"
1521902,"bcf97003",55,"Film - Colour IR",1997,10000,305,3353,392.1,669.2,FALSE,"reported"
1521903,"bcf97003",56,"Film - Colour IR",1997,10000,305,3353,414,669.2,FALSE,"reported"
1521904,"bcf97003",57,"Film - Colour IR",1997,10000,305,3353,427.4,818.8,FALSE,"reported"
1521905,"bcf97003",58,"Film - Colour IR",1997,10000,305,3353,411.5,680.3,FALSE,"reported"
1521906,"bcf97003",59,"Film - Colour IR",1997,10000,305,3353,389.2,680.3,FALSE,"reported"
1521907,"bcf97003",60,"Film - Colour IR",1997,10000,305,3353,370.4,816.5,FALSE,"reported"
1521908,"bcf97003",61,"Film - Colour IR",1997,10000,305,3353,366.1,719.9,FALSE,"reported"
1521909,"bcf97003",62,"Film - Colour IR",1997,10000,305,3353,365.2,719.9,FALSE,"reported"
1521784,"bcf97003",63,"Film - Colour IR",1997,10000,305,3353,293.4,720.2,FALSE,"reported"
1521785,"bcf97003",64,"Film - Colour IR",1997,10000,305,3353,302.4,720.2,FALSE,"reported"
1521786,"bcf97003",65,"Film - Colour IR",1997,10000,305,3353,302.9,680.6,FALSE,"reported"
1521787,"bcf97003",66,"Film - Colour IR",1997,10000,305,3353,307.9,680.6,FALSE,"reported"
1521788,"bcf97003",67,"Film - Colour IR",1997,10000,305,3353,309.5,802.1,FALSE,"reported"
1521789,"bcf97003",68,"Film - Colour IR",1997,10000,305,3353,313,692.1,FALSE,"reported"
1521790,"bcf97003",69,"Film - Colour IR",1997,10000,305,3353,308.6,692.1,FALSE,"reported"
1521791,"bcf97003",70,"Film - Colour IR",1997,10000,305,3353,300.8,680.8,FALSE,"reported"
1521792,"bcf97003",71,"Film - Colour IR",1997,10000,305,3353,296.3,680.8,FALSE,"reported"
1521793,"bcf97003",72,"Film - Colour IR",1997,10000,305,3353,291.5,836.1,FALSE,"reported"
1521794,"bcf97003",73,"Film - Colour IR",1997,10000,305,3353,286.9,836.2,FALSE,"reported"
1521795,"bcf97003",74,"Film - Colour IR",1997,10000,305,3353,282.3,875.7,FALSE,"reported"
1521796,"bcf97003",75,"Film - Colour IR",1997,10000,305,3353,277.3,663.9,FALSE,"reported"
1521797,"bcf97003",76,"Film - Colour IR",1997,10000,305,3353,273.1,663.9,FALSE,"reported"
1521798,"bcf97003",77,"Film - Colour IR",1997,10000,305,3353,269.5,667.1,FALSE,"reported"
1521799,"bcf97003",78,"Film - Colour IR",1997,10000,305,3353,268.5,667.1,FALSE,"reported"
1521800,"bcf97003",79,"Film - Colour IR",1997,10000,305,3353,268.4,675.2,FALSE,"reported"
1521801,"bcf97003",80,"Film - Colour IR",1997,10000,305,3353,266.6,675.2,FALSE,"reported"
1521802,"bcf97003",81,"Film - Colour IR",1997,10000,305,3353,267.7,808,FALSE,"reported"
1521803,"bcf97003",82,"Film - Colour IR",1997,10000,305,3353,268.6,796.7,FALSE,"reported"
1521804,"bcf97003",83,"Film - Colour IR",1997,10000,305,3353,269.4,796.7,FALSE,"reported"
1521805,"bcf97003",84,"Film - Colour IR",1997,10000,305,3353,268.8,830.7,FALSE,"reported"
1521806,"bcf97003",85,"Film - Colour IR",1997,10000,305,3353,268.2,864.8,FALSE,"reported"
1521807,"bcf97003",86,"Film - Colour IR",1997,10000,305,3353,271.7,587.9,FALSE,"reported"
1521808,"bcf97003",87,"Film - Colour IR",1997,10000,305,3353,274.3,587.9,FALSE,"reported"
1521809,"bcf97003",88,"Film - Colour IR",1997,10000,305,3353,285.3,796.9,FALSE,"reported"
1521810,"bcf97003",89,"Film - Colour IR",1997,10000,305,3353,297.6,661.6,FALSE,"reported"
1521811,"bcf97003",90,"Film - Colour IR",1997,10000,305,3353,306.3,661.6,FALSE,"reported"
1521812,"bcf97003",91,"Film - Colour IR",1997,10000,305,3353,315.5,813.9,FALSE,"reported"
1521813,"bcf97003",92,"Film - Colour IR",1997,10000,305,3353,318.2,800.2,FALSE,"reported"
1521814,"bcf97003",93,"Film - Colour IR",1997,10000,305,3353,322.9,797,FALSE,"reported"
1521815,"bcf97003",94,"Film - Colour IR",1997,10000,305,3353,326.2,664.3,FALSE,"reported"
1521816,"bcf97003",95,"Film - Colour IR",1997,10000,305,3353,328.9,664.3,FALSE,"reported"
1521817,"bcf97003",96,"Film - Colour IR",1997,10000,305,3353,330.4,831,FALSE,"reported"
1521818,"bcf97003",97,"Film - Colour IR",1997,10000,305,3353,331.2,806.1,FALSE,"reported"
1521819,"bcf97003",98,"Film - Colour IR",1997,10000,305,3353,331.5,797.1,FALSE,"reported"
1521820,"bcf97003",99,"Film - Colour IR",1997,10000,305,3353,329.5,797.1,FALSE,"reported"
1521821,"bcf97003",100,"Film - Colour IR",1997,10000,305,3353,324.6,720.9,FALSE,"reported"
1521822,"bcf97003",101,"Film - Colour IR",1997,10000,305,3353,316.7,720.9,FALSE,"reported"
1521823,"bcf97003",102,"Film - Colour IR",1997,10000,305,3353,301.4,669.9,FALSE,"reported"
1521824,"bcf97003",103,"Film - Colour IR",1997,10000,305,3353,292.7,669.9,FALSE,"reported"
1521825,"bcf97003",104,"Film - Colour IR",1997,10000,305,3353,283.1,856.5,FALSE,"reported"
1521826,"bcf97003",105,"Film - Colour IR",1997,10000,305,3353,284.7,802.9,FALSE,"reported"
1521827,"bcf97003",106,"Film - Colour IR",1997,10000,305,3353,284.8,698.5,FALSE,"reported"
1521828,"bcf97003",107,"Film - Colour IR",1997,10000,305,3353,286.8,698.5,FALSE,"reported"
1521829,"bcf97003",108,"Film - Colour IR",1997,10000,305,3353,291.2,769,FALSE,"reported"
1521830,"bcf97003",109,"Film - Colour IR",1997,10000,305,3353,289.1,769,FALSE,"reported"
1521831,"bcf97003",110,"Film - Colour IR",1997,10000,305,3353,292.3,763.3,FALSE,"reported"
1521832,"bcf97003",111,"Film - Colour IR",1997,10000,305,3353,297.2,763.3,FALSE,"reported"
1521833,"bcf97003",112,"Film - Colour IR",1997,10000,305,3353,308.8,763.4,FALSE,"reported"
1521834,"bcf97003",113,"Film - Colour IR",1997,10000,305,3353,311.5,653.3,FALSE,"reported"
1521835,"bcf97003",114,"Film - Colour IR",1997,10000,305,3353,318,653.3,FALSE,"reported"
1521836,"bcf97003",115,"Film - Colour IR",1997,10000,305,3353,326.7,732.7,FALSE,"reported"
1521837,"bcf97003",116,"Film - Colour IR",1997,10000,305,3353,339.4,732.7,FALSE,"reported"
1521838,"bcf97003",117,"Film - Colour IR",1997,10000,305,3353,344.8,808.6,FALSE,"reported"
1521839,"bcf97003",118,"Film - Colour IR",1997,10000,305,3353,347,668,FALSE,"reported"
1521840,"bcf97003",119,"Film - Colour IR",1997,10000,305,3353,344.1,668,FALSE,"reported"
1521841,"bcf97003",120,"Film - Colour IR",1997,10000,305,3353,335.1,789.4,FALSE,"reported"
1521842,"bcf97003",121,"Film - Colour IR",1997,10000,305,3353,322.1,806.6,FALSE,"reported"
1521843,"bcf97003",122,"Film - Colour IR",1997,10000,305,3353,310,681.6,FALSE,"reported"
1521844,"bcf97003",123,"Film - Colour IR",1997,10000,305,3353,301.3,681.6,FALSE,"reported"
1521845,"bcf97003",124,"Film - Colour IR",1997,10000,305,3353,291.5,806.6,FALSE,"reported"
1521846,"bcf97003",125,"Film - Colour IR",1997,10000,305,3353,283,806.6,FALSE,"reported"
1521847,"bcf97003",126,"Film - Colour IR",1997,10000,305,3353,281.7,806.6,FALSE,"reported"
1521773,"bcf97003",127,"Film - Colour IR",1997,10000,305,3353,367.6,674.8,FALSE,"reported"
1521774,"bcf97003",128,"Film - Colour IR",1997,10000,305,3353,369.9,674.8,FALSE,"reported"
1521775,"bcf97003",129,"Film - Colour IR",1997,10000,305,3353,373.9,818.8,FALSE,"reported"
1521776,"bcf97003",130,"Film - Colour IR",1997,10000,305,3353,377,807.6,FALSE,"reported"
1521777,"bcf97003",131,"Film - Colour IR",1997,10000,305,3353,380.4,807.6,FALSE,"reported"
1521778,"bcf97003",132,"Film - Colour IR",1997,10000,305,3353,384.9,680.8,FALSE,"reported"
1521779,"bcf97003",133,"Film - Colour IR",1997,10000,305,3353,388.1,680.8,FALSE,"reported"
1521780,"bcf97003",134,"Film - Colour IR",1997,10000,305,3353,391.6,802.1,FALSE,"reported"
1521781,"bcf97003",135,"Film - Colour IR",1997,10000,305,3353,394.3,746,FALSE,"reported"
1521782,"bcf97003",136,"Film - Colour IR",1997,10000,305,3353,397,746,FALSE,"reported"
1521783,"bcf97003",137,"Film - Colour IR",1997,10000,305,3353,399.5,819.2,FALSE,"reported"
1521732,"bcf97003",138,"Film - Colour IR",1997,10000,305,3353,402,674.1,FALSE,"reported"
1521733,"bcf97003",139,"Film - Colour IR",1997,10000,305,3353,399.1,668.5,FALSE,"reported"
1521734,"bcf97003",140,"Film - Colour IR",1997,10000,305,3353,396.5,668.5,FALSE,"reported"
1521735,"bcf97003",141,"Film - Colour IR",1997,10000,305,3353,394.1,671.6,FALSE,"reported"
1521736,"bcf97003",142,"Film - Colour IR",1997,10000,305,3353,393.5,671.6,FALSE,"reported"
1521737,"bcf97003",143,"Film - Colour IR",1997,10000,305,3353,391.1,668.4,FALSE,"reported"
1521738,"bcf97003",144,"Film - Colour IR",1997,10000,305,3353,388.2,668.4,FALSE,"reported"
1521739,"bcf97003",145,"Film - Colour IR",1997,10000,305,3353,385.3,716.8,FALSE,"reported"
1521740,"bcf97003",146,"Film - Colour IR",1997,10000,305,3353,384.4,716.8,FALSE,"reported"
1521741,"bcf97003",147,"Film - Colour IR",1997,10000,305,3353,383.4,671.5,FALSE,"reported"
1521742,"bcf97003",148,"Film - Colour IR",1997,10000,305,3353,382.5,671.5,FALSE,"reported"
1521743,"bcf97003",149,"Film - Colour IR",1997,10000,305,3353,380.5,705.2,FALSE,"reported"
1521744,"bcf97003",150,"Film - Colour IR",1997,10000,305,3353,377.6,705.2,FALSE,"reported"
1521745,"bcf97003",151,"Film - Colour IR",1997,10000,305,3353,368.8,682.6,FALSE,"reported"
1521746,"bcf97003",152,"Film - Colour IR",1997,10000,305,3353,362.4,682.6,FALSE,"reported"
1521747,"bcf97003",153,"Film - Colour IR",1997,10000,305,3353,355.7,787.4,FALSE,"reported"
1521748,"bcf97003",154,"Film - Colour IR",1997,10000,305,3353,350.7,675.2,FALSE,"reported"
1521749,"bcf97003",155,"Film - Colour IR",1997,10000,305,3353,347.4,675.2,FALSE,"reported"
1521750,"bcf97003",156,"Film - Colour IR",1997,10000,305,3353,342.4,686.3,FALSE,"reported"
1521751,"bcf97003",157,"Film - Colour IR",1997,10000,305,3353,335.7,686.3,FALSE,"reported"
1521752,"bcf97003",158,"Film - Colour IR",1997,10000,305,3353,323.1,710.8,FALSE,"reported"
1521753,"bcf97003",159,"Film - Colour IR",1997,10000,305,3353,304.4,802.2,FALSE,"reported"
1521754,"bcf97003",160,"Film - Colour IR",1997,10000,305,3353,289.3,802.2,FALSE,"reported"
1521755,"bcf97003",161,"Film - Colour IR",1997,10000,305,3353,279.3,835.8,FALSE,"reported"
1521756,"bcf97003",162,"Film - Colour IR",1997,10000,305,3353,279.3,835.8,FALSE,"reported"
1521757,"bcf97003",163,"Film - Colour IR",1997,10000,305,3353,286.6,671.3,FALSE,"reported"
1521758,"bcf97003",164,"Film - Colour IR",1997,10000,305,3353,294.8,671.3,FALSE,"reported"
1521759,"bcf97003",165,"Film - Colour IR",1997,10000,305,3353,309.5,803.9,FALSE,"reported"
1521760,"bcf97003",166,"Film - Colour IR",1997,10000,305,3353,325,682.2,FALSE,"reported"
1521761,"bcf97003",167,"Film - Colour IR",1997,10000,305,3353,336.8,682.2,FALSE,"reported"
1521762,"bcf97003",168,"Film - Colour IR",1997,10000,305,3353,345,696.2,FALSE,"reported"
1521763,"bcf97003",169,"Film - Colour IR",1997,10000,305,3353,348.4,696.2,FALSE,"reported"
1521764,"bcf97003",170,"Film - Colour IR",1997,10000,305,3353,352.2,679,FALSE,"reported"
1521765,"bcf97003",171,"Film - Colour IR",1997,10000,305,3353,353.6,679,FALSE,"reported"
1521766,"bcf97003",172,"Film - Colour IR",1997,10000,305,3353,354.9,699,FALSE,"reported"
1521767,"bcf97003",173,"Film - Colour IR",1997,10000,305,3353,354.9,699,FALSE,"reported"
1521768,"bcf97003",174,"Film - Colour IR",1997,10000,305,3353,353.4,807.6,FALSE,"reported"
1521769,"bcf97003",175,"Film - Colour IR",1997,10000,305,3353,349.9,807.6,FALSE,"reported"
1521770,"bcf97003",176,"Film - Colour IR",1997,10000,305,3353,344,687.8,FALSE,"reported"
1521771,"bcf97003",177,"Film - Colour IR",1997,10000,305,3353,335.3,687.8,FALSE,"reported"
1521772,"bcf97003",178,"Film - Colour IR",1997,10000,305,3353,333.4,803.6,FALSE,"reported"
1521692,"bcf97003",179,"Film - Colour IR",1997,10000,305,3353,337.9,583.3,FALSE,"reported"
1521693,"bcf97003",180,"Film - Colour IR",1997,10000,305,3353,339.4,583.3,FALSE,"reported"
1521694,"bcf97003",181,"Film - Colour IR",1997,10000,305,3353,348.5,699.1,FALSE,"reported"
1521695,"bcf97003",182,"Film - Colour IR",1997,10000,305,3353,352.8,699.1,FALSE,"reported"
1521696,"bcf97003",183,"Film - Colour IR",1997,10000,305,3353,357.8,682.5,FALSE,"reported"
1521697,"bcf97003",184,"Film - Colour IR",1997,10000,305,3353,360.6,667.9,FALSE,"reported"
1521698,"bcf97003",185,"Film - Colour IR",1997,10000,305,3353,362.1,667.9,FALSE,"reported"
1521699,"bcf97003",186,"Film - Colour IR",1997,10000,305,3353,362,540.6,FALSE,"reported"
1521700,"bcf97003",187,"Film - Colour IR",1997,10000,305,3353,360.6,540.6,FALSE,"reported"
1521701,"bcf97003",188,"Film - Colour IR",1997,10000,305,3353,357.7,680.9,FALSE,"reported"
1521702,"bcf97003",189,"Film - Colour IR",1997,10000,305,3353,357.5,680.9,FALSE,"reported"
1521703,"bcf97003",190,"Film - Colour IR",1997,10000,305,3353,357.7,813.5,FALSE,"reported"
1521704,"bcf97003",191,"Film - Colour IR",1997,10000,305,3353,355.9,705,FALSE,"reported"
1521705,"bcf97003",192,"Film - Colour IR",1997,10000,305,3353,353.3,705,FALSE,"reported"
1521706,"bcf97003",193,"Film - Colour IR",1997,10000,305,3353,349.5,739.1,FALSE,"reported"
1521707,"bcf97003",194,"Film - Colour IR",1997,10000,305,3353,339.7,739.1,FALSE,"reported"
1521708,"bcf97003",195,"Film - Colour IR",1997,10000,305,3353,326.2,682.8,FALSE,"reported"
1521709,"bcf97003",196,"Film - Colour IR",1997,10000,305,3353,312.8,682.8,FALSE,"reported"
1521710,"bcf97003",197,"Film - Colour IR",1997,10000,305,3353,298.3,711,FALSE,"reported"
1521711,"bcf97003",198,"Film - Colour IR",1997,10000,305,3353,288.8,711,FALSE,"reported"
1521712,"bcf97003",199,"Film - Colour IR",1997,10000,305,3353,285.3,671.7,FALSE,"reported"
1521713,"bcf97003",200,"Film - Colour IR",1997,10000,305,3353,285.3,671.7,FALSE,"reported"
1521714,"bcf97003",201,"Film - Colour IR",1997,10000,305,3353,288.4,692.2,FALSE,"reported"
1521715,"bcf97003",202,"Film - Colour IR",1997,10000,305,3353,289.8,692.2,FALSE,"reported"
1521716,"bcf97003",203,"Film - Colour IR",1997,10000,305,3353,293.8,808.3,FALSE,"reported"
1521717,"bcf97003",204,"Film - Colour IR",1997,10000,305,3353,295.8,720.5,FALSE,"reported"
1521718,"bcf97003",205,"Film - Colour IR",1997,10000,305,3353,303,720.5,FALSE,"reported"
1521719,"bcf97003",206,"Film - Colour IR",1997,10000,305,3353,318.1,694.4,FALSE,"reported"
1521720,"bcf97003",207,"Film - Colour IR",1997,10000,305,3353,334.4,694.4,FALSE,"reported"
1521721,"bcf97003",208,"Film - Colour IR",1997,10000,305,3353,349.8,804.7,FALSE,"reported"
1521722,"bcf97003",209,"Film - Colour IR",1997,10000,305,3353,362.7,804.7,FALSE,"reported"
1521723,"bcf97003",210,"Film - Colour IR",1997,10000,305,3353,369.6,814.1,FALSE,"reported"
1521724,"bcf97003",211,"Film - Colour IR",1997,10000,305,3353,372.8,703.6,FALSE,"reported"
1521725,"bcf97003",212,"Film - Colour IR",1997,10000,305,3353,373.1,703.6,FALSE,"reported"
1521726,"bcf97003",213,"Film - Colour IR",1997,10000,305,3353,373.6,748.6,FALSE,"reported"
1521727,"bcf97003",214,"Film - Colour IR",1997,10000,305,3353,374.4,748.6,FALSE,"reported"
1521728,"bcf97003",215,"Film - Colour IR",1997,10000,305,3353,379.6,803,FALSE,"reported"
1521729,"bcf97003",216,"Film - Colour IR",1997,10000,305,3353,386.4,763.6,FALSE,"reported"
1521730,"bcf97003",217,"Film - Colour IR",1997,10000,305,3353,394.2,763.6,FALSE,"reported"
1521731,"bcf97003",218,"Film - Colour IR",1997,10000,305,3353,399.6,816.5,FALSE,"reported"
1519587,"bci10",1,"Film - Colour IR",1976,12000,305,5182,965.6,1209.3,FALSE,"reported"
1519588,"bci10",2,"Film - Colour IR",1976,12000,305,5182,1000.3,1209.3,FALSE,"reported"
1519589,"bci10",3,"Film - Colour IR",1976,12000,305,5182,1016,1209.4,FALSE,"reported"
1519590,"bci10",4,"Film - Colour IR",1976,12000,305,5182,1029.5,1210.5,FALSE,"reported"
1519591,"bci10",5,"Film - Colour IR",1976,12000,305,5182,1060.1,1209.4,FALSE,"reported"
1519592,"bci10",6,"Film - Colour IR",1976,12000,305,5182,1084.6,1209.4,FALSE,"reported"
1519593,"bci10",7,"Film - Colour IR",1976,12000,305,5182,1075.7,1209.4,FALSE,"reported"
1519594,"bci10",8,"Film - Colour IR",1976,12000,305,5182,1060.6,1209.4,FALSE,"reported"
1519595,"bci10",9,"Film - Colour IR",1976,12000,305,5182,1074.5,1209.5,FALSE,"reported"
1519596,"bci10",10,"Film - Colour IR",1976,12000,305,5182,1107.8,1209.5,FALSE,"reported"
1519597,"bci10",11,"Film - Colour IR",1976,12000,305,5182,1164.1,1209.5,FALSE,"reported"
1519598,"bci10",12,"Film - Colour IR",1976,12000,305,5182,1208.1,1209.5,FALSE,"reported"
1519599,"bci10",13,"Film - Colour IR",1976,12000,305,5182,1233.6,1209.5,FALSE,"reported"
1519600,"bci10",14,"Film - Colour IR",1976,12000,305,5182,1241.1,1216.7,FALSE,"reported"
1519526,"bci10",15,"Film - Colour IR",1976,12000,305,5182,1349.7,1117.8,FALSE,"reported"
1519527,"bci10",16,"Film - Colour IR",1976,12000,305,5182,1302.4,1107.5,FALSE,"reported"
1519528,"bci10",17,"Film - Colour IR",1976,12000,305,5182,1249.2,1107.5,FALSE,"reported"
1519529,"bci10",18,"Film - Colour IR",1976,12000,305,5182,1188.4,1107.5,FALSE,"reported"
1519530,"bci10",19,"Film - Colour IR",1976,12000,305,5182,1142.2,1107.5,FALSE,"reported"
1519531,"bci10",20,"Film - Colour IR",1976,12000,305,5182,1110.7,1107.5,FALSE,"reported"
1519532,"bci10",21,"Film - Colour IR",1976,12000,305,5182,1095.3,1107.5,FALSE,"reported"
1519533,"bci10",22,"Film - Colour IR",1976,12000,305,5182,1115.1,1107.5,FALSE,"reported"
1519534,"bci10",23,"Film - Colour IR",1976,12000,305,5182,1134.6,1107.4,FALSE,"reported"
1519535,"bci10",24,"Film - Colour IR",1976,12000,305,5182,1102.6,1107.4,FALSE,"reported"
1519536,"bci10",25,"Film - Colour IR",1976,12000,305,5182,1051.9,1107.4,FALSE,"reported"
1519537,"bci10",26,"Film - Colour IR",1976,12000,305,5182,1020.6,1107.4,FALSE,"reported"
1519538,"bci10",27,"Film - Colour IR",1976,12000,305,5182,989.1,1107.4,FALSE,"reported"
1519539,"bci10",28,"Film - Colour IR",1976,12000,305,5182,949.9,1107.4,FALSE,"reported"
1519540,"bci10",29,"Film - Colour IR",1976,12000,305,5182,926.1,1107.5,FALSE,"reported"
1519541,"bci10",30,"Film - Colour IR",1976,12000,305,5182,932.9,1067.9,FALSE,"reported"
1519542,"bci10",31,"Film - Colour IR",1976,12000,305,5182,938.9,1067.9,FALSE,"reported"
1519543,"bci10",32,"Film - Colour IR",1976,12000,305,5182,990,1067.9,FALSE,"reported"
1519544,"bci10",33,"Film - Colour IR",1976,12000,305,5182,1028.3,1067.9,FALSE,"reported"
1519545,"bci10",34,"Film - Colour IR",1976,12000,305,5182,1075.1,1067.9,FALSE,"reported"
1519546,"bci10",35,"Film - Colour IR",1976,12000,305,5182,1142.1,1067.9,FALSE,"reported"
1519547,"bci10",36,"Film - Colour IR",1976,12000,305,5182,1166.6,1067.9,FALSE,"reported"
1519548,"bci10",37,"Film - Colour IR",1976,12000,305,5182,1147.3,1067.9,FALSE,"reported"
1519549,"bci10",38,"Film - Colour IR",1976,12000,305,5182,1139.4,1068,FALSE,"reported"
1519550,"bci10",39,"Film - Colour IR",1976,12000,305,5182,1167.6,1068.2,FALSE,"reported"
1519551,"bci10",40,"Film - Colour IR",1976,12000,305,5182,1207.8,1068,FALSE,"reported"
1519552,"bci10",41,"Film - Colour IR",1976,12000,305,5182,1284.8,1068,FALSE,"reported"
1519553,"bci10",42,"Film - Colour IR",1976,12000,305,5182,1414.3,1068,FALSE,"reported"
1519554,"bci10",43,"Film - Colour IR",1976,12000,305,5182,1551.2,1068,FALSE,"reported"
1519555,"bci10",44,"Film - Colour IR",1976,12000,305,5182,1626.4,1068,FALSE,"reported"
1519556,"bci10",45,"Film - Colour IR",1976,12000,305,5182,1632.2,1077.2,FALSE,"reported"
1519557,"bci10",46,"Film - Colour IR",1976,12000,305,5182,1692.5,1104.2,FALSE,"reported"
1519558,"bci10",47,"Film - Colour IR",1976,12000,305,5182,1687.1,1097.2,FALSE,"reported"
1519559,"bci10",48,"Film - Colour IR",1976,12000,305,5182,1575.2,1097.2,FALSE,"reported"
1519560,"bci10",49,"Film - Colour IR",1976,12000,305,5182,1411,1097.5,FALSE,"reported"
1519561,"bci10",50,"Film - Colour IR",1976,12000,305,5182,1292.4,1097.1,FALSE,"reported"
1519562,"bci10",51,"Film - Colour IR",1976,12000,305,5182,1231.2,1097.1,FALSE,"reported"
1519563,"bci10",52,"Film - Colour IR",1976,12000,305,5182,1188.6,1097.1,FALSE,"reported"
1519564,"bci10",53,"Film - Colour IR",1976,12000,305,5182,1166.2,1097.1,FALSE,"reported"
1519565,"bci10",54,"Film - Colour IR",1976,12000,305,5182,1151.8,1097.1,FALSE,"reported"
1519566,"bci10",55,"Film - Colour IR",1976,12000,305,5182,1136.5,1098.5,FALSE,"reported"
1519567,"bci10",56,"Film - Colour IR",1976,12000,305,5182,1345,1063.1,FALSE,"reported"
1519568,"bci10",57,"Film - Colour IR",1976,12000,305,5182,1337.7,1063.1,FALSE,"reported"
1519569,"bci10",58,"Film - Colour IR",1976,12000,305,5182,1314.6,1064.2,FALSE,"reported"
1519570,"bci10",59,"Film - Colour IR",1976,12000,305,5182,1328.2,1064.2,FALSE,"reported"
1519571,"bci10",60,"Film - Colour IR",1976,12000,305,5182,1419,1064.3,FALSE,"reported"
1519572,"bci10",61,"Film - Colour IR",1976,12000,305,5182,1534.9,1064.3,FALSE,"reported"
1519573,"bci10",62,"Film - Colour IR",1976,12000,305,5182,1648.6,1064.3,FALSE,"reported"
1519574,"bci10",63,"Film - Colour IR",1976,12000,305,5182,1673.9,1064.3,FALSE,"reported"
1519575,"bci10",64,"Film - Colour IR",1976,12000,305,5182,1600.7,1064.3,FALSE,"reported"
1519576,"bci10",65,"Film - Colour IR",1976,12000,305,5182,1553.9,1071.5,FALSE,"reported"
1519577,"bci10",66,"Film - Colour IR",1976,12000,305,5182,1583.1,1082.7,FALSE,"reported"
1519578,"bci10",67,"Film - Colour IR",1976,12000,305,5182,1536.8,1076.9,FALSE,"reported"
1519579,"bci10",68,"Film - Colour IR",1976,12000,305,5182,1525.3,1075.8,FALSE,"reported"
1519580,"bci10",69,"Film - Colour IR",1976,12000,305,5182,1504.9,1075.8,FALSE,"reported"
1519581,"bci10",70,"Film - Colour IR",1976,12000,305,5182,1476.7,1075.8,FALSE,"reported"
1519582,"bci10",71,"Film - Colour IR",1976,12000,305,5182,1482.5,1075.7,FALSE,"reported"
1519583,"bci10",72,"Film - Colour IR",1976,12000,305,5182,1569.4,1075.7,FALSE,"reported"
1519584,"bci10",73,"Film - Colour IR",1976,12000,305,5182,1681.1,1075.7,FALSE,"reported"
1519585,"bci10",74,"Film - Colour IR",1976,12000,305,5182,1703.8,1075.7,FALSE,"reported"
1519586,"bci10",75,"Film - Colour IR",1976,12000,305,5182,1557.3,1075.7,FALSE,"reported"
1519640,"bci10",76,"Film - Colour IR",1976,6000,305,3200,979.1,596.4,FALSE,"reported"
1519641,"bci10",77,"Film - Colour IR",1976,6000,305,3200,991.6,593.1,FALSE,"reported"
1519642,"bci10",78,"Film - Colour IR",1976,6000,305,3200,1001.9,592.2,FALSE,"reported"
1519643,"bci10",79,"Film - Colour IR",1976,6000,305,3200,1023.6,592.2,FALSE,"reported"
1519644,"bci10",80,"Film - Colour IR",1976,6000,305,3200,1039.6,592.2,FALSE,"reported"
1519645,"bci10",81,"Film - Colour IR",1976,6000,305,3200,1047.2,592.2,FALSE,"reported"
1519646,"bci10",82,"Film - Colour IR",1976,6000,305,3200,1054.1,592.2,FALSE,"reported"
1519647,"bci10",83,"Film - Colour IR",1976,6000,305,3200,1067.8,592.2,FALSE,"reported"
1519648,"bci10",84,"Film - Colour IR",1976,6000,305,3200,1081,592.1,FALSE,"reported"
1519649,"bci10",85,"Film - Colour IR",1976,6000,305,3200,1097.1,592.1,FALSE,"reported"
1519650,"bci10",86,"Film - Colour IR",1976,6000,305,3200,1120.7,577.7,FALSE,"reported"
1519651,"bci10",87,"Film - Colour IR",1976,6000,305,3200,1163.8,576.9,FALSE,"reported"
1519652,"bci10",88,"Film - Colour IR",1976,6000,305,3200,1203.9,576.2,FALSE,"reported"
1519653,"bci10",89,"Film - Colour IR",1976,6000,305,3200,1230.7,576.2,FALSE,"reported"
1519654,"bci10",90,"Film - Colour IR",1976,6000,305,3200,1263,576.9,FALSE,"reported"
1519655,"bci10",91,"Film - Colour IR",1976,6000,305,3200,1304.8,576.9,FALSE,"reported"
1519656,"bci10",92,"Film - Colour IR",1976,6000,305,3200,1330,576.1,FALSE,"reported"
1519657,"bci10",93,"Film - Colour IR",1976,6000,305,3200,1368.9,576.1,FALSE,"reported"
1519658,"bci10",94,"Film - Colour IR",1976,6000,305,3200,1393.3,576,FALSE,"reported"
1519659,"bci10",95,"Film - Colour IR",1976,6000,305,3200,1404.1,576,FALSE,"reported"
1519660,"bci10",96,"Film - Colour IR",1976,6000,305,3200,1428.8,576.8,FALSE,"reported"
1519618,"bci10",97,"Film - Colour IR",1976,6000,305,3200,1471.8,553.4,FALSE,"reported"
1519619,"bci10",98,"Film - Colour IR",1976,6000,305,3200,1480.5,553.4,FALSE,"reported"
1519620,"bci10",99,"Film - Colour IR",1976,6000,305,3200,1455.9,554.3,FALSE,"reported"
1519621,"bci10",100,"Film - Colour IR",1976,6000,305,3200,1403,549.1,FALSE,"reported"
1519622,"bci10",101,"Film - Colour IR",1976,6000,305,3200,1346.3,549.1,FALSE,"reported"
1519623,"bci10",102,"Film - Colour IR",1976,6000,305,3200,1283.6,554.3,FALSE,"reported"
1519624,"bci10",103,"Film - Colour IR",1976,6000,305,3200,1231,554.3,FALSE,"reported"
1519625,"bci10",104,"Film - Colour IR",1976,6000,305,3200,1196.1,549.2,FALSE,"reported"
1519626,"bci10",105,"Film - Colour IR",1976,6000,305,3200,1169.9,549.2,FALSE,"reported"
1519627,"bci10",106,"Film - Colour IR",1976,6000,305,3200,1139.9,554.4,FALSE,"reported"
1519628,"bci10",107,"Film - Colour IR",1976,6000,305,3200,1127.3,554.4,FALSE,"reported"
1519629,"bci10",108,"Film - Colour IR",1976,6000,305,3200,1149.3,549.3,FALSE,"reported"
1519630,"bci10",109,"Film - Colour IR",1976,6000,305,3200,1175.5,549.3,FALSE,"reported"
1519631,"bci10",110,"Film - Colour IR",1976,6000,305,3200,1173.6,554.5,FALSE,"reported"
1519632,"bci10",111,"Film - Colour IR",1976,6000,305,3200,1136.5,550.1,FALSE,"reported"
1519633,"bci10",112,"Film - Colour IR",1976,6000,305,3200,1087.9,550.1,FALSE,"reported"
1519634,"bci10",113,"Film - Colour IR",1976,6000,305,3200,1054.8,554.5,FALSE,"reported"
1519635,"bci10",114,"Film - Colour IR",1976,6000,305,3200,1041.3,550.2,FALSE,"reported"
1519636,"bci10",115,"Film - Colour IR",1976,6000,305,3200,1030.4,550.2,FALSE,"reported"
1519637,"bci10",116,"Film - Colour IR",1976,6000,305,3200,1024.2,554.6,FALSE,"reported"
1519638,"bci10",117,"Film - Colour IR",1976,6000,305,3200,1020.9,554.6,FALSE,"reported"
1519639,"bci10",118,"Film - Colour IR",1976,6000,305,3200,1015.4,561.6,FALSE,"reported"
1519601,"bci10",119,"Film - Colour IR",1976,6000,305,3200,1034.1,558.8,FALSE,"reported"
1519602,"bci10",120,"Film - Colour IR",1976,6000,305,3200,1050.2,550.1,FALSE,"reported"
1519603,"bci10",121,"Film - Colour IR",1976,6000,305,3200,1084.4,544.2,FALSE,"reported"
1519604,"bci10",122,"Film - Colour IR",1976,6000,305,3200,1142.4,544.2,FALSE,"reported"
1519605,"bci10",123,"Film - Colour IR",1976,6000,305,3200,1207.4,544.2,FALSE,"reported"
1519606,"bci10",124,"Film - Colour IR",1976,6000,305,3200,1235.8,544.2,FALSE,"reported"
1519607,"bci10",125,"Film - Colour IR",1976,6000,305,3200,1214.4,544.2,FALSE,"reported"
1519608,"bci10",126,"Film - Colour IR",1976,6000,305,3200,1167.6,544.9,FALSE,"reported"
1519609,"bci10",127,"Film - Colour IR",1976,6000,305,3200,1137.7,544.9,FALSE,"reported"
1519610,"bci10",128,"Film - Colour IR",1976,6000,305,3200,1143.4,544.1,FALSE,"reported"
1519611,"bci10",129,"Film - Colour IR",1976,6000,305,3200,1172.7,544.1,FALSE,"reported"
1519612,"bci10",130,"Film - Colour IR",1976,6000,305,3200,1195.1,543.3,FALSE,"reported"
1519613,"bci10",131,"Film - Colour IR",1976,6000,305,3200,1228.7,543.3,FALSE,"reported"
1519614,"bci10",132,"Film - Colour IR",1976,6000,305,3200,1273.1,544,FALSE,"reported"
1519615,"bci10",133,"Film - Colour IR",1976,6000,305,3200,1340,544,FALSE,"reported"
1519616,"bci10",134,"Film - Colour IR",1976,6000,305,3200,1417.8,544,FALSE,"reported"
1519617,"bci10",135,"Film - Colour IR",1976,6000,305,3200,1490.4,544,FALSE,"reported"
1519661,"bci11",1,"Film - Colour IR",1976,6000,305,3200,1033.2,566.4,FALSE,"reported"
1519662,"bci11",2,"Film - Colour IR",1976,6000,305,3200,1047.2,552.8,FALSE,"reported"
1519663,"bci11",3,"Film - Colour IR",1976,6000,305,3200,1078,548.2,FALSE,"reported"
1519664,"bci11",4,"Film - Colour IR",1976,6000,305,3200,1135.8,548.2,FALSE,"reported"
1519665,"bci11",5,"Film - Colour IR",1976,6000,305,3200,1203.5,552.8,FALSE,"reported"
1519666,"bci11",6,"Film - Colour IR",1976,6000,305,3200,1235.2,552.8,FALSE,"reported"
1519667,"bci11",7,"Film - Colour IR",1976,6000,305,3200,1213.4,552.7,FALSE,"reported"
1519668,"bci11",8,"Film - Colour IR",1976,6000,305,3200,1165.3,548.1,FALSE,"reported"
1519669,"bci11",9,"Film - Colour IR",1976,6000,305,3200,1135.1,548.1,FALSE,"reported"
1519670,"bci11",10,"Film - Colour IR",1976,6000,305,3200,1141.3,552.7,FALSE,"reported"
1519671,"bci11",11,"Film - Colour IR",1976,6000,305,3200,1170,552.7,FALSE,"reported"
1519672,"bci11",12,"Film - Colour IR",1976,6000,305,3200,1192.4,552.6,FALSE,"reported"
1519673,"bci11",13,"Film - Colour IR",1976,6000,305,3200,1224,552.6,FALSE,"reported"
1519674,"bci11",14,"Film - Colour IR",1976,6000,305,3200,1264.8,547.2,FALSE,"reported"
1519675,"bci11",15,"Film - Colour IR",1976,6000,305,3200,1328.9,547.2,FALSE,"reported"
1519676,"bci11",16,"Film - Colour IR",1976,6000,305,3200,1407.7,552.6,FALSE,"reported"
1519677,"bci11",17,"Film - Colour IR",1976,6000,305,3200,1497.9,552.6,FALSE,"reported"
1519678,"bci11",18,"Film - Colour IR",1976,6000,305,3200,1597.9,552.5,FALSE,"reported"
1519679,"bci11",19,"Film - Colour IR",1976,6000,305,3200,1691.2,551.7,FALSE,"reported"
1519680,"bci11",20,"Film - Colour IR",1976,6000,305,3200,1731.6,551.7,FALSE,"reported"
1519681,"bci11",21,"Film - Colour IR",1976,6000,305,3200,1678.6,552.5,FALSE,"reported"
1519682,"bci11",22,"Film - Colour IR",1976,6000,305,3200,1576.3,552.5,FALSE,"reported"
1519683,"bci11",23,"Film - Colour IR",1976,6000,305,3200,1498.2,552.5,FALSE,"reported"
1519684,"bci11",24,"Film - Colour IR",1976,6000,305,3200,1496,552.5,FALSE,"reported"
1519685,"bci11",25,"Film - Colour IR",1976,6000,305,3200,1014.8,607.2,FALSE,"reported"
1519686,"bci11",26,"Film - Colour IR",1976,6000,305,3200,1021,595.8,FALSE,"reported"
1519687,"bci11",27,"Film - Colour IR",1976,6000,305,3200,1024.5,595.8,FALSE,"reported"
1519688,"bci11",28,"Film - Colour IR",1976,6000,305,3200,1032.5,595.8,FALSE,"reported"
1519689,"bci11",29,"Film - Colour IR",1976,6000,305,3200,1044.6,595.8,FALSE,"reported"
1519690,"bci11",30,"Film - Colour IR",1976,6000,305,3200,1064.2,595.7,FALSE,"reported"
1519691,"bci11",31,"Film - Colour IR",1976,6000,305,3200,1110.9,595.7,FALSE,"reported"
1519692,"bci11",32,"Film - Colour IR",1976,6000,305,3200,1162.8,595.7,FALSE,"reported"
1519693,"bci11",33,"Film - Colour IR",1976,6000,305,3200,1185,595.7,FALSE,"reported"
1519694,"bci11",34,"Film - Colour IR",1976,6000,305,3200,1162.8,595.6,FALSE,"reported"
1519695,"bci11",35,"Film - Colour IR",1976,6000,305,3200,1133.1,595.6,FALSE,"reported"
1519696,"bci11",36,"Film - Colour IR",1976,6000,305,3200,1135.4,546.4,FALSE,"reported"
1519697,"bci11",37,"Film - Colour IR",1976,6000,305,3200,1161.6,535.6,FALSE,"reported"
1519698,"bci11",38,"Film - Colour IR",1976,6000,305,3200,1190.2,535.6,FALSE,"reported"
1519699,"bci11",39,"Film - Colour IR",1976,6000,305,3200,1222.9,535.6,FALSE,"reported"
1519700,"bci11",40,"Film - Colour IR",1976,6000,305,3200,1270.1,535.6,FALSE,"reported"
1519701,"bci11",41,"Film - Colour IR",1976,6000,305,3200,1325.7,535.6,FALSE,"reported"
1519702,"bci11",42,"Film - Colour IR",1976,6000,305,3200,1391.5,535.5,FALSE,"reported"
1519703,"bci11",43,"Film - Colour IR",1976,6000,305,3200,1457.2,535.5,FALSE,"reported"
1519704,"bci11",44,"Film - Colour IR",1976,6000,305,3200,1514.8,535.5,FALSE,"reported"
1519705,"bci11",45,"Film - Colour IR",1976,6000,305,3200,1550.9,535.5,FALSE,"reported"
1519706,"bci11",46,"Film - Colour IR",1976,6000,305,3200,1555.1,535.5,FALSE,"reported"
1519707,"bci11",47,"Film - Colour IR",1976,6000,305,3200,1532.2,535.4,FALSE,"reported"
1519708,"bci11",48,"Film - Colour IR",1976,6000,305,3200,1505.1,535.4,FALSE,"reported"
1519709,"bci11",49,"Film - Colour IR",1976,6000,305,3200,1475,539.9,FALSE,"reported"
1519710,"bci11",50,"Film - Colour IR",1976,6000,305,3200,1432.3,531.8,FALSE,"reported"
1519711,"bci11",51,"Film - Colour IR",1976,6000,305,3200,1422.5,531.8,FALSE,"reported"
1519712,"bci11",52,"Film - Colour IR",1976,6000,305,3200,1427.6,532.7,FALSE,"reported"
1519713,"bci11",53,"Film - Colour IR",1976,6000,305,3200,1417.7,532.7,FALSE,"reported"
1519714,"bci11",54,"Film - Colour IR",1976,6000,305,3200,1389.3,528,FALSE,"reported"
1519715,"bci11",55,"Film - Colour IR",1976,6000,305,3200,1327.6,528,FALSE,"reported"
1519716,"bci11",56,"Film - Colour IR",1976,6000,305,3200,1295.2,532.7,FALSE,"reported"
1519717,"bci11",57,"Film - Colour IR",1976,6000,305,3200,1262.4,532.7,FALSE,"reported"
1519718,"bci11",58,"Film - Colour IR",1976,6000,305,3200,1234.5,531.9,FALSE,"reported"
1519719,"bci11",59,"Film - Colour IR",1976,6000,305,3200,1217.7,531.9,FALSE,"reported"
1519720,"bci11",60,"Film - Colour IR",1976,6000,305,3200,1190.7,532.8,FALSE,"reported"
1519721,"bci11",61,"Film - Colour IR",1976,6000,305,3200,1148.8,532.8,FALSE,"reported"
1519722,"bci11",62,"Film - Colour IR",1976,6000,305,3200,1113.8,543.4,FALSE,"reported"
1519723,"bci11",63,"Film - Colour IR",1976,6000,305,3200,1086.7,560.3,FALSE,"reported"
1519724,"bci11",64,"Film - Colour IR",1976,6000,305,3200,1069.2,560.3,FALSE,"reported"
1519725,"bci11",65,"Film - Colour IR",1976,6000,305,3200,1057.1,565.2,FALSE,"reported"
1519726,"bci11",66,"Film - Colour IR",1976,6000,305,3200,1048.2,565.3,FALSE,"reported"
1519727,"bci11",67,"Film - Colour IR",1976,6000,305,3200,1044.8,561.2,FALSE,"reported"
1519728,"bci11",68,"Film - Colour IR",1976,6000,305,3200,1036.6,561.2,FALSE,"reported"
1519729,"bci11",69,"Film - Colour IR",1976,6000,305,3200,1018.8,560.4,FALSE,"reported"
1519730,"bci11",70,"Film - Colour IR",1976,6000,305,3200,997,560.4,FALSE,"reported"
1519731,"bci11",71,"Film - Colour IR",1976,6000,305,3200,987.1,565.4,FALSE,"reported"
1519732,"bci11",72,"Film - Colour IR",1976,6000,305,3200,976.9,562.1,FALSE,"reported"
1519733,"bci11",73,"Film - Colour IR",1976,6000,305,3200,972.8,562.1,FALSE,"reported"
1520075,"bci11",74,"Film - Colour IR",1976,15840,305,6096,1214.9,1571.4,FALSE,"reported"
1520076,"bci11",75,"Film - Colour IR",1976,15840,305,6096,1234.6,1566.1,FALSE,"reported"
1520077,"bci11",76,"Film - Colour IR",1976,15840,305,6096,1248.7,1566.1,FALSE,"reported"
1520078,"bci11",77,"Film - Colour IR",1976,15840,305,6096,1254.3,1566.1,FALSE,"reported"
1520079,"bci11",78,"Film - Colour IR",1976,15840,305,6096,1242.7,1566.1,FALSE,"reported"
1520080,"bci11",79,"Film - Colour IR",1976,15840,305,6096,1228.2,1566.1,FALSE,"reported"
1520081,"bci11",80,"Film - Colour IR",1976,15840,305,6096,1202.9,1566.1,FALSE,"reported"
1520082,"bci11",81,"Film - Colour IR",1976,15840,305,6096,1160.3,1566.1,FALSE,"reported"
1520053,"bci11",82,"Film - Colour IR",1976,15840,305,5944,1196.6,1332.1,FALSE,"reported"
1520054,"bci11",83,"Film - Colour IR",1976,15840,305,5944,1221.8,1330.2,FALSE,"reported"
1520055,"bci11",84,"Film - Colour IR",1976,15840,305,5944,1259.6,1326.5,FALSE,"reported"
1520056,"bci11",85,"Film - Colour IR",1976,15840,305,5944,1280.6,1326.5,FALSE,"reported"
1520057,"bci11",86,"Film - Colour IR",1976,15840,305,5944,1282.3,1325.7,FALSE,"reported"
1520058,"bci11",87,"Film - Colour IR",1976,15840,305,5944,1289.1,1325.7,FALSE,"reported"
1520059,"bci11",88,"Film - Colour IR",1976,15840,305,6096,1941.2,1310.4,FALSE,"reported"
1520060,"bci11",89,"Film - Colour IR",1976,15840,305,6096,1830.3,1310.4,FALSE,"reported"
1520061,"bci11",90,"Film - Colour IR",1976,15840,305,6096,1710,1310.8,FALSE,"reported"
1520062,"bci11",91,"Film - Colour IR",1976,15840,305,6096,1601.8,1310.8,FALSE,"reported"
1520063,"bci11",92,"Film - Colour IR",1976,15840,305,6096,1529.1,1304.1,FALSE,"reported"
1520064,"bci11",93,"Film - Colour IR",1976,15840,305,6096,1402.4,1304.1,FALSE,"reported"
1520065,"bci11",94,"Film - Colour IR",1976,15840,305,6096,1274.9,1311.4,FALSE,"reported"
1520066,"bci11",95,"Film - Colour IR",1976,15840,305,6096,1179,1312.4,FALSE,"reported"
1520067,"bci11",96,"Film - Colour IR",1976,15840,305,6096,1754.5,1369.6,FALSE,"reported"
1520068,"bci11",97,"Film - Colour IR",1976,15840,305,6096,1757.1,1369.6,FALSE,"reported"
1520069,"bci11",98,"Film - Colour IR",1976,15840,305,6096,1692.2,1369.7,FALSE,"reported"
1520070,"bci11",99,"Film - Colour IR",1976,15840,305,6096,1577,1369.7,FALSE,"reported"
1520071,"bci11",100,"Film - Colour IR",1976,15840,305,6096,1398.4,1370.4,FALSE,"reported"
1520072,"bci11",101,"Film - Colour IR",1976,15840,305,6096,1270.3,1370,FALSE,"reported"
1520073,"bci11",102,"Film - Colour IR",1976,15840,305,6096,1235.4,1370,FALSE,"reported"
1520074,"bci11",103,"Film - Colour IR",1976,15840,305,6096,1239,1377.6,FALSE,"reported"
1520304,"bci11",104,"Film - Colour IR",1976,15840,305,6096,1405.3,1452.8,FALSE,"reported"
1520305,"bci11",105,"Film - Colour IR",1976,15840,305,6096,1499.5,1438,FALSE,"reported"
1520306,"bci11",106,"Film - Colour IR",1976,15840,305,6096,1579.4,1436.9,FALSE,"reported"
1520307,"bci11",107,"Film - Colour IR",1976,15840,305,6096,1643.3,1436.9,FALSE,"reported"
1520308,"bci11",108,"Film - Colour IR",1976,15840,305,6096,1672.6,1436.8,FALSE,"reported"
1520309,"bci11",109,"Film - Colour IR",1976,15840,305,6096,1659.2,1436.8,FALSE,"reported"
1520310,"bci11",110,"Film - Colour IR",1976,15840,305,6096,1583.6,1436.8,FALSE,"reported"
1520311,"bci11",111,"Film - Colour IR",1976,15840,305,6096,1489.5,1436.6,FALSE,"reported"
1520312,"bci11",112,"Film - Colour IR",1976,15840,305,6096,1382.7,1436.6,FALSE,"reported"
1520313,"bci11",113,"Film - Colour IR",1976,15840,305,6096,1263.8,1436.7,FALSE,"reported"
1520314,"bci11",114,"Film - Colour IR",1976,15840,305,6096,1170.6,1436.7,FALSE,"reported"
1520315,"bci11",115,"Film - Colour IR",1976,15840,305,6096,1155.3,1436.6,FALSE,"reported"
1520316,"bci11",116,"Film - Colour IR",1976,15840,305,6096,1163.7,1436.6,FALSE,"reported"
1520317,"bci11",117,"Film - Colour IR",1976,15840,305,6096,1122.8,1436.6,FALSE,"reported"
1520318,"bci11",118,"Film - Colour IR",1976,15840,305,6096,1044.7,1436.6,FALSE,"reported"
1520319,"bci11",119,"Film - Colour IR",1976,15840,305,6096,1001.9,1436.4,FALSE,"reported"
1520320,"bci11",120,"Film - Colour IR",1976,15840,305,6096,1015.5,1436.4,FALSE,"reported"
1520321,"bci11",121,"Film - Colour IR",1976,15840,305,6096,1059.9,1436.5,FALSE,"reported"
1520322,"bci11",122,"Film - Colour IR",1976,15840,305,6096,1093.6,1436.5,FALSE,"reported"
1520323,"bci11",123,"Film - Colour IR",1976,15840,305,6096,1092.9,1423.8,FALSE,"reported"
1520324,"bci11",124,"Film - Colour IR",1976,15840,305,6096,1055.8,1423.8,FALSE,"reported"
1520325,"bci11",125,"Film - Colour IR",1976,15840,305,6096,988.1,1423.9,FALSE,"reported"
1520326,"bci11",126,"Film - Colour IR",1976,15840,305,6096,962.8,1423.9,FALSE,"reported"
1520327,"bci11",127,"Film - Colour IR",1976,15840,305,6096,978.9,1423.9,FALSE,"reported"
1520328,"bci11",128,"Film - Colour IR",1976,15840,305,6096,975.7,1423.9,FALSE,"reported"
1520329,"bci11",129,"Film - Colour IR",1976,15840,305,6096,1000.7,1424,FALSE,"reported"
1520330,"bci11",130,"Film - Colour IR",1976,15840,305,6096,1057.8,1424,FALSE,"reported"
1520331,"bci11",131,"Film - Colour IR",1976,15840,305,6096,1095.8,1424,FALSE,"reported"
1520332,"bci11",132,"Film - Colour IR",1976,15840,305,6096,1099.4,1424.1,FALSE,"reported"
1520333,"bci11",133,"Film - Colour IR",1976,15840,305,6096,1094.2,1424.1,FALSE,"reported"
1520334,"bci11",134,"Film - Colour IR",1976,15840,305,6096,1120,1424.1,FALSE,"reported"
1520335,"bci11",135,"Film - Colour IR",1976,15840,305,6096,1130.6,1424.1,FALSE,"reported"
1520336,"bci11",136,"Film - Colour IR",1976,15840,305,6096,1142.9,1424.2,FALSE,"reported"
1520337,"bci11",137,"Film - Colour IR",1976,15840,305,6096,1193.7,1433.1,FALSE,"reported"
1520083,"bci12",1,"Film - Colour IR",1976,15840,305,3682,1218.7,698.7,FALSE,"outside_band"
1520084,"bci12",2,"Film - Colour IR",1976,15840,305,3682,1229.4,697.7,FALSE,"outside_band"
1520085,"bci12",3,"Film - Colour IR",1976,15840,305,3682,1234.5,697.7,FALSE,"outside_band"
1520086,"bci12",4,"Film - Colour IR",1976,15840,305,3682,1238.4,695.1,FALSE,"outside_band"
1520087,"bci12",5,"Film - Colour IR",1976,15840,305,3682,1241.4,695.1,FALSE,"outside_band"
1520088,"bci12",6,"Film - Colour IR",1976,15840,305,3682,1243.1,697.6,FALSE,"outside_band"
1520089,"bci12",7,"Film - Colour IR",1976,15840,305,3682,1245.6,695.1,FALSE,"outside_band"
1520090,"bci12",8,"Film - Colour IR",1976,15840,305,3682,1248.4,695.1,FALSE,"outside_band"
1520091,"bci12",9,"Film - Colour IR",1976,15840,305,3682,1244.1,697.6,FALSE,"outside_band"
1520092,"bci12",10,"Film - Colour IR",1976,15840,305,3682,1236.2,697.6,FALSE,"outside_band"
1520093,"bci12",11,"Film - Colour IR",1976,15840,305,3682,1228.2,696.1,FALSE,"outside_band"
1520094,"bci12",12,"Film - Colour IR",1976,15840,305,3682,1219.1,696.1,FALSE,"outside_band"
1520095,"bci12",13,"Film - Colour IR",1976,15840,305,3682,1208.3,697.6,FALSE,"outside_band"
1520096,"bci12",14,"Film - Colour IR",1976,15840,305,3682,1197.1,709.5,FALSE,"outside_band"
1519950,"bci12",15,"Film - Colour IR",1976,8000,305,3353,1058.8,1642.3,FALSE,"reported"
1519951,"bci12",16,"Film - Colour IR",1976,8000,305,3353,830.2,1637.3,FALSE,"reported"
1519952,"bci12",17,"Film - Colour IR",1976,8000,305,3353,674.4,1637.3,FALSE,"reported"
1519953,"bci12",18,"Film - Colour IR",1976,8000,305,3353,830.5,1637.1,FALSE,"reported"
1519954,"bci12",19,"Film - Colour IR",1976,8000,305,3353,981.3,1637.1,FALSE,"reported"
1519955,"bci12",20,"Film - Colour IR",1976,8000,305,3353,830.7,1640.9,FALSE,"reported"
1519956,"bci12",21,"Film - Colour IR",1976,8000,305,3353,942.9,1007.4,FALSE,"reported"
1519957,"bci12",22,"Film - Colour IR",1976,8000,305,3353,1113.6,1007.4,FALSE,"reported"
1519958,"bci12",23,"Film - Colour IR",1976,8000,305,3353,1113.6,1007.4,FALSE,"reported"
1519959,"bci12",24,"Film - Colour IR",1976,8000,305,3353,1070.9,1003,FALSE,"reported"
1519960,"bci12",25,"Film - Colour IR",1976,8000,305,3353,934.4,1003,FALSE,"reported"
1519961,"bci12",26,"Film - Colour IR",1976,8000,305,3353,713.8,1007.5,FALSE,"reported"
1519962,"bci12",27,"Film - Colour IR",1976,8000,305,3353,708.6,1007.5,FALSE,"reported"
1519963,"bci12",28,"Film - Colour IR",1976,8000,305,3353,950.9,1007.6,FALSE,"reported"
1519964,"bci12",29,"Film - Colour IR",1976,8000,305,3353,1143.1,1007.6,FALSE,"reported"
1519965,"bci12",30,"Film - Colour IR",1976,8000,305,3353,1214.6,1007.6,FALSE,"reported"
1519966,"bci12",31,"Film - Colour IR",1976,8000,305,3353,1234.1,1014.5,FALSE,"reported"
1519967,"bci12",32,"Film - Colour IR",1976,8000,305,3353,1313.6,634,FALSE,"reported"
1519968,"bci12",33,"Film - Colour IR",1976,8000,305,3353,1320.5,612.2,FALSE,"reported"
1519969,"bci12",34,"Film - Colour IR",1976,8000,305,3353,1322.2,612.2,FALSE,"reported"
1519970,"bci12",35,"Film - Colour IR",1976,8000,305,3353,1334.1,613.1,FALSE,"reported"
1519971,"bci12",36,"Film - Colour IR",1976,8000,305,3353,1325.7,613.1,FALSE,"reported"
1519972,"bci12",37,"Film - Colour IR",1976,8000,305,3353,1290.8,612.2,FALSE,"reported"
1519973,"bci12",38,"Film - Colour IR",1976,8000,305,3353,1238.3,612.2,FALSE,"reported"
1519974,"bci12",39,"Film - Colour IR",1976,8000,305,3353,1166.7,613.1,FALSE,"reported"
1519975,"bci12",40,"Film - Colour IR",1976,8000,305,3353,1067.4,612.1,FALSE,"reported"
1519976,"bci12",41,"Film - Colour IR",1976,8000,305,3353,935,612.1,FALSE,"reported"
1519977,"bci12",42,"Film - Colour IR",1976,8000,305,3353,793.5,612.1,FALSE,"reported"
1519978,"bci12",43,"Film - Colour IR",1976,8000,305,3353,691.3,612.1,FALSE,"reported"
1519979,"bci12",44,"Film - Colour IR",1976,8000,305,3353,679.9,613,FALSE,"reported"
1519980,"bci12",45,"Film - Colour IR",1976,8000,305,3353,800.5,612.1,FALSE,"reported"
1519981,"bci12",46,"Film - Colour IR",1976,8000,305,3353,960.4,612.1,FALSE,"reported"
1519982,"bci12",47,"Film - Colour IR",1976,8000,305,3353,1055.6,612,FALSE,"reported"
1519983,"bci12",48,"Film - Colour IR",1976,8000,305,3353,1060.5,612,FALSE,"reported"
1519984,"bci12",49,"Film - Colour IR",1976,8000,305,3353,1037.7,612,FALSE,"reported"
1519985,"bci12",50,"Film - Colour IR",1976,8000,305,3353,1024.3,612,FALSE,"reported"
1519986,"bci12",51,"Film - Colour IR",1976,8000,305,3353,989.5,612,FALSE,"reported"
1519987,"bci12",52,"Film - Colour IR",1976,8000,305,3353,960.7,612,FALSE,"reported"
1519988,"bci12",53,"Film - Colour IR",1976,8000,305,3353,940.8,612,FALSE,"reported"
1520004,"bci12",54,"Film - Colour IR",1976,8000,305,3353,1238.7,643.7,FALSE,"reported"
1520005,"bci12",55,"Film - Colour IR",1976,8000,305,3353,1254.2,642.7,FALSE,"reported"
1520006,"bci12",56,"Film - Colour IR",1976,8000,305,3353,1263.4,642.7,FALSE,"reported"
1520007,"bci12",57,"Film - Colour IR",1976,8000,305,3353,1245.8,642.7,FALSE,"reported"
1520008,"bci12",58,"Film - Colour IR",1976,8000,305,3353,1219.4,642.7,FALSE,"reported"
1520009,"bci12",59,"Film - Colour IR",1976,8000,305,3353,1171.9,642.7,FALSE,"reported"
1520010,"bci12",60,"Film - Colour IR",1976,8000,305,3353,1122.4,642.7,FALSE,"reported"
1520011,"bci12",61,"Film - Colour IR",1976,8000,305,3353,1050.2,642.7,FALSE,"reported"
1520012,"bci12",62,"Film - Colour IR",1976,8000,305,3353,940.8,642.7,FALSE,"reported"
1520013,"bci12",63,"Film - Colour IR",1976,8000,305,3353,808.1,642.7,FALSE,"reported"
1520014,"bci12",64,"Film - Colour IR",1976,8000,305,3353,704.1,642.6,FALSE,"reported"
1520015,"bci12",65,"Film - Colour IR",1976,8000,305,3353,674.7,642.6,FALSE,"reported"
1520016,"bci12",66,"Film - Colour IR",1976,8000,305,3353,737.9,642.6,FALSE,"reported"
1519989,"bci12",67,"Film - Colour IR",1976,8000,305,3353,907.5,635.3,FALSE,"reported"
1519990,"bci12",68,"Film - Colour IR",1976,8000,305,3353,811.9,632.8,FALSE,"reported"
1519991,"bci12",69,"Film - Colour IR",1976,8000,305,3353,697.6,631.9,FALSE,"reported"
1519992,"bci12",70,"Film - Colour IR",1976,8000,305,3353,686.1,631.9,FALSE,"reported"
1519993,"bci12",71,"Film - Colour IR",1976,8000,305,3353,775.4,631.9,FALSE,"reported"
1519994,"bci12",72,"Film - Colour IR",1976,8000,305,3353,903.8,631.9,FALSE,"reported"
1519995,"bci12",73,"Film - Colour IR",1976,8000,305,3353,1013.5,631.9,FALSE,"reported"
1519996,"bci12",74,"Film - Colour IR",1976,8000,305,3353,1100.5,631.9,FALSE,"reported"
1519997,"bci12",75,"Film - Colour IR",1976,8000,305,3353,1174.1,632.9,FALSE,"reported"
1519998,"bci12",76,"Film - Colour IR",1976,8000,305,3353,1227.5,631.9,FALSE,"reported"
1519999,"bci12",77,"Film - Colour IR",1976,8000,305,3353,1286.2,631.9,FALSE,"reported"
1520000,"bci12",78,"Film - Colour IR",1976,8000,305,3353,1322.5,631.9,FALSE,"reported"
1520001,"bci12",79,"Film - Colour IR",1976,8000,305,3353,1318.3,632.9,FALSE,"reported"
1520002,"bci12",80,"Film - Colour IR",1976,8000,305,3353,1312.5,632.9,FALSE,"reported"
1520003,"bci12",81,"Film - Colour IR",1976,8000,305,3353,1320.2,635.5,FALSE,"reported"
1519167,"bci2",1,"Film - Colour IR",1975,10000,305,3810,147.6,996.7,FALSE,"reported"
1519168,"bci2",2,"Film - Colour IR",1975,10000,305,3810,143.9,994.5,FALSE,"reported"
1519169,"bci2",3,"Film - Colour IR",1975,10000,305,3810,148.3,994.5,FALSE,"reported"
1519170,"bci2",4,"Film - Colour IR",1975,10000,305,3810,154.2,995.6,FALSE,"reported"
1519171,"bci2",5,"Film - Colour IR",1975,10000,305,3810,159,994.5,FALSE,"reported"
1519172,"bci2",6,"Film - Colour IR",1975,10000,305,3810,172.3,994.5,FALSE,"reported"
1519173,"bci2",7,"Film - Colour IR",1975,10000,305,3810,171.2,994.5,FALSE,"reported"
1519174,"bci2",8,"Film - Colour IR",1975,10000,305,3810,142,994.5,FALSE,"reported"
1519175,"bci2",9,"Film - Colour IR",1975,10000,305,3810,108.5,994.5,FALSE,"reported"
1519176,"bci2",10,"Film - Colour IR",1975,10000,305,3810,91.4,994.5,FALSE,"reported"
1519177,"bci2",11,"Film - Colour IR",1975,10000,305,3810,68.5,956.5,FALSE,"reported"
1519178,"bci2",12,"Film - Colour IR",1975,10000,305,3810,40.4,952.1,FALSE,"reported"
1519179,"bci2",13,"Film - Colour IR",1975,10000,305,3810,33.2,952.1,FALSE,"reported"
1519180,"bci2",14,"Film - Colour IR",1975,10000,305,3810,32.7,952,FALSE,"reported"
1519181,"bci2",15,"Film - Colour IR",1975,10000,305,3810,32.1,952,FALSE,"reported"
1519182,"bci2",16,"Film - Colour IR",1975,10000,305,3810,32.9,952.1,FALSE,"reported"
1519183,"bci2",17,"Film - Colour IR",1975,10000,305,3810,35.7,952,FALSE,"reported"
1519184,"bci2",18,"Film - Colour IR",1975,10000,305,3810,42.8,952,FALSE,"reported"
1519185,"bci2",19,"Film - Colour IR",1975,10000,305,3810,52.1,952.1,FALSE,"reported"
1519186,"bci2",20,"Film - Colour IR",1975,10000,305,3810,53.4,950.9,FALSE,"reported"
1519187,"bci2",21,"Film - Colour IR",1975,10000,305,3810,64.7,950.9,FALSE,"reported"
1519188,"bci2",22,"Film - Colour IR",1975,10000,305,3810,72.7,950.9,FALSE,"reported"
1519189,"bci2",23,"Film - Colour IR",1975,10000,305,3810,64.5,950.9,FALSE,"reported"
1519190,"bci2",24,"Film - Colour IR",1975,10000,305,3810,41.2,952,FALSE,"reported"
1519191,"bci2",25,"Film - Colour IR",1975,10000,305,3810,37.5,952,FALSE,"reported"
1519192,"bci2",26,"Film - Colour IR",1975,10000,305,3810,67,952,FALSE,"reported"
1519193,"bci2",27,"Film - Colour IR",1975,10000,305,3810,153.9,952,FALSE,"reported"
1519194,"bci2",28,"Film - Colour IR",1975,10000,305,3810,291.9,952,FALSE,"reported"
1519195,"bci2",29,"Film - Colour IR",1975,10000,305,3810,398.7,952,FALSE,"reported"
1519196,"bci2",30,"Film - Colour IR",1975,10000,305,3810,374.7,952,FALSE,"reported"
1519197,"bci2",31,"Film - Colour IR",1975,10000,305,3810,276.4,952,FALSE,"reported"
1519198,"bci2",32,"Film - Colour IR",1975,10000,305,3810,255.6,952,FALSE,"reported"
1519199,"bci2",33,"Film - Colour IR",1975,10000,305,3810,325.2,952,FALSE,"reported"
1519138,"bci2",34,"Film - Colour IR",1975,10000,305,3810,133.2,1037.9,FALSE,"reported"
1519139,"bci2",35,"Film - Colour IR",1975,10000,305,3810,205.4,1037.9,FALSE,"reported"
1519140,"bci2",36,"Film - Colour IR",1975,10000,305,3810,183.8,1038,FALSE,"reported"
1519141,"bci2",37,"Film - Colour IR",1975,10000,305,3810,86.7,1038,FALSE,"reported"
1519142,"bci2",38,"Film - Colour IR",1975,10000,305,3810,12.5,1038,FALSE,"reported"
1519143,"bci2",39,"Film - Colour IR",1975,10000,305,3810,5,1038,FALSE,"reported"
1519144,"bci2",40,"Film - Colour IR",1975,10000,305,3810,9.9,1038,FALSE,"reported"
1519145,"bci2",41,"Film - Colour IR",1975,10000,305,3810,20.4,1038,FALSE,"reported"
1519146,"bci2",42,"Film - Colour IR",1975,10000,305,3810,47.8,1038,FALSE,"reported"
1519147,"bci2",43,"Film - Colour IR",1975,10000,305,3810,77.4,1038,FALSE,"reported"
1519148,"bci2",44,"Film - Colour IR",1975,10000,305,3810,75.1,1038,FALSE,"reported"
1519149,"bci2",45,"Film - Colour IR",1975,10000,305,3810,45.5,1038,FALSE,"reported"
1519150,"bci2",46,"Film - Colour IR",1975,10000,305,3810,23.5,1038,FALSE,"reported"
1519151,"bci2",47,"Film - Colour IR",1975,10000,305,3810,22.9,1038,FALSE,"reported"
1519152,"bci2",48,"Film - Colour IR",1975,10000,305,3810,28.9,1038,FALSE,"reported"
1519153,"bci2",49,"Film - Colour IR",1975,10000,305,3810,34.7,1038,FALSE,"reported"
1519154,"bci2",50,"Film - Colour IR",1975,10000,305,3810,38.4,1038,FALSE,"reported"
1519155,"bci2",51,"Film - Colour IR",1975,10000,305,3810,41.8,1038,FALSE,"reported"
1519156,"bci2",52,"Film - Colour IR",1975,10000,305,3810,64.4,1038,FALSE,"reported"
1519157,"bci2",53,"Film - Colour IR",1975,10000,305,3810,103.4,953.3,FALSE,"reported"
1519158,"bci2",54,"Film - Colour IR",1975,10000,305,3810,139.1,953.2,FALSE,"reported"
1519159,"bci2",55,"Film - Colour IR",1975,10000,305,3810,247.9,953.2,FALSE,"reported"
1519160,"bci2",56,"Film - Colour IR",1975,10000,305,3810,401,953.2,FALSE,"reported"
1519161,"bci2",57,"Film - Colour IR",1975,10000,305,3810,476.2,952.2,FALSE,"reported"
1519162,"bci2",58,"Film - Colour IR",1975,10000,305,3810,459.7,952.2,FALSE,"reported"
1519163,"bci2",59,"Film - Colour IR",1975,10000,305,3810,425.7,953.2,FALSE,"reported"
1519164,"bci2",60,"Film - Colour IR",1975,10000,305,3810,384.2,953.2,FALSE,"reported"
1519165,"bci2",61,"Film - Colour IR",1975,10000,305,3810,307.5,953.2,FALSE,"reported"
1519166,"bci2",62,"Film - Colour IR",1975,10000,305,3810,248.7,961.1,FALSE,"reported"
1519111,"bci2",63,"Film - Colour IR",1975,10000,305,3810,237.3,1106.1,FALSE,"reported"
1519112,"bci2",64,"Film - Colour IR",1975,10000,305,3810,307.6,1099.4,FALSE,"reported"
1519113,"bci2",65,"Film - Colour IR",1975,10000,305,3810,332.8,1098.3,FALSE,"reported"
1519114,"bci2",66,"Film - Colour IR",1975,10000,305,3810,298.6,1098.3,FALSE,"reported"
1519115,"bci2",67,"Film - Colour IR",1975,10000,305,3810,189.7,1098.3,FALSE,"reported"
1519116,"bci2",68,"Film - Colour IR",1975,10000,305,3810,107.4,1098.3,FALSE,"reported"
1519117,"bci2",69,"Film - Colour IR",1975,10000,305,3810,94.8,1098.3,FALSE,"reported"
1519118,"bci2",70,"Film - Colour IR",1975,10000,305,3810,81.9,1098.3,FALSE,"reported"
1519119,"bci2",71,"Film - Colour IR",1975,10000,305,3810,65.1,1098.3,FALSE,"reported"
1519120,"bci2",72,"Film - Colour IR",1975,10000,305,3810,57.1,1098.3,FALSE,"reported"
1519121,"bci2",73,"Film - Colour IR",1975,10000,305,3810,50.6,1061.6,FALSE,"reported"
1519122,"bci2",74,"Film - Colour IR",1975,10000,305,3810,37.6,1046.9,FALSE,"reported"
1519123,"bci2",75,"Film - Colour IR",1975,10000,305,3810,30.6,1046.9,FALSE,"reported"
1519124,"bci2",76,"Film - Colour IR",1975,10000,305,3810,31.8,1046.9,FALSE,"reported"
1519125,"bci2",77,"Film - Colour IR",1975,10000,305,3810,38,1046.9,FALSE,"reported"
1519126,"bci2",78,"Film - Colour IR",1975,10000,305,3810,46.9,1046.9,FALSE,"reported"
1519127,"bci2",79,"Film - Colour IR",1975,10000,305,3810,36.6,1046.9,FALSE,"reported"
1519128,"bci2",80,"Film - Colour IR",1975,10000,305,3810,14.6,1046.9,FALSE,"reported"
1519129,"bci2",81,"Film - Colour IR",1975,10000,305,3810,7.9,1046.9,FALSE,"reported"
1519130,"bci2",82,"Film - Colour IR",1975,10000,305,3810,6.1,1046.9,FALSE,"reported"
1519131,"bci2",83,"Film - Colour IR",1975,10000,305,3810,4.1,1046.9,FALSE,"reported"
1519132,"bci2",84,"Film - Colour IR",1975,10000,305,3810,2.5,1046.9,FALSE,"reported"
1519133,"bci2",85,"Film - Colour IR",1975,10000,305,3810,0.7,1046.9,FALSE,"reported"
1519134,"bci2",86,"Film - Colour IR",1975,10000,305,3810,-0.5,1046.9,FALSE,"reported"
1519135,"bci2",87,"Film - Colour IR",1975,10000,305,3810,-0.4,1046.9,FALSE,"reported"
1519136,"bci2",88,"Film - Colour IR",1975,10000,305,3810,0.1,1046.9,FALSE,"reported"
1519137,"bci2",89,"Film - Colour IR",1975,10000,305,3810,0.2,1048,FALSE,"reported"
1519080,"bci2",90,"Film - Colour IR",1975,10000,305,3810,96.4,958.9,FALSE,"reported"
1519081,"bci2",91,"Film - Colour IR",1975,10000,305,3810,131.9,957.9,FALSE,"reported"
1519082,"bci2",92,"Film - Colour IR",1975,10000,305,3810,152.6,957.9,FALSE,"reported"
1519083,"bci2",93,"Film - Colour IR",1975,10000,305,3810,127.2,957.8,FALSE,"reported"
1519084,"bci2",94,"Film - Colour IR",1975,10000,305,3810,76.8,957.8,FALSE,"reported"
1519085,"bci2",95,"Film - Colour IR",1975,10000,305,3810,37.1,957.8,FALSE,"reported"
1519086,"bci2",96,"Film - Colour IR",1975,10000,305,3810,23.8,957.8,FALSE,"reported"
1519087,"bci2",97,"Film - Colour IR",1975,10000,305,3810,15.8,957.8,FALSE,"reported"
1519088,"bci2",98,"Film - Colour IR",1975,10000,305,3810,18.4,957.8,FALSE,"reported"
1519089,"bci2",99,"Film - Colour IR",1975,10000,305,3810,46.6,959.1,FALSE,"reported"
1519090,"bci2",100,"Film - Colour IR",1975,10000,305,3810,91.1,961.2,FALSE,"reported"
1519091,"bci2",101,"Film - Colour IR",1975,10000,305,3810,118.8,999.4,FALSE,"reported"
1519092,"bci2",102,"Film - Colour IR",1975,10000,305,3810,113.2,999.4,FALSE,"reported"
1519093,"bci2",103,"Film - Colour IR",1975,10000,305,3810,130.9,999.4,FALSE,"reported"
1519094,"bci2",104,"Film - Colour IR",1975,10000,305,3810,175.3,999.7,FALSE,"reported"
1519095,"bci2",105,"Film - Colour IR",1975,10000,305,3810,207.8,999.4,FALSE,"reported"
1519096,"bci2",106,"Film - Colour IR",1975,10000,305,3810,277.5,999.4,FALSE,"reported"
1519097,"bci2",107,"Film - Colour IR",1975,10000,305,3810,330.8,999.7,FALSE,"reported"
1519098,"bci2",108,"Film - Colour IR",1975,10000,305,3810,267.2,999.5,FALSE,"reported"
1519099,"bci2",109,"Film - Colour IR",1975,10000,305,3810,178.1,999.5,FALSE,"reported"
1519100,"bci2",110,"Film - Colour IR",1975,10000,305,3810,154.6,926.5,FALSE,"reported"
1519101,"bci2",111,"Film - Colour IR",1975,10000,305,3810,184.6,926.5,FALSE,"reported"
1519102,"bci2",112,"Film - Colour IR",1975,10000,305,3810,207.8,927.7,FALSE,"reported"
1519103,"bci2",113,"Film - Colour IR",1975,10000,305,3810,208.2,926.6,FALSE,"reported"
1519104,"bci2",114,"Film - Colour IR",1975,10000,305,3810,212.8,926.6,FALSE,"reported"
1519105,"bci2",115,"Film - Colour IR",1975,10000,305,3810,217.3,926.6,FALSE,"reported"
1519106,"bci2",116,"Film - Colour IR",1975,10000,305,3810,245.7,926.6,FALSE,"reported"
1519107,"bci2",117,"Film - Colour IR",1975,10000,305,3810,335.4,926.6,FALSE,"reported"
1519108,"bci2",118,"Film - Colour IR",1975,10000,305,3810,471.2,926.6,FALSE,"reported"
1519109,"bci2",119,"Film - Colour IR",1975,10000,305,3810,470.5,927.7,FALSE,"reported"
1519110,"bci2",120,"Film - Colour IR",1975,10000,305,3810,315.9,935.4,FALSE,"reported"
1519357,"bci3",1,"Film - Colour IR",1975,10000,305,4023,1719.9,1983.6,FALSE,"reported"
1519358,"bci3",2,"Film - Colour IR",1975,10000,305,4023,1521.5,1983,FALSE,"reported"
1519359,"bci3",3,"Film - Colour IR",1975,10000,305,4023,1642,1976.5,FALSE,"reported"
1519360,"bci3",4,"Film - Colour IR",1975,10000,305,4023,1751.8,1976.5,FALSE,"reported"
1519361,"bci3",5,"Film - Colour IR",1975,10000,305,4023,1218.9,1977.2,FALSE,"reported"
1519362,"bci3",6,"Film - Colour IR",1975,10000,305,4023,935.7,1971.5,FALSE,"reported"
1519363,"bci3",7,"Film - Colour IR",1975,10000,305,4023,1191.9,1971.5,FALSE,"reported"
1519364,"bci3",8,"Film - Colour IR",1975,10000,305,4023,1443.7,1978.4,FALSE,"reported"
1519365,"bci3",9,"Film - Colour IR",1975,10000,305,4023,1730.3,1973.1,FALSE,"reported"
1519366,"bci3",10,"Film - Colour IR",1975,10000,305,4023,1480.8,1973.1,FALSE,"reported"
1519367,"bci3",11,"Film - Colour IR",1975,10000,305,4023,1321.5,1974,FALSE,"reported"
1519368,"bci3",12,"Film - Colour IR",1975,10000,305,4023,1218.9,1974,FALSE,"reported"
1519369,"bci3",13,"Film - Colour IR",1975,10000,305,4023,613.3,2475.1,FALSE,"reported"
1519370,"bci3",14,"Film - Colour IR",1975,10000,305,4023,619.2,2467.9,FALSE,"reported"
1519371,"bci3",15,"Film - Colour IR",1975,10000,305,4023,655.3,2467.9,FALSE,"reported"
1519372,"bci3",16,"Film - Colour IR",1975,10000,305,4023,538.8,2468.1,FALSE,"reported"
1519373,"bci3",17,"Film - Colour IR",1975,10000,305,4023,476.7,2468.1,FALSE,"reported"
1519374,"bci3",18,"Film - Colour IR",1975,10000,305,4023,711.5,2468.2,FALSE,"reported"
1519375,"bci3",19,"Film - Colour IR",1975,10000,305,4023,658.1,2468.5,FALSE,"reported"
1519376,"bci3",20,"Film - Colour IR",1975,10000,305,4023,953.3,2468.5,FALSE,"reported"
1519377,"bci3",21,"Film - Colour IR",1975,10000,305,4023,1211.3,2468.6,FALSE,"reported"
1519378,"bci3",22,"Film - Colour IR",1975,10000,305,4023,1740.5,2468.6,FALSE,"reported"
1519379,"bci3",23,"Film - Colour IR",1975,10000,305,4023,1783.3,2468.7,FALSE,"reported"
1519380,"bci3",24,"Film - Colour IR",1975,10000,305,4023,1613.7,2468.9,FALSE,"reported"
1519381,"bci3",25,"Film - Colour IR",1975,10000,305,4023,1302.1,2468.9,FALSE,"reported"
1519382,"bci3",26,"Film - Colour IR",1975,10000,305,4023,1746.4,2469,FALSE,"reported"
1519383,"bci3",27,"Film - Colour IR",1975,10000,305,4023,1750.4,2423,FALSE,"reported"
1519347,"bci3",28,"Film - Colour IR",1975,10000,305,4023,1734.1,1019.5,FALSE,"reported"
1519348,"bci3",29,"Film - Colour IR",1975,10000,305,4023,1577.8,1016.2,FALSE,"reported"
1519349,"bci3",30,"Film - Colour IR",1975,10000,305,4023,1430.6,1016.2,FALSE,"reported"
1519350,"bci3",31,"Film - Colour IR",1975,10000,305,4023,1332.6,1016.2,FALSE,"reported"
1519351,"bci3",32,"Film - Colour IR",1975,10000,305,4023,1259.1,1016.2,FALSE,"reported"
1519352,"bci3",33,"Film - Colour IR",1975,10000,305,4023,1267.8,1016.2,FALSE,"reported"
1519353,"bci3",34,"Film - Colour IR",1975,10000,305,4023,1335.1,1016.1,FALSE,"reported"
1519354,"bci3",35,"Film - Colour IR",1975,10000,305,4023,1393.1,1016.1,FALSE,"reported"
1519355,"bci3",36,"Film - Colour IR",1975,10000,305,4023,1325.3,1016.1,FALSE,"reported"
1519356,"bci3",37,"Film - Colour IR",1975,10000,305,4023,1174.7,1016.1,FALSE,"reported"
1519335,"bci3",38,"Film - Colour IR",1975,10000,305,4023,1412.8,1664.1,FALSE,"reported"
1519336,"bci3",39,"Film - Colour IR",1975,10000,305,4023,1401.3,1661.4,FALSE,"reported"
1519337,"bci3",40,"Film - Colour IR",1975,10000,305,4023,1196.3,1661.4,FALSE,"reported"
1519338,"bci3",41,"Film - Colour IR",1975,10000,305,4023,1123,1656.1,FALSE,"reported"
1519339,"bci3",42,"Film - Colour IR",1975,10000,305,4023,1382.6,1656.1,FALSE,"reported"
1519340,"bci3",43,"Film - Colour IR",1975,10000,305,4023,1418.2,1656.5,FALSE,"reported"
1519341,"bci3",44,"Film - Colour IR",1975,10000,305,4023,1255.7,1656.5,FALSE,"reported"
1519342,"bci3",45,"Film - Colour IR",1975,10000,305,4023,1033.8,1657.5,FALSE,"reported"
1519343,"bci3",46,"Film - Colour IR",1975,10000,305,4023,1085.9,1657.5,FALSE,"reported"
1519344,"bci3",47,"Film - Colour IR",1975,10000,305,4023,931.7,1658.3,FALSE,"reported"
1519345,"bci3",48,"Film - Colour IR",1975,10000,305,4023,945.4,1658.7,FALSE,"reported"
1519346,"bci3",49,"Film - Colour IR",1975,10000,305,4023,1183.4,1658.7,FALSE,"reported"
1519322,"bci3",50,"Film - Colour IR",1975,10000,305,4023,1151.3,1197.8,FALSE,"reported"
1519323,"bci3",51,"Film - Colour IR",1975,10000,305,4023,980.9,1185,FALSE,"reported"
1519324,"bci3",52,"Film - Colour IR",1975,10000,305,4023,840.1,1185,FALSE,"reported"
1519325,"bci3",53,"Film - Colour IR",1975,10000,305,4023,1013.8,1185,FALSE,"reported"
1519326,"bci3",54,"Film - Colour IR",1975,10000,305,4023,1022.5,1181.1,FALSE,"reported"
1519327,"bci3",55,"Film - Colour IR",1975,10000,305,4023,901.9,1181.1,FALSE,"reported"
1519328,"bci3",56,"Film - Colour IR",1975,10000,305,4023,971.1,1186.1,FALSE,"reported"
1519329,"bci3",57,"Film - Colour IR",1975,10000,305,4023,1082.5,1186.2,FALSE,"reported"
1519330,"bci3",58,"Film - Colour IR",1975,10000,305,4023,1114.5,1185.4,FALSE,"reported"
1519331,"bci3",59,"Film - Colour IR",1975,10000,305,4023,1079.7,1185.4,FALSE,"reported"
1519332,"bci3",60,"Film - Colour IR",1975,10000,305,4023,1059.5,1182.3,FALSE,"reported"
1519333,"bci3",61,"Film - Colour IR",1975,10000,305,4023,1033.8,1182.3,FALSE,"reported"
1519334,"bci3",62,"Film - Colour IR",1975,10000,305,4023,959.8,1186.5,FALSE,"reported"
1519312,"bci3",63,"Film - Colour IR",1975,10000,305,4023,900.5,2221.7,FALSE,"reported"
1519313,"bci3",64,"Film - Colour IR",1975,10000,305,4023,898.5,2221.3,FALSE,"reported"
1519314,"bci3",65,"Film - Colour IR",1975,10000,305,4023,1038.2,2220.9,FALSE,"reported"
1519315,"bci3",66,"Film - Colour IR",1975,10000,305,4023,903.5,2220.7,FALSE,"reported"
1519316,"bci3",67,"Film - Colour IR",1975,10000,305,4023,704.8,2220,FALSE,"reported"
1519317,"bci3",68,"Film - Colour IR",1975,10000,305,4023,519.1,2219.8,FALSE,"reported"
1519318,"bci3",69,"Film - Colour IR",1975,10000,305,4023,905.9,2219.8,FALSE,"reported"
1519319,"bci3",70,"Film - Colour IR",1975,10000,305,4023,697.4,2218.9,FALSE,"reported"
1519320,"bci3",71,"Film - Colour IR",1975,10000,305,4023,722.5,2218.9,FALSE,"reported"
1519321,"bci3",72,"Film - Colour IR",1975,10000,305,4023,918.8,2227.5,FALSE,"reported"
1519297,"bci3",73,"Film - Colour IR",1975,10000,305,4023,779.1,2411.7,FALSE,"reported"
1519298,"bci3",74,"Film - Colour IR",1975,10000,305,4023,1029.1,2403,FALSE,"reported"
1519299,"bci3",75,"Film - Colour IR",1975,10000,305,4023,780.6,2403,FALSE,"reported"
1519300,"bci3",76,"Film - Colour IR",1975,10000,305,4023,726.8,2403.4,FALSE,"reported"
1519301,"bci3",77,"Film - Colour IR",1975,10000,305,4023,1012.5,2404,FALSE,"reported"
1519302,"bci3",78,"Film - Colour IR",1975,10000,305,4023,1426.4,2404,FALSE,"reported"
1519303,"bci3",79,"Film - Colour IR",1975,10000,305,4023,1298.8,2404.2,FALSE,"reported"
1519304,"bci3",80,"Film - Colour IR",1975,10000,305,4023,1262.8,2404.7,FALSE,"reported"
1519305,"bci3",81,"Film - Colour IR",1975,10000,305,4023,1451.5,2404.7,FALSE,"reported"
1519306,"bci3",82,"Film - Colour IR",1975,10000,305,4023,1532.9,2405,FALSE,"reported"
1519307,"bci3",83,"Film - Colour IR",1975,10000,305,4023,1123.5,2405.3,FALSE,"reported"
1519308,"bci3",84,"Film - Colour IR",1975,10000,305,4023,709.9,2405.5,FALSE,"reported"
1519309,"bci3",85,"Film - Colour IR",1975,10000,305,4023,876.6,2405.9,FALSE,"reported"
1519310,"bci3",86,"Film - Colour IR",1975,10000,305,4023,1292.8,2406.2,FALSE,"reported"
1519311,"bci3",87,"Film - Colour IR",1975,10000,305,4023,1513.6,2406.3,FALSE,"reported"
1519282,"bci3",88,"Film - Colour IR",1975,10000,305,4023,1882,1613.1,FALSE,"reported"
1519283,"bci3",89,"Film - Colour IR",1975,10000,305,4023,1849,1606.3,FALSE,"reported"
1519284,"bci3",90,"Film - Colour IR",1975,10000,305,4023,1820.9,1606.3,FALSE,"reported"
1519285,"bci3",91,"Film - Colour IR",1975,10000,305,4023,1620,1607.1,FALSE,"reported"
1519286,"bci3",92,"Film - Colour IR",1975,10000,305,4023,1656.8,1607.1,FALSE,"reported"
1519287,"bci3",93,"Film - Colour IR",1975,10000,305,4023,1875.9,1607.3,FALSE,"reported"
1519288,"bci3",94,"Film - Colour IR",1975,10000,305,4023,1605.8,1607.5,FALSE,"reported"
1519289,"bci3",95,"Film - Colour IR",1975,10000,305,4023,1356.7,1608.2,FALSE,"reported"
1519290,"bci3",96,"Film - Colour IR",1975,10000,305,4023,1214.7,1608.3,FALSE,"reported"
1519291,"bci3",97,"Film - Colour IR",1975,10000,305,4023,1201,1608.5,FALSE,"reported"
1519292,"bci3",98,"Film - Colour IR",1975,10000,305,4023,1019.5,1609.2,FALSE,"reported"
1519293,"bci3",99,"Film - Colour IR",1975,10000,305,4023,836.6,1609.4,FALSE,"reported"
1519294,"bci3",100,"Film - Colour IR",1975,10000,305,4023,794.3,1609.5,FALSE,"reported"
1519295,"bci3",101,"Film - Colour IR",1975,10000,305,4023,719.4,1603.9,FALSE,"reported"
1519296,"bci3",102,"Film - Colour IR",1975,10000,305,4023,791.5,1603.9,FALSE,"reported"
1519271,"bci3",103,"Film - Colour IR",1975,10000,305,4023,747.3,855.1,FALSE,"reported"
1519272,"bci3",104,"Film - Colour IR",1975,10000,305,4023,776.3,849.7,FALSE,"reported"
1519273,"bci3",105,"Film - Colour IR",1975,10000,305,4023,795,849.7,FALSE,"reported"
1519274,"bci3",106,"Film - Colour IR",1975,10000,305,4023,816.6,848.1,FALSE,"reported"
1519275,"bci3",107,"Film - Colour IR",1975,10000,305,4023,826.6,848.1,FALSE,"reported"
1519276,"bci3",108,"Film - Colour IR",1975,10000,305,4023,816.9,848.1,FALSE,"reported"
1519277,"bci3",109,"Film - Colour IR",1975,10000,305,4023,815.3,848.1,FALSE,"reported"
1519278,"bci3",110,"Film - Colour IR",1975,10000,305,4023,827.4,849.7,FALSE,"reported"
1519279,"bci3",111,"Film - Colour IR",1975,10000,305,4023,856.8,848.1,FALSE,"reported"
1519280,"bci3",112,"Film - Colour IR",1975,10000,305,4023,917.6,848.1,FALSE,"reported"
1519281,"bci3",113,"Film - Colour IR",1975,10000,305,4023,973.6,849.6,FALSE,"reported"
1518973,"bci4",1,"Film - Colour IR",1975,12000,305,4572,1430,1036.3,FALSE,"reported"
1518974,"bci4",2,"Film - Colour IR",1975,12000,305,4572,1447.1,1036.3,FALSE,"reported"
1518975,"bci4",3,"Film - Colour IR",1975,12000,305,4572,1427.6,1036.4,FALSE,"reported"
1518976,"bci4",4,"Film - Colour IR",1975,12000,305,4572,1341.7,1036.4,FALSE,"reported"
1518977,"bci4",5,"Film - Colour IR",1975,12000,305,4572,1208.5,1035.3,FALSE,"reported"
1518978,"bci4",6,"Film - Colour IR",1975,12000,305,4572,1026.9,1035.3,FALSE,"reported"
1518979,"bci4",7,"Film - Colour IR",1975,12000,305,4572,877.7,1036.4,FALSE,"reported"
1518980,"bci4",8,"Film - Colour IR",1975,12000,305,4572,770.5,1036.4,FALSE,"reported"
1518981,"bci4",9,"Film - Colour IR",1975,12000,305,4572,706.6,1035.3,FALSE,"reported"
1518982,"bci4",10,"Film - Colour IR",1975,12000,305,4572,622.7,1035.3,FALSE,"reported"
1518983,"bci4",11,"Film - Colour IR",1975,12000,305,4572,549.9,1036.5,FALSE,"reported"
1518984,"bci4",12,"Film - Colour IR",1975,12000,305,4572,528.5,1035.4,FALSE,"reported"
1518985,"bci4",13,"Film - Colour IR",1975,12000,305,4572,502.7,1035.4,FALSE,"reported"
1518986,"bci4",14,"Film - Colour IR",1975,12000,305,4572,440.9,1036.5,FALSE,"reported"
1518987,"bci4",15,"Film - Colour IR",1975,12000,305,4572,371,1035.4,FALSE,"reported"
1518988,"bci4",16,"Film - Colour IR",1975,12000,305,4572,444.1,1035.4,FALSE,"reported"
1518989,"bci4",17,"Film - Colour IR",1975,12000,305,4572,563.3,1036.5,FALSE,"reported"
1519023,"bci4",18,"Film - Colour IR",1975,12000,305,4572,657,1304.9,FALSE,"reported"
1519024,"bci4",19,"Film - Colour IR",1975,12000,305,4572,573.2,1304.9,FALSE,"reported"
1519025,"bci4",20,"Film - Colour IR",1975,12000,305,4572,446.2,1306,FALSE,"reported"
1519026,"bci4",21,"Film - Colour IR",1975,12000,305,4572,356.8,1304.9,FALSE,"reported"
1519027,"bci4",22,"Film - Colour IR",1975,12000,305,4572,389.7,1304.8,FALSE,"reported"
1519028,"bci4",23,"Film - Colour IR",1975,12000,305,4572,531.7,1304.8,FALSE,"reported"
1519029,"bci4",24,"Film - Colour IR",1975,12000,305,4572,684.2,1305.9,FALSE,"reported"
1519030,"bci4",25,"Film - Colour IR",1975,12000,305,4572,710.4,1031,FALSE,"reported"
1519031,"bci4",26,"Film - Colour IR",1975,12000,305,4572,689.7,1031,FALSE,"reported"
1519032,"bci4",27,"Film - Colour IR",1975,12000,305,4572,694.1,1030.9,FALSE,"reported"
1519033,"bci4",28,"Film - Colour IR",1975,12000,305,4572,729.8,1029.9,FALSE,"reported"
1519034,"bci4",29,"Film - Colour IR",1975,12000,305,4572,765.7,1029.9,FALSE,"reported"
1519035,"bci4",30,"Film - Colour IR",1975,12000,305,4572,826.7,1029.8,FALSE,"reported"
1519036,"bci4",31,"Film - Colour IR",1975,12000,305,4572,911.6,1029.8,FALSE,"reported"
1519037,"bci4",32,"Film - Colour IR",1975,12000,305,4572,1005.8,1036.6,FALSE,"reported"
1518990,"bci4",33,"Film - Colour IR",1975,12000,305,4572,1262,965.3,FALSE,"reported"
1518991,"bci4",34,"Film - Colour IR",1975,12000,305,4572,1207.2,959.4,FALSE,"reported"
1518992,"bci4",35,"Film - Colour IR",1975,12000,305,4572,1120.3,959.4,FALSE,"reported"
1518993,"bci4",36,"Film - Colour IR",1975,12000,305,4572,989.3,959.4,FALSE,"reported"
1518994,"bci4",37,"Film - Colour IR",1975,12000,305,4572,860.5,959.4,FALSE,"reported"
1518995,"bci4",38,"Film - Colour IR",1975,12000,305,4572,760.2,959.7,FALSE,"reported"
1518996,"bci4",39,"Film - Colour IR",1975,12000,305,4572,700.7,959.4,FALSE,"reported"
1518997,"bci4",40,"Film - Colour IR",1975,12000,305,4572,684.6,959.4,FALSE,"reported"
1518998,"bci4",41,"Film - Colour IR",1975,12000,305,4572,690.5,1122.4,FALSE,"reported"
1518999,"bci4",42,"Film - Colour IR",1975,12000,305,4572,673.1,1122.3,FALSE,"reported"
1519000,"bci4",43,"Film - Colour IR",1975,12000,305,4572,606.6,1121.2,FALSE,"reported"
1519001,"bci4",44,"Film - Colour IR",1975,12000,305,4572,478.3,1121.2,FALSE,"reported"
1519002,"bci4",45,"Film - Colour IR",1975,12000,305,4572,388.2,1122.3,FALSE,"reported"
1519003,"bci4",46,"Film - Colour IR",1975,12000,305,4572,435.6,1122.3,FALSE,"reported"
1519004,"bci4",47,"Film - Colour IR",1975,12000,305,4572,554.1,1122.3,FALSE,"reported"
1519005,"bci4",48,"Film - Colour IR",1975,12000,305,4572,689.4,1122.3,FALSE,"reported"
1519006,"bci4",49,"Film - Colour IR",1975,12000,305,4572,885.7,1019.9,FALSE,"reported"
1519007,"bci4",50,"Film - Colour IR",1975,12000,305,4572,746.2,1019.8,FALSE,"reported"
1519008,"bci4",51,"Film - Colour IR",1975,12000,305,4572,602.5,1019.8,FALSE,"reported"
1519009,"bci4",52,"Film - Colour IR",1975,12000,305,4572,470.5,1019.9,FALSE,"reported"
1519010,"bci4",53,"Film - Colour IR",1975,12000,305,4572,371,1019.9,FALSE,"reported"
1519011,"bci4",54,"Film - Colour IR",1975,12000,305,4572,408.5,1019.8,FALSE,"reported"
1519012,"bci4",55,"Film - Colour IR",1975,12000,305,4572,527.4,1019.8,FALSE,"reported"
1519013,"bci4",56,"Film - Colour IR",1975,12000,305,4572,674.1,1019.9,FALSE,"reported"
1519014,"bci4",57,"Film - Colour IR",1975,12000,305,4572,750.2,998.6,FALSE,"reported"
1519015,"bci4",58,"Film - Colour IR",1975,12000,305,4572,742.1,998.6,FALSE,"reported"
1519016,"bci4",59,"Film - Colour IR",1975,12000,305,4572,701,998.6,FALSE,"reported"
1519017,"bci4",60,"Film - Colour IR",1975,12000,305,4572,681.1,998.6,FALSE,"reported"
1519018,"bci4",61,"Film - Colour IR",1975,12000,305,4572,710.1,998.6,FALSE,"reported"
1519019,"bci4",62,"Film - Colour IR",1975,12000,305,4572,771.5,997.4,FALSE,"reported"
1519020,"bci4",63,"Film - Colour IR",1975,12000,305,4572,867.5,997.4,FALSE,"reported"
1519021,"bci4",64,"Film - Colour IR",1975,12000,305,4572,964.3,998.7,FALSE,"reported"
1519022,"bci4",65,"Film - Colour IR",1975,12000,305,4572,1057.7,998.7,FALSE,"reported"
1519038,"bci4",66,"Film - Colour IR",1975,12000,305,4572,963.2,1006.3,FALSE,"reported"
1519039,"bci4",67,"Film - Colour IR",1975,12000,305,4572,899.6,1001.9,FALSE,"reported"
1519040,"bci4",68,"Film - Colour IR",1975,12000,305,4572,846.8,1001.9,FALSE,"reported"
1519041,"bci4",69,"Film - Colour IR",1975,12000,305,4572,830.7,1001.9,FALSE,"reported"
1519042,"bci4",70,"Film - Colour IR",1975,12000,305,4572,815.1,1001.9,FALSE,"reported"
1519043,"bci4",71,"Film - Colour IR",1975,12000,305,4572,785,1001.9,FALSE,"reported"
1519044,"bci4",72,"Film - Colour IR",1975,12000,305,4572,728.1,1001.9,FALSE,"reported"
1519045,"bci4",73,"Film - Colour IR",1975,12000,305,4572,697.6,1003,FALSE,"reported"
1519046,"bci4",74,"Film - Colour IR",1975,12000,305,4572,638.7,1098.9,FALSE,"reported"
1519047,"bci4",75,"Film - Colour IR",1975,12000,305,4572,525.4,1097.8,FALSE,"reported"
1519048,"bci4",76,"Film - Colour IR",1975,12000,305,4572,402.2,1097.8,FALSE,"reported"
1519049,"bci4",77,"Film - Colour IR",1975,12000,305,4572,345.4,1097.8,FALSE,"reported"
1519050,"bci4",78,"Film - Colour IR",1975,12000,305,4572,385.8,1097.9,FALSE,"reported"
1519051,"bci4",79,"Film - Colour IR",1975,12000,305,4572,508.8,1097.8,FALSE,"reported"
1519052,"bci4",80,"Film - Colour IR",1975,12000,305,4572,630.9,1097.8,FALSE,"reported"
1519053,"bci4",81,"Film - Colour IR",1975,12000,305,4572,682.8,1097.8,FALSE,"reported"
1519408,"bci4",82,"Film - Colour IR",1975,10000,305,4877,972.3,1139.1,FALSE,"reported"
1519409,"bci4",83,"Film - Colour IR",1975,10000,305,4877,923.6,1123.4,FALSE,"reported"
1519410,"bci4",84,"Film - Colour IR",1975,10000,305,4877,958.1,1123.4,FALSE,"reported"
1519411,"bci4",85,"Film - Colour IR",1975,10000,305,4877,944.3,1123.3,FALSE,"reported"
1519412,"bci4",86,"Film - Colour IR",1975,10000,305,4877,917.4,1122.3,FALSE,"reported"
1519413,"bci4",87,"Film - Colour IR",1975,10000,305,4877,918.6,1119.9,FALSE,"reported"
1519414,"bci4",88,"Film - Colour IR",1975,10000,305,4877,958.6,1119.9,FALSE,"reported"
1519415,"bci4",89,"Film - Colour IR",1975,10000,305,4877,1009.6,1122.2,FALSE,"reported"
1519416,"bci4",90,"Film - Colour IR",1975,10000,305,4877,1042.6,1122.2,FALSE,"reported"
1519417,"bci4",91,"Film - Colour IR",1975,10000,305,4877,1084.2,1122.1,FALSE,"reported"
1519418,"bci4",92,"Film - Colour IR",1975,10000,305,4877,1133.8,1122.1,FALSE,"reported"
1519419,"bci4",93,"Film - Colour IR",1975,10000,305,4877,1176.5,1122.1,FALSE,"reported"
1519420,"bci4",94,"Film - Colour IR",1975,10000,305,4877,1226.5,1122,FALSE,"reported"
1519421,"bci4",95,"Film - Colour IR",1975,10000,305,4877,1290.9,1122,FALSE,"reported"
1519422,"bci4",96,"Film - Colour IR",1975,10000,305,4877,1409,1122,FALSE,"reported"
1519423,"bci4",97,"Film - Colour IR",1975,10000,305,4877,1505.4,1122,FALSE,"reported"
1519424,"bci4",98,"Film - Colour IR",1975,10000,305,4877,1565.6,1122.9,FALSE,"reported"
1519425,"bci4",99,"Film - Colour IR",1975,10000,305,4877,1532.3,1121.8,FALSE,"reported"
1519426,"bci4",100,"Film - Colour IR",1975,10000,305,4877,1524.8,1121.8,FALSE,"reported"
1519427,"bci4",101,"Film - Colour IR",1975,10000,305,4877,1616.2,1121.8,FALSE,"reported"
1519384,"bci4",102,"Film - Colour IR",1975,10000,305,4877,1614.8,1125.7,FALSE,"reported"
1519385,"bci4",103,"Film - Colour IR",1975,10000,305,4877,1542.4,1123.4,FALSE,"reported"
1519386,"bci4",104,"Film - Colour IR",1975,10000,305,4877,1574,1123.4,FALSE,"reported"
1519387,"bci4",105,"Film - Colour IR",1975,10000,305,4877,1708.4,1123.4,FALSE,"reported"
1519388,"bci4",106,"Film - Colour IR",1975,10000,305,4877,1684,1123.5,FALSE,"reported"
1519389,"bci4",107,"Film - Colour IR",1975,10000,305,4877,1473.1,1123.5,FALSE,"reported"
1519390,"bci4",108,"Film - Colour IR",1975,10000,305,4877,1305.2,1123.5,FALSE,"reported"
1519391,"bci4",109,"Film - Colour IR",1975,10000,305,4877,1214.6,1123.5,FALSE,"reported"
1519392,"bci4",110,"Film - Colour IR",1975,10000,305,4877,1159.9,1123.6,FALSE,"reported"
1519393,"bci4",111,"Film - Colour IR",1975,10000,305,4877,1154.5,1123.6,FALSE,"reported"
1519394,"bci4",112,"Film - Colour IR",1975,10000,305,4877,1181.2,1123.6,FALSE,"reported"
1519395,"bci4",113,"Film - Colour IR",1975,10000,305,4877,1138.4,1123.7,FALSE,"reported"
1519396,"bci4",114,"Film - Colour IR",1975,10000,305,4877,1059.5,1123.7,FALSE,"reported"
1519397,"bci4",115,"Film - Colour IR",1975,10000,305,4877,1026.2,1123.7,FALSE,"reported"
1519398,"bci4",116,"Film - Colour IR",1975,10000,305,4877,998.4,1123.8,FALSE,"reported"
1519399,"bci4",117,"Film - Colour IR",1975,10000,305,4877,981,1123.8,FALSE,"reported"
1519400,"bci4",118,"Film - Colour IR",1975,10000,305,4877,969.1,1123.8,FALSE,"reported"
1519401,"bci4",119,"Film - Colour IR",1975,10000,305,4877,936.6,1123.9,FALSE,"reported"
1519402,"bci4",120,"Film - Colour IR",1975,10000,305,4877,901.4,1123.9,FALSE,"reported"
1519403,"bci4",121,"Film - Colour IR",1975,10000,305,4877,890.8,1120.7,FALSE,"reported"
1519404,"bci4",122,"Film - Colour IR",1975,10000,305,4877,928.2,1120.7,FALSE,"reported"
1519405,"bci4",123,"Film - Colour IR",1975,10000,305,4877,986.5,1124.1,FALSE,"reported"
1519406,"bci4",124,"Film - Colour IR",1975,10000,305,4877,1041.5,1124.1,FALSE,"reported"
1519407,"bci4",125,"Film - Colour IR",1975,10000,305,4877,1140.5,1137.3,FALSE,"reported"
1520175,"bci49",1,"Film - Colour IR",1980,40000,153,7620,942.2,3142.9,FALSE,"reported"
1520176,"bci49",2,"Film - Colour IR",1980,40000,153,7620,1010.7,3128.6,FALSE,"reported"
1520177,"bci49",3,"Film - Colour IR",1980,40000,153,7620,1164.2,3128.6,FALSE,"reported"
1520178,"bci49",4,"Film - Colour IR",1980,40000,153,7620,1312.1,3128.9,FALSE,"reported"
1520179,"bci49",5,"Film - Colour IR",1980,40000,153,7620,1434.6,3128.9,FALSE,"reported"
1520180,"bci49",6,"Film - Colour IR",1980,40000,153,7620,1483.2,3129.1,FALSE,"reported"
1520181,"bci49",7,"Film - Colour IR",1980,40000,153,7620,1456.8,3129.3,FALSE,"reported"
1520182,"bci49",8,"Film - Colour IR",1980,40000,153,7620,1434.2,3129.6,FALSE,"reported"
1520183,"bci49",9,"Film - Colour IR",1980,40000,153,7620,1437.9,3129.6,FALSE,"reported"
1520184,"bci49",10,"Film - Colour IR",1980,40000,153,7620,1439.5,3129.9,FALSE,"reported"
1520185,"bci49",11,"Film - Colour IR",1980,40000,153,7620,1317.1,3130.1,FALSE,"reported"
1520186,"bci49",12,"Film - Colour IR",1980,40000,153,7620,1237.5,3130.3,FALSE,"reported"
1520187,"bci49",13,"Film - Colour IR",1980,40000,153,7620,1252.3,3130.4,FALSE,"reported"
1520188,"bci49",14,"Film - Colour IR",1980,40000,153,7620,1404.7,3130.6,FALSE,"reported"
1520189,"bci49",15,"Film - Colour IR",1980,40000,153,7620,1522.1,3070.1,FALSE,"reported"
1520190,"bci49",16,"Film - Colour IR",1980,40000,153,7620,1579.3,3062.9,FALSE,"reported"
1520191,"bci49",17,"Film - Colour IR",1980,40000,153,7620,1613.4,3062.9,FALSE,"reported"
1520192,"bci49",18,"Film - Colour IR",1980,40000,153,7620,1616.7,3063,FALSE,"reported"
1520193,"bci49",19,"Film - Colour IR",1980,40000,153,7620,1597.8,3063,FALSE,"reported"
1520194,"bci49",20,"Film - Colour IR",1980,40000,153,7620,1477.1,3063,FALSE,"reported"
1520195,"bci49",21,"Film - Colour IR",1980,40000,153,7620,1252.9,3063,FALSE,"reported"
1520196,"bci49",22,"Film - Colour IR",1980,40000,153,7620,986.1,3063.1,FALSE,"reported"
1520197,"bci49",23,"Film - Colour IR",1980,40000,153,7620,818.8,3063.1,FALSE,"reported"
1520198,"bci49",24,"Film - Colour IR",1980,40000,153,7620,699.3,3063.1,FALSE,"reported"
1520199,"bci49",25,"Film - Colour IR",1980,40000,153,7620,732,3063.2,FALSE,"reported"
1520200,"bci49",26,"Film - Colour IR",1980,40000,153,7620,876.4,3063.2,FALSE,"reported"
1520157,"bci49",27,"Film - Colour IR",1980,40000,153,7620,1185.7,3233.2,FALSE,"reported"
1520158,"bci49",28,"Film - Colour IR",1980,40000,153,7620,908.7,3233.1,FALSE,"reported"
1520159,"bci49",29,"Film - Colour IR",1980,40000,153,7620,856.4,3225.9,FALSE,"reported"
1520160,"bci49",30,"Film - Colour IR",1980,40000,153,7620,1025,3225.9,FALSE,"reported"
1520161,"bci49",31,"Film - Colour IR",1980,40000,153,7620,983.6,3232.7,FALSE,"reported"
1520162,"bci49",32,"Film - Colour IR",1980,40000,153,7620,880.2,3225.5,FALSE,"reported"
1520163,"bci49",33,"Film - Colour IR",1980,40000,153,7620,885.6,3225.5,FALSE,"reported"
1520164,"bci49",34,"Film - Colour IR",1980,40000,153,7620,1128.3,3232.5,FALSE,"reported"
1520165,"bci49",35,"Film - Colour IR",1980,40000,153,7620,1239.5,3181.8,FALSE,"reported"
1520166,"bci49",36,"Film - Colour IR",1980,40000,153,7620,1342.3,3174.7,FALSE,"reported"
1520167,"bci49",37,"Film - Colour IR",1980,40000,153,7620,1358.3,3174.6,FALSE,"reported"
1520168,"bci49",38,"Film - Colour IR",1980,40000,153,7620,1399.7,3174.5,FALSE,"reported"
1520169,"bci49",39,"Film - Colour IR",1980,40000,153,7620,1384.8,3174.5,FALSE,"reported"
1520170,"bci49",40,"Film - Colour IR",1980,40000,153,7620,1273.3,3174.4,FALSE,"reported"
1520171,"bci49",41,"Film - Colour IR",1980,40000,153,7620,1234.3,3174.4,FALSE,"reported"
1520172,"bci49",42,"Film - Colour IR",1980,40000,153,7620,1273.8,3174.3,FALSE,"reported"
1520173,"bci49",43,"Film - Colour IR",1980,40000,153,7620,1419.5,3174.3,FALSE,"reported"
1520174,"bci49",44,"Film - Colour IR",1980,40000,153,7620,1466.6,3181.4,FALSE,"reported"
1520137,"bci49",45,"Film - Colour IR",1980,40000,153,7620,1431,2729.7,FALSE,"reported"
1520138,"bci49",46,"Film - Colour IR",1980,40000,153,7620,1478.2,2729.7,FALSE,"reported"
1520139,"bci49",47,"Film - Colour IR",1980,40000,153,7620,1430.9,2729.7,FALSE,"reported"
1520140,"bci49",48,"Film - Colour IR",1980,40000,153,7620,1277.3,2729.7,FALSE,"reported"
1520141,"bci49",49,"Film - Colour IR",1980,40000,153,7620,1141.7,2729.8,FALSE,"reported"
1520142,"bci49",50,"Film - Colour IR",1980,40000,153,7620,1130.7,2729.8,FALSE,"reported"
1520143,"bci49",51,"Film - Colour IR",1980,40000,153,7620,1202.6,2729.9,FALSE,"reported"
1520144,"bci49",52,"Film - Colour IR",1980,40000,153,7620,1341.8,2729.9,FALSE,"reported"
1520145,"bci49",53,"Film - Colour IR",1980,40000,153,7620,1377.3,2737,FALSE,"reported"
1520146,"bci49",54,"Film - Colour IR",1980,40000,153,7620,1297.2,2730,FALSE,"reported"
1520147,"bci49",55,"Film - Colour IR",1980,40000,153,7620,1118.9,2730,FALSE,"reported"
1520148,"bci49",56,"Film - Colour IR",1980,40000,153,7620,914.1,2844.3,FALSE,"reported"
1520149,"bci49",57,"Film - Colour IR",1980,40000,153,7620,813.3,2844.3,FALSE,"reported"
1520150,"bci49",58,"Film - Colour IR",1980,40000,153,7620,827.9,2844.4,FALSE,"reported"
1520151,"bci49",59,"Film - Colour IR",1980,40000,153,7620,956.4,2844.4,FALSE,"reported"
1520152,"bci49",60,"Film - Colour IR",1980,40000,153,7620,1101.1,2844.5,FALSE,"reported"
1520153,"bci49",61,"Film - Colour IR",1980,40000,153,7620,1176.4,2844.6,FALSE,"reported"
1520154,"bci49",62,"Film - Colour IR",1980,40000,153,7620,1079.8,2844.6,FALSE,"reported"
1520155,"bci49",63,"Film - Colour IR",1980,40000,153,7620,870.1,2844.7,FALSE,"reported"
1520156,"bci49",64,"Film - Colour IR",1980,40000,153,7620,771.6,2844.7,FALSE,"reported"
1520201,"bci49",65,"Film - Colour IR",1980,40000,153,7620,1277.2,3326.7,FALSE,"reported"
1520202,"bci49",66,"Film - Colour IR",1980,40000,153,7620,1375.6,3326.6,FALSE,"reported"
1520203,"bci49",67,"Film - Colour IR",1980,40000,153,7620,1482.2,3326.6,FALSE,"reported"
1520204,"bci49",68,"Film - Colour IR",1980,40000,153,7620,1431.2,3326.6,FALSE,"reported"
1520205,"bci49",69,"Film - Colour IR",1980,40000,153,7620,1315.3,3326.5,FALSE,"reported"
1520206,"bci49",70,"Film - Colour IR",1980,40000,153,7620,1062.4,3326.5,FALSE,"reported"
1520207,"bci49",71,"Film - Colour IR",1980,40000,153,7620,895.4,3326.5,FALSE,"reported"
1520208,"bci49",72,"Film - Colour IR",1980,40000,153,7620,1003.5,3326.4,FALSE,"reported"
1520209,"bci49",73,"Film - Colour IR",1980,40000,153,7620,1206.6,3326.4,FALSE,"reported"
1520210,"bci49",74,"Film - Colour IR",1980,40000,153,7620,1179.6,3326.4,FALSE,"reported"
1520211,"bci49",75,"Film - Colour IR",1980,40000,153,7620,977.4,3326.3,FALSE,"reported"
1520212,"bci49",76,"Film - Colour IR",1980,40000,153,7620,961.6,3326.3,FALSE,"reported"
1520213,"bci49",77,"Film - Colour IR",1980,40000,153,7620,1102.5,3326.3,FALSE,"reported"
1520214,"bci49",78,"Film - Colour IR",1980,40000,153,7620,1218.7,3326.3,FALSE,"reported"
1520215,"bci49",79,"Film - Colour IR",1980,40000,153,7620,1127,3326.3,FALSE,"reported"
1520216,"bci49",80,"Film - Colour IR",1980,40000,153,7620,1056.4,3333.4,FALSE,"reported"
1520217,"bci49",81,"Film - Colour IR",1980,40000,153,7620,1097.3,3504.8,FALSE,"reported"
1520218,"bci49",82,"Film - Colour IR",1980,40000,153,7620,1087.3,3511.9,FALSE,"reported"
1520219,"bci49",83,"Film - Colour IR",1980,40000,153,7620,924.5,3511.8,FALSE,"reported"
1520220,"bci49",84,"Film - Colour IR",1980,40000,153,7620,801.2,3511.8,FALSE,"reported"
1520221,"bci49",85,"Film - Colour IR",1980,40000,153,7620,829.6,3511.8,FALSE,"reported"
1520222,"bci49",86,"Film - Colour IR",1980,40000,153,7620,921.1,3511.8,FALSE,"reported"
1520223,"bci49",87,"Film - Colour IR",1980,40000,153,7620,1007.6,3511.8,FALSE,"reported"
1520224,"bci49",88,"Film - Colour IR",1980,40000,153,7620,1073,3504.6,FALSE,"reported"
1520225,"bci49",89,"Film - Colour IR",1980,40000,153,7620,1031.7,3504.6,FALSE,"reported"
1520226,"bci49",90,"Film - Colour IR",1980,40000,153,7620,973.6,3198.9,FALSE,"reported"
1520227,"bci49",91,"Film - Colour IR",1980,40000,153,7620,958.4,3191.9,FALSE,"reported"
1520228,"bci49",92,"Film - Colour IR",1980,40000,153,7620,968.4,3191.9,FALSE,"reported"
1520229,"bci49",93,"Film - Colour IR",1980,40000,153,7620,1017,3192.1,FALSE,"reported"
1520230,"bci49",94,"Film - Colour IR",1980,40000,153,7620,1122.8,3192.1,FALSE,"reported"
1520231,"bci49",95,"Film - Colour IR",1980,40000,153,7620,1291.4,3192.1,FALSE,"reported"
1520106,"bci49",96,"Film - Colour IR",1980,40000,153,7620,1145.5,3123.9,FALSE,"reported"
1520107,"bci49",97,"Film - Colour IR",1980,40000,153,7620,1098.8,3109.6,FALSE,"reported"
1520108,"bci49",98,"Film - Colour IR",1980,40000,153,7620,1062.5,3109.6,FALSE,"reported"
1520109,"bci49",99,"Film - Colour IR",1980,40000,153,7620,1035.2,3116.8,FALSE,"reported"
1520110,"bci49",100,"Film - Colour IR",1980,40000,153,7620,1009.9,3116.8,FALSE,"reported"
1520111,"bci49",101,"Film - Colour IR",1980,40000,153,7620,983.4,3116.8,FALSE,"reported"
1520112,"bci49",102,"Film - Colour IR",1980,40000,153,7620,998.8,3116.8,FALSE,"reported"
1520113,"bci49",103,"Film - Colour IR",1980,40000,153,7620,1037.5,3116.8,FALSE,"reported"
1520114,"bci49",104,"Film - Colour IR",1980,40000,153,7620,1083.5,3116.8,FALSE,"reported"
1520115,"bci49",105,"Film - Colour IR",1980,40000,153,7620,1016.7,3109.7,FALSE,"reported"
1520116,"bci49",106,"Film - Colour IR",1980,40000,153,7620,925,3109.7,FALSE,"reported"
1520117,"bci49",107,"Film - Colour IR",1980,40000,153,7620,904.1,3116.9,FALSE,"reported"
1520118,"bci49",108,"Film - Colour IR",1980,40000,153,7620,973.8,3116.9,FALSE,"reported"
1520119,"bci49",109,"Film - Colour IR",1980,40000,153,7620,1025.5,3117,FALSE,"reported"
1520120,"bci49",110,"Film - Colour IR",1980,40000,153,7620,933.4,3117,FALSE,"reported"
1520121,"bci49",111,"Film - Colour IR",1980,40000,153,7620,846.3,3117.2,FALSE,"reported"
1520122,"bci49",112,"Film - Colour IR",1980,40000,153,7620,804.1,3117.2,FALSE,"reported"
1520123,"bci49",113,"Film - Colour IR",1980,40000,153,7620,818.3,3117.3,FALSE,"reported"
1520124,"bci49",114,"Film - Colour IR",1980,40000,153,7620,807.6,3117.3,FALSE,"reported"
1520125,"bci49",115,"Film - Colour IR",1980,40000,153,7620,841,3117.4,FALSE,"reported"
1520126,"bci49",116,"Film - Colour IR",1980,40000,153,7620,901.8,3117.4,FALSE,"reported"
1520127,"bci49",117,"Film - Colour IR",1980,40000,153,7620,953.6,3117.5,FALSE,"reported"
1520128,"bci49",118,"Film - Colour IR",1980,40000,153,7620,863.8,3117.6,FALSE,"reported"
1520129,"bci49",119,"Film - Colour IR",1980,40000,153,7620,866,3110.5,FALSE,"reported"
1520130,"bci49",120,"Film - Colour IR",1980,40000,153,7620,1030.5,3110.5,FALSE,"reported"
1520131,"bci49",121,"Film - Colour IR",1980,40000,153,7620,1299.3,3296,FALSE,"reported"
1520132,"bci49",122,"Film - Colour IR",1980,40000,153,7620,1517.5,3296,FALSE,"reported"
1520133,"bci49",123,"Film - Colour IR",1980,40000,153,7620,1596.2,3296,FALSE,"reported"
1520134,"bci49",124,"Film - Colour IR",1980,40000,153,7620,1679.5,3295.9,FALSE,"reported"
1520135,"bci49",125,"Film - Colour IR",1980,40000,153,7620,1661.1,3295.9,FALSE,"reported"
1520136,"bci49",126,"Film - Colour IR",1980,40000,153,7620,1580,3295.9,FALSE,"reported"
1520097,"bci49",127,"Film - Colour IR",1980,40000,153,7620,1475.3,3249.6,FALSE,"reported"
1520098,"bci49",128,"Film - Colour IR",1980,40000,153,7620,1652.7,3249.3,FALSE,"reported"
1520099,"bci49",129,"Film - Colour IR",1980,40000,153,7620,1674.4,3249.1,FALSE,"reported"
1520100,"bci49",130,"Film - Colour IR",1980,40000,153,7620,1572.5,3248.9,FALSE,"reported"
1520101,"bci49",131,"Film - Colour IR",1980,40000,153,7620,1408.7,3248.7,FALSE,"reported"
1520102,"bci49",132,"Film - Colour IR",1980,40000,153,7620,1340.1,3248.4,FALSE,"reported"
1520103,"bci49",133,"Film - Colour IR",1980,40000,153,7620,1202.8,3248.4,FALSE,"reported"
1520104,"bci49",134,"Film - Colour IR",1980,40000,153,7620,1089,3255.4,FALSE,"reported"
1520105,"bci49",135,"Film - Colour IR",1980,40000,153,7620,1062.7,3255.5,FALSE,"reported"
1519502,"bci5",1,"Film - Colour IR",1975,10000,305,4877,1216.6,1093.1,FALSE,"reported"
1519503,"bci5",2,"Film - Colour IR",1975,10000,305,4877,1206,1089.9,FALSE,"reported"
1519504,"bci5",3,"Film - Colour IR",1975,10000,305,4877,1186.5,1089.9,FALSE,"reported"
1519505,"bci5",4,"Film - Colour IR",1975,10000,305,4877,1058.8,1089.8,FALSE,"reported"
1519506,"bci5",5,"Film - Colour IR",1975,10000,305,4877,980.5,1089.8,FALSE,"reported"
1519507,"bci5",6,"Film - Colour IR",1975,10000,305,4877,1064.2,1089.7,FALSE,"reported"
1519508,"bci5",7,"Film - Colour IR",1975,10000,305,4877,1205,1089.7,FALSE,"reported"
1519509,"bci5",8,"Film - Colour IR",1975,10000,305,4877,1198.9,1089.7,FALSE,"reported"
1519510,"bci5",9,"Film - Colour IR",1975,10000,305,4877,1072.9,1088.7,FALSE,"reported"
1519511,"bci5",10,"Film - Colour IR",1975,10000,305,4877,977.7,1088.7,FALSE,"reported"
1519512,"bci5",11,"Film - Colour IR",1975,10000,305,4877,960.1,1091.8,FALSE,"reported"
1519513,"bci5",12,"Film - Colour IR",1975,10000,305,4877,1018.2,1089.6,FALSE,"reported"
1519514,"bci5",13,"Film - Colour IR",1975,10000,305,4877,1137.4,1089.6,FALSE,"reported"
1519515,"bci5",14,"Film - Colour IR",1975,10000,305,4877,1228.7,1088.5,FALSE,"reported"
1519516,"bci5",15,"Film - Colour IR",1975,10000,305,4877,1338.2,1088.5,FALSE,"reported"
1519517,"bci5",16,"Film - Colour IR",1975,10000,305,4877,1473.7,1091.7,FALSE,"reported"
1519518,"bci5",17,"Film - Colour IR",1975,10000,305,4877,1521.8,1089.4,FALSE,"reported"
1519519,"bci5",18,"Film - Colour IR",1975,10000,305,4877,1467.5,1089.4,FALSE,"reported"
1519520,"bci5",19,"Film - Colour IR",1975,10000,305,4877,1439.4,1091.6,FALSE,"reported"
1519521,"bci5",20,"Film - Colour IR",1975,10000,305,4877,1467.6,1091.6,FALSE,"reported"
1519522,"bci5",21,"Film - Colour IR",1975,10000,305,4877,1515.4,1091.5,FALSE,"reported"
1519523,"bci5",22,"Film - Colour IR",1975,10000,305,4877,1557.2,1089.3,FALSE,"reported"
1519524,"bci5",23,"Film - Colour IR",1975,10000,305,4877,1642.5,1089.3,FALSE,"reported"
1519525,"bci5",24,"Film - Colour IR",1975,10000,305,4877,1757.9,1091.5,FALSE,"reported"
1519478,"bci5",25,"Film - Colour IR",1975,10000,305,4877,1626.4,1025.1,FALSE,"reported"
1519479,"bci5",26,"Film - Colour IR",1975,10000,305,4877,1720.9,1025.1,FALSE,"reported"
1519480,"bci5",27,"Film - Colour IR",1975,10000,305,4877,1668.9,1025.2,FALSE,"reported"
1519481,"bci5",28,"Film - Colour IR",1975,10000,305,4877,1457.8,1025.2,FALSE,"reported"
1519482,"bci5",29,"Film - Colour IR",1975,10000,305,4877,1275.4,1028.5,FALSE,"reported"
1519483,"bci5",30,"Film - Colour IR",1975,10000,305,4877,1196.9,1025.3,FALSE,"reported"
1519484,"bci5",31,"Film - Colour IR",1975,10000,305,4877,1150.4,1025.3,FALSE,"reported"
1519485,"bci5",32,"Film - Colour IR",1975,10000,305,4877,1113.6,1025.3,FALSE,"reported"
1519486,"bci5",33,"Film - Colour IR",1975,10000,305,4877,1108.9,1025.3,FALSE,"reported"
1519487,"bci5",34,"Film - Colour IR",1975,10000,305,4877,1130.6,1025.4,FALSE,"reported"
1519488,"bci5",35,"Film - Colour IR",1975,10000,305,4877,1107.7,1025.4,FALSE,"reported"
1519489,"bci5",36,"Film - Colour IR",1975,10000,305,4877,1056.3,1025.4,FALSE,"reported"
1519490,"bci5",37,"Film - Colour IR",1975,10000,305,4877,1024.9,1026.4,FALSE,"reported"
1519491,"bci5",38,"Film - Colour IR",1975,10000,305,4877,1025.6,1025.5,FALSE,"reported"
1519492,"bci5",39,"Film - Colour IR",1975,10000,305,4877,1025.4,1025.5,FALSE,"reported"
1519493,"bci5",40,"Film - Colour IR",1975,10000,305,4877,998.6,1025.5,FALSE,"reported"
1519494,"bci5",41,"Film - Colour IR",1975,10000,305,4877,954.5,1025.5,FALSE,"reported"
1519495,"bci5",42,"Film - Colour IR",1975,10000,305,4877,933,1026.6,FALSE,"reported"
1519496,"bci5",43,"Film - Colour IR",1975,10000,305,4877,921.3,1025.6,FALSE,"reported"
1519497,"bci5",44,"Film - Colour IR",1975,10000,305,4877,897.7,1025.6,FALSE,"reported"
1519498,"bci5",45,"Film - Colour IR",1975,10000,305,4877,905,1025.7,FALSE,"reported"
1519499,"bci5",46,"Film - Colour IR",1975,10000,305,4877,945.2,1026.7,FALSE,"reported"
1519500,"bci5",47,"Film - Colour IR",1975,10000,305,4877,1005.1,1026.7,FALSE,"reported"
1519501,"bci5",48,"Film - Colour IR",1975,10000,305,4877,1045.5,1045.7,FALSE,"reported"
1519428,"bci5",49,"Film - Colour IR",1975,10000,305,4877,936.1,1064.3,FALSE,"reported"
1519429,"bci5",50,"Film - Colour IR",1975,10000,305,4877,951,1044.1,FALSE,"reported"
1519430,"bci5",51,"Film - Colour IR",1975,10000,305,4877,947.3,1039.8,FALSE,"reported"
1519431,"bci5",52,"Film - Colour IR",1975,10000,305,4877,939.9,1039.8,FALSE,"reported"
1519432,"bci5",53,"Film - Colour IR",1975,10000,305,4877,945.3,1044,FALSE,"reported"
1519433,"bci5",54,"Film - Colour IR",1975,10000,305,4877,959.5,1039.7,FALSE,"reported"
1519434,"bci5",55,"Film - Colour IR",1975,10000,305,4877,966.9,1039.7,FALSE,"reported"
1519435,"bci5",56,"Film - Colour IR",1975,10000,305,4877,973.7,1043,FALSE,"reported"
1519436,"bci5",57,"Film - Colour IR",1975,10000,305,4877,988.3,1042.9,FALSE,"reported"
1519437,"bci5",58,"Film - Colour IR",1975,10000,305,4877,998.1,1039.6,FALSE,"reported"
1519438,"bci5",59,"Film - Colour IR",1975,10000,305,4877,1008.3,1039.6,FALSE,"reported"
1519439,"bci5",60,"Film - Colour IR",1975,10000,305,4877,1022.2,1042.8,FALSE,"reported"
1519440,"bci5",61,"Film - Colour IR",1975,10000,305,4877,1029.6,1042.8,FALSE,"reported"
1519441,"bci5",62,"Film - Colour IR",1975,10000,305,4877,1035,1042.8,FALSE,"reported"
1519442,"bci5",63,"Film - Colour IR",1975,10000,305,4877,1056.1,1042.7,FALSE,"reported"
1519443,"bci5",64,"Film - Colour IR",1975,10000,305,4877,1093.9,1042.7,FALSE,"reported"
1519444,"bci5",65,"Film - Colour IR",1975,10000,305,4877,1141.4,1042.7,FALSE,"reported"
1519445,"bci5",66,"Film - Colour IR",1975,10000,305,4877,1193.6,1042.6,FALSE,"reported"
1519446,"bci5",67,"Film - Colour IR",1975,10000,305,4877,1238.3,1042.6,FALSE,"reported"
1519447,"bci5",68,"Film - Colour IR",1975,10000,305,4877,1291.8,1042.6,FALSE,"reported"
1519448,"bci5",69,"Film - Colour IR",1975,10000,305,4877,1390.1,1042.6,FALSE,"reported"
1519449,"bci5",70,"Film - Colour IR",1975,10000,305,4877,1485.5,1042.6,FALSE,"reported"
1519450,"bci5",71,"Film - Colour IR",1975,10000,305,4877,1630.4,971.6,FALSE,"reported"
1519451,"bci5",72,"Film - Colour IR",1975,10000,305,4877,1645.3,970.7,FALSE,"reported"
1519452,"bci5",73,"Film - Colour IR",1975,10000,305,4877,1696.1,970.7,FALSE,"reported"
1519453,"bci5",74,"Film - Colour IR",1975,10000,305,4877,1632.5,970.7,FALSE,"reported"
1519454,"bci5",75,"Film - Colour IR",1975,10000,305,4877,1478.9,971.7,FALSE,"reported"
1519455,"bci5",76,"Film - Colour IR",1975,10000,305,4877,1316.5,970.8,FALSE,"reported"
1519456,"bci5",77,"Film - Colour IR",1975,10000,305,4877,1228,970.8,FALSE,"reported"
1519457,"bci5",78,"Film - Colour IR",1975,10000,305,4877,1161,971.8,FALSE,"reported"
1519458,"bci5",79,"Film - Colour IR",1975,10000,305,4877,1118.6,970.9,FALSE,"reported"
1519459,"bci5",80,"Film - Colour IR",1975,10000,305,4877,1082.5,970.9,FALSE,"reported"
1519460,"bci5",81,"Film - Colour IR",1975,10000,305,4877,1065.2,971.9,FALSE,"reported"
1519461,"bci5",82,"Film - Colour IR",1975,10000,305,4877,1067.2,971.9,FALSE,"reported"
1519462,"bci5",83,"Film - Colour IR",1975,10000,305,4877,1069.1,971.9,FALSE,"reported"
1519463,"bci5",84,"Film - Colour IR",1975,10000,305,4877,1049.3,972,FALSE,"reported"
1519464,"bci5",85,"Film - Colour IR",1975,10000,305,4877,1024.2,967.7,FALSE,"reported"
1519465,"bci5",86,"Film - Colour IR",1975,10000,305,4877,1009.3,967.7,FALSE,"reported"
1519466,"bci5",87,"Film - Colour IR",1975,10000,305,4877,1012.3,972,FALSE,"reported"
1519467,"bci5",88,"Film - Colour IR",1975,10000,305,4877,992.9,971.1,FALSE,"reported"
1519468,"bci5",89,"Film - Colour IR",1975,10000,305,4877,965.8,971.1,FALSE,"reported"
1519469,"bci5",90,"Film - Colour IR",1975,10000,305,4877,951.7,972.1,FALSE,"reported"
1519470,"bci5",91,"Film - Colour IR",1975,10000,305,4877,949.3,972.1,FALSE,"reported"
1519471,"bci5",92,"Film - Colour IR",1975,10000,305,4877,950.5,972.2,FALSE,"reported"
1519472,"bci5",93,"Film - Colour IR",1975,10000,305,4877,947.1,972.2,FALSE,"reported"
1519473,"bci5",94,"Film - Colour IR",1975,10000,305,4877,934.5,968.9,FALSE,"reported"
1519474,"bci5",95,"Film - Colour IR",1975,10000,305,4877,915.3,968.9,FALSE,"reported"
1519475,"bci5",96,"Film - Colour IR",1975,10000,305,4877,917.5,972.3,FALSE,"reported"
1519476,"bci5",97,"Film - Colour IR",1975,10000,305,4877,933.7,973.3,FALSE,"reported"
1519477,"bci5",98,"Film - Colour IR",1975,10000,305,4877,975.3,999.7,FALSE,"reported"
1518914,"bci5",99,"Film - Colour IR",1975,10000,305,4267,638.6,1116.1,FALSE,"reported"
1518915,"bci5",100,"Film - Colour IR",1975,10000,305,4267,607.8,1116.1,FALSE,"reported"
1518916,"bci5",101,"Film - Colour IR",1975,10000,305,4267,601.5,1116.1,FALSE,"reported"
1518917,"bci5",102,"Film - Colour IR",1975,10000,305,4267,610.8,1116.1,FALSE,"reported"
1518918,"bci5",103,"Film - Colour IR",1975,10000,305,4267,584.4,1116.2,FALSE,"reported"
1518919,"bci5",104,"Film - Colour IR",1975,10000,305,4267,505,1116.2,FALSE,"reported"
1518920,"bci5",105,"Film - Colour IR",1975,10000,305,4267,435.5,1116.2,FALSE,"reported"
1518921,"bci5",106,"Film - Colour IR",1975,10000,305,4267,418.4,1116.2,FALSE,"reported"
1518922,"bci5",107,"Film - Colour IR",1975,10000,305,4267,469.2,1116.2,FALSE,"reported"
1518923,"bci5",108,"Film - Colour IR",1975,10000,305,4267,584.3,1121.9,FALSE,"reported"
1518924,"bci5",109,"Film - Colour IR",1975,10000,305,4267,589.9,1082.3,FALSE,"reported"
1518925,"bci5",110,"Film - Colour IR",1975,10000,305,4267,514.3,1080.8,FALSE,"reported"
1518926,"bci5",111,"Film - Colour IR",1975,10000,305,4267,437,1080.7,FALSE,"reported"
1518927,"bci5",112,"Film - Colour IR",1975,10000,305,4267,433.1,1080.7,FALSE,"reported"
1518928,"bci5",113,"Film - Colour IR",1975,10000,305,4267,470.6,1080.7,FALSE,"reported"
1518929,"bci5",114,"Film - Colour IR",1975,10000,305,4267,514.2,1080.7,FALSE,"reported"
1518930,"bci5",115,"Film - Colour IR",1975,10000,305,4267,574.4,1080.7,FALSE,"reported"
1518931,"bci5",116,"Film - Colour IR",1975,10000,305,4267,611.4,1080.7,FALSE,"reported"
1518932,"bci5",117,"Film - Colour IR",1975,10000,305,4267,624.2,1080.7,FALSE,"reported"
1518933,"bci5",118,"Film - Colour IR",1975,10000,305,4267,641.8,1080.7,FALSE,"reported"
1518934,"bci5",119,"Film - Colour IR",1975,10000,305,4267,661,1080.7,FALSE,"reported"
1518935,"bci5",120,"Film - Colour IR",1975,10000,305,4267,684,1143,FALSE,"reported"
1518936,"bci5",121,"Film - Colour IR",1975,10000,305,4267,673,1142.7,FALSE,"reported"
1518937,"bci5",122,"Film - Colour IR",1975,10000,305,4267,654.9,1142.7,FALSE,"reported"
1518938,"bci5",123,"Film - Colour IR",1975,10000,305,4267,627.3,1142.7,FALSE,"reported"
1518939,"bci5",124,"Film - Colour IR",1975,10000,305,4267,600.4,1142.7,FALSE,"reported"
1518940,"bci5",125,"Film - Colour IR",1975,10000,305,4267,544.9,1142.7,FALSE,"reported"
1518941,"bci5",126,"Film - Colour IR",1975,10000,305,4267,487.2,1142.7,FALSE,"reported"
1518942,"bci5",127,"Film - Colour IR",1975,10000,305,4267,454.2,1142.8,FALSE,"reported"
1518943,"bci5",128,"Film - Colour IR",1975,10000,305,4267,425.8,1142.8,FALSE,"reported"
1518944,"bci5",129,"Film - Colour IR",1975,10000,305,4267,468.5,1142.8,FALSE,"reported"
1518945,"bci5",130,"Film - Colour IR",1975,10000,305,4267,582.2,1143.1,FALSE,"reported"
1518946,"bci5",131,"Film - Colour IR",1975,10000,305,4267,677.6,1147.8,FALSE,"reported"
1518947,"bci6",1,"Film - Colour IR",1975,10000,305,4267,652.5,985.5,FALSE,"reported"
1518948,"bci6",2,"Film - Colour IR",1975,10000,305,4267,553.8,982.1,FALSE,"reported"
1518949,"bci6",3,"Film - Colour IR",1975,10000,305,4267,461,982.1,FALSE,"reported"
1518950,"bci6",4,"Film - Colour IR",1975,10000,305,4267,420.9,982.1,FALSE,"reported"
1518951,"bci6",5,"Film - Colour IR",1975,10000,305,4267,439.4,982.1,FALSE,"reported"
1518952,"bci6",6,"Film - Colour IR",1975,10000,305,4267,495.3,982.1,FALSE,"reported"
1518953,"bci6",7,"Film - Colour IR",1975,10000,305,4267,547.8,982.1,FALSE,"reported"
1518954,"bci6",8,"Film - Colour IR",1975,10000,305,4267,591.7,982.1,FALSE,"reported"
1518955,"bci6",9,"Film - Colour IR",1975,10000,305,4267,618.5,982.1,FALSE,"reported"
1518956,"bci6",10,"Film - Colour IR",1975,10000,305,4267,634.4,982.1,FALSE,"reported"
1518957,"bci6",11,"Film - Colour IR",1975,10000,305,4267,653,982.1,FALSE,"reported"
1518958,"bci6",12,"Film - Colour IR",1975,10000,305,4267,669,982.1,FALSE,"reported"
1518959,"bci6",13,"Film - Colour IR",1975,10000,305,4267,676.3,982.1,FALSE,"reported"
1518960,"bci6",14,"Film - Colour IR",1975,10000,305,4267,673.5,962,FALSE,"reported"
1518961,"bci6",15,"Film - Colour IR",1975,10000,305,4267,666.3,962,FALSE,"reported"
1518962,"bci6",16,"Film - Colour IR",1975,10000,305,4267,651.8,963.1,FALSE,"reported"
1518963,"bci6",17,"Film - Colour IR",1975,10000,305,4267,635,963.1,FALSE,"reported"
1518964,"bci6",18,"Film - Colour IR",1975,10000,305,4267,625.1,962,FALSE,"reported"
1518965,"bci6",19,"Film - Colour IR",1975,10000,305,4267,618.3,962,FALSE,"reported"
1518966,"bci6",20,"Film - Colour IR",1975,10000,305,4267,608.7,962,FALSE,"reported"
1518967,"bci6",21,"Film - Colour IR",1975,10000,305,4267,555.8,962,FALSE,"reported"
1518968,"bci6",22,"Film - Colour IR",1975,10000,305,4267,471.3,963.1,FALSE,"reported"
1518969,"bci6",23,"Film - Colour IR",1975,10000,305,4267,418.1,963.1,FALSE,"reported"
1518970,"bci6",24,"Film - Colour IR",1975,10000,305,4267,467.8,962,FALSE,"reported"
1518971,"bci6",25,"Film - Colour IR",1975,10000,305,4267,574.2,962,FALSE,"reported"
1518972,"bci6",26,"Film - Colour IR",1975,10000,305,4267,675.9,966.5,FALSE,"reported"
1519257,"bci6",27,"Film - Colour IR",1975,12000,305,4724,1076.8,1112.1,FALSE,"reported"
1519258,"bci6",28,"Film - Colour IR",1975,12000,305,4724,1123.2,1108.8,FALSE,"reported"
1519259,"bci6",29,"Film - Colour IR",1975,12000,305,4724,1173.1,1107.7,FALSE,"reported"
1519260,"bci6",30,"Film - Colour IR",1975,12000,305,4724,1162.8,1107.7,FALSE,"reported"
1519261,"bci6",31,"Film - Colour IR",1975,12000,305,4724,1092.1,1108.7,FALSE,"reported"
1519262,"bci6",32,"Film - Colour IR",1975,12000,305,4724,1037.5,1107.6,FALSE,"reported"
1519263,"bci6",33,"Film - Colour IR",1975,12000,305,4724,1005.7,1107.6,FALSE,"reported"
1519264,"bci6",34,"Film - Colour IR",1975,12000,305,4724,957.8,1108.7,FALSE,"reported"
1519265,"bci6",35,"Film - Colour IR",1975,12000,305,4724,862.2,1107.6,FALSE,"reported"
1519266,"bci6",36,"Film - Colour IR",1975,12000,305,4724,703.8,1107.6,FALSE,"reported"
1519267,"bci6",37,"Film - Colour IR",1975,12000,305,4724,560.6,1107.5,FALSE,"reported"
1519268,"bci6",38,"Film - Colour IR",1975,12000,305,4724,527.6,1107.5,FALSE,"reported"
1519269,"bci6",39,"Film - Colour IR",1975,12000,305,4724,578.1,1108.6,FALSE,"reported"
1519270,"bci6",40,"Film - Colour IR",1975,12000,305,4724,654.2,1108.6,FALSE,"reported"
1519222,"bci6",41,"Film - Colour IR",1975,12000,305,4724,1025.6,1305.3,FALSE,"reported"
1519223,"bci6",42,"Film - Colour IR",1975,12000,305,4724,850.9,1305.3,FALSE,"reported"
1519224,"bci6",43,"Film - Colour IR",1975,12000,305,4724,608,1306.4,FALSE,"reported"
1519225,"bci6",44,"Film - Colour IR",1975,12000,305,4724,500.7,1306.4,FALSE,"reported"
1519226,"bci6",45,"Film - Colour IR",1975,12000,305,4724,548.1,1305.4,FALSE,"reported"
1519227,"bci6",46,"Film - Colour IR",1975,12000,305,4724,645.4,1305.4,FALSE,"reported"
1519228,"bci6",47,"Film - Colour IR",1975,12000,305,4724,743.7,1306.5,FALSE,"reported"
1519229,"bci6",48,"Film - Colour IR",1975,12000,305,4724,713.2,1306.5,FALSE,"reported"
1519230,"bci6",49,"Film - Colour IR",1975,12000,305,4724,599.9,1306.6,FALSE,"reported"
1519231,"bci6",50,"Film - Colour IR",1975,12000,305,4724,536.7,1309.9,FALSE,"reported"
1519245,"bci6",51,"Film - Colour IR",1975,12000,305,4724,1218.9,1128.7,FALSE,"reported"
1519246,"bci6",52,"Film - Colour IR",1975,12000,305,4724,1274.1,1121,FALSE,"reported"
1519247,"bci6",53,"Film - Colour IR",1975,12000,305,4724,1289.7,1121,FALSE,"reported"
1519248,"bci6",54,"Film - Colour IR",1975,12000,305,4724,1255.7,1120.9,FALSE,"reported"
1519249,"bci6",55,"Film - Colour IR",1975,12000,305,4724,1211.9,1120.9,FALSE,"reported"
1519250,"bci6",56,"Film - Colour IR",1975,12000,305,4724,1118.8,1120.9,FALSE,"reported"
1519251,"bci6",57,"Film - Colour IR",1975,12000,305,4724,917.7,1120.9,FALSE,"reported"
1519252,"bci6",58,"Film - Colour IR",1975,12000,305,4724,654.9,1120.9,FALSE,"reported"
1519253,"bci6",59,"Film - Colour IR",1975,12000,305,4724,577.4,1120.9,FALSE,"reported"
1519254,"bci6",60,"Film - Colour IR",1975,12000,305,4724,716.4,1120.8,FALSE,"reported"
1519255,"bci6",61,"Film - Colour IR",1975,12000,305,4724,845.5,1120.8,FALSE,"reported"
1519256,"bci6",62,"Film - Colour IR",1975,12000,305,4724,869.2,1120.8,FALSE,"reported"
1519212,"bci6",63,"Film - Colour IR",1975,12000,305,4724,823.2,1324.1,FALSE,"reported"
1519213,"bci6",64,"Film - Colour IR",1975,12000,305,4724,692.6,1324.1,FALSE,"reported"
1519214,"bci6",65,"Film - Colour IR",1975,12000,305,4724,626.1,1324.1,FALSE,"reported"
1519215,"bci6",66,"Film - Colour IR",1975,12000,305,4724,589.3,1324.2,FALSE,"reported"
1519216,"bci6",67,"Film - Colour IR",1975,12000,305,4724,544.4,1324.2,FALSE,"reported"
1519217,"bci6",68,"Film - Colour IR",1975,12000,305,4724,543.6,1324.2,FALSE,"reported"
1519218,"bci6",69,"Film - Colour IR",1975,12000,305,4724,555.4,1324.2,FALSE,"reported"
1519219,"bci6",70,"Film - Colour IR",1975,12000,305,4724,588.2,1324.2,FALSE,"reported"
1519220,"bci6",71,"Film - Colour IR",1975,12000,305,4724,693.7,1324.3,FALSE,"reported"
1519221,"bci6",72,"Film - Colour IR",1975,12000,305,4724,877.2,1324.3,FALSE,"reported"
1519232,"bci6",73,"Film - Colour IR",1975,12000,305,4724,891.9,1104.4,FALSE,"reported"
1519233,"bci6",74,"Film - Colour IR",1975,12000,305,4724,1047.2,1093.2,FALSE,"reported"
1519234,"bci6",75,"Film - Colour IR",1975,12000,305,4724,1153.1,1093.2,FALSE,"reported"
1519235,"bci6",76,"Film - Colour IR",1975,12000,305,4724,1227.8,1093.2,FALSE,"reported"
1519236,"bci6",77,"Film - Colour IR",1975,12000,305,4724,1234.6,1093.2,FALSE,"reported"
1519237,"bci6",78,"Film - Colour IR",1975,12000,305,4724,1154,1093.1,FALSE,"reported"
1519238,"bci6",79,"Film - Colour IR",1975,12000,305,4724,984.4,1093.1,FALSE,"reported"
1519239,"bci6",80,"Film - Colour IR",1975,12000,305,4724,752.7,1093.1,FALSE,"reported"
1519240,"bci6",81,"Film - Colour IR",1975,12000,305,4724,557.1,1093.1,FALSE,"reported"
1519241,"bci6",82,"Film - Colour IR",1975,12000,305,4724,546.8,1093.1,FALSE,"reported"
1519242,"bci6",83,"Film - Colour IR",1975,12000,305,4724,722.6,1093.1,FALSE,"reported"
1519243,"bci6",84,"Film - Colour IR",1975,12000,305,4724,945.6,1093,FALSE,"reported"
1519244,"bci6",85,"Film - Colour IR",1975,12000,305,4724,1051.8,1093,FALSE,"reported"
1519200,"bci6",86,"Film - Colour IR",1975,12000,305,4724,912.8,1078.6,FALSE,"reported"
1519201,"bci6",87,"Film - Colour IR",1975,12000,305,4724,848.5,1077.5,FALSE,"reported"
1519202,"bci6",88,"Film - Colour IR",1975,12000,305,4724,871,1077.5,FALSE,"reported"
1519203,"bci6",89,"Film - Colour IR",1975,12000,305,4724,911.5,1078.6,FALSE,"reported"
1519204,"bci6",90,"Film - Colour IR",1975,12000,305,4724,890.1,1078.6,FALSE,"reported"
1519205,"bci6",91,"Film - Colour IR",1975,12000,305,4724,862,1077.5,FALSE,"reported"
1519206,"bci6",92,"Film - Colour IR",1975,12000,305,4724,797.3,1077.5,FALSE,"reported"
1519207,"bci6",93,"Film - Colour IR",1975,12000,305,4724,804.5,1077.6,FALSE,"reported"
1519208,"bci6",94,"Film - Colour IR",1975,12000,305,4724,818.9,1078.7,FALSE,"reported"
1519209,"bci6",95,"Film - Colour IR",1975,12000,305,4724,857,1078.7,FALSE,"reported"
1519210,"bci6",96,"Film - Colour IR",1975,12000,305,4724,831.9,1078.7,FALSE,"reported"
1519211,"bci6",97,"Film - Colour IR",1975,12000,305,4724,905.9,1083.2,FALSE,"reported"
1519054,"bci6",98,"Film - Colour IR",1975,12000,305,4572,913.9,1111,FALSE,"reported"
1519055,"bci6",99,"Film - Colour IR",1975,12000,305,4572,905.5,1105.4,FALSE,"reported"
1519056,"bci6",100,"Film - Colour IR",1975,12000,305,4572,911.4,1105.4,FALSE,"reported"
1519057,"bci6",101,"Film - Colour IR",1975,12000,305,4572,921.8,1105.4,FALSE,"reported"
1519058,"bci6",102,"Film - Colour IR",1975,12000,305,4572,904.7,1105.4,FALSE,"reported"
1519059,"bci6",103,"Film - Colour IR",1975,12000,305,4572,827.2,1105.4,FALSE,"reported"
1519060,"bci6",104,"Film - Colour IR",1975,12000,305,4572,727.4,1105.5,FALSE,"reported"
1519061,"bci6",105,"Film - Colour IR",1975,12000,305,4572,611,1105.5,FALSE,"reported"
1519062,"bci6",106,"Film - Colour IR",1975,12000,305,4572,469.4,1105.5,FALSE,"reported"
1519063,"bci6",107,"Film - Colour IR",1975,12000,305,4572,366.4,1105.5,FALSE,"reported"
1519064,"bci6",108,"Film - Colour IR",1975,12000,305,4572,353.5,1105.5,FALSE,"reported"
1519065,"bci6",109,"Film - Colour IR",1975,12000,305,4572,421.8,1105.5,FALSE,"reported"
1519066,"bci7",1,"Film - Colour IR",1975,12000,305,4572,792.5,1075.6,FALSE,"reported"
1519067,"bci7",2,"Film - Colour IR",1975,12000,305,4572,647.5,1075.5,FALSE,"reported"
1519068,"bci7",3,"Film - Colour IR",1975,12000,305,4572,457.8,1075.5,FALSE,"reported"
1519069,"bci7",4,"Film - Colour IR",1975,12000,305,4572,357.2,1075.5,FALSE,"reported"
1519070,"bci7",5,"Film - Colour IR",1975,12000,305,4572,348.7,1075.5,FALSE,"reported"
1519071,"bci7",6,"Film - Colour IR",1975,12000,305,4572,415,1076.6,FALSE,"reported"
1519072,"bci7",7,"Film - Colour IR",1975,12000,305,4572,539.2,1077.7,FALSE,"reported"
1519073,"bci7",8,"Film - Colour IR",1975,12000,305,4572,672.4,1158,FALSE,"reported"
1519074,"bci7",9,"Film - Colour IR",1975,12000,305,4572,768.7,1158,FALSE,"reported"
1519075,"bci7",10,"Film - Colour IR",1975,12000,305,4572,860.2,1157.9,FALSE,"reported"
1519076,"bci7",11,"Film - Colour IR",1975,12000,305,4572,899.5,1157.9,FALSE,"reported"
1519077,"bci7",12,"Film - Colour IR",1975,12000,305,4572,877.4,1157.9,FALSE,"reported"
1519078,"bci7",13,"Film - Colour IR",1975,12000,305,4572,862.2,1158,FALSE,"reported"
1519079,"bci7",14,"Film - Colour IR",1975,12000,305,4572,910,1162.3,FALSE,"reported"
1519759,"bci8",1,"Film - Colour IR",1976,15840,305,5438,369.5,1321.7,FALSE,"reported"
1519760,"bci8",2,"Film - Colour IR",1976,15840,305,5438,362,1314.9,FALSE,"reported"
1519761,"bci8",3,"Film - Colour IR",1976,15840,305,5438,357,1314.9,FALSE,"reported"
1519762,"bci8",4,"Film - Colour IR",1976,15840,305,5438,355.4,1315,FALSE,"reported"
1519763,"bci8",5,"Film - Colour IR",1976,15840,305,5438,407.1,1315,FALSE,"reported"
1519764,"bci8",6,"Film - Colour IR",1976,15840,305,5438,479.1,1322,FALSE,"reported"
1519765,"bci8",7,"Film - Colour IR",1976,15840,305,5438,527.2,1315.2,FALSE,"reported"
1519766,"bci8",8,"Film - Colour IR",1976,15840,305,5438,532.6,1315.2,FALSE,"reported"
1519767,"bci8",9,"Film - Colour IR",1976,15840,305,5438,524.5,1315.3,FALSE,"reported"
1519768,"bci8",10,"Film - Colour IR",1976,15840,305,5438,521.3,1315.3,FALSE,"reported"
1519769,"bci8",11,"Film - Colour IR",1976,15840,305,5438,523.2,1315.5,FALSE,"reported"
1519770,"bci8",12,"Film - Colour IR",1976,15840,305,5438,532.1,1315.5,FALSE,"reported"
1519771,"bci8",13,"Film - Colour IR",1976,15840,305,5438,522.2,1315.7,FALSE,"reported"
1519772,"bci8",14,"Film - Colour IR",1976,15840,305,5438,494.8,1315.7,FALSE,"reported"
1519773,"bci8",15,"Film - Colour IR",1976,15840,305,5438,477.2,1315.9,FALSE,"reported"
1519774,"bci8",16,"Film - Colour IR",1976,15840,305,5438,473.6,1315.9,FALSE,"reported"
1519775,"bci8",17,"Film - Colour IR",1976,15840,305,5438,492.6,1316,FALSE,"reported"
1519776,"bci8",18,"Film - Colour IR",1976,15840,305,5438,544.5,1316,FALSE,"reported"
1519777,"bci8",19,"Film - Colour IR",1976,15840,305,5438,612.5,1316,FALSE,"reported"
1519778,"bci8",20,"Film - Colour IR",1976,15840,305,5438,659.4,1316.1,FALSE,"reported"
1519779,"bci8",21,"Film - Colour IR",1976,15840,305,5438,683.7,1316.1,FALSE,"reported"
1519780,"bci8",22,"Film - Colour IR",1976,15840,305,5438,695.7,1316.5,FALSE,"reported"
1519781,"bci8",23,"Film - Colour IR",1976,15840,305,5438,700.4,1316.4,FALSE,"reported"
1519782,"bci8",24,"Film - Colour IR",1976,15840,305,5438,688.9,1316.4,FALSE,"reported"
1519783,"bci8",25,"Film - Colour IR",1976,15840,305,5438,675,1316.6,FALSE,"reported"
1519784,"bci8",26,"Film - Colour IR",1976,15840,305,5438,639.7,1316.6,FALSE,"reported"
1519785,"bci8",27,"Film - Colour IR",1976,15840,305,5438,556,1316.8,FALSE,"reported"
1519786,"bci8",28,"Film - Colour IR",1976,15840,305,5438,464.6,1316.9,FALSE,"reported"
1519787,"bci8",29,"Film - Colour IR",1976,15840,305,5438,423.8,1316.9,FALSE,"reported"
1519788,"bci8",30,"Film - Colour IR",1976,15840,305,5438,448.9,1317,FALSE,"reported"
1519789,"bci8",31,"Film - Colour IR",1976,15840,305,5438,521.7,1339.2,FALSE,"reported"
1519790,"bci8",32,"Film - Colour IR",1976,15840,305,5438,534.5,1341.6,FALSE,"reported"
1519791,"bci8",33,"Film - Colour IR",1976,15840,305,5438,495.4,1341.6,FALSE,"reported"
1519792,"bci8",34,"Film - Colour IR",1976,15840,305,5438,465.2,1346,FALSE,"reported"
1519793,"bci8",35,"Film - Colour IR",1976,15840,305,5438,447.4,1341.3,FALSE,"reported"
1519794,"bci8",36,"Film - Colour IR",1976,15840,305,5438,434.4,1341.3,FALSE,"reported"
1519795,"bci8",37,"Film - Colour IR",1976,15840,305,5438,428.4,1344.9,FALSE,"reported"
1519796,"bci8",38,"Film - Colour IR",1976,15840,305,5438,453.7,1340.9,FALSE,"reported"
1519797,"bci8",39,"Film - Colour IR",1976,15840,305,5438,491.1,1340.9,FALSE,"reported"
1519798,"bci8",40,"Film - Colour IR",1976,15840,305,5438,563.6,1344.5,FALSE,"reported"
1519799,"bci8",41,"Film - Colour IR",1976,15840,305,5438,605.3,1344.5,FALSE,"reported"
1519800,"bci8",42,"Film - Colour IR",1976,15840,305,5438,605.2,1350.3,FALSE,"reported"
1519801,"bci8",43,"Film - Colour IR",1976,15840,305,5438,459.6,1409.4,FALSE,"reported"
1519802,"bci8",44,"Film - Colour IR",1976,15840,305,5438,496.1,1399.4,FALSE,"reported"
1519803,"bci8",45,"Film - Colour IR",1976,15840,305,5438,536.2,1399.4,FALSE,"reported"
1519804,"bci8",46,"Film - Colour IR",1976,15840,305,5438,558.1,1402.4,FALSE,"reported"
1519805,"bci8",47,"Film - Colour IR",1976,15840,305,5438,521.4,1399.5,FALSE,"reported"
1519806,"bci8",48,"Film - Colour IR",1976,15840,305,5438,471,1399.5,FALSE,"reported"
1519807,"bci8",49,"Film - Colour IR",1976,15840,305,5438,465.1,1402.6,FALSE,"reported"
1519808,"bci8",50,"Film - Colour IR",1976,15840,305,5438,503.6,1436.6,FALSE,"reported"
1519809,"bci8",51,"Film - Colour IR",1976,15840,305,5438,545.5,1436.6,FALSE,"reported"
1519810,"bci8",52,"Film - Colour IR",1976,15840,305,5438,565.8,1436.7,FALSE,"reported"
1519811,"bci8",53,"Film - Colour IR",1976,15840,305,5438,517.1,1436.7,FALSE,"reported"
1519812,"bci8",54,"Film - Colour IR",1976,15840,305,5438,490.2,1436.9,FALSE,"reported"
1519813,"bci8",55,"Film - Colour IR",1976,15840,305,5438,469.1,1436.9,FALSE,"reported"
1519734,"bci8",56,"Film - Colour IR",1976,15840,305,5438,705.8,1479.5,FALSE,"reported"
1519735,"bci8",57,"Film - Colour IR",1976,15840,305,5438,637,1472,FALSE,"reported"
1519736,"bci8",58,"Film - Colour IR",1976,15840,305,5438,613.1,1472,FALSE,"reported"
1519737,"bci8",59,"Film - Colour IR",1976,15840,305,5438,592.4,1471.8,FALSE,"reported"
1519738,"bci8",60,"Film - Colour IR",1976,15840,305,5438,569.6,1394.1,FALSE,"reported"
1519739,"bci8",61,"Film - Colour IR",1976,15840,305,5438,573,1385.9,FALSE,"reported"
1519740,"bci8",62,"Film - Colour IR",1976,15840,305,5438,572.2,1385.9,FALSE,"reported"
1519741,"bci8",63,"Film - Colour IR",1976,15840,305,5438,569.5,1385.6,FALSE,"reported"
1519742,"bci8",64,"Film - Colour IR",1976,15840,305,5438,577.5,1385.6,FALSE,"reported"
1519743,"bci8",65,"Film - Colour IR",1976,15840,305,5438,583.2,1385.6,FALSE,"reported"
1519744,"bci8",66,"Film - Colour IR",1976,15840,305,5438,581.5,1385.4,FALSE,"reported"
1519745,"bci8",67,"Film - Colour IR",1976,15840,305,5438,567.4,1385,FALSE,"reported"
1519746,"bci8",68,"Film - Colour IR",1976,15840,305,5438,575.2,1385,FALSE,"reported"
1519747,"bci8",69,"Film - Colour IR",1976,15840,305,5438,595.3,1384.8,FALSE,"reported"
1519748,"bci8",70,"Film - Colour IR",1976,15840,305,5438,641.8,1337.1,FALSE,"reported"
1519749,"bci8",71,"Film - Colour IR",1976,15840,305,5438,705.4,1329.4,FALSE,"reported"
1519750,"bci8",72,"Film - Colour IR",1976,15840,305,5438,737,1329.4,FALSE,"reported"
1519751,"bci8",73,"Film - Colour IR",1976,15840,305,5438,737.7,1329.3,FALSE,"reported"
1519752,"bci8",74,"Film - Colour IR",1976,15840,305,5438,713.4,1329.2,FALSE,"reported"
1519753,"bci8",75,"Film - Colour IR",1976,15840,305,5438,681.9,1329.2,FALSE,"reported"
1519754,"bci8",76,"Film - Colour IR",1976,15840,305,5438,630.2,1462.9,FALSE,"reported"
1519755,"bci8",77,"Film - Colour IR",1976,15840,305,5438,575.5,1462.9,FALSE,"reported"
1519756,"bci8",78,"Film - Colour IR",1976,15840,305,5438,531,1462.8,FALSE,"reported"
1519757,"bci8",79,"Film - Colour IR",1976,15840,305,5438,527.6,1462.8,FALSE,"reported"
1519758,"bci8",80,"Film - Colour IR",1976,15840,305,5438,565.1,1469.7,FALSE,"reported"
1519825,"bci8",81,"Film - Colour IR",1976,7920,305,2896,351,722,FALSE,"reported"
1519826,"bci8",82,"Film - Colour IR",1976,7920,305,2896,361.3,722,FALSE,"reported"
1519827,"bci8",83,"Film - Colour IR",1976,7920,305,2896,382.7,722,FALSE,"reported"
1519828,"bci8",84,"Film - Colour IR",1976,7920,305,2896,390.9,722,FALSE,"reported"
1519829,"bci8",85,"Film - Colour IR",1976,7920,305,2896,384.7,722,FALSE,"reported"
1519830,"bci8",86,"Film - Colour IR",1976,7920,305,2896,376.1,722,FALSE,"reported"
1519831,"bci8",87,"Film - Colour IR",1976,7920,305,2896,375.8,722,FALSE,"reported"
1519832,"bci8",88,"Film - Colour IR",1976,7920,305,2896,375.5,722,FALSE,"reported"
1519833,"bci8",89,"Film - Colour IR",1976,7920,305,2896,374.6,722,FALSE,"reported"
1519834,"bci8",90,"Film - Colour IR",1976,7920,305,2896,370.5,722.1,FALSE,"reported"
1519835,"bci8",91,"Film - Colour IR",1976,7920,305,2896,361.1,728.4,FALSE,"reported"
1519862,"bci8",92,"Film - Colour IR",1976,7920,305,2896,343.3,685.6,FALSE,"reported"
1519863,"bci8",93,"Film - Colour IR",1976,7920,305,2896,345.4,684.5,FALSE,"reported"
1519864,"bci8",94,"Film - Colour IR",1976,7920,305,2896,346.2,684.5,FALSE,"reported"
1519865,"bci8",95,"Film - Colour IR",1976,7920,305,2896,348.4,684.5,FALSE,"reported"
1519866,"bci8",96,"Film - Colour IR",1976,7920,305,2896,349.7,684.5,FALSE,"reported"
1519867,"bci8",97,"Film - Colour IR",1976,7920,305,2896,355.3,684.5,FALSE,"reported"
1519836,"bci8",98,"Film - Colour IR",1976,7920,305,2896,503.2,683.9,FALSE,"reported"
1519837,"bci8",99,"Film - Colour IR",1976,7920,305,2896,495.7,683.9,FALSE,"reported"
1519838,"bci8",100,"Film - Colour IR",1976,7920,305,2896,506.2,683.7,FALSE,"reported"
1519839,"bci8",101,"Film - Colour IR",1976,7920,305,2896,513.5,683.7,FALSE,"reported"
1519840,"bci8",102,"Film - Colour IR",1976,7920,305,2896,522.6,683.9,FALSE,"reported"
1519841,"bci8",103,"Film - Colour IR",1976,7920,305,2896,545.8,683.9,FALSE,"reported"
1519842,"bci8",104,"Film - Colour IR",1976,7920,305,2896,582.4,632.9,FALSE,"reported"
1519843,"bci8",105,"Film - Colour IR",1976,7920,305,2896,666.7,632.9,FALSE,"reported"
1519844,"bci8",106,"Film - Colour IR",1976,7920,305,2896,740.4,632.9,FALSE,"reported"
1519845,"bci8",107,"Film - Colour IR",1976,7920,305,2896,751.2,632.9,FALSE,"reported"
1519846,"bci8",108,"Film - Colour IR",1976,7920,305,2896,662.2,632.9,FALSE,"reported"
1519847,"bci8",109,"Film - Colour IR",1976,7920,305,2896,538.2,632.9,FALSE,"reported"
1519848,"bci8",110,"Film - Colour IR",1976,7920,305,2896,450.6,633.4,FALSE,"reported"
1519849,"bci8",111,"Film - Colour IR",1976,7920,305,2896,342.4,704.8,FALSE,"reported"
1519850,"bci8",112,"Film - Colour IR",1976,7920,305,2896,352.3,699.3,FALSE,"reported"
1519851,"bci8",113,"Film - Colour IR",1976,7920,305,2896,386.2,699.3,FALSE,"reported"
1519852,"bci8",114,"Film - Colour IR",1976,7920,305,2896,431.8,699.2,FALSE,"reported"
1519853,"bci8",115,"Film - Colour IR",1976,7920,305,2896,449.8,699.2,FALSE,"reported"
1519854,"bci8",116,"Film - Colour IR",1976,7920,305,2896,434.7,699.2,FALSE,"reported"
1519855,"bci8",117,"Film - Colour IR",1976,7920,305,2896,408,699.2,FALSE,"reported"
1519856,"bci8",118,"Film - Colour IR",1976,7920,305,2896,393.8,705,FALSE,"reported"
1519857,"bci8",119,"Film - Colour IR",1976,7920,305,2896,384.5,705,FALSE,"reported"
1519858,"bci8",120,"Film - Colour IR",1976,7920,305,2896,384.4,705,FALSE,"reported"
1519859,"bci8",121,"Film - Colour IR",1976,7920,305,2896,396,705,FALSE,"reported"
1519860,"bci8",122,"Film - Colour IR",1976,7920,305,2896,405.8,705,FALSE,"reported"
1519861,"bci8",123,"Film - Colour IR",1976,7920,305,2896,434.8,705,FALSE,"reported"
1519814,"bci8",124,"Film - Colour IR",1976,7920,305,2896,488.2,676.1,FALSE,"reported"
1519815,"bci8",125,"Film - Colour IR",1976,7920,305,2896,530.3,668.4,FALSE,"reported"
1519816,"bci8",126,"Film - Colour IR",1976,7920,305,2896,578,668.4,FALSE,"reported"
1519817,"bci8",127,"Film - Colour IR",1976,7920,305,2896,577.3,668.4,FALSE,"reported"
1519818,"bci8",128,"Film - Colour IR",1976,7920,305,2896,542.7,668.4,FALSE,"reported"
1519819,"bci8",129,"Film - Colour IR",1976,7920,305,2896,495.3,669.6,FALSE,"reported"
1519820,"bci8",130,"Film - Colour IR",1976,7920,305,2896,482,668.4,FALSE,"reported"
1519821,"bci8",131,"Film - Colour IR",1976,7920,305,2896,491.6,668.4,FALSE,"reported"
1519822,"bci8",132,"Film - Colour IR",1976,7920,305,2896,505.1,669.6,FALSE,"reported"
1519823,"bci8",133,"Film - Colour IR",1976,7920,305,2896,527.8,668.4,FALSE,"reported"
1519824,"bci8",134,"Film - Colour IR",1976,7920,305,2896,563.1,668.4,FALSE,"reported"
1520245,"bci80103",1,"Film - BW IR",1980,7000,305,2195,5.3,589.4,FALSE,"reported"
1520246,"bci80103",2,"Film - BW IR",1980,7000,305,2195,4,588.9,FALSE,"reported"
1520247,"bci80103",3,"Film - BW IR",1980,7000,305,2195,2.6,588.9,FALSE,"reported"
1520248,"bci80103",4,"Film - BW IR",1980,7000,305,2195,2,588.9,FALSE,"reported"
1520249,"bci80103",5,"Film - BW IR",1980,7000,305,2195,1.4,588.9,FALSE,"reported"
1520250,"bci80103",6,"Film - BW IR",1980,7000,305,2195,1,589,FALSE,"reported"
1520251,"bci80103",7,"Film - BW IR",1980,7000,305,2195,0.7,589,FALSE,"reported"
1520252,"bci80103",8,"Film - BW IR",1980,7000,305,2195,0.5,589.6,FALSE,"reported"
1520253,"bci80103",9,"Film - BW IR",1980,7000,305,2195,0.8,589.6,FALSE,"reported"
1520254,"bci80103",10,"Film - BW IR",1980,7000,305,2195,0.8,578.7,FALSE,"reported"
1520255,"bci80103",11,"Film - BW IR",1980,7000,305,2195,1,578.7,FALSE,"reported"
1520256,"bci80103",12,"Film - BW IR",1980,7000,305,2195,0.6,585.5,FALSE,"reported"
1520257,"bci80103",13,"Film - BW IR",1980,7000,305,2195,0.6,579.3,FALSE,"reported"
1520258,"bci80103",14,"Film - BW IR",1980,7000,305,2195,2.7,579.3,FALSE,"reported"
1520259,"bci80103",15,"Film - BW IR",1980,7000,305,2195,4.2,579.4,FALSE,"reported"
1520260,"bci80103",16,"Film - BW IR",1980,7000,305,2195,4.5,579.4,FALSE,"reported"
1520261,"bci80103",17,"Film - BW IR",1980,7000,305,2195,3.3,579.9,FALSE,"reported"
1520262,"bci80103",18,"Film - BW IR",1980,7000,305,2195,3.2,579.9,FALSE,"reported"
1520263,"bci80103",19,"Film - BW IR",1980,7000,305,2195,2.9,583.8,FALSE,"reported"
1520264,"bci80103",20,"Film - BW IR",1980,7000,305,2195,1.6,521.6,FALSE,"reported"
1520265,"bci80103",21,"Film - BW IR",1980,7000,305,2195,1.1,515.6,FALSE,"reported"
1520266,"bci80103",22,"Film - BW IR",1980,7000,305,2195,0.6,515.6,FALSE,"reported"
1520267,"bci80103",23,"Film - BW IR",1980,7000,305,2195,1.1,515.6,FALSE,"reported"
1520268,"bci80103",24,"Film - BW IR",1980,7000,305,2195,1.1,516.2,FALSE,"reported"
1520269,"bci80103",25,"Film - BW IR",1980,7000,305,2195,0.8,515.7,FALSE,"reported"
1520270,"bci80103",26,"Film - BW IR",1980,7000,305,2195,1.1,515.7,FALSE,"reported"
1520271,"bci80103",27,"Film - BW IR",1980,7000,305,2195,0.6,516.3,FALSE,"reported"
1520272,"bci80103",28,"Film - BW IR",1980,7000,305,2195,0.1,522.3,FALSE,"reported"
1520232,"bci80103",29,"Film - BW IR",1980,7000,305,2195,0,639.6,FALSE,"reported"
1520233,"bci80103",30,"Film - BW IR",1980,7000,305,2195,0.3,639.6,FALSE,"reported"
1520234,"bci80103",31,"Film - BW IR",1980,7000,305,2195,4.2,640.3,FALSE,"reported"
1520235,"bci80103",32,"Film - BW IR",1980,7000,305,2195,6.3,639.5,FALSE,"reported"
1520236,"bci80103",33,"Film - BW IR",1980,7000,305,2195,5.8,639.5,FALSE,"reported"
1520237,"bci80103",34,"Film - BW IR",1980,7000,305,2195,5.7,640.2,FALSE,"reported"
1520238,"bci80103",35,"Film - BW IR",1980,7000,305,2195,6,639.4,FALSE,"reported"
1520239,"bci80103",36,"Film - BW IR",1980,7000,305,2195,6.5,639.4,FALSE,"reported"
1520240,"bci80103",37,"Film - BW IR",1980,7000,305,2195,4.9,639.4,FALSE,"reported"
1520241,"bci80103",38,"Film - BW IR",1980,7000,305,2195,5.2,640.1,FALSE,"reported"
1520242,"bci80103",39,"Film - BW IR",1980,7000,305,2195,3.7,639.3,FALSE,"reported"
1520243,"bci80103",40,"Film - BW IR",1980,7000,305,2195,0.1,639.3,FALSE,"reported"
1520244,"bci80103",41,"Film - BW IR",1980,7000,305,2195,0,649,FALSE,"reported"
1520273,"bci80103",42,"Film - BW IR",1980,7200,305,2195,0,586.2,FALSE,"reported"
1520274,"bci80103",43,"Film - BW IR",1980,7200,305,2195,-0.1,586.2,FALSE,"reported"
1520275,"bci80103",44,"Film - BW IR",1980,7200,305,2195,0.9,586.2,FALSE,"reported"
1520276,"bci80103",45,"Film - BW IR",1980,7200,305,2195,2.9,586.2,FALSE,"reported"
1520277,"bci80103",46,"Film - BW IR",1980,7200,305,2195,4.7,586.2,FALSE,"reported"
1520278,"bci80103",47,"Film - BW IR",1980,7200,305,2195,5.9,586.2,FALSE,"reported"
1520279,"bci80103",48,"Film - BW IR",1980,7200,305,2195,5.8,586.3,FALSE,"reported"
1520280,"bci80103",49,"Film - BW IR",1980,7200,305,2195,6,586.3,FALSE,"reported"
1520281,"bci80103",50,"Film - BW IR",1980,7200,305,2195,6.8,586.3,FALSE,"reported"
1520282,"bci80103",51,"Film - BW IR",1980,7200,305,2195,7.1,586.6,FALSE,"reported"
1520283,"bci80103",52,"Film - BW IR",1980,7200,305,2195,7.6,586.3,FALSE,"reported"
1520284,"bci80103",53,"Film - BW IR",1980,7200,305,2195,7.1,586.3,FALSE,"reported"
1520285,"bci80103",54,"Film - BW IR",1980,7200,305,2195,5.1,586.4,FALSE,"reported"
1520286,"bci80103",55,"Film - BW IR",1980,7200,305,2195,2.3,586.4,FALSE,"reported"
1520287,"bci80103",56,"Film - BW IR",1980,7200,305,2195,1.2,595.5,FALSE,"reported"
1520288,"bci80103",57,"Film - BW IR",1980,7200,305,2195,-0.3,557.5,FALSE,"reported"
1520289,"bci80103",58,"Film - BW IR",1980,7200,305,2195,-0.3,550.2,FALSE,"reported"
1520290,"bci80103",59,"Film - BW IR",1980,7200,305,2195,-0.3,549.9,FALSE,"reported"
1520291,"bci80103",60,"Film - BW IR",1980,7200,305,2195,-0.3,549.9,FALSE,"reported"
1520292,"bci80103",61,"Film - BW IR",1980,7200,305,2195,-0.3,549.9,FALSE,"reported"
1520293,"bci80103",62,"Film - BW IR",1980,7200,305,2195,-0.3,549.8,FALSE,"reported"
1520294,"bci80103",63,"Film - BW IR",1980,7200,305,2195,-0.3,549.8,FALSE,"reported"
1520295,"bci80103",64,"Film - BW IR",1980,7200,305,2195,-0.4,549.8,FALSE,"reported"
1520296,"bci80103",65,"Film - BW IR",1980,7200,305,2195,-0.4,549.8,FALSE,"reported"
1520297,"bci80103",66,"Film - BW IR",1980,7200,305,2195,-0.4,549.8,FALSE,"reported"
1520298,"bci80103",67,"Film - BW IR",1980,7200,305,2195,-0.4,549.7,FALSE,"reported"
1520299,"bci80103",68,"Film - BW IR",1980,7200,305,2195,-0.3,549.7,FALSE,"reported"
1520300,"bci80103",69,"Film - BW IR",1980,7200,305,2195,-0.3,549.7,FALSE,"reported"
1520301,"bci80103",70,"Film - BW IR",1980,7200,305,2195,-0.2,549.7,FALSE,"reported"
1520302,"bci80103",71,"Film - BW IR",1980,7200,305,2195,-0.2,549.4,FALSE,"reported"
1520303,"bci80103",72,"Film - BW IR",1980,7200,305,2195,-0.1,549.4,FALSE,"reported"
1520042,"bci9",1,"Film - Colour IR",1976,15000,305,5944,973.7,1366.7,FALSE,"reported"
1520043,"bci9",2,"Film - Colour IR",1976,15000,305,5944,858.6,1365.6,FALSE,"reported"
1520044,"bci9",3,"Film - Colour IR",1976,15000,305,5944,884.6,1365.6,FALSE,"reported"
1520045,"bci9",4,"Film - Colour IR",1976,15000,305,5944,947.2,1364.5,FALSE,"reported"
1520046,"bci9",5,"Film - Colour IR",1976,15000,305,5944,993.8,1364.5,FALSE,"reported"
1520047,"bci9",6,"Film - Colour IR",1976,15000,305,5944,986.7,1367.7,FALSE,"reported"
1520048,"bci9",7,"Film - Colour IR",1976,15000,305,5944,1036.5,1551.8,FALSE,"reported"
1520049,"bci9",8,"Film - Colour IR",1976,15000,305,5944,1058.7,1548.5,FALSE,"reported"
1520050,"bci9",9,"Film - Colour IR",1976,15000,305,5944,999.8,1548.3,FALSE,"reported"
1520051,"bci9",10,"Film - Colour IR",1976,15000,305,5944,934.7,1548.3,FALSE,"reported"
1520052,"bci9",11,"Film - Colour IR",1976,15000,305,5944,903.7,1548.5,FALSE,"reported"
1520017,"bci9",12,"Film - Colour IR",1976,8000,305,5944,850.5,1176,FALSE,"outside_band"
1520018,"bci9",13,"Film - Colour IR",1976,8000,305,5944,803.5,1170.4,FALSE,"outside_band"
1520019,"bci9",14,"Film - Colour IR",1976,8000,305,5944,796,1170.4,FALSE,"outside_band"
1520020,"bci9",15,"Film - Colour IR",1976,8000,305,5944,765.7,1169.6,FALSE,"outside_band"
1520021,"bci9",16,"Film - Colour IR",1976,8000,305,5944,770.6,1169.6,FALSE,"outside_band"
1520022,"bci9",17,"Film - Colour IR",1976,8000,305,5944,739.5,1169.6,FALSE,"outside_band"
1520023,"bci9",18,"Film - Colour IR",1976,8000,305,5944,846.2,1169.7,FALSE,"outside_band"
1520024,"bci9",19,"Film - Colour IR",1976,8000,305,5944,1081.1,1169.7,FALSE,"outside_band"
1520036,"bci9",20,"Film - Colour IR",1976,8000,305,5944,990.5,1525.7,FALSE,"outside_band"
1520037,"bci9",21,"Film - Colour IR",1976,8000,305,5944,1109.1,1522,FALSE,"outside_band"
1520038,"bci9",22,"Film - Colour IR",1976,8000,305,5944,1187.1,1522,FALSE,"outside_band"
1520039,"bci9",23,"Film - Colour IR",1976,8000,305,5944,1207.5,1524.5,FALSE,"outside_band"
1520040,"bci9",24,"Film - Colour IR",1976,8000,305,5944,1142.5,1524.5,FALSE,"outside_band"
1520041,"bci9",25,"Film - Colour IR",1976,8000,305,5944,1208.5,1526.3,FALSE,"outside_band"
1520025,"bci9",26,"Film - Colour IR",1976,8000,305,5944,752.9,1411.9,FALSE,"outside_band"
1520026,"bci9",27,"Film - Colour IR",1976,8000,305,5944,959.3,1411.8,FALSE,"outside_band"
1520027,"bci9",28,"Film - Colour IR",1976,8000,305,5944,989.7,1411.8,FALSE,"outside_band"
1520028,"bci9",29,"Film - Colour IR",1976,8000,305,5944,1085.4,1412.6,FALSE,"outside_band"
1520029,"bci9",30,"Film - Colour IR",1976,8000,305,5944,1098.4,1410.6,FALSE,"outside_band"
1520030,"bci9",31,"Film - Colour IR",1976,8000,305,5944,1170.5,1410.6,FALSE,"outside_band"
1520031,"bci9",32,"Film - Colour IR",1976,8000,305,5944,1205.3,1411.5,FALSE,"outside_band"
1520032,"bci9",33,"Film - Colour IR",1976,8000,305,5944,1085.1,1411.5,FALSE,"outside_band"
1520033,"bci9",34,"Film - Colour IR",1976,8000,305,5944,1006.3,1411.3,FALSE,"outside_band"
1520034,"bci9",35,"Film - Colour IR",1976,8000,305,5944,970,1411.3,FALSE,"outside_band"
1520035,"bci9",36,"Film - Colour IR",1976,8000,305,5944,820.1,1424.4,FALSE,"outside_band"
1519939,"bci9",37,"Film - Colour IR",1976,15840,305,5944,991.1,1476.5,FALSE,"reported"
1519940,"bci9",38,"Film - Colour IR",1976,15840,305,5944,901.7,1473.4,FALSE,"reported"
1519941,"bci9",39,"Film - Colour IR",1976,15840,305,5944,891,1472.6,FALSE,"reported"
1519942,"bci9",40,"Film - Colour IR",1976,15840,305,5944,867.2,1472.6,FALSE,"reported"
1519943,"bci9",41,"Film - Colour IR",1976,15840,305,5944,862,1473.6,FALSE,"reported"
1519944,"bci9",42,"Film - Colour IR",1976,15840,305,5944,890.7,1473.8,FALSE,"reported"
1519945,"bci9",43,"Film - Colour IR",1976,15840,305,5944,926.9,1473.8,FALSE,"reported"
1519946,"bci9",44,"Film - Colour IR",1976,15840,305,5944,941.6,1473,FALSE,"reported"
1519947,"bci9",45,"Film - Colour IR",1976,15840,305,5944,907.2,1473,FALSE,"reported"
1519948,"bci9",46,"Film - Colour IR",1976,15840,305,5944,870,1474.1,FALSE,"reported"
1519949,"bci9",47,"Film - Colour IR",1976,15840,305,5944,803,1475.1,FALSE,"reported"
1519904,"bci9",48,"Film - Colour IR",1976,15840,305,5944,1191,1457.3,FALSE,"reported"
1519905,"bci9",49,"Film - Colour IR",1976,15840,305,5944,1254.2,1453.1,FALSE,"reported"
1519906,"bci9",50,"Film - Colour IR",1976,15840,305,5944,1297.2,1453.1,FALSE,"reported"
1519907,"bci9",51,"Film - Colour IR",1976,15840,305,5944,1268.2,1452.9,FALSE,"reported"
1519908,"bci9",52,"Film - Colour IR",1976,15840,305,5944,1192.9,1452.9,FALSE,"reported"
1519909,"bci9",53,"Film - Colour IR",1976,15840,305,5944,1213.1,1455.4,FALSE,"reported"
1519910,"bci9",54,"Film - Colour IR",1976,15840,305,5944,1234.7,872.9,FALSE,"reported"
1519911,"bci9",55,"Film - Colour IR",1976,15840,305,5944,1216.5,869.1,FALSE,"reported"
1519912,"bci9",56,"Film - Colour IR",1976,15840,305,5944,1201.9,869.1,FALSE,"reported"
1519913,"bci9",57,"Film - Colour IR",1976,15840,305,5944,1186.8,869,FALSE,"reported"
1519914,"bci9",58,"Film - Colour IR",1976,15840,305,5944,1213.1,869,FALSE,"reported"
1519915,"bci9",59,"Film - Colour IR",1976,15840,305,5944,1280.1,871.8,FALSE,"reported"
1519916,"bci9",60,"Film - Colour IR",1976,15840,305,5944,1350.5,871.8,FALSE,"reported"
1519917,"bci9",61,"Film - Colour IR",1976,15840,305,5944,1399,873.7,FALSE,"reported"
1519918,"bci9",62,"Film - Colour IR",1976,15840,305,5944,1118.6,1203.9,FALSE,"reported"
1519919,"bci9",63,"Film - Colour IR",1976,15840,305,5944,1194.5,1202.1,FALSE,"reported"
1519920,"bci9",64,"Film - Colour IR",1976,15840,305,5944,1272.4,1202.1,FALSE,"reported"
1519921,"bci9",65,"Film - Colour IR",1976,15840,305,5944,1297.3,1198.1,FALSE,"reported"
1519922,"bci9",66,"Film - Colour IR",1976,15840,305,5944,1349.6,1198.1,FALSE,"reported"
1519923,"bci9",67,"Film - Colour IR",1976,15840,305,5944,1391.5,1198.2,FALSE,"reported"
1519924,"bci9",68,"Film - Colour IR",1976,15840,305,5944,1416.6,1198.2,FALSE,"reported"
1519925,"bci9",69,"Film - Colour IR",1976,15840,305,5944,1369.7,1203.3,FALSE,"reported"
1519926,"bci9",70,"Film - Colour IR",1976,15840,305,5944,1228.3,1257.6,FALSE,"reported"
1519927,"bci9",71,"Film - Colour IR",1976,15840,305,5944,1271.1,1253.6,FALSE,"reported"
1519928,"bci9",72,"Film - Colour IR",1976,15840,305,5944,1228.5,1253.6,FALSE,"reported"
1519929,"bci9",73,"Film - Colour IR",1976,15840,305,5944,1150.6,1253.5,FALSE,"reported"
1519930,"bci9",74,"Film - Colour IR",1976,15840,305,5944,1094.1,1253.5,FALSE,"reported"
1519931,"bci9",75,"Film - Colour IR",1976,15840,305,5944,1105.6,1252.4,FALSE,"reported"
1519932,"bci9",76,"Film - Colour IR",1976,15840,305,5944,1119.6,1252.4,FALSE,"reported"
1519933,"bci9",77,"Film - Colour IR",1976,15840,305,5944,1127.6,1253.3,FALSE,"reported"
1519934,"bci9",78,"Film - Colour IR",1976,15840,305,5944,1159.7,1253.3,FALSE,"reported"
1519935,"bci9",79,"Film - Colour IR",1976,15840,305,5944,1206.2,1256.1,FALSE,"reported"
1519936,"bci9",80,"Film - Colour IR",1976,15840,305,5944,1304.7,1253.1,FALSE,"reported"
1519937,"bci9",81,"Film - Colour IR",1976,15840,305,5944,1376.6,1253.1,FALSE,"reported"
1519938,"bci9",82,"Film - Colour IR",1976,15840,305,5944,1391.9,1267.4,FALSE,"reported"
1519886,"bci9",83,"Film - Colour IR",1976,15840,305,5944,1373,1426.4,FALSE,"reported"
1519887,"bci9",84,"Film - Colour IR",1976,15840,305,5944,1243.7,1417.8,FALSE,"reported"
1519888,"bci9",85,"Film - Colour IR",1976,15840,305,5944,1202.1,1417.8,FALSE,"reported"
1519889,"bci9",86,"Film - Colour IR",1976,15840,305,5944,1271.7,1414.8,FALSE,"reported"
1519890,"bci9",87,"Film - Colour IR",1976,15840,305,5944,1322.2,1414.8,FALSE,"reported"
1519891,"bci9",88,"Film - Colour IR",1976,15840,305,5944,1328.2,1418.9,FALSE,"reported"
1519892,"bci9",89,"Film - Colour IR",1976,15840,305,5944,1357.6,1415.1,FALSE,"reported"
1519893,"bci9",90,"Film - Colour IR",1976,15840,305,5944,1383.3,1415.1,FALSE,"reported"
1519894,"bci9",91,"Film - Colour IR",1976,15840,305,5944,1337.5,1416.2,FALSE,"reported"
1519895,"bci9",92,"Film - Colour IR",1976,15840,305,5944,1244.9,1416.2,FALSE,"reported"
1519896,"bci9",93,"Film - Colour IR",1976,15840,305,5944,1187,1266.2,FALSE,"reported"
1519897,"bci9",94,"Film - Colour IR",1976,15840,305,5944,1225.6,1266.2,FALSE,"reported"
1519898,"bci9",95,"Film - Colour IR",1976,15840,305,5944,1297.4,1266,FALSE,"reported"
1519899,"bci9",96,"Film - Colour IR",1976,15840,305,5944,1368.4,1266,FALSE,"reported"
1519900,"bci9",97,"Film - Colour IR",1976,15840,305,5944,1381.4,1265.9,FALSE,"reported"
1519901,"bci9",98,"Film - Colour IR",1976,15840,305,5944,1351.4,1265.9,FALSE,"reported"
1519902,"bci9",99,"Film - Colour IR",1976,15840,305,5944,1327.4,1269.1,FALSE,"reported"
1519903,"bci9",100,"Film - Colour IR",1976,15840,305,5944,1322.5,1274.5,FALSE,"reported"
1519868,"bci9",101,"Film - Colour IR",1976,15840,305,5898,1337.4,1471.7,FALSE,"reported"
1519869,"bci9",102,"Film - Colour IR",1976,15840,305,5898,1244.6,1470.6,FALSE,"reported"
1519870,"bci9",103,"Film - Colour IR",1976,15840,305,5898,1169.5,1470.5,FALSE,"reported"
1519871,"bci9",104,"Film - Colour IR",1976,15840,305,5898,1073.2,1470.5,FALSE,"reported"
1519872,"bci9",105,"Film - Colour IR",1976,15840,305,5898,972.3,1470.5,FALSE,"reported"
1519873,"bci9",106,"Film - Colour IR",1976,15840,305,5898,957.3,1470.5,FALSE,"reported"
1519882,"bci9",107,"Film - Colour IR",1976,15840,305,5898,1079.6,1213.1,FALSE,"reported"
1519883,"bci9",108,"Film - Colour IR",1976,15840,305,5898,1049.8,1213.1,FALSE,"reported"
1519884,"bci9",109,"Film - Colour IR",1976,15840,305,5898,1003,1214.3,FALSE,"reported"
1519885,"bci9",110,"Film - Colour IR",1976,15840,305,5898,1004.2,1214.3,FALSE,"reported"
1519874,"bci9",111,"Film - Colour IR",1976,15840,305,5898,984.2,1427.6,FALSE,"reported"
1519875,"bci9",112,"Film - Colour IR",1976,15840,305,5898,944.5,1422,FALSE,"reported"
1519876,"bci9",113,"Film - Colour IR",1976,15840,305,5898,934.5,1422,FALSE,"reported"
1519877,"bci9",114,"Film - Colour IR",1976,15840,305,5898,899.6,1422,FALSE,"reported"
1519878,"bci9",115,"Film - Colour IR",1976,15840,305,5898,879.3,1421.9,FALSE,"reported"
1519879,"bci9",116,"Film - Colour IR",1976,15840,305,5898,893.7,1421.9,FALSE,"reported"
1519880,"bci9",117,"Film - Colour IR",1976,15840,305,5898,892.7,1421.9,FALSE,"reported"
1519881,"bci9",118,"Film - Colour IR",1976,15840,305,5898,882.4,1421.9,FALSE,"reported"
1520843,"bci93044",1,"Film - BW IR",1993,7200,305,2195,0.2,674.8,FALSE,"reported"
1520844,"bci93044",2,"Film - BW IR",1993,7200,305,2195,0.9,674.8,FALSE,"reported"
1520845,"bci93044",3,"Film - BW IR",1993,7200,305,2195,1.5,676.7,FALSE,"reported"
1520846,"bci93044",4,"Film - BW IR",1993,7200,305,2195,1.8,449.3,FALSE,"reported"
1520847,"bci93044",5,"Film - BW IR",1993,7200,305,2195,2,449.3,FALSE,"reported"
1520848,"bci93044",6,"Film - BW IR",1993,7200,305,2195,4.3,583.2,FALSE,"reported"
1520849,"bci93044",7,"Film - BW IR",1993,7200,305,2195,7.6,599.8,FALSE,"reported"
1520850,"bci93044",8,"Film - BW IR",1993,7200,305,2195,10,600.8,FALSE,"reported"
1520851,"bci93044",9,"Film - BW IR",1993,7200,305,2195,11.9,581.1,FALSE,"reported"
1520852,"bci93044",10,"Film - BW IR",1993,7200,305,2195,13.9,581.1,FALSE,"reported"
1520853,"bci93044",11,"Film - BW IR",1993,7200,305,2195,16,583.2,FALSE,"reported"
1520854,"bci93044",12,"Film - BW IR",1993,7200,305,2195,15.9,599.8,FALSE,"reported"
1520855,"bci93044",13,"Film - BW IR",1993,7200,305,2195,12.2,600,FALSE,"reported"
1520856,"bci93044",14,"Film - BW IR",1993,7200,305,2195,7.4,733.9,FALSE,"reported"
1520857,"bci93044",15,"Film - BW IR",1993,7200,305,2195,4.5,299.6,FALSE,"reported"
1520858,"bci93044",16,"Film - BW IR",1993,7200,305,2195,3.9,240.1,FALSE,"reported"
1520859,"bci93044",17,"Film - BW IR",1993,7200,305,2195,3.2,240.1,FALSE,"reported"
1520860,"bci93044",18,"Film - BW IR",1993,7200,305,2195,1.6,640.4,FALSE,"reported"
1520861,"bci93044",19,"Film - BW IR",1993,7200,305,2195,1.6,640.4,FALSE,"reported"
1520862,"bci93044",20,"Film - BW IR",1993,7200,305,2195,0.8,600.9,FALSE,"reported"
1520863,"bci93044",21,"Film - BW IR",1993,7200,305,2195,0.2,434.8,FALSE,"reported"
1520864,"bci93044",22,"Film - BW IR",1993,7200,305,2195,0.2,434.8,FALSE,"reported"
1520865,"bci93044",23,"Film - BW IR",1993,7200,305,2195,0.1,583.2,FALSE,"reported"
1520866,"bci93044",24,"Film - BW IR",1993,7200,305,2195,0.1,583.2,FALSE,"reported"
1520867,"bci93044",25,"Film - BW IR",1993,7200,305,2195,0.1,432.4,FALSE,"reported"
1520868,"bci93044",26,"Film - BW IR",1993,7200,305,2195,0.1,432.4,FALSE,"reported"
1520869,"bci93044",27,"Film - BW IR",1993,7200,305,2195,0.1,750.6,FALSE,"reported"
1520870,"bci93044",28,"Film - BW IR",1993,7200,305,2195,0,600.8,FALSE,"reported"
1520871,"bci93044",29,"Film - BW IR",1993,7200,305,2195,0,487.5,FALSE,"reported"
1520872,"bci93044",30,"Film - BW IR",1993,7200,305,2195,0,487.5,FALSE,"reported"
1520873,"bci93044",31,"Film - BW IR",1993,7200,305,2195,0,676.7,FALSE,"reported"
1520906,"bci93044",32,"Film - BW IR",1993,7200,305,2195,0.2,638.3,FALSE,"reported"
1520907,"bci93044",33,"Film - BW IR",1993,7200,305,2195,1.3,603,FALSE,"reported"
1520908,"bci93044",34,"Film - BW IR",1993,7200,305,2195,3.3,603,FALSE,"reported"
1520909,"bci93044",35,"Film - BW IR",1993,7200,305,2195,6.6,582.1,FALSE,"reported"
1520910,"bci93044",36,"Film - BW IR",1993,7200,305,2195,6.6,582.1,FALSE,"reported"
1520911,"bci93044",37,"Film - BW IR",1993,7200,305,2195,3.9,430.5,FALSE,"reported"
1520912,"bci93044",38,"Film - BW IR",1993,7200,305,2195,2.3,430.5,FALSE,"reported"
1520913,"bci93044",39,"Film - BW IR",1993,7200,305,2195,1.9,584.3,FALSE,"reported"
1520914,"bci93044",40,"Film - BW IR",1993,7200,305,2195,4.4,584.3,FALSE,"reported"
1520915,"bci93044",41,"Film - BW IR",1993,7200,305,2195,6.7,451.1,FALSE,"reported"
1520916,"bci93044",42,"Film - BW IR",1993,7200,305,2195,6.1,451.1,FALSE,"reported"
1520917,"bci93044",43,"Film - BW IR",1993,7200,305,2195,3,620.6,FALSE,"reported"
1520918,"bci93044",44,"Film - BW IR",1993,7200,305,2195,1.4,601.9,FALSE,"reported"
1520919,"bci93044",45,"Film - BW IR",1993,7200,305,2195,0.8,582.1,FALSE,"reported"
1520920,"bci93044",46,"Film - BW IR",1993,7200,305,2195,0.3,582.1,FALSE,"reported"
1520921,"bci93044",47,"Film - BW IR",1993,7200,305,2195,1,451.1,FALSE,"reported"
1520922,"bci93044",48,"Film - BW IR",1993,7200,305,2195,0.9,451.1,FALSE,"reported"
1520923,"bci93044",49,"Film - BW IR",1993,7200,305,2195,1.3,525.1,FALSE,"reported"
1520924,"bci93044",50,"Film - BW IR",1993,7200,305,2195,1.7,525.1,FALSE,"reported"
1520925,"bci93044",51,"Film - BW IR",1993,7200,305,2195,1.8,637.2,FALSE,"reported"
1520926,"bci93044",52,"Film - BW IR",1993,7200,305,2195,0.9,731.8,FALSE,"reported"
1520927,"bci93044",53,"Film - BW IR",1993,7200,305,2195,0.1,451.1,FALSE,"reported"
1520928,"bci93044",54,"Film - BW IR",1993,7200,305,2195,0.1,451.1,FALSE,"reported"
1520929,"bci93044",55,"Film - BW IR",1993,7200,305,2195,0.1,599.8,FALSE,"reported"
1520930,"bci93044",56,"Film - BW IR",1993,7200,305,2195,0,599.8,FALSE,"reported"
1520931,"bci93044",57,"Film - BW IR",1993,7200,305,2195,0,432.4,FALSE,"reported"
1520932,"bci93044",58,"Film - BW IR",1993,7200,305,2195,0,432.4,FALSE,"reported"
1520933,"bci93044",59,"Film - BW IR",1993,7200,305,2195,0,600.8,FALSE,"reported"
1520934,"bci93044",60,"Film - BW IR",1993,7200,305,2195,0,600.8,FALSE,"reported"
1520824,"bci93044",61,"Film - BW IR",1993,7200,305,2195,0.1,580.4,FALSE,"reported"
1520825,"bci93044",62,"Film - BW IR",1993,7200,305,2195,0.1,580.4,FALSE,"reported"
1520826,"bci93044",63,"Film - BW IR",1993,7200,305,2195,0.3,560.4,FALSE,"reported"
1520827,"bci93044",64,"Film - BW IR",1993,7200,305,2195,2.1,560.4,FALSE,"reported"
1520828,"bci93044",65,"Film - BW IR",1993,7200,305,2195,4.1,582.2,FALSE,"reported"
1520829,"bci93044",66,"Film - BW IR",1993,7200,305,2195,3.9,570.9,FALSE,"reported"
1520830,"bci93044",67,"Film - BW IR",1993,7200,305,2195,2.9,541.9,FALSE,"reported"
1520831,"bci93044",68,"Film - BW IR",1993,7200,305,2195,2.9,541.9,FALSE,"reported"
1520832,"bci93044",69,"Film - BW IR",1993,7200,305,2195,3.9,564.4,FALSE,"reported"
1520833,"bci93044",70,"Film - BW IR",1993,7200,305,2195,4.4,543.9,FALSE,"reported"
1520834,"bci93044",71,"Film - BW IR",1993,7200,305,2195,4.6,543.9,FALSE,"reported"
1520835,"bci93044",72,"Film - BW IR",1993,7200,305,2195,6.2,691.2,FALSE,"reported"
1520836,"bci93044",73,"Film - BW IR",1993,7200,305,2195,4.8,447.2,FALSE,"reported"
1520837,"bci93044",74,"Film - BW IR",1993,7200,305,2195,3.5,447.2,FALSE,"reported"
1520838,"bci93044",75,"Film - BW IR",1993,7200,305,2195,1.1,616.2,FALSE,"reported"
1520839,"bci93044",76,"Film - BW IR",1993,7200,305,2195,0.1,542.3,FALSE,"reported"
1520840,"bci93044",77,"Film - BW IR",1993,7200,305,2195,0.1,542.3,FALSE,"reported"
1520841,"bci93044",78,"Film - BW IR",1993,7200,305,2195,0.1,560.1,FALSE,"reported"
1520842,"bci93044",79,"Film - BW IR",1993,7200,305,2195,0.1,560.1,FALSE,"reported"
1520809,"bci93044",80,"Film - BW IR",1993,7200,305,2195,0.2,675.7,FALSE,"reported"
1520810,"bci93044",81,"Film - BW IR",1993,7200,305,2195,0.3,583.2,FALSE,"reported"
1520811,"bci93044",82,"Film - BW IR",1993,7200,305,2195,1.1,583.2,FALSE,"reported"
1520812,"bci93044",83,"Film - BW IR",1993,7200,305,2195,2.2,619.5,FALSE,"reported"
1520813,"bci93044",84,"Film - BW IR",1993,7200,305,2195,2.1,583.2,FALSE,"reported"
1520814,"bci93044",85,"Film - BW IR",1993,7200,305,2195,1.3,583.2,FALSE,"reported"
1520815,"bci93044",86,"Film - BW IR",1993,7200,305,2195,0.6,637.2,FALSE,"reported"
1520816,"bci93044",87,"Film - BW IR",1993,7200,305,2195,0.3,583.2,FALSE,"reported"
1520817,"bci93044",88,"Film - BW IR",1993,7200,305,2195,0.5,582.2,FALSE,"reported"
1520818,"bci93044",89,"Film - BW IR",1993,7200,305,2195,1,582.2,FALSE,"reported"
1520819,"bci93044",90,"Film - BW IR",1993,7200,305,2195,0.5,581,FALSE,"reported"
1520820,"bci93044",91,"Film - BW IR",1993,7200,305,2195,0.2,489.6,FALSE,"reported"
1520821,"bci93044",92,"Film - BW IR",1993,7200,305,2195,0.1,489.6,FALSE,"reported"
1520822,"bci93044",93,"Film - BW IR",1993,7200,305,2195,0.1,731.8,FALSE,"reported"
1520823,"bci93044",94,"Film - BW IR",1993,7200,305,2195,0.1,731.8,FALSE,"reported"
1520874,"bci93044",95,"Film - BW IR",1993,7200,305,2195,0,410.8,FALSE,"reported"
1520875,"bci93044",96,"Film - BW IR",1993,7200,305,2195,0,410.8,FALSE,"reported"
1520876,"bci93044",97,"Film - BW IR",1993,7200,305,2195,0,561.5,FALSE,"reported"
1520877,"bci93044",98,"Film - BW IR",1993,7200,305,2195,0,561.5,FALSE,"reported"
1520878,"bci93044",99,"Film - BW IR",1993,7200,305,2195,0,563.4,FALSE,"reported"
1520879,"bci93044",100,"Film - BW IR",1993,7200,305,2195,0.1,561.3,FALSE,"reported"
1520880,"bci93044",101,"Film - BW IR",1993,7200,305,2195,0.1,561.3,FALSE,"reported"
1520881,"bci93044",102,"Film - BW IR",1993,7200,305,2195,0.1,619.7,FALSE,"reported"
1520882,"bci93044",103,"Film - BW IR",1993,7200,305,2195,0.1,580.4,FALSE,"reported"
1520883,"bci93044",104,"Film - BW IR",1993,7200,305,2195,0.1,580.4,FALSE,"reported"
1520884,"bci93044",105,"Film - BW IR",1993,7200,305,2195,0.6,562.4,FALSE,"reported"
1520885,"bci93044",106,"Film - BW IR",1993,7200,305,2195,1.9,562.4,FALSE,"reported"
1520886,"bci93044",107,"Film - BW IR",1993,7200,305,2195,4,563.4,FALSE,"reported"
1520887,"bci93044",108,"Film - BW IR",1993,7200,305,2195,4.1,561.6,FALSE,"reported"
1520888,"bci93044",109,"Film - BW IR",1993,7200,305,2195,4.8,561.6,FALSE,"reported"
1520889,"bci93044",110,"Film - BW IR",1993,7200,305,2195,5.1,566.8,FALSE,"reported"
1520890,"bci93044",111,"Film - BW IR",1993,7200,305,2195,3.4,564.4,FALSE,"reported"
1520891,"bci93044",112,"Film - BW IR",1993,7200,305,2195,2.5,564.4,FALSE,"reported"
1520892,"bci93044",113,"Film - BW IR",1993,7200,305,2195,5.6,697.7,FALSE,"reported"
1520893,"bci93044",114,"Film - BW IR",1993,7200,305,2195,11.6,453.4,FALSE,"reported"
1520894,"bci93044",115,"Film - BW IR",1993,7200,305,2195,15.2,453.4,FALSE,"reported"
1520895,"bci93044",116,"Film - BW IR",1993,7200,305,2195,20.6,546.8,FALSE,"reported"
1520896,"bci93044",117,"Film - BW IR",1993,7200,305,2195,21.1,546.8,FALSE,"reported"
1520897,"bci93044",118,"Film - BW IR",1993,7200,305,2195,17.3,563.4,FALSE,"reported"
1520898,"bci93044",119,"Film - BW IR",1993,7200,305,2195,14.6,563.4,FALSE,"reported"
1520899,"bci93044",120,"Film - BW IR",1993,7200,305,2195,12.9,563.4,FALSE,"reported"
1520900,"bci93044",121,"Film - BW IR",1993,7200,305,2195,13.1,581.1,FALSE,"reported"
1520901,"bci93044",122,"Film - BW IR",1993,7200,305,2195,11.6,561.6,FALSE,"reported"
1520902,"bci93044",123,"Film - BW IR",1993,7200,305,2195,9.9,561.6,FALSE,"reported"
1520903,"bci93044",124,"Film - BW IR",1993,7200,305,2195,6.3,598.9,FALSE,"reported"
1520904,"bci93044",125,"Film - BW IR",1993,7200,305,2195,2.6,600.8,FALSE,"reported"
1520905,"bci93044",126,"Film - BW IR",1993,7200,305,2195,0.4,600.8,FALSE,"reported"
1520607,"bci93044",127,"Film - BW IR",1993,7200,305,2195,28.2,629.8,FALSE,"reported"
1520608,"bci93044",128,"Film - BW IR",1993,7200,305,2195,31,629.8,FALSE,"reported"
1520609,"bci93044",129,"Film - BW IR",1993,7200,305,2195,25.5,440.3,FALSE,"reported"
1520610,"bci93044",130,"Film - BW IR",1993,7200,305,2195,20.3,440.3,FALSE,"reported"
1520611,"bci93044",131,"Film - BW IR",1993,7200,305,2195,10.8,611.4,FALSE,"reported"
1520612,"bci93044",132,"Film - BW IR",1993,7200,305,2195,12.5,611.4,FALSE,"reported"
1520613,"bci93044",133,"Film - BW IR",1993,7200,305,2195,18.7,653.9,FALSE,"reported"
1520614,"bci93044",134,"Film - BW IR",1993,7200,305,2195,16.9,572.4,FALSE,"reported"
1520615,"bci93044",135,"Film - BW IR",1993,7200,305,2195,13.4,572.4,FALSE,"reported"
1520616,"bci93044",136,"Film - BW IR",1993,7200,305,2195,8.1,574.1,FALSE,"reported"
1520617,"bci93044",137,"Film - BW IR",1993,7200,305,2195,7.9,574.1,FALSE,"reported"
1520618,"bci93044",138,"Film - BW IR",1993,7200,305,2195,6.3,592.5,FALSE,"reported"
1520619,"bci93044",139,"Film - BW IR",1993,7200,305,2195,6.1,650.4,FALSE,"reported"
1520620,"bci93044",140,"Film - BW IR",1993,7200,305,2195,0.3,836,FALSE,"reported"
1520621,"bci93044",141,"Film - BW IR",1993,7200,305,2195,1.2,544.6,FALSE,"reported"
1520622,"bci93044",142,"Film - BW IR",1993,7200,305,2195,4.6,544.6,FALSE,"reported"
1520623,"bci93044",143,"Film - BW IR",1993,7200,305,2195,13.5,570.9,FALSE,"reported"
1520624,"bci93044",144,"Film - BW IR",1993,7200,305,2195,22.7,570.9,FALSE,"reported"
1520625,"bci93044",145,"Film - BW IR",1993,7200,305,2195,39.5,591.4,FALSE,"reported"
1520626,"bci93044",146,"Film - BW IR",1993,7200,305,2195,52.1,619.6,FALSE,"reported"
1520627,"bci93044",147,"Film - BW IR",1993,7200,305,2195,34.6,557.4,FALSE,"reported"
1520628,"bci93044",148,"Film - BW IR",1993,7200,305,2195,17.1,557.4,FALSE,"reported"
1520629,"bci93044",149,"Film - BW IR",1993,7200,305,2195,0.2,561.2,FALSE,"reported"
1520630,"bci93044",150,"Film - BW IR",1993,7200,305,2195,0,561.2,FALSE,"reported"
1520667,"bci93045",1,"Film - BW IR",1993,7200,305,2195,50,774.4,FALSE,"reported"
1520668,"bci93045",2,"Film - BW IR",1993,7200,305,2195,73.4,566.1,FALSE,"reported"
1520669,"bci93045",3,"Film - BW IR",1993,7200,305,2195,62.4,566.1,FALSE,"reported"
1520670,"bci93045",4,"Film - BW IR",1993,7200,305,2195,39.6,587.2,FALSE,"reported"
1520671,"bci93045",5,"Film - BW IR",1993,7200,305,2195,13.7,521.3,FALSE,"reported"
1520672,"bci93045",6,"Film - BW IR",1993,7200,305,2195,4,514.7,FALSE,"reported"
1520673,"bci93045",7,"Film - BW IR",1993,7200,305,2195,5.1,514.7,FALSE,"reported"
1520674,"bci93045",8,"Film - BW IR",1993,7200,305,2195,27.2,626.6,FALSE,"reported"
1520675,"bci93045",9,"Film - BW IR",1993,7200,305,2195,50.2,409.6,FALSE,"reported"
1520676,"bci93045",10,"Film - BW IR",1993,7200,305,2195,45.8,409.6,FALSE,"reported"
1520677,"bci93045",11,"Film - BW IR",1993,7200,305,2195,44.8,530.5,FALSE,"reported"
1520678,"bci93045",12,"Film - BW IR",1993,7200,305,2195,32.8,602,FALSE,"reported"
1520679,"bci93045",13,"Film - BW IR",1993,7200,305,2195,25.5,587.5,FALSE,"reported"
1520680,"bci93045",14,"Film - BW IR",1993,7200,305,2195,11.9,575.4,FALSE,"reported"
1520681,"bci93045",15,"Film - BW IR",1993,7200,305,2195,3.3,569.4,FALSE,"reported"
1520682,"bci93045",16,"Film - BW IR",1993,7200,305,2195,0.6,569.4,FALSE,"reported"
1520683,"bci93045",17,"Film - BW IR",1993,7200,305,2195,0.2,587,FALSE,"reported"
1520684,"bci93045",18,"Film - BW IR",1993,7200,305,2195,0.1,567.1,FALSE,"reported"
1520685,"bci93045",19,"Film - BW IR",1993,7200,305,2195,0.1,567.1,FALSE,"reported"
1520648,"bci93045",20,"Film - BW IR",1993,7200,305,2195,0.1,587.7,FALSE,"reported"
1520649,"bci93045",21,"Film - BW IR",1993,7200,305,2195,0.1,452,FALSE,"reported"
1520650,"bci93045",22,"Film - BW IR",1993,7200,305,2195,0.1,452,FALSE,"reported"
1520651,"bci93045",23,"Film - BW IR",1993,7200,305,2195,0.1,627,FALSE,"reported"
1520652,"bci93045",24,"Film - BW IR",1993,7200,305,2195,0.1,627,FALSE,"reported"
1520653,"bci93045",25,"Film - BW IR",1993,7200,305,2195,0.2,590.3,FALSE,"reported"
1520654,"bci93045",26,"Film - BW IR",1993,7200,305,2195,0.5,590.3,FALSE,"reported"
1520655,"bci93045",27,"Film - BW IR",1993,7200,305,2195,0.5,440,FALSE,"reported"
1520656,"bci93045",28,"Film - BW IR",1993,7200,305,2195,0.5,440,FALSE,"reported"
1520657,"bci93045",29,"Film - BW IR",1993,7200,305,2195,4.3,434,FALSE,"reported"
1520658,"bci93045",30,"Film - BW IR",1993,7200,305,2195,5,434,FALSE,"reported"
1520631,"bci93045",31,"Film - BW IR",1993,7200,305,2195,0.1,626.6,FALSE,"reported"
1520632,"bci93045",32,"Film - BW IR",1993,7200,305,2195,5.4,581.2,FALSE,"reported"
1520633,"bci93045",33,"Film - BW IR",1993,7200,305,2195,11.2,581.2,FALSE,"reported"
1520634,"bci93045",34,"Film - BW IR",1993,7200,305,2195,18,605.6,FALSE,"reported"
1520635,"bci93045",35,"Film - BW IR",1993,7200,305,2195,16.6,605.6,FALSE,"reported"
1520636,"bci93045",36,"Film - BW IR",1993,7200,305,2195,10.8,430.6,FALSE,"reported"
1520637,"bci93045",37,"Film - BW IR",1993,7200,305,2195,6.3,430.6,FALSE,"reported"
1520638,"bci93045",38,"Film - BW IR",1993,7200,305,2195,1,614.2,FALSE,"reported"
1520639,"bci93045",39,"Film - BW IR",1993,7200,305,2195,0.1,509.3,FALSE,"reported"
1520640,"bci93045",40,"Film - BW IR",1993,7200,305,2195,0.1,509.3,FALSE,"reported"
1520641,"bci93045",41,"Film - BW IR",1993,7200,305,2195,0.2,614.8,FALSE,"reported"
1520642,"bci93045",42,"Film - BW IR",1993,7200,305,2195,0.5,614.8,FALSE,"reported"
1520643,"bci93045",43,"Film - BW IR",1993,7200,305,2195,0.6,578.9,FALSE,"reported"
1520644,"bci93045",44,"Film - BW IR",1993,7200,305,2195,0.3,560.5,FALSE,"reported"
1520645,"bci93045",45,"Film - BW IR",1993,7200,305,2195,0.2,560.5,FALSE,"reported"
1520646,"bci93045",46,"Film - BW IR",1993,7200,305,2195,0.1,614.9,FALSE,"reported"
1520647,"bci93045",47,"Film - BW IR",1993,7200,305,2195,0.1,715,FALSE,"reported"
1520686,"bci93045",48,"Film - BW IR",1993,7200,305,2195,0.1,723.2,FALSE,"reported"
1520687,"bci93045",49,"Film - BW IR",1993,7200,305,2195,0.4,620.7,FALSE,"reported"
1520688,"bci93045",50,"Film - BW IR",1993,7200,305,2195,5.3,587.4,FALSE,"reported"
1520689,"bci93045",51,"Film - BW IR",1993,7200,305,2195,20.8,575.3,FALSE,"reported"
1520690,"bci93045",52,"Film - BW IR",1993,7200,305,2195,46.4,575.3,FALSE,"reported"
1520691,"bci93045",53,"Film - BW IR",1993,7200,305,2195,52,596,FALSE,"reported"
1520692,"bci93045",54,"Film - BW IR",1993,7200,305,2195,10.3,579,FALSE,"reported"
1520693,"bci93045",55,"Film - BW IR",1993,7200,305,2195,3.3,442.7,FALSE,"reported"
1520694,"bci93045",56,"Film - BW IR",1993,7200,305,2195,2.1,442.7,FALSE,"reported"
1520695,"bci93045",57,"Film - BW IR",1993,7200,305,2195,0.9,617.8,FALSE,"reported"
1520659,"bci93045",58,"Film - BW IR",1993,7200,305,2195,0.7,732.2,FALSE,"reported"
1520660,"bci93045",59,"Film - BW IR",1993,7200,305,2195,2.6,732.2,FALSE,"reported"
1520661,"bci93045",60,"Film - BW IR",1993,7200,305,2195,0.4,629.4,FALSE,"reported"
1520662,"bci93045",61,"Film - BW IR",1993,7200,305,2195,0.3,611.6,FALSE,"reported"
1520663,"bci93045",62,"Film - BW IR",1993,7200,305,2195,10.8,600.4,FALSE,"reported"
1520664,"bci93045",63,"Film - BW IR",1993,7200,305,2195,25.8,572.2,FALSE,"reported"
1520665,"bci93045",64,"Film - BW IR",1993,7200,305,2195,38.4,572.2,FALSE,"reported"
1520666,"bci93045",65,"Film - BW IR",1993,7200,305,2195,51,600.3,FALSE,"reported"
1520744,"bci93045",66,"Film - BW IR",1993,7200,305,2195,0.1,598.9,FALSE,"reported"
1520745,"bci93045",67,"Film - BW IR",1993,7200,305,2195,0.8,598.9,FALSE,"reported"
1520746,"bci93045",68,"Film - BW IR",1993,7200,305,2195,1.4,576.3,FALSE,"reported"
1520747,"bci93045",69,"Film - BW IR",1993,7200,305,2195,1.3,576.3,FALSE,"reported"
1520748,"bci93045",70,"Film - BW IR",1993,7200,305,2195,0.3,581.3,FALSE,"reported"
1520749,"bci93045",71,"Film - BW IR",1993,7200,305,2195,0.1,583.9,FALSE,"reported"
1520750,"bci93045",72,"Film - BW IR",1993,7200,305,2195,0.1,583.9,FALSE,"reported"
1520736,"bci93045",73,"Film - BW IR",1993,7200,305,2195,0.2,717.7,FALSE,"reported"
1520737,"bci93045",74,"Film - BW IR",1993,7200,305,2195,0.2,585,FALSE,"reported"
1520738,"bci93045",75,"Film - BW IR",1993,7200,305,2195,0.7,585,FALSE,"reported"
1520739,"bci93045",76,"Film - BW IR",1993,7200,305,2195,0.9,586.6,FALSE,"reported"
1520740,"bci93045",77,"Film - BW IR",1993,7200,305,2195,0.8,564.8,FALSE,"reported"
1520741,"bci93045",78,"Film - BW IR",1993,7200,305,2195,0.6,564.8,FALSE,"reported"
1520742,"bci93045",79,"Film - BW IR",1993,7200,305,2195,1.1,567.5,FALSE,"reported"
1520743,"bci93045",80,"Film - BW IR",1993,7200,305,2195,0.3,586.6,FALSE,"reported"
1520721,"bci93045",81,"Film - BW IR",1993,7200,305,2195,0.1,733.6,FALSE,"reported"
1520722,"bci93045",82,"Film - BW IR",1993,7200,305,2195,0.1,438.4,FALSE,"reported"
1520723,"bci93045",83,"Film - BW IR",1993,7200,305,2195,0.1,438.4,FALSE,"reported"
1520724,"bci93045",84,"Film - BW IR",1993,7200,305,2195,0.1,601.5,FALSE,"reported"
1520725,"bci93045",85,"Film - BW IR",1993,7200,305,2195,0.5,733,FALSE,"reported"
1520726,"bci93045",86,"Film - BW IR",1993,7200,305,2195,0.2,589.5,FALSE,"reported"
1520727,"bci93045",87,"Film - BW IR",1993,7200,305,2195,0.2,589.5,FALSE,"reported"
1520751,"bci93045",88,"Film - BW IR",1993,7200,305,2195,0.2,601.9,FALSE,"reported"
1520752,"bci93045",89,"Film - BW IR",1993,7200,305,2195,0.9,601.9,FALSE,"reported"
1520753,"bci93045",90,"Film - BW IR",1993,7200,305,2195,1.6,451.2,FALSE,"reported"
1520754,"bci93045",91,"Film - BW IR",1993,7200,305,2195,1.6,451.2,FALSE,"reported"
1520755,"bci93045",92,"Film - BW IR",1993,7200,305,2195,1.2,620.6,FALSE,"reported"
1520756,"bci93045",93,"Film - BW IR",1993,7200,305,2195,0.8,620.6,FALSE,"reported"
1520757,"bci93045",94,"Film - BW IR",1993,7200,305,2195,0.3,656,FALSE,"reported"
1520758,"bci93045",95,"Film - BW IR",1993,7200,305,2195,0.7,779.5,FALSE,"reported"
1520759,"bci93045",96,"Film - BW IR",1993,7200,305,2195,2.6,594,FALSE,"reported"
1520760,"bci93045",97,"Film - BW IR",1993,7200,305,2195,4.3,594,FALSE,"reported"
1520761,"bci93045",98,"Film - BW IR",1993,7200,305,2195,4.7,586.5,FALSE,"reported"
1520762,"bci93045",99,"Film - BW IR",1993,7200,305,2195,5.9,586.5,FALSE,"reported"
1520763,"bci93045",100,"Film - BW IR",1993,7200,305,2195,7.3,594,FALSE,"reported"
1520764,"bci93045",101,"Film - BW IR",1993,7200,305,2195,12.5,594,FALSE,"reported"
1520765,"bci93045",102,"Film - BW IR",1993,7200,305,2195,16.1,589.4,FALSE,"reported"
1520766,"bci93045",103,"Film - BW IR",1993,7200,305,2195,17.1,589.4,FALSE,"reported"
1520767,"bci93045",104,"Film - BW IR",1993,7200,305,2195,15.8,610.7,FALSE,"reported"
1520768,"bci93045",105,"Film - BW IR",1993,7200,305,2195,13.7,433.6,FALSE,"reported"
1520769,"bci93045",106,"Film - BW IR",1993,7200,305,2195,10.2,433.6,FALSE,"reported"
1520770,"bci93045",107,"Film - BW IR",1993,7200,305,2195,6.2,715.1,FALSE,"reported"
1520771,"bci93045",108,"Film - BW IR",1993,7200,305,2195,32.6,576.8,FALSE,"reported"
1520772,"bci93045",109,"Film - BW IR",1993,7200,305,2195,20.6,576.8,FALSE,"reported"
1520773,"bci93045",110,"Film - BW IR",1993,7200,305,2195,13.7,482.8,FALSE,"reported"
1520774,"bci93045",111,"Film - BW IR",1993,7200,305,2195,9.6,482.8,FALSE,"reported"
1520775,"bci93045",112,"Film - BW IR",1993,7200,305,2195,6.8,576.6,FALSE,"reported"
1520776,"bci93045",113,"Film - BW IR",1993,7200,305,2195,10.3,576.6,FALSE,"reported"
1520777,"bci93045",114,"Film - BW IR",1993,7200,305,2195,0.6,613.2,FALSE,"reported"
1520778,"bci93045",115,"Film - BW IR",1993,7200,305,2195,1.2,576.4,FALSE,"reported"
1520779,"bci93045",116,"Film - BW IR",1993,7200,305,2195,4.9,575.5,FALSE,"reported"
1520780,"bci93045",117,"Film - BW IR",1993,7200,305,2195,10.4,575.5,FALSE,"reported"
1520781,"bci93045",118,"Film - BW IR",1993,7200,305,2195,14,577.1,FALSE,"reported"
1520782,"bci93045",119,"Film - BW IR",1993,7200,305,2195,16.3,557.8,FALSE,"reported"
1520783,"bci93045",120,"Film - BW IR",1993,7200,305,2195,18,520.8,FALSE,"reported"
1520784,"bci93045",121,"Film - BW IR",1993,7200,305,2195,16.5,520.8,FALSE,"reported"
1520785,"bci93045",122,"Film - BW IR",1993,7200,305,2195,10.8,576.6,FALSE,"reported"
1520786,"bci93045",123,"Film - BW IR",1993,7200,305,2195,6.3,576.6,FALSE,"reported"
1520787,"bci93045",124,"Film - BW IR",1993,7200,305,2195,4.5,742.6,FALSE,"reported"
1520788,"bci93045",125,"Film - BW IR",1993,7200,305,2195,2.4,743.7,FALSE,"reported"
1520789,"bci93045",126,"Film - BW IR",1993,7200,305,2195,1.3,613.2,FALSE,"reported"
1520790,"bci93045",127,"Film - BW IR",1993,7200,305,2195,1.5,520.9,FALSE,"reported"
1520791,"bci93045",128,"Film - BW IR",1993,7200,305,2195,3.4,520.9,FALSE,"reported"
1520792,"bci93045",129,"Film - BW IR",1993,7200,305,2195,8.5,576.5,FALSE,"reported"
1520793,"bci93045",130,"Film - BW IR",1993,7200,305,2195,11.8,576.5,FALSE,"reported"
1520794,"bci93045",131,"Film - BW IR",1993,7200,305,2195,10.7,595.4,FALSE,"reported"
1520795,"bci93045",132,"Film - BW IR",1993,7200,305,2195,6.5,595.4,FALSE,"reported"
1520796,"bci93045",133,"Film - BW IR",1993,7200,305,2195,3.8,650.6,FALSE,"reported"
1520797,"bci93045",134,"Film - BW IR",1993,7200,305,2195,2.3,412,FALSE,"reported"
1520798,"bci93045",135,"Film - BW IR",1993,7200,305,2195,1.8,412,FALSE,"reported"
1520799,"bci93045",136,"Film - BW IR",1993,7200,305,2195,0.3,798.4,FALSE,"reported"
1520728,"bci93045",137,"Film - BW IR",1993,7200,305,2195,1.4,798.3,FALSE,"reported"
1520729,"bci93045",138,"Film - BW IR",1993,7200,305,2195,2.9,465,FALSE,"reported"
1520730,"bci93045",139,"Film - BW IR",1993,7200,305,2195,3.9,465,FALSE,"reported"
1520731,"bci93045",140,"Film - BW IR",1993,7200,305,2195,2.9,594.2,FALSE,"reported"
1520732,"bci93045",141,"Film - BW IR",1993,7200,305,2195,2,595.4,FALSE,"reported"
1520733,"bci93045",142,"Film - BW IR",1993,7200,305,2195,0.8,631.2,FALSE,"reported"
1520734,"bci93045",143,"Film - BW IR",1993,7200,305,2195,0.5,446,FALSE,"reported"
1520735,"bci93045",144,"Film - BW IR",1993,7200,305,2195,0.2,446,FALSE,"reported"
1520709,"bci93045",145,"Film - BW IR",1993,7200,305,2195,9.3,754.3,FALSE,"reported"
1520710,"bci93045",146,"Film - BW IR",1993,7200,305,2195,4.9,454.3,FALSE,"reported"
1520711,"bci93045",147,"Film - BW IR",1993,7200,305,2195,3.5,454.3,FALSE,"reported"
1520712,"bci93045",148,"Film - BW IR",1993,7200,305,2195,4,450.5,FALSE,"reported"
1520713,"bci93045",149,"Film - BW IR",1993,7200,305,2195,2.4,312.7,FALSE,"reported"
1520714,"bci93045",150,"Film - BW IR",1993,7200,305,2195,2.1,312.7,FALSE,"reported"
1520715,"bci93045",151,"Film - BW IR",1993,7200,305,2195,4.4,315.8,FALSE,"reported"
1520716,"bci93045",152,"Film - BW IR",1993,7200,305,2195,4.8,315.8,FALSE,"reported"
1520717,"bci93045",153,"Film - BW IR",1993,7200,305,2195,4.4,306.2,FALSE,"reported"
1520718,"bci93045",154,"Film - BW IR",1993,7200,305,2195,3.1,306.2,FALSE,"reported"
1520719,"bci93045",155,"Film - BW IR",1993,7200,305,2195,1,510.7,FALSE,"reported"
1520720,"bci93045",156,"Film - BW IR",1993,7200,305,2195,0.4,510.7,FALSE,"reported"
1520696,"bci93045",157,"Film - BW IR",1993,7200,305,2195,0.1,588.7,FALSE,"reported"
1520697,"bci93045",158,"Film - BW IR",1993,7200,305,2195,1.6,438.8,FALSE,"reported"
1520698,"bci93045",159,"Film - BW IR",1993,7200,305,2195,3.7,438.8,FALSE,"reported"
1520699,"bci93045",160,"Film - BW IR",1993,7200,305,2195,5,438.8,FALSE,"reported"
1520700,"bci93045",161,"Film - BW IR",1993,7200,305,2195,7.2,438.8,FALSE,"reported"
1520701,"bci93045",162,"Film - BW IR",1993,7200,305,2195,9.4,438.8,FALSE,"reported"
1520702,"bci93045",163,"Film - BW IR",1993,7200,305,2195,9.9,438.8,FALSE,"reported"
1520703,"bci93045",164,"Film - BW IR",1993,7200,305,2195,8.1,283.1,FALSE,"reported"
1520704,"bci93045",165,"Film - BW IR",1993,7200,305,2195,8.3,283.1,FALSE,"reported"
1520705,"bci93045",166,"Film - BW IR",1993,7200,305,2195,11.7,433.1,FALSE,"reported"
1520706,"bci93045",167,"Film - BW IR",1993,7200,305,2195,15,433.1,FALSE,"reported"
1520707,"bci93045",168,"Film - BW IR",1993,7200,305,2195,11.8,459.1,FALSE,"reported"
1520708,"bci93045",169,"Film - BW IR",1993,7200,305,2195,12.4,526.3,FALSE,"reported"
1520800,"bci93045",170,"Film - BW IR",1993,7200,305,2195,4.6,631.4,FALSE,"reported"
1520801,"bci93045",171,"Film - BW IR",1993,7200,305,2195,8.1,631.4,FALSE,"reported"
1520802,"bci93045",172,"Film - BW IR",1993,7200,305,2195,11.8,484.1,FALSE,"reported"
1520803,"bci93045",173,"Film - BW IR",1993,7200,305,2195,12.8,484.1,FALSE,"reported"
1520804,"bci93045",174,"Film - BW IR",1993,7200,305,2195,11.6,538.5,FALSE,"reported"
1520805,"bci93045",175,"Film - BW IR",1993,7200,305,2195,7.7,483.9,FALSE,"reported"
1520806,"bci93045",176,"Film - BW IR",1993,7200,305,2195,4.5,482.9,FALSE,"reported"
1520807,"bci93045",177,"Film - BW IR",1993,7200,305,2195,2,409.2,FALSE,"reported"
1520808,"bci93045",178,"Film - BW IR",1993,7200,305,2195,0.8,409.2,FALSE,"reported"
1521023,"bci95063",1,"Film - BW IR",1995,7000,305,2195,0,1294,FALSE,"reported"
1521024,"bci95063",2,"Film - BW IR",1995,7000,305,2195,1.5,1294,FALSE,"reported"
1521025,"bci95063",3,"Film - BW IR",1995,7000,305,2195,4.1,1315.8,FALSE,"reported"
1521026,"bci95063",4,"Film - BW IR",1995,7000,305,2195,3.1,1286.8,FALSE,"reported"
1521027,"bci95063",5,"Film - BW IR",1995,7000,305,2195,2.6,1286.8,FALSE,"reported"
1521028,"bci95063",6,"Film - BW IR",1995,7000,305,2195,2,1330.4,FALSE,"reported"
1521029,"bci95063",7,"Film - BW IR",1995,7000,305,2195,0.1,1330.4,FALSE,"reported"
1521030,"bci95063",8,"Film - BW IR",1995,7000,305,2195,0,1332.5,FALSE,"reported"
1521031,"bci95063",9,"Film - BW IR",1995,7000,305,2195,0,1298.8,FALSE,"reported"
1521032,"bci95063",10,"Film - BW IR",1995,7000,305,2195,3.2,1294.6,FALSE,"reported"
1521033,"bci95063",11,"Film - BW IR",1995,7000,305,2195,0.4,1294.6,FALSE,"reported"
1521034,"bci95063",12,"Film - BW IR",1995,7000,305,2195,0.3,1319.2,FALSE,"reported"
1521035,"bci95063",13,"Film - BW IR",1995,7000,305,2195,0.4,1281.4,FALSE,"reported"
1521036,"bci95063",14,"Film - BW IR",1995,7000,305,2195,0.1,1281.4,FALSE,"reported"
1521037,"bci95063",15,"Film - BW IR",1995,7000,305,2195,0,1318.9,FALSE,"reported"
1521038,"bci95063",16,"Film - BW IR",1995,7000,305,2195,0,1292.1,FALSE,"reported"
1521039,"bci95063",17,"Film - BW IR",1995,7000,305,2195,0.2,1271.1,FALSE,"reported"
1521040,"bci95063",18,"Film - BW IR",1995,7000,305,2195,1.4,1271.1,FALSE,"reported"
1521041,"bci95063",19,"Film - BW IR",1995,7000,305,2195,2.2,1308,FALSE,"reported"
1521042,"bci95063",20,"Film - BW IR",1995,7000,305,2195,4.1,1296.5,FALSE,"reported"
1521043,"bci95063",21,"Film - BW IR",1995,7000,305,2195,29.3,1296.5,FALSE,"reported"
1520989,"bci95063",22,"Film - BW IR",1995,7000,305,2195,64.1,1301,FALSE,"reported"
1520990,"bci95063",23,"Film - BW IR",1995,7000,305,2195,1,1301,FALSE,"reported"
1520991,"bci95063",24,"Film - BW IR",1995,7000,305,2195,3.8,1248,FALSE,"reported"
1520992,"bci95063",25,"Film - BW IR",1995,7000,305,2195,18.2,1248,FALSE,"reported"
1520993,"bci95063",26,"Film - BW IR",1995,7000,305,2195,26.4,1259,FALSE,"reported"
1520994,"bci95063",27,"Film - BW IR",1995,7000,305,2195,14.6,1259,FALSE,"reported"
1520995,"bci95063",28,"Film - BW IR",1995,7000,305,2195,9.5,1284.7,FALSE,"reported"
1520996,"bci95063",29,"Film - BW IR",1995,7000,305,2195,11.9,1284.7,FALSE,"reported"
1520997,"bci95063",30,"Film - BW IR",1995,7000,305,2195,5.8,1279.3,FALSE,"reported"
1520998,"bci95063",31,"Film - BW IR",1995,7000,305,2195,0.6,1279.3,FALSE,"reported"
1520999,"bci95063",32,"Film - BW IR",1995,7000,305,2195,0,1125.3,FALSE,"reported"
1521000,"bci95063",33,"Film - BW IR",1995,7000,305,2195,0,1125.3,FALSE,"reported"
1521001,"bci95063",34,"Film - BW IR",1995,7000,305,2195,0.1,1295,FALSE,"reported"
1521002,"bci95063",35,"Film - BW IR",1995,7000,305,2195,1.2,1295,FALSE,"reported"
1521003,"bci95063",36,"Film - BW IR",1995,7000,305,2195,3.4,1295.2,FALSE,"reported"
1521004,"bci95063",37,"Film - BW IR",1995,7000,305,2195,10.4,1295.2,FALSE,"reported"
1521005,"bci95063",38,"Film - BW IR",1995,7000,305,2195,1,1285.8,FALSE,"reported"
1521006,"bci95063",39,"Film - BW IR",1995,7000,305,2195,0.2,1285.8,FALSE,"reported"
1521007,"bci95063",40,"Film - BW IR",1995,7000,305,2195,0.3,1300.9,FALSE,"reported"
1521008,"bci95063",41,"Film - BW IR",1995,7000,305,2195,0.6,1300.9,FALSE,"reported"
1521009,"bci95063",42,"Film - BW IR",1995,7000,305,2195,0.1,1338,FALSE,"reported"
1521010,"bci95063",43,"Film - BW IR",1995,7000,305,2195,0,1275,FALSE,"reported"
1521011,"bci95063",44,"Film - BW IR",1995,7000,305,2195,0.1,1275,FALSE,"reported"
1521012,"bci95063",45,"Film - BW IR",1995,7000,305,2195,2.2,1317.8,FALSE,"reported"
1521013,"bci95063",46,"Film - BW IR",1995,7000,305,2195,1,1317.8,FALSE,"reported"
1521014,"bci95063",47,"Film - BW IR",1995,7000,305,2195,0.4,1280.3,FALSE,"reported"
1521015,"bci95063",48,"Film - BW IR",1995,7000,305,2195,0.2,1280.3,FALSE,"reported"
1521016,"bci95063",49,"Film - BW IR",1995,7000,305,2195,0,1337.3,FALSE,"reported"
1520979,"bci95063",50,"Film - BW IR",1995,7000,305,2195,93.9,1263.8,FALSE,"reported"
1520980,"bci95063",51,"Film - BW IR",1995,7000,305,2195,7,1258.4,FALSE,"reported"
1520981,"bci95063",52,"Film - BW IR",1995,7000,305,2195,4.1,1258.4,FALSE,"reported"
1520982,"bci95063",53,"Film - BW IR",1995,7000,305,2195,8.3,1264,FALSE,"reported"
1520983,"bci95063",54,"Film - BW IR",1995,7000,305,2195,4.7,1264,FALSE,"reported"
1520984,"bci95063",55,"Film - BW IR",1995,7000,305,2195,0.1,1306.5,FALSE,"reported"
1520985,"bci95063",56,"Film - BW IR",1995,7000,305,2195,2.5,1299.5,FALSE,"reported"
1520986,"bci95063",57,"Film - BW IR",1995,7000,305,2195,4.1,1299.5,FALSE,"reported"
1520987,"bci95063",58,"Film - BW IR",1995,7000,305,2195,0.1,1306.7,FALSE,"reported"
1520988,"bci95063",59,"Film - BW IR",1995,7000,305,2195,0.1,1342.1,FALSE,"reported"
1520954,"bci95063",60,"Film - BW IR",1995,7000,305,2195,0,1329.1,FALSE,"reported"
1520955,"bci95063",61,"Film - BW IR",1995,7000,305,2195,0,1328.5,FALSE,"reported"
1520956,"bci95063",62,"Film - BW IR",1995,7000,305,2195,0.2,1292.4,FALSE,"reported"
1520957,"bci95063",63,"Film - BW IR",1995,7000,305,2195,0.5,1292.4,FALSE,"reported"
1520958,"bci95063",64,"Film - BW IR",1995,7000,305,2195,0.2,1276.6,FALSE,"reported"
1520959,"bci95063",65,"Film - BW IR",1995,7000,305,2195,0.3,1276.6,FALSE,"reported"
1520960,"bci95063",66,"Film - BW IR",1995,7000,305,2195,0.4,1318.5,FALSE,"reported"
1520961,"bci95063",67,"Film - BW IR",1995,7000,305,2195,0.3,1293,FALSE,"reported"
1520962,"bci95063",68,"Film - BW IR",1995,7000,305,2195,2.9,1293,FALSE,"reported"
1520963,"bci95063",69,"Film - BW IR",1995,7000,305,2195,10.9,1298.4,FALSE,"reported"
1520964,"bci95063",70,"Film - BW IR",1995,7000,305,2195,10.5,1277.3,FALSE,"reported"
1520965,"bci95063",71,"Film - BW IR",1995,7000,305,2195,4,1277.3,FALSE,"reported"
1520966,"bci95063",72,"Film - BW IR",1995,7000,305,2195,0.5,1313.8,FALSE,"reported"
1520967,"bci95063",73,"Film - BW IR",1995,7000,305,2195,-0.3,1313.8,FALSE,"reported"
1520968,"bci95063",74,"Film - BW IR",1995,7000,305,2195,-0.2,1314.7,FALSE,"reported"
1520969,"bci95063",75,"Film - BW IR",1995,7000,305,2195,-0.1,1319.4,FALSE,"reported"
1520942,"bci95063",76,"Film - BW IR",1995,7000,305,2195,22.8,1261.2,FALSE,"reported"
1520943,"bci95063",77,"Film - BW IR",1995,7000,305,2195,21.4,1261.2,FALSE,"reported"
1520944,"bci95063",78,"Film - BW IR",1995,7000,305,2195,9.4,1265.6,FALSE,"reported"
1520945,"bci95063",79,"Film - BW IR",1995,7000,305,2195,2.3,1319.2,FALSE,"reported"
1520946,"bci95063",80,"Film - BW IR",1995,7000,305,2195,4.1,1297.9,FALSE,"reported"
1520947,"bci95063",81,"Film - BW IR",1995,7000,305,2195,4.1,1265.9,FALSE,"reported"
1520948,"bci95063",82,"Film - BW IR",1995,7000,305,2195,8.1,1265.9,FALSE,"reported"
1520949,"bci95063",83,"Film - BW IR",1995,7000,305,2195,10.1,1280.9,FALSE,"reported"
1520950,"bci95063",84,"Film - BW IR",1995,7000,305,2195,15.4,1260.3,FALSE,"reported"
1520951,"bci95063",85,"Film - BW IR",1995,7000,305,2195,8.4,1260.3,FALSE,"reported"
1520952,"bci95063",86,"Film - BW IR",1995,7000,305,2195,0.5,1313,FALSE,"reported"
1520953,"bci95063",87,"Film - BW IR",1995,7000,305,2195,0.5,1313,FALSE,"reported"
1520970,"bci95063",88,"Film - BW IR",1995,7000,305,2195,0.2,1335.5,FALSE,"reported"
1520971,"bci95063",89,"Film - BW IR",1995,7000,305,2195,0.1,1302.9,FALSE,"reported"
1520972,"bci95063",90,"Film - BW IR",1995,7000,305,2195,0.4,1298.6,FALSE,"reported"
1520973,"bci95063",91,"Film - BW IR",1995,7000,305,2195,0.8,1298.6,FALSE,"reported"
1520974,"bci95063",92,"Film - BW IR",1995,7000,305,2195,-0.4,1288.3,FALSE,"reported"
1520975,"bci95063",93,"Film - BW IR",1995,7000,305,2195,-0.3,1288.3,FALSE,"reported"
1520976,"bci95063",94,"Film - BW IR",1995,7000,305,2195,-0.2,1298.1,FALSE,"reported"
1520977,"bci95063",95,"Film - BW IR",1995,7000,305,2195,-0.1,1303.6,FALSE,"reported"
1520978,"bci95063",96,"Film - BW IR",1995,7000,305,2195,-0.1,1303.6,FALSE,"reported"
1521044,"bci95063",97,"Film - BW IR",1995,7000,305,2195,1.1,1302.1,FALSE,"reported"
1521045,"bci95063",98,"Film - BW IR",1995,7000,305,2195,2,1302.1,FALSE,"reported"
1521046,"bci95063",99,"Film - BW IR",1995,7000,305,2195,1.7,1303.1,FALSE,"reported"
1521047,"bci95063",100,"Film - BW IR",1995,7000,305,2195,1.1,1302,FALSE,"reported"
1521048,"bci95063",101,"Film - BW IR",1995,7000,305,2195,-0.1,1302,FALSE,"reported"
1521049,"bci95063",102,"Film - BW IR",1995,7000,305,2195,-0.3,1351.7,FALSE,"reported"
1521050,"bci95063",103,"Film - BW IR",1995,7000,305,2195,3.1,1299.4,FALSE,"reported"
1521051,"bci95063",104,"Film - BW IR",1995,7000,305,2195,2.6,1286.2,FALSE,"reported"
1521052,"bci95063",105,"Film - BW IR",1995,7000,305,2195,-0.2,1286.2,FALSE,"reported"
1521053,"bci95063",106,"Film - BW IR",1995,7000,305,2195,0.8,1314.7,FALSE,"reported"
1521054,"bci95063",107,"Film - BW IR",1995,7000,305,2195,-0.1,1333.2,FALSE,"reported"
1521017,"bci95063",108,"Film - BW IR",1995,7000,305,2195,0.7,1336,FALSE,"reported"
1521018,"bci95063",109,"Film - BW IR",1995,7000,305,2195,0,1271,FALSE,"reported"
1521019,"bci95063",110,"Film - BW IR",1995,7000,305,2195,0,1271,FALSE,"reported"
1521020,"bci95063",111,"Film - BW IR",1995,7000,305,2195,0.4,1314.2,FALSE,"reported"
1521021,"bci95063",112,"Film - BW IR",1995,7000,305,2195,65.6,1183.9,FALSE,"reported"
1521022,"bci95063",113,"Film - BW IR",1995,7000,305,2195,114.8,1183.9,FALSE,"reported"
1520935,"bci95063",114,"Film - BW IR",1995,7000,305,2195,37.9,1294.2,FALSE,"reported"
1520936,"bci95063",115,"Film - BW IR",1995,7000,305,2195,30.4,1294.2,FALSE,"reported"
1520937,"bci95063",116,"Film - BW IR",1995,7000,305,2195,7.2,1307.7,FALSE,"reported"
1520938,"bci95063",117,"Film - BW IR",1995,7000,305,2195,0.1,1285.9,FALSE,"reported"
1520939,"bci95063",118,"Film - BW IR",1995,7000,305,2195,0,1285.9,FALSE,"reported"
1520940,"bci95063",119,"Film - BW IR",1995,7000,305,2195,0.1,1293.1,FALSE,"reported"
1520941,"bci95063",120,"Film - BW IR",1995,7000,305,2195,3.4,1293.1,FALSE,"reported"
1521386,"bci96066",1,"Film - BW IR",1996,7200,305,2195,15.7,1039.5,FALSE,"reported"
1521387,"bci96066",2,"Film - BW IR",1996,7200,305,2195,12.8,1039.5,FALSE,"reported"
1521388,"bci96066",3,"Film - BW IR",1996,7200,305,2195,13.8,1265.2,FALSE,"reported"
1521389,"bci96066",4,"Film - BW IR",1996,7200,305,2195,9.6,1145.7,FALSE,"reported"
1521390,"bci96066",5,"Film - BW IR",1996,7200,305,2195,9.1,1145.7,FALSE,"reported"
1521391,"bci96066",6,"Film - BW IR",1996,7200,305,2195,9.3,1245.7,FALSE,"reported"
1521392,"bci96066",7,"Film - BW IR",1996,7200,305,2195,8.4,1083.3,FALSE,"reported"
1521393,"bci96066",8,"Film - BW IR",1996,7200,305,2195,5.9,1083.3,FALSE,"reported"
1521394,"bci96066",9,"Film - BW IR",1996,7200,305,2195,1.6,1240,FALSE,"reported"
1521395,"bci96066",10,"Film - BW IR",1996,7200,305,2195,0,1240,FALSE,"reported"
1521378,"bci96066",11,"Film - BW IR",1996,7200,305,2195,0,1277.7,FALSE,"reported"
1521379,"bci96066",12,"Film - BW IR",1996,7200,305,2195,1.3,1258.1,FALSE,"reported"
1521380,"bci96066",13,"Film - BW IR",1996,7200,305,2195,2.5,1258.1,FALSE,"reported"
1521381,"bci96066",14,"Film - BW IR",1996,7200,305,2195,1.3,1270.8,FALSE,"reported"
1521382,"bci96066",15,"Film - BW IR",1996,7200,305,2195,5.9,1189.9,FALSE,"reported"
1521383,"bci96066",16,"Film - BW IR",1996,7200,305,2195,7.5,1189.9,FALSE,"reported"
1521384,"bci96066",17,"Film - BW IR",1996,7200,305,2195,9.8,1222.5,FALSE,"reported"
1521385,"bci96066",18,"Film - BW IR",1996,7200,305,2195,13.9,1222.5,FALSE,"reported"
1521371,"bci96066",19,"Film - BW IR",1996,7200,305,2195,4.9,1112.1,FALSE,"reported"
1521372,"bci96066",20,"Film - BW IR",1996,7200,305,2195,2,1112.1,FALSE,"reported"
1521373,"bci96066",21,"Film - BW IR",1996,7200,305,2195,0.2,1350.7,FALSE,"reported"
1521374,"bci96066",22,"Film - BW IR",1996,7200,305,2195,0.1,1225,FALSE,"reported"
1521375,"bci96066",23,"Film - BW IR",1996,7200,305,2195,0.3,1120.3,FALSE,"reported"
1521376,"bci96066",24,"Film - BW IR",1996,7200,305,2195,0.1,1120.3,FALSE,"reported"
1521377,"bci96066",25,"Film - BW IR",1996,7200,305,2195,0.1,309.1,FALSE,"reported"
1521396,"bci96066",26,"Film - BW IR",1996,7200,305,2195,0,309.1,FALSE,"reported"
1521397,"bci96066",27,"Film - BW IR",1996,7200,305,2195,0.9,1194.6,FALSE,"reported"
1521398,"bci96066",28,"Film - BW IR",1996,7200,305,2195,0.9,1194.6,FALSE,"reported"
1521399,"bci96066",29,"Film - BW IR",1996,7200,305,2195,2.9,1219.1,FALSE,"reported"
1521400,"bci96066",30,"Film - BW IR",1996,7200,305,2195,7.8,1219.1,FALSE,"reported"
1521401,"bci96066",31,"Film - BW IR",1996,7200,305,2195,5.8,1181.5,FALSE,"reported"
1521402,"bci96066",32,"Film - BW IR",1996,7200,305,2195,8.5,1181.5,FALSE,"reported"
1521403,"bci96066",33,"Film - BW IR",1996,7200,305,2195,2.1,1293.8,FALSE,"reported"
1521404,"bci96066",34,"Film - BW IR",1996,7200,305,2195,0,1368,FALSE,"reported"
1521348,"bci96066",35,"Film - BW IR",1996,7200,305,2195,0.1,1272,FALSE,"reported"
1521349,"bci96066",36,"Film - BW IR",1996,7200,305,2195,0.3,1194.4,FALSE,"reported"
1521350,"bci96066",37,"Film - BW IR",1996,7200,305,2195,2,1194.4,FALSE,"reported"
1521351,"bci96066",38,"Film - BW IR",1996,7200,305,2195,2.8,1241.4,FALSE,"reported"
1521352,"bci96066",39,"Film - BW IR",1996,7200,305,2195,0.2,1349.3,FALSE,"reported"
1521414,"bci96066",40,"Film - BW IR",1996,7200,305,2195,5.1,1195.7,FALSE,"reported"
1521415,"bci96066",41,"Film - BW IR",1996,7200,305,2195,7.3,1195.7,FALSE,"reported"
1521416,"bci96066",42,"Film - BW IR",1996,7200,305,2195,1.9,1231.6,FALSE,"reported"
1521417,"bci96066",43,"Film - BW IR",1996,7200,305,2195,5.4,1176.6,FALSE,"reported"
1521418,"bci96066",44,"Film - BW IR",1996,7200,305,2195,12.8,1176.5,FALSE,"reported"
1521419,"bci96066",45,"Film - BW IR",1996,7200,305,2195,16.6,1172.4,FALSE,"reported"
1521420,"bci96066",46,"Film - BW IR",1996,7200,305,2195,3.4,1172.4,FALSE,"reported"
1521421,"bci96066",47,"Film - BW IR",1996,7200,305,2195,5.3,1172.2,FALSE,"reported"
1521422,"bci96066",48,"Film - BW IR",1996,7200,305,2195,6.4,1166.9,FALSE,"reported"
1521423,"bci96066",49,"Film - BW IR",1996,7200,305,2195,8.7,1166.9,FALSE,"reported"
1521424,"bci96066",50,"Film - BW IR",1996,7200,305,2195,5.8,1248.8,FALSE,"reported"
1521405,"bci96066",51,"Film - BW IR",1996,7200,305,2195,0.9,1158.1,FALSE,"reported"
1521406,"bci96066",52,"Film - BW IR",1996,7200,305,2195,1.2,1158.1,FALSE,"reported"
1521407,"bci96066",53,"Film - BW IR",1996,7200,305,2195,0.8,1244,FALSE,"reported"
1521408,"bci96066",54,"Film - BW IR",1996,7200,305,2195,0.2,1244.7,FALSE,"reported"
1521409,"bci96066",55,"Film - BW IR",1996,7200,305,2195,1.7,1244.7,FALSE,"reported"
1521410,"bci96066",56,"Film - BW IR",1996,7200,305,2195,0.4,1235.6,FALSE,"reported"
1521411,"bci96066",57,"Film - BW IR",1996,7200,305,2195,0.2,1235.6,FALSE,"reported"
1521412,"bci96066",58,"Film - BW IR",1996,7200,305,2195,4.5,1160.7,FALSE,"reported"
1521413,"bci96066",59,"Film - BW IR",1996,7200,305,2195,9.5,1160.7,FALSE,"reported"
1521442,"bci96066",60,"Film - BW IR",1996,7200,305,2195,0.2,1318.3,FALSE,"reported"
1521443,"bci96066",61,"Film - BW IR",1996,7200,305,2195,1,1236.1,FALSE,"reported"
1521444,"bci96066",62,"Film - BW IR",1996,7200,305,2195,5.9,1092.6,FALSE,"reported"
1521445,"bci96066",63,"Film - BW IR",1996,7200,305,2195,8,1092.6,FALSE,"reported"
1521446,"bci96066",64,"Film - BW IR",1996,7200,305,2195,8.8,1277,FALSE,"reported"
1521447,"bci96066",65,"Film - BW IR",1996,7200,305,2195,3,1219.8,FALSE,"reported"
1521448,"bci96066",66,"Film - BW IR",1996,7200,305,2195,1.7,1219.8,FALSE,"reported"
1521449,"bci96066",67,"Film - BW IR",1996,7200,305,2195,2.2,1104.9,FALSE,"reported"
1521450,"bci96066",68,"Film - BW IR",1996,7200,305,2195,4.5,1104.9,FALSE,"reported"
1521451,"bci96066",69,"Film - BW IR",1996,7200,305,2195,1.5,1236.1,FALSE,"reported"
1521452,"bci96066",70,"Film - BW IR",1996,7200,305,2195,0.3,1183.3,FALSE,"reported"
1521453,"bci96066",71,"Film - BW IR",1996,7200,305,2195,0.2,1183.3,FALSE,"reported"
1521432,"bci96066",72,"Film - BW IR",1996,7200,305,2195,0.1,1258.2,FALSE,"reported"
1521433,"bci96066",73,"Film - BW IR",1996,7200,305,2195,0.3,1258.2,FALSE,"reported"
1521434,"bci96066",74,"Film - BW IR",1996,7200,305,2195,1,1198.7,FALSE,"reported"
1521435,"bci96066",75,"Film - BW IR",1996,7200,305,2195,2.5,1187.2,FALSE,"reported"
1521436,"bci96066",76,"Film - BW IR",1996,7200,305,2195,1.2,1187.2,FALSE,"reported"
1521437,"bci96066",77,"Film - BW IR",1996,7200,305,2195,0.1,1043.6,FALSE,"reported"
1521438,"bci96066",78,"Film - BW IR",1996,7200,305,2195,0.2,1043.6,FALSE,"reported"
1521439,"bci96066",79,"Film - BW IR",1996,7200,305,2195,0.3,1161.4,FALSE,"reported"
1521440,"bci96066",80,"Film - BW IR",1996,7200,305,2195,0.7,1161.4,FALSE,"reported"
1521441,"bci96066",81,"Film - BW IR",1996,7200,305,2195,0.3,1196.9,FALSE,"reported"
1521425,"bci96066",82,"Film - BW IR",1996,7200,305,2195,0.1,1104.9,FALSE,"reported"
1521426,"bci96066",83,"Film - BW IR",1996,7200,305,2195,0.2,1104.9,FALSE,"reported"
1521427,"bci96066",84,"Film - BW IR",1996,7200,305,2195,0.1,1220.7,FALSE,"reported"
1521428,"bci96066",85,"Film - BW IR",1996,7200,305,2195,0.8,1235.3,FALSE,"reported"
1521429,"bci96066",86,"Film - BW IR",1996,7200,305,2195,0.5,1216.8,FALSE,"reported"
1521430,"bci96066",87,"Film - BW IR",1996,7200,305,2195,0.2,1198.4,FALSE,"reported"
1521431,"bci96066",88,"Film - BW IR",1996,7200,305,2195,0.1,1198.4,FALSE,"reported"
1521454,"bci96066",89,"Film - BW IR",1996,7200,305,2195,0.4,1268.6,FALSE,"reported"
1521455,"bci96066",90,"Film - BW IR",1996,7200,305,2195,0.4,1268.1,FALSE,"reported"
1521456,"bci96066",91,"Film - BW IR",1996,7200,305,2195,0.5,1268.1,FALSE,"reported"
1521457,"bci96066",92,"Film - BW IR",1996,7200,305,2195,0.9,1210.8,FALSE,"reported"
1521458,"bci96066",93,"Film - BW IR",1996,7200,305,2195,1.2,1210.8,FALSE,"reported"
1521459,"bci96066",94,"Film - BW IR",1996,7200,305,2195,2.4,1210.8,FALSE,"reported"
1521460,"bci96066",95,"Film - BW IR",1996,7200,305,2195,2.2,1210.7,FALSE,"reported"
1521461,"bci96066",96,"Film - BW IR",1996,7200,305,2195,0.2,1210.7,FALSE,"reported"
1521353,"bci96066",97,"Film - BW IR",1996,7200,305,2195,0.1,1148.5,FALSE,"reported"
1521354,"bci96066",98,"Film - BW IR",1996,7200,305,2195,2,1148.5,FALSE,"reported"
1521355,"bci96066",99,"Film - BW IR",1996,7200,305,2195,0.2,1133.9,FALSE,"reported"
1521356,"bci96066",100,"Film - BW IR",1996,7200,305,2195,0.1,1133.9,FALSE,"reported"
1521357,"bci96066",101,"Film - BW IR",1996,7200,305,2195,5.4,1259.4,FALSE,"reported"
1521358,"bci96066",102,"Film - BW IR",1996,7200,305,2195,21.3,1251.8,FALSE,"reported"
1521359,"bci96066",103,"Film - BW IR",1996,7200,305,2195,84.4,1156.1,FALSE,"reported"
1521360,"bci96066",104,"Film - BW IR",1996,7200,305,2195,84.5,1156.1,FALSE,"reported"
1521361,"bci96066",105,"Film - BW IR",1996,7200,305,2195,17.5,1014.6,FALSE,"reported"
1521362,"bci96066",106,"Film - BW IR",1996,7200,305,2195,0.4,1014.6,FALSE,"reported"
1521363,"bci96066",107,"Film - BW IR",1996,7200,305,2195,2.9,1204.3,FALSE,"reported"
1521364,"bci96066",108,"Film - BW IR",1996,7200,305,2195,5.1,1071.2,FALSE,"reported"
1521365,"bci96066",109,"Film - BW IR",1996,7200,305,2195,13.1,1071.2,FALSE,"reported"
1521366,"bci96066",110,"Film - BW IR",1996,7200,305,2195,24,1142.3,FALSE,"reported"
1521367,"bci96066",111,"Film - BW IR",1996,7200,305,2195,16.8,1142.3,FALSE,"reported"
1521368,"bci96066",112,"Film - BW IR",1996,7200,305,2195,6,1190.2,FALSE,"reported"
1521369,"bci96066",113,"Film - BW IR",1996,7200,305,2195,0.2,1190.2,FALSE,"reported"
1521370,"bci96066",114,"Film - BW IR",1996,7200,305,2195,0.1,1252,FALSE,"reported"
