"file","year","nc","nr","bands_src","threshold","frac_total","frac_interior"
"bc5255_203_thumb.jpg","1967",1250,1250,1,0,0.013768,0
"bc5255_203_thumb.jpg","1967",1250,1250,1,4,0.0554,0
"bc5255_203_thumb.jpg","1967",1250,1250,1,8,0.057562,0
"bc5255_203_thumb.jpg","1967",1250,1250,1,12,0.058161,0
"bc5255_203_thumb.jpg","1967",1250,1250,1,16,0.058429,0
"bc5255_203_thumb.jpg","1967",1250,1250,1,20,0.058622,0
"bc5255_203_thumb.jpg","1967",1250,1250,1,24,0.058813,0
"bc5255_203_thumb.jpg","1967",1250,1250,1,32,0.059162,0
"bc5255_203_thumb.jpg","1967",1250,1250,1,48,0.06014,0
"bc5255_203_thumb.jpg","1967",1250,1250,1,64,0.061828,0
"bc5255_204_thumb.jpg","1967",1250,1250,1,0,0.012228,0
"bc5255_204_thumb.jpg","1967",1250,1250,1,4,0.055187,0
"bc5255_204_thumb.jpg","1967",1250,1250,1,8,0.057165,0
"bc5255_204_thumb.jpg","1967",1250,1250,1,12,0.057934,0
"bc5255_204_thumb.jpg","1967",1250,1250,1,16,0.058315,0
"bc5255_204_thumb.jpg","1967",1250,1250,1,20,0.058764,0
"bc5255_204_thumb.jpg","1967",1250,1250,1,24,0.059116,0
"bc5255_204_thumb.jpg","1967",1250,1250,1,32,0.060268,0
"bc5255_204_thumb.jpg","1967",1250,1250,1,48,0.063446,0
"bc5255_204_thumb.jpg","1967",1250,1250,1,64,0.072227,0.000118
"bc5300_009_thumb.jpg","1968",1250,1250,1,0,0.021231,0
"bc5300_009_thumb.jpg","1968",1250,1250,1,4,0.052069,0
"bc5300_009_thumb.jpg","1968",1250,1250,1,8,0.053602,0
"bc5300_009_thumb.jpg","1968",1250,1250,1,12,0.054282,0
"bc5300_009_thumb.jpg","1968",1250,1250,1,16,0.054796,0
"bc5300_009_thumb.jpg","1968",1250,1250,1,20,0.055273,0
"bc5300_009_thumb.jpg","1968",1250,1250,1,24,0.055952,0
"bc5300_009_thumb.jpg","1968",1250,1250,1,32,0.059452,2e-06
"bc5300_009_thumb.jpg","1968",1250,1250,1,48,0.070093,0.002758
"bc5300_009_thumb.jpg","1968",1250,1250,1,64,0.084524,0.004346
"bc5300_010_thumb.jpg","1968",1250,1250,1,0,0.02283,0
"bc5300_010_thumb.jpg","1968",1250,1250,1,4,0.052474,0
"bc5300_010_thumb.jpg","1968",1250,1250,1,8,0.053946,0
"bc5300_010_thumb.jpg","1968",1250,1250,1,12,0.054541,0
"bc5300_010_thumb.jpg","1968",1250,1250,1,16,0.054871,0
"bc5300_010_thumb.jpg","1968",1250,1250,1,20,0.055167,0
"bc5300_010_thumb.jpg","1968",1250,1250,1,24,0.055472,0
"bc5300_010_thumb.jpg","1968",1250,1250,1,32,0.056387,0
"bc5300_010_thumb.jpg","1968",1250,1250,1,48,0.061604,0
"bc5300_010_thumb.jpg","1968",1250,1250,1,64,0.072862,1e-05
"bc5300_011_thumb.jpg","1968",1250,1250,1,0,0.01945,0
"bc5300_011_thumb.jpg","1968",1250,1250,1,4,0.052146,0
"bc5300_011_thumb.jpg","1968",1250,1250,1,8,0.053743,0
"bc5300_011_thumb.jpg","1968",1250,1250,1,12,0.054417,0
"bc5300_011_thumb.jpg","1968",1250,1250,1,16,0.054856,0
"bc5300_011_thumb.jpg","1968",1250,1250,1,20,0.055257,0
"bc5300_011_thumb.jpg","1968",1250,1250,1,24,0.055684,0
"bc5300_011_thumb.jpg","1968",1250,1250,1,32,0.056752,0
"bc5300_011_thumb.jpg","1968",1250,1250,1,48,0.061876,0
"bc5300_011_thumb.jpg","1968",1250,1250,1,64,0.069651,0.001297
"bc7434_120_thumb.jpg","1972",1250,1250,1,0,0.002151,0
"bc7434_120_thumb.jpg","1972",1250,1250,1,4,0.002372,0
"bc7434_120_thumb.jpg","1972",1250,1250,1,8,0.002468,0
"bc7434_120_thumb.jpg","1972",1250,1250,1,12,0.003164,0
"bc7434_120_thumb.jpg","1972",1250,1250,1,16,0.016892,0
"bc7434_120_thumb.jpg","1972",1250,1250,1,20,0.024237,0
"bc7434_120_thumb.jpg","1972",1250,1250,1,24,0.031091,0
"bc7434_120_thumb.jpg","1972",1250,1250,1,32,0.034449,0
"bc7434_120_thumb.jpg","1972",1250,1250,1,48,0.035594,0
"bc7434_120_thumb.jpg","1972",1250,1250,1,64,0.036243,0
"bc7434_121_thumb.jpg","1972",1250,1250,1,0,0.002289,0
"bc7434_121_thumb.jpg","1972",1250,1250,1,4,0.00242,0
"bc7434_121_thumb.jpg","1972",1250,1250,1,8,0.002477,0
"bc7434_121_thumb.jpg","1972",1250,1250,1,12,0.003277,0
"bc7434_121_thumb.jpg","1972",1250,1250,1,16,0.017206,0
"bc7434_121_thumb.jpg","1972",1250,1250,1,20,0.025439,0
"bc7434_121_thumb.jpg","1972",1250,1250,1,24,0.031315,0
"bc7434_121_thumb.jpg","1972",1250,1250,1,32,0.034259,0
"bc7434_121_thumb.jpg","1972",1250,1250,1,48,0.035012,0
"bc7434_121_thumb.jpg","1972",1250,1250,1,64,0.035748,0
"bc7434_122_thumb.jpg","1972",1250,1250,1,0,0.002298,0
"bc7434_122_thumb.jpg","1972",1250,1250,1,4,0.002413,0
"bc7434_122_thumb.jpg","1972",1250,1250,1,8,0.002527,0
"bc7434_122_thumb.jpg","1972",1250,1250,1,12,0.003264,0
"bc7434_122_thumb.jpg","1972",1250,1250,1,16,0.016445,0
"bc7434_122_thumb.jpg","1972",1250,1250,1,20,0.024883,0
"bc7434_122_thumb.jpg","1972",1250,1250,1,24,0.030829,0
"bc7434_122_thumb.jpg","1972",1250,1250,1,32,0.034205,0
"bc7434_122_thumb.jpg","1972",1250,1250,1,48,0.03514,0
"bc7434_122_thumb.jpg","1972",1250,1250,1,64,0.035887,0
"bc7434_123_thumb.jpg","1972",1250,1250,1,0,0.002206,0
"bc7434_123_thumb.jpg","1972",1250,1250,1,4,0.002415,0
"bc7434_123_thumb.jpg","1972",1250,1250,1,8,0.002498,0
"bc7434_123_thumb.jpg","1972",1250,1250,1,12,0.003249,0
"bc7434_123_thumb.jpg","1972",1250,1250,1,16,0.01609,0
"bc7434_123_thumb.jpg","1972",1250,1250,1,20,0.024349,0
"bc7434_123_thumb.jpg","1972",1250,1250,1,24,0.030918,0
"bc7434_123_thumb.jpg","1972",1250,1250,1,32,0.034054,0
"bc7434_123_thumb.jpg","1972",1250,1250,1,48,0.035033,0
"bc7434_123_thumb.jpg","1972",1250,1250,1,64,0.035676,0
"bc7434_124_thumb.jpg","1972",1250,1250,1,0,0.002375,0
"bc7434_124_thumb.jpg","1972",1250,1250,1,4,0.002433,0
"bc7434_124_thumb.jpg","1972",1250,1250,1,8,0.002593,0
"bc7434_124_thumb.jpg","1972",1250,1250,1,12,0.0034,0
"bc7434_124_thumb.jpg","1972",1250,1250,1,16,0.016911,0
"bc7434_124_thumb.jpg","1972",1250,1250,1,20,0.024158,0
"bc7434_124_thumb.jpg","1972",1250,1250,1,24,0.030792,0
"bc7434_124_thumb.jpg","1972",1250,1250,1,32,0.034305,0
"bc7434_124_thumb.jpg","1972",1250,1250,1,48,0.035245,0
"bc7434_124_thumb.jpg","1972",1250,1250,1,64,0.035986,0
"bc7434_241_thumb.jpg","1972",1250,1250,1,0,0.002148,0
"bc7434_241_thumb.jpg","1972",1250,1250,1,4,0.002364,0
"bc7434_241_thumb.jpg","1972",1250,1250,1,8,0.002454,0
"bc7434_241_thumb.jpg","1972",1250,1250,1,12,0.003192,0
"bc7434_241_thumb.jpg","1972",1250,1250,1,16,0.015371,0
"bc7434_241_thumb.jpg","1972",1250,1250,1,20,0.024996,0
"bc7434_241_thumb.jpg","1972",1250,1250,1,24,0.030791,0
"bc7434_241_thumb.jpg","1972",1250,1250,1,32,0.034298,0
"bc7434_241_thumb.jpg","1972",1250,1250,1,48,0.035059,0
"bc7434_241_thumb.jpg","1972",1250,1250,1,64,0.03585,0
"bc7434_242_thumb.jpg","1972",1250,1250,1,0,0.002193,0
"bc7434_242_thumb.jpg","1972",1250,1250,1,4,0.002413,0
"bc7434_242_thumb.jpg","1972",1250,1250,1,8,0.002515,0
"bc7434_242_thumb.jpg","1972",1250,1250,1,12,0.003066,0
"bc7434_242_thumb.jpg","1972",1250,1250,1,16,0.014743,0
"bc7434_242_thumb.jpg","1972",1250,1250,1,20,0.024664,0
"bc7434_242_thumb.jpg","1972",1250,1250,1,24,0.030934,0
"bc7434_242_thumb.jpg","1972",1250,1250,1,32,0.034166,0
"bc7434_242_thumb.jpg","1972",1250,1250,1,48,0.03493,0
"bc7434_242_thumb.jpg","1972",1250,1250,1,64,0.035548,0
"bc7434_243_thumb.jpg","1972",1250,1250,1,0,0,0
"bc7434_243_thumb.jpg","1972",1250,1250,1,4,4e-06,0
"bc7434_243_thumb.jpg","1972",1250,1250,1,8,7.7e-05,0
"bc7434_243_thumb.jpg","1972",1250,1250,1,12,0.000676,0
"bc7434_243_thumb.jpg","1972",1250,1250,1,16,0.014868,0
"bc7434_243_thumb.jpg","1972",1250,1250,1,20,0.025301,0
"bc7434_243_thumb.jpg","1972",1250,1250,1,24,0.031471,0
"bc7434_243_thumb.jpg","1972",1250,1250,1,32,0.034926,0
"bc7434_243_thumb.jpg","1972",1250,1250,1,48,0.035772,0
"bc7434_243_thumb.jpg","1972",1250,1250,1,64,0.036609,0
"bc7434_276_thumb.jpg","1972",1250,1250,1,0,0,0
"bc7434_276_thumb.jpg","1972",1250,1250,1,4,0,0
"bc7434_276_thumb.jpg","1972",1250,1250,1,8,1.2e-05,0
"bc7434_276_thumb.jpg","1972",1250,1250,1,12,0.000263,0
"bc7434_276_thumb.jpg","1972",1250,1250,1,16,0.012038,0
"bc7434_276_thumb.jpg","1972",1250,1250,1,20,0.024396,0
"bc7434_276_thumb.jpg","1972",1250,1250,1,24,0.031727,0
"bc7434_276_thumb.jpg","1972",1250,1250,1,32,0.035447,0
"bc7434_276_thumb.jpg","1972",1250,1250,1,48,0.036388,0
"bc7434_276_thumb.jpg","1972",1250,1250,1,64,0.036991,0
"bc7434_277_thumb.jpg","1972",1250,1250,1,0,0.002056,0
"bc7434_277_thumb.jpg","1972",1250,1250,1,4,0.002362,0
"bc7434_277_thumb.jpg","1972",1250,1250,1,8,0.002442,0
"bc7434_277_thumb.jpg","1972",1250,1250,1,12,0.00298,0
"bc7434_277_thumb.jpg","1972",1250,1250,1,16,0.012875,0
"bc7434_277_thumb.jpg","1972",1250,1250,1,20,0.024699,0
"bc7434_277_thumb.jpg","1972",1250,1250,1,24,0.031991,0
"bc7434_277_thumb.jpg","1972",1250,1250,1,32,0.035599,0
"bc7434_277_thumb.jpg","1972",1250,1250,1,48,0.036494,0
"bc7434_277_thumb.jpg","1972",1250,1250,1,64,0.037213,0
"bcc72_125_thumb.jpg","1972",1250,1250,3,0,0,0
"bcc72_125_thumb.jpg","1972",1250,1250,3,4,0,0
"bcc72_125_thumb.jpg","1972",1250,1250,3,8,4e-06,0
"bcc72_125_thumb.jpg","1972",1250,1250,3,12,6.1e-05,0
"bcc72_125_thumb.jpg","1972",1250,1250,3,16,0.000883,0
"bcc72_125_thumb.jpg","1972",1250,1250,3,20,0.013248,0
"bcc72_125_thumb.jpg","1972",1250,1250,3,24,0.026554,0
"bcc72_125_thumb.jpg","1972",1250,1250,3,32,0.034293,0
"bcc72_125_thumb.jpg","1972",1250,1250,3,48,0.035789,0
"bcc72_125_thumb.jpg","1972",1250,1250,3,64,0.03665,0
"bcc72_126_thumb.jpg","1972",1250,1250,3,0,0.001148,0
"bcc72_126_thumb.jpg","1972",1250,1250,3,4,0.002385,0
"bcc72_126_thumb.jpg","1972",1250,1250,3,8,0.002392,0
"bcc72_126_thumb.jpg","1972",1250,1250,3,12,0.002424,0
"bcc72_126_thumb.jpg","1972",1250,1250,3,16,0.00337,0
"bcc72_126_thumb.jpg","1972",1250,1250,3,20,0.011624,0
"bcc72_126_thumb.jpg","1972",1250,1250,3,24,0.024816,0
"bcc72_126_thumb.jpg","1972",1250,1250,3,32,0.034724,0
"bcc72_126_thumb.jpg","1972",1250,1250,3,48,0.036463,0
"bcc72_126_thumb.jpg","1972",1250,1250,3,64,0.037045,0
"bcc72_127_thumb.jpg","1972",1250,1250,3,0,0.000914,0
"bcc72_127_thumb.jpg","1972",1250,1250,3,4,0.0024,0
"bcc72_127_thumb.jpg","1972",1250,1250,3,8,0.0024,0
"bcc72_127_thumb.jpg","1972",1250,1250,3,12,0.002536,0
"bcc72_127_thumb.jpg","1972",1250,1250,3,16,0.003949,0
"bcc72_127_thumb.jpg","1972",1250,1250,3,20,0.013363,0
"bcc72_127_thumb.jpg","1972",1250,1250,3,24,0.024945,0
"bcc72_127_thumb.jpg","1972",1250,1250,3,32,0.033601,0
"bcc72_127_thumb.jpg","1972",1250,1250,3,48,0.035058,0
"bcc72_127_thumb.jpg","1972",1250,1250,3,64,0.035709,0
"bcc72_128_thumb.jpg","1972",1250,1250,3,0,0,0
"bcc72_128_thumb.jpg","1972",1250,1250,3,4,0,0
"bcc72_128_thumb.jpg","1972",1250,1250,3,8,0,0
"bcc72_128_thumb.jpg","1972",1250,1250,3,12,2e-05,0
"bcc72_128_thumb.jpg","1972",1250,1250,3,16,0.000913,0
"bcc72_128_thumb.jpg","1972",1250,1250,3,20,0.011773,0
"bcc72_128_thumb.jpg","1972",1250,1250,3,24,0.023335,0
"bcc72_128_thumb.jpg","1972",1250,1250,3,32,0.033773,0
"bcc72_128_thumb.jpg","1972",1250,1250,3,48,0.035729,0
"bcc72_128_thumb.jpg","1972",1250,1250,3,64,0.036557,0
"bcc72_129_thumb.jpg","1972",1250,1250,3,0,0.000718,0
"bcc72_129_thumb.jpg","1972",1250,1250,3,4,0.002371,0
"bcc72_129_thumb.jpg","1972",1250,1250,3,8,0.002387,0
"bcc72_129_thumb.jpg","1972",1250,1250,3,12,0.002687,0
"bcc72_129_thumb.jpg","1972",1250,1250,3,16,0.004369,0
"bcc72_129_thumb.jpg","1972",1250,1250,3,20,0.013514,0
"bcc72_129_thumb.jpg","1972",1250,1250,3,24,0.024086,0
"bcc72_129_thumb.jpg","1972",1250,1250,3,32,0.032449,0
"bcc72_129_thumb.jpg","1972",1250,1250,3,48,0.034515,0
"bcc72_129_thumb.jpg","1972",1250,1250,3,64,0.03527,0
"bcc73_019_thumb.jpg","1972",1250,1250,3,0,0,0
"bcc73_019_thumb.jpg","1972",1250,1250,3,4,0.002095,0
"bcc73_019_thumb.jpg","1972",1250,1250,3,8,0.0024,0
"bcc73_019_thumb.jpg","1972",1250,1250,3,12,0.0024,0
"bcc73_019_thumb.jpg","1972",1250,1250,3,16,0.0024,0
"bcc73_019_thumb.jpg","1972",1250,1250,3,20,0.002527,0
"bcc73_019_thumb.jpg","1972",1250,1250,3,24,0.004913,0
"bcc73_019_thumb.jpg","1972",1250,1250,3,32,0.03227,0
"bcc73_019_thumb.jpg","1972",1250,1250,3,48,0.037102,0
"bcc73_019_thumb.jpg","1972",1250,1250,3,64,0.03809,0
"bcc73_020_thumb.jpg","1972",1250,1250,3,0,0,0
"bcc73_020_thumb.jpg","1972",1250,1250,3,4,0,0
"bcc73_020_thumb.jpg","1972",1250,1250,3,8,0,0
"bcc73_020_thumb.jpg","1972",1250,1250,3,12,0,0
"bcc73_020_thumb.jpg","1972",1250,1250,3,16,0,0
"bcc73_020_thumb.jpg","1972",1250,1250,3,20,3.3e-05,0
"bcc73_020_thumb.jpg","1972",1250,1250,3,24,0.001476,0
"bcc73_020_thumb.jpg","1972",1250,1250,3,32,0.032359,0
"bcc73_020_thumb.jpg","1972",1250,1250,3,48,0.036991,0
"bcc73_020_thumb.jpg","1972",1250,1250,3,64,0.037846,0
"bcc73_021_thumb.jpg","1972",1250,1250,3,0,0,0
"bcc73_021_thumb.jpg","1972",1250,1250,3,4,0,0
"bcc73_021_thumb.jpg","1972",1250,1250,3,8,0,0
"bcc73_021_thumb.jpg","1972",1250,1250,3,12,0,0
"bcc73_021_thumb.jpg","1972",1250,1250,3,16,0,0
"bcc73_021_thumb.jpg","1972",1250,1250,3,20,8e-06,0
"bcc73_021_thumb.jpg","1972",1250,1250,3,24,0.001161,0
"bcc73_021_thumb.jpg","1972",1250,1250,3,32,0.032799,0
"bcc73_021_thumb.jpg","1972",1250,1250,3,48,0.037173,0
"bcc73_021_thumb.jpg","1972",1250,1250,3,64,0.038049,0
"bcc73_022_thumb.jpg","1972",1250,1250,3,0,0,0
"bcc73_022_thumb.jpg","1972",1250,1250,3,4,0,0
"bcc73_022_thumb.jpg","1972",1250,1250,3,8,0,0
"bcc73_022_thumb.jpg","1972",1250,1250,3,12,0,0
"bcc73_022_thumb.jpg","1972",1250,1250,3,16,0,0
"bcc73_022_thumb.jpg","1972",1250,1250,3,20,1.7e-05,0
"bcc73_022_thumb.jpg","1972",1250,1250,3,24,0.000663,0
"bcc73_022_thumb.jpg","1972",1250,1250,3,32,0.032433,0
"bcc73_022_thumb.jpg","1972",1250,1250,3,48,0.037532,0
"bcc73_022_thumb.jpg","1972",1250,1250,3,64,0.038411,0
"bcc73_023_thumb.jpg","1972",1250,1250,3,0,0,0
"bcc73_023_thumb.jpg","1972",1250,1250,3,4,0,0
"bcc73_023_thumb.jpg","1972",1250,1250,3,8,0,0
"bcc73_023_thumb.jpg","1972",1250,1250,3,12,0,0
"bcc73_023_thumb.jpg","1972",1250,1250,3,16,0,0
"bcc73_023_thumb.jpg","1972",1250,1250,3,20,1e-05,0
"bcc73_023_thumb.jpg","1972",1250,1250,3,24,0.000913,0
"bcc73_023_thumb.jpg","1972",1250,1250,3,32,0.032393,0
"bcc73_023_thumb.jpg","1972",1250,1250,3,48,0.037261,0
"bcc73_023_thumb.jpg","1972",1250,1250,3,64,0.038082,0
"bcc74_038_thumb.jpg","1972",1250,1250,3,0,4.8e-05,0
"bcc74_038_thumb.jpg","1972",1250,1250,3,4,0.0024,0
"bcc74_038_thumb.jpg","1972",1250,1250,3,8,0.002428,0
"bcc74_038_thumb.jpg","1972",1250,1250,3,12,0.003802,0
"bcc74_038_thumb.jpg","1972",1250,1250,3,16,0.014877,0
"bcc74_038_thumb.jpg","1972",1250,1250,3,20,0.02834,0
"bcc74_038_thumb.jpg","1972",1250,1250,3,24,0.033309,0
"bcc74_038_thumb.jpg","1972",1250,1250,3,32,0.036016,0
"bcc74_038_thumb.jpg","1972",1250,1250,3,48,0.036941,0
"bcc74_038_thumb.jpg","1972",1250,1250,3,64,0.037432,0
"bc5674_253_thumb.jpg","1975",1250,1250,1,0,0.002244,0
"bc5674_253_thumb.jpg","1975",1250,1250,1,4,0.002385,0
"bc5674_253_thumb.jpg","1975",1250,1250,1,8,0.0024,0
"bc5674_253_thumb.jpg","1975",1250,1250,1,12,0.0024,0
"bc5674_253_thumb.jpg","1975",1250,1250,1,16,0.0024,0
"bc5674_253_thumb.jpg","1975",1250,1250,1,20,0.0024,0
"bc5674_253_thumb.jpg","1975",1250,1250,1,24,0.0024,0
"bc5674_253_thumb.jpg","1975",1250,1250,1,32,0.002401,0
"bc5674_253_thumb.jpg","1975",1250,1250,1,48,0.037617,0
"bc5674_253_thumb.jpg","1975",1250,1250,1,64,0.056835,0
"bc5674_254_thumb.jpg","1975",1250,1250,1,0,0,0
"bc5674_254_thumb.jpg","1975",1250,1250,1,4,0,0
"bc5674_254_thumb.jpg","1975",1250,1250,1,8,0,0
"bc5674_254_thumb.jpg","1975",1250,1250,1,12,0,0
"bc5674_254_thumb.jpg","1975",1250,1250,1,16,0,0
"bc5674_254_thumb.jpg","1975",1250,1250,1,20,0,0
"bc5674_254_thumb.jpg","1975",1250,1250,1,24,0,0
"bc5674_254_thumb.jpg","1975",1250,1250,1,32,0,0
"bc5674_254_thumb.jpg","1975",1250,1250,1,48,0.034721,0
"bc5674_254_thumb.jpg","1975",1250,1250,1,64,0.054598,0
"bc5674_261_thumb.jpg","1975",1250,1250,1,0,0.002112,0
"bc5674_261_thumb.jpg","1975",1250,1250,1,4,0.002306,0
"bc5674_261_thumb.jpg","1975",1250,1250,1,8,0.002323,0
"bc5674_261_thumb.jpg","1975",1250,1250,1,12,0.002337,0
"bc5674_261_thumb.jpg","1975",1250,1250,1,16,0.002344,0
"bc5674_261_thumb.jpg","1975",1250,1250,1,20,0.002354,0
"bc5674_261_thumb.jpg","1975",1250,1250,1,24,0.002362,0
"bc5674_261_thumb.jpg","1975",1250,1250,1,32,0.002385,0
"bc5674_261_thumb.jpg","1975",1250,1250,1,48,0.039011,0
"bc5674_261_thumb.jpg","1975",1250,1250,1,64,0.052228,0
"bc5674_262_thumb.jpg","1975",1250,1250,1,0,0,0
"bc5674_262_thumb.jpg","1975",1250,1250,1,4,0,0
"bc5674_262_thumb.jpg","1975",1250,1250,1,8,0,0
"bc5674_262_thumb.jpg","1975",1250,1250,1,12,0,0
"bc5674_262_thumb.jpg","1975",1250,1250,1,16,0,0
"bc5674_262_thumb.jpg","1975",1250,1250,1,20,0,0
"bc5674_262_thumb.jpg","1975",1250,1250,1,24,0,0
"bc5674_262_thumb.jpg","1975",1250,1250,1,32,9e-06,0
"bc5674_262_thumb.jpg","1975",1250,1250,1,48,0.03754,0
"bc5674_262_thumb.jpg","1975",1250,1250,1,64,0.049807,0
"bc5674_263_thumb.jpg","1975",1250,1250,1,0,0.002124,0
"bc5674_263_thumb.jpg","1975",1250,1250,1,4,0.002319,0
"bc5674_263_thumb.jpg","1975",1250,1250,1,8,0.002333,0
"bc5674_263_thumb.jpg","1975",1250,1250,1,12,0.002342,0
"bc5674_263_thumb.jpg","1975",1250,1250,1,16,0.002346,0
"bc5674_263_thumb.jpg","1975",1250,1250,1,20,0.002358,0
"bc5674_263_thumb.jpg","1975",1250,1250,1,24,0.002364,0
"bc5674_263_thumb.jpg","1975",1250,1250,1,32,0.00239,0
"bc5674_263_thumb.jpg","1975",1250,1250,1,48,0.042102,0
"bc5674_263_thumb.jpg","1975",1250,1250,1,64,0.053299,0
"bc5674_264_thumb.jpg","1975",1250,1250,1,0,0,0
"bc5674_264_thumb.jpg","1975",1250,1250,1,4,0,0
"bc5674_264_thumb.jpg","1975",1250,1250,1,8,0,0
"bc5674_264_thumb.jpg","1975",1250,1250,1,12,0,0
"bc5674_264_thumb.jpg","1975",1250,1250,1,16,0,0
"bc5674_264_thumb.jpg","1975",1250,1250,1,20,0,0
"bc5674_264_thumb.jpg","1975",1250,1250,1,24,4e-06,0
"bc5674_264_thumb.jpg","1975",1250,1250,1,32,1e-05,0
"bc5674_264_thumb.jpg","1975",1250,1250,1,48,0.042704,0
"bc5674_264_thumb.jpg","1975",1250,1250,1,64,0.05056,0
"bc5675_002_thumb.jpg","1975",1250,1250,1,0,0.00125,0
"bc5675_002_thumb.jpg","1975",1250,1250,1,4,0.002364,0
"bc5675_002_thumb.jpg","1975",1250,1250,1,8,0.002383,0
"bc5675_002_thumb.jpg","1975",1250,1250,1,12,0.002388,0
"bc5675_002_thumb.jpg","1975",1250,1250,1,16,0.002431,0
"bc5675_002_thumb.jpg","1975",1250,1250,1,20,0.007015,0
"bc5675_002_thumb.jpg","1975",1250,1250,1,24,0.033489,0
"bc5675_002_thumb.jpg","1975",1250,1250,1,32,0.046861,0
"bc5675_002_thumb.jpg","1975",1250,1250,1,48,0.050709,0
"bc5675_002_thumb.jpg","1975",1250,1250,1,64,0.052072,0
"bc77033_093_thumb.jpg","1977",1250,1250,1,0,0.003919,0
"bc77033_093_thumb.jpg","1977",1250,1250,1,4,0.025488,0
"bc77033_093_thumb.jpg","1977",1250,1250,1,8,0.027868,0
"bc77033_093_thumb.jpg","1977",1250,1250,1,12,0.028719,0
"bc77033_093_thumb.jpg","1977",1250,1250,1,16,0.029377,0
"bc77033_093_thumb.jpg","1977",1250,1250,1,20,0.030393,0
"bc77033_093_thumb.jpg","1977",1250,1250,1,24,0.031597,0
"bc77033_093_thumb.jpg","1977",1250,1250,1,32,0.034596,0
"bc77033_093_thumb.jpg","1977",1250,1250,1,48,0.049852,0
"bc77033_093_thumb.jpg","1977",1250,1250,1,64,0.084657,0.003933
"bc77033_094_thumb.jpg","1977",1250,1250,1,0,0.00238,0
"bc77033_094_thumb.jpg","1977",1250,1250,1,4,0.025944,0
"bc77033_094_thumb.jpg","1977",1250,1250,1,8,0.036218,0
"bc77033_094_thumb.jpg","1977",1250,1250,1,12,0.03982,0
"bc77033_094_thumb.jpg","1977",1250,1250,1,16,0.044174,0
"bc77033_094_thumb.jpg","1977",1250,1250,1,20,0.047587,1e-06
"bc77033_094_thumb.jpg","1977",1250,1250,1,24,0.051336,0.000216
"bc77033_094_thumb.jpg","1977",1250,1250,1,32,0.056648,0.001065
"bc77033_094_thumb.jpg","1977",1250,1250,1,48,0.06702,0.003992
"bc77033_094_thumb.jpg","1977",1250,1250,1,64,0.08294,0.005993
"bc77033_095_thumb.jpg","1977",1250,1250,1,0,0.003889,0
"bc77033_095_thumb.jpg","1977",1250,1250,1,4,0.025123,0
"bc77033_095_thumb.jpg","1977",1250,1250,1,8,0.027775,0
"bc77033_095_thumb.jpg","1977",1250,1250,1,12,0.028636,0
"bc77033_095_thumb.jpg","1977",1250,1250,1,16,0.029409,0
"bc77033_095_thumb.jpg","1977",1250,1250,1,20,0.03026,0
"bc77033_095_thumb.jpg","1977",1250,1250,1,24,0.031322,0
"bc77033_095_thumb.jpg","1977",1250,1250,1,32,0.034955,0
"bc77033_095_thumb.jpg","1977",1250,1250,1,48,0.050234,0.00213
"bc77033_095_thumb.jpg","1977",1250,1250,1,64,0.070645,0.005686
"bc77033_096_thumb.jpg","1977",1250,1250,1,0,0.002625,0
"bc77033_096_thumb.jpg","1977",1250,1250,1,4,0.025521,0
"bc77033_096_thumb.jpg","1977",1250,1250,1,8,0.028294,0
"bc77033_096_thumb.jpg","1977",1250,1250,1,12,0.029531,0
"bc77033_096_thumb.jpg","1977",1250,1250,1,16,0.031075,0
"bc77033_096_thumb.jpg","1977",1250,1250,1,20,0.03236,0
"bc77033_096_thumb.jpg","1977",1250,1250,1,24,0.034423,0
"bc77033_096_thumb.jpg","1977",1250,1250,1,32,0.042853,0
"bc77033_096_thumb.jpg","1977",1250,1250,1,48,0.054452,0
"bc77033_096_thumb.jpg","1977",1250,1250,1,64,0.067345,0.001248
"bc77033_097_thumb.jpg","1977",1250,1250,1,0,0.003734,0
"bc77033_097_thumb.jpg","1977",1250,1250,1,4,0.026803,0
"bc77033_097_thumb.jpg","1977",1250,1250,1,8,0.03105,0
"bc77033_097_thumb.jpg","1977",1250,1250,1,12,0.033078,0
"bc77033_097_thumb.jpg","1977",1250,1250,1,16,0.034035,0
"bc77033_097_thumb.jpg","1977",1250,1250,1,20,0.034569,0
"bc77033_097_thumb.jpg","1977",1250,1250,1,24,0.035154,0
"bc77033_097_thumb.jpg","1977",1250,1250,1,32,0.036244,0
"bc77033_097_thumb.jpg","1977",1250,1250,1,48,0.040534,0
"bc77033_097_thumb.jpg","1977",1250,1250,1,64,0.055638,0.000232
"bc77033_098_thumb.jpg","1977",1250,1250,1,0,0.004166,0
"bc77033_098_thumb.jpg","1977",1250,1250,1,4,0.025665,0
"bc77033_098_thumb.jpg","1977",1250,1250,1,8,0.027818,0
"bc77033_098_thumb.jpg","1977",1250,1250,1,12,0.028767,0
"bc77033_098_thumb.jpg","1977",1250,1250,1,16,0.029267,0
"bc77033_098_thumb.jpg","1977",1250,1250,1,20,0.029731,0
"bc77033_098_thumb.jpg","1977",1250,1250,1,24,0.030086,0
"bc77033_098_thumb.jpg","1977",1250,1250,1,32,0.03068,0
"bc77033_098_thumb.jpg","1977",1250,1250,1,48,0.032204,0
"bc77033_098_thumb.jpg","1977",1250,1250,1,64,0.046549,0.000262
"bc77034_117_thumb.jpg","1977",1250,1250,1,0,0.002011,0
"bc77034_117_thumb.jpg","1977",1250,1250,1,4,0.023292,0
"bc77034_117_thumb.jpg","1977",1250,1250,1,8,0.025677,0
"bc77034_117_thumb.jpg","1977",1250,1250,1,12,0.026323,0
"bc77034_117_thumb.jpg","1977",1250,1250,1,16,0.026691,0
"bc77034_117_thumb.jpg","1977",1250,1250,1,20,0.026948,0
"bc77034_117_thumb.jpg","1977",1250,1250,1,24,0.027167,0
"bc77034_117_thumb.jpg","1977",1250,1250,1,32,0.027933,0
"bc77034_117_thumb.jpg","1977",1250,1250,1,48,0.030476,0
"bc77034_117_thumb.jpg","1977",1250,1250,1,64,0.041514,0
"bc77034_167_thumb.jpg","1977",1250,1250,1,0,0.003459,0
"bc77034_167_thumb.jpg","1977",1250,1250,1,4,0.0253,0
"bc77034_167_thumb.jpg","1977",1250,1250,1,8,0.028036,0
"bc77034_167_thumb.jpg","1977",1250,1250,1,12,0.028892,0
"bc77034_167_thumb.jpg","1977",1250,1250,1,16,0.029528,0
"bc77034_167_thumb.jpg","1977",1250,1250,1,20,0.030199,0
"bc77034_167_thumb.jpg","1977",1250,1250,1,24,0.030917,0
"bc77034_167_thumb.jpg","1977",1250,1250,1,32,0.033036,0
"bc77034_167_thumb.jpg","1977",1250,1250,1,48,0.039072,0
"bc77034_167_thumb.jpg","1977",1250,1250,1,64,0.053986,0.000353
"bc77034_168_thumb.jpg","1977",1250,1250,1,0,0.002504,0
"bc77034_168_thumb.jpg","1977",1250,1250,1,4,0.02305,0
"bc77034_168_thumb.jpg","1977",1250,1250,1,8,0.025944,0
"bc77034_168_thumb.jpg","1977",1250,1250,1,12,0.027285,0
"bc77034_168_thumb.jpg","1977",1250,1250,1,16,0.028362,0
"bc77034_168_thumb.jpg","1977",1250,1250,1,20,0.029679,0
"bc77034_168_thumb.jpg","1977",1250,1250,1,24,0.030695,0
"bc77034_168_thumb.jpg","1977",1250,1250,1,32,0.033542,0
"bc77034_168_thumb.jpg","1977",1250,1250,1,48,0.043859,0
"bc77034_168_thumb.jpg","1977",1250,1250,1,64,0.057888,1.6e-05
"bc77034_169_thumb.jpg","1977",1250,1250,1,0,0.003779,0
"bc77034_169_thumb.jpg","1977",1250,1250,1,4,0.025327,0
"bc77034_169_thumb.jpg","1977",1250,1250,1,8,0.028213,0
"bc77034_169_thumb.jpg","1977",1250,1250,1,12,0.02929,0
"bc77034_169_thumb.jpg","1977",1250,1250,1,16,0.030222,0
"bc77034_169_thumb.jpg","1977",1250,1250,1,20,0.031194,0
"bc77034_169_thumb.jpg","1977",1250,1250,1,24,0.032712,0
"bc77034_169_thumb.jpg","1977",1250,1250,1,32,0.035798,0
"bc77034_169_thumb.jpg","1977",1250,1250,1,48,0.045652,0
"bc77034_169_thumb.jpg","1977",1250,1250,1,64,0.070148,0.001528
"bc77034_170_thumb.jpg","1977",1250,1250,1,0,0.003416,0
"bc77034_170_thumb.jpg","1977",1250,1250,1,4,0.024965,0
"bc77034_170_thumb.jpg","1977",1250,1250,1,8,0.028109,0
"bc77034_170_thumb.jpg","1977",1250,1250,1,12,0.030004,0
"bc77034_170_thumb.jpg","1977",1250,1250,1,16,0.031771,0
"bc77034_170_thumb.jpg","1977",1250,1250,1,20,0.033343,0
"bc77034_170_thumb.jpg","1977",1250,1250,1,24,0.03493,0
"bc77034_170_thumb.jpg","1977",1250,1250,1,32,0.040188,0
"bc77034_170_thumb.jpg","1977",1250,1250,1,48,0.053151,1e-06
"bc77034_170_thumb.jpg","1977",1250,1250,1,64,0.083419,0.004547
"bc77034_171_thumb.jpg","1977",1250,1250,1,0,0.00357,0
"bc77034_171_thumb.jpg","1977",1250,1250,1,4,0.024983,0
"bc77034_171_thumb.jpg","1977",1250,1250,1,8,0.027893,0
"bc77034_171_thumb.jpg","1977",1250,1250,1,12,0.029043,0
"bc77034_171_thumb.jpg","1977",1250,1250,1,16,0.030602,0
"bc77034_171_thumb.jpg","1977",1250,1250,1,20,0.031617,0
"bc77034_171_thumb.jpg","1977",1250,1250,1,24,0.033092,0
"bc77034_171_thumb.jpg","1977",1250,1250,1,32,0.037356,0
"bc77034_171_thumb.jpg","1977",1250,1250,1,48,0.053398,0
"bc77034_171_thumb.jpg","1977",1250,1250,1,64,0.084378,0.00221
"bc77034_172_thumb.jpg","1977",1250,1250,1,0,0.003997,0
"bc77034_172_thumb.jpg","1977",1250,1250,1,4,0.025351,0
"bc77034_172_thumb.jpg","1977",1250,1250,1,8,0.028079,0
"bc77034_172_thumb.jpg","1977",1250,1250,1,12,0.029158,0
"bc77034_172_thumb.jpg","1977",1250,1250,1,16,0.029977,0
"bc77034_172_thumb.jpg","1977",1250,1250,1,20,0.031151,0
"bc77034_172_thumb.jpg","1977",1250,1250,1,24,0.033754,0
"bc77034_172_thumb.jpg","1977",1250,1250,1,32,0.03941,0
"bc77034_172_thumb.jpg","1977",1250,1250,1,48,0.057227,0.000105
"bc77034_172_thumb.jpg","1977",1250,1250,1,64,0.085968,0.003892
"bc77034_173_thumb.jpg","1977",1250,1250,1,0,0.002542,0
"bc77034_173_thumb.jpg","1977",1250,1250,1,4,0.02313,0
"bc77034_173_thumb.jpg","1977",1250,1250,1,8,0.025811,0
"bc77034_173_thumb.jpg","1977",1250,1250,1,12,0.02708,0
"bc77034_173_thumb.jpg","1977",1250,1250,1,16,0.028104,0
"bc77034_173_thumb.jpg","1977",1250,1250,1,20,0.029412,0
"bc77034_173_thumb.jpg","1977",1250,1250,1,24,0.03087,0
"bc77034_173_thumb.jpg","1977",1250,1250,1,32,0.034914,0
"bc77034_173_thumb.jpg","1977",1250,1250,1,48,0.043345,0
"bc77034_173_thumb.jpg","1977",1250,1250,1,64,0.061409,7.4e-05
"bc77034_174_thumb.jpg","1977",1250,1250,1,0,0.002762,0
"bc77034_174_thumb.jpg","1977",1250,1250,1,4,0.023516,0
"bc77034_174_thumb.jpg","1977",1250,1250,1,8,0.026252,0
"bc77034_174_thumb.jpg","1977",1250,1250,1,12,0.027213,0
"bc77034_174_thumb.jpg","1977",1250,1250,1,16,0.027855,0
"bc77034_174_thumb.jpg","1977",1250,1250,1,20,0.02844,0
"bc77034_174_thumb.jpg","1977",1250,1250,1,24,0.029095,0
"bc77034_174_thumb.jpg","1977",1250,1250,1,32,0.030796,0
"bc77034_174_thumb.jpg","1977",1250,1250,1,48,0.03919,0
"bc77034_174_thumb.jpg","1977",1250,1250,1,64,0.054399,0.000464
"bc77108_070_thumb.jpg","1977",1250,1250,1,0,0.000193,0
"bc77108_070_thumb.jpg","1977",1250,1250,1,4,0.054369,0
"bc77108_070_thumb.jpg","1977",1250,1250,1,8,0.05736,0
"bc77108_070_thumb.jpg","1977",1250,1250,1,12,0.058744,0
"bc77108_070_thumb.jpg","1977",1250,1250,1,16,0.05958,0
"bc77108_070_thumb.jpg","1977",1250,1250,1,20,0.060336,0
"bc77108_070_thumb.jpg","1977",1250,1250,1,24,0.061219,0
"bc77108_070_thumb.jpg","1977",1250,1250,1,32,0.063285,0
"bc77108_070_thumb.jpg","1977",1250,1250,1,48,0.070112,5.5e-05
"bc77108_070_thumb.jpg","1977",1250,1250,1,64,0.089859,0.001948
"bc77108_071_thumb.jpg","1977",1250,1250,1,0,0.000248,0
"bc77108_071_thumb.jpg","1977",1250,1250,1,4,0.054555,0
"bc77108_071_thumb.jpg","1977",1250,1250,1,8,0.057592,0
"bc77108_071_thumb.jpg","1977",1250,1250,1,12,0.05863,0
"bc77108_071_thumb.jpg","1977",1250,1250,1,16,0.05935,0
"bc77108_071_thumb.jpg","1977",1250,1250,1,20,0.059853,0
"bc77108_071_thumb.jpg","1977",1250,1250,1,24,0.060438,0
"bc77108_071_thumb.jpg","1977",1250,1250,1,32,0.062307,0
"bc77108_071_thumb.jpg","1977",1250,1250,1,48,0.069214,0
"bc77108_071_thumb.jpg","1977",1250,1250,1,64,0.086206,0.00296
"bc77108_072_thumb.jpg","1977",1250,1250,1,0,0.000223,0
"bc77108_072_thumb.jpg","1977",1250,1250,1,4,0.055144,0
"bc77108_072_thumb.jpg","1977",1250,1250,1,8,0.0581,0
"bc77108_072_thumb.jpg","1977",1250,1250,1,12,0.059464,0
"bc77108_072_thumb.jpg","1977",1250,1250,1,16,0.060276,0
"bc77108_072_thumb.jpg","1977",1250,1250,1,20,0.060868,0
"bc77108_072_thumb.jpg","1977",1250,1250,1,24,0.061672,0
"bc77108_072_thumb.jpg","1977",1250,1250,1,32,0.063087,0
"bc77108_072_thumb.jpg","1977",1250,1250,1,48,0.068516,0
"bc77108_072_thumb.jpg","1977",1250,1250,1,64,0.08346,0.00049
"bc78107_217_thumb.jpg","1978",1250,1249,1,0,0.003675,0
"bc78107_217_thumb.jpg","1978",1250,1249,1,4,0.024657,0
"bc78107_217_thumb.jpg","1978",1250,1249,1,8,0.040193,4.1e-05
"bc78107_217_thumb.jpg","1978",1250,1249,1,12,0.055942,0.001164
"bc78107_217_thumb.jpg","1978",1250,1249,1,16,0.067294,0.00317
"bc78107_217_thumb.jpg","1978",1250,1249,1,20,0.078576,0.005456
"bc78107_217_thumb.jpg","1978",1250,1249,1,24,0.090697,0.00904
"bc78107_217_thumb.jpg","1978",1250,1249,1,32,0.116293,0.019813
"bc78107_217_thumb.jpg","1978",1250,1249,1,48,0.176009,0.062378
"bc78107_217_thumb.jpg","1978",1250,1249,1,64,0.26417,0.143763
"bc78107_218_thumb.jpg","1978",1250,1250,1,0,0.004432,0
"bc78107_218_thumb.jpg","1978",1250,1250,1,4,0.025203,0
"bc78107_218_thumb.jpg","1978",1250,1250,1,8,0.045955,0
"bc78107_218_thumb.jpg","1978",1250,1250,1,12,0.05682,0.001416
"bc78107_218_thumb.jpg","1978",1250,1250,1,16,0.070734,0.004063
"bc78107_218_thumb.jpg","1978",1250,1250,1,20,0.08397,0.006409
"bc78107_218_thumb.jpg","1978",1250,1250,1,24,0.09378,0.007656
"bc78107_218_thumb.jpg","1978",1250,1250,1,32,0.118157,0.012723
"bc78107_218_thumb.jpg","1978",1250,1250,1,48,0.159652,0.026317
"bc78107_218_thumb.jpg","1978",1250,1250,1,64,0.240372,0.077284
"bc78107_219_thumb.jpg","1978",1250,1250,1,0,0.005955,0
"bc78107_219_thumb.jpg","1978",1250,1250,1,4,0.027848,0
"bc78107_219_thumb.jpg","1978",1250,1250,1,8,0.040767,0.00015
"bc78107_219_thumb.jpg","1978",1250,1250,1,12,0.050278,0.000398
"bc78107_219_thumb.jpg","1978",1250,1250,1,16,0.06367,0.001008
"bc78107_219_thumb.jpg","1978",1250,1250,1,20,0.077806,0.003426
"bc78107_219_thumb.jpg","1978",1250,1250,1,24,0.094755,0.006589
"bc78107_219_thumb.jpg","1978",1250,1250,1,32,0.125397,0.014816
"bc78107_219_thumb.jpg","1978",1250,1250,1,48,0.196248,0.055856
"bc78107_219_thumb.jpg","1978",1250,1250,1,64,0.278342,0.119507
"bc78107_220_thumb.jpg","1978",1250,1250,1,0,0.004212,0
"bc78107_220_thumb.jpg","1978",1250,1250,1,4,0.027084,0
"bc78107_220_thumb.jpg","1978",1250,1250,1,8,0.037562,0
"bc78107_220_thumb.jpg","1978",1250,1250,1,12,0.051514,0
"bc78107_220_thumb.jpg","1978",1250,1250,1,16,0.060828,5.6e-05
"bc78107_220_thumb.jpg","1978",1250,1250,1,20,0.073962,0.001008
"bc78107_220_thumb.jpg","1978",1250,1250,1,24,0.087496,0.003059
"bc78107_220_thumb.jpg","1978",1250,1250,1,32,0.112722,0.008388
"bc78107_220_thumb.jpg","1978",1250,1250,1,48,0.187558,0.058666
"bc78107_220_thumb.jpg","1978",1250,1250,1,64,0.282348,0.130834
"bc78107_221_thumb.jpg","1978",1250,1249,1,0,0.005465,0
"bc78107_221_thumb.jpg","1978",1250,1249,1,4,0.026082,0
"bc78107_221_thumb.jpg","1978",1250,1249,1,8,0.038394,0
"bc78107_221_thumb.jpg","1978",1250,1249,1,12,0.051596,0.004196
"bc78107_221_thumb.jpg","1978",1250,1249,1,16,0.063818,0.007975
"bc78107_221_thumb.jpg","1978",1250,1249,1,20,0.074317,0.010537
"bc78107_221_thumb.jpg","1978",1250,1249,1,24,0.087036,0.014794
"bc78107_221_thumb.jpg","1978",1250,1249,1,32,0.110589,0.022138
"bc78107_221_thumb.jpg","1978",1250,1249,1,48,0.171218,0.051042
"bc78107_221_thumb.jpg","1978",1250,1249,1,64,0.240322,0.103521
"bc78142_021_thumb.jpg","1978",1250,1250,1,0,0.000538,0
"bc78142_021_thumb.jpg","1978",1250,1250,1,4,0.031956,0
"bc78142_021_thumb.jpg","1978",1250,1250,1,8,0.034547,0
"bc78142_021_thumb.jpg","1978",1250,1250,1,12,0.035176,0
"bc78142_021_thumb.jpg","1978",1250,1250,1,16,0.035484,0
"bc78142_021_thumb.jpg","1978",1250,1250,1,20,0.035649,0
"bc78142_021_thumb.jpg","1978",1250,1250,1,24,0.035793,0
"bc78142_021_thumb.jpg","1978",1250,1250,1,32,0.036104,0
"bc78142_021_thumb.jpg","1978",1250,1250,1,48,0.036756,0
"bc78142_021_thumb.jpg","1978",1250,1250,1,64,0.038323,0
"bc78142_022_thumb.jpg","1978",1250,1250,1,0,0.000516,0
"bc78142_022_thumb.jpg","1978",1250,1250,1,4,0.033158,0
"bc78142_022_thumb.jpg","1978",1250,1250,1,8,0.035828,0
"bc78142_022_thumb.jpg","1978",1250,1250,1,12,0.036385,0
"bc78142_022_thumb.jpg","1978",1250,1250,1,16,0.036667,0
"bc78142_022_thumb.jpg","1978",1250,1250,1,20,0.036855,0
"bc78142_022_thumb.jpg","1978",1250,1250,1,24,0.037017,0
"bc78142_022_thumb.jpg","1978",1250,1250,1,32,0.037412,0
"bc78142_022_thumb.jpg","1978",1250,1250,1,48,0.038753,0
"bc78142_022_thumb.jpg","1978",1250,1250,1,64,0.041495,0
"bc78142_023_thumb.jpg","1978",1250,1250,1,0,0.000437,0
"bc78142_023_thumb.jpg","1978",1250,1250,1,4,0.034445,0
"bc78142_023_thumb.jpg","1978",1250,1250,1,8,0.036698,0
"bc78142_023_thumb.jpg","1978",1250,1250,1,12,0.037261,0
"bc78142_023_thumb.jpg","1978",1250,1250,1,16,0.037516,0
"bc78142_023_thumb.jpg","1978",1250,1250,1,20,0.037683,0
"bc78142_023_thumb.jpg","1978",1250,1250,1,24,0.037848,0
"bc78142_023_thumb.jpg","1978",1250,1250,1,32,0.03815,0
"bc78142_023_thumb.jpg","1978",1250,1250,1,48,0.038726,0
"bc78142_023_thumb.jpg","1978",1250,1250,1,64,0.040044,0
"bc78142_066_thumb.jpg","1978",1250,1250,1,0,0.000941,0
"bc78142_066_thumb.jpg","1978",1250,1250,1,4,0.030162,0
"bc78142_066_thumb.jpg","1978",1250,1250,1,8,0.033181,0
"bc78142_066_thumb.jpg","1978",1250,1250,1,12,0.034255,0
"bc78142_066_thumb.jpg","1978",1250,1250,1,16,0.036607,0
"bc78142_066_thumb.jpg","1978",1250,1250,1,20,0.037693,0
"bc78142_066_thumb.jpg","1978",1250,1250,1,24,0.040566,0
"bc78142_066_thumb.jpg","1978",1250,1250,1,32,0.044772,0.000146
"bc78142_066_thumb.jpg","1978",1250,1250,1,48,0.051971,0.00132
"bc78142_066_thumb.jpg","1978",1250,1250,1,64,0.063328,0.004401
"bc78142_067_thumb.jpg","1978",1250,1250,1,0,0.000775,0
"bc78142_067_thumb.jpg","1978",1250,1250,1,4,0.02984,0
"bc78142_067_thumb.jpg","1978",1250,1250,1,8,0.032642,0
"bc78142_067_thumb.jpg","1978",1250,1250,1,12,0.033565,0
"bc78142_067_thumb.jpg","1978",1250,1250,1,16,0.034173,0
"bc78142_067_thumb.jpg","1978",1250,1250,1,20,0.034694,0
"bc78142_067_thumb.jpg","1978",1250,1250,1,24,0.035197,0
"bc78142_067_thumb.jpg","1978",1250,1250,1,32,0.036269,0
"bc78142_067_thumb.jpg","1978",1250,1250,1,48,0.041185,0
"bc78142_067_thumb.jpg","1978",1250,1250,1,64,0.053627,3e-06
"bc78142_068_thumb.jpg","1978",1250,1250,1,0,0.000899,0
"bc78142_068_thumb.jpg","1978",1250,1250,1,4,0.030385,0
"bc78142_068_thumb.jpg","1978",1250,1250,1,8,0.033294,0
"bc78142_068_thumb.jpg","1978",1250,1250,1,12,0.034008,0
"bc78142_068_thumb.jpg","1978",1250,1250,1,16,0.034344,0
"bc78142_068_thumb.jpg","1978",1250,1250,1,20,0.034607,0
"bc78142_068_thumb.jpg","1978",1250,1250,1,24,0.034864,0
"bc78142_068_thumb.jpg","1978",1250,1250,1,32,0.036013,0
"bc78142_068_thumb.jpg","1978",1250,1250,1,48,0.038108,0
"bc78142_068_thumb.jpg","1978",1250,1250,1,64,0.048321,4.1e-05
"bc78142_070_thumb.jpg","1978",1250,1250,1,0,0.001365,0
"bc78142_070_thumb.jpg","1978",1250,1250,1,4,0.030332,0
"bc78142_070_thumb.jpg","1978",1250,1250,1,8,0.036041,0
"bc78142_070_thumb.jpg","1978",1250,1250,1,12,0.040005,0
"bc78142_070_thumb.jpg","1978",1250,1250,1,16,0.043677,0.000267
"bc78142_070_thumb.jpg","1978",1250,1250,1,20,0.046618,0.000465
"bc78142_070_thumb.jpg","1978",1250,1250,1,24,0.049976,0.000587
"bc78142_070_thumb.jpg","1978",1250,1250,1,32,0.054065,0.000937
"bc78142_070_thumb.jpg","1978",1250,1250,1,48,0.068924,0.004883
"bc78142_070_thumb.jpg","1978",1250,1250,1,64,0.092164,0.011635
"bc78142_071_thumb.jpg","1978",1250,1250,1,0,0.001473,0
"bc78142_071_thumb.jpg","1978",1250,1250,1,4,0.031113,0
"bc78142_071_thumb.jpg","1978",1250,1250,1,8,0.039357,0
"bc78142_071_thumb.jpg","1978",1250,1250,1,12,0.042208,0
"bc78142_071_thumb.jpg","1978",1250,1250,1,16,0.047084,0
"bc78142_071_thumb.jpg","1978",1250,1250,1,20,0.051023,1.3e-05
"bc78142_071_thumb.jpg","1978",1250,1250,1,24,0.053853,3.7e-05
"bc78142_071_thumb.jpg","1978",1250,1250,1,32,0.059984,9.8e-05
"bc78142_071_thumb.jpg","1978",1250,1250,1,48,0.077957,0.00564
"bc78142_071_thumb.jpg","1978",1250,1250,1,64,0.10781,0.01643
"bc78142_072_thumb.jpg","1978",1250,1250,1,0,0.001304,0
"bc78142_072_thumb.jpg","1978",1250,1250,1,4,0.031674,0
"bc78142_072_thumb.jpg","1978",1250,1250,1,8,0.042502,0
"bc78142_072_thumb.jpg","1978",1250,1250,1,12,0.048567,0
"bc78142_072_thumb.jpg","1978",1250,1250,1,16,0.053331,0
"bc78142_072_thumb.jpg","1978",1250,1250,1,20,0.056844,9.8e-05
"bc78142_072_thumb.jpg","1978",1250,1250,1,24,0.060936,0.000202
"bc78142_072_thumb.jpg","1978",1250,1250,1,32,0.074358,0.003191
"bc78142_072_thumb.jpg","1978",1250,1250,1,48,0.104777,0.012579
"bc78142_072_thumb.jpg","1978",1250,1250,1,64,0.143629,0.031077
"bc78153_001_thumb.jpg","1978",1250,1250,1,0,0.000479,0
"bc78153_001_thumb.jpg","1978",1250,1250,1,4,0.040674,0
"bc78153_001_thumb.jpg","1978",1250,1250,1,8,0.043346,0
"bc78153_001_thumb.jpg","1978",1250,1250,1,12,0.04406,0
"bc78153_001_thumb.jpg","1978",1250,1250,1,16,0.044408,0
"bc78153_001_thumb.jpg","1978",1250,1250,1,20,0.044743,0
"bc78153_001_thumb.jpg","1978",1250,1250,1,24,0.04518,0
"bc78153_001_thumb.jpg","1978",1250,1250,1,32,0.046469,0
"bc78153_001_thumb.jpg","1978",1250,1250,1,48,0.059421,0.001236
"bc78153_001_thumb.jpg","1978",1250,1250,1,64,0.076212,0.002431
"bc78153_002_thumb.jpg","1978",1250,1250,1,0,0.000195,0
"bc78153_002_thumb.jpg","1978",1250,1250,1,4,0.04049,0
"bc78153_002_thumb.jpg","1978",1250,1250,1,8,0.043496,0
"bc78153_002_thumb.jpg","1978",1250,1250,1,12,0.044348,0
"bc78153_002_thumb.jpg","1978",1250,1250,1,16,0.044694,0
"bc78153_002_thumb.jpg","1978",1250,1250,1,20,0.044993,0
"bc78153_002_thumb.jpg","1978",1250,1250,1,24,0.045403,0
"bc78153_002_thumb.jpg","1978",1250,1250,1,32,0.046566,0
"bc78153_002_thumb.jpg","1978",1250,1250,1,48,0.050463,0
"bc78153_002_thumb.jpg","1978",1250,1250,1,64,0.098902,0.035726
"bc78153_003_thumb.jpg","1978",1250,1250,1,0,0.000263,0
"bc78153_003_thumb.jpg","1978",1250,1250,1,4,0.040138,0
"bc78153_003_thumb.jpg","1978",1250,1250,1,8,0.042971,0
"bc78153_003_thumb.jpg","1978",1250,1250,1,12,0.043923,0
"bc78153_003_thumb.jpg","1978",1250,1250,1,16,0.044321,0
"bc78153_003_thumb.jpg","1978",1250,1250,1,20,0.044604,0
"bc78153_003_thumb.jpg","1978",1250,1250,1,24,0.044957,0
"bc78153_003_thumb.jpg","1978",1250,1250,1,32,0.046285,0
"bc78153_003_thumb.jpg","1978",1250,1250,1,48,0.051213,0
"bc78153_003_thumb.jpg","1978",1250,1250,1,64,0.062798,0.000415
"bc78153_004_thumb.jpg","1978",1250,1250,1,0,0.000171,0
"bc78153_004_thumb.jpg","1978",1250,1250,1,4,0.039311,0
"bc78153_004_thumb.jpg","1978",1250,1250,1,8,0.042252,0
"bc78153_004_thumb.jpg","1978",1250,1250,1,12,0.043116,0
"bc78153_004_thumb.jpg","1978",1250,1250,1,16,0.043708,0
"bc78153_004_thumb.jpg","1978",1250,1250,1,20,0.044569,0
"bc78153_004_thumb.jpg","1978",1250,1250,1,24,0.045447,0
"bc78153_004_thumb.jpg","1978",1250,1250,1,32,0.047829,0
"bc78153_004_thumb.jpg","1978",1250,1250,1,48,0.05145,0
"bc78153_004_thumb.jpg","1978",1250,1250,1,64,0.065883,0.002255
"bc79058_113_12n_thumb.jpg","1979",1250,1250,1,0,0.003393,0
"bc79058_113_12n_thumb.jpg","1979",1250,1250,1,4,0.018027,0
"bc79058_113_12n_thumb.jpg","1979",1250,1250,1,8,0.020198,0
"bc79058_113_12n_thumb.jpg","1979",1250,1250,1,12,0.021682,0
"bc79058_113_12n_thumb.jpg","1979",1250,1250,1,16,0.022864,0
"bc79058_113_12n_thumb.jpg","1979",1250,1250,1,20,0.024566,0
"bc79058_113_12n_thumb.jpg","1979",1250,1250,1,24,0.029206,0
"bc79058_113_12n_thumb.jpg","1979",1250,1250,1,32,0.041155,0.000402
"bc79058_113_12n_thumb.jpg","1979",1250,1250,1,48,0.066348,0.005743
"bc79058_113_12n_thumb.jpg","1979",1250,1250,1,64,0.091862,0.016583
"bc79058_114_12n_thumb.jpg","1979",1250,1250,1,0,0.00162,0
"bc79058_114_12n_thumb.jpg","1979",1250,1250,1,4,0.017281,0
"bc79058_114_12n_thumb.jpg","1979",1250,1250,1,8,0.019167,0
"bc79058_114_12n_thumb.jpg","1979",1250,1250,1,12,0.019953,0
"bc79058_114_12n_thumb.jpg","1979",1250,1250,1,16,0.022448,0
"bc79058_114_12n_thumb.jpg","1979",1250,1250,1,20,0.023924,0
"bc79058_114_12n_thumb.jpg","1979",1250,1250,1,24,0.025775,0
"bc79058_114_12n_thumb.jpg","1979",1250,1250,1,32,0.028378,0
"bc79058_114_12n_thumb.jpg","1979",1250,1250,1,48,0.044466,0.000361
"bc79058_114_12n_thumb.jpg","1979",1250,1250,1,64,0.069348,0.005289
"bc79058_194_12n_thumb.jpg","1979",1250,1250,1,0,0.002077,0
"bc79058_194_12n_thumb.jpg","1979",1250,1250,1,4,0.018849,0
"bc79058_194_12n_thumb.jpg","1979",1250,1250,1,8,0.020903,0
"bc79058_194_12n_thumb.jpg","1979",1250,1250,1,12,0.021779,0
"bc79058_194_12n_thumb.jpg","1979",1250,1250,1,16,0.022312,0
"bc79058_194_12n_thumb.jpg","1979",1250,1250,1,20,0.022765,0
"bc79058_194_12n_thumb.jpg","1979",1250,1250,1,24,0.023453,0
"bc79058_194_12n_thumb.jpg","1979",1250,1250,1,32,0.026383,0
"bc79058_194_12n_thumb.jpg","1979",1250,1250,1,48,0.039868,4.4e-05
"bc79058_194_12n_thumb.jpg","1979",1250,1250,1,64,0.064616,0.004095
"bc80055_259_thumb.jpg","1980",1250,1250,1,0,0,0
"bc80055_259_thumb.jpg","1980",1250,1250,1,4,0,0
"bc80055_259_thumb.jpg","1980",1250,1250,1,8,0,0
"bc80055_259_thumb.jpg","1980",1250,1250,1,12,0,0
"bc80055_259_thumb.jpg","1980",1250,1250,1,16,0,0
"bc80055_259_thumb.jpg","1980",1250,1250,1,20,4e-06,0
"bc80055_259_thumb.jpg","1980",1250,1250,1,24,1.7e-05,0
"bc80055_259_thumb.jpg","1980",1250,1250,1,32,0.008777,0
"bc80055_259_thumb.jpg","1980",1250,1250,1,48,0.013834,0
"bc80055_259_thumb.jpg","1980",1250,1250,1,64,0.017178,0
"bc80055_260_thumb.jpg","1980",1250,1250,1,0,0,0
"bc80055_260_thumb.jpg","1980",1250,1250,1,4,0,0
"bc80055_260_thumb.jpg","1980",1250,1250,1,8,0,0
"bc80055_260_thumb.jpg","1980",1250,1250,1,12,0,0
"bc80055_260_thumb.jpg","1980",1250,1250,1,16,0,0
"bc80055_260_thumb.jpg","1980",1250,1250,1,20,2e-06,0
"bc80055_260_thumb.jpg","1980",1250,1250,1,24,6.3e-05,0
"bc80055_260_thumb.jpg","1980",1250,1250,1,32,0.008877,0
"bc80055_260_thumb.jpg","1980",1250,1250,1,48,0.013825,0
"bc80055_260_thumb.jpg","1980",1250,1250,1,64,0.022792,0
"bc80055_261_thumb.jpg","1980",1250,1250,1,0,0.001446,0
"bc80055_261_thumb.jpg","1980",1250,1250,1,4,0.002285,0
"bc80055_261_thumb.jpg","1980",1250,1250,1,8,0.002354,0
"bc80055_261_thumb.jpg","1980",1250,1250,1,12,0.002364,0
"bc80055_261_thumb.jpg","1980",1250,1250,1,16,0.002373,0
"bc80055_261_thumb.jpg","1980",1250,1250,1,20,0.002381,0
"bc80055_261_thumb.jpg","1980",1250,1250,1,24,0.002408,0
"bc80055_261_thumb.jpg","1980",1250,1250,1,32,0.010746,0
"bc80055_261_thumb.jpg","1980",1250,1250,1,48,0.015583,0
"bc80055_261_thumb.jpg","1980",1250,1250,1,64,0.019914,0
"bc80055_262_thumb.jpg","1980",1250,1250,1,0,0,0
"bc80055_262_thumb.jpg","1980",1250,1250,1,4,0,0
"bc80055_262_thumb.jpg","1980",1250,1250,1,8,0,0
"bc80055_262_thumb.jpg","1980",1250,1250,1,12,0,0
"bc80055_262_thumb.jpg","1980",1250,1250,1,16,0,0
"bc80055_262_thumb.jpg","1980",1250,1250,1,20,0,0
"bc80055_262_thumb.jpg","1980",1250,1250,1,24,2.1e-05,0
"bc80055_262_thumb.jpg","1980",1250,1250,1,32,0.008088,0
"bc80055_262_thumb.jpg","1980",1250,1250,1,48,0.014119,0
"bc80055_262_thumb.jpg","1980",1250,1250,1,64,0.016798,0
"bc80055_282_thumb.jpg","1980",1250,1250,1,0,0,0
"bc80055_282_thumb.jpg","1980",1250,1250,1,4,0,0
"bc80055_282_thumb.jpg","1980",1250,1250,1,8,0,0
"bc80055_282_thumb.jpg","1980",1250,1250,1,12,0,0
"bc80055_282_thumb.jpg","1980",1250,1250,1,16,0,0
"bc80055_282_thumb.jpg","1980",1250,1250,1,20,6e-06,0
"bc80055_282_thumb.jpg","1980",1250,1250,1,24,2.9e-05,0
"bc80055_282_thumb.jpg","1980",1250,1250,1,32,0.007373,0
"bc80055_282_thumb.jpg","1980",1250,1250,1,48,0.013472,0
"bc80055_282_thumb.jpg","1980",1250,1250,1,64,0.014471,0
"bc80055_283_thumb.jpg","1980",1250,1250,1,0,0.001344,0
"bc80055_283_thumb.jpg","1980",1250,1250,1,4,0.002239,0
"bc80055_283_thumb.jpg","1980",1250,1250,1,8,0.002339,0
"bc80055_283_thumb.jpg","1980",1250,1250,1,12,0.002358,0
"bc80055_283_thumb.jpg","1980",1250,1250,1,16,0.002367,0
"bc80055_283_thumb.jpg","1980",1250,1250,1,20,0.002375,0
"bc80055_283_thumb.jpg","1980",1250,1250,1,24,0.002411,0
"bc80055_283_thumb.jpg","1980",1250,1250,1,32,0.009647,0
"bc80055_283_thumb.jpg","1980",1250,1250,1,48,0.015105,0
"bc80055_283_thumb.jpg","1980",1250,1250,1,64,0.019998,0
"bc80055_284_thumb.jpg","1980",1250,1250,1,0,0.001329,0
"bc80055_284_thumb.jpg","1980",1250,1250,1,4,0.002264,0
"bc80055_284_thumb.jpg","1980",1250,1250,1,8,0.002398,0
"bc80055_284_thumb.jpg","1980",1250,1250,1,12,0.0024,0
"bc80055_284_thumb.jpg","1980",1250,1250,1,16,0.0024,0
"bc80055_284_thumb.jpg","1980",1250,1250,1,20,0.002402,0
"bc80055_284_thumb.jpg","1980",1250,1250,1,24,0.002412,0
"bc80055_284_thumb.jpg","1980",1250,1250,1,32,0.010889,0
"bc80055_284_thumb.jpg","1980",1250,1250,1,48,0.016301,0
"bc80055_284_thumb.jpg","1980",1250,1250,1,64,0.018499,0
"bc80055_285_thumb.jpg","1980",1250,1250,1,0,0.001281,0
"bc80055_285_thumb.jpg","1980",1250,1250,1,4,0.002248,0
"bc80055_285_thumb.jpg","1980",1250,1250,1,8,0.0024,0
"bc80055_285_thumb.jpg","1980",1250,1250,1,12,0.0024,0
"bc80055_285_thumb.jpg","1980",1250,1250,1,16,0.0024,0
"bc80055_285_thumb.jpg","1980",1250,1250,1,20,0.002402,0
"bc80055_285_thumb.jpg","1980",1250,1250,1,24,0.00244,0
"bc80055_285_thumb.jpg","1980",1250,1250,1,32,0.010934,0
"bc80055_285_thumb.jpg","1980",1250,1250,1,48,0.015304,0
"bc80055_285_thumb.jpg","1980",1250,1250,1,64,0.018208,0
"bc80055_315_thumb.jpg","1980",1250,1250,1,0,0.001436,0
"bc80055_315_thumb.jpg","1980",1250,1250,1,4,0.002337,0
"bc80055_315_thumb.jpg","1980",1250,1250,1,8,0.002394,0
"bc80055_315_thumb.jpg","1980",1250,1250,1,12,0.0024,0
"bc80055_315_thumb.jpg","1980",1250,1250,1,16,0.002402,0
"bc80055_315_thumb.jpg","1980",1250,1250,1,20,0.00241,0
"bc80055_315_thumb.jpg","1980",1250,1250,1,24,0.002497,0
"bc80055_315_thumb.jpg","1980",1250,1250,1,32,0.010786,0
"bc80055_315_thumb.jpg","1980",1250,1250,1,48,0.01641,0
"bc80055_315_thumb.jpg","1980",1250,1250,1,64,0.022018,0
"bc80079_263_thumb.jpg","1980",1250,1250,1,0,0,0
"bc80079_263_thumb.jpg","1980",1250,1250,1,4,0,0
"bc80079_263_thumb.jpg","1980",1250,1250,1,8,0,0
"bc80079_263_thumb.jpg","1980",1250,1250,1,12,1.5e-05,0
"bc80079_263_thumb.jpg","1980",1250,1250,1,16,0.001443,0
"bc80079_263_thumb.jpg","1980",1250,1250,1,20,0.030424,0
"bc80079_263_thumb.jpg","1980",1250,1250,1,24,0.039717,0
"bc80079_263_thumb.jpg","1980",1250,1250,1,32,0.042208,0
"bc80079_263_thumb.jpg","1980",1250,1250,1,48,0.043169,0
"bc80079_263_thumb.jpg","1980",1250,1250,1,64,0.043905,0
"bc80079_264_thumb.jpg","1980",1250,1250,1,0,0,0
"bc80079_264_thumb.jpg","1980",1250,1250,1,4,0,0
"bc80079_264_thumb.jpg","1980",1250,1250,1,8,0,0
"bc80079_264_thumb.jpg","1980",1250,1250,1,12,5e-05,0
"bc80079_264_thumb.jpg","1980",1250,1250,1,16,0.002792,0
"bc80079_264_thumb.jpg","1980",1250,1250,1,20,0.029516,0
"bc80079_264_thumb.jpg","1980",1250,1250,1,24,0.038314,0
"bc80079_264_thumb.jpg","1980",1250,1250,1,32,0.040731,0
"bc80079_264_thumb.jpg","1980",1250,1250,1,48,0.041619,0
"bc80079_264_thumb.jpg","1980",1250,1250,1,64,0.042381,0
"bc80079_265_thumb.jpg","1980",1250,1250,1,0,0,0
"bc80079_265_thumb.jpg","1980",1250,1250,1,4,0,0
"bc80079_265_thumb.jpg","1980",1250,1250,1,8,0,0
"bc80079_265_thumb.jpg","1980",1250,1250,1,12,4e-05,0
"bc80079_265_thumb.jpg","1980",1250,1250,1,16,0.002611,0
"bc80079_265_thumb.jpg","1980",1250,1250,1,20,0.029035,0
"bc80079_265_thumb.jpg","1980",1250,1250,1,24,0.038222,0
"bc80079_265_thumb.jpg","1980",1250,1250,1,32,0.040706,0
"bc80079_265_thumb.jpg","1980",1250,1250,1,48,0.041626,0
"bc80079_265_thumb.jpg","1980",1250,1250,1,64,0.042379,0
"bc80108_046_thumb.jpg","1980",1250,1250,1,0,0.001669,0
"bc80108_046_thumb.jpg","1980",1250,1250,1,4,0.0319,0
"bc80108_046_thumb.jpg","1980",1250,1250,1,8,0.035706,0
"bc80108_046_thumb.jpg","1980",1250,1250,1,12,0.038141,0
"bc80108_046_thumb.jpg","1980",1250,1250,1,16,0.040655,0
"bc80108_046_thumb.jpg","1980",1250,1250,1,20,0.043046,0
"bc80108_046_thumb.jpg","1980",1250,1250,1,24,0.045585,0
"bc80108_046_thumb.jpg","1980",1250,1250,1,32,0.051415,0
"bc80108_046_thumb.jpg","1980",1250,1250,1,48,0.066191,9.8e-05
"bc80108_046_thumb.jpg","1980",1250,1250,1,64,0.098692,0.005733
"bc80108_047_thumb.jpg","1980",1250,1250,1,0,0.001755,0
"bc80108_047_thumb.jpg","1980",1250,1250,1,4,0.032324,0
"bc80108_047_thumb.jpg","1980",1250,1250,1,8,0.034913,0
"bc80108_047_thumb.jpg","1980",1250,1250,1,12,0.037076,0
"bc80108_047_thumb.jpg","1980",1250,1250,1,16,0.03922,0
"bc80108_047_thumb.jpg","1980",1250,1250,1,20,0.041281,0
"bc80108_047_thumb.jpg","1980",1250,1250,1,24,0.044039,0
"bc80108_047_thumb.jpg","1980",1250,1250,1,32,0.050399,0
"bc80108_047_thumb.jpg","1980",1250,1250,1,48,0.067707,2.5e-05
"bc80108_047_thumb.jpg","1980",1250,1250,1,64,0.09574,0.001879
"bc80108_048_thumb.jpg","1980",1250,1250,1,0,0.001823,0
"bc80108_048_thumb.jpg","1980",1250,1250,1,4,0.032345,0
"bc80108_048_thumb.jpg","1980",1250,1250,1,8,0.035011,0
"bc80108_048_thumb.jpg","1980",1250,1250,1,12,0.038774,0
"bc80108_048_thumb.jpg","1980",1250,1250,1,16,0.04038,0
"bc80108_048_thumb.jpg","1980",1250,1250,1,20,0.042431,0
"bc80108_048_thumb.jpg","1980",1250,1250,1,24,0.04423,0
"bc80108_048_thumb.jpg","1980",1250,1250,1,32,0.049804,0
"bc80108_048_thumb.jpg","1980",1250,1250,1,48,0.069961,0.003711
"bc80108_048_thumb.jpg","1980",1250,1250,1,64,0.095002,0.011962
"bc80108_075_thumb.jpg","1980",1250,1250,1,0,0.001447,0
"bc80108_075_thumb.jpg","1980",1250,1250,1,4,0.0314,0
"bc80108_075_thumb.jpg","1980",1250,1250,1,8,0.033371,0
"bc80108_075_thumb.jpg","1980",1250,1250,1,12,0.034456,0
"bc80108_075_thumb.jpg","1980",1250,1250,1,16,0.035044,0
"bc80108_075_thumb.jpg","1980",1250,1250,1,20,0.035505,0
"bc80108_075_thumb.jpg","1980",1250,1250,1,24,0.036275,0
"bc80108_075_thumb.jpg","1980",1250,1250,1,32,0.038057,0
"bc80108_075_thumb.jpg","1980",1250,1250,1,48,0.045512,0
"bc80108_075_thumb.jpg","1980",1250,1250,1,64,0.059791,0
"bc80108_076_thumb.jpg","1980",1250,1250,1,0,0.001379,0
"bc80108_076_thumb.jpg","1980",1250,1250,1,4,0.031448,0
"bc80108_076_thumb.jpg","1980",1250,1250,1,8,0.033585,0
"bc80108_076_thumb.jpg","1980",1250,1250,1,12,0.034316,0
"bc80108_076_thumb.jpg","1980",1250,1250,1,16,0.034827,0
"bc80108_076_thumb.jpg","1980",1250,1250,1,20,0.036179,0
"bc80108_076_thumb.jpg","1980",1250,1250,1,24,0.038306,0
"bc80108_076_thumb.jpg","1980",1250,1250,1,32,0.044259,0
"bc80108_076_thumb.jpg","1980",1250,1250,1,48,0.053608,0
"bc80108_076_thumb.jpg","1980",1250,1250,1,64,0.065908,0.000656
"bc80108_077_thumb.jpg","1980",1250,1250,1,0,0.001702,0
"bc80108_077_thumb.jpg","1980",1250,1250,1,4,0.031403,0
"bc80108_077_thumb.jpg","1980",1250,1250,1,8,0.03353,0
"bc80108_077_thumb.jpg","1980",1250,1250,1,12,0.034921,0
"bc80108_077_thumb.jpg","1980",1250,1250,1,16,0.035818,0
"bc80108_077_thumb.jpg","1980",1250,1250,1,20,0.037075,0
"bc80108_077_thumb.jpg","1980",1250,1250,1,24,0.038499,0
"bc80108_077_thumb.jpg","1980",1250,1250,1,32,0.041958,0
"bc80108_077_thumb.jpg","1980",1250,1250,1,48,0.050113,0
"bc80108_077_thumb.jpg","1980",1250,1250,1,64,0.065821,0.001159
"bc80116_070_thumb.jpg","1980",1250,1250,1,0,0.001884,0
"bc80116_070_thumb.jpg","1980",1250,1250,1,4,0.027521,0
"bc80116_070_thumb.jpg","1980",1250,1250,1,8,0.031084,0
"bc80116_070_thumb.jpg","1980",1250,1250,1,12,0.033217,0
"bc80116_070_thumb.jpg","1980",1250,1250,1,16,0.034506,0
"bc80116_070_thumb.jpg","1980",1250,1250,1,20,0.035793,0
"bc80116_070_thumb.jpg","1980",1250,1250,1,24,0.037228,0
"bc80116_070_thumb.jpg","1980",1250,1250,1,32,0.041845,0
"bc80116_070_thumb.jpg","1980",1250,1250,1,48,0.066756,0.001476
"bc80116_070_thumb.jpg","1980",1250,1250,1,64,0.092173,0.005588
"bc80116_143_thumb.jpg","1980",1250,1250,1,0,0.00018,0
"bc80116_143_thumb.jpg","1980",1250,1250,1,4,0.012852,0
"bc80116_143_thumb.jpg","1980",1250,1250,1,8,0.027286,0
"bc80116_143_thumb.jpg","1980",1250,1250,1,12,0.029826,0
"bc80116_143_thumb.jpg","1980",1250,1250,1,16,0.030648,0
"bc80116_143_thumb.jpg","1980",1250,1250,1,20,0.031085,0
"bc80116_143_thumb.jpg","1980",1250,1250,1,24,0.031393,0
"bc80116_143_thumb.jpg","1980",1250,1250,1,32,0.031946,0
"bc80116_143_thumb.jpg","1980",1250,1250,1,48,0.03702,0
"bc80116_143_thumb.jpg","1980",1250,1250,1,64,0.055268,0.000681
"bc80116_144_thumb.jpg","1980",1250,1250,1,0,0.000846,0
"bc80116_144_thumb.jpg","1980",1250,1250,1,4,0.015583,0
"bc80116_144_thumb.jpg","1980",1250,1250,1,8,0.028148,0
"bc80116_144_thumb.jpg","1980",1250,1250,1,12,0.030529,0
"bc80116_144_thumb.jpg","1980",1250,1250,1,16,0.031469,0
"bc80116_144_thumb.jpg","1980",1250,1250,1,20,0.031876,0
"bc80116_144_thumb.jpg","1980",1250,1250,1,24,0.0321,0
"bc80116_144_thumb.jpg","1980",1250,1250,1,32,0.032618,0
"bc80116_144_thumb.jpg","1980",1250,1250,1,48,0.035402,0
"bc80116_144_thumb.jpg","1980",1250,1250,1,64,0.047483,0.000565
"bc80116_145_thumb.jpg","1980",1250,1250,1,0,0.000151,0
"bc80116_145_thumb.jpg","1980",1250,1250,1,4,0.013946,0
"bc80116_145_thumb.jpg","1980",1250,1250,1,8,0.027234,0
"bc80116_145_thumb.jpg","1980",1250,1250,1,12,0.029626,0
"bc80116_145_thumb.jpg","1980",1250,1250,1,16,0.030664,0
"bc80116_145_thumb.jpg","1980",1250,1250,1,20,0.031117,0
"bc80116_145_thumb.jpg","1980",1250,1250,1,24,0.031436,0
"bc80116_145_thumb.jpg","1980",1250,1250,1,32,0.032061,0
"bc80116_145_thumb.jpg","1980",1250,1250,1,48,0.034911,0
"bc80116_145_thumb.jpg","1980",1250,1250,1,64,0.048845,0
"bcc273_005_thumb.jpg","1980",1250,1250,3,0,4.2e-05,0
"bcc273_005_thumb.jpg","1980",1250,1250,3,4,0.00761,0
"bcc273_005_thumb.jpg","1980",1250,1250,3,8,0.033628,0
"bcc273_005_thumb.jpg","1980",1250,1250,3,12,0.036252,0
"bcc273_005_thumb.jpg","1980",1250,1250,3,16,0.037178,0
"bcc273_005_thumb.jpg","1980",1250,1250,3,20,0.037686,0
"bcc273_005_thumb.jpg","1980",1250,1250,3,24,0.038031,0
"bcc273_005_thumb.jpg","1980",1250,1250,3,32,0.038564,0
"bcc273_005_thumb.jpg","1980",1250,1250,3,48,0.040232,0
"bcc273_005_thumb.jpg","1980",1250,1250,3,64,0.059295,0
"bcc273_006_thumb.jpg","1980",1250,1250,3,0,5.1e-05,0
"bcc273_006_thumb.jpg","1980",1250,1250,3,4,0.006674,0
"bcc273_006_thumb.jpg","1980",1250,1250,3,8,0.033163,0
"bcc273_006_thumb.jpg","1980",1250,1250,3,12,0.035934,0
"bcc273_006_thumb.jpg","1980",1250,1250,3,16,0.036892,0
"bcc273_006_thumb.jpg","1980",1250,1250,3,20,0.037491,0
"bcc273_006_thumb.jpg","1980",1250,1250,3,24,0.037937,0
"bcc273_006_thumb.jpg","1980",1250,1250,3,32,0.038685,0
"bcc273_006_thumb.jpg","1980",1250,1250,3,48,0.041612,0
"bcc273_006_thumb.jpg","1980",1250,1250,3,64,0.057297,1.6e-05
"bcc273_007_thumb.jpg","1980",1250,1250,3,0,2.4e-05,0
"bcc273_007_thumb.jpg","1980",1250,1250,3,4,0.003394,0
"bcc273_007_thumb.jpg","1980",1250,1250,3,8,0.034528,0
"bcc273_007_thumb.jpg","1980",1250,1250,3,12,0.037478,0
"bcc273_007_thumb.jpg","1980",1250,1250,3,16,0.038447,0
"bcc273_007_thumb.jpg","1980",1250,1250,3,20,0.039032,0
"bcc273_007_thumb.jpg","1980",1250,1250,3,24,0.03946,0
"bcc273_007_thumb.jpg","1980",1250,1250,3,32,0.040273,0
"bcc273_007_thumb.jpg","1980",1250,1250,3,48,0.044612,0
"bcc273_007_thumb.jpg","1980",1250,1250,3,64,0.062329,0.000868
"bcc273_079_thumb.jpg","1980",1250,1250,3,0,7.9e-05,0
"bcc273_079_thumb.jpg","1980",1250,1250,3,4,0.007699,0
"bcc273_079_thumb.jpg","1980",1250,1250,3,8,0.03217,0
"bcc273_079_thumb.jpg","1980",1250,1250,3,12,0.035153,0
"bcc273_079_thumb.jpg","1980",1250,1250,3,16,0.036374,0
"bcc273_079_thumb.jpg","1980",1250,1250,3,20,0.036824,0
"bcc273_079_thumb.jpg","1980",1250,1250,3,24,0.037042,0
"bcc273_079_thumb.jpg","1980",1250,1250,3,32,0.037462,0
"bcc273_079_thumb.jpg","1980",1250,1250,3,48,0.037974,0
"bcc273_079_thumb.jpg","1980",1250,1250,3,64,0.038411,0
"bcc273_080_thumb.jpg","1980",1250,1250,3,0,9.8e-05,0
"bcc273_080_thumb.jpg","1980",1250,1250,3,4,0.007488,0
"bcc273_080_thumb.jpg","1980",1250,1250,3,8,0.031907,0
"bcc273_080_thumb.jpg","1980",1250,1250,3,12,0.034984,0
"bcc273_080_thumb.jpg","1980",1250,1250,3,16,0.035868,0
"bcc273_080_thumb.jpg","1980",1250,1250,3,20,0.036253,0
"bcc273_080_thumb.jpg","1980",1250,1250,3,24,0.036604,0
"bcc273_080_thumb.jpg","1980",1250,1250,3,32,0.036945,0
"bcc273_080_thumb.jpg","1980",1250,1250,3,48,0.037374,0
"bcc273_080_thumb.jpg","1980",1250,1250,3,64,0.03779,0
"bcc273_081_thumb.jpg","1980",1250,1250,3,0,8.1e-05,0
"bcc273_081_thumb.jpg","1980",1250,1250,3,4,0.007473,0
"bcc273_081_thumb.jpg","1980",1250,1250,3,8,0.032386,0
"bcc273_081_thumb.jpg","1980",1250,1250,3,12,0.035426,0
"bcc273_081_thumb.jpg","1980",1250,1250,3,16,0.036486,0
"bcc273_081_thumb.jpg","1980",1250,1250,3,20,0.036886,0
"bcc273_081_thumb.jpg","1980",1250,1250,3,24,0.037137,0
"bcc273_081_thumb.jpg","1980",1250,1250,3,32,0.037421,0
"bcc273_081_thumb.jpg","1980",1250,1250,3,48,0.037915,0
"bcc273_081_thumb.jpg","1980",1250,1250,3,64,0.038279,0
"bcc273_082_thumb.jpg","1980",1250,1250,3,0,4.4e-05,0
"bcc273_082_thumb.jpg","1980",1250,1250,3,4,0.007583,0
"bcc273_082_thumb.jpg","1980",1250,1250,3,8,0.031836,0
"bcc273_082_thumb.jpg","1980",1250,1250,3,12,0.034948,0
"bcc273_082_thumb.jpg","1980",1250,1250,3,16,0.035859,0
"bcc273_082_thumb.jpg","1980",1250,1250,3,20,0.036317,0
"bcc273_082_thumb.jpg","1980",1250,1250,3,24,0.036578,0
"bcc273_082_thumb.jpg","1980",1250,1250,3,32,0.037044,0
"bcc273_082_thumb.jpg","1980",1250,1250,3,48,0.037549,0
"bcc273_082_thumb.jpg","1980",1250,1250,3,64,0.03794,0
"bcc273_084_thumb.jpg","1980",1250,1250,3,0,2.5e-05,0
"bcc273_084_thumb.jpg","1980",1250,1250,3,4,0.002348,0
"bcc273_084_thumb.jpg","1980",1250,1250,3,8,0.00241,0
"bcc273_084_thumb.jpg","1980",1250,1250,3,12,0.003462,0
"bcc273_084_thumb.jpg","1980",1250,1250,3,16,0.007558,0
"bcc273_084_thumb.jpg","1980",1250,1250,3,20,0.032767,0
"bcc273_084_thumb.jpg","1980",1250,1250,3,24,0.036058,0
"bcc273_084_thumb.jpg","1980",1250,1250,3,32,0.037937,0
"bcc273_084_thumb.jpg","1980",1250,1250,3,48,0.046341,0
"bcc273_084_thumb.jpg","1980",1250,1250,3,64,0.069467,0.002912
"bcc273_085_thumb.jpg","1980",1250,1250,3,0,4.6e-05,0
"bcc273_085_thumb.jpg","1980",1250,1250,3,4,0.002399,0
"bcc273_085_thumb.jpg","1980",1250,1250,3,8,0.002416,0
"bcc273_085_thumb.jpg","1980",1250,1250,3,12,0.003365,0
"bcc273_085_thumb.jpg","1980",1250,1250,3,16,0.007114,0
"bcc273_085_thumb.jpg","1980",1250,1250,3,20,0.032861,0
"bcc273_085_thumb.jpg","1980",1250,1250,3,24,0.036072,0
"bcc273_085_thumb.jpg","1980",1250,1250,3,32,0.038333,0
"bcc273_085_thumb.jpg","1980",1250,1250,3,48,0.050472,0
"bcc273_085_thumb.jpg","1980",1250,1250,3,64,0.083511,0.010167
"bcc273_086_thumb.jpg","1980",1250,1250,3,0,0,0
"bcc273_086_thumb.jpg","1980",1250,1250,3,4,4e-06,0
"bcc273_086_thumb.jpg","1980",1250,1250,3,8,2.1e-05,0
"bcc273_086_thumb.jpg","1980",1250,1250,3,12,0.000228,0
"bcc273_086_thumb.jpg","1980",1250,1250,3,16,0.004033,0
"bcc273_086_thumb.jpg","1980",1250,1250,3,20,0.032267,0
"bcc273_086_thumb.jpg","1980",1250,1250,3,24,0.035412,0
"bcc273_086_thumb.jpg","1980",1250,1250,3,32,0.037496,0
"bcc273_086_thumb.jpg","1980",1250,1250,3,48,0.045143,0
"bcc273_086_thumb.jpg","1980",1250,1250,3,64,0.074641,0.008534
"bc81034_123_12n_thumb.jpg","1981",1250,1250,1,0,0.019187,0
"bc81034_123_12n_thumb.jpg","1981",1250,1250,1,4,0.025282,0
"bc81034_123_12n_thumb.jpg","1981",1250,1250,1,8,0.026679,0
"bc81034_123_12n_thumb.jpg","1981",1250,1250,1,12,0.027133,0
"bc81034_123_12n_thumb.jpg","1981",1250,1250,1,16,0.027324,0
"bc81034_123_12n_thumb.jpg","1981",1250,1250,1,20,0.027465,0
"bc81034_123_12n_thumb.jpg","1981",1250,1250,1,24,0.027596,0
"bc81034_123_12n_thumb.jpg","1981",1250,1250,1,32,0.027872,0
"bc81034_123_12n_thumb.jpg","1981",1250,1250,1,48,0.028353,0
"bc81034_123_12n_thumb.jpg","1981",1250,1250,1,64,0.028853,0
"bc81034_124_12n_thumb.jpg","1981",1250,1250,1,0,0.020182,0
"bc81034_124_12n_thumb.jpg","1981",1250,1250,1,4,0.025249,0
"bc81034_124_12n_thumb.jpg","1981",1250,1250,1,8,0.026622,0
"bc81034_124_12n_thumb.jpg","1981",1250,1250,1,12,0.027071,0
"bc81034_124_12n_thumb.jpg","1981",1250,1250,1,16,0.027312,0
"bc81034_124_12n_thumb.jpg","1981",1250,1250,1,20,0.027484,0
"bc81034_124_12n_thumb.jpg","1981",1250,1250,1,24,0.02762,0
"bc81034_124_12n_thumb.jpg","1981",1250,1250,1,32,0.027918,0
"bc81034_124_12n_thumb.jpg","1981",1250,1250,1,48,0.028557,0
"bc81034_124_12n_thumb.jpg","1981",1250,1250,1,64,0.029325,0
"bc81034_125_12n_thumb.jpg","1981",1250,1250,1,0,0.018531,0
"bc81034_125_12n_thumb.jpg","1981",1250,1250,1,4,0.024612,0
"bc81034_125_12n_thumb.jpg","1981",1250,1250,1,8,0.02609,0
"bc81034_125_12n_thumb.jpg","1981",1250,1250,1,12,0.026502,0
"bc81034_125_12n_thumb.jpg","1981",1250,1250,1,16,0.026792,0
"bc81034_125_12n_thumb.jpg","1981",1250,1250,1,20,0.026995,0
"bc81034_125_12n_thumb.jpg","1981",1250,1250,1,24,0.027181,0
"bc81034_125_12n_thumb.jpg","1981",1250,1250,1,32,0.027557,0
"bc81034_125_12n_thumb.jpg","1981",1250,1250,1,48,0.028258,0
"bc81034_125_12n_thumb.jpg","1981",1250,1250,1,64,0.028781,0
"bc81034_242_12n_thumb.jpg","1981",1250,1249,1,0,0.019582,0
"bc81034_242_12n_thumb.jpg","1981",1250,1249,1,4,0.025285,0
"bc81034_242_12n_thumb.jpg","1981",1250,1249,1,8,0.026749,0
"bc81034_242_12n_thumb.jpg","1981",1250,1249,1,12,0.027183,0
"bc81034_242_12n_thumb.jpg","1981",1250,1249,1,16,0.0274,0
"bc81034_242_12n_thumb.jpg","1981",1250,1249,1,20,0.027641,0
"bc81034_242_12n_thumb.jpg","1981",1250,1249,1,24,0.027862,0
"bc81034_242_12n_thumb.jpg","1981",1250,1249,1,32,0.028268,0
"bc81034_242_12n_thumb.jpg","1981",1250,1249,1,48,0.028922,0
"bc81034_242_12n_thumb.jpg","1981",1250,1249,1,64,0.029429,0
"bc81034_243_12n_thumb.jpg","1981",1250,1249,1,0,0.019768,0
"bc81034_243_12n_thumb.jpg","1981",1250,1249,1,4,0.025904,0
"bc81034_243_12n_thumb.jpg","1981",1250,1249,1,8,0.027551,0
"bc81034_243_12n_thumb.jpg","1981",1250,1249,1,12,0.027955,0
"bc81034_243_12n_thumb.jpg","1981",1250,1249,1,16,0.028204,0
"bc81034_243_12n_thumb.jpg","1981",1250,1249,1,20,0.028399,0
"bc81034_243_12n_thumb.jpg","1981",1250,1249,1,24,0.028604,0
"bc81034_243_12n_thumb.jpg","1981",1250,1249,1,32,0.028882,0
"bc81034_243_12n_thumb.jpg","1981",1250,1249,1,48,0.029383,0
"bc81034_243_12n_thumb.jpg","1981",1250,1249,1,64,0.029729,0
"bc81034_244_12n_thumb.jpg","1981",1250,1249,1,0,0.019156,0
"bc81034_244_12n_thumb.jpg","1981",1250,1249,1,4,0.025021,0
"bc81034_244_12n_thumb.jpg","1981",1250,1249,1,8,0.026637,0
"bc81034_244_12n_thumb.jpg","1981",1250,1249,1,12,0.027126,0
"bc81034_244_12n_thumb.jpg","1981",1250,1249,1,16,0.027359,0
"bc81034_244_12n_thumb.jpg","1981",1250,1249,1,20,0.027598,0
"bc81034_244_12n_thumb.jpg","1981",1250,1249,1,24,0.027819,0
"bc81034_244_12n_thumb.jpg","1981",1250,1249,1,32,0.028235,0
"bc81034_244_12n_thumb.jpg","1981",1250,1249,1,48,0.029033,0
"bc81034_244_12n_thumb.jpg","1981",1250,1249,1,64,0.02951,0
"bc81034_245_12n_thumb.jpg","1981",1250,1250,1,0,0.019201,0
"bc81034_245_12n_thumb.jpg","1981",1250,1250,1,4,0.02439,0
"bc81034_245_12n_thumb.jpg","1981",1250,1250,1,8,0.02594,0
"bc81034_245_12n_thumb.jpg","1981",1250,1250,1,12,0.026384,0
"bc81034_245_12n_thumb.jpg","1981",1250,1250,1,16,0.026666,0
"bc81034_245_12n_thumb.jpg","1981",1250,1250,1,20,0.026915,0
"bc81034_245_12n_thumb.jpg","1981",1250,1250,1,24,0.027076,0
"bc81034_245_12n_thumb.jpg","1981",1250,1250,1,32,0.027485,0
"bc81034_245_12n_thumb.jpg","1981",1250,1250,1,48,0.028229,0
"bc81034_245_12n_thumb.jpg","1981",1250,1250,1,64,0.028753,0
"bc81034_246_12n_thumb.jpg","1981",1250,1249,1,0,0.018836,0
"bc81034_246_12n_thumb.jpg","1981",1250,1249,1,4,0.024456,0
"bc81034_246_12n_thumb.jpg","1981",1250,1249,1,8,0.026187,0
"bc81034_246_12n_thumb.jpg","1981",1250,1249,1,12,0.026754,0
"bc81034_246_12n_thumb.jpg","1981",1250,1249,1,16,0.027002,0
"bc81034_246_12n_thumb.jpg","1981",1250,1249,1,20,0.027203,0
"bc81034_246_12n_thumb.jpg","1981",1250,1249,1,24,0.0274,0
"bc81034_246_12n_thumb.jpg","1981",1250,1249,1,32,0.027803,0
"bc81034_246_12n_thumb.jpg","1981",1250,1249,1,48,0.028525,0
"bc81034_246_12n_thumb.jpg","1981",1250,1249,1,64,0.029088,0
"bc81035_013_12n_thumb.jpg","1981",1250,1250,1,0,0.003126,0
"bc81035_013_12n_thumb.jpg","1981",1250,1250,1,4,0.023759,0
"bc81035_013_12n_thumb.jpg","1981",1250,1250,1,8,0.026373,0
"bc81035_013_12n_thumb.jpg","1981",1250,1250,1,12,0.027245,0
"bc81035_013_12n_thumb.jpg","1981",1250,1250,1,16,0.027616,0
"bc81035_013_12n_thumb.jpg","1981",1250,1250,1,20,0.027909,0
"bc81035_013_12n_thumb.jpg","1981",1250,1250,1,24,0.028202,0
"bc81035_013_12n_thumb.jpg","1981",1250,1250,1,32,0.028722,0
"bc81035_013_12n_thumb.jpg","1981",1250,1250,1,48,0.030096,0
"bc81035_013_12n_thumb.jpg","1981",1250,1250,1,64,0.036013,0
"bc81035_014_12n_thumb.jpg","1981",1250,1250,1,0,0.00398,0
"bc81035_014_12n_thumb.jpg","1981",1250,1250,1,4,0.023331,0
"bc81035_014_12n_thumb.jpg","1981",1250,1250,1,8,0.02587,0
"bc81035_014_12n_thumb.jpg","1981",1250,1250,1,12,0.026612,0
"bc81035_014_12n_thumb.jpg","1981",1250,1250,1,16,0.026971,0
"bc81035_014_12n_thumb.jpg","1981",1250,1250,1,20,0.027219,0
"bc81035_014_12n_thumb.jpg","1981",1250,1250,1,24,0.027431,0
"bc81035_014_12n_thumb.jpg","1981",1250,1250,1,32,0.027908,0
"bc81035_014_12n_thumb.jpg","1981",1250,1250,1,48,0.02927,0
"bc81035_014_12n_thumb.jpg","1981",1250,1250,1,64,0.042941,5e-06
"bc81035_015_12n_thumb.jpg","1981",1250,1250,1,0,0.003389,0
"bc81035_015_12n_thumb.jpg","1981",1250,1250,1,4,0.023677,0
"bc81035_015_12n_thumb.jpg","1981",1250,1250,1,8,0.026417,0
"bc81035_015_12n_thumb.jpg","1981",1250,1250,1,12,0.027199,0
"bc81035_015_12n_thumb.jpg","1981",1250,1250,1,16,0.027578,0
"bc81035_015_12n_thumb.jpg","1981",1250,1250,1,20,0.027858,0
"bc81035_015_12n_thumb.jpg","1981",1250,1250,1,24,0.028087,0
"bc81035_015_12n_thumb.jpg","1981",1250,1250,1,32,0.028644,0
"bc81035_015_12n_thumb.jpg","1981",1250,1250,1,48,0.031514,0
"bc81035_015_12n_thumb.jpg","1981",1250,1250,1,64,0.054339,0.003303
"bc81035_016_12n_thumb.jpg","1981",1250,1249,1,0,0.003322,0
"bc81035_016_12n_thumb.jpg","1981",1250,1249,1,4,0.023351,0
"bc81035_016_12n_thumb.jpg","1981",1250,1249,1,8,0.026112,0
"bc81035_016_12n_thumb.jpg","1981",1250,1249,1,12,0.027035,0
"bc81035_016_12n_thumb.jpg","1981",1250,1249,1,16,0.027502,0
"bc81035_016_12n_thumb.jpg","1981",1250,1249,1,20,0.027854,0
"bc81035_016_12n_thumb.jpg","1981",1250,1249,1,24,0.028133,0
"bc81035_016_12n_thumb.jpg","1981",1250,1249,1,32,0.028684,0
"bc81035_016_12n_thumb.jpg","1981",1250,1249,1,48,0.031001,0
"bc81035_016_12n_thumb.jpg","1981",1250,1249,1,64,0.057474,0.00383
"bc81035_017_12n_thumb.jpg","1981",1250,1250,1,0,0.00386,0
"bc81035_017_12n_thumb.jpg","1981",1250,1250,1,4,0.023864,0
"bc81035_017_12n_thumb.jpg","1981",1250,1250,1,8,0.026326,0
"bc81035_017_12n_thumb.jpg","1981",1250,1250,1,12,0.027112,0
"bc81035_017_12n_thumb.jpg","1981",1250,1250,1,16,0.027396,0
"bc81035_017_12n_thumb.jpg","1981",1250,1250,1,20,0.027637,0
"bc81035_017_12n_thumb.jpg","1981",1250,1250,1,24,0.027813,0
"bc81035_017_12n_thumb.jpg","1981",1250,1250,1,32,0.028196,0
"bc81035_017_12n_thumb.jpg","1981",1250,1250,1,48,0.029101,0
"bc81035_017_12n_thumb.jpg","1981",1250,1250,1,64,0.030573,0
"bc81106_001_thumb.jpg","1981",1250,1249,1,0,0.002306,0
"bc81106_001_thumb.jpg","1981",1250,1249,1,4,0.020948,0
"bc81106_001_thumb.jpg","1981",1250,1249,1,8,0.02298,0
"bc81106_001_thumb.jpg","1981",1250,1249,1,12,0.024587,0
"bc81106_001_thumb.jpg","1981",1250,1249,1,16,0.027728,0
"bc81106_001_thumb.jpg","1981",1250,1249,1,20,0.030764,0
"bc81106_001_thumb.jpg","1981",1250,1249,1,24,0.033084,0
"bc81106_001_thumb.jpg","1981",1250,1249,1,32,0.038563,0
"bc81106_001_thumb.jpg","1981",1250,1249,1,48,0.061161,0.000346
"bc81106_001_thumb.jpg","1981",1250,1249,1,64,0.096304,0.009136
"bc81106_002_thumb.jpg","1981",1250,1250,1,0,0.001659,0
"bc81106_002_thumb.jpg","1981",1250,1250,1,4,0.018038,0
"bc81106_002_thumb.jpg","1981",1250,1250,1,8,0.019994,0
"bc81106_002_thumb.jpg","1981",1250,1250,1,12,0.020614,0
"bc81106_002_thumb.jpg","1981",1250,1250,1,16,0.021231,0
"bc81106_002_thumb.jpg","1981",1250,1250,1,20,0.023298,0
"bc81106_002_thumb.jpg","1981",1250,1250,1,24,0.024915,0
"bc81106_002_thumb.jpg","1981",1250,1250,1,32,0.033996,0
"bc81106_002_thumb.jpg","1981",1250,1250,1,48,0.058278,0.00139
"bc81106_002_thumb.jpg","1981",1250,1250,1,64,0.113155,0.014421
"bc81106_003_thumb.jpg","1981",1250,1250,1,0,0.003411,0
"bc81106_003_thumb.jpg","1981",1250,1250,1,4,0.020544,0
"bc81106_003_thumb.jpg","1981",1250,1250,1,8,0.022497,0
"bc81106_003_thumb.jpg","1981",1250,1250,1,12,0.023195,0
"bc81106_003_thumb.jpg","1981",1250,1250,1,16,0.024321,0
"bc81106_003_thumb.jpg","1981",1250,1250,1,20,0.027956,0
"bc81106_003_thumb.jpg","1981",1250,1250,1,24,0.030593,0
"bc81106_003_thumb.jpg","1981",1250,1250,1,32,0.037594,0
"bc81106_003_thumb.jpg","1981",1250,1250,1,48,0.05338,0.001008
"bc81106_003_thumb.jpg","1981",1250,1250,1,64,0.098925,0.007169
"bc81106_096_thumb.jpg","1981",1250,1250,1,0,0.00135,0
"bc81106_096_thumb.jpg","1981",1250,1250,1,4,0.016686,0
"bc81106_096_thumb.jpg","1981",1250,1250,1,8,0.018236,0
"bc81106_096_thumb.jpg","1981",1250,1250,1,12,0.018963,0
"bc81106_096_thumb.jpg","1981",1250,1250,1,16,0.019424,0
"bc81106_096_thumb.jpg","1981",1250,1250,1,20,0.020381,0
"bc81106_096_thumb.jpg","1981",1250,1250,1,24,0.021756,0
"bc81106_096_thumb.jpg","1981",1250,1250,1,32,0.024433,0
"bc81106_096_thumb.jpg","1981",1250,1250,1,48,0.037151,0
"bc81106_096_thumb.jpg","1981",1250,1250,1,64,0.059521,0
"bc81106_097_thumb.jpg","1981",1250,1250,1,0,0.001387,0
"bc81106_097_thumb.jpg","1981",1250,1250,1,4,0.016451,0
"bc81106_097_thumb.jpg","1981",1250,1250,1,8,0.01822,0
"bc81106_097_thumb.jpg","1981",1250,1250,1,12,0.018918,0
"bc81106_097_thumb.jpg","1981",1250,1250,1,16,0.019632,0
"bc81106_097_thumb.jpg","1981",1250,1250,1,20,0.021434,0
"bc81106_097_thumb.jpg","1981",1250,1250,1,24,0.025636,0
"bc81106_097_thumb.jpg","1981",1250,1250,1,32,0.033619,0
"bc81106_097_thumb.jpg","1981",1250,1250,1,48,0.049353,0
"bc81106_097_thumb.jpg","1981",1250,1250,1,64,0.077231,0.003156
"bc82021_222_12n_thumb.jpg","1982",1250,1250,1,0,0,0
"bc82021_222_12n_thumb.jpg","1982",1250,1250,1,4,0,0
"bc82021_222_12n_thumb.jpg","1982",1250,1250,1,8,0,0
"bc82021_222_12n_thumb.jpg","1982",1250,1250,1,12,0,0
"bc82021_222_12n_thumb.jpg","1982",1250,1250,1,16,0,0
"bc82021_222_12n_thumb.jpg","1982",1250,1250,1,20,0,0
"bc82021_222_12n_thumb.jpg","1982",1250,1250,1,24,0,0
"bc82021_222_12n_thumb.jpg","1982",1250,1250,1,32,0.000267,0
"bc82021_222_12n_thumb.jpg","1982",1250,1250,1,48,0.041196,0
"bc82021_222_12n_thumb.jpg","1982",1250,1250,1,64,0.045848,0
"bc82021_223_12n_thumb.jpg","1982",1250,1250,1,0,0,0
"bc82021_223_12n_thumb.jpg","1982",1250,1250,1,4,0,0
"bc82021_223_12n_thumb.jpg","1982",1250,1250,1,8,0,0
"bc82021_223_12n_thumb.jpg","1982",1250,1250,1,12,0,0
"bc82021_223_12n_thumb.jpg","1982",1250,1250,1,16,0,0
"bc82021_223_12n_thumb.jpg","1982",1250,1250,1,20,0,0
"bc82021_223_12n_thumb.jpg","1982",1250,1250,1,24,0,0
"bc82021_223_12n_thumb.jpg","1982",1250,1250,1,32,0.000113,0
"bc82021_223_12n_thumb.jpg","1982",1250,1250,1,48,0.041169,0
"bc82021_223_12n_thumb.jpg","1982",1250,1250,1,64,0.050423,0
"bc82021_252_12n_thumb.jpg","1982",1250,1250,1,0,0.001951,0
"bc82021_252_12n_thumb.jpg","1982",1250,1250,1,4,0.002316,0
"bc82021_252_12n_thumb.jpg","1982",1250,1250,1,8,0.002327,0
"bc82021_252_12n_thumb.jpg","1982",1250,1250,1,12,0.00234,0
"bc82021_252_12n_thumb.jpg","1982",1250,1250,1,16,0.002342,0
"bc82021_252_12n_thumb.jpg","1982",1250,1250,1,20,0.002358,0
"bc82021_252_12n_thumb.jpg","1982",1250,1250,1,24,0.002369,0
"bc82021_252_12n_thumb.jpg","1982",1250,1250,1,32,0.002413,0
"bc82021_252_12n_thumb.jpg","1982",1250,1250,1,48,0.042036,0
"bc82021_252_12n_thumb.jpg","1982",1250,1250,1,64,0.05519,0.000156
"bc82021_253_12n_thumb.jpg","1982",1250,1250,1,0,0.002079,0
"bc82021_253_12n_thumb.jpg","1982",1250,1250,1,4,0.0024,0
"bc82021_253_12n_thumb.jpg","1982",1250,1250,1,8,0.0024,0
"bc82021_253_12n_thumb.jpg","1982",1250,1250,1,12,0.0024,0
"bc82021_253_12n_thumb.jpg","1982",1250,1250,1,16,0.0024,0
"bc82021_253_12n_thumb.jpg","1982",1250,1250,1,20,0.0024,0
"bc82021_253_12n_thumb.jpg","1982",1250,1250,1,24,0.0024,0
"bc82021_253_12n_thumb.jpg","1982",1250,1250,1,32,0.002566,0
"bc82021_253_12n_thumb.jpg","1982",1250,1250,1,48,0.042092,0
"bc82021_253_12n_thumb.jpg","1982",1250,1250,1,64,0.051284,0
"bc82021_254_12n_thumb.jpg","1982",1250,1250,1,0,0,0
"bc82021_254_12n_thumb.jpg","1982",1250,1250,1,4,0,0
"bc82021_254_12n_thumb.jpg","1982",1250,1250,1,8,0,0
"bc82021_254_12n_thumb.jpg","1982",1250,1250,1,12,0,0
"bc82021_254_12n_thumb.jpg","1982",1250,1250,1,16,0,0
"bc82021_254_12n_thumb.jpg","1982",1250,1250,1,20,0,0
"bc82021_254_12n_thumb.jpg","1982",1250,1250,1,24,0,0
"bc82021_254_12n_thumb.jpg","1982",1250,1250,1,32,0.000109,0
"bc82021_254_12n_thumb.jpg","1982",1250,1250,1,48,0.04167,0
"bc82021_254_12n_thumb.jpg","1982",1250,1250,1,64,0.052967,3.3e-05
"bc82035_109_12n_thumb.jpg","1982",1250,1250,1,0,0.001564,0
"bc82035_109_12n_thumb.jpg","1982",1250,1250,1,4,0.014209,0
"bc82035_109_12n_thumb.jpg","1982",1250,1250,1,8,0.034919,0
"bc82035_109_12n_thumb.jpg","1982",1250,1250,1,12,0.036338,0
"bc82035_109_12n_thumb.jpg","1982",1250,1250,1,16,0.036889,0
"bc82035_109_12n_thumb.jpg","1982",1250,1250,1,20,0.037143,0
"bc82035_109_12n_thumb.jpg","1982",1250,1250,1,24,0.037327,0
"bc82035_109_12n_thumb.jpg","1982",1250,1250,1,32,0.037852,0
"bc82035_109_12n_thumb.jpg","1982",1250,1250,1,48,0.041741,0
"bc82035_109_12n_thumb.jpg","1982",1250,1250,1,64,0.056888,0.003182
"bc82035_113_12n_thumb.jpg","1982",1250,1250,1,0,0.000227,0
"bc82035_113_12n_thumb.jpg","1982",1250,1250,1,4,0.013855,0
"bc82035_113_12n_thumb.jpg","1982",1250,1250,1,8,0.035366,0
"bc82035_113_12n_thumb.jpg","1982",1250,1250,1,12,0.036748,0
"bc82035_113_12n_thumb.jpg","1982",1250,1250,1,16,0.037239,0
"bc82035_113_12n_thumb.jpg","1982",1250,1250,1,20,0.03762,0
"bc82035_113_12n_thumb.jpg","1982",1250,1250,1,24,0.037924,0
"bc82035_113_12n_thumb.jpg","1982",1250,1250,1,32,0.0384,0
"bc82035_113_12n_thumb.jpg","1982",1250,1250,1,48,0.040173,0
"bc82035_113_12n_thumb.jpg","1982",1250,1250,1,64,0.047671,0
"bc82035_114_12n_thumb.jpg","1982",1250,1250,1,0,0.000174,0
"bc82035_114_12n_thumb.jpg","1982",1250,1250,1,4,0.017255,0
"bc82035_114_12n_thumb.jpg","1982",1250,1250,1,8,0.035761,0
"bc82035_114_12n_thumb.jpg","1982",1250,1250,1,12,0.036973,0
"bc82035_114_12n_thumb.jpg","1982",1250,1250,1,16,0.037591,0
"bc82035_114_12n_thumb.jpg","1982",1250,1250,1,20,0.037912,0
"bc82035_114_12n_thumb.jpg","1982",1250,1250,1,24,0.038156,0
"bc82035_114_12n_thumb.jpg","1982",1250,1250,1,32,0.038612,0
"bc82035_114_12n_thumb.jpg","1982",1250,1250,1,48,0.041973,0
"bc82035_114_12n_thumb.jpg","1982",1250,1250,1,64,0.049333,0
"bc82035_115_12n_thumb.jpg","1982",1250,1250,1,0,0.000234,0
"bc82035_115_12n_thumb.jpg","1982",1250,1250,1,4,0.013803,0
"bc82035_115_12n_thumb.jpg","1982",1250,1250,1,8,0.035415,0
"bc82035_115_12n_thumb.jpg","1982",1250,1250,1,12,0.036815,0
"bc82035_115_12n_thumb.jpg","1982",1250,1250,1,16,0.037386,0
"bc82035_115_12n_thumb.jpg","1982",1250,1250,1,20,0.037754,0
"bc82035_115_12n_thumb.jpg","1982",1250,1250,1,24,0.03804,0
"bc82035_115_12n_thumb.jpg","1982",1250,1250,1,32,0.03834,0
"bc82035_115_12n_thumb.jpg","1982",1250,1250,1,48,0.039694,0
"bc82035_115_12n_thumb.jpg","1982",1250,1250,1,64,0.045103,0
"bc82035_158_12n_thumb.jpg","1982",1250,1250,1,0,0.001578,0
"bc82035_158_12n_thumb.jpg","1982",1250,1250,1,4,0.022105,0
"bc82035_158_12n_thumb.jpg","1982",1250,1250,1,8,0.03476,0
"bc82035_158_12n_thumb.jpg","1982",1250,1250,1,12,0.036158,0
"bc82035_158_12n_thumb.jpg","1982",1250,1250,1,16,0.036616,0
"bc82035_158_12n_thumb.jpg","1982",1250,1250,1,20,0.036873,0
"bc82035_158_12n_thumb.jpg","1982",1250,1250,1,24,0.037025,0
"bc82035_158_12n_thumb.jpg","1982",1250,1250,1,32,0.037332,0
"bc82035_158_12n_thumb.jpg","1982",1250,1250,1,48,0.038339,0
"bc82035_158_12n_thumb.jpg","1982",1250,1250,1,64,0.042757,0
"bc82035_159_12n_thumb.jpg","1982",1250,1250,1,0,0.000413,0
"bc82035_159_12n_thumb.jpg","1982",1250,1250,1,4,0.021357,0
"bc82035_159_12n_thumb.jpg","1982",1250,1250,1,8,0.035262,0
"bc82035_159_12n_thumb.jpg","1982",1250,1250,1,12,0.036932,0
"bc82035_159_12n_thumb.jpg","1982",1250,1250,1,16,0.037455,0
"bc82035_159_12n_thumb.jpg","1982",1250,1250,1,20,0.037703,0
"bc82035_159_12n_thumb.jpg","1982",1250,1250,1,24,0.037903,0
"bc82035_159_12n_thumb.jpg","1982",1250,1250,1,32,0.038312,0
"bc82035_159_12n_thumb.jpg","1982",1250,1250,1,48,0.039414,0
"bc82035_159_12n_thumb.jpg","1982",1250,1250,1,64,0.044068,0
"bc82035_160_12n_thumb.jpg","1982",1250,1250,1,0,0.001538,0
"bc82035_160_12n_thumb.jpg","1982",1250,1250,1,4,0.017811,0
"bc82035_160_12n_thumb.jpg","1982",1250,1250,1,8,0.034783,0
"bc82035_160_12n_thumb.jpg","1982",1250,1250,1,12,0.03615,0
"bc82035_160_12n_thumb.jpg","1982",1250,1250,1,16,0.03659,0
"bc82035_160_12n_thumb.jpg","1982",1250,1250,1,20,0.036824,0
"bc82035_160_12n_thumb.jpg","1982",1250,1250,1,24,0.037041,0
"bc82035_160_12n_thumb.jpg","1982",1250,1250,1,32,0.037407,0
"bc82035_160_12n_thumb.jpg","1982",1250,1250,1,48,0.038348,0
"bc82035_160_12n_thumb.jpg","1982",1250,1250,1,64,0.043519,0
"bc82035_161_12n_thumb.jpg","1982",1250,1250,1,0,0.001724,0
"bc82035_161_12n_thumb.jpg","1982",1250,1250,1,4,0.018762,0
"bc82035_161_12n_thumb.jpg","1982",1250,1250,1,8,0.03463,0
"bc82035_161_12n_thumb.jpg","1982",1250,1250,1,12,0.036136,0
"bc82035_161_12n_thumb.jpg","1982",1250,1250,1,16,0.036531,0
"bc82035_161_12n_thumb.jpg","1982",1250,1250,1,20,0.036734,0
"bc82035_161_12n_thumb.jpg","1982",1250,1250,1,24,0.036944,0
"bc82035_161_12n_thumb.jpg","1982",1250,1250,1,32,0.037283,0
"bc82035_161_12n_thumb.jpg","1982",1250,1250,1,48,0.037791,0
"bc82035_161_12n_thumb.jpg","1982",1250,1250,1,64,0.03858,0
"bc88011_200_12n_thumb.jpg","1988",1250,1250,1,0,0,0
"bc88011_200_12n_thumb.jpg","1988",1250,1250,1,4,0,0
"bc88011_200_12n_thumb.jpg","1988",1250,1250,1,8,1.5e-05,0
"bc88011_200_12n_thumb.jpg","1988",1250,1250,1,12,0.003359,0
"bc88011_200_12n_thumb.jpg","1988",1250,1250,1,16,0.018207,0
"bc88011_200_12n_thumb.jpg","1988",1250,1250,1,20,0.049381,0
"bc88011_200_12n_thumb.jpg","1988",1250,1250,1,24,0.055924,0
"bc88011_200_12n_thumb.jpg","1988",1250,1250,1,32,0.05745,0
"bc88011_200_12n_thumb.jpg","1988",1250,1250,1,48,0.058452,0
"bc88011_200_12n_thumb.jpg","1988",1250,1250,1,64,0.05934,0
"bc88029_198_12n_thumb.jpg","1988",1250,1250,1,0,0.000512,0
"bc88029_198_12n_thumb.jpg","1988",1250,1250,1,4,0.048746,0
"bc88029_198_12n_thumb.jpg","1988",1250,1250,1,8,0.051091,0
"bc88029_198_12n_thumb.jpg","1988",1250,1250,1,12,0.051964,0
"bc88029_198_12n_thumb.jpg","1988",1250,1250,1,16,0.05228,0
"bc88029_198_12n_thumb.jpg","1988",1250,1250,1,20,0.052502,0
"bc88029_198_12n_thumb.jpg","1988",1250,1250,1,24,0.052736,0
"bc88029_198_12n_thumb.jpg","1988",1250,1250,1,32,0.053165,0
"bc88029_198_12n_thumb.jpg","1988",1250,1250,1,48,0.053981,0
"bc88029_198_12n_thumb.jpg","1988",1250,1250,1,64,0.054939,0
"bc88029_227_12n_thumb.jpg","1988",1250,1250,1,0,0.000506,0
"bc88029_227_12n_thumb.jpg","1988",1250,1250,1,4,0.0497,0
"bc88029_227_12n_thumb.jpg","1988",1250,1250,1,8,0.052207,0
"bc88029_227_12n_thumb.jpg","1988",1250,1250,1,12,0.0529,0
"bc88029_227_12n_thumb.jpg","1988",1250,1250,1,16,0.053244,0
"bc88029_227_12n_thumb.jpg","1988",1250,1250,1,20,0.053468,0
"bc88029_227_12n_thumb.jpg","1988",1250,1250,1,24,0.053672,0
"bc88029_227_12n_thumb.jpg","1988",1250,1250,1,32,0.054081,0
"bc88029_227_12n_thumb.jpg","1988",1250,1250,1,48,0.054739,0
"bc88029_227_12n_thumb.jpg","1988",1250,1250,1,64,0.055184,0
"bc88029_228_12n_thumb.jpg","1988",1250,1250,1,0,0.000182,0
"bc88029_228_12n_thumb.jpg","1988",1250,1250,1,4,0.047994,0
"bc88029_228_12n_thumb.jpg","1988",1250,1250,1,8,0.050548,0
"bc88029_228_12n_thumb.jpg","1988",1250,1250,1,12,0.051351,0
"bc88029_228_12n_thumb.jpg","1988",1250,1250,1,16,0.051656,0
"bc88029_228_12n_thumb.jpg","1988",1250,1250,1,20,0.051955,0
"bc88029_228_12n_thumb.jpg","1988",1250,1250,1,24,0.052162,0
"bc88029_228_12n_thumb.jpg","1988",1250,1250,1,32,0.052611,0
"bc88029_228_12n_thumb.jpg","1988",1250,1250,1,48,0.053364,0
"bc88029_228_12n_thumb.jpg","1988",1250,1250,1,64,0.054141,0
"bc88029_229_12n_thumb.jpg","1988",1250,1250,1,0,0.000536,0
"bc88029_229_12n_thumb.jpg","1988",1250,1250,1,4,0.048647,0
"bc88029_229_12n_thumb.jpg","1988",1250,1250,1,8,0.051194,0
"bc88029_229_12n_thumb.jpg","1988",1250,1250,1,12,0.051893,0
"bc88029_229_12n_thumb.jpg","1988",1250,1250,1,16,0.052207,0
"bc88029_229_12n_thumb.jpg","1988",1250,1250,1,20,0.052458,0
"bc88029_229_12n_thumb.jpg","1988",1250,1250,1,24,0.052729,0
"bc88029_229_12n_thumb.jpg","1988",1250,1250,1,32,0.053136,0
"bc88029_229_12n_thumb.jpg","1988",1250,1250,1,48,0.053951,0
"bc88029_229_12n_thumb.jpg","1988",1250,1250,1,64,0.054648,0
"bc88030_049_12n_thumb.jpg","1988",1250,1250,1,0,0.000196,0
"bc88030_049_12n_thumb.jpg","1988",1250,1250,1,4,0.049501,0
"bc88030_049_12n_thumb.jpg","1988",1250,1250,1,8,0.052062,0
"bc88030_049_12n_thumb.jpg","1988",1250,1250,1,12,0.052894,0
"bc88030_049_12n_thumb.jpg","1988",1250,1250,1,16,0.053249,0
"bc88030_049_12n_thumb.jpg","1988",1250,1250,1,20,0.053504,0
"bc88030_049_12n_thumb.jpg","1988",1250,1250,1,24,0.053684,0
"bc88030_049_12n_thumb.jpg","1988",1250,1250,1,32,0.054035,0
"bc88030_049_12n_thumb.jpg","1988",1250,1250,1,48,0.054563,0
"bc88030_049_12n_thumb.jpg","1988",1250,1250,1,64,0.05515,0
"bc88030_050_12n_thumb.jpg","1988",1250,1250,1,0,0.000525,0
"bc88030_050_12n_thumb.jpg","1988",1250,1250,1,4,0.048675,0
"bc88030_050_12n_thumb.jpg","1988",1250,1250,1,8,0.051261,0
"bc88030_050_12n_thumb.jpg","1988",1250,1250,1,12,0.052138,0
"bc88030_050_12n_thumb.jpg","1988",1250,1250,1,16,0.052548,0
"bc88030_050_12n_thumb.jpg","1988",1250,1250,1,20,0.052804,0
"bc88030_050_12n_thumb.jpg","1988",1250,1250,1,24,0.053016,0
"bc88030_050_12n_thumb.jpg","1988",1250,1250,1,32,0.053502,0
"bc88030_050_12n_thumb.jpg","1988",1250,1250,1,48,0.054241,0
"bc88030_050_12n_thumb.jpg","1988",1250,1250,1,64,0.054886,0
"bc88030_051_12n_thumb.jpg","1988",1250,1250,1,0,0.000248,0
"bc88030_051_12n_thumb.jpg","1988",1250,1250,1,4,0.048289,0
"bc88030_051_12n_thumb.jpg","1988",1250,1250,1,8,0.050619,0
"bc88030_051_12n_thumb.jpg","1988",1250,1250,1,12,0.051423,0
"bc88030_051_12n_thumb.jpg","1988",1250,1250,1,16,0.05174,0
"bc88030_051_12n_thumb.jpg","1988",1250,1250,1,20,0.051948,0
"bc88030_051_12n_thumb.jpg","1988",1250,1250,1,24,0.052174,0
"bc88030_051_12n_thumb.jpg","1988",1250,1250,1,32,0.052559,0
"bc88030_051_12n_thumb.jpg","1988",1250,1250,1,48,0.053341,0
"bc88030_051_12n_thumb.jpg","1988",1250,1250,1,64,0.054464,0
"bcc837_146_12n_thumb.jpg","1988",1250,1250,3,0,0.000239,0
"bcc837_146_12n_thumb.jpg","1988",1250,1250,3,4,0.028526,0
"bcc837_146_12n_thumb.jpg","1988",1250,1250,3,8,0.034752,0
"bcc837_146_12n_thumb.jpg","1988",1250,1250,3,12,0.036131,0
"bcc837_146_12n_thumb.jpg","1988",1250,1250,3,16,0.036587,0
"bcc837_146_12n_thumb.jpg","1988",1250,1250,3,20,0.036856,0
"bcc837_146_12n_thumb.jpg","1988",1250,1250,3,24,0.037078,0
"bcc837_146_12n_thumb.jpg","1988",1250,1250,3,32,0.037466,0
"bcc837_146_12n_thumb.jpg","1988",1250,1250,3,48,0.038179,0
"bcc837_146_12n_thumb.jpg","1988",1250,1250,3,64,0.039339,0
"bcc839_185_12n.tif.thmb.jpg","1988",1250,1250,3,0,0.017887,0
"bcc839_185_12n.tif.thmb.jpg","1988",1250,1250,3,4,0.03218,0
"bcc839_185_12n.tif.thmb.jpg","1988",1250,1250,3,8,0.036608,0
"bcc839_185_12n.tif.thmb.jpg","1988",1250,1250,3,12,0.037819,0
"bcc839_185_12n.tif.thmb.jpg","1988",1250,1250,3,16,0.038286,0
"bcc839_185_12n.tif.thmb.jpg","1988",1250,1250,3,20,0.038555,0
"bcc839_185_12n.tif.thmb.jpg","1988",1250,1250,3,24,0.038812,0
"bcc839_185_12n.tif.thmb.jpg","1988",1250,1250,3,32,0.03926,0
"bcc839_185_12n.tif.thmb.jpg","1988",1250,1250,3,48,0.040065,0
"bcc839_185_12n.tif.thmb.jpg","1988",1250,1250,3,64,0.04093,0
"bcc839_186_12n.tif.thmb.jpg","1988",1250,1250,3,0,0.01792,0
"bcc839_186_12n.tif.thmb.jpg","1988",1250,1250,3,4,0.03191,0
"bcc839_186_12n.tif.thmb.jpg","1988",1250,1250,3,8,0.036243,0
"bcc839_186_12n.tif.thmb.jpg","1988",1250,1250,3,12,0.037335,0
"bcc839_186_12n.tif.thmb.jpg","1988",1250,1250,3,16,0.03778,0
"bcc839_186_12n.tif.thmb.jpg","1988",1250,1250,3,20,0.038044,0
"bcc839_186_12n.tif.thmb.jpg","1988",1250,1250,3,24,0.038247,0
"bcc839_186_12n.tif.thmb.jpg","1988",1250,1250,3,32,0.038529,0
"bcc839_186_12n.tif.thmb.jpg","1988",1250,1250,3,48,0.039436,0
"bcc839_186_12n.tif.thmb.jpg","1988",1250,1250,3,64,0.040196,0
"bcc839_187_12n.tif.thmb.jpg","1988",1250,1250,3,0,0.018008,0
"bcc839_187_12n.tif.thmb.jpg","1988",1250,1250,3,4,0.03174,0
"bcc839_187_12n.tif.thmb.jpg","1988",1250,1250,3,8,0.036244,0
"bcc839_187_12n.tif.thmb.jpg","1988",1250,1250,3,12,0.037401,0
"bcc839_187_12n.tif.thmb.jpg","1988",1250,1250,3,16,0.037898,0
"bcc839_187_12n.tif.thmb.jpg","1988",1250,1250,3,20,0.038158,0
"bcc839_187_12n.tif.thmb.jpg","1988",1250,1250,3,24,0.038461,0
"bcc839_187_12n.tif.thmb.jpg","1988",1250,1250,3,32,0.038777,0
"bcc839_187_12n.tif.thmb.jpg","1988",1250,1250,3,48,0.039584,0
"bcc839_187_12n.tif.thmb.jpg","1988",1250,1250,3,64,0.040361,0
"bcc839_188_12n.tif.thmb.jpg","1988",1250,1250,3,0,0.017978,0
"bcc839_188_12n.tif.thmb.jpg","1988",1250,1250,3,4,0.031531,0
"bcc839_188_12n.tif.thmb.jpg","1988",1250,1250,3,8,0.036037,0
"bcc839_188_12n.tif.thmb.jpg","1988",1250,1250,3,12,0.037386,0
"bcc839_188_12n.tif.thmb.jpg","1988",1250,1250,3,16,0.037793,0
"bcc839_188_12n.tif.thmb.jpg","1988",1250,1250,3,20,0.03804,0
"bcc839_188_12n.tif.thmb.jpg","1988",1250,1250,3,24,0.038217,0
"bcc839_188_12n.tif.thmb.jpg","1988",1250,1250,3,32,0.038579,0
"bcc839_188_12n.tif.thmb.jpg","1988",1250,1250,3,48,0.039373,0
"bcc839_188_12n.tif.thmb.jpg","1988",1250,1250,3,64,0.040243,0
"bcc839_193_12n.tif.thmb.jpg","1988",1250,1250,3,0,0.000877,0
"bcc839_193_12n.tif.thmb.jpg","1988",1250,1250,3,4,0.028444,0
"bcc839_193_12n.tif.thmb.jpg","1988",1250,1250,3,8,0.034573,0
"bcc839_193_12n.tif.thmb.jpg","1988",1250,1250,3,12,0.036927,0
"bcc839_193_12n.tif.thmb.jpg","1988",1250,1250,3,16,0.03773,0
"bcc839_193_12n.tif.thmb.jpg","1988",1250,1250,3,20,0.038124,0
"bcc839_193_12n.tif.thmb.jpg","1988",1250,1250,3,24,0.03842,0
"bcc839_193_12n.tif.thmb.jpg","1988",1250,1250,3,32,0.039032,0
"bcc839_193_12n.tif.thmb.jpg","1988",1250,1250,3,48,0.041625,0
"bcc839_193_12n.tif.thmb.jpg","1988",1250,1250,3,64,0.051142,0
"bcc839_194_12n.tif.thmb.jpg","1988",1250,1250,3,0,0.002781,0
"bcc839_194_12n.tif.thmb.jpg","1988",1250,1250,3,4,0.027934,0
"bcc839_194_12n.tif.thmb.jpg","1988",1250,1250,3,8,0.034409,0
"bcc839_194_12n.tif.thmb.jpg","1988",1250,1250,3,12,0.036929,0
"bcc839_194_12n.tif.thmb.jpg","1988",1250,1250,3,16,0.037692,0
"bcc839_194_12n.tif.thmb.jpg","1988",1250,1250,3,20,0.038052,0
"bcc839_194_12n.tif.thmb.jpg","1988",1250,1250,3,24,0.038427,0
"bcc839_194_12n.tif.thmb.jpg","1988",1250,1250,3,32,0.039153,0
"bcc839_194_12n.tif.thmb.jpg","1988",1250,1250,3,48,0.050638,0
"bcc839_194_12n.tif.thmb.jpg","1988",1250,1250,3,64,0.064476,0.001729
"bcc839_195_12n.tif.thmb.jpg","1988",1250,1250,3,0,0.001934,0
"bcc839_195_12n.tif.thmb.jpg","1988",1250,1250,3,4,0.028734,0
"bcc839_195_12n.tif.thmb.jpg","1988",1250,1250,3,8,0.035062,0
"bcc839_195_12n.tif.thmb.jpg","1988",1250,1250,3,12,0.037352,0
"bcc839_195_12n.tif.thmb.jpg","1988",1250,1250,3,16,0.038128,0
"bcc839_195_12n.tif.thmb.jpg","1988",1250,1250,3,20,0.038625,0
"bcc839_195_12n.tif.thmb.jpg","1988",1250,1250,3,24,0.039031,0
"bcc839_195_12n.tif.thmb.jpg","1988",1250,1250,3,32,0.03974,0
"bcc839_195_12n.tif.thmb.jpg","1988",1250,1250,3,48,0.057088,0.000211
"bcc839_195_12n.tif.thmb.jpg","1988",1250,1250,3,64,0.091876,0.005132
"bcc959_131_thumb.jpg","1989",1250,1250,3,0,0.021288,0
"bcc959_131_thumb.jpg","1989",1250,1250,3,4,0.035645,0
"bcc959_131_thumb.jpg","1989",1250,1250,3,8,0.038604,0
"bcc959_131_thumb.jpg","1989",1250,1250,3,12,0.039471,0
"bcc959_131_thumb.jpg","1989",1250,1250,3,16,0.039838,0
"bcc959_131_thumb.jpg","1989",1250,1250,3,20,0.040044,0
"bcc959_131_thumb.jpg","1989",1250,1250,3,24,0.04026,0
"bcc959_131_thumb.jpg","1989",1250,1250,3,32,0.040628,0
"bcc959_131_thumb.jpg","1989",1250,1250,3,48,0.041377,0
"bcc959_131_thumb.jpg","1989",1250,1250,3,64,0.042794,0
"bcc959_132_thumb.jpg","1989",1250,1250,3,0,0.021343,0
"bcc959_132_thumb.jpg","1989",1250,1250,3,4,0.036131,0
"bcc959_132_thumb.jpg","1989",1250,1250,3,8,0.03878,0
"bcc959_132_thumb.jpg","1989",1250,1250,3,12,0.039578,0
"bcc959_132_thumb.jpg","1989",1250,1250,3,16,0.040079,0
"bcc959_132_thumb.jpg","1989",1250,1250,3,20,0.040332,0
"bcc959_132_thumb.jpg","1989",1250,1250,3,24,0.040515,0
"bcc959_132_thumb.jpg","1989",1250,1250,3,32,0.040809,0
"bcc959_132_thumb.jpg","1989",1250,1250,3,48,0.041504,0
"bcc959_132_thumb.jpg","1989",1250,1250,3,64,0.042934,0
"bcc959_133_thumb.jpg","1989",1250,1250,3,0,0.021471,0
"bcc959_133_thumb.jpg","1989",1250,1250,3,4,0.035483,0
"bcc959_133_thumb.jpg","1989",1250,1250,3,8,0.038253,0
"bcc959_133_thumb.jpg","1989",1250,1250,3,12,0.039166,0
"bcc959_133_thumb.jpg","1989",1250,1250,3,16,0.039523,0
"bcc959_133_thumb.jpg","1989",1250,1250,3,20,0.039764,0
"bcc959_133_thumb.jpg","1989",1250,1250,3,24,0.039988,0
"bcc959_133_thumb.jpg","1989",1250,1250,3,32,0.040447,0
"bcc959_133_thumb.jpg","1989",1250,1250,3,48,0.041353,0
"bcc959_133_thumb.jpg","1989",1250,1250,3,64,0.042499,0
"bcc959_134_thumb.jpg","1989",1250,1250,3,0,0.021054,0
"bcc959_134_thumb.jpg","1989",1250,1250,3,4,0.035256,0
"bcc959_134_thumb.jpg","1989",1250,1250,3,8,0.038045,0
"bcc959_134_thumb.jpg","1989",1250,1250,3,12,0.038883,0
"bcc959_134_thumb.jpg","1989",1250,1250,3,16,0.039302,0
"bcc959_134_thumb.jpg","1989",1250,1250,3,20,0.039517,0
"bcc959_134_thumb.jpg","1989",1250,1250,3,24,0.039725,0
"bcc959_134_thumb.jpg","1989",1250,1250,3,32,0.040198,0
"bcc959_134_thumb.jpg","1989",1250,1250,3,48,0.041011,0
"bcc959_134_thumb.jpg","1989",1250,1250,3,64,0.042456,0
"bcc959_147_thumb.jpg","1989",1250,1250,3,0,0.022843,0
"bcc959_147_thumb.jpg","1989",1250,1250,3,4,0.036305,0
"bcc959_147_thumb.jpg","1989",1250,1250,3,8,0.038806,0
"bcc959_147_thumb.jpg","1989",1250,1250,3,12,0.039622,0
"bcc959_147_thumb.jpg","1989",1250,1250,3,16,0.039927,0
"bcc959_147_thumb.jpg","1989",1250,1250,3,20,0.040291,0
"bcc959_147_thumb.jpg","1989",1250,1250,3,24,0.040498,0
"bcc959_147_thumb.jpg","1989",1250,1250,3,32,0.040861,0
"bcc959_147_thumb.jpg","1989",1250,1250,3,48,0.041542,0
"bcc959_147_thumb.jpg","1989",1250,1250,3,64,0.0423,0
"bcc959_148_thumb.jpg","1989",1250,1250,3,0,0.022927,0
"bcc959_148_thumb.jpg","1989",1250,1250,3,4,0.035756,0
"bcc959_148_thumb.jpg","1989",1250,1250,3,8,0.038148,0
"bcc959_148_thumb.jpg","1989",1250,1250,3,12,0.038943,0
"bcc959_148_thumb.jpg","1989",1250,1250,3,16,0.039276,0
"bcc959_148_thumb.jpg","1989",1250,1250,3,20,0.039549,0
"bcc959_148_thumb.jpg","1989",1250,1250,3,24,0.039754,0
"bcc959_148_thumb.jpg","1989",1250,1250,3,32,0.040218,0
"bcc959_148_thumb.jpg","1989",1250,1250,3,48,0.040892,0
"bcc959_148_thumb.jpg","1989",1250,1250,3,64,0.041734,0
"bcc959_149_thumb.jpg","1989",1250,1250,3,0,0.023535,0
"bcc959_149_thumb.jpg","1989",1250,1250,3,4,0.036164,0
"bcc959_149_thumb.jpg","1989",1250,1250,3,8,0.03856,0
"bcc959_149_thumb.jpg","1989",1250,1250,3,12,0.039289,0
"bcc959_149_thumb.jpg","1989",1250,1250,3,16,0.039667,0
"bcc959_149_thumb.jpg","1989",1250,1250,3,20,0.039899,0
"bcc959_149_thumb.jpg","1989",1250,1250,3,24,0.040135,0
"bcc959_149_thumb.jpg","1989",1250,1250,3,32,0.040495,0
"bcc959_149_thumb.jpg","1989",1250,1250,3,48,0.041155,0
"bcc959_149_thumb.jpg","1989",1250,1250,3,64,0.041834,0
"bcb90128_213_thumb.jpg","1990",1250,1250,1,0,0.006171,0
"bcb90128_213_thumb.jpg","1990",1250,1250,1,4,0.024496,0
"bcb90128_213_thumb.jpg","1990",1250,1250,1,8,0.028104,0
"bcb90128_213_thumb.jpg","1990",1250,1250,1,12,0.029585,0
"bcb90128_213_thumb.jpg","1990",1250,1250,1,16,0.031212,0
"bcb90128_213_thumb.jpg","1990",1250,1250,1,20,0.032849,0
"bcb90128_213_thumb.jpg","1990",1250,1250,1,24,0.037821,0
"bcb90128_213_thumb.jpg","1990",1250,1250,1,32,0.048895,0.001993
"bcb90128_213_thumb.jpg","1990",1250,1250,1,48,0.116289,0.043057
"bcb90128_213_thumb.jpg","1990",1250,1250,1,64,0.228973,0.154839
"bcb90128_238_thumb.jpg","1990",1250,1249,1,0,0.005501,0
"bcb90128_238_thumb.jpg","1990",1250,1249,1,4,0.024085,0
"bcb90128_238_thumb.jpg","1990",1250,1249,1,8,0.027722,0
"bcb90128_238_thumb.jpg","1990",1250,1249,1,12,0.02915,0
"bcb90128_238_thumb.jpg","1990",1250,1249,1,16,0.029857,0
"bcb90128_238_thumb.jpg","1990",1250,1249,1,20,0.030415,0
"bcb90128_238_thumb.jpg","1990",1250,1249,1,24,0.031108,0
"bcb90128_238_thumb.jpg","1990",1250,1249,1,32,0.034169,0
"bcb90128_238_thumb.jpg","1990",1250,1249,1,48,0.078262,0.022189
"bcb90128_238_thumb.jpg","1990",1250,1249,1,64,0.131437,0.063613
"bcb90128_239_thumb.jpg","1990",1250,1250,1,0,0.005901,0
"bcb90128_239_thumb.jpg","1990",1250,1250,1,4,0.024611,0
"bcb90128_239_thumb.jpg","1990",1250,1250,1,8,0.02809,0
"bcb90128_239_thumb.jpg","1990",1250,1250,1,12,0.030188,0
"bcb90128_239_thumb.jpg","1990",1250,1250,1,16,0.031677,0
"bcb90128_239_thumb.jpg","1990",1250,1250,1,20,0.033178,0
"bcb90128_239_thumb.jpg","1990",1250,1250,1,24,0.034538,0
"bcb90128_239_thumb.jpg","1990",1250,1250,1,32,0.044192,0.00109
"bcb90128_239_thumb.jpg","1990",1250,1250,1,48,0.072301,0.01151
"bcb90128_239_thumb.jpg","1990",1250,1250,1,64,0.134986,0.054406
"bcb90128_240_thumb.jpg","1990",1250,1250,1,0,0.005277,0
"bcb90128_240_thumb.jpg","1990",1250,1250,1,4,0.02516,0
"bcb90128_240_thumb.jpg","1990",1250,1250,1,8,0.028191,0
"bcb90128_240_thumb.jpg","1990",1250,1250,1,12,0.037292,0.000419
"bcb90128_240_thumb.jpg","1990",1250,1250,1,16,0.039165,0.001131
"bcb90128_240_thumb.jpg","1990",1250,1250,1,20,0.040222,0.001257
"bcb90128_240_thumb.jpg","1990",1250,1250,1,24,0.041167,0.001306
"bcb90128_240_thumb.jpg","1990",1250,1250,1,32,0.05536,0.009672
"bcb90128_240_thumb.jpg","1990",1250,1250,1,48,0.073821,0.013882
"bcb90128_240_thumb.jpg","1990",1250,1250,1,64,0.140498,0.063116
"bcb90128_241_thumb.jpg","1990",1250,1250,1,0,0.005604,0
"bcb90128_241_thumb.jpg","1990",1250,1250,1,4,0.025287,0
"bcb90128_241_thumb.jpg","1990",1250,1250,1,8,0.028532,0
"bcb90128_241_thumb.jpg","1990",1250,1250,1,12,0.029896,0
"bcb90128_241_thumb.jpg","1990",1250,1250,1,16,0.031336,0
"bcb90128_241_thumb.jpg","1990",1250,1250,1,20,0.032677,0
"bcb90128_241_thumb.jpg","1990",1250,1250,1,24,0.034409,0
"bcb90128_241_thumb.jpg","1990",1250,1250,1,32,0.046982,0.001094
"bcb90128_241_thumb.jpg","1990",1250,1250,1,48,0.08182,0.017571
"bcb90128_241_thumb.jpg","1990",1250,1250,1,64,0.142995,0.068932
"bcb90129_058_thumb.jpg","1990",1250,1250,1,0,2.4e-05,0
"bcb90129_058_thumb.jpg","1990",1250,1250,1,4,0.000516,0
"bcb90129_058_thumb.jpg","1990",1250,1250,1,8,0.014927,0
"bcb90129_058_thumb.jpg","1990",1250,1250,1,12,0.026407,0
"bcb90129_058_thumb.jpg","1990",1250,1250,1,16,0.028504,0
"bcb90129_058_thumb.jpg","1990",1250,1250,1,20,0.029104,0
"bcb90129_058_thumb.jpg","1990",1250,1250,1,24,0.029421,0
"bcb90129_058_thumb.jpg","1990",1250,1250,1,32,0.029821,0
"bcb90129_058_thumb.jpg","1990",1250,1250,1,48,0.030464,0
"bcb90129_058_thumb.jpg","1990",1250,1250,1,64,0.03117,0
"bcb90129_059_thumb.jpg","1990",1250,1250,1,0,5.9e-05,0
"bcb90129_059_thumb.jpg","1990",1250,1250,1,4,0.000444,0
"bcb90129_059_thumb.jpg","1990",1250,1250,1,8,0.015065,0
"bcb90129_059_thumb.jpg","1990",1250,1250,1,12,0.026012,0
"bcb90129_059_thumb.jpg","1990",1250,1250,1,16,0.028237,0
"bcb90129_059_thumb.jpg","1990",1250,1250,1,20,0.028854,0
"bcb90129_059_thumb.jpg","1990",1250,1250,1,24,0.029217,0
"bcb90129_059_thumb.jpg","1990",1250,1250,1,32,0.029683,0
"bcb90129_059_thumb.jpg","1990",1250,1250,1,48,0.030317,0
"bcb90129_059_thumb.jpg","1990",1250,1250,1,64,0.032049,0
"bcb90129_060_thumb.jpg","1990",1250,1250,1,0,0.001132,0
"bcb90129_060_thumb.jpg","1990",1250,1250,1,4,0.002945,0
"bcb90129_060_thumb.jpg","1990",1250,1250,1,8,0.014543,0
"bcb90129_060_thumb.jpg","1990",1250,1250,1,12,0.025898,0
"bcb90129_060_thumb.jpg","1990",1250,1250,1,16,0.028078,0
"bcb90129_060_thumb.jpg","1990",1250,1250,1,20,0.028765,0
"bcb90129_060_thumb.jpg","1990",1250,1250,1,24,0.029015,0
"bcb90129_060_thumb.jpg","1990",1250,1250,1,32,0.02948,0
"bcb90129_060_thumb.jpg","1990",1250,1250,1,48,0.030156,0
"bcb90129_060_thumb.jpg","1990",1250,1250,1,64,0.030778,0
"bcb93015_294_12n_thumb.jpg","1993",1250,1250,1,0,0.023381,0
"bcb93015_294_12n_thumb.jpg","1993",1250,1250,1,4,0.028824,0
"bcb93015_294_12n_thumb.jpg","1993",1250,1250,1,8,0.03047,0
"bcb93015_294_12n_thumb.jpg","1993",1250,1250,1,12,0.030998,0
"bcb93015_294_12n_thumb.jpg","1993",1250,1250,1,16,0.031235,0
"bcb93015_294_12n_thumb.jpg","1993",1250,1250,1,20,0.031446,0
"bcb93015_294_12n_thumb.jpg","1993",1250,1250,1,24,0.031658,0
"bcb93015_294_12n_thumb.jpg","1993",1250,1250,1,32,0.032054,0
"bcb93015_294_12n_thumb.jpg","1993",1250,1250,1,48,0.032612,0
"bcb93015_294_12n_thumb.jpg","1993",1250,1250,1,64,0.033206,0
"bcb93015_295_12n_thumb.jpg","1993",1250,1250,1,0,0.022499,0
"bcb93015_295_12n_thumb.jpg","1993",1250,1250,1,4,0.027855,0
"bcb93015_295_12n_thumb.jpg","1993",1250,1250,1,8,0.029583,0
"bcb93015_295_12n_thumb.jpg","1993",1250,1250,1,12,0.030121,0
"bcb93015_295_12n_thumb.jpg","1993",1250,1250,1,16,0.030418,0
"bcb93015_295_12n_thumb.jpg","1993",1250,1250,1,20,0.030644,0
"bcb93015_295_12n_thumb.jpg","1993",1250,1250,1,24,0.030821,0
"bcb93015_295_12n_thumb.jpg","1993",1250,1250,1,32,0.031109,0
"bcb93015_295_12n_thumb.jpg","1993",1250,1250,1,48,0.031796,0
"bcb93015_295_12n_thumb.jpg","1993",1250,1250,1,64,0.032397,0
"bcb93015_296_12n_thumb.jpg","1993",1250,1250,1,0,0.023087,0
"bcb93015_296_12n_thumb.jpg","1993",1250,1250,1,4,0.028338,0
"bcb93015_296_12n_thumb.jpg","1993",1250,1250,1,8,0.029888,0
"bcb93015_296_12n_thumb.jpg","1993",1250,1250,1,12,0.030568,0
"bcb93015_296_12n_thumb.jpg","1993",1250,1250,1,16,0.030851,0
"bcb93015_296_12n_thumb.jpg","1993",1250,1250,1,20,0.031041,0
"bcb93015_296_12n_thumb.jpg","1993",1250,1250,1,24,0.031235,0
"bcb93015_296_12n_thumb.jpg","1993",1250,1250,1,32,0.031558,0
"bcb93015_296_12n_thumb.jpg","1993",1250,1250,1,48,0.032285,0
"bcb93015_296_12n_thumb.jpg","1993",1250,1250,1,64,0.033881,0
"bcb93015_297_12n_thumb.jpg","1993",1250,1250,1,0,0.023763,0
"bcb93015_297_12n_thumb.jpg","1993",1250,1250,1,4,0.028536,0
"bcb93015_297_12n_thumb.jpg","1993",1250,1250,1,8,0.030221,0
"bcb93015_297_12n_thumb.jpg","1993",1250,1250,1,12,0.030849,0
"bcb93015_297_12n_thumb.jpg","1993",1250,1250,1,16,0.0311,0
"bcb93015_297_12n_thumb.jpg","1993",1250,1250,1,20,0.031282,0
"bcb93015_297_12n_thumb.jpg","1993",1250,1250,1,24,0.03145,0
"bcb93015_297_12n_thumb.jpg","1993",1250,1250,1,32,0.031727,0
"bcb93015_297_12n_thumb.jpg","1993",1250,1250,1,48,0.032428,0
"bcb93015_297_12n_thumb.jpg","1993",1250,1250,1,64,0.033677,0
"bcb93018_016_12n_thumb.jpg","1993",1250,1250,1,0,0.001521,0
"bcb93018_016_12n_thumb.jpg","1993",1250,1250,1,4,0.004321,0
"bcb93018_016_12n_thumb.jpg","1993",1250,1250,1,8,0.012084,0
"bcb93018_016_12n_thumb.jpg","1993",1250,1250,1,12,0.017067,0
"bcb93018_016_12n_thumb.jpg","1993",1250,1250,1,16,0.018297,0
"bcb93018_016_12n_thumb.jpg","1993",1250,1250,1,20,0.018765,0
"bcb93018_016_12n_thumb.jpg","1993",1250,1250,1,24,0.018918,0
"bcb93018_016_12n_thumb.jpg","1993",1250,1250,1,32,0.01919,0
"bcb93018_016_12n_thumb.jpg","1993",1250,1250,1,48,0.019842,0
"bcb93018_016_12n_thumb.jpg","1993",1250,1250,1,64,0.020364,0
"bcb93018_017_12n_thumb.jpg","1993",1250,1250,1,0,0.001674,0
"bcb93018_017_12n_thumb.jpg","1993",1250,1250,1,4,0.004716,0
"bcb93018_017_12n_thumb.jpg","1993",1250,1250,1,8,0.013315,0
"bcb93018_017_12n_thumb.jpg","1993",1250,1250,1,12,0.017244,0
"bcb93018_017_12n_thumb.jpg","1993",1250,1250,1,16,0.018361,0
"bcb93018_017_12n_thumb.jpg","1993",1250,1250,1,20,0.018723,0
"bcb93018_017_12n_thumb.jpg","1993",1250,1250,1,24,0.01889,0
"bcb93018_017_12n_thumb.jpg","1993",1250,1250,1,32,0.019213,0
"bcb93018_017_12n_thumb.jpg","1993",1250,1250,1,48,0.019746,0
"bcb93018_017_12n_thumb.jpg","1993",1250,1250,1,64,0.020268,0
"bcb93018_018_12n_thumb.jpg","1993",1250,1250,1,0,0.000277,0
"bcb93018_018_12n_thumb.jpg","1993",1250,1250,1,4,0.002079,0
"bcb93018_018_12n_thumb.jpg","1993",1250,1250,1,8,0.011022,0
"bcb93018_018_12n_thumb.jpg","1993",1250,1250,1,12,0.014756,0
"bcb93018_018_12n_thumb.jpg","1993",1250,1250,1,16,0.015704,0
"bcb93018_018_12n_thumb.jpg","1993",1250,1250,1,20,0.016093,0
"bcb93018_018_12n_thumb.jpg","1993",1250,1250,1,24,0.016251,0
"bcb93018_018_12n_thumb.jpg","1993",1250,1250,1,32,0.016456,0
"bcb93018_018_12n_thumb.jpg","1993",1250,1250,1,48,0.016973,0
"bcb93018_018_12n_thumb.jpg","1993",1250,1250,1,64,0.017581,0
"bcb93018_019_12n_thumb.jpg","1993",1250,1250,1,0,0.001751,0
"bcb93018_019_12n_thumb.jpg","1993",1250,1250,1,4,0.004289,0
"bcb93018_019_12n_thumb.jpg","1993",1250,1250,1,8,0.013131,0
"bcb93018_019_12n_thumb.jpg","1993",1250,1250,1,12,0.017065,0
"bcb93018_019_12n_thumb.jpg","1993",1250,1250,1,16,0.01812,0
"bcb93018_019_12n_thumb.jpg","1993",1250,1250,1,20,0.018542,0
"bcb93018_019_12n_thumb.jpg","1993",1250,1250,1,24,0.018789,0
"bcb93018_019_12n_thumb.jpg","1993",1250,1250,1,32,0.019091,0
"bcb93018_019_12n_thumb.jpg","1993",1250,1250,1,48,0.019631,0
"bcb93018_019_12n_thumb.jpg","1993",1250,1250,1,64,0.020201,0
"bcb94081_040_thumb.jpg","1994",1250,1250,1,0,0.00839,0
"bcb94081_040_thumb.jpg","1994",1250,1250,1,4,0.014944,0
"bcb94081_040_thumb.jpg","1994",1250,1250,1,8,0.023444,0
"bcb94081_040_thumb.jpg","1994",1250,1250,1,12,0.033748,0.000112
"bcb94081_040_thumb.jpg","1994",1250,1250,1,16,0.03963,0.000427
"bcb94081_040_thumb.jpg","1994",1250,1250,1,20,0.043839,0.000573
"bcb94081_040_thumb.jpg","1994",1250,1250,1,24,0.058509,0.011734
"bcb94081_040_thumb.jpg","1994",1250,1250,1,32,0.072216,0.01974
"bcb94081_040_thumb.jpg","1994",1250,1250,1,48,0.103734,0.038631
"bcb94081_040_thumb.jpg","1994",1250,1250,1,64,0.171162,0.107641
"bcb94081_041_thumb.jpg","1994",1250,1250,1,0,0.008936,0
"bcb94081_041_thumb.jpg","1994",1250,1250,1,4,0.014371,0
"bcb94081_041_thumb.jpg","1994",1250,1250,1,8,0.019603,0
"bcb94081_041_thumb.jpg","1994",1250,1250,1,12,0.023539,0
"bcb94081_041_thumb.jpg","1994",1250,1250,1,16,0.030764,0.002454
"bcb94081_041_thumb.jpg","1994",1250,1250,1,20,0.037647,0.00321
"bcb94081_041_thumb.jpg","1994",1250,1250,1,24,0.042269,0.004305
"bcb94081_041_thumb.jpg","1994",1250,1250,1,32,0.053059,0.007758
"bcb94081_041_thumb.jpg","1994",1250,1250,1,48,0.114579,0.068247
"bcb94081_041_thumb.jpg","1994",1250,1250,1,64,0.217041,0.202383
"bcb94081_042_thumb.jpg","1994",1250,1250,1,0,0.008241,0
"bcb94081_042_thumb.jpg","1994",1250,1250,1,4,0.014019,0
"bcb94081_042_thumb.jpg","1994",1250,1250,1,8,0.020792,0
"bcb94081_042_thumb.jpg","1994",1250,1250,1,12,0.029425,0
"bcb94081_042_thumb.jpg","1994",1250,1250,1,16,0.037468,0
"bcb94081_042_thumb.jpg","1994",1250,1250,1,20,0.050404,0.00306
"bcb94081_042_thumb.jpg","1994",1250,1250,1,24,0.061,0.005377
"bcb94081_042_thumb.jpg","1994",1250,1250,1,32,0.106922,0.046536
"bcb94081_042_thumb.jpg","1994",1250,1250,1,48,0.215263,0.165139
"bcb94081_042_thumb.jpg","1994",1250,1250,1,64,0.294809,0.255385
"bcb94081_043_thumb.jpg","1994",1250,1250,1,0,0.009959,0
"bcb94081_043_thumb.jpg","1994",1250,1250,1,4,0.019243,0
"bcb94081_043_thumb.jpg","1994",1250,1250,1,8,0.030716,0.000835
"bcb94081_043_thumb.jpg","1994",1250,1250,1,12,0.045312,0.004027
"bcb94081_043_thumb.jpg","1994",1250,1250,1,16,0.05698,0.005949
"bcb94081_043_thumb.jpg","1994",1250,1250,1,20,0.069729,0.0094
"bcb94081_043_thumb.jpg","1994",1250,1250,1,24,0.084096,0.013757
"bcb94081_043_thumb.jpg","1994",1250,1250,1,32,0.109592,0.02013
"bcb94081_043_thumb.jpg","1994",1250,1250,1,48,0.225045,0.157323
"bcb94081_043_thumb.jpg","1994",1250,1250,1,64,0.330244,0.282469
"bcb94081_052_thumb.jpg","1994",1250,1250,1,0,0.009354,0
"bcb94081_052_thumb.jpg","1994",1250,1250,1,4,0.018343,0
"bcb94081_052_thumb.jpg","1994",1250,1250,1,8,0.029561,5e-06
"bcb94081_052_thumb.jpg","1994",1250,1250,1,12,0.037944,0.002236
"bcb94081_052_thumb.jpg","1994",1250,1250,1,16,0.044982,0.00419
"bcb94081_052_thumb.jpg","1994",1250,1250,1,20,0.052965,0.005934
"bcb94081_052_thumb.jpg","1994",1250,1250,1,24,0.058975,0.007492
"bcb94081_052_thumb.jpg","1994",1250,1250,1,32,0.071951,0.012063
"bcb94081_052_thumb.jpg","1994",1250,1250,1,48,0.102063,0.024353
"bcb94081_052_thumb.jpg","1994",1250,1250,1,64,0.172369,0.112497
"bcb94081_053_thumb.jpg","1994",1250,1250,1,0,0.009002,0
"bcb94081_053_thumb.jpg","1994",1250,1250,1,4,0.016317,0
"bcb94081_053_thumb.jpg","1994",1250,1250,1,8,0.0214,0
"bcb94081_053_thumb.jpg","1994",1250,1250,1,12,0.027736,1.9e-05
"bcb94081_053_thumb.jpg","1994",1250,1250,1,16,0.034688,0.000181
"bcb94081_053_thumb.jpg","1994",1250,1250,1,20,0.042619,0.000975
"bcb94081_053_thumb.jpg","1994",1250,1250,1,24,0.055535,0.006357
"bcb94081_053_thumb.jpg","1994",1250,1250,1,32,0.075075,0.01756
"bcb94081_053_thumb.jpg","1994",1250,1250,1,48,0.104981,0.039423
"bcb94081_053_thumb.jpg","1994",1250,1250,1,64,0.158086,0.086627
"bcb94081_054_thumb.jpg","1994",1250,1250,1,0,0.009472,0
"bcb94081_054_thumb.jpg","1994",1250,1250,1,4,0.02025,8e-05
"bcb94081_054_thumb.jpg","1994",1250,1250,1,8,0.030726,0.000317
"bcb94081_054_thumb.jpg","1994",1250,1250,1,12,0.039865,0.00266
"bcb94081_054_thumb.jpg","1994",1250,1250,1,16,0.044776,0.003553
"bcb94081_054_thumb.jpg","1994",1250,1250,1,20,0.051862,0.00633
"bcb94081_054_thumb.jpg","1994",1250,1250,1,24,0.057551,0.007411
"bcb94081_054_thumb.jpg","1994",1250,1250,1,32,0.075141,0.019889
"bcb94081_054_thumb.jpg","1994",1250,1250,1,48,0.10043,0.040289
"bcb94081_054_thumb.jpg","1994",1250,1250,1,64,0.118294,0.052476
"bcb94081_055_thumb.jpg","1994",1250,1250,1,0,0.008976,0
"bcb94081_055_thumb.jpg","1994",1250,1250,1,4,0.017985,0
"bcb94081_055_thumb.jpg","1994",1250,1250,1,8,0.022099,0
"bcb94081_055_thumb.jpg","1994",1250,1250,1,12,0.025569,0
"bcb94081_055_thumb.jpg","1994",1250,1250,1,16,0.028179,0
"bcb94081_055_thumb.jpg","1994",1250,1250,1,20,0.029861,0
"bcb94081_055_thumb.jpg","1994",1250,1250,1,24,0.033843,4e-06
"bcb94081_055_thumb.jpg","1994",1250,1250,1,32,0.039436,4.5e-05
"bcb94081_055_thumb.jpg","1994",1250,1250,1,48,0.073111,0.027869
"bcb94081_055_thumb.jpg","1994",1250,1250,1,64,0.116103,0.070833
"bcb94081_069_thumb.jpg","1994",1250,1250,1,0,0.008713,0
"bcb94081_069_thumb.jpg","1994",1250,1250,1,4,0.013862,0
"bcb94081_069_thumb.jpg","1994",1250,1250,1,8,0.019634,1.1e-05
"bcb94081_069_thumb.jpg","1994",1250,1250,1,12,0.029689,0.001336
"bcb94081_069_thumb.jpg","1994",1250,1250,1,16,0.042814,0.002561
"bcb94081_069_thumb.jpg","1994",1250,1250,1,20,0.052003,0.004427
"bcb94081_069_thumb.jpg","1994",1250,1250,1,24,0.057178,0.0051
"bcb94081_069_thumb.jpg","1994",1250,1250,1,32,0.06657,0.007412
"bcb94081_069_thumb.jpg","1994",1250,1250,1,48,0.087183,0.022507
"bcb94081_069_thumb.jpg","1994",1250,1250,1,64,0.135912,0.071854
"bcb94081_070_thumb.jpg","1994",1250,1250,1,0,0.008189,0
"bcb94081_070_thumb.jpg","1994",1250,1250,1,4,0.022495,0.004314
"bcb94081_070_thumb.jpg","1994",1250,1250,1,8,0.028429,0.006497
"bcb94081_070_thumb.jpg","1994",1250,1250,1,12,0.034971,0.01078
"bcb94081_070_thumb.jpg","1994",1250,1250,1,16,0.038678,0.01312
"bcb94081_070_thumb.jpg","1994",1250,1250,1,20,0.041172,0.014277
"bcb94081_070_thumb.jpg","1994",1250,1250,1,24,0.047197,0.016009
"bcb94081_070_thumb.jpg","1994",1250,1250,1,32,0.063202,0.033007
"bcb94081_070_thumb.jpg","1994",1250,1250,1,48,0.094691,0.060716
"bcb94081_070_thumb.jpg","1994",1250,1250,1,64,0.134477,0.106469
"bcb95088_027_12n_thumb.jpg","1995",1249,1250,1,0,0.017143,0
"bcb95088_027_12n_thumb.jpg","1995",1249,1250,1,4,0.020325,0
"bcb95088_027_12n_thumb.jpg","1995",1249,1250,1,8,0.021333,0
"bcb95088_027_12n_thumb.jpg","1995",1249,1250,1,12,0.021779,0
"bcb95088_027_12n_thumb.jpg","1995",1249,1250,1,16,0.022086,0
"bcb95088_027_12n_thumb.jpg","1995",1249,1250,1,20,0.022294,0
"bcb95088_027_12n_thumb.jpg","1995",1249,1250,1,24,0.022549,0
"bcb95088_027_12n_thumb.jpg","1995",1249,1250,1,32,0.02334,0
"bcb95088_027_12n_thumb.jpg","1995",1249,1250,1,48,0.035389,0.000895
"bcb95088_027_12n_thumb.jpg","1995",1249,1250,1,64,0.061823,0.007951
"bcb95088_028_12n_thumb.jpg","1995",1249,1250,1,0,0.016812,0
"bcb95088_028_12n_thumb.jpg","1995",1249,1250,1,4,0.020177,0
"bcb95088_028_12n_thumb.jpg","1995",1249,1250,1,8,0.021137,0
"bcb95088_028_12n_thumb.jpg","1995",1249,1250,1,12,0.021656,0
"bcb95088_028_12n_thumb.jpg","1995",1249,1250,1,16,0.022112,0
"bcb95088_028_12n_thumb.jpg","1995",1249,1250,1,20,0.02303,0
"bcb95088_028_12n_thumb.jpg","1995",1249,1250,1,24,0.024464,0
"bcb95088_028_12n_thumb.jpg","1995",1249,1250,1,32,0.028282,0
"bcb95088_028_12n_thumb.jpg","1995",1249,1250,1,48,0.058783,0.002646
"bcb95088_028_12n_thumb.jpg","1995",1249,1250,1,64,0.094467,0.024467
"bcb95088_029_12n_thumb.jpg","1995",1249,1250,1,0,0.016968,0
"bcb95088_029_12n_thumb.jpg","1995",1249,1250,1,4,0.020074,0
"bcb95088_029_12n_thumb.jpg","1995",1249,1250,1,8,0.021212,0
"bcb95088_029_12n_thumb.jpg","1995",1249,1250,1,12,0.021631,0
"bcb95088_029_12n_thumb.jpg","1995",1249,1250,1,16,0.021824,0
"bcb95088_029_12n_thumb.jpg","1995",1249,1250,1,20,0.021961,0
"bcb95088_029_12n_thumb.jpg","1995",1249,1250,1,24,0.022075,0
"bcb95088_029_12n_thumb.jpg","1995",1249,1250,1,32,0.022442,0
"bcb95088_029_12n_thumb.jpg","1995",1249,1250,1,48,0.026628,0
"bcb95088_029_12n_thumb.jpg","1995",1249,1250,1,64,0.054752,0.003595
"bcb95088_053_12n_thumb.jpg","1995",1249,1250,1,0,0.015151,0
"bcb95088_053_12n_thumb.jpg","1995",1249,1250,1,4,0.018355,0
"bcb95088_053_12n_thumb.jpg","1995",1249,1250,1,8,0.019442,0
"bcb95088_053_12n_thumb.jpg","1995",1249,1250,1,12,0.019797,0
"bcb95088_053_12n_thumb.jpg","1995",1249,1250,1,16,0.020007,0
"bcb95088_053_12n_thumb.jpg","1995",1249,1250,1,20,0.0202,0
"bcb95088_053_12n_thumb.jpg","1995",1249,1250,1,24,0.020557,0
"bcb95088_053_12n_thumb.jpg","1995",1249,1250,1,32,0.023318,0
"bcb95088_053_12n_thumb.jpg","1995",1249,1250,1,48,0.031157,9.9e-05
"bcb95088_053_12n_thumb.jpg","1995",1249,1250,1,64,0.044917,0.000894
"bcb95088_054_12n_thumb.jpg","1995",1250,1250,1,0,0.015499,0
"bcb95088_054_12n_thumb.jpg","1995",1250,1250,1,4,0.01875,0
"bcb95088_054_12n_thumb.jpg","1995",1250,1250,1,8,0.01961,0
"bcb95088_054_12n_thumb.jpg","1995",1250,1250,1,12,0.019997,0
"bcb95088_054_12n_thumb.jpg","1995",1250,1250,1,16,0.020412,0
"bcb95088_054_12n_thumb.jpg","1995",1250,1250,1,20,0.020998,0
"bcb95088_054_12n_thumb.jpg","1995",1250,1250,1,24,0.022438,0
"bcb95088_054_12n_thumb.jpg","1995",1250,1250,1,32,0.027182,0
"bcb95088_054_12n_thumb.jpg","1995",1250,1250,1,48,0.042614,0.001669
"bcb95088_054_12n_thumb.jpg","1995",1250,1250,1,64,0.073304,0.018728
"bcb95088_097_12n_thumb.jpg","1995",1249,1250,1,0,0.016507,0
"bcb95088_097_12n_thumb.jpg","1995",1249,1250,1,4,0.019903,0
"bcb95088_097_12n_thumb.jpg","1995",1249,1250,1,8,0.020746,0
"bcb95088_097_12n_thumb.jpg","1995",1249,1250,1,12,0.021034,0
"bcb95088_097_12n_thumb.jpg","1995",1249,1250,1,16,0.021375,0
"bcb95088_097_12n_thumb.jpg","1995",1249,1250,1,20,0.021491,0
"bcb95088_097_12n_thumb.jpg","1995",1249,1250,1,24,0.021612,0
"bcb95088_097_12n_thumb.jpg","1995",1249,1250,1,32,0.022016,0
"bcb95088_097_12n_thumb.jpg","1995",1249,1250,1,48,0.025994,0
"bcb95088_097_12n_thumb.jpg","1995",1249,1250,1,64,0.041767,0.001716
"bcb95088_098_12n_thumb.jpg","1995",1249,1250,1,0,0.016767,0
"bcb95088_098_12n_thumb.jpg","1995",1249,1250,1,4,0.019724,0
"bcb95088_098_12n_thumb.jpg","1995",1249,1250,1,8,0.020851,0
"bcb95088_098_12n_thumb.jpg","1995",1249,1250,1,12,0.021369,0
"bcb95088_098_12n_thumb.jpg","1995",1249,1250,1,16,0.021615,0
"bcb95088_098_12n_thumb.jpg","1995",1249,1250,1,20,0.021785,0
"bcb95088_098_12n_thumb.jpg","1995",1249,1250,1,24,0.022255,0
"bcb95088_098_12n_thumb.jpg","1995",1249,1250,1,32,0.026315,0
"bcb95088_098_12n_thumb.jpg","1995",1249,1250,1,48,0.040037,0.000114
"bcb95088_098_12n_thumb.jpg","1995",1249,1250,1,64,0.05969,0.0071
"bcc95037_186_12n_thumb.jpg","1995",1250,1250,3,0,0.000104,0
"bcc95037_186_12n_thumb.jpg","1995",1250,1250,3,4,0.001895,0
"bcc95037_186_12n_thumb.jpg","1995",1250,1250,3,8,0.002737,0
"bcc95037_186_12n_thumb.jpg","1995",1250,1250,3,12,0.00458,0
"bcc95037_186_12n_thumb.jpg","1995",1250,1250,3,16,0.013033,0
"bcc95037_186_12n_thumb.jpg","1995",1250,1250,3,20,0.018166,0
"bcc95037_186_12n_thumb.jpg","1995",1250,1250,3,24,0.020085,0
"bcc95037_186_12n_thumb.jpg","1995",1250,1250,3,32,0.021301,0
"bcc95037_186_12n_thumb.jpg","1995",1250,1250,3,48,0.022323,0
"bcc95037_186_12n_thumb.jpg","1995",1250,1250,3,64,0.023416,0
"bcc95037_187_12n_thumb.jpg","1995",1250,1250,3,0,0,0
"bcc95037_187_12n_thumb.jpg","1995",1250,1250,3,4,0,0
"bcc95037_187_12n_thumb.jpg","1995",1250,1250,3,8,0.00017,0
"bcc95037_187_12n_thumb.jpg","1995",1250,1250,3,12,0.001699,0
"bcc95037_187_12n_thumb.jpg","1995",1250,1250,3,16,0.009887,0
"bcc95037_187_12n_thumb.jpg","1995",1250,1250,3,20,0.015369,0
"bcc95037_187_12n_thumb.jpg","1995",1250,1250,3,24,0.017169,0
"bcc95037_187_12n_thumb.jpg","1995",1250,1250,3,32,0.018646,0
"bcc95037_187_12n_thumb.jpg","1995",1250,1250,3,48,0.019741,0
"bcc95037_187_12n_thumb.jpg","1995",1250,1250,3,64,0.02062,0
"bcc95037_188_12n_thumb.jpg","1995",1250,1250,3,0,1.3e-05,0
"bcc95037_188_12n_thumb.jpg","1995",1250,1250,3,4,0.00204,0
"bcc95037_188_12n_thumb.jpg","1995",1250,1250,3,8,0.002812,0
"bcc95037_188_12n_thumb.jpg","1995",1250,1250,3,12,0.004797,0
"bcc95037_188_12n_thumb.jpg","1995",1250,1250,3,16,0.013384,0
"bcc95037_188_12n_thumb.jpg","1995",1250,1250,3,20,0.018522,0
"bcc95037_188_12n_thumb.jpg","1995",1250,1250,3,24,0.020135,0
"bcc95037_188_12n_thumb.jpg","1995",1250,1250,3,32,0.021395,0
"bcc95037_188_12n_thumb.jpg","1995",1250,1250,3,48,0.022369,0
"bcc95037_188_12n_thumb.jpg","1995",1250,1250,3,64,0.023923,0
"bcc95037_189_12n_thumb.jpg","1995",1250,1250,3,0,0,0
"bcc95037_189_12n_thumb.jpg","1995",1250,1250,3,4,0,0
"bcc95037_189_12n_thumb.jpg","1995",1250,1250,3,8,0.000204,0
"bcc95037_189_12n_thumb.jpg","1995",1250,1250,3,12,0.002044,0
"bcc95037_189_12n_thumb.jpg","1995",1250,1250,3,16,0.010265,0
"bcc95037_189_12n_thumb.jpg","1995",1250,1250,3,20,0.015464,0
"bcc95037_189_12n_thumb.jpg","1995",1250,1250,3,24,0.01749,0
"bcc95037_189_12n_thumb.jpg","1995",1250,1250,3,32,0.018801,0
"bcc95037_189_12n_thumb.jpg","1995",1250,1250,3,48,0.019971,0
"bcc95037_189_12n_thumb.jpg","1995",1250,1250,3,64,0.02114,0
"bcc95037_196_12n_thumb.jpg","1995",1250,1250,3,0,0,0
"bcc95037_196_12n_thumb.jpg","1995",1250,1250,3,4,3e-06,0
"bcc95037_196_12n_thumb.jpg","1995",1250,1250,3,8,0.000261,0
"bcc95037_196_12n_thumb.jpg","1995",1250,1250,3,12,0.002031,0
"bcc95037_196_12n_thumb.jpg","1995",1250,1250,3,16,0.011183,0
"bcc95037_196_12n_thumb.jpg","1995",1250,1250,3,20,0.015883,0
"bcc95037_196_12n_thumb.jpg","1995",1250,1250,3,24,0.017595,0
"bcc95037_196_12n_thumb.jpg","1995",1250,1250,3,32,0.019037,0
"bcc95037_196_12n_thumb.jpg","1995",1250,1250,3,48,0.020285,0
"bcc95037_196_12n_thumb.jpg","1995",1250,1250,3,64,0.02114,0
"bcc95037_197_12n_thumb.jpg","1995",1250,1250,3,0,0,0
"bcc95037_197_12n_thumb.jpg","1995",1250,1250,3,4,8e-06,0
"bcc95037_197_12n_thumb.jpg","1995",1250,1250,3,8,0.000325,0
"bcc95037_197_12n_thumb.jpg","1995",1250,1250,3,12,0.002364,0
"bcc95037_197_12n_thumb.jpg","1995",1250,1250,3,16,0.012694,0
"bcc95037_197_12n_thumb.jpg","1995",1250,1250,3,20,0.0175,0
"bcc95037_197_12n_thumb.jpg","1995",1250,1250,3,24,0.01902,0
"bcc95037_197_12n_thumb.jpg","1995",1250,1250,3,32,0.020303,0
"bcc95037_197_12n_thumb.jpg","1995",1250,1250,3,48,0.021424,0
"bcc95037_197_12n_thumb.jpg","1995",1250,1250,3,64,0.022286,0
"bcc95037_198_12n_thumb.jpg","1995",1250,1250,3,0,2.1e-05,0
"bcc95037_198_12n_thumb.jpg","1995",1250,1250,3,4,0.001741,0
"bcc95037_198_12n_thumb.jpg","1995",1250,1250,3,8,0.002701,0
"bcc95037_198_12n_thumb.jpg","1995",1250,1250,3,12,0.005012,0
"bcc95037_198_12n_thumb.jpg","1995",1250,1250,3,16,0.014146,0
"bcc95037_198_12n_thumb.jpg","1995",1250,1250,3,20,0.018594,0
"bcc95037_198_12n_thumb.jpg","1995",1250,1250,3,24,0.019963,0
"bcc95037_198_12n_thumb.jpg","1995",1250,1250,3,32,0.020883,0
"bcc95037_198_12n_thumb.jpg","1995",1250,1250,3,48,0.021494,0
"bcc95037_198_12n_thumb.jpg","1995",1250,1250,3,64,0.022281,0
"bcc95037_199_12n_thumb.jpg","1995",1250,1250,3,0,4e-06,0
"bcc95037_199_12n_thumb.jpg","1995",1250,1250,3,4,0.00194,0
"bcc95037_199_12n_thumb.jpg","1995",1250,1250,3,8,0.002779,0
"bcc95037_199_12n_thumb.jpg","1995",1250,1250,3,12,0.004516,0
"bcc95037_199_12n_thumb.jpg","1995",1250,1250,3,16,0.012801,0
"bcc95037_199_12n_thumb.jpg","1995",1250,1250,3,20,0.017123,0
"bcc95037_199_12n_thumb.jpg","1995",1250,1250,3,24,0.018444,0
"bcc95037_199_12n_thumb.jpg","1995",1250,1250,3,32,0.019414,0
"bcc95037_199_12n_thumb.jpg","1995",1250,1250,3,48,0.020344,0
"bcc95037_199_12n_thumb.jpg","1995",1250,1250,3,64,0.021201,0
"bcb96027_004.tif.thmb.jpg","1996",1250,1249,1,0,0.000383,0
"bcb96027_004.tif.thmb.jpg","1996",1250,1249,1,4,0.003807,0
"bcb96027_004.tif.thmb.jpg","1996",1250,1249,1,8,0.035547,0
"bcb96027_004.tif.thmb.jpg","1996",1250,1249,1,12,0.041005,0
"bcb96027_004.tif.thmb.jpg","1996",1250,1249,1,16,0.042118,0
"bcb96027_004.tif.thmb.jpg","1996",1250,1249,1,20,0.042693,0
"bcb96027_004.tif.thmb.jpg","1996",1250,1249,1,24,0.043075,0
"bcb96027_004.tif.thmb.jpg","1996",1250,1249,1,32,0.04353,0
"bcb96027_004.tif.thmb.jpg","1996",1250,1249,1,48,0.044285,0
"bcb96027_004.tif.thmb.jpg","1996",1250,1249,1,64,0.0461,0
"bcb96027_005.tif.thmb.jpg","1996",1250,1249,1,0,0.000393,0
"bcb96027_005.tif.thmb.jpg","1996",1250,1249,1,4,0.003778,0
"bcb96027_005.tif.thmb.jpg","1996",1250,1249,1,8,0.035287,0
"bcb96027_005.tif.thmb.jpg","1996",1250,1249,1,12,0.040559,0
"bcb96027_005.tif.thmb.jpg","1996",1250,1249,1,16,0.041845,0
"bcb96027_005.tif.thmb.jpg","1996",1250,1249,1,20,0.042385,0
"bcb96027_005.tif.thmb.jpg","1996",1250,1249,1,24,0.04272,0
"bcb96027_005.tif.thmb.jpg","1996",1250,1249,1,32,0.043204,0
"bcb96027_005.tif.thmb.jpg","1996",1250,1249,1,48,0.043915,0
"bcb96027_005.tif.thmb.jpg","1996",1250,1249,1,64,0.045824,0
"bcb96027_006.tif.thmb.jpg","1996",1250,1249,1,0,0.000366,0
"bcb96027_006.tif.thmb.jpg","1996",1250,1249,1,4,0.003849,0
"bcb96027_006.tif.thmb.jpg","1996",1250,1249,1,8,0.035652,0
"bcb96027_006.tif.thmb.jpg","1996",1250,1249,1,12,0.040956,0
"bcb96027_006.tif.thmb.jpg","1996",1250,1249,1,16,0.042098,0
"bcb96027_006.tif.thmb.jpg","1996",1250,1249,1,20,0.042642,0
"bcb96027_006.tif.thmb.jpg","1996",1250,1249,1,24,0.042985,0
"bcb96027_006.tif.thmb.jpg","1996",1250,1249,1,32,0.043473,0
"bcb96027_006.tif.thmb.jpg","1996",1250,1249,1,48,0.04425,0
"bcb96027_006.tif.thmb.jpg","1996",1250,1249,1,64,0.04588,0
"bcb96027_007.tif.thmb.jpg","1996",1250,1249,1,0,0.000407,0
"bcb96027_007.tif.thmb.jpg","1996",1250,1249,1,4,0.003928,0
"bcb96027_007.tif.thmb.jpg","1996",1250,1249,1,8,0.035299,0
"bcb96027_007.tif.thmb.jpg","1996",1250,1249,1,12,0.040315,0
"bcb96027_007.tif.thmb.jpg","1996",1250,1249,1,16,0.041544,0
"bcb96027_007.tif.thmb.jpg","1996",1250,1249,1,20,0.042143,0
"bcb96027_007.tif.thmb.jpg","1996",1250,1249,1,24,0.042461,0
"bcb96027_007.tif.thmb.jpg","1996",1250,1249,1,32,0.042887,0
"bcb96027_007.tif.thmb.jpg","1996",1250,1249,1,48,0.043799,0
"bcb96027_007.tif.thmb.jpg","1996",1250,1249,1,64,0.046842,0
"bcb96027_008.tif.thmb.jpg","1996",1250,1249,1,0,3.1e-05,0
"bcb96027_008.tif.thmb.jpg","1996",1250,1249,1,4,0.00132,0
"bcb96027_008.tif.thmb.jpg","1996",1250,1249,1,8,0.034994,0
"bcb96027_008.tif.thmb.jpg","1996",1250,1249,1,12,0.040552,0
"bcb96027_008.tif.thmb.jpg","1996",1250,1249,1,16,0.041783,0
"bcb96027_008.tif.thmb.jpg","1996",1250,1249,1,20,0.04241,0
"bcb96027_008.tif.thmb.jpg","1996",1250,1249,1,24,0.042758,0
"bcb96027_008.tif.thmb.jpg","1996",1250,1249,1,32,0.043287,0
"bcb96027_008.tif.thmb.jpg","1996",1250,1249,1,48,0.044179,0
"bcb96027_008.tif.thmb.jpg","1996",1250,1249,1,64,0.045989,0
"bcb96027_009.tif.thmb.jpg","1996",1250,1249,1,0,4.5e-05,0
"bcb96027_009.tif.thmb.jpg","1996",1250,1249,1,4,0.001436,0
"bcb96027_009.tif.thmb.jpg","1996",1250,1249,1,8,0.034939,0
"bcb96027_009.tif.thmb.jpg","1996",1250,1249,1,12,0.040636,0
"bcb96027_009.tif.thmb.jpg","1996",1250,1249,1,16,0.042007,0
"bcb96027_009.tif.thmb.jpg","1996",1250,1249,1,20,0.042568,0
"bcb96027_009.tif.thmb.jpg","1996",1250,1249,1,24,0.042957,0
"bcb96027_009.tif.thmb.jpg","1996",1250,1249,1,32,0.043478,0
"bcb96027_009.tif.thmb.jpg","1996",1250,1249,1,48,0.044219,0
"bcb96027_009.tif.thmb.jpg","1996",1250,1249,1,64,0.04497,0
"bcb96027_010.tif.thmb.jpg","1996",1250,1249,1,0,3.3e-05,0
"bcb96027_010.tif.thmb.jpg","1996",1250,1249,1,4,0.001166,0
"bcb96027_010.tif.thmb.jpg","1996",1250,1249,1,8,0.035174,0
"bcb96027_010.tif.thmb.jpg","1996",1250,1249,1,12,0.040632,0
"bcb96027_010.tif.thmb.jpg","1996",1250,1249,1,16,0.04179,0
"bcb96027_010.tif.thmb.jpg","1996",1250,1249,1,20,0.0424,0
"bcb96027_010.tif.thmb.jpg","1996",1250,1249,1,24,0.042951,0
"bcb96027_010.tif.thmb.jpg","1996",1250,1249,1,32,0.043509,0
"bcb96027_010.tif.thmb.jpg","1996",1250,1249,1,48,0.04437,0
"bcb96027_010.tif.thmb.jpg","1996",1250,1249,1,64,0.045465,0
"bcc98035_139.tif.thmb.jpg","1998",1250,1249,3,0,0.007959,0
"bcc98035_139.tif.thmb.jpg","1998",1250,1249,3,4,0.015535,0
"bcc98035_139.tif.thmb.jpg","1998",1250,1249,3,8,0.018255,0
"bcc98035_139.tif.thmb.jpg","1998",1250,1249,3,12,0.019963,0
"bcc98035_139.tif.thmb.jpg","1998",1250,1249,3,16,0.020527,0
"bcc98035_139.tif.thmb.jpg","1998",1250,1249,3,20,0.021127,0
"bcc98035_139.tif.thmb.jpg","1998",1250,1249,3,24,0.021491,0
"bcc98035_139.tif.thmb.jpg","1998",1250,1249,3,32,0.022112,0
"bcc98035_139.tif.thmb.jpg","1998",1250,1249,3,48,0.023037,0
"bcc98035_139.tif.thmb.jpg","1998",1250,1249,3,64,0.024019,0
"bcc98035_140.tif.thmb.jpg","1998",1250,1249,3,0,0.007058,0
"bcc98035_140.tif.thmb.jpg","1998",1250,1249,3,4,0.015222,0
"bcc98035_140.tif.thmb.jpg","1998",1250,1249,3,8,0.018596,0
"bcc98035_140.tif.thmb.jpg","1998",1250,1249,3,12,0.020235,0
"bcc98035_140.tif.thmb.jpg","1998",1250,1249,3,16,0.020867,0
"bcc98035_140.tif.thmb.jpg","1998",1250,1249,3,20,0.021404,0
"bcc98035_140.tif.thmb.jpg","1998",1250,1249,3,24,0.021824,0
"bcc98035_140.tif.thmb.jpg","1998",1250,1249,3,32,0.022447,0
"bcc98035_140.tif.thmb.jpg","1998",1250,1249,3,48,0.023283,0
"bcc98035_140.tif.thmb.jpg","1998",1250,1249,3,64,0.02406,0
"bcc98035_141.tif.thmb.jpg","1998",1250,1249,3,0,0.007207,0
"bcc98035_141.tif.thmb.jpg","1998",1250,1249,3,4,0.015865,0
"bcc98035_141.tif.thmb.jpg","1998",1250,1249,3,8,0.018994,0
"bcc98035_141.tif.thmb.jpg","1998",1250,1249,3,12,0.020737,0
"bcc98035_141.tif.thmb.jpg","1998",1250,1249,3,16,0.021251,0
"bcc98035_141.tif.thmb.jpg","1998",1250,1249,3,20,0.021596,0
"bcc98035_141.tif.thmb.jpg","1998",1250,1249,3,24,0.021921,0
"bcc98035_141.tif.thmb.jpg","1998",1250,1249,3,32,0.022476,0
"bcc98035_141.tif.thmb.jpg","1998",1250,1249,3,48,0.02319,0
"bcc98035_141.tif.thmb.jpg","1998",1250,1249,3,64,0.023736,0
"bcc98035_142.tif.thmb.jpg","1998",1250,1249,3,0,0.007126,0
"bcc98035_142.tif.thmb.jpg","1998",1250,1249,3,4,0.015759,0
"bcc98035_142.tif.thmb.jpg","1998",1250,1249,3,8,0.01864,0
"bcc98035_142.tif.thmb.jpg","1998",1250,1249,3,12,0.020177,0
"bcc98035_142.tif.thmb.jpg","1998",1250,1249,3,16,0.020999,0
"bcc98035_142.tif.thmb.jpg","1998",1250,1249,3,20,0.021349,0
"bcc98035_142.tif.thmb.jpg","1998",1250,1249,3,24,0.021658,0
"bcc98035_142.tif.thmb.jpg","1998",1250,1249,3,32,0.022278,0
"bcc98035_142.tif.thmb.jpg","1998",1250,1249,3,48,0.022973,0
"bcc98035_142.tif.thmb.jpg","1998",1250,1249,3,64,0.023686,0
"bcc98035_145.tif.thmb.jpg","1998",1250,1249,3,0,0.007449,0
"bcc98035_145.tif.thmb.jpg","1998",1250,1249,3,4,0.015433,0
"bcc98035_145.tif.thmb.jpg","1998",1250,1249,3,8,0.018094,0
"bcc98035_145.tif.thmb.jpg","1998",1250,1249,3,12,0.019532,0
"bcc98035_145.tif.thmb.jpg","1998",1250,1249,3,16,0.020043,0
"bcc98035_145.tif.thmb.jpg","1998",1250,1249,3,20,0.020464,0
"bcc98035_145.tif.thmb.jpg","1998",1250,1249,3,24,0.020788,0
"bcc98035_145.tif.thmb.jpg","1998",1250,1249,3,32,0.021248,0
"bcc98035_145.tif.thmb.jpg","1998",1250,1249,3,48,0.022041,0
"bcc98035_145.tif.thmb.jpg","1998",1250,1249,3,64,0.022593,0
"bcc98035_146.tif.thmb.jpg","1998",1250,1249,3,0,0.007297,0
"bcc98035_146.tif.thmb.jpg","1998",1250,1249,3,4,0.015525,0
"bcc98035_146.tif.thmb.jpg","1998",1250,1249,3,8,0.018104,0
"bcc98035_146.tif.thmb.jpg","1998",1250,1249,3,12,0.019388,0
"bcc98035_146.tif.thmb.jpg","1998",1250,1249,3,16,0.020016,0
"bcc98035_146.tif.thmb.jpg","1998",1250,1249,3,20,0.020545,0
"bcc98035_146.tif.thmb.jpg","1998",1250,1249,3,24,0.020874,0
"bcc98035_146.tif.thmb.jpg","1998",1250,1249,3,32,0.021468,0
"bcc98035_146.tif.thmb.jpg","1998",1250,1249,3,48,0.022136,0
"bcc98035_146.tif.thmb.jpg","1998",1250,1249,3,64,0.022675,0
"bcc98035_147.tif.thmb.jpg","1998",1250,1249,3,0,0.007308,0
"bcc98035_147.tif.thmb.jpg","1998",1250,1249,3,4,0.014426,0
"bcc98035_147.tif.thmb.jpg","1998",1250,1249,3,8,0.017255,0
"bcc98035_147.tif.thmb.jpg","1998",1250,1249,3,12,0.018436,0
"bcc98035_147.tif.thmb.jpg","1998",1250,1249,3,16,0.018948,0
"bcc98035_147.tif.thmb.jpg","1998",1250,1249,3,20,0.019383,0
"bcc98035_147.tif.thmb.jpg","1998",1250,1249,3,24,0.01962,0
"bcc98035_147.tif.thmb.jpg","1998",1250,1249,3,32,0.020055,0
"bcc98035_147.tif.thmb.jpg","1998",1250,1249,3,48,0.020897,0
"bcc98035_147.tif.thmb.jpg","1998",1250,1249,3,64,0.021521,0
"bcc98035_148.tif.thmb.jpg","1998",1250,1250,3,0,0.007245,0
"bcc98035_148.tif.thmb.jpg","1998",1250,1250,3,4,0.014159,0
"bcc98035_148.tif.thmb.jpg","1998",1250,1250,3,8,0.017044,0
"bcc98035_148.tif.thmb.jpg","1998",1250,1250,3,12,0.018253,0
"bcc98035_148.tif.thmb.jpg","1998",1250,1250,3,16,0.01876,0
"bcc98035_148.tif.thmb.jpg","1998",1250,1250,3,20,0.019082,0
"bcc98035_148.tif.thmb.jpg","1998",1250,1250,3,24,0.019568,0
"bcc98035_148.tif.thmb.jpg","1998",1250,1250,3,32,0.020001,0
"bcc98035_148.tif.thmb.jpg","1998",1250,1250,3,48,0.020704,0
"bcc98035_148.tif.thmb.jpg","1998",1250,1250,3,64,0.021334,0
"bcb99033_145.tif.thmb.jpg","1999",1250,1250,1,0,0.000227,0
"bcb99033_145.tif.thmb.jpg","1999",1250,1250,1,4,0.001279,0
"bcb99033_145.tif.thmb.jpg","1999",1250,1250,1,8,0.006127,0
"bcb99033_145.tif.thmb.jpg","1999",1250,1250,1,12,0.015435,0
"bcb99033_145.tif.thmb.jpg","1999",1250,1250,1,16,0.017649,0
"bcb99033_145.tif.thmb.jpg","1999",1250,1250,1,20,0.018515,0
"bcb99033_145.tif.thmb.jpg","1999",1250,1250,1,24,0.018935,0
"bcb99033_145.tif.thmb.jpg","1999",1250,1250,1,32,0.019408,0
"bcb99033_145.tif.thmb.jpg","1999",1250,1250,1,48,0.0205,0
"bcb99033_145.tif.thmb.jpg","1999",1250,1250,1,64,0.025792,0
"bcb99033_146.tif.thmb.jpg","1999",1250,1250,1,0,0.00026,0
"bcb99033_146.tif.thmb.jpg","1999",1250,1250,1,4,0.001313,0
"bcb99033_146.tif.thmb.jpg","1999",1250,1250,1,8,0.009384,0
"bcb99033_146.tif.thmb.jpg","1999",1250,1250,1,12,0.015402,0
"bcb99033_146.tif.thmb.jpg","1999",1250,1250,1,16,0.017785,0
"bcb99033_146.tif.thmb.jpg","1999",1250,1250,1,20,0.018585,0
"bcb99033_146.tif.thmb.jpg","1999",1250,1250,1,24,0.018991,0
"bcb99033_146.tif.thmb.jpg","1999",1250,1250,1,32,0.019418,0
"bcb99033_146.tif.thmb.jpg","1999",1250,1250,1,48,0.020266,0
"bcb99033_146.tif.thmb.jpg","1999",1250,1250,1,64,0.021581,0
"bcb99033_147.tif.thmb.jpg","1999",1250,1249,1,0,0.000199,0
"bcb99033_147.tif.thmb.jpg","1999",1250,1249,1,4,0.001213,0
"bcb99033_147.tif.thmb.jpg","1999",1250,1249,1,8,0.009396,0
"bcb99033_147.tif.thmb.jpg","1999",1250,1249,1,12,0.01568,0
"bcb99033_147.tif.thmb.jpg","1999",1250,1249,1,16,0.017658,0
"bcb99033_147.tif.thmb.jpg","1999",1250,1249,1,20,0.018424,0
"bcb99033_147.tif.thmb.jpg","1999",1250,1249,1,24,0.01885,0
"bcb99033_147.tif.thmb.jpg","1999",1250,1249,1,32,0.019381,0
"bcb99033_147.tif.thmb.jpg","1999",1250,1249,1,48,0.020065,0
"bcb99033_147.tif.thmb.jpg","1999",1250,1249,1,64,0.021151,0
"bcb99042_238.tif.thmb.jpg","1999",1250,1250,1,0,0,0
"bcb99042_238.tif.thmb.jpg","1999",1250,1250,1,4,2e-06,0
"bcb99042_238.tif.thmb.jpg","1999",1250,1250,1,8,0.000201,0
"bcb99042_238.tif.thmb.jpg","1999",1250,1250,1,12,0.017781,0
"bcb99042_238.tif.thmb.jpg","1999",1250,1250,1,16,0.034846,0
"bcb99042_238.tif.thmb.jpg","1999",1250,1250,1,20,0.041269,0
"bcb99042_238.tif.thmb.jpg","1999",1250,1250,1,24,0.042508,0
"bcb99042_238.tif.thmb.jpg","1999",1250,1250,1,32,0.04336,0
"bcb99042_238.tif.thmb.jpg","1999",1250,1250,1,48,0.044185,0
"bcb99042_238.tif.thmb.jpg","1999",1250,1250,1,64,0.044845,0
"bcb99042_239.tif.thmb.jpg","1999",1250,1250,1,0,4e-06,0
"bcb99042_239.tif.thmb.jpg","1999",1250,1250,1,4,1.6e-05,0
"bcb99042_239.tif.thmb.jpg","1999",1250,1250,1,8,0.000207,0
"bcb99042_239.tif.thmb.jpg","1999",1250,1250,1,12,0.017398,0
"bcb99042_239.tif.thmb.jpg","1999",1250,1250,1,16,0.033273,0
"bcb99042_239.tif.thmb.jpg","1999",1250,1250,1,20,0.03966,0
"bcb99042_239.tif.thmb.jpg","1999",1250,1250,1,24,0.040902,0
"bcb99042_239.tif.thmb.jpg","1999",1250,1250,1,32,0.041722,0
"bcb99042_239.tif.thmb.jpg","1999",1250,1250,1,48,0.042659,0
"bcb99042_239.tif.thmb.jpg","1999",1250,1250,1,64,0.043496,0
"bcb99042_240.tif.thmb.jpg","1999",1250,1250,1,0,0.001818,0
"bcb99042_240.tif.thmb.jpg","1999",1250,1250,1,4,0.002317,0
"bcb99042_240.tif.thmb.jpg","1999",1250,1250,1,8,0.002612,0
"bcb99042_240.tif.thmb.jpg","1999",1250,1250,1,12,0.018116,0
"bcb99042_240.tif.thmb.jpg","1999",1250,1250,1,16,0.035178,0
"bcb99042_240.tif.thmb.jpg","1999",1250,1250,1,20,0.040974,0
"bcb99042_240.tif.thmb.jpg","1999",1250,1250,1,24,0.042106,0
"bcb99042_240.tif.thmb.jpg","1999",1250,1250,1,32,0.042994,0
"bcb99042_240.tif.thmb.jpg","1999",1250,1250,1,48,0.043884,0
"bcb99042_240.tif.thmb.jpg","1999",1250,1250,1,64,0.044672,0
"bcb99042_241.tif.thmb.jpg","1999",1250,1250,1,0,0.001805,0
"bcb99042_241.tif.thmb.jpg","1999",1250,1250,1,4,0.002301,0
"bcb99042_241.tif.thmb.jpg","1999",1250,1250,1,8,0.002568,0
"bcb99042_241.tif.thmb.jpg","1999",1250,1250,1,12,0.020717,0
"bcb99042_241.tif.thmb.jpg","1999",1250,1250,1,16,0.035004,0
"bcb99042_241.tif.thmb.jpg","1999",1250,1250,1,20,0.040653,0
"bcb99042_241.tif.thmb.jpg","1999",1250,1250,1,24,0.041831,0
"bcb99042_241.tif.thmb.jpg","1999",1250,1250,1,32,0.042592,0
"bcb99042_241.tif.thmb.jpg","1999",1250,1250,1,48,0.043503,0
"bcb99042_241.tif.thmb.jpg","1999",1250,1250,1,64,0.044502,0
"bcb00003_100.tif.thmb.jpg","2000",1250,1249,1,0,9.1e-05,0
"bcb00003_100.tif.thmb.jpg","2000",1250,1249,1,4,0.006378,0
"bcb00003_100.tif.thmb.jpg","2000",1250,1249,1,8,0.038869,0
"bcb00003_100.tif.thmb.jpg","2000",1250,1249,1,12,0.041539,0
"bcb00003_100.tif.thmb.jpg","2000",1250,1249,1,16,0.042187,0
"bcb00003_100.tif.thmb.jpg","2000",1250,1249,1,20,0.042461,0
"bcb00003_100.tif.thmb.jpg","2000",1250,1249,1,24,0.042645,0
"bcb00003_100.tif.thmb.jpg","2000",1250,1249,1,32,0.042942,0
"bcb00003_100.tif.thmb.jpg","2000",1250,1249,1,48,0.043418,0
"bcb00003_100.tif.thmb.jpg","2000",1250,1249,1,64,0.043844,0
"bcb00003_101.tif.thmb.jpg","2000",1250,1249,1,0,7.8e-05,0
"bcb00003_101.tif.thmb.jpg","2000",1250,1249,1,4,0.006643,0
"bcb00003_101.tif.thmb.jpg","2000",1250,1249,1,8,0.039083,0
"bcb00003_101.tif.thmb.jpg","2000",1250,1249,1,12,0.041659,0
"bcb00003_101.tif.thmb.jpg","2000",1250,1249,1,16,0.042276,0
"bcb00003_101.tif.thmb.jpg","2000",1250,1249,1,20,0.042575,0
"bcb00003_101.tif.thmb.jpg","2000",1250,1249,1,24,0.04275,0
"bcb00003_101.tif.thmb.jpg","2000",1250,1249,1,32,0.043078,0
"bcb00003_101.tif.thmb.jpg","2000",1250,1249,1,48,0.043551,0
"bcb00003_101.tif.thmb.jpg","2000",1250,1249,1,64,0.043963,0
"bcb00003_102.tif.thmb.jpg","2000",1250,1249,1,0,6.5e-05,0
"bcb00003_102.tif.thmb.jpg","2000",1250,1249,1,4,0.006502,0
"bcb00003_102.tif.thmb.jpg","2000",1250,1249,1,8,0.039021,0
"bcb00003_102.tif.thmb.jpg","2000",1250,1249,1,12,0.041575,0
"bcb00003_102.tif.thmb.jpg","2000",1250,1249,1,16,0.042244,0
"bcb00003_102.tif.thmb.jpg","2000",1250,1249,1,20,0.042501,0
"bcb00003_102.tif.thmb.jpg","2000",1250,1249,1,24,0.042648,0
"bcb00003_102.tif.thmb.jpg","2000",1250,1249,1,32,0.04294,0
"bcb00003_102.tif.thmb.jpg","2000",1250,1249,1,48,0.043377,0
"bcb00003_102.tif.thmb.jpg","2000",1250,1249,1,64,0.043863,0
"bcb00003_103.tif.thmb.jpg","2000",1250,1249,1,0,0.000117,0
"bcb00003_103.tif.thmb.jpg","2000",1250,1249,1,4,0.0028,0
"bcb00003_103.tif.thmb.jpg","2000",1250,1249,1,8,0.038068,0
"bcb00003_103.tif.thmb.jpg","2000",1250,1249,1,12,0.040796,0
"bcb00003_103.tif.thmb.jpg","2000",1250,1249,1,16,0.041533,0
"bcb00003_103.tif.thmb.jpg","2000",1250,1249,1,20,0.041806,0
"bcb00003_103.tif.thmb.jpg","2000",1250,1249,1,24,0.042011,0
"bcb00003_103.tif.thmb.jpg","2000",1250,1249,1,32,0.042264,0
"bcb00003_103.tif.thmb.jpg","2000",1250,1249,1,48,0.042774,0
"bcb00003_103.tif.thmb.jpg","2000",1250,1249,1,64,0.043286,0
"bcb00003_134.tif.thmb.jpg","2000",1250,1249,1,0,0.00011,0
"bcb00003_134.tif.thmb.jpg","2000",1250,1249,1,4,0.006161,0
"bcb00003_134.tif.thmb.jpg","2000",1250,1249,1,8,0.039241,0
"bcb00003_134.tif.thmb.jpg","2000",1250,1249,1,12,0.041745,0
"bcb00003_134.tif.thmb.jpg","2000",1250,1249,1,16,0.042517,0
"bcb00003_134.tif.thmb.jpg","2000",1250,1249,1,20,0.042827,0
"bcb00003_134.tif.thmb.jpg","2000",1250,1249,1,24,0.043023,0
"bcb00003_134.tif.thmb.jpg","2000",1250,1249,1,32,0.043329,0
"bcb00003_134.tif.thmb.jpg","2000",1250,1249,1,48,0.043849,0
"bcb00003_134.tif.thmb.jpg","2000",1250,1249,1,64,0.044583,0
"bcb00003_135.tif.thmb.jpg","2000",1250,1249,1,0,0.000117,0
"bcb00003_135.tif.thmb.jpg","2000",1250,1249,1,4,0.006531,0
"bcb00003_135.tif.thmb.jpg","2000",1250,1249,1,8,0.038642,0
"bcb00003_135.tif.thmb.jpg","2000",1250,1249,1,12,0.041404,0
"bcb00003_135.tif.thmb.jpg","2000",1250,1249,1,16,0.042182,0
"bcb00003_135.tif.thmb.jpg","2000",1250,1249,1,20,0.04249,0
"bcb00003_135.tif.thmb.jpg","2000",1250,1249,1,24,0.042667,0
"bcb00003_135.tif.thmb.jpg","2000",1250,1249,1,32,0.042929,0
"bcb00003_135.tif.thmb.jpg","2000",1250,1249,1,48,0.043533,0
"bcb00003_135.tif.thmb.jpg","2000",1250,1249,1,64,0.044192,0
"bcb00003_136.tif.thmb.jpg","2000",1250,1249,1,0,8.5e-05,0
"bcb00003_136.tif.thmb.jpg","2000",1250,1249,1,4,0.006654,0
"bcb00003_136.tif.thmb.jpg","2000",1250,1249,1,8,0.038397,0
"bcb00003_136.tif.thmb.jpg","2000",1250,1249,1,12,0.041216,0
"bcb00003_136.tif.thmb.jpg","2000",1250,1249,1,16,0.041977,0
"bcb00003_136.tif.thmb.jpg","2000",1250,1249,1,20,0.042371,0
"bcb00003_136.tif.thmb.jpg","2000",1250,1249,1,24,0.042566,0
"bcb00003_136.tif.thmb.jpg","2000",1250,1249,1,32,0.042926,0
"bcb00003_136.tif.thmb.jpg","2000",1250,1249,1,48,0.043452,0
"bcb00003_136.tif.thmb.jpg","2000",1250,1249,1,64,0.043946,0
"bcb00003_137.tif.thmb.jpg","2000",1250,1249,1,0,0.000109,0
"bcb00003_137.tif.thmb.jpg","2000",1250,1249,1,4,0.002674,0
"bcb00003_137.tif.thmb.jpg","2000",1250,1249,1,8,0.038026,0
"bcb00003_137.tif.thmb.jpg","2000",1250,1249,1,12,0.040885,0
"bcb00003_137.tif.thmb.jpg","2000",1250,1249,1,16,0.041704,0
"bcb00003_137.tif.thmb.jpg","2000",1250,1249,1,20,0.042023,0
"bcb00003_137.tif.thmb.jpg","2000",1250,1249,1,24,0.042223,0
"bcb00003_137.tif.thmb.jpg","2000",1250,1249,1,32,0.04254,0
"bcb00003_137.tif.thmb.jpg","2000",1250,1249,1,48,0.043072,0
"bcb00003_137.tif.thmb.jpg","2000",1250,1249,1,64,0.043487,0
"bcb00031_050.tif.thmb.jpg","2000",1250,1249,1,0,4e-06,0
"bcb00031_050.tif.thmb.jpg","2000",1250,1249,1,4,3.5e-05,0
"bcb00031_050.tif.thmb.jpg","2000",1250,1249,1,8,0.00047,0
"bcb00031_050.tif.thmb.jpg","2000",1250,1249,1,12,0.00447,0
"bcb00031_050.tif.thmb.jpg","2000",1250,1249,1,16,0.03669,0
"bcb00031_050.tif.thmb.jpg","2000",1250,1249,1,20,0.039618,0
"bcb00031_050.tif.thmb.jpg","2000",1250,1249,1,24,0.041701,0
"bcb00031_050.tif.thmb.jpg","2000",1250,1249,1,32,0.054517,0
"bcb00031_050.tif.thmb.jpg","2000",1250,1249,1,48,0.086816,0.005051
"bcb00031_050.tif.thmb.jpg","2000",1250,1249,1,64,0.127728,0.022972
"bcb00031_051.tif.thmb.jpg","2000",1250,1249,1,0,0.000381,0
"bcb00031_051.tif.thmb.jpg","2000",1250,1249,1,4,0.002451,0
"bcb00031_051.tif.thmb.jpg","2000",1250,1249,1,8,0.003109,0
"bcb00031_051.tif.thmb.jpg","2000",1250,1249,1,12,0.007537,0
"bcb00031_051.tif.thmb.jpg","2000",1250,1249,1,16,0.035796,0
"bcb00031_051.tif.thmb.jpg","2000",1250,1249,1,20,0.038789,0
"bcb00031_051.tif.thmb.jpg","2000",1250,1249,1,24,0.043732,0
"bcb00031_051.tif.thmb.jpg","2000",1250,1249,1,32,0.057368,2.6e-05
"bcb00031_051.tif.thmb.jpg","2000",1250,1249,1,48,0.102135,0.003684
"bcb00031_051.tif.thmb.jpg","2000",1250,1249,1,64,0.160403,0.046697
"bcb00031_052.tif.thmb.jpg","2000",1250,1249,1,0,4e-06,0
"bcb00031_052.tif.thmb.jpg","2000",1250,1249,1,4,7.3e-05,0
"bcb00031_052.tif.thmb.jpg","2000",1250,1249,1,8,0.000509,0
"bcb00031_052.tif.thmb.jpg","2000",1250,1249,1,12,0.008674,0
"bcb00031_052.tif.thmb.jpg","2000",1250,1249,1,16,0.034845,0
"bcb00031_052.tif.thmb.jpg","2000",1250,1249,1,20,0.037552,0
"bcb00031_052.tif.thmb.jpg","2000",1250,1249,1,24,0.048596,1.2e-05
"bcb00031_052.tif.thmb.jpg","2000",1250,1249,1,32,0.056073,7.8e-05
"bcb00031_052.tif.thmb.jpg","2000",1250,1249,1,48,0.070591,0.001457
"bcb00031_052.tif.thmb.jpg","2000",1250,1249,1,64,0.113296,0.021487
"bcb00031_060.tif.thmb.jpg","2000",1250,1249,1,0,0,0
"bcb00031_060.tif.thmb.jpg","2000",1250,1249,1,4,4.9e-05,0
"bcb00031_060.tif.thmb.jpg","2000",1250,1249,1,8,0.000465,0
"bcb00031_060.tif.thmb.jpg","2000",1250,1249,1,12,0.015947,0
"bcb00031_060.tif.thmb.jpg","2000",1250,1249,1,16,0.037312,0
"bcb00031_060.tif.thmb.jpg","2000",1250,1249,1,20,0.040623,0
"bcb00031_060.tif.thmb.jpg","2000",1250,1249,1,24,0.051693,0.001401
"bcb00031_060.tif.thmb.jpg","2000",1250,1249,1,32,0.077686,0.011167
"bcb00031_060.tif.thmb.jpg","2000",1250,1249,1,48,0.126224,0.029834
"bcb00031_060.tif.thmb.jpg","2000",1250,1249,1,64,0.201463,0.09527
"bcb00031_061.tif.thmb.jpg","2000",1250,1249,1,0,0.000402,0
"bcb00031_061.tif.thmb.jpg","2000",1250,1249,1,4,0.002395,0
"bcb00031_061.tif.thmb.jpg","2000",1250,1249,1,8,0.002848,0
"bcb00031_061.tif.thmb.jpg","2000",1250,1249,1,12,0.021786,0
"bcb00031_061.tif.thmb.jpg","2000",1250,1249,1,16,0.040441,0
"bcb00031_061.tif.thmb.jpg","2000",1250,1249,1,20,0.043144,0
"bcb00031_061.tif.thmb.jpg","2000",1250,1249,1,24,0.056304,0.001353
"bcb00031_061.tif.thmb.jpg","2000",1250,1249,1,32,0.088826,0.011694
"bcb00031_061.tif.thmb.jpg","2000",1250,1249,1,48,0.144589,0.040608
"bcb00031_061.tif.thmb.jpg","2000",1250,1249,1,64,0.221371,0.122987
"bcc04003_028_14n.tif.thmb.jpg","2004",1250,1243,3,0,0,0
"bcc04003_028_14n.tif.thmb.jpg","2004",1250,1243,3,4,0.037093,0
"bcc04003_028_14n.tif.thmb.jpg","2004",1250,1243,3,8,0.047461,0
"bcc04003_028_14n.tif.thmb.jpg","2004",1250,1243,3,12,0.048927,0
"bcc04003_028_14n.tif.thmb.jpg","2004",1250,1243,3,16,0.049691,0
"bcc04003_028_14n.tif.thmb.jpg","2004",1250,1243,3,20,0.050078,0
"bcc04003_028_14n.tif.thmb.jpg","2004",1250,1243,3,24,0.050354,0
"bcc04003_028_14n.tif.thmb.jpg","2004",1250,1243,3,32,0.050767,0
"bcc04003_028_14n.tif.thmb.jpg","2004",1250,1243,3,48,0.053744,0
"bcc04003_028_14n.tif.thmb.jpg","2004",1250,1243,3,64,0.06814,0
"bcc04003_029_14n.tif.thmb.jpg","2004",1250,1243,3,0,0,0
"bcc04003_029_14n.tif.thmb.jpg","2004",1250,1243,3,4,0.035775,0
"bcc04003_029_14n.tif.thmb.jpg","2004",1250,1243,3,8,0.047107,0
"bcc04003_029_14n.tif.thmb.jpg","2004",1250,1243,3,12,0.048947,0
"bcc04003_029_14n.tif.thmb.jpg","2004",1250,1243,3,16,0.049618,0
"bcc04003_029_14n.tif.thmb.jpg","2004",1250,1243,3,20,0.05001,0
"bcc04003_029_14n.tif.thmb.jpg","2004",1250,1243,3,24,0.05028,0
"bcc04003_029_14n.tif.thmb.jpg","2004",1250,1243,3,32,0.050652,0
"bcc04003_029_14n.tif.thmb.jpg","2004",1250,1243,3,48,0.051674,0
"bcc04003_029_14n.tif.thmb.jpg","2004",1250,1243,3,64,0.064859,0.000613
"bcc04003_030_14n.tif.thmb.jpg","2004",1250,1243,3,0,7e-06,0
"bcc04003_030_14n.tif.thmb.jpg","2004",1250,1243,3,4,0.034075,0
"bcc04003_030_14n.tif.thmb.jpg","2004",1250,1243,3,8,0.046758,0
"bcc04003_030_14n.tif.thmb.jpg","2004",1250,1243,3,12,0.048765,0
"bcc04003_030_14n.tif.thmb.jpg","2004",1250,1243,3,16,0.049451,0
"bcc04003_030_14n.tif.thmb.jpg","2004",1250,1243,3,20,0.049848,0
"bcc04003_030_14n.tif.thmb.jpg","2004",1250,1243,3,24,0.050142,0
"bcc04003_030_14n.tif.thmb.jpg","2004",1250,1243,3,32,0.050583,0
"bcc04003_030_14n.tif.thmb.jpg","2004",1250,1243,3,48,0.051369,0
"bcc04003_030_14n.tif.thmb.jpg","2004",1250,1243,3,64,0.055417,0
"bcc04008_100_14n.tif.thmb.jpg","2004",1245,1250,3,0,0.026848,0
"bcc04008_100_14n.tif.thmb.jpg","2004",1245,1250,3,4,0.046358,0
"bcc04008_100_14n.tif.thmb.jpg","2004",1245,1250,3,8,0.051728,0
"bcc04008_100_14n.tif.thmb.jpg","2004",1245,1250,3,12,0.053742,0
"bcc04008_100_14n.tif.thmb.jpg","2004",1245,1250,3,16,0.05486,0
"bcc04008_100_14n.tif.thmb.jpg","2004",1245,1250,3,20,0.055477,0
"bcc04008_100_14n.tif.thmb.jpg","2004",1245,1250,3,24,0.055988,0
"bcc04008_100_14n.tif.thmb.jpg","2004",1245,1250,3,32,0.057027,0
"bcc04008_100_14n.tif.thmb.jpg","2004",1245,1250,3,48,0.062514,0
"bcc04008_100_14n.tif.thmb.jpg","2004",1245,1250,3,64,0.083347,0.000242
"bcc04008_101_14n.tif.thmb.jpg","2004",1245,1250,3,0,0.02766,0
"bcc04008_101_14n.tif.thmb.jpg","2004",1245,1250,3,4,0.046626,0
"bcc04008_101_14n.tif.thmb.jpg","2004",1245,1250,3,8,0.052051,0
"bcc04008_101_14n.tif.thmb.jpg","2004",1245,1250,3,12,0.054122,0
"bcc04008_101_14n.tif.thmb.jpg","2004",1245,1250,3,16,0.055191,0
"bcc04008_101_14n.tif.thmb.jpg","2004",1245,1250,3,20,0.055972,0
"bcc04008_101_14n.tif.thmb.jpg","2004",1245,1250,3,24,0.056781,0
"bcc04008_101_14n.tif.thmb.jpg","2004",1245,1250,3,32,0.058577,0
"bcc04008_101_14n.tif.thmb.jpg","2004",1245,1250,3,48,0.069142,0.001004
"bcc04008_101_14n.tif.thmb.jpg","2004",1245,1250,3,64,0.099535,0.008807
"bcc04008_102_14n.tif.thmb.jpg","2004",1245,1250,3,0,0.0261,0
"bcc04008_102_14n.tif.thmb.jpg","2004",1245,1250,3,4,0.046264,0
"bcc04008_102_14n.tif.thmb.jpg","2004",1245,1250,3,8,0.051979,0
"bcc04008_102_14n.tif.thmb.jpg","2004",1245,1250,3,12,0.054143,0
"bcc04008_102_14n.tif.thmb.jpg","2004",1245,1250,3,16,0.055477,0
"bcc04008_102_14n.tif.thmb.jpg","2004",1245,1250,3,20,0.056579,0
"bcc04008_102_14n.tif.thmb.jpg","2004",1245,1250,3,24,0.058049,0
"bcc04008_102_14n.tif.thmb.jpg","2004",1245,1250,3,32,0.06261,0
"bcc04008_102_14n.tif.thmb.jpg","2004",1245,1250,3,48,0.075656,0.000982
"bcc04008_102_14n.tif.thmb.jpg","2004",1245,1250,3,64,0.092729,0.00477
"bcc04024_197_14n.tif.thmb.jpg","2004",1250,1245,3,0,0.025537,0
"bcc04024_197_14n.tif.thmb.jpg","2004",1250,1245,3,4,0.044919,0
"bcc04024_197_14n.tif.thmb.jpg","2004",1250,1245,3,8,0.049447,0
"bcc04024_197_14n.tif.thmb.jpg","2004",1250,1245,3,12,0.051228,0
"bcc04024_197_14n.tif.thmb.jpg","2004",1250,1245,3,16,0.052249,0
"bcc04024_197_14n.tif.thmb.jpg","2004",1250,1245,3,20,0.052797,0
"bcc04024_197_14n.tif.thmb.jpg","2004",1250,1245,3,24,0.05321,0
"bcc04024_197_14n.tif.thmb.jpg","2004",1250,1245,3,32,0.053799,0
"bcc04024_197_14n.tif.thmb.jpg","2004",1250,1245,3,48,0.055988,0
"bcc04024_197_14n.tif.thmb.jpg","2004",1250,1245,3,64,0.06072,0
"bcc04024_198_14n.tif.thmb.jpg","2004",1250,1245,3,0,0.025094,0
"bcc04024_198_14n.tif.thmb.jpg","2004",1250,1245,3,4,0.044653,0
"bcc04024_198_14n.tif.thmb.jpg","2004",1250,1245,3,8,0.049338,0
"bcc04024_198_14n.tif.thmb.jpg","2004",1250,1245,3,12,0.051014,0
"bcc04024_198_14n.tif.thmb.jpg","2004",1250,1245,3,16,0.052045,0
"bcc04024_198_14n.tif.thmb.jpg","2004",1250,1245,3,20,0.052583,0
"bcc04024_198_14n.tif.thmb.jpg","2004",1250,1245,3,24,0.053056,0
"bcc04024_198_14n.tif.thmb.jpg","2004",1250,1245,3,32,0.054288,0
"bcc04024_198_14n.tif.thmb.jpg","2004",1250,1245,3,48,0.067468,0.000293
"bcc04024_198_14n.tif.thmb.jpg","2004",1250,1245,3,64,0.086698,0.004179
"bcc04024_199_14n.tif.thmb.jpg","2004",1250,1245,3,0,0.02183,0
"bcc04024_199_14n.tif.thmb.jpg","2004",1250,1245,3,4,0.044834,0
"bcc04024_199_14n.tif.thmb.jpg","2004",1250,1245,3,8,0.049104,0
"bcc04024_199_14n.tif.thmb.jpg","2004",1250,1245,3,12,0.05097,0
"bcc04024_199_14n.tif.thmb.jpg","2004",1250,1245,3,16,0.051839,0
"bcc04024_199_14n.tif.thmb.jpg","2004",1250,1245,3,20,0.052427,0
"bcc04024_199_14n.tif.thmb.jpg","2004",1250,1245,3,24,0.052844,0
"bcc04024_199_14n.tif.thmb.jpg","2004",1250,1245,3,32,0.053574,0
"bcc04024_199_14n.tif.thmb.jpg","2004",1250,1245,3,48,0.05935,0
"bcc04024_199_14n.tif.thmb.jpg","2004",1250,1245,3,64,0.094792,0.007988
"bcc04024_200_14n.tif.thmb.jpg","2004",1250,1245,3,0,0.017207,0
"bcc04024_200_14n.tif.thmb.jpg","2004",1250,1245,3,4,0.045148,0
"bcc04024_200_14n.tif.thmb.jpg","2004",1250,1245,3,8,0.049302,0
"bcc04024_200_14n.tif.thmb.jpg","2004",1250,1245,3,12,0.051109,0
"bcc04024_200_14n.tif.thmb.jpg","2004",1250,1245,3,16,0.051963,0
"bcc04024_200_14n.tif.thmb.jpg","2004",1250,1245,3,20,0.052514,0
"bcc04024_200_14n.tif.thmb.jpg","2004",1250,1245,3,24,0.052941,0
"bcc04024_200_14n.tif.thmb.jpg","2004",1250,1245,3,32,0.05361,0
"bcc04024_200_14n.tif.thmb.jpg","2004",1250,1245,3,48,0.056339,0
"bcc04024_200_14n.tif.thmb.jpg","2004",1250,1245,3,64,0.077747,0
"bcc04024_219_14n.tif.thmb.jpg","2004",1250,1245,3,0,0.025688,0
"bcc04024_219_14n.tif.thmb.jpg","2004",1250,1245,3,4,0.04457,0
"bcc04024_219_14n.tif.thmb.jpg","2004",1250,1245,3,8,0.049068,0
"bcc04024_219_14n.tif.thmb.jpg","2004",1250,1245,3,12,0.050911,0
"bcc04024_219_14n.tif.thmb.jpg","2004",1250,1245,3,16,0.051832,0
"bcc04024_219_14n.tif.thmb.jpg","2004",1250,1245,3,20,0.052384,0
"bcc04024_219_14n.tif.thmb.jpg","2004",1250,1245,3,24,0.052877,0
"bcc04024_219_14n.tif.thmb.jpg","2004",1250,1245,3,32,0.05364,0
"bcc04024_219_14n.tif.thmb.jpg","2004",1250,1245,3,48,0.055943,0
"bcc04024_219_14n.tif.thmb.jpg","2004",1250,1245,3,64,0.068186,0
"bcc04024_220_14n.tif.thmb.jpg","2004",1250,1245,3,0,0.024207,0
"bcc04024_220_14n.tif.thmb.jpg","2004",1250,1245,3,4,0.044723,0
"bcc04024_220_14n.tif.thmb.jpg","2004",1250,1245,3,8,0.049232,0
"bcc04024_220_14n.tif.thmb.jpg","2004",1250,1245,3,12,0.050979,0
"bcc04024_220_14n.tif.thmb.jpg","2004",1250,1245,3,16,0.051962,0
"bcc04024_220_14n.tif.thmb.jpg","2004",1250,1245,3,20,0.052517,0
"bcc04024_220_14n.tif.thmb.jpg","2004",1250,1245,3,24,0.052926,0
"bcc04024_220_14n.tif.thmb.jpg","2004",1250,1245,3,32,0.053785,0
"bcc04024_220_14n.tif.thmb.jpg","2004",1250,1245,3,48,0.058261,0
"bcc04024_220_14n.tif.thmb.jpg","2004",1250,1245,3,64,0.076407,0.000148
"bcc04025_064_14n.tif.thmb.jpg","2004",1250,1248,3,0,0.022458,0
"bcc04025_064_14n.tif.thmb.jpg","2004",1250,1248,3,4,0.045404,0
"bcc04025_064_14n.tif.thmb.jpg","2004",1250,1248,3,8,0.050497,0
"bcc04025_064_14n.tif.thmb.jpg","2004",1250,1248,3,12,0.052458,0
"bcc04025_064_14n.tif.thmb.jpg","2004",1250,1248,3,16,0.053551,0
"bcc04025_064_14n.tif.thmb.jpg","2004",1250,1248,3,20,0.054219,0
"bcc04025_064_14n.tif.thmb.jpg","2004",1250,1248,3,24,0.054833,0
"bcc04025_064_14n.tif.thmb.jpg","2004",1250,1248,3,32,0.056917,0
"bcc04025_064_14n.tif.thmb.jpg","2004",1250,1248,3,48,0.064808,0
"bcc04025_064_14n.tif.thmb.jpg","2004",1250,1248,3,64,0.091654,0.009598
"bcc04025_065_14n.tif.thmb.jpg","2004",1250,1248,3,0,0.02346,0
"bcc04025_065_14n.tif.thmb.jpg","2004",1250,1248,3,4,0.045628,0
"bcc04025_065_14n.tif.thmb.jpg","2004",1250,1248,3,8,0.050465,0
"bcc04025_065_14n.tif.thmb.jpg","2004",1250,1248,3,12,0.052458,0
"bcc04025_065_14n.tif.thmb.jpg","2004",1250,1248,3,16,0.053872,0
"bcc04025_065_14n.tif.thmb.jpg","2004",1250,1248,3,20,0.055172,0
"bcc04025_065_14n.tif.thmb.jpg","2004",1250,1248,3,24,0.056832,0
"bcc04025_065_14n.tif.thmb.jpg","2004",1250,1248,3,32,0.061585,8e-06
"bcc04025_065_14n.tif.thmb.jpg","2004",1250,1248,3,48,0.076683,0.002399
"bcc04025_065_14n.tif.thmb.jpg","2004",1250,1248,3,64,0.109921,0.015977
"bcc05001_065_16n.tif.thmb.jpg","2005",1250,1250,3,0,0.026781,0
"bcc05001_065_16n.tif.thmb.jpg","2005",1250,1250,3,4,0.039564,0
"bcc05001_065_16n.tif.thmb.jpg","2005",1250,1250,3,8,0.046865,0
"bcc05001_065_16n.tif.thmb.jpg","2005",1250,1250,3,12,0.050993,0
"bcc05001_065_16n.tif.thmb.jpg","2005",1250,1250,3,16,0.053279,0
"bcc05001_065_16n.tif.thmb.jpg","2005",1250,1250,3,20,0.054912,0
"bcc05001_065_16n.tif.thmb.jpg","2005",1250,1250,3,24,0.056058,0
"bcc05001_065_16n.tif.thmb.jpg","2005",1250,1250,3,32,0.057746,0
"bcc05001_065_16n.tif.thmb.jpg","2005",1250,1250,3,48,0.067012,0
"bcc05001_065_16n.tif.thmb.jpg","2005",1250,1250,3,64,0.10028,0.016109
"bcc05001_066_16n.tif.thmb.jpg","2005",1250,1250,3,0,0.027078,0
"bcc05001_066_16n.tif.thmb.jpg","2005",1250,1250,3,4,0.040879,0
"bcc05001_066_16n.tif.thmb.jpg","2005",1250,1250,3,8,0.048006,0
"bcc05001_066_16n.tif.thmb.jpg","2005",1250,1250,3,12,0.051933,0
"bcc05001_066_16n.tif.thmb.jpg","2005",1250,1250,3,16,0.05446,0
"bcc05001_066_16n.tif.thmb.jpg","2005",1250,1250,3,20,0.056365,0
"bcc05001_066_16n.tif.thmb.jpg","2005",1250,1250,3,24,0.058382,0
"bcc05001_066_16n.tif.thmb.jpg","2005",1250,1250,3,32,0.063498,0
"bcc05001_066_16n.tif.thmb.jpg","2005",1250,1250,3,48,0.070541,0
"bcc05001_066_16n.tif.thmb.jpg","2005",1250,1250,3,64,0.098024,0.011234
"bcc05001_067_16n.tif.thmb.jpg","2005",1250,1250,3,0,0.026587,0
"bcc05001_067_16n.tif.thmb.jpg","2005",1250,1250,3,4,0.03938,0
"bcc05001_067_16n.tif.thmb.jpg","2005",1250,1250,3,8,0.046401,0
"bcc05001_067_16n.tif.thmb.jpg","2005",1250,1250,3,12,0.050717,0
"bcc05001_067_16n.tif.thmb.jpg","2005",1250,1250,3,16,0.053425,0
"bcc05001_067_16n.tif.thmb.jpg","2005",1250,1250,3,20,0.055166,0
"bcc05001_067_16n.tif.thmb.jpg","2005",1250,1250,3,24,0.056525,0
"bcc05001_067_16n.tif.thmb.jpg","2005",1250,1250,3,32,0.059308,0
"bcc05001_067_16n.tif.thmb.jpg","2005",1250,1250,3,48,0.06971,4.6e-05
"bcc05001_067_16n.tif.thmb.jpg","2005",1250,1250,3,64,0.089256,0.001855
"bcc05001_097_16n.tif.thmb.jpg","2005",1250,1250,3,0,0.026532,0
"bcc05001_097_16n.tif.thmb.jpg","2005",1250,1250,3,4,0.041035,0
"bcc05001_097_16n.tif.thmb.jpg","2005",1250,1250,3,8,0.047992,0
"bcc05001_097_16n.tif.thmb.jpg","2005",1250,1250,3,12,0.052596,0
"bcc05001_097_16n.tif.thmb.jpg","2005",1250,1250,3,16,0.055524,0
"bcc05001_097_16n.tif.thmb.jpg","2005",1250,1250,3,20,0.058003,0
"bcc05001_097_16n.tif.thmb.jpg","2005",1250,1250,3,24,0.060832,0
"bcc05001_097_16n.tif.thmb.jpg","2005",1250,1250,3,32,0.066317,0
"bcc05001_097_16n.tif.thmb.jpg","2005",1250,1250,3,48,0.080084,0.001237
"bcc05001_097_16n.tif.thmb.jpg","2005",1250,1250,3,64,0.112934,0.017111
"bcc05001_098_16n.tif.thmb.jpg","2005",1250,1250,3,0,0.026502,0
"bcc05001_098_16n.tif.thmb.jpg","2005",1250,1250,3,4,0.040902,0
"bcc05001_098_16n.tif.thmb.jpg","2005",1250,1250,3,8,0.048518,0
"bcc05001_098_16n.tif.thmb.jpg","2005",1250,1250,3,12,0.054108,0
"bcc05001_098_16n.tif.thmb.jpg","2005",1250,1250,3,16,0.057623,0
"bcc05001_098_16n.tif.thmb.jpg","2005",1250,1250,3,20,0.060834,0
"bcc05001_098_16n.tif.thmb.jpg","2005",1250,1250,3,24,0.063348,0
"bcc05001_098_16n.tif.thmb.jpg","2005",1250,1250,3,32,0.068282,0
"bcc05001_098_16n.tif.thmb.jpg","2005",1250,1250,3,48,0.082668,0.002284
"bcc05001_098_16n.tif.thmb.jpg","2005",1250,1250,3,64,0.109154,0.012994
"bcc05001_099_16n.tif.thmb.jpg","2005",1250,1250,3,0,0.026918,0
"bcc05001_099_16n.tif.thmb.jpg","2005",1250,1250,3,4,0.040422,0
"bcc05001_099_16n.tif.thmb.jpg","2005",1250,1250,3,8,0.04752,0
"bcc05001_099_16n.tif.thmb.jpg","2005",1250,1250,3,12,0.051863,0
"bcc05001_099_16n.tif.thmb.jpg","2005",1250,1250,3,16,0.054467,0
"bcc05001_099_16n.tif.thmb.jpg","2005",1250,1250,3,20,0.056184,0
"bcc05001_099_16n.tif.thmb.jpg","2005",1250,1250,3,24,0.057424,0
"bcc05001_099_16n.tif.thmb.jpg","2005",1250,1250,3,32,0.060124,0
"bcc05001_099_16n.tif.thmb.jpg","2005",1250,1250,3,48,0.070304,0
"bcc05001_099_16n.tif.thmb.jpg","2005",1250,1250,3,64,0.097993,0.003498
"bcd18704_588_25_8bit_rgb.jpg","2018",912,1608,3,0,0,0
"bcd18704_588_25_8bit_rgb.jpg","2018",912,1608,3,4,0,0
"bcd18704_588_25_8bit_rgb.jpg","2018",912,1608,3,8,0,0
"bcd18704_588_25_8bit_rgb.jpg","2018",912,1608,3,12,2e-06,0
"bcd18704_588_25_8bit_rgb.jpg","2018",912,1608,3,16,2e-06,0
"bcd18704_588_25_8bit_rgb.jpg","2018",912,1608,3,20,2e-06,0
"bcd18704_588_25_8bit_rgb.jpg","2018",912,1608,3,24,6e-06,0
"bcd18704_588_25_8bit_rgb.jpg","2018",912,1608,3,32,0.000317,0
"bcd18704_588_25_8bit_rgb.jpg","2018",912,1608,3,48,0.021787,0
"bcd18704_588_25_8bit_rgb.jpg","2018",912,1608,3,64,0.332483,0.258632
"bcd18704_589_25_8bit_rgb.jpg","2018",912,1608,3,0,0,0
"bcd18704_589_25_8bit_rgb.jpg","2018",912,1608,3,4,0,0
"bcd18704_589_25_8bit_rgb.jpg","2018",912,1608,3,8,0,0
"bcd18704_589_25_8bit_rgb.jpg","2018",912,1608,3,12,0,0
"bcd18704_589_25_8bit_rgb.jpg","2018",912,1608,3,16,0,0
"bcd18704_589_25_8bit_rgb.jpg","2018",912,1608,3,20,0,0
"bcd18704_589_25_8bit_rgb.jpg","2018",912,1608,3,24,1.8e-05,0
"bcd18704_589_25_8bit_rgb.jpg","2018",912,1608,3,32,0.00034,0
"bcd18704_589_25_8bit_rgb.jpg","2018",912,1608,3,48,0.03362,0.003319
"bcd18704_589_25_8bit_rgb.jpg","2018",912,1608,3,64,0.287279,0.202313
"bcd18704_590_25_8bit_rgb.jpg","2018",912,1608,3,0,0,0
"bcd18704_590_25_8bit_rgb.jpg","2018",912,1608,3,4,0,0
"bcd18704_590_25_8bit_rgb.jpg","2018",912,1608,3,8,0,0
"bcd18704_590_25_8bit_rgb.jpg","2018",912,1608,3,12,0,0
"bcd18704_590_25_8bit_rgb.jpg","2018",912,1608,3,16,0,0
"bcd18704_590_25_8bit_rgb.jpg","2018",912,1608,3,20,0,0
"bcd18704_590_25_8bit_rgb.jpg","2018",912,1608,3,24,0,0
"bcd18704_590_25_8bit_rgb.jpg","2018",912,1608,3,32,0.000279,0
"bcd18704_590_25_8bit_rgb.jpg","2018",912,1608,3,48,0.120887,0.091538
"bcd18704_590_25_8bit_rgb.jpg","2018",912,1608,3,64,0.490067,0.440322
"bcd18704_591_25_8bit_rgb.jpg","2018",912,1608,3,0,0,0
"bcd18704_591_25_8bit_rgb.jpg","2018",912,1608,3,4,0,0
"bcd18704_591_25_8bit_rgb.jpg","2018",912,1608,3,8,0,0
"bcd18704_591_25_8bit_rgb.jpg","2018",912,1608,3,12,0,0
"bcd18704_591_25_8bit_rgb.jpg","2018",912,1608,3,16,0,0
"bcd18704_591_25_8bit_rgb.jpg","2018",912,1608,3,20,5e-06,0
"bcd18704_591_25_8bit_rgb.jpg","2018",912,1608,3,24,2e-05,0
"bcd18704_591_25_8bit_rgb.jpg","2018",912,1608,3,32,0.00046,0
"bcd18704_591_25_8bit_rgb.jpg","2018",912,1608,3,48,0.204578,0.225508
"bcd18704_591_25_8bit_rgb.jpg","2018",912,1608,3,64,0.613447,0.61784
"bcd18704_592_25_8bit_rgb.jpg","2018",912,1608,3,0,0,0
"bcd18704_592_25_8bit_rgb.jpg","2018",912,1608,3,4,0,0
"bcd18704_592_25_8bit_rgb.jpg","2018",912,1608,3,8,0,0
"bcd18704_592_25_8bit_rgb.jpg","2018",912,1608,3,12,0,0
"bcd18704_592_25_8bit_rgb.jpg","2018",912,1608,3,16,0,0
"bcd18704_592_25_8bit_rgb.jpg","2018",912,1608,3,20,0,0
"bcd18704_592_25_8bit_rgb.jpg","2018",912,1608,3,24,1.3e-05,0
"bcd18704_592_25_8bit_rgb.jpg","2018",912,1608,3,32,0.000368,0
"bcd18704_592_25_8bit_rgb.jpg","2018",912,1608,3,48,0.216278,0.237895
"bcd18704_592_25_8bit_rgb.jpg","2018",912,1608,3,64,0.68268,0.71591
"bcd18704_624_25_8bit_rgb.jpg","2018",912,1608,3,0,0,0
"bcd18704_624_25_8bit_rgb.jpg","2018",912,1608,3,4,0,0
"bcd18704_624_25_8bit_rgb.jpg","2018",912,1608,3,8,0,0
"bcd18704_624_25_8bit_rgb.jpg","2018",912,1608,3,12,0,0
"bcd18704_624_25_8bit_rgb.jpg","2018",912,1608,3,16,0,0
"bcd18704_624_25_8bit_rgb.jpg","2018",912,1608,3,20,9e-06,0
"bcd18704_624_25_8bit_rgb.jpg","2018",912,1608,3,24,3.5e-05,0
"bcd18704_624_25_8bit_rgb.jpg","2018",912,1608,3,32,0.000641,0
"bcd18704_624_25_8bit_rgb.jpg","2018",912,1608,3,48,0.209603,0.189896
"bcd18704_624_25_8bit_rgb.jpg","2018",912,1608,3,64,0.634419,0.624347
"bcd18704_625_25_8bit_rgb.jpg","2018",912,1608,3,0,0,0
"bcd18704_625_25_8bit_rgb.jpg","2018",912,1608,3,4,0,0
"bcd18704_625_25_8bit_rgb.jpg","2018",912,1608,3,8,0,0
"bcd18704_625_25_8bit_rgb.jpg","2018",912,1608,3,12,0,0
"bcd18704_625_25_8bit_rgb.jpg","2018",912,1608,3,16,0,0
"bcd18704_625_25_8bit_rgb.jpg","2018",912,1608,3,20,0,0
"bcd18704_625_25_8bit_rgb.jpg","2018",912,1608,3,24,4e-06,0
"bcd18704_625_25_8bit_rgb.jpg","2018",912,1608,3,32,0.000363,0
"bcd18704_625_25_8bit_rgb.jpg","2018",912,1608,3,48,0.170094,0.16733
"bcd18704_625_25_8bit_rgb.jpg","2018",912,1608,3,64,0.622163,0.610926
"bcd18704_626_25_8bit_rgb.jpg","2018",912,1608,3,0,0,0
"bcd18704_626_25_8bit_rgb.jpg","2018",912,1608,3,4,0,0
"bcd18704_626_25_8bit_rgb.jpg","2018",912,1608,3,8,0,0
"bcd18704_626_25_8bit_rgb.jpg","2018",912,1608,3,12,0,0
"bcd18704_626_25_8bit_rgb.jpg","2018",912,1608,3,16,0,0
"bcd18704_626_25_8bit_rgb.jpg","2018",912,1608,3,20,2e-06,0
"bcd18704_626_25_8bit_rgb.jpg","2018",912,1608,3,24,1.9e-05,0
"bcd18704_626_25_8bit_rgb.jpg","2018",912,1608,3,32,0.000382,0
"bcd18704_626_25_8bit_rgb.jpg","2018",912,1608,3,48,0.131409,0.111315
"bcd18704_626_25_8bit_rgb.jpg","2018",912,1608,3,64,0.582236,0.573424
"bcd18704_627_25_8bit_rgb.jpg","2018",912,1608,3,0,0,0
"bcd18704_627_25_8bit_rgb.jpg","2018",912,1608,3,4,0,0
"bcd18704_627_25_8bit_rgb.jpg","2018",912,1608,3,8,0,0
"bcd18704_627_25_8bit_rgb.jpg","2018",912,1608,3,12,0,0
"bcd18704_627_25_8bit_rgb.jpg","2018",912,1608,3,16,0,0
"bcd18704_627_25_8bit_rgb.jpg","2018",912,1608,3,20,6e-06,0
"bcd18704_627_25_8bit_rgb.jpg","2018",912,1608,3,24,2.5e-05,0
"bcd18704_627_25_8bit_rgb.jpg","2018",912,1608,3,32,0.000266,0
"bcd18704_627_25_8bit_rgb.jpg","2018",912,1608,3,48,0.065144,0.031933
"bcd18704_627_25_8bit_rgb.jpg","2018",912,1608,3,64,0.491474,0.480159
"bcd18704_628_25_8bit_rgb.jpg","2018",912,1608,3,0,0,0
"bcd18704_628_25_8bit_rgb.jpg","2018",912,1608,3,4,0,0
"bcd18704_628_25_8bit_rgb.jpg","2018",912,1608,3,8,0,0
"bcd18704_628_25_8bit_rgb.jpg","2018",912,1608,3,12,0,0
"bcd18704_628_25_8bit_rgb.jpg","2018",912,1608,3,16,0,0
"bcd18704_628_25_8bit_rgb.jpg","2018",912,1608,3,20,1e-05,0
"bcd18704_628_25_8bit_rgb.jpg","2018",912,1608,3,24,3.6e-05,0
"bcd18704_628_25_8bit_rgb.jpg","2018",912,1608,3,32,0.000299,0
"bcd18704_628_25_8bit_rgb.jpg","2018",912,1608,3,48,0.021633,0.003987
"bcd18704_628_25_8bit_rgb.jpg","2018",912,1608,3,64,0.435529,0.42691
