cache: 1670471 frames on 7036 rolls
frames sharing a (roll, frame) key, excluded from spacing: 0

== spacing controls: implied forward overlap, median [10-90%] ==
random, in band, as reported:        0.63 [0.59-0.69] n=2481
random, in band, nominal scale:      0.62 [0.56-0.69] n=2481
#54 slipped, divided by 10.764:      0.62 [0.58-0.66] n=1589
#54 slipped, as reported:            0.97 [0.97-0.97] n=1589
overlap window (random, 2.5-97.5%): 0.557 to 0.780

== near_upper r > 1.8 at 153 mm, per roll-height: which reading gives ~60% ==
 film_roll photo_year scale_n flying_height  n    r p_nominal p_reported
    bc5509       1972   16000          6553 17 2.15      0.11       0.58
    bc5701       1975    6000          1875 14 1.99      0.21       0.61
    bc5508       1972   16000          6553 13 2.06      0.13       0.58
   bc78051       1978   20000          6858 13 1.91      0.58       0.78
   bc79072       1979   20000          7925  9 2.08      0.65       0.83
   bc80048       1980   20000          6553  9 1.93      0.79       0.89
    bc5702       1975    6000          1875  8 2.03      0.21       0.60
   bc80122       1980   10000          4115  8 2.09      0.58       0.80
    bc5138       1965   16000          5486  7 2.22      0.40       0.72
    bc5699       1975    6000          1875  7 2.04      0.21       0.61
    bc5642       1975    6000          1859  6 2.00      0.26       0.63
    bc5648       1975    6000          1859  6 2.02      0.24       0.63
    bc7407       1972   15000          5029  6 2.19      0.63       0.83
   bc81012       1981   20000          7925  6 2.34      0.65       0.85
   bc78153       1978   20000          7468  5 2.10      0.62       0.82
   bc79127       1979   15840          5895  5 2.07      0.61       0.81
   bc79131       1979   16000          5590  5 2.10      0.61       0.82
   bc79195       1979   20000          7010  5 1.91      0.69       0.84
    bc5644       1975    6000          1859  4 1.98      0.23       0.61
    bc5510       1972   16000          6553  3 2.09      0.11       0.59
    bc5689       1975    6000          1859  3 1.95      0.25       0.61
    bc5709       1976    7920          3024  3 2.04      0.18       0.60
    bc7454       1973    6000          2438  3 2.07      0.86       0.93
   bc78009       1978    5000          2286  3 1.94      0.65       0.82
   bc79026       1979   20000          7620  3 2.20      0.64       0.84
   bc79141       1979   25000          8230  3 1.89      0.37       0.67
   bc80018       1980   20000          6401  3 1.94      0.64       0.81
    bc5645       1975    6000          1859  2 1.93      0.25       0.61
   bc77013       1977   20000          7315  2 2.17      0.53       0.78
   bc77115       1977   20000          7620  2 2.15      0.58       0.81
   bc78101       1978   20000          7315  2 2.01      0.59       0.80
   bc79026       1979   20000          7468  2 2.12      0.62       0.82
   bc79029       1979    5000          1676  2 2.17      0.63       0.83
   bc79043       1979    5000          1676  2 2.16      0.51       0.77
   bc79058       1979   20000          7468  2 2.05      0.64       0.82
   bc79058       1979   20000          7620  2 1.94      0.65       0.82
   bc80006       1980    5000          1585  2 2.06      0.67       0.84
   bc80122       1980   20000          7925  2 2.11      0.61       0.81
    bc5494       1972   16000          6400  1 2.05      0.17       0.59
    bc5507       1972   12000          4267  1 1.91      0.27       0.62
    bc5650       1975    6000          1859  1 2.03      0.18       0.59
    bc5665       1975   12000          4115  1 2.14      0.29       0.67
    bc5667       1975    6000          1890  1 1.90      0.48       0.73
   bc78009       1978    5000          2134  1 1.86      0.66       0.82
   bc78028       1978   20000          6919  1 1.82      0.63       0.80
   bc78110       1978    5000          1554  1 1.98      0.27       0.63
   bc79039       1979    2000           777  1 2.53      0.21       0.69
   bc80005       1980    5000          1585  1 2.02      0.62       0.81
     fits
 reported
 reported
 reported
  nominal
  nominal
  neither
 reported
  nominal
 reported
 reported
 reported
 reported
  nominal
  nominal
  nominal
  nominal
  nominal
  nominal
 reported
 reported
 reported
 reported
  neither
  nominal
  nominal
 reported
  nominal
 reported
  neither
  nominal
  nominal
  nominal
  nominal
 reported
  nominal
  nominal
  nominal
  nominal
 reported
 reported
 reported
 reported
 reported
  nominal
  nominal
 reported
 reported
  nominal
frames: nominal fits 90, reported fits 105, neither 14

== lower tail: 1962 frames on 77 roll-heights (42 rolls) ==
 film_roll photo_year flying_height  h_ft   n focal_length scale_n    k_med
   bc79122       1979           640  2100 149          305   20000    9.633
    bc7584       1974           609  1998 124          305   20000   11.967
   bc79086       1979          6325 20751 107          305   60000    3.073
   bc80001       1980          1524  5000 106          305   10000    2.025
    bc5697       1975           457  1499 102          153    6000    2.031
    bc7280       1970            60   197 101          305   16000   95.695
    bcc162       1977          2438  7999  86          305   16000    2.238
   bc79209       1979          7620 25000  85          305   50000    2.003
    bc7675       1974           609  1998  84          305   16000   10.008
    bc7717       1975          1676  5499  84          305   12500    2.345
   bc79067       1979          4968 16299  60          305   50000    3.205
   bc81013       1981           823  2700  59          153   40000    8.693
   bc77032       1977           701  2300  54          610   10000   10.826
   bc78104       1978          1295  4249  52          153   20000    2.798
   bc79067       1979          4770 15650  47          305   50000    3.298
    bc5224       1966          1082  3550  46          153   15840    2.495
    bc7717       1975          1829  6001  43          305   12500    2.240
    bc5651       1975           701  2300  41          153   31680    9.163
   bc78151       1978          1295  4249  35          153   20000    2.844
    bc5628       1974          1371  4498  35          153   80000    9.001
   bc87070       1987           396  1299  34          153   23000   11.826
   bc85036       1985           686  2251  34          305   15000    8.824
    bc7692       1974          4511 14800  31          305   63360    4.442
    bc5524       1973           243   797  30          153   12000    7.599
    bc5598       1974             2     7  29          153   16000 2082.550
    bc5524       1973           304   997  21          153   12000    6.109
    bc5524       1973           274   899  18          153   12000    6.753
   bc81027       1981           732  2402  18          153   40000    9.778
    bc5597       1974           777  2549  18          153   12000    3.095
    bc7211       1969          4877 16001  18          305   32000    2.377
   bc88054       1988           655  2149  17          305   15000    9.502
   bc78105       1978          1295  4249  17          153   20000    2.852
    bc5097       1964          2012  6601  15          153   31680    2.438
    bcc401       1986          1219  3999  12          305   10000    3.337
    bcc822       1988           701  2300  11          305   15000    9.360
   bc81026       1981           762  2500  11          305    5000    2.016
    bc7703       1975          1561  5121  10          305   20000    4.164
   bc79067       1979          5624 18451  10          305   50000    2.940
    bc5536       1973           731  2398   9          153   12000    2.547
    bc5655       1975          1158  3799   9          153   75062    9.970
    bc7835       1976           640  2100   8          305   20000   10.051
    bc5593       1974          1066  3497   8          153   15000    2.251
   bc79067       1979          5067 16624   8          305   50000    3.171
   bc77014       1977           853  2799   7          153   50000   11.015
  bcb05001       2005          1058  3471   4          305   20000    6.119
  bcb05001       2005          1059  3474   4          305   20000    6.036
    bc5280       1968           457  1499   3          153    6000    2.112
    bc5449       1971           609  1998   3          153   15000    3.785
  bcb05001       2005          1053  3455   3          305   20000    6.133
  bcb05001       2005          1056  3465   3          305   20000    6.112
  bcb05001       2005          1062  3484   3          305   20000    5.982
  bcb05001       2005          1051  3448   2          305   20000    5.884
  bcb05001       2005          1054  3458   2          305   20000    6.130
  bcb05001       2005          1055  3461   2          305   20000    6.010
  bcb05001       2005          1057  3468   2          305   20000    5.978
  bcb05001       2005          1060  3478   2          305   20000    6.019
  bcb05001       2005          1065  3494   2          305   20000    5.960
  bcb05001       2005          1225  4019   2          305   20000    5.277
  bcb05001       2005          1226  4022   2          305   20000    5.252
  bcb05001       2005          1228  4029   2          305   20000    5.241
  bcb05001       2005          1230  4035   2          305   20000    5.268
  bcb05001       2005          1061  3481   1          305   20000    5.903
  bcb05001       2005          1063  3488   1          305   20000    5.909
  bcb05001       2005          1064  3491   1          305   20000    5.925
  bcb05001       2005          1066  3497   1          305   20000    5.972
  bcb05001       2005          1069  3507   1          305   20000    5.972
  bcb05001       2005          1215  3986   1          305   20000    5.354
  bcb05001       2005          1216  3990   1          305   20000    5.347
  bcb05001       2005          1217  3993   1          305   20000    5.341
  bcb05001       2005          1218  3996   1          305   20000    5.335
  bcb05001       2005          1220  4003   1          305   20000    5.322
  bcb05001       2005          1222  4009   1          305   20000    5.310
  bcb05001       2005          1227  4026   1          305   20000    5.273
  bcb05001       2005          1229  4032   1          305   20000    5.268
  bcb05001       2005          1231  4039   1          305   20000    5.167
    bc5097       1964          2073  6801   1          153   31680    2.345
  bcc94147       1994          5511 18081   1          305   52000    3.058
 k_spread round_x1 round_x10 round_xK n_base p_nominal p_reported   p_x2 p_x10
    0.021        0         3        1    149     0.606     -3.212 -1.010 0.618
    0.039        2        20        7    124     0.716      3.811 -2.260 0.647
    0.013       49        13       35    107     0.592     -0.429  0.356 0.880
    0.016        0         0       20    106     0.618      0.211  0.611 0.923
    0.013        1         7       39    102     0.816      0.619  0.810 0.963
    0.068        3        31       19    101     0.629      3.205  3.379 7.751
    0.039        1        13        3     86     0.629      0.017  0.572 0.924
    0.002        0         0        2     85     0.800      0.599  0.800 0.960
    0.053        2        20        7     84     0.617      3.934 -1.321 0.616
    0.029        1        13       13     84     0.849      0.628  0.821 0.965
    0.004        1         8       43     60     0.589     -0.458  0.324 0.872
    0.067        0         1       36     59     0.573      5.502 -2.886 0.643
    0.053        0         1       44     54     0.657      3.696  5.538 0.608
    0.019       49        13       32     52     0.923      0.672  0.883 0.981
    0.004       50         4       49     47     0.611     -0.348  0.353 0.875
    0.057       50         1       10     46     0.868      0.614  0.831 0.970
    0.057        1         7        9     43     0.858      0.656  0.839 0.970
    0.066        0         1       44     41     0.577      3.258  6.218 0.640
    0.021       49        13       32     35     0.925      0.668  0.888 0.982
    0.027        2        20       16     35     0.782     -1.076 -0.002 0.805
    0.101        1         8       15     34     0.687      2.345  2.972 0.597
    0.091       49         7       26     34     0.533      3.703  3.431 0.606
    0.002        0         1        4     31     0.929      0.639  0.835 0.969
    0.006        3        28       19     30     0.932      0.460  0.737 0.948
    0.006        7        34       29     29     0.870      1.185  1.185 1.187
    0.003        3        26       36     21     0.933      0.565  0.791 0.959
    0.004        1        10       24     18     0.933      0.525  0.770 0.955
    0.026        2        16       50     18     0.634      8.634 -4.413 0.631
    0.002       49         8       39     18     0.938      0.448  0.884 0.984
    0.001        1         7       30     16     0.935      0.793  0.920 0.987
    0.073       49        10       31     17     0.573      2.821  4.293 0.602
    0.015       49        13       32     17     0.921      0.637  0.877 0.980
    0.022        1        10       47     15     0.834      0.592  0.799 0.960
    0.023        1         7       49     12     0.645     -4.193  0.240 0.903
    0.030        0         1       44     11     0.575      2.512  4.317 0.613
    0.004        0         0       10     11     0.620      0.228  0.617 0.924
    0.003       21        14       26     10     0.927      0.619  0.837 0.971
    0.016       49        14       10     10     0.555     -0.564  0.319 0.877
    0.001        2        17       15      9     0.848      0.604  0.805 0.962
    0.000        1         8        6      9     0.960      0.586  0.799 0.961
    0.021        0         3        1      8     0.630     -6.342 -1.380 0.628
    0.046        3        26       45      8     0.543     -0.091  0.483 0.901
    0.017       24        40       39      8     0.616     -0.379  0.371 0.882
    0.012        1        14       23      7     0.657      3.936 30.233 0.613
    0.016       29        11       37      4     0.958      0.619  0.851 0.975
    0.023       26        44        2      4     0.952      0.593  0.838 0.971
    0.032        1         7       39      3     0.121     -0.969  0.069 0.822
    0.001        2        20        7      3     0.892      0.585  0.794 0.959
    0.023       45        47       14      3     0.963      0.669  0.869 0.978
    0.025       35        46        8      3     0.960      0.653  0.862 0.976
    0.008       16        43        4      3     0.950      0.636  0.841 0.971
    0.001       48        18       16      2     0.938      0.607  0.812 0.964
    0.001       42        20       22      2     0.961      0.659  0.865 0.977
    0.021       39        13       43      2     0.950      0.631  0.839 0.971
    0.027       32        22       28      2     0.949      0.636  0.839 0.970
    0.009       22        23       34      2     0.949      0.599  0.831 0.970
    0.009        6        41       10      2     0.944      0.581  0.819 0.967
    0.003       19        10       40      2     0.961      0.727  0.887 0.980
    0.003       22        23        4      2     0.946      0.629  0.844 0.972
    0.007       29        11       34      2     0.958      0.717  0.880 0.978
    0.000       35        46       37      2     0.966      0.759  0.901 0.983
    0.000       19        10       31      1     0.935      0.556  0.797 0.962
    0.000       12        25       39      1     0.941      0.595  0.816 0.966
    0.000        9         8       25      1     0.948      0.633  0.836 0.970
    0.000        3        26       45      1     0.952      0.632  0.842 0.972
    0.000        7        28       49      1     0.943      0.560  0.814 0.967
    0.000       14        38        7      1     0.968      0.757  0.903 0.983
    0.000       10         5       43      1     0.971      0.784  0.913 0.985
    0.000        7        28       22      1     0.974      0.809  0.923 0.987
    0.000        4        39       13      1     0.974      0.810  0.924 0.987
    0.000        3        26       16      1     0.971      0.788  0.914 0.985
    0.000        9         8       45      1     0.971      0.790  0.915 0.985
    0.000       26        44       31      1     0.961      0.726  0.887 0.980
    0.000       32        22        2      1     0.961      0.725  0.887 0.980
    0.000       39        13       28      1     0.941      0.628  0.836 0.970
    0.000        1        12        7      1     0.834      0.608  0.805 0.961
    0.000       19         7       19      1     0.216     -1.752 -0.240 0.770
  p_xK     in_x2    in_x10     in_xK        spacing_fits
 0.646 0.0000000 1.0000000 1.0000000 nominal+x10+x10.764
 0.678 0.0000000 1.0000000 1.0000000 nominal+x10+x10.764
 0.888 0.7009346 0.0000000 0.0000000             nominal
 0.929 1.0000000 0.0000000 0.0000000          nominal+x2
 0.965 1.0000000 0.0000000 0.0000000            reported
 7.714 0.0000000 0.0000000 0.0000000             nominal
 0.930 1.0000000 0.0000000 0.0000000          nominal+x2
 0.963 1.0000000 0.0000000 0.0000000            reported
 0.649 0.0000000 1.0000000 1.0000000 nominal+x10+x10.764
 0.968 1.0000000 0.0000000 0.0000000            reported
 0.881 0.0000000 0.0000000 0.0000000             nominal
 0.673 0.0000000 1.0000000 1.0000000 nominal+x10+x10.764
 0.642 0.0000000 1.0000000 1.0000000 nominal+x10+x10.764
 0.982 1.0000000 0.0000000 0.0000000            reported
 0.884 0.0000000 0.0000000 0.0000000             nominal
 0.972 1.0000000 0.0000000 0.0000000            reported
 0.972 1.0000000 0.0000000 0.0000000            reported
 0.674 0.0000000 1.0000000 1.0000000 nominal+x10+x10.764
 0.983 0.8857143 0.0000000 0.0000000            reported
 0.819 0.0000000 1.0000000 1.0000000                    
 0.643 0.0000000 0.9117647 1.0000000 nominal+x10+x10.764
 0.642 0.0000000 1.0000000 1.0000000         x10+x10.764
 0.971 0.0000000 0.0000000 0.0000000            reported
 0.952 0.0000000 1.0000000 1.0000000                  x2
 1.187 0.0000000 0.0000000 0.0000000                    
 0.962 0.0000000 0.0000000 0.0000000            reported
 0.958 0.0000000 1.0000000 0.6666667                  x2
 0.662 0.0000000 1.0000000 1.0000000 nominal+x10+x10.764
 0.985 0.0000000 0.0000000 0.0000000                    
 0.988 1.0000000 0.0000000 0.0000000                    
 0.638 0.0000000 1.0000000 1.0000000 nominal+x10+x10.764
 0.982 0.7647059 0.0000000 0.0000000            reported
 0.963 1.0000000 0.0000000 0.0000000            reported
 0.911 0.0000000 0.0000000 0.0000000             nominal
 0.650 0.0000000 1.0000000 1.0000000 nominal+x10+x10.764
 0.929 1.0000000 0.0000000 0.0000000          nominal+x2
 0.973 0.0000000 0.0000000 0.0000000            reported
 0.885 1.0000000 0.0000000 0.0000000                    
 0.964 1.0000000 0.0000000 0.0000000            reported
 0.963 0.0000000 1.0000000 1.0000000            reported
 0.656 0.0000000 1.0000000 1.0000000 nominal+x10+x10.764
 0.908 1.0000000 0.0000000 0.0000000                    
 0.891 0.0000000 0.0000000 0.0000000             nominal
 0.647 0.0000000 1.0000000 1.0000000 nominal+x10+x10.764
 0.977 0.0000000 0.0000000 0.0000000            reported
 0.973 0.0000000 0.0000000 0.0000000            reported
 0.834 1.0000000 0.0000000 0.0000000                    
 0.962 0.0000000 0.0000000 0.0000000            reported
 0.979 0.0000000 0.0000000 0.0000000            reported
 0.978 0.0000000 0.0000000 0.0000000            reported
 0.973 0.0000000 0.0000000 0.0000000            reported
 0.966 0.0000000 0.0000000 0.0000000            reported
 0.978 0.0000000 0.0000000 0.0000000            reported
 0.973 0.0000000 0.0000000 0.0000000            reported
 0.972 0.0000000 0.0000000 0.0000000            reported
 0.972 0.0000000 0.0000000 0.0000000            reported
 0.970 0.0000000 0.0000000 0.0000000            reported
 0.982 0.0000000 0.0000000 0.0000000            reported
 0.974 0.0000000 0.0000000 0.0000000            reported
 0.980 0.0000000 0.0000000 0.0000000            reported
 0.984 0.0000000 0.0000000 0.0000000            reported
 0.965 0.0000000 0.0000000 0.0000000                    
 0.968 0.0000000 0.0000000 0.0000000            reported
 0.972 0.0000000 0.0000000 0.0000000            reported
 0.974 0.0000000 0.0000000 0.0000000            reported
 0.969 0.0000000 0.0000000 0.0000000            reported
 0.984 0.0000000 0.0000000 0.0000000            reported
 0.986 0.0000000 0.0000000 0.0000000                    
 0.988 0.0000000 0.0000000 0.0000000                    
 0.988 0.0000000 0.0000000 0.0000000                    
 0.986 0.0000000 0.0000000 0.0000000                    
 0.986 0.0000000 0.0000000 0.0000000                    
 0.982 0.0000000 0.0000000 0.0000000            reported
 0.982 0.0000000 0.0000000 0.0000000            reported
 0.972 0.0000000 0.0000000 0.0000000            reported
 0.964 1.0000000 0.0000000 0.0000000            reported
 0.787 1.0000000 0.0000000 0.0000000                 x10

== infrared census outside the band: 56 frames; near_upper 25 (bci9), terrain 31 (bc5312, bci12) ==
BW/colour terrain census: 4773 frames on 216 rolls; the random draw's 12 of 2500 are all in it
A2: of 300 terrain roll-heights, 176 fit nominal (2380 frames), 32 cannot fit the catalogued height (472), 92 go to the logbook (1952 frames, 69 rolls)
logbook pages for 9 rolls: 0 fetched or cached, 0 failed
This object has 14601 records and requires 2 paginated requests to complete.
Retrieving data
Parsing data
terrain rolls sent to the logbook: 69; pages the catalogue links 202, all cached and transcribed

== logbook controls (catalogue values withheld from the reader) ==
 film_roll frames_final log_ft log_focal
    bc7349        1-217  20000        NA
   bc78065         1-37  24000       153
   bc78065        38-61   1350       153
   bc78065       62-270  13000       153
    bcc228        1-166  12650       305
    bcc228      177-218  14000       305

== #54 slipped: 1589 frames on 13 rolls ==
 film_roll photo_year flying_height airp_id off_x10 off_xK
   bc78065       1978          4115      24      50     46
   bc78078       1978          9449      15       0     20
   bc79027       1979         19995      10      40      6
   bc79103       1979         21946      24       0     11
    bc5596       1974         26212       8       0     11
  bcc00085       2000         54860      68       1     21
  bcc00085       2000         56390     127       1     12
  bcc00085       2000         57910      41       1     49
  bcb98013       1998         97924       1      27     47

== near_upper beyond the band: 252 frames on 53 rolls ==

== lower tail against the logbooks, per roll-height ==
  tail film_roll photo_year flying_height focal_length scale_n   n n_logbook
 lower   bc79122       1979           640          305   20000 149       149
 lower    bc7584       1974           609          305   20000 124       124
 lower   bc79086       1979          6325          305   60000 107       107
 lower   bc80001       1980          1524          305   10000 106       106
 lower    bc5697       1975           457          153    6000 102       102
 lower    bc7280       1970            60          305   16000 101       101
 lower    bcc162       1977          2438          305   16000  86        86
 lower   bc79209       1979          7620          305   50000  85        34
 lower    bc7717       1975          1676          305   12500  84        84
 lower    bc7675       1974           609          305   16000  84        34
 lower   bc79067       1979          4968          305   50000  60        55
 lower   bc81013       1981           823          153   40000  59        59
 lower   bc77032       1977           701          610   10000  54        54
 lower   bc78104       1978          1295          153   20000  52         0
 lower   bc79067       1979          4770          305   50000  47        47
 lower    bc5224       1966          1082          153   15840  46        46
 lower    bc7717       1975          1829          305   12500  43        43
 lower    bc5651       1975           701          153   31680  41        41
 lower   bc78151       1978          1295          153   20000  35        35
 lower    bc5628       1974          1371          153   80000  35        35
 lower   bc85036       1985           686          305   15000  34        34
 lower   bc87070       1987           396          153   23000  34         0
 lower    bc7692       1974          4511          305   63360  31        31
 lower    bc5524       1973           243          153   12000  30         0
 lower    bc5598       1974             2          153   16000  29         0
 lower    bc5524       1973           304          153   12000  21         0
 lower    bc5524       1973           274          153   12000  18         0
 lower    bc5597       1974           777          153   12000  18        18
 lower    bc7211       1969          4877          305   32000  18        18
 lower   bc81027       1981           732          153   40000  18        18
 lower   bc88054       1988           655          305   15000  17        17
 lower   bc78105       1978          1295          153   20000  17        17
 lower    bc5097       1964          2012          153   31680  15         1
 lower    bcc401       1986          1219          305   10000  12        12
 lower   bc81026       1981           762          305    5000  11        11
 lower    bcc822       1988           701          305   15000  11         0
 lower    bc7703       1975          1561          305   20000  10        10
 lower   bc79067       1979          5624          305   50000  10        10
 lower    bc5536       1973           731          153   12000   9         9
 lower    bc5655       1975          1158          153   75062   9         9
 lower    bc5593       1974          1066          153   15000   8         8
 lower    bc7835       1976           640          305   20000   8         8
 lower   bc79067       1979          5067          305   50000   8         8
 lower   bc77014       1977           853          153   50000   7         7
 lower    bc5280       1968           457          153    6000   3         3
 lower    bc5449       1971           609          153   15000   3         3
 lower    bc5097       1964          2073          153   31680   1         1
 lower  bcc94147       1994          5511          305   52000   1         1
 n_named n_conflict n_uninterpreted n_unspanned factor n_agree log_ft height_m
     149          0               0           0     10     149  21000   6400.8
     124          0               0           0     10     124  20000   6096.0
     107          0               0           0      1     107  20750   6324.6
     106          0               0           0      1     106   5000   1524.0
     102          0               0           0      1     102   1500    457.2
     101          0               0           0    100     101  20000   6096.0
      86          0               0           0      1      86   8000   2438.4
      34         51               0           0      1      34  25000   7620.0
      84          0               0           0      1      84   5500   1676.4
      34          0               0          50     10      34  20200   6157.0
      55          5               0           0      1      55  16300   4968.2
      59          0               0           0     10      59  27000   8229.6
      54          0               0           0     10      54  23000   7010.4
       0          0               0          52     NA       0     NA       NA
      47          0               0           0      1      47  15650   4770.1
      46          0               0           0      1      46   3550   1082.0
      43          0               0           0      1      43   6000   1828.8
      41          0               0           0     10      41  23000   7010.4
      35          0               0           0      1      35   4250   1295.4
      35          0               0           0     10      35  45000  13716.0
      34          0               0           0     10      34  22500   6858.0
       0          0              34           0     NA       0     NA       NA
      31          0               0           0      1      31  14800   4511.0
       0          0              30           0     NA       0     NA       NA
       0         29               0           0     NA       0     NA       NA
       0          0              21           0     NA       0     NA       NA
       0          0              18           0     NA       0     NA       NA
      18          0               0           0      1      18   2550    777.2
      18          0               0           0      1      18  16000   4876.8
      18          0               0           0     10      18  24000   7315.2
      17          0               0           0     10      17  21500   6553.2
      17          0               0           0      1      17   4250   1295.4
       1          0               0          14      1       1   6600   2011.7
       0          0               0           0     NA       0     NA       NA
      11          0               0           0      1      11   2500    762.0
       0          0              11           0     NA       0     NA       NA
      10          0               0           0      1      10   5120   1560.6
      10          0               0           0      1      10  18450   5623.6
       9          0               0           0      1       9   2400    731.5
       9          0               0           0      1       9   3800   1158.2
       0          0               0           0     NA       0     NA       NA
       8          0               0           0     10       8  21000   6400.8
       8          0               0           0      1       8  16625   5067.3
       7          0               0           0     10       7  28000   8534.4
       3          0               0           0      1       3   1500    457.2
       3          0               0           0      1       3   2000    609.6
       0          0               0           0     NA       0     NA       NA
       0          0               0           0     NA       0     NA       NA
 focal_logbook n_focal_conflict n_scale_read n_scale_same n_scale_double
           305                0            0            0              0
           305                0            0            0              0
            85              107            0            0              0
           153              106            0            0              0
           153                0            0            0              0
                              0            0            0              0
           153               86            0            0              0
           153               34            0            0              0
           305                0            0            0              0
                              0            0            0              0
                              0            0            0              0
           153                0            0            0              0
           610                0            0            0              0
                              0            0            0              0
                              0            0            0              0
           153                0            0            0              0
           305                0            0            0              0
           153                0            0            0              0
           153                0            0            0              0
                              0            0            0              0
           305                0            0            0              0
                              0            0            0              0
           305                0            0            0              0
                              0            0            0              0
                              0            0            0              0
                              0            0            0              0
                              0            0            0              0
           153                0            0            0              0
           305                0            0            0              0
           153                0            0            0              0
       304.497                0           17           17              0
           153                0            0            0              0
           153                0            0            0              0
           304                0            0            0              0
           153               11            0            0              0
                              0            0            0              0
           305                0            0            0              0
                              0            0            0              0
           153                0            0            0              0
           153                0            0            0              0
           153                0            0            0              0
           305                0            0            0              0
                              0            0            0              0
           153                0            0            0              0
           153                0            0            0              0
                              0            0            0              0
           153                0            0            0              0
       304.032                0            1            1              0
 p_nominal n_base p_corrected r_corrected
 0.6057960    149  0.61824573  1.03865574
 0.7164880    124  0.64749221  0.80460656
 0.5922136    107 -0.42925815  0.28334426
 0.6179573    106  0.21089942  0.48772131
 0.8156690    102  0.61916965  0.48676471
 0.6285635    101  0.65211280  1.07260246
 0.6294049     86  0.01717873  0.38148566
 0.7999587     34  0.60328011  0.49922951
 0.8489399     84  0.62837589  0.40861639
 0.6173078     34  0.61549303  1.03143648
 0.5891092     55 -0.45991138  0.28185836
 0.5727613     59  0.64289321  1.17571895
 0.6572762     54  0.60761162  0.90510656
 0.9226891      0          NA          NA
 0.6109918     47 -0.34831497  0.28110295
 0.8681782     46  0.61367968  0.33267314
 0.8581727     43  0.65588955  0.40506230
 0.5765568     41  0.64006258  1.12117911
 0.9253782     35  0.66777047  0.21970588
 0.7823221     35  0.80525976  1.11240196
 0.5326419     34  0.60602308  1.17594536
 0.6871786      0          NA          NA
 0.9290309     31  0.63926469  0.19656297
 0.9319599      0          NA          NA
 0.8703085      0          NA          NA
 0.9331181      0          NA          NA
 0.9334526      0          NA          NA
 0.9376603     18  0.44835533  0.11344771
 0.9354487     16  0.79260135  0.31169057
 0.6337915     18  0.63069785  1.02571895
 0.5725574     17  0.60233348  1.07197814
 0.9214287     17  0.63702289  0.21647059
 0.8337933      1  0.58503399  0.39044035
 0.6453345      0          NA          NA
 0.6200388     11  0.22824507  0.49232787
 0.5752591      0          NA          NA
 0.9274063     10  0.61847113  0.19027475
 0.5547914     10 -0.56378702  0.28459082
 0.8478572      9  0.60401714  0.38443355
 0.9604421      9  0.58588375  0.09552365
 0.5431954      0          NA          NA
 0.6302267      8  0.62854660  0.99472951
 0.6157255      8 -0.37873705  0.27878689
 0.6572296      7  0.61371488  0.88735948
 0.1212811      3 -0.96843334  0.44640523
 0.8916810      3  0.58547255  0.26130719
 0.8337211      0          NA          NA
 0.2163027      0          NA          NA

== upper tail against the logbooks, per roll-height ==
  tail film_roll photo_year flying_height focal_length scale_n   n n_logbook
 upper  bcc00085       2000         56390          305   15000 127       127
 upper  bcc00085       2000         54860          305   15000  68        68
 upper  bcc00085       2000         57910          305   15000  41        41
 upper   bc78065       1978          4115          153    2000  24        24
 upper   bc79103       1979         21946          153   10000  24        24
 upper   bc78078       1978          9449          153    6000  15        15
 upper   bc79027       1979         19995          153   13000  10        10
 upper    bc5596       1974         26212          153   12000   8         0
 upper  bcb98013       1998         97924          153   40000   1         1
 n_named n_conflict n_uninterpreted n_unspanned factor n_agree log_ft height_m
     127          0               0           0    0.1     127  18500   5638.8
      68          0               0           0    0.1      68  18000   5486.4
      41          0               0           0    0.1      41  19000   5791.2
      24          0               0           0    0.1      24   1350    411.5
      24          0               0           0    0.1      24   7200   2194.6
      15          0               0           0    0.1      15   3100    944.9
      10          0               0           0    0.1      10   6500   1981.2
       0          0               0           8     NA       0     NA       NA
       0          0               0           0     NA       0     NA       NA
 focal_logbook n_focal_conflict n_scale_read n_scale_same n_scale_double
           305                0          127          127              0
           305                0           68           68              0
           305                0           41           41              0
           153                0            0            0              0
           153                0            0            0              0
           153                0            0            0              0
           153                0            0            0              0
                              0            0            0              0
           153                0            1            0              0
 p_nominal n_base p_corrected r_corrected
 0.6104899    127   0.6173478   1.0259454
 0.6136976     68   0.6174424   1.0258907
 0.6117494     41   0.6309437   1.0516503
 0.5881930     24   0.5936444   0.9749346
 0.6439511     24   0.6439289   1.0305294
 0.6322433     15   0.6221966   0.9567320
 0.8261566     10   0.8189711   0.9603318
 0.6355585      0          NA          NA
 0.6135169      0          NA          NA

== near_upper tail against the logbooks, per roll-height ==
       tail film_roll photo_year flying_height focal_length scale_n  n
 near_upper      bci9       1976          5944          305    8000 25
 near_upper    bc5509       1972          6553          153   16000 17
 near_upper    bc5701       1975          1875          153    6000 15
 near_upper    bc5508       1972          6553          153   16000 13
 near_upper   bc78051       1978          6858          153   20000 13
 near_upper   bc80048       1980          6553          153   20000 11
 near_upper   bc79072       1979          7925          153   20000  9
 near_upper    bc5699       1975          1875          153    6000  8
 near_upper    bc5702       1975          1875          153    6000  8
 near_upper   bc80122       1980          4115          153   10000  8
 near_upper   bc85080       1985          6401          305   10000  7
 near_upper    bc5138       1965          5486          153   16000  7
 near_upper    bc5642       1975          1859          153    6000  6
 near_upper    bc5644       1975          1859          153    6000  6
 near_upper    bc5648       1975          1859          153    6000  6
 near_upper    bc7407       1972          5029          153   15000  6
 near_upper   bc79195       1979          7010          153   20000  6
 near_upper   bc81012       1981          7925          153   20000  6
 near_upper    bc7223       1969          1249          305    2000  5
 near_upper   bc78009       1978          2286          153    5000  5
 near_upper    bc7716       1975          3810          305    5000  5
 near_upper   bc79127       1979          5895          153   15840  5
 near_upper   bc79131       1979          5590          153   16000  5
 near_upper   bc78153       1978          7468          153   20000  5
 near_upper   bc79029       1979          1676          153    5000  4
 near_upper   bc79141       1979          8230          153   25000  4
 near_upper    bc5689       1975          1859          153    6000  3
 near_upper    bc7454       1973          2438          153    6000  3
 near_upper    bc5709       1976          3024          153    7920  3
 near_upper   bc85081       1985          6401          305   10000  3
 near_upper    bc5510       1972          6553          153   16000  3
 near_upper   bc80018       1980          6401          153   20000  3
 near_upper   bc79026       1979          7620          153   20000  3
 near_upper   bc79075       1979          5029           88   25000  3
 near_upper   bc80006       1980          1585          153    5000  2
 near_upper   bc79043       1979          1676          153    5000  2
 near_upper   bc78009       1978          2134          153    5000  2
 near_upper    bc5645       1975          1859          153    6000  2
 near_upper    bc5667       1975          1890          153    6000  2
 near_upper   bc85079       1985          6401          305   10000  2
 near_upper   bc77013       1977          7315          153   20000  2
 near_upper   bc78101       1978          7315          153   20000  2
 near_upper   bc79026       1979          7468          153   20000  2
 near_upper   bc79058       1979          7468          153   20000  2
 near_upper   bc77115       1977          7620          153   20000  2
 near_upper   bc79058       1979          7620          153   20000  2
 near_upper   bc80122       1980          7925          153   20000  2
 near_upper   bc79039       1979           777          153    2000  1
 near_upper   bc78110       1978          1554          153    5000  1
 near_upper   bc80005       1980          1585          153    5000  1
 near_upper   bc78009       1978          1829          153    5000  1
 near_upper    bc5650       1975          1859          153    6000  1
 near_upper    bc7692       1974          4450          305    7200  1
 near_upper    bcc544       1986          6096          305    8000  1
 near_upper   bc84029       1984          6401          305   10000  1
 near_upper    bc5665       1975          4115          153   12000  1
 near_upper    bc5507       1972          4267          153   12000  1
 near_upper    bc5494       1972          6400          153   16000  1
 near_upper   bc78028       1978          6919          153   20000  1
 n_logbook n_named n_conflict n_uninterpreted n_unspanned factor n_agree log_ft
        25      25          0               0           0      1      25  19500
        17      17          0               0           0      1      17  21500
        15      15          0               0           0      1      15   6150
        13      13          0               0           0      1      13  21500
        13      13          0               0           0      1      13  22500
        11      11          0               0           0      1      11  21500
         9       9          0               0           0      1       9  26000
         8       8          0               0           0      1       8   6150
         8       8          0               0           0      1       8   6150
         8       8          0               0           0      1       8  13500
         7       7          0               0           0      1       7  21000
         7       7          0               0           0      1       7  18000
         6       6          0               0           0      1       6   6100
         6       6          0               0           0      1       6   6100
         6       6          0               0           0      1       6   6100
         6       6          0               0           0      1       6  16500
         6       6          0               0           0      1       6  23000
         6       0          0               0           0     NA       0     NA
         0       0          0               5           0     NA       0     NA
         5       5          0               0           0      1       5   7500
         5       5          0               0           0      1       5  12500
         5       5          0               0           0      1       5  19340
         5       5          0               0           0      1       5  18340
         5       5          0               0           0      1       5  24500
         0       0          0               0           4     NA       0     NA
         4       4          0               0           0      1       4  27000
         3       3          0               0           0      1       3   6100
         3       3          0               0           0      1       3   8000
         3       3          0               0           0      1       3   9920
         3       3          0               0           0      1       3  21000
         3       3          0               0           0      1       3  21500
         3       3          0               0           0      1       3  21000
         3       3          0               0           0      1       3  25000
         3       3          0               0           0      1       3  16500
         2       2          0               0           0      1       2   5200
         2       2          0               0           0      1       2   5500
         2       2          0               0           0      1       2   7000
         2       2          0               0           0      1       2   6100
         2       2          0               0           0      1       2   6200
         2       2          0               0           0      1       2  21000
         2       2          0               0           0      1       2  24000
         2       2          0               0           0      1       2  24000
         2       2          0               0           0      1       2  24500
         2       2          0               0           0      1       2  24500
         2       2          0               0           0      1       2  25000
         2       2          0               0           0      1       2  25000
         2       2          0               0           0      1       2  26000
         1       1          0               0           0      1       1   2550
         1       1          0               0           0      1       1   5100
         1       1          0               0           0      1       1   5200
         1       1          0               0           0      1       1   6000
         1       1          0               0           0      1       1   6100
         1       1          0               0           0      1       1  14600
         1       0          0               0           0     NA       0     NA
         1       0          0               0           0     NA       0     NA
         1       1          0               0           0      1       1  13500
         1       1          0               0           0      1       1  14000
         1       1          0               0           0      1       1  21000
         1       1          0               0           0      1       1  22700
 height_m focal_logbook n_focal_conflict n_scale_read n_scale_same
   5943.6           305                0            0            0
   6553.2                              0            0            0
   1874.5           153                0            0            0
   6553.2                              0            0            0
   6858.0           305               13            0            0
   6553.2           153                0            0            0
   7924.8           305                9            0            0
   1874.5           153                0            0            0
   1874.5           153                0            0            0
   4114.8           305                8            0            0
   6400.8           305                0            0            0
   5486.4           153                0            0            0
   1859.3           153                0            0            0
   1859.3           153                0            0            0
   1859.3                              0            0            0
   5029.2                              0            0            0
   7010.4           305                6            0            0
       NA           153                0            0            0
       NA                              0            0            0
   2286.0           305                5            0            0
   3810.0           305                0            0            0
   5894.8           305                5            0            0
   5590.0           305                5            0            0
   7467.6           305                5            0            0
       NA                              0            0            0
   8229.6           153                0            0            0
   1859.3           153                0            0            0
   2438.4                              0            0            0
   3023.6           153                0            0            0
   6400.8           305                0            0            0
   6553.2                              0            0            0
   6400.8           305                3            0            0
   7620.0           305                3            0            0
   5029.2            85                0            0            0
   1585.0           305                2            0            0
   1676.4           305                2            0            0
   2133.6           305                2            0            0
   1859.3                              0            0            0
   1889.8           153                0            0            0
   6400.8           305                0            0            0
   7315.2           305                2            0            0
   7315.2           305                2            0            0
   7467.6           305                2            0            0
   7467.6           305                2            0            0
   7620.0           305                2            0            0
   7620.0           305                2            0            0
   7924.8           305                2            0            0
    777.2           153                0            0            0
   1554.5           153                0            0            0
   1585.0           153                0            0            0
   1828.8           305                1            0            0
   1859.3                              0            0            0
   4450.1           305                0            0            0
       NA           305                0            0            0
       NA           304                0            0            0
   4114.8           153                0            0            0
   4267.2                              0            0            0
   6400.8                              0            0            0
   6919.0           305                1            0            0
 n_scale_double  p_nominal n_base p_corrected r_corrected
              0  0.2281985     25   0.6197645    2.029959
              0  0.1074448     17   0.5759980    2.153064
              0  0.2062450     15   0.6019503    1.978671
              0  0.1309150     13   0.5797985    2.062623
              0  0.5764937     13   0.7788116    1.914085
              0  0.7891393     11   0.8896543    1.841503
              0  0.6542583      9   0.8327232    2.082157
              0  0.2181680      8   0.6097596    2.024967
              0  0.2107103      8   0.5984099    2.027200
              0  0.5847150      8   0.7971385    2.090327
              0  0.3029821      7   0.6183364    1.815475
              0  0.3988653      7   0.7231616    2.219077
              0  0.2570108      6   0.6268968    2.000577
              0  0.2334229      6   0.5999698    1.912179
              0  0.2425980      6   0.6254126    2.021492
              0  0.6269777      6   0.8284513    2.185294
              0  0.6905174      6   0.8377123    1.903742
              0  0.6497796      0          NA          NA
              0  0.4584241      0          NA          NA
              0  0.6589057      5   0.8186453    1.829804
              0  0.1019797      5   0.4942471    1.884525
              0  0.6146162      5   0.8142667    2.074847
              0  0.6143931      5   0.8165572    2.103608
              0  0.6204957      5   0.8213434    2.098562
              0  0.6667906      0          NA          NA
              0  0.3889744      4   0.6823323    1.877294
              0  0.2473604      3   0.6144646    1.950414
              0  0.8615011      3   0.9317871    2.070370
              0  0.1761336      3   0.5967191    2.042909
              0  0.2811634      3   0.5809724    1.680033
              0  0.1130959      3   0.5889351    2.094649
              0  0.6357595      3   0.8125409    1.943039
              0  0.6424019      3   0.8374554    2.200000
              0  0.2206119      3   0.5369805    1.778136
              0  0.6680417      2   0.8385211    2.054980
              0  0.5072790      2   0.7718848    2.160784
              0  0.6612986      2   0.8097316    1.784379
              0  0.2520863      2   0.6127873    1.929390
              0 -0.5245543      2   0.1566206    1.846307
              0  0.3810748      2   0.6319905    1.686492
              0  0.5325660      2   0.7849840    2.173039
              0  0.5906579      2   0.7962269    2.005768
              0  0.6232073      2   0.8224166    2.121291
              0  0.6386058      2   0.8233472    2.046422
              0  0.5831093      2   0.8064448    2.154134
              0  0.6531796      2   0.8214193    1.943252
              0  0.6089153      2   0.8137820    2.107059
              0  0.2125152      1   0.6883225    2.526601
              0  0.2708220      1   0.6324998    1.984157
              0  0.6212521      1   0.8122289    2.017072
              0  0.8133026      1   0.8934471    1.752157
              0  0.1754289      1   0.5928767    2.025359
              0  0.3853213      1   0.6277017    1.651038
              0  0.7518388      0          NA          NA
              0  0.6857903      0          NA          NA
              0  0.2879006      1   0.6677642    2.143355
              0  0.2712475      1   0.6177609    1.906536
              0  0.1689849      1   0.5946429    2.050082
              0  0.6269300      1   0.7951474    1.821163

== terrain tail against the logbooks, per roll-height ==
    tail film_roll photo_year flying_height focal_length scale_n   n n_logbook
 terrain   bc86024       1986          2591          153   16000 199         0
 terrain    bc5723       1976          1311          305    5000 135         0
 terrain   bc78107       1978          7925          305   40000 129         0
 terrain   bc77110       1977          2835          153   12000 119       119
 terrain   bc79121       1979          2438          153   10000 116         0
 terrain   bc77026       1977          2042          305    6000 107        73
 terrain   bc78104       1978          2438          153   20000 106        97
 terrain   bc81120       1981          3536          153   20000  96        96
 terrain   bc83006       1983          1311          153    8000  77         0
 terrain    bcc778       1988          3810          305   15000  75         0
 terrain   bc79212       1979          1920          305    5000  73         0
 terrain    bc5598       1974          2255          153   12000  70        70
 terrain   bc78052       1978          2591          305   10000  67         0
 terrain   bc77115       1977          2286          153   10000  65        65
 terrain    bc5660       1975          3383          153   20000  62         0
 terrain   bc79012       1979          1981          305   10000  61         0
 terrain    bc5598       1974          2286          153   12000  56        41
 terrain    bcc833       1988          3810          305   15000  56         0
 terrain   bc79187       1979          1844          153   10000  55         0
 terrain   bc78128       1978          2347          305   10000  54         0
 terrain   bc82044       1982          2743          305   10000  54        54
 terrain   bc89073       1989          3048          305   15000  53         0
 terrain   bc77072       1977          1981          153   10000  52        52
 terrain   bc78059       1978          3810          305   12000  48        48
 terrain    bc7597       1974          4114          305   10000  46         0
 terrain    bc5120       1964          1920          153   10000  44        44
 terrain    bc5698       1976           610          153    6000  41         0
 terrain    bcc285       1981          1707          305    5000  39         0
 terrain    bc5595       1974          1463          153   12000  38        38
 terrain    bc5544       1973          1981          153   12000  38        38
 terrain    bc5121       1964          1676          153   10000  37        37
 terrain    bcc954       1989          3200          305   10000  37         0
 terrain    bc7598       1974          3992          305   10000  37         0
 terrain   bc78155       1978          1219          153   12000  37        37
 terrain    bc5121       1964          1737          153   10000  36        36
 terrain   bc77111       1977          2286          153   10000  36         0
 terrain    bc5595       1974          1249          153   12000  36        36
 terrain   bc81092       1981          1676          153   10000  35         0
 terrain   bc79065       1979          2286          153   10000  35         0
 terrain   bc77087       1977          1920          153   12000  35        30
 terrain    bcc103       1974          2438          305    6000  34         0
 terrain    bcc544       1986          1737          305    8000  34        34
 terrain    bc7566       1974          1828          305    6000  33         0
 terrain    bc5541       1973           975          153    4800  32        15
 terrain    bc5602       1974          2743          153   16000  32        32
 terrain   bc77046       1977          1615          153   10000  31        31
 terrain   bc78033       1978          1676          153   10000  30         0
 terrain    bcc948       1989          3200          305   10000  28         0
 terrain    bc5295       1968          2286          153   12000  28        28
 terrain    bc5544       1973          2773          153   12000  28        28
 terrain    bc5595       1974          2651          153   16000  28        15
 terrain    bc5277       1967          2896          153   16000  27         0
 terrain    bc5714       1976           945          153    9840  26         0
 terrain   bc81026       1981          2560          305   10000  26        26
 terrain    bc5561       1973          2316          153   12000  26        26
 terrain    bc5295       1968          2499          153   12000  26        26
 terrain   bc81089       1981          1676          153   10000  25         0
 terrain    bcc812       1988          3810          305   15000  25         0
 terrain    bcc195       1978          2438          153   25000  25         0
 terrain   bc79114       1979          2286          153   10000  24         0
 terrain   bc84032       1984          1981          153   16000  23         0
 terrain   bc81089       1981          3109          153   20000  23         0
 terrain   bc78052       1978          2438          305   10000  22         0
 terrain    bc5563       1973          1920          153   12000  22        22
 terrain    bc5295       1968          2225          153   12000  22        22
 terrain    bcc544       1986          1768          305    8000  21        21
 terrain    bc5121       1964          2103          153   10000  21        21
 terrain   bc79063       1979          2134          153   10000  21         0
 terrain    bc5321       1969          1890          153   12000  21         0
 terrain    bc5322       1969          1981          153   12000  21        21
 terrain  bcb91025       1991          2964          305   15000  21         0
 terrain    bcc813       1988          3810          305   15000  21         0
 terrain  bcb92004       1992          1921          305    5000  20        20
 terrain   bc81075       1981          1554          153   10000  20         0
 terrain    bc5295       1968          1676          153   12000  20        20
 terrain    bc5295       1968          2591          153   12000  20        20
 terrain    bc5285       1968          2438          153   15000  20        20
 terrain   bc77087       1977          1158          153    5000  19        19
 terrain    bc5635       1974          1066          153   10000  19        19
 terrain    bc5120       1964          1737          153   10000  19        19
 terrain   bc78022       1978          3658          153   20000  19        19
 terrain    bc5121       1964          1768          153   10000  18        18
 terrain   bc81052       1981          2438          153   10000  18        18
 terrain    bc5495       1972          2743          153   16000  18         0
 terrain   bc78016       1978          3200          153   20000  18        18
 terrain    bc5312       1968          3353          153   30000  17        17
 terrain   bc78128       1978          8382          305   40000  17         0
 terrain    bc5272       1967          1524          153    9600  16         0
 terrain   bc77072       1977          1829          153   10000  16        12
 terrain    bc5121       1964          2286          153   10000  16        16
 terrain    bc5120       1964          2347          153   10000  16        16
 terrain   bc82044       1982          2316          305   10000  16        16
 terrain   bc78128       1978          2438          305   10000  16         0
 terrain    bc7211       1969          3505          305   10000  16        16
 terrain    bc7598       1974          4114          305   10000  16         0
 terrain    bc5059       1963          1981          153   12000  16        16
 terrain    bc7603       1974          2712          305   12000  16        16
 terrain   bc87073       1987          3962          153   23000  16         0
 terrain    bcc544       1986          1676          305    8000  15        15
 terrain   bc82039       1982          1981          153   10000  15         0
 terrain   bc82044       1982          2347          305   10000  15         0
 terrain     bci12       1976          3682          305   15840  14        14
 terrain    bc5278       1967          2896          153   16000  14         0
 terrain    bc5121       1964          1798          153   10000  13        13
 terrain    bc5320       1969          1890          153   12000  13        13
 terrain   bc77103       1977          2286          153   10000  12         0
 terrain  bcb90027       1990          3505          305   10000  12        12
 terrain   bc78155       1978          1433          153   12000  12        12
 terrain    bc5546       1973          1828          153   12000  12         0
 terrain   bc77087       1977          1981          153   12000  12        12
 terrain    bc5295       1968          2530          153   12000  12        12
 terrain    bc5602       1974          2865          153   16000  12        12
 terrain   bc86053       1986          2865          153   16000  12         0
 terrain    bc5727       1976          3505          153   20000  12         0
 terrain    bc5353       1969          6096          153   45000  12        12
 terrain    bc7568       1974          1341          305    6000  11         0
 terrain    bc5689       1975          1524          153    8000  11        11
 terrain    bc5635       1974          1524          153   10000  11        11
 terrain    bc5120       1964          2042          153   10000  11        11
 terrain    bcc949       1989          3353          305   10000  11         0
 terrain    bc5601       1974          1828          153   12000  11        11
 terrain   bc81023       1981           792          153    5000  10         0
 terrain   bc79019       1979          2438          153   10000  10         0
 terrain    bcc948       1989          3353          305   10000  10         0
 terrain   bc77087       1977          1676          153   12000  10        10
 terrain    bc5072       1963          1890          153   12000  10         3
 terrain    bc5580       1974          1920          153   12000  10         0
 terrain    bc5602       1974          2895          153   16000  10        10
 terrain    bc5697       1975           610          153    6000   9         9
 terrain   bc81075       1981          1676          153   10000   9         0
 terrain  bcb92132       1992          1810          153   10000   9         0
 terrain   bc77057       1977          1981          153   10000   9         0
 terrain   bc79024       1979          2286          153   15000   9         9
 terrain    bc7683       1974          2438          305    6000   8         4
 terrain    bcc544       1986          1615          305    8000   8         8
 terrain    bc5635       1974          1463          153   10000   8         8
 terrain   bc78155       1978          1798          153   12000   8         8
 terrain    bc5321       1969          1981          153   12000   8         8
 terrain  bcb90017       1990          2438          153   16000   8         8
 terrain  bcb90115       1990          2438          153   16000   8         8
 terrain    bc5658       1975          3383          153   20000   8         0
 terrain   bc78025       1978          3505          153   20000   8         0
 terrain   bc87070       1987          4054          153   23000   8         8
 terrain    bc5225       1967           914          153    6000   7         4
 terrain   bc85011       1985          1067          153   10000   7         0
 terrain   bc81001       1980          1981          153   10000   7         7
 terrain   bc77103       1977          2134          153   10000   7         7
 terrain   bc89083       1989          2134          153   10000   7         7
 terrain    bc7209       1969          3505          305   10000   7         0
 terrain    bc5065       1963          1890          153   12000   7         0
 terrain   bc86103       1986          2774          153   16000   7         7
 terrain   bc87099       1987          1585          153    8000   6         0
 terrain   bc81072       1981          1615          153   10000   6         6
 terrain   bc81001       1980          1737          153   10000   6         6
 terrain   bc79070       1979          2134          153   10000   6         0
 terrain   bc82044       1982          2560          305   10000   6         6
 terrain    bcc337       1985          3871          305   10000   6         0
 terrain    bc5226       1967          1859          153   12000   6         6
 terrain    bc5060       1963          2042          153   12000   6         6
 terrain    bc5611       1974          2103          153   12000   6         0
 terrain   bc86103       1986          2804          153   16000   6         6
 terrain   bc87099       1987          3962          153   23000   6         0
 terrain   bc79016       1979           762          153    5000   5         0
 terrain   bc79039       1979           792          153    5000   5         5
 terrain   bc77070       1977          1158          153    5000   5         0
 terrain    bc5640       1974          1584          153    9600   5         0
 terrain   bc81093       1981          2057          153   10000   5         0
 terrain    bcc968       1989          3200          305   10000   5         0
 terrain    bcc954       1989          3353          305   10000   5         0
 terrain    bc7597       1974          3992          305   10000   5         0
 terrain    bc5061       1963          1981          153   12000   5         0
 terrain    bc5597       1974          2286          153   12000   5         5
 terrain  bcb91093       1991          2896          153   15000   5         5
 terrain   bc81089       1981          3353          153   20000   5         0
 terrain   bc87073       1987          3871          153   23000   5         0
 terrain   bc89026       1989          4054          153   23000   5         5
 terrain   bc79161       1979          1676          305    5000   4         0
 terrain    bc5583       1974          1226          153    8000   4         4
 terrain  bcb91008       1991          1585          153    8000   4         0
 terrain   bc89083       1989          1524          153   10000   4         4
 terrain   bc84074       1984          1829          153   10000   4         0
 terrain    bc5690       1975          1920          153   10000   4         0
 terrain   bc81024       1981          2012          153   10000   4         4
 terrain   bc79164       1979          2256          153   10000   4         4
 terrain    bcc948       1989          3658          305   10000   4         0
 terrain    bc7830       1975          4115          305   10000   4         0
 terrain   bc84001       1984          1844          153   12000   4         0
 terrain    bc5062       1963          1981          153   12000   4         0
 terrain    bc5280       1968          1829          153   16000   4         4
 terrain   bc87069       1987          2743          153   18000   4         0
 terrain    bc5692       1975          3277          153   20000   4         0
 terrain    bc5598       1974          3352          153   20000   4         4
 terrain   bc82042       1982          3505          153   20000   4         0
 terrain   bc80110       1980          2073          305    5000   3         0
 terrain   bc79012       1979          1981          305    5500   3         0
 terrain    bc7685       1974          1828          305    6000   3         0
 terrain    bc7568       1974          2590          305    8000   3         0
 terrain    bc5638       1974          1584          153    9600   3         0
 terrain   bc77011       1977          1554          153   10000   3         0
 terrain  bcb92131       1992          1810          153   10000   3         0
 terrain    bc5740       1976          1951          153   10000   3         0
 terrain    bc5313       1968          1981          153   10000   3         3
 terrain   bc81092       1981          2057          153   10000   3         0
 terrain   bc80052       1980          2073          153   10000   3         0
 terrain   bc81111       1981          2073          153   10000   3         0
 terrain   bc81105       1981          2195          153   10000   3         0
 terrain   bc84022       1984          2438          305   10000   3         0
 terrain    bcc954       1989          3505          305   10000   3         0
 terrain    bc5229       1967          1829          153   12000   3         0
 terrain    bc5060       1963          1981          153   12000   3         3
 terrain    bc5673       1975          2743          153   12000   3         0
 terrain    bc5271       1967          3200          153   15840   3         0
 terrain    bc5279       1968          1829          153   16000   3         0
 terrain   bc87070       1987          3962          153   23000   3         0
 terrain   bc87063       1987          4054          153   23000   3         0
 terrain  bcb98001       1998           951          305    3000   2         0
 terrain  bcb90008       1990          1219          153    5000   2         0
 terrain   bc79161       1979          1829          305    5000   2         0
 terrain   bc84015       1984          2286          305    5000   2         0
 terrain   bc85084       1985          1326          153    8000   2         0
 terrain   bc86059       1986          1448          153    8000   2         0
 terrain   bc79037       1979          1250          153   10000   2         0
 terrain   bc81029       1981          1554          153   10000   2         0
 terrain   bc81071       1981          1615          153   10000   2         0
 terrain   bc85010       1985          1676          153   10000   2         0
 terrain   bc77057       1977          1829          153   10000   2         0
 terrain   bc77071       1977          2225          153   10000   2         0
 terrain   bc79016       1979          2347          153   10000   2         0
 terrain  bcc90043       1990          3139          305   10000   2         0
 terrain   bc78077       1978          3200          305   10000   2         0
 terrain    bc7597       1974          4053          305   10000   2         0
 terrain      bcc4       1967          1829          153   12000   2         0
 terrain    bc5064       1963          1890          153   12000   2         0
 terrain    bc5575       1974          1920          153   12000   2         0
 terrain    bc5610       1974          2438          153   12000   2         0
 terrain    bc5715       1976          2499          153   12000   2         0
 terrain  bcb91025       1991          2934          305   15000   2         0
 terrain    bc5225       1967          2614          153   15840   2         2
 terrain    bc5274       1967          3200          153   15840   2         0
 terrain  bcb90108       1990          2560          153   16000   2         0
 terrain    bc5634       1974          2590          153   16000   2         0
 terrain    bc5610       1974          2895          153   16000   2         0
 terrain   bc79037       1979          3658          153   20000   2         0
 terrain   bc88081       1988          4267          153   23000   2         2
 terrain   bc87105       1987          4298          153   23000   2         0
 terrain    bcc325       1982           396          153    2000   1         0
 terrain    bc5761       1977           610          153    3000   1         0
 terrain  bcb94097       1994           930          305    3000   1         0
 terrain  bcb98001       1998           948          305    3000   1         0
 terrain  bcb98001       1998           949          305    3000   1         0
 terrain  bcb98001       1998           950          305    3000   1         0
 terrain    bc5715       1976           732          153    4800   1         0
 terrain    bcc136       1976          1463          305    4800   1         0
 terrain  bcb90016       1990           884          153    5000   1         0
 terrain   bc80141       1980           914          153    5000   1         0
 terrain  bcb91009       1991          1219          153    5000   1         0
 terrain  bcc90027       1990          1524          305    5000   1         0
 terrain   bc87019       1987          1585          305    5000   1         0
 terrain   bc81040       1981          1707          305    5000   1         0
 terrain   bc85016       1985          1707          305    5000   1         0
 terrain    bcc217       1979          1859          305    5000   1         1
 terrain    bc5695       1975           945          153    6000   1         0
 terrain    bc5602       1974          1219          153    6000   1         1
 terrain    bc7596       1974          2346          305    6000   1         0
 terrain    bc5656       1975          1646          153    7992   1         0
 terrain   bc85084       1985          1311          153    8000   1         0
 terrain   bc87103       1987          1707          153    8000   1         0
 terrain   bc87103       1987          1768          153    8000   1         0
 terrain   bc89027       1989          1768          153    8000   1         0
 terrain   bc88002       1988          1829          153    8000   1         0
 terrain    bc5635       1974          1859          153    9600   1         1
 terrain   bc84053       1984          1402          153   10000   1         0
 terrain   bc81001       1980          1585          153   10000   1         1
 terrain   bc84074       1984          1676          153   10000   1         0
 terrain   bc78050       1978          2012          153   10000   1         0
 terrain   bc79128       1979          2073          153   10000   1         0
 terrain    bc5326       1969          2286          153   10000   1         0
 terrain    bcc454       1986          3658          305   10000   1         0
 terrain   bc84001       1984          1737          153   12000   1         0
 terrain   bc77078       1977          1859          153   12000   1         0
 terrain    bc5574       1974          1920          153   12000   1         0
 terrain    bc5064       1963          1951          153   12000   1         0
 terrain    bc5599       1974          1981          153   12000   1         0
 terrain    bc5592       1974          2072          153   12000   1         0
 terrain    bc5574       1974          2225          153   12000   1         0
 terrain   bc81002       1981          2286          153   12000   1         0
 terrain  bcb92031       1992          2622          153   12000   1         0
 terrain    bc5650       1975          2057          153   12500   1         1
 terrain  bcb91002       1991          2743          153   15000   1         0
 terrain    bc5287       1968          2438          153   15840   1         0
 terrain    bc5744       1976          3353          153   15840   1         0
 terrain    bc5596       1974          2529          153   16000   1         0
 terrain   bc79173       1979          3200          153   20000   1         0
 terrain   bc80051       1980          3505          153   20000   1         1
 terrain   bc79206       1979          3597          153   20000   1         0
 n_named n_conflict n_uninterpreted n_unspanned factor n_agree log_ft height_m
       0          0               0           0     NA       0     NA       NA
       0          0               0           0     NA       0     NA       NA
       0          0               0           0     NA       0     NA       NA
     119          0               0           0      1     119   9300   2834.6
       0          0               0           0     NA       0     NA       NA
      73          0               0          34      1      73   6700   2042.2
      97          0               0           9      1      97   8000   2438.4
      96          0               0           0      1      96  11600   3535.7
       0          0               0           0     NA       0     NA       NA
       0          0               0           0     NA       0     NA       NA
       0          0               0           0     NA       0     NA       NA
      70          0               0           0      1      70   7400   2255.5
       0          0               0           0     NA       0     NA       NA
      65          0               0           0      1      65   7500   2286.0
       0          0               0           0     NA       0     NA       NA
       0          0               0           0     NA       0     NA       NA
      25         15               0           0      1      25   7500   2286.0
       0          0               0           0     NA       0     NA       NA
       0          0               0           0     NA       0     NA       NA
       0          0               0           0     NA       0     NA       NA
      54          0               0           0      1      54   9000   2743.2
       0          0               0           0     NA       0     NA       NA
      52          0               0           0      1      52   6500   1981.2
      48          0               0           0      1      48  12500   3810.0
       0          0               0           0     NA       0     NA       NA
      44          0               0           0      1      44   6300   1920.2
       0          0               0           0     NA       0     NA       NA
       0          0               0           0     NA       0     NA       NA
      38          0               0           0      1      38   4800   1463.0
      38          0               0           0      1      38   6500   1981.2
      37          0               0           0      1      37   5500   1676.4
       0          0               0           0     NA       0     NA       NA
       0          0               0           0     NA       0     NA       NA
      37          0               0           0      1      37   4000   1219.2
      36          0               0           0      1      36   5700   1737.4
       0          0               0           0     NA       0     NA       NA
      36          0               0           0      1      36   4100   1249.7
       0          0               0           0     NA       0     NA       NA
       0          0               0           0     NA       0     NA       NA
      11          0               0           5      1      11   6300   1920.2
       0          0               0           0     NA       0     NA       NA
      34          0               0           0      1      34   5700   1737.4
       0          0               0           0     NA       0     NA       NA
      15          0              17           0      1      15   3200    975.4
      32          0               0           0      1      32   9000   2743.2
      31          0               0           0      1      31   5300   1615.4
       0          0               4          26     NA       0     NA       NA
       0          0               0           0     NA       0     NA       NA
      28          0               0           0      1      28   7500   2286.0
      28          0               0           0      1      28   9100   2773.7
      15          0               2          11      1      15   8700   2651.8
       0          0               0           0     NA       0     NA       NA
       0          0               0           0     NA       0     NA       NA
      26          0               0           0      1      26   8400   2560.3
      26          0               0           0      1      26   7600   2316.5
      26          0               0           0      1      26   8200   2499.4
       0          0               0           0     NA       0     NA       NA
       0          0               0           0     NA       0     NA       NA
       0          0              25           0     NA       0     NA       NA
       0          0               0           0     NA       0     NA       NA
       0          0               0           0     NA       0     NA       NA
       0          0               0           0     NA       0     NA       NA
       0          0               0           0     NA       0     NA       NA
      22          0               0           0      1      22   6300   1920.2
      22          0               0           0      1      22   7300   2225.0
      21          0               0           0      1      21   5800   1767.8
      21          0               0           0      1      21   6900   2103.1
       0          0               0           0     NA       0     NA       NA
       0          0               0          21     NA       0     NA       NA
      21          0               0           0      1      21   6500   1981.2
       0          0               0           0     NA       0     NA       NA
       0          0               0           0     NA       0     NA       NA
      20          0               0           0      1      20   6300   1920.2
       0          0               0           0     NA       0     NA       NA
      20          0               0           0      1      20   5500   1676.4
      20          0               0           0      1      20   8500   2590.8
      20          0               0           0      1      20   8000   2438.4
      19          0               0           0      1      19   3800   1158.2
      19          0               0           0      1      19   3500   1066.8
      19          0               0           0      1      19   5700   1737.4
      19          0               0           0      1      19  12000   3657.6
      18          0               0           0      1      18   5800   1767.8
      18          0               0           0      1      18   8000   2438.4
       0          0               0           0     NA       0     NA       NA
      18          0               0           0      1      18  10500   3200.4
      17          0               0           0      1      17  11000   3352.8
       0          0               0           0     NA       0     NA       NA
       0          0               0           0     NA       0     NA       NA
      12          0               0           4      1      12   6000   1828.8
      16          0               0           0      1      16   7500   2286.0
      16          0               0           0      1      16   7700   2347.0
       7          0               0           0      1       7   7600   2316.5
       0          0               0           0     NA       0     NA       NA
      16          0               0           0      1      16  11500   3505.2
       0          0               0           0     NA       0     NA       NA
      16          0               0           0      1      16   6500   1981.2
      16          0               0           0      1      16   8900   2712.7
       0          0               0           0     NA       0     NA       NA
      15          0               0           0      1      15   5500   1676.4
       0          0               0           0     NA       0     NA       NA
       0          0               0          15     NA       0     NA       NA
      14          0               0           0      1      14  12080   3682.0
       0          0               0           0     NA       0     NA       NA
      13          0               0           0      1      13   5900   1798.3
      13          0               0           0      1      13   6200   1889.8
       0          0               0          12     NA       0     NA       NA
      12          0               0           0      1      12  11500   3505.2
      12          0               0           0      1      12   4700   1432.6
       0          0               0          12     NA       0     NA       NA
      12          0               0           0      1      12   6500   1981.2
      12          0               0           0      1      12   8300   2529.8
      12          0               0           0      1      12   9400   2865.1
       0          0               0           0     NA       0     NA       NA
       0          0               0           0     NA       0     NA       NA
      12          0               0           0      1      12  20000   6096.0
       0          0               0           0     NA       0     NA       NA
      11          0               0           0      1      11   5000   1524.0
      11          0               0           0      1      11   5000   1524.0
      11          0               0           0      1      11   6700   2042.2
       0          0               0           0     NA       0     NA       NA
      11          0               0           0      1      11   6000   1828.8
       0          0               0           0     NA       0     NA       NA
       0          0               0           0     NA       0     NA       NA
       0          0               0           0     NA       0     NA       NA
      10          0               0           0      1      10   5500   1676.4
       3          0               0           7      1       3   6100   1859.3
       0          0               0           0     NA       0     NA       NA
      10          0               0           0      1      10   9500   2895.6
       0          0               0           0     NA       0     NA       NA
       0          0               0           0     NA       0     NA       NA
       0          0               0           0     NA       0     NA       NA
       0          0               0           0     NA       0     NA       NA
       9          0               0           0      1       9   7500   2286.0
       0          0               0           4     NA       0     NA       NA
       8          0               0           0      1       8   5300   1615.4
       8          0               0           0      1       8   4800   1463.0
       8          0               0           0      1       8   5900   1798.3
       8          0               0           0      1       8   6500   1981.2
       8          0               0           0      1       8   8000   2438.4
       8          0               0           0      1       8   8000   2438.4
       0          0               0           0     NA       0     NA       NA
       0          0               0           0     NA       0     NA       NA
       8          0               0           0      1       8  13500   4114.8
       4          0               1           2      1       4   3000    914.4
       0          0               0           0     NA       0     NA       NA
       7          0               0           0      1       7   6500   1981.2
       7          0               0           0      1       7   7000   2133.6
       7          0               0           0      1       7   7000   2133.6
       0          0               0           7     NA       0     NA       NA
       0          0               0           0     NA       0     NA       NA
       7          0               0           0      1       7   9100   2773.7
       0          0               0           0     NA       0     NA       NA
       6          0               0           0      1       6   5300   1615.4
       6          0               0           0      1       6   5700   1737.4
       0          0               0           0     NA       0     NA       NA
       6          0               0           0      1       6   8400   2560.3
       0          0               0           0     NA       0     NA       NA
       6          0               0           0      1       6   6100   1859.3
       6          0               0           0      1       6   6700   2042.2
       0          0               0           0     NA       0     NA       NA
       6          0               0           0      1       6   9200   2804.2
       0          0               0           0     NA       0     NA       NA
       0          0               0           0     NA       0     NA       NA
       5          0               0           0      1       5   2600    792.5
       0          0               0           0     NA       0     NA       NA
       0          0               0           0     NA       0     NA       NA
       0          0               0           0     NA       0     NA       NA
       0          0               0           0     NA       0     NA       NA
       0          0               0           0     NA       0     NA       NA
       0          0               0           0     NA       0     NA       NA
       0          0               0           0     NA       0     NA       NA
       5          0               0           0      1       5   7500   2286.0
       5          0               0           0      1       5   9500   2895.6
       0          0               0           0     NA       0     NA       NA
       0          0               0           0     NA       0     NA       NA
       5          0               0           0      1       5  13300   4053.8
       0          0               0           0     NA       0     NA       NA
       4          0               0           0      1       4   4025   1226.8
       0          0               0           0     NA       0     NA       NA
       4          0               0           0      1       4   5000   1524.0
       0          0               0           0     NA       0     NA       NA
       0          0               0           0     NA       0     NA       NA
       4          0               0           0      1       4   6600   2011.7
       4          0               0           0      1       4   7400   2255.5
       0          0               0           0     NA       0     NA       NA
       0          0               0           0     NA       0     NA       NA
       0          0               0           0     NA       0     NA       NA
       0          0               0           0     NA       0     NA       NA
       4          0               0           0      1       4   6000   1828.8
       0          0               0           0     NA       0     NA       NA
       0          0               0           0     NA       0     NA       NA
       4          0               0           0      1       4  11000   3352.8
       0          0               0           0     NA       0     NA       NA
       0          0               0           0     NA       0     NA       NA
       0          0               0           0     NA       0     NA       NA
       0          0               0           0     NA       0     NA       NA
       0          0               0           0     NA       0     NA       NA
       0          0               0           0     NA       0     NA       NA
       0          0               0           0     NA       0     NA       NA
       0          0               0           0     NA       0     NA       NA
       0          0               0           0     NA       0     NA       NA
       3          0               0           0      1       3   6500   1981.2
       0          0               0           0     NA       0     NA       NA
       0          0               0           0     NA       0     NA       NA
       0          0               0           0     NA       0     NA       NA
       0          0               0           0     NA       0     NA       NA
       0          0               0           0     NA       0     NA       NA
       0          0               0           0     NA       0     NA       NA
       0          0               0           0     NA       0     NA       NA
       3          0               0           0      1       3   6500   1981.2
       0          0               0           0     NA       0     NA       NA
       0          0               0           0     NA       0     NA       NA
       0          0               0           0     NA       0     NA       NA
       0          0               3           0     NA       0     NA       NA
       0          0               0           0     NA       0     NA       NA
       0          0               0           2     NA       0     NA       NA
       0          0               1           1     NA       0     NA       NA
       0          0               0           0     NA       0     NA       NA
       0          0               0           0     NA       0     NA       NA
       0          0               0           0     NA       0     NA       NA
       0          0               0           0     NA       0     NA       NA
       0          0               0           0     NA       0     NA       NA
       0          0               0           0     NA       0     NA       NA
       0          0               0           0     NA       0     NA       NA
       0          0               0           0     NA       0     NA       NA
       0          0               0           0     NA       0     NA       NA
       0          0               0           0     NA       0     NA       NA
       0          0               0           0     NA       0     NA       NA
       0          0               0           0     NA       0     NA       NA
       0          0               0           0     NA       0     NA       NA
       0          0               0           0     NA       0     NA       NA
       0          0               0           0     NA       0     NA       NA
       0          0               0           0     NA       0     NA       NA
       0          0               0           0     NA       0     NA       NA
       0          0               0           0     NA       0     NA       NA
       0          0               0           0     NA       0     NA       NA
       0          0               0           0     NA       0     NA       NA
       2          0               0           0      1       2   8575   2613.7
       0          0               0           0     NA       0     NA       NA
       0          0               0           0     NA       0     NA       NA
       0          0               0           0     NA       0     NA       NA
       0          0               0           0     NA       0     NA       NA
       0          0               0           0     NA       0     NA       NA
       2          0               0           0      1       2  14000   4267.2
       0          0               0           0     NA       0     NA       NA
       0          0               0           0     NA       0     NA       NA
       0          0               0           0     NA       0     NA       NA
       0          0               0           0     NA       0     NA       NA
       0          0               0           1     NA       0     NA       NA
       0          0               1           0     NA       0     NA       NA
       0          0               0           1     NA       0     NA       NA
       0          0               0           0     NA       0     NA       NA
       0          0               0           0     NA       0     NA       NA
       0          0               0           0     NA       0     NA       NA
       0          0               0           0     NA       0     NA       NA
       0          0               0           0     NA       0     NA       NA
       0          0               0           0     NA       0     NA       NA
       0          0               0           0     NA       0     NA       NA
       0          0               0           0     NA       0     NA       NA
       0          0               0           0     NA       0     NA       NA
       1          0               0           0      1       1   6100   1859.3
       0          0               0           0     NA       0     NA       NA
       1          0               0           0      1       1   4000   1219.2
       0          0               0           0     NA       0     NA       NA
       0          0               0           0     NA       0     NA       NA
       0          0               0           0     NA       0     NA       NA
       0          0               0           0     NA       0     NA       NA
       0          0               0           0     NA       0     NA       NA
       0          0               0           0     NA       0     NA       NA
       0          0               0           0     NA       0     NA       NA
       1          0               0           0      1       1   6100   1859.3
       0          0               0           0     NA       0     NA       NA
       1          0               0           0      1       1   5200   1585.0
       0          0               0           0     NA       0     NA       NA
       0          0               0           0     NA       0     NA       NA
       0          0               0           0     NA       0     NA       NA
       0          0               0           0     NA       0     NA       NA
       0          0               0           0     NA       0     NA       NA
       0          0               0           0     NA       0     NA       NA
       0          0               0           0     NA       0     NA       NA
       0          0               0           0     NA       0     NA       NA
       0          0               0           0     NA       0     NA       NA
       0          0               0           0     NA       0     NA       NA
       0          0               0           0     NA       0     NA       NA
       0          0               0           0     NA       0     NA       NA
       0          0               0           0     NA       0     NA       NA
       0          0               0           0     NA       0     NA       NA
       1          0               0           0      1       1   6750   2057.4
       0          0               0           0     NA       0     NA       NA
       0          0               0           0     NA       0     NA       NA
       0          0               0           0     NA       0     NA       NA
       0          0               0           1     NA       0     NA       NA
       0          0               0           0     NA       0     NA       NA
       1          0               0           0      1       1  11500   3505.2
       0          0               0           0     NA       0     NA       NA
 focal_logbook n_focal_conflict n_scale_read n_scale_same n_scale_double
                              0            0            0              0
                              0            0            0              0
                              0            0            0              0
           153                0            0            0              0
                              0            0            0              0
           305                0            0            0              0
           153                0            0            0              0
           153                0            0            0              0
                              0            0            0              0
                              0            0            0              0
                              0            0            0              0
           153                0            0            0              0
                              0            0            0              0
           153                0            0            0              0
                              0            0            0              0
                              0            0            0              0
           153                0            0            0              0
                              0            0            0              0
                              0            0            0              0
                              0            0            0              0
        152.26               54            0            0              0
                              0            0            0              0
           153                0            0            0              0
           305                0            0            0              0
                              0            0            0              0
           153                0            0            0              0
                              0            0            0              0
                              0            0            0              0
           153                0            0            0              0
           153                0            0            0              0
           153                0            0            0              0
                              0            0            0              0
                              0            0            0              0
           153                0            0            0              0
           153                0            0            0              0
                              0            0            0              0
           153                0            0            0              0
                              0            0            0              0
                              0            0            0              0
           153                0            0            0              0
                              0            0            0              0
           305                0            0            0              0
                              0            0            0              0
           153                0            0            0              0
           153                0            0            0              0
           153                0            0            0              0
                              0            0            0              0
                              0            0            0              0
           153                0            0            0              0
           153                0            0            0              0
           153                0            0            0              0
                              0            0            0              0
                              0            0            0              0
           153               26            0            0              0
                              0            0            0              0
           153                0            0            0              0
                              0            0            0              0
                              0            0            0              0
                              0            0            0              0
                              0            0            0              0
                              0            0            0              0
                              0            0            0              0
                              0            0            0              0
           153                0            0            0              0
           153                0            0            0              0
           305                0            0            0              0
           153                0            0            0              0
                              0            0            0              0
                              0            0            0              0
           153                0            0            0              0
                              0            0            0              0
                              0            0            0              0
           305                0           20           20              0
                              0            0            0              0
           153                0            0            0              0
           153                0            0            0              0
           153                0            0            0              0
           153                0            0            0              0
                              0            0            0              0
           153                0            0            0              0
           153                0            0            0              0
           153                0            0            0              0
           153                0            0            0              0
                              0            0            0              0
           153                0            0            0              0
           153                0            0            0              0
                              0            0            0              0
                              0            0            0              0
           153                0            0            0              0
           153                0            0            0              0
           153                0            0            0              0
        152.26               16            0            0              0
                              0            0            0              0
           305                0            0            0              0
                              0            0            0              0
           153                0            0            0              0
           305                0            0            0              0
                              0            0            0              0
           305                0            0            0              0
                              0            0            0              0
                              0            0            0              0
           305                0            0            0              0
                              0            0            0              0
           153                0            0            0              0
           153                0            0            0              0
                              0            0            0              0
           305                0            0            0              0
           153                0            0            0              0
                              0            0            0              0
           153                0            0            0              0
           153                0            0            0              0
           153                0            0            0              0
                              0            0            0              0
                              0            0            0              0
           153                0            0            0              0
                              0            0            0              0
           153                0            0            0              0
                              0            0            0              0
           153                0            0            0              0
                              0            0            0              0
           153                0            0            0              0
                              0            0            0              0
                              0            0            0              0
                              0            0            0              0
           153                0            0            0              0
           153                0            0            0              0
                              0            0            0              0
           153                0            0            0              0
           153                0            0            0              0
                              0            0            0              0
                              0            0            0              0
                              0            0            0              0
           153                0            0            0              0
           305                0            0            0              0
           305                0            0            0              0
                              0            0            0              0
           153                0            0            0              0
           153                0            0            0              0
       152.909                0            0            0              0
       152.909                0            0            0              0
                              0            0            0              0
                              0            0            0              0
       152.919                0            0            0              0
           153                0            0            0              0
                              0            0            0              0
           153                0            0            0              0
           153                0            0            0              0
       152.096                0            0            0              0
                              0            0            0              0
                              0            0            0              0
        152.24                0            0            0              0
                              0            0            0              0
           153                0            0            0              0
           153                0            0            0              0
                              0            0            0              0
        152.26                6            0            0              0
                              0            0            0              0
           153                0            0            0              0
           153                0            0            0              0
                              0            0            0              0
        152.24                0            0            0              0
                              0            0            0              0
                              0            0            0              0
           153                0            0            0              0
                              0            0            0              0
                              0            0            0              0
                              0            0            0              0
                              0            0            0              0
                              0            0            0              0
                              0            0            0              0
                              0            0            0              0
           153                0            0            0              0
       152.092                0            0            0              0
                              0            0            0              0
                              0            0            0              0
       152.096                0            0            0              0
                              0            0            0              0
           153                0            0            0              0
                              0            0            0              0
       152.096                0            0            0              0
                              0            0            0              0
                              0            0            0              0
           153                0            0            0              0
           153                0            0            0              0
                              0            0            0              0
                              0            0            0              0
                              0            0            0              0
                              0            0            0              0
           153                0            0            0              0
                              0            0            0              0
                              0            0            0              0
           153                0            0            0              0
                              0            0            0              0
                              0            0            0              0
                              0            0            0              0
                              0            0            0              0
                              0            0            0              0
                              0            0            0              0
                              0            0            0              0
                              0            0            0              0
                              0            0            0              0
           153                0            0            0              0
                              0            0            0              0
                              0            0            0              0
                              0            0            0              0
                              0            0            0              0
                              0            0            0              0
                              0            0            0              0
                              0            0            0              0
           153                0            0            0              0
                              0            0            0              0
                              0            0            0              0
                              0            0            0              0
                              0            0            0              0
                              0            0            0              0
                              0            0            0              0
                              0            0            0              0
                              0            0            0              0
                              0            0            0              0
                              0            0            0              0
                              0            0            0              0
                              0            0            0              0
                              0            0            0              0
                              0            0            0              0
                              0            0            0              0
                              0            0            0              0
                              0            0            0              0
                              0            0            0              0
                              0            0            0              0
                              0            0            0              0
                              0            0            0              0
                              0            0            0              0
                              0            0            0              0
                              0            0            0              0
                              0            0            0              0
                              0            0            0              0
                              0            0            0              0
           153                0            0            0              0
                              0            0            0              0
                              0            0            0              0
                              0            0            0              0
                              0            0            0              0
                              0            0            0              0
       152.091                0            0            0              0
                              0            0            0              0
                              0            0            0              0
                              0            0            0              0
                              0            0            0              0
                              0            0            0              0
                              0            0            0              0
                              0            0            0              0
                              0            0            0              0
                              0            0            0              0
                              0            0            0              0
                              0            0            0              0
                              0            0            0              0
                              0            0            0              0
                              0            0            0              0
                              0            0            0              0
                              0            0            0              0
           305                0            0            0              0
                              0            0            0              0
           153                0            0            0              0
                              0            0            0              0
                              0            0            0              0
                              0            0            0              0
                              0            0            0              0
                              0            0            0              0
                              0            0            0              0
                              0            0            0              0
                              0            0            0              0
                              0            0            0              0
           153                0            0            0              0
                              0            0            0              0
                              0            0            0              0
                              0            0            0              0
                              0            0            0              0
                              0            0            0              0
                              0            0            0              0
                              0            0            0              0
                              0            0            0              0
                              0            0            0              0
                              0            0            0              0
                              0            0            0              0
                              0            0            0              0
                              0            0            0              0
                              0            0            0              0
                              0            0            0              0
                              0            0            0              0
                              0            0            0              0
                              0            0            0              0
                              0            0            0              0
                              0            0            0              0
           153                0            0            0              0
                              0            0            0              0
  p_nominal n_base p_corrected r_corrected
 0.57679027      0          NA          NA
 0.54392682      0          NA          NA
 0.65804209      0          NA          NA
 0.79538217    119  0.61948451   0.5379847
 0.69351400      0          NA          NA
 0.41861761     73 -1.94741962   0.1990492
 0.81700366     97  0.68516985   0.5839542
 0.82281765     96  0.66623947   0.5542255
 0.63535681      0          NA          NA
 0.55234333      0          NA          NA
 0.56482645      0          NA          NA
 0.79984030     70  0.58965825   0.4863943
 0.61166289      0          NA          NA
 0.71895581     65  0.43952818   0.4934641
 0.67466030      0          NA          NA
 0.70971637      0          NA          NA
 0.80227364     25  0.58199487   0.4967865
 0.56334814      0          NA          NA
 0.61175361      0          NA          NA
 0.64679626      0          NA          NA
 0.82908527     54  0.61088590   0.4696230
 0.66148023      0          NA          NA
 0.17639366     52 -0.70523911   0.4797059
 0.85807896     48  0.76347005   0.5547541
 0.49964207      0          NA          NA
 0.82199771     44  0.65218843   0.5115948
 0.77065406      0          NA          NA
 0.68071831      0          NA          NA
 0.87422739     38  0.65874996   0.3881754
 0.80895421     38  0.57293442   0.4464869
 0.78888138     37  0.60444334   0.5127451
 0.67897395      0          NA          NA
 0.50592683      0          NA          NA
 0.76880491     37  0.56249754   0.5373638
 0.78298354     36  0.59272157   0.5334052
 0.75734471      0          NA          NA
 0.88023394     36  0.61369383   0.3130065
 0.70762007      0          NA          NA
 0.63030311      0          NA          NA
 0.80550359     11  0.30653680   0.2800327
 0.70484156      0          NA          NA
 0.76393855     34  0.59620900   0.5855574
 0.62500797      0          NA          NA
 0.78844284     15  0.63415955   0.5297658
 0.85700297     32  0.63687969   0.3712827
 0.77990096     31  0.58396165   0.5278693
 0.80575657      0          NA          NA
 0.65331141      0          NA          NA
 0.81990033     28  0.65941751   0.5240741
 0.81181933     28  0.61763791   0.4811710
 0.86326991     15  0.68573852   0.4004739
 0.70157971      0          NA          NA
 0.62628278      0          NA          NA
 0.73254685     26  0.51261422   0.5503836
 0.80903174     26  0.61788155   0.4911928
 0.83171033     26  0.61273645   0.4489706
 0.76995355      0          NA          NA
 0.60488770      0          NA          NA
 0.86477665      0          NA          NA
 0.68897368      0          NA          NA
 0.56476811      0          NA          NA
 0.68274080      0          NA          NA
 0.52576777      0          NA          NA
 0.80172469     22  0.58459240   0.4534804
 0.80127653     22  0.60014521   0.4973529
 0.78111892     21  0.62380822   0.6012459
 0.79354209     21  0.55480737   0.4673987
 0.61720880      0          NA          NA
 0.79786632      0          NA          NA
 0.78460941     21  0.57587946   0.5498366
 0.61561034      0          NA          NA
 0.53476489      0          NA          NA
 0.89375956     20  0.82421765   0.6104525
 0.70281496      0          NA          NA
 0.82608958     20  0.65975727   0.5758170
 0.80492867     20  0.62517489   0.5285131
 0.79578442     20  0.64196046   0.5789760
 0.25945096     19 -3.41700664   0.1644967
 0.77823654     19  0.58290053   0.5316993
 0.77088406     19  0.56971443   0.5313464
 0.80037277     19  0.66404921   0.5643791
 0.78416757     18  0.60258242   0.5431634
 0.83204391     18  0.68950510   0.5407516
 0.71960319      0          NA          NA
 0.80381909     18  0.66084911   0.5731536
 0.80545398     17  0.59416825   0.4734205
 0.61073658      0          NA          NA
 0.93548296      0          NA          NA
 0.23861055     12 -3.24004949   0.1620261
 0.76421332     16  0.58168771   0.5633333
 0.78827419     16  0.61353313   0.5904314
 0.68056730      7  0.30110868   0.4566164
 0.59628565      0          NA          NA
 0.84673767     16  0.71900657   0.5744754
 0.46711637      0          NA          NA
 0.78265333     16  0.60652784   0.5732298
 0.82137525     16  0.64658497   0.5016585
 0.71153453      0          NA          NA
 0.75720902     15  0.58916424   0.5818033
 0.75450028      0          NA          NA
 0.71161713      0          NA          NA
 0.80734563     14  0.61984685   0.5064237
 0.63595939      0          NA          NA
 0.78564742     13  0.54578262   0.4719085
 0.82978564     13  0.66337207   0.5202397
 0.79224829      0          NA          NA
 0.87165339     12  0.78670038   0.5990000
 0.78019885     12  0.57093664   0.5169989
 0.81934318      0          NA          NA
 0.81957750     12  0.24150318   0.2379085
 0.77916239     12  0.55633383   0.5033715
 0.85304898     12  0.60709372   0.3756822
 0.67356902      0          NA          NA
 0.75908853      0          NA          NA
 0.81574892     12  0.68600687   0.5999564
 0.79147604      0          NA          NA
 0.83488849     11  0.72222169   0.5922386
 0.83288367     11  0.69962658   0.6159477
 0.77395666     11  0.61139117   0.5816732
 0.67398338      0          NA          NA
 0.80072289     11  0.59000521   0.4833333
 0.71818017      0          NA          NA
 0.72755360      0          NA          NA
 0.69627663      0          NA          NA
 0.81367427     10 -0.06743051   0.1746460
 0.80505809      3  0.45112131   0.4273312
 0.73406092      0          NA          NA
 0.84368018     10  0.59127297   0.3835784
 0.77329356      0          NA          NA
 0.70248498      0          NA          NA
 0.91515373      0          NA          NA
 0.74023067      0          NA          NA
 0.78676928      9  0.57167962   0.5247930
 0.81124379      0          NA          NA
 0.73829851      8  0.57113037   0.6041557
 0.79753625      8  0.65608337   0.5887190
 0.74992011      8  0.59005499   0.6133279
 0.79406912      8  0.63006653   0.5547658
 0.80216177      8  0.64260751   0.5686683
 0.79031520      8  0.63572623   0.5768995
 0.67890832      0          NA          NA
 0.59172095      0          NA          NA
 0.71116796      8  0.54288854   0.6338875
 0.82595191      4  0.56183939   0.4080065
 0.56047970      0          NA          NA
 0.78921552      7  0.59919773   0.5258824
 0.68141559      7  0.46596404   0.5981699
 0.79237810      7  0.58539018   0.5005882
 0.82763975      0          NA          NA
 0.74689330      0          NA          NA
 0.89914417      7  0.82234952   0.5677206
 0.72151434      0          NA          NA
 0.79188582      6  0.55496958   0.4679346
 0.74132252      6  0.57538828   0.6087320
 0.75893031      0          NA          NA
 0.71204014      6  0.40415956   0.4832689
 0.62644795      0          NA          NA
 0.78847134      6  0.58641533   0.5502887
 0.79317155      6  0.63346273   0.5866068
 0.72346710      0          NA          NA
 0.90349331      6  0.83948037   0.6040482
 0.74508027      0          NA          NA
 0.65651494      0          NA          NA
 0.62473028      5 -0.79000708   0.2096471
 0.28225882      0          NA          NA
 0.73413864      0          NA          NA
 0.71371132      0          NA          NA
 0.73703737      0          NA          NA
 0.71971130      0          NA          NA
 0.47005772      0          NA          NA
 0.77437141      0          NA          NA
 0.67975281      5  0.45043482   0.5985839
 0.87525795      5  0.78784120   0.5868845
 0.70155513      0          NA          NA
 0.69803693      0          NA          NA
 0.78427196      5  0.65397951   0.5987042
 0.59690318      0          NA          NA
 0.80624283      4  0.60206027   0.4886193
 0.71609803      0          NA          NA
 0.78664838      4  0.57075092   0.4989869
 0.67301935      0          NA          NA
 0.68958181      0          NA          NA
 0.78303858      4  0.60810321   0.5503137
 0.78865666      4  0.65313019   0.6113529
 0.63876700      0          NA          NA
 0.69610363      0          NA          NA
 0.71633780      0          NA          NA
 0.68477489      0          NA          NA
 0.74074848      4  0.57048859   0.6035948
 0.89883104      0          NA          NA
 0.57464588      0          NA          NA
 0.76056716      4  0.58312040   0.5743464
 0.69782064      0          NA          NA
 0.70129914      0          NA          NA
 0.67013409      0          NA          NA
 0.66262697      0          NA          NA
 0.72911901      0          NA          NA
 0.68485214      0          NA          NA
 0.70007700      0          NA          NA
 0.92325691      0          NA          NA
 0.69682779      0          NA          NA
 0.78151586      3  0.62666883   0.5852288
 0.72926605      0          NA          NA
 0.72313371      0          NA          NA
 0.60818464      0          NA          NA
 0.63850070      0          NA          NA
 0.53927899      0          NA          NA
 0.66608592      0          NA          NA
 0.55461722      0          NA          NA
 0.74280816      3  0.58243643   0.6160675
 0.57155846      0          NA          NA
 0.77846746      0          NA          NA
 0.70397853      0          NA          NA
 0.76161428      0          NA          NA
 0.71237852      0          NA          NA
 0.80467101      0          NA          NA
 0.78464375      0          NA          NA
 0.41544377      0          NA          NA
 0.71753172      0          NA          NA
 0.64921609      0          NA          NA
 0.61421768      0          NA          NA
 0.73758930      0          NA          NA
 0.69778616      0          NA          NA
 0.76899998      0          NA          NA
 0.67405324      0          NA          NA
 0.67975939      0          NA          NA
 0.67821467      0          NA          NA
 0.77274046      0          NA          NA
 0.61227519      0          NA          NA
 0.70935751      0          NA          NA
 0.37314404      0          NA          NA
 0.63597087      0          NA          NA
 0.62976639      0          NA          NA
 0.59684690      0          NA          NA
 0.76614626      0          NA          NA
 0.56104178      0          NA          NA
 0.61275931      0          NA          NA
 0.63626319      2  0.38331783   0.5916848
 0.75341368      0          NA          NA
 0.73978052      0          NA          NA
 0.57936141      0          NA          NA
 0.65773977      0          NA          NA
 0.74402306      0          NA          NA
 0.81826885      2  0.70518556   0.6164393
 0.75779723      0          NA          NA
 0.07579885      0          NA          NA
 0.55369654      0          NA          NA
 0.72929757      0          NA          NA
 0.74834484      0          NA          NA
 0.80583231      0          NA          NA
 0.80583231      0          NA          NA
 0.20177139      0          NA          NA
 0.31463529      0          NA          NA
 0.76940076      0          NA          NA
 0.68039228      0          NA          NA
 0.53742332      0          NA          NA
 0.67001776      0          NA          NA
 0.71025833      0          NA          NA
 0.65842923      0          NA          NA
 0.61986442      0          NA          NA
 0.85927394      1  0.77280141   0.6193967
 0.54136138      0          NA          NA
 0.46717357      1 -2.22223099   0.1653595
 0.57743762      0          NA          NA
 0.64920925      0          NA          NA
 0.64339433      0          NA          NA
 0.64731863      0          NA          NA
 0.64638626      0          NA          NA
 0.65607427      0          NA          NA
 0.67724675      0          NA          NA
 0.71065667      1  0.53152905   0.6176334
 0.54416922      0          NA          NA
 0.65246296      1  0.42036750   0.5995817
 0.66447475      0          NA          NA
 0.58708011      0          NA          NA
 0.71931611      0          NA          NA
 0.75706266      0          NA          NA
 0.72257768      0          NA          NA
 0.65971388      0          NA          NA
 0.69592497      0          NA          NA
 0.59049834      0          NA          NA
 0.62976687      0          NA          NA
 0.70737448      0          NA          NA
 0.74003897      0          NA          NA
 0.55617422      0          NA          NA
 0.64873071      0          NA          NA
 0.72504407      0          NA          NA
 0.64553973      1  0.43157364   0.6235817
 0.60941579      0          NA          NA
 0.55290108      0          NA          NA
 0.66245327      0          NA          NA
 0.67351006      0          NA          NA
 0.69900210      0          NA          NA
 0.78368496      1  0.64464271   0.6087255
 0.76172182      0          NA          NA

== sibling witness: 5 roll-heights settled (138 frames) of 793 the logbook left ==
  tail film_roll flying_height focal_length scale_n  n sibling_rel
 lower    bc7675           609          305   16000 84         d10
 lower   bc87070           396          153   23000 34         d10
 lower    bcc822           701          305   15000 11         d10
 upper    bc5596         26212          153   12000  8         x10
 upper  bcb98013         97924          153   40000  1       digit
 sibling_frame height_m p_corrected r_corrected
           214     6096   0.6161343   1.0002664
           203     3962   0.5973144   0.7951265
           119     7010   0.6130723   1.0980984
           203     2621   0.6193174   0.9568355
            51     7924   0.6562897   1.1244444
            
             no adjacent frame at another height
  lower                                       10
  near_upper                                   0
  terrain                                      0
  upper                                        0
            
             no adjacent frame in an exact named relation
  lower                                                 6
  near_upper                                            0
  terrain                                               0
  upper                                                 1
            
             no adjacent frame in band
  lower                             36
  near_upper                         0
  terrain                            0
  upper                            463
            
             not applied: the scale is disputed, not the height
  lower                                                       0
  near_upper                                                 34
  terrain                                                   238
  upper                                                       0
           no adjacent frame at another height
lower                                      486
near_upper                                  NA
terrain                                     NA
upper                                       NA
           no adjacent frame in an exact named relation
lower                                                99
near_upper                                           NA
terrain                                              NA
upper                                                10
           no adjacent frame in band
lower                            247
near_upper                        NA
terrain                           NA
upper                           1271
           not applied: the scale is disputed, not the height
lower                                                      NA
near_upper                                                132
terrain                                                  3429
upper                                                      NA

== verdict: 120 roll-heights corrected (2958 frames), 788 excluded (5674 frames) ==
            
             height_decimal_dropped height_digit_dropped
  lower                           0                   13
  near_upper                      0                    0
  terrain                         0                    0
  upper                           7                    0
            
             height_leading_digit_added height_two_digits_dropped scale_wrong
  lower                               0                         1          11
  near_upper                          0                         0          25
  terrain                             0                         0          62
  upper                               1                         0           0
           height_decimal_dropped height_digit_dropped
lower                          NA                  640
near_upper                     NA                   NA
terrain                        NA                   NA
upper                         307                   NA
           height_leading_digit_added height_two_digits_dropped scale_wrong
lower                              NA                       101         389
near_upper                         NA                        NA         145
terrain                            NA                        NA        1375
upper                               1                        NA          NA
            
             logbook covers under half the frames
  lower                                         1
  near_upper                                    0
  terrain                                       0
  upper                                         0
            
             logbook covers under half the frames; nominal scale still applies
  lower                                                                      0
  near_upper                                                                 0
  terrain                                                                    1
  upper                                                                      0
            
             logbook height is not a named multiple of the catalogue's
  lower                                                              4
  near_upper                                                         0
  terrain                                                            0
  upper                                                              0
            
             logbook height is not a named multiple of the catalogue's; nominal scale still applies
  lower                                                                                           0
  near_upper                                                                                      3
  terrain                                                                                         3
  upper                                                                                           0
            
             logbook height or frame range not read
  lower                                           3
  near_upper                                      0
  terrain                                         0
  upper                                           0
            
             logbook height or frame range not read; nominal scale still applies
  lower                                                                        0
  near_upper                                                                   1
  terrain                                                                      5
  upper                                                                        0
            
             logbook names a different lens and spacing fits the reported height; the two disagree; nominal scale still applies
  lower                                                                                                                       0
  near_upper                                                                                                                  1
  terrain                                                                                                                     1
  upper                                                                                                                       0
            
             logbook names a different lens; nominal scale already sizes it
  lower                                                                   4
  near_upper                                                             21
  terrain                                                                 0
  upper                                                                   0
            
             logbook rows covering these frames disagree
  lower                                                2
  near_upper                                           0
  terrain                                              0
  upper                                                0
            
             logbook writes the catalogue's scale; nominal scale still applies
  lower                                                                      0
  near_upper                                                                 0
  terrain                                                                    1
  upper                                                                      0
            
             no logbook page covers these frames
  lower                                       29
  near_upper                                   0
  terrain                                      0
  upper                                        0
            
             no logbook page covers these frames; #54's 10.764 still applies
  lower                                                                    0
  near_upper                                                               0
  terrain                                                                  0
  upper                                                                  463
            
             no logbook page covers these frames; nominal scale still applies
  lower                                                                     0
  near_upper                                                                0
  terrain                                                                   4
  upper                                                                     0
            
             spacing cannot fit the catalogued height within 2%, whatever the logbook reads; nominal scale still applies
  lower                                                                                                                0
  near_upper                                                                                                           0
  terrain                                                                                                             32
  upper                                                                                                                0
            
             spacing fits nominal scale, which no logbook height changes; nominal scale still applies
  lower                                                                                             0
  near_upper                                                                                        0
  terrain                                                                                         176
  upper                                                                                             0
            
             spacing rejects the logbook's height
  lower                                         8
  near_upper                                    0
  terrain                                       0
  upper                                         0
            
             spacing rejects the logbook's height; #54's 10.764 still applies
  lower                                                                     0
  near_upper                                                                0
  terrain                                                                   0
  upper                                                                     1
            
             spacing rejects the logbook's height; nominal scale still applies
  lower                                                                      0
  near_upper                                                                 7
  terrain                                                                    9
  upper                                                                      0
            
             transcribed logbook rows reach none of these frames
  lower                                                        1
  near_upper                                                   0
  terrain                                                      0
  upper                                                        0
            
             transcribed logbook rows reach none of these frames; nominal scale still applies
  lower                                                                                     0
  near_upper                                                                                1
  terrain                                                                                   6
  upper                                                                                     0
           logbook covers under half the frames
lower                                        15
near_upper                                   NA
terrain                                      NA
upper                                        NA
           logbook covers under half the frames; nominal scale still applies
lower                                                                     NA
near_upper                                                                NA
terrain                                                                   10
upper                                                                     NA
           logbook height is not a named multiple of the catalogue's
lower                                                             22
near_upper                                                        NA
terrain                                                           NA
upper                                                             NA
           logbook height is not a named multiple of the catalogue's; nominal scale still applies
lower                                                                                          NA
near_upper                                                                                      8
terrain                                                                                        99
upper                                                                                          NA
           logbook height or frame range not read
lower                                          69
near_upper                                     NA
terrain                                        NA
upper                                          NA
           logbook height or frame range not read; nominal scale still applies
lower                                                                       NA
near_upper                                                                   5
terrain                                                                     90
upper                                                                       NA
           logbook names a different lens and spacing fits the reported height; the two disagree; nominal scale still applies
lower                                                                                                                      NA
near_upper                                                                                                                  2
terrain                                                                                                                    54
upper                                                                                                                      NA
           logbook names a different lens; nominal scale already sizes it
lower                                                                 310
near_upper                                                             82
terrain                                                                NA
upper                                                                  NA
           logbook rows covering these frames disagree
lower                                              114
near_upper                                          NA
terrain                                             NA
upper                                               NA
           logbook writes the catalogue's scale; nominal scale still applies
lower                                                                     NA
near_upper                                                                NA
terrain                                                                   20
upper                                                                     NA
           no logbook page covers these frames
lower                                       51
near_upper                                  NA
terrain                                     NA
upper                                       NA
           no logbook page covers these frames; #54's 10.764 still applies
lower                                                                   NA
near_upper                                                              NA
terrain                                                                 NA
upper                                                                 1271
           no logbook page covers these frames; nominal scale still applies
lower                                                                    NA
near_upper                                                               NA
terrain                                                                  10
upper                                                                    NA
           spacing cannot fit the catalogued height within 2%, whatever the logbook reads; nominal scale still applies
lower                                                                                                               NA
near_upper                                                                                                          NA
terrain                                                                                                            472
upper                                                                                                               NA
           spacing fits nominal scale, which no logbook height changes; nominal scale still applies
lower                                                                                            NA
near_upper                                                                                       NA
terrain                                                                                        2380
upper                                                                                            NA
           spacing rejects the logbook's height
lower                                       199
near_upper                                   NA
terrain                                      NA
upper                                        NA
           spacing rejects the logbook's height; #54's 10.764 still applies
lower                                                                    NA
near_upper                                                               NA
terrain                                                                  NA
upper                                                                    10
           spacing rejects the logbook's height; nominal scale still applies
lower                                                                     NA
near_upper                                                                31
terrain                                                                  239
upper                                                                     NA
           transcribed logbook rows reach none of these frames
lower                                                       52
near_upper                                                  NA
terrain                                                     NA
upper                                                       NA
           transcribed logbook rows reach none of these frames; nominal scale still applies
lower                                                                                    NA
near_upper                                                                                4
terrain                                                                                  55
upper                                                                                    NA
       tail film_roll flying_height focal_length scale_n    factor
      lower    bc5224          1082          153   15840   1.00000
      lower    bc5449           609          153   15000   1.00000
      lower    bc5536           731          153   12000   1.00000
      lower    bc5651           701          153   31680  10.00000
      lower    bc5655          1158          153   75062   1.00000
      lower    bc5697           457          153    6000   1.00000
      lower    bc7280            60          305   16000 100.00000
      lower    bc7584           609          305   20000  10.00000
      lower    bc7675           609          305   16000  10.00000
      lower    bc7692          4511          305   63360   1.00000
      lower   bc77014           853          153   50000  10.00000
      lower    bc7703          1561          305   20000   1.00000
      lower   bc77032           701          610   10000  10.00000
      lower    bc7717          1676          305   12500   1.00000
      lower    bc7717          1829          305   12500   1.00000
      lower   bc78105          1295          153   20000   1.00000
      lower   bc78151          1295          153   20000   1.00000
      lower    bc7835           640          305   20000  10.00000
      lower   bc79122           640          305   20000  10.00000
      lower   bc81013           823          153   40000  10.00000
      lower   bc81027           732          153   40000  10.00000
      lower   bc85036           686          305   15000  10.00000
      lower   bc87070           396          153   23000  10.00000
      lower   bc88054           655          305   15000  10.00000
      lower    bcc822           701          305   15000  10.00000
 near_upper    bc5138          5486          153   16000   1.00000
 near_upper    bc5494          6400          153   16000   1.00000
 near_upper    bc5507          4267          153   12000   1.00000
 near_upper    bc5508          6553          153   16000   1.00000
 near_upper    bc5509          6553          153   16000   1.00000
 near_upper    bc5510          6553          153   16000   1.00000
 near_upper    bc5642          1859          153    6000   1.00000
 near_upper    bc5644          1859          153    6000   1.00000
 near_upper    bc5645          1859          153    6000   1.00000
 near_upper    bc5648          1859          153    6000   1.00000
 near_upper    bc5650          1859          153    6000   1.00000
 near_upper    bc5665          4115          153   12000   1.00000
 near_upper    bc5689          1859          153    6000   1.00000
 near_upper    bc5699          1875          153    6000   1.00000
 near_upper    bc5701          1875          153    6000   1.00000
 near_upper    bc5702          1875          153    6000   1.00000
 near_upper    bc5709          3024          153    7920   1.00000
 near_upper    bc7692          4450          305    7200   1.00000
 near_upper   bc78110          1554          153    5000   1.00000
 near_upper   bc79039           777          153    2000   1.00000
 near_upper   bc79141          8230          153   25000   1.00000
 near_upper   bc85079          6401          305   10000   1.00000
 near_upper   bc85080          6401          305   10000   1.00000
 near_upper   bc85081          6401          305   10000   1.00000
 near_upper      bci9          5944          305    8000   1.00000
    terrain    bc5059          1981          153   12000   1.00000
    terrain    bc5060          2042          153   12000   1.00000
    terrain    bc5120          1920          153   10000   1.00000
    terrain    bc5120          2347          153   10000   1.00000
    terrain    bc5121          1676          153   10000   1.00000
    terrain    bc5121          1737          153   10000   1.00000
    terrain    bc5121          1768          153   10000   1.00000
    terrain    bc5225           914          153    6000   1.00000
    terrain    bc5226          1859          153   12000   1.00000
    terrain    bc5285          2438          153   15000   1.00000
    terrain    bc5295          1676          153   12000   1.00000
    terrain    bc5295          2225          153   12000   1.00000
    terrain    bc5295          2286          153   12000   1.00000
    terrain    bc5295          2499          153   12000   1.00000
    terrain    bc5295          2591          153   12000   1.00000
    terrain    bc5312          3353          153   30000   1.00000
    terrain    bc5313          1981          153   10000   1.00000
    terrain    bc5320          1890          153   12000   1.00000
    terrain    bc5321          1981          153   12000   1.00000
    terrain    bc5322          1981          153   12000   1.00000
    terrain    bc5353          6096          153   45000   1.00000
    terrain    bc5544          1981          153   12000   1.00000
    terrain    bc5544          2773          153   12000   1.00000
    terrain    bc5561          2316          153   12000   1.00000
    terrain    bc5563          1920          153   12000   1.00000
    terrain    bc5583          1226          153    8000   1.00000
    terrain    bc5595          1249          153   12000   1.00000
    terrain    bc5595          1463          153   12000   1.00000
    terrain    bc5595          2651          153   16000   1.00000
    terrain    bc5598          2255          153   12000   1.00000
    terrain    bc5601          1828          153   12000   1.00000
    terrain    bc5602          2743          153   16000   1.00000
    terrain    bc5602          2865          153   16000   1.00000
    terrain    bc5602          2895          153   16000   1.00000
    terrain    bc5635          1463          153   10000   1.00000
    terrain    bc5635          1524          153   10000   1.00000
    terrain    bc5689          1524          153    8000   1.00000
    terrain    bc7211          3505          305   10000   1.00000
    terrain    bc7603          2712          305   12000   1.00000
    terrain   bc77046          1615          153   10000   1.00000
    terrain   bc77110          2835          153   12000   1.00000
    terrain   bc78016          3200          153   20000   1.00000
    terrain   bc78022          3658          153   20000   1.00000
    terrain   bc78059          3810          305   12000   1.00000
    terrain   bc78104          2438          153   20000   1.00000
    terrain   bc78155          1433          153   12000   1.00000
    terrain   bc79024          2286          153   15000   1.00000
    terrain   bc79164          2256          153   10000   1.00000
    terrain   bc80051          3505          153   20000   1.00000
    terrain   bc81001          1981          153   10000   1.00000
    terrain   bc81024          2012          153   10000   1.00000
    terrain   bc81052          2438          153   10000   1.00000
    terrain   bc81120          3536          153   20000   1.00000
    terrain   bc88081          4267          153   23000   1.00000
    terrain   bc89026          4054          153   23000   1.00000
    terrain   bc89083          1524          153   10000   1.00000
    terrain   bc89083          2134          153   10000   1.00000
    terrain  bcb90017          2438          153   16000   1.00000
    terrain  bcb90115          2438          153   16000   1.00000
    terrain    bcc217          1859          305    5000   1.00000
    terrain    bcc544          1768          305    8000   1.00000
    terrain     bci12          3682          305   15840   1.00000
      upper    bc5596         26212          153   12000   0.10000
      upper   bc78065          4115          153    2000   0.10000
      upper   bc78078          9449          153    6000   0.10000
      upper   bc79103         21946          153   10000   0.10000
      upper  bcb98013         97924          153   40000   0.08092
      upper  bcc00085         54860          305   15000   0.10000
      upper  bcc00085         56390          305   15000   0.10000
      upper  bcc00085         57910          305   15000   0.10000
                      cause witness logbook_ft sibling_frame height_m
                scale_wrong logbook       3550            NA   1082.0
                scale_wrong logbook       2000            NA    609.6
                scale_wrong logbook       2400            NA    731.5
       height_digit_dropped logbook      23000            NA   7010.4
                scale_wrong logbook       3800            NA   1158.2
                scale_wrong logbook       1500            NA    457.2
  height_two_digits_dropped logbook      20000            NA   6096.0
       height_digit_dropped logbook      20000            NA   6096.0
       height_digit_dropped sibling         NA           214   6096.0
                scale_wrong logbook      14800            NA   4511.0
       height_digit_dropped logbook      28000            NA   8534.4
                scale_wrong logbook       5120            NA   1560.6
       height_digit_dropped logbook      23000            NA   7010.4
                scale_wrong logbook       5500            NA   1676.4
                scale_wrong logbook       6000            NA   1828.8
                scale_wrong logbook       4250            NA   1295.4
                scale_wrong logbook       4250            NA   1295.4
       height_digit_dropped logbook      21000            NA   6400.8
       height_digit_dropped logbook      21000            NA   6400.8
       height_digit_dropped logbook      27000            NA   8229.6
       height_digit_dropped logbook      24000            NA   7315.2
       height_digit_dropped logbook      22500            NA   6858.0
       height_digit_dropped sibling         NA           203   3962.0
       height_digit_dropped logbook      21500            NA   6553.2
       height_digit_dropped sibling         NA           119   7010.0
                scale_wrong logbook      18000            NA   5486.4
                scale_wrong logbook      21000            NA   6400.8
                scale_wrong logbook      14000            NA   4267.2
                scale_wrong logbook      21500            NA   6553.2
                scale_wrong logbook      21500            NA   6553.2
                scale_wrong logbook      21500            NA   6553.2
                scale_wrong logbook       6100            NA   1859.3
                scale_wrong logbook       6100            NA   1859.3
                scale_wrong logbook       6100            NA   1859.3
                scale_wrong logbook       6100            NA   1859.3
                scale_wrong logbook       6100            NA   1859.3
                scale_wrong logbook      13500            NA   4114.8
                scale_wrong logbook       6100            NA   1859.3
                scale_wrong logbook       6150            NA   1874.5
                scale_wrong logbook       6150            NA   1874.5
                scale_wrong logbook       6150            NA   1874.5
                scale_wrong logbook       9920            NA   3023.6
                scale_wrong logbook      14600            NA   4450.1
                scale_wrong logbook       5100            NA   1554.5
                scale_wrong logbook       2550            NA    777.2
                scale_wrong logbook      27000            NA   8229.6
                scale_wrong logbook      21000            NA   6400.8
                scale_wrong logbook      21000            NA   6400.8
                scale_wrong logbook      21000            NA   6400.8
                scale_wrong logbook      19500            NA   5943.6
                scale_wrong logbook       6500            NA   1981.2
                scale_wrong logbook       6700            NA   2042.2
                scale_wrong logbook       6300            NA   1920.2
                scale_wrong logbook       7700            NA   2347.0
                scale_wrong logbook       5500            NA   1676.4
                scale_wrong logbook       5700            NA   1737.4
                scale_wrong logbook       5800            NA   1767.8
                scale_wrong logbook       3000            NA    914.4
                scale_wrong logbook       6100            NA   1859.3
                scale_wrong logbook       8000            NA   2438.4
                scale_wrong logbook       5500            NA   1676.4
                scale_wrong logbook       7300            NA   2225.0
                scale_wrong logbook       7500            NA   2286.0
                scale_wrong logbook       8200            NA   2499.4
                scale_wrong logbook       8500            NA   2590.8
                scale_wrong logbook      11000            NA   3352.8
                scale_wrong logbook       6500            NA   1981.2
                scale_wrong logbook       6200            NA   1889.8
                scale_wrong logbook       6500            NA   1981.2
                scale_wrong logbook       6500            NA   1981.2
                scale_wrong logbook      20000            NA   6096.0
                scale_wrong logbook       6500            NA   1981.2
                scale_wrong logbook       9100            NA   2773.7
                scale_wrong logbook       7600            NA   2316.5
                scale_wrong logbook       6300            NA   1920.2
                scale_wrong logbook       4025            NA   1226.8
                scale_wrong logbook       4100            NA   1249.7
                scale_wrong logbook       4800            NA   1463.0
                scale_wrong logbook       8700            NA   2651.8
                scale_wrong logbook       7400            NA   2255.5
                scale_wrong logbook       6000            NA   1828.8
                scale_wrong logbook       9000            NA   2743.2
                scale_wrong logbook       9400            NA   2865.1
                scale_wrong logbook       9500            NA   2895.6
                scale_wrong logbook       4800            NA   1463.0
                scale_wrong logbook       5000            NA   1524.0
                scale_wrong logbook       5000            NA   1524.0
                scale_wrong logbook      11500            NA   3505.2
                scale_wrong logbook       8900            NA   2712.7
                scale_wrong logbook       5300            NA   1615.4
                scale_wrong logbook       9300            NA   2834.6
                scale_wrong logbook      10500            NA   3200.4
                scale_wrong logbook      12000            NA   3657.6
                scale_wrong logbook      12500            NA   3810.0
                scale_wrong logbook       8000            NA   2438.4
                scale_wrong logbook       4700            NA   1432.6
                scale_wrong logbook       7500            NA   2286.0
                scale_wrong logbook       7400            NA   2255.5
                scale_wrong logbook      11500            NA   3505.2
                scale_wrong logbook       6500            NA   1981.2
                scale_wrong logbook       6600            NA   2011.7
                scale_wrong logbook       8000            NA   2438.4
                scale_wrong logbook      11600            NA   3535.7
                scale_wrong logbook      14000            NA   4267.2
                scale_wrong logbook      13300            NA   4053.8
                scale_wrong logbook       5000            NA   1524.0
                scale_wrong logbook       7000            NA   2133.6
                scale_wrong logbook       8000            NA   2438.4
                scale_wrong logbook       8000            NA   2438.4
                scale_wrong logbook       6100            NA   1859.3
                scale_wrong logbook       5800            NA   1767.8
                scale_wrong logbook      12080            NA   3682.0
     height_decimal_dropped sibling         NA           203   2621.0
     height_decimal_dropped logbook       1350            NA    411.5
     height_decimal_dropped logbook       3100            NA    944.9
     height_decimal_dropped logbook       7200            NA   2194.6
 height_leading_digit_added sibling         NA            51   7924.0
     height_decimal_dropped logbook      18000            NA   5486.4
     height_decimal_dropped logbook      18500            NA   5638.8
     height_decimal_dropped logbook      19000            NA   5791.2
 frames_measured frames_logbook overlap_corrected r_corrected
              46             46             0.614       0.333
               3              3             0.585       0.261
               9              9             0.604       0.384
              41             41             0.640       1.121
               9              9             0.586       0.096
             102            102             0.619       0.487
             101            101             0.652       1.073
             124            124             0.647       0.805
              84             NA             0.616       1.000
              31             31             0.639       0.197
               7              7             0.614       0.887
              10             10             0.618       0.190
              54             54             0.608       0.905
              84             84             0.628       0.409
              43             43             0.656       0.405
              17             17             0.637       0.216
              35             35             0.668       0.220
               8              8             0.629       0.995
             149            149             0.618       1.039
              59             59             0.643       1.176
              18             18             0.631       1.026
              34             34             0.606       1.176
              34             NA             0.597       0.795
              17             17             0.602       1.072
              11             NA             0.613       1.098
               7              7             0.723       2.219
               1              1             0.595       2.050
               1              1             0.618       1.907
              13             13             0.580       2.063
              17             17             0.576       2.153
               3              3             0.589       2.095
               6              6             0.627       2.001
               6              6             0.600       1.912
               2              2             0.613       1.929
               6              6             0.625       2.021
               1              1             0.593       2.025
               1              1             0.668       2.143
               3              3             0.614       1.950
               8              8             0.610       2.025
              15             15             0.602       1.979
               8              8             0.598       2.027
               3              3             0.597       2.043
               1              1             0.628       1.651
               1              1             0.632       1.984
               1              1             0.688       2.527
               4              4             0.682       1.877
               2              2             0.632       1.686
               7              7             0.618       1.815
               3              3             0.581       1.680
              25             25             0.620       2.030
              16             16             0.607       0.573
               6              6             0.633       0.587
              44             44             0.652       0.512
              16             16             0.614       0.590
              37             37             0.604       0.513
              36             36             0.593       0.533
              18             18             0.603       0.543
               7              4             0.562       0.408
               6              6             0.586       0.550
              20             20             0.642       0.579
              20             20             0.660       0.576
              22             22             0.600       0.497
              28             28             0.659       0.524
              26             26             0.613       0.449
              20             20             0.625       0.529
              17             17             0.594       0.473
               3              3             0.627       0.585
              13             13             0.663       0.520
               8              8             0.630       0.555
              21             21             0.576       0.550
              12             12             0.686       0.600
              38             38             0.573       0.446
              28             28             0.618       0.481
              26             26             0.618       0.491
              22             22             0.585       0.453
               4              4             0.602       0.489
              36             36             0.614       0.313
              38             38             0.659       0.388
              28             15             0.686       0.400
              70             70             0.590       0.486
              11             11             0.590       0.483
              32             32             0.637       0.371
              12             12             0.607       0.376
              10             10             0.591       0.384
               8              8             0.656       0.589
              11             11             0.700       0.616
              11             11             0.722       0.592
              16             16             0.719       0.574
              16             16             0.647       0.502
              31             31             0.584       0.528
             119            119             0.619       0.538
              18             18             0.661       0.573
              19             19             0.664       0.564
              48             48             0.763       0.555
             106             97             0.685       0.584
              12             12             0.571       0.517
               9              9             0.572       0.525
               4              4             0.653       0.611
               1              1             0.645       0.609
               7              7             0.599       0.526
               4              4             0.608       0.550
              18             18             0.690       0.541
              96             96             0.666       0.554
               2              2             0.705       0.616
               5              5             0.654       0.599
               4              4             0.571       0.499
               7              7             0.585       0.501
               8              8             0.643       0.569
               8              8             0.636       0.577
               1              1             0.773       0.619
              21             21             0.624       0.601
              14             14             0.620       0.506
               8             NA             0.619       0.957
              24             24             0.594       0.975
              15             15             0.622       0.957
              24             24             0.644       1.031
               1             NA             0.656       1.124
              68             68             0.617       1.026
             127            127             0.617       1.026
              41             41             0.631       1.052
frames the corrections reach in the whole catalogue: 8923 (measured: 2958)
         lower near_upper terrain upper
reach     1130       3252    4233   308
measured  1130        145    1375   308
exit=0
